transaction_id,transaction_date,filed_date,committee_id,candidate,district,entity_id,entity_name,identity_status,is_disclosure_category,book_type,amount_cents,purpose_codes,purpose_group,city,state,source_row
5192660,2025-01-02,2025-01-15,23295,Eli Arnold,4,record:cd3a1679b6dcc6825c248425,White Hat Technology,provisional_record_group,False,Business Entity,24870,General Operational Expenses (need description),General operations,PHOENIX,AZ,2447
5195815,2025-01-02,2025-01-19,23208,Tiffany Koyama Lane,3,disclosure:23208:f88fe8ea980a,Miscellaneous Cash Expenditures $100 and under,disclosure_category,True,Unspecified,6798,,Unspecified code,,,2470
5196039,2025-01-02,2025-01-19,23028,Angelita Morillo,3,disclosure:23028:f88fe8ea980a,Miscellaneous Cash Expenditures $100 and under,disclosure_category,True,Unspecified,6181,,Unspecified code,,,2472
5198916,2025-01-02,2025-01-24,23365,Mitch Green,4,disclosure:23365:f88fe8ea980a,Miscellaneous Cash Expenditures $100 and under,disclosure_category,True,Unspecified,84,,Unspecified code,,,2488
5189721,2025-01-03,2025-01-13,15109,Steve Novick,3,disclosure:15109:f88fe8ea980a,Miscellaneous Cash Expenditures $100 and under,disclosure_category,True,Unspecified,8090,,Unspecified code,,,2240
5195821,2025-01-05,2025-01-19,23208,Tiffany Koyama Lane,3,disclosure:23208:f88fe8ea980a,Miscellaneous Cash Expenditures $100 and under,disclosure_category,True,Unspecified,381,,Unspecified code,,,2135
5196041,2025-01-05,2025-01-19,23028,Angelita Morillo,3,disclosure:23028:f88fe8ea980a,Miscellaneous Cash Expenditures $100 and under,disclosure_category,True,Unspecified,247,,Unspecified code,,,2136
5198919,2025-01-06,2025-01-24,23365,Mitch Green,4,disclosure:23365:f88fe8ea980a,Miscellaneous Cash Expenditures $100 and under,disclosure_category,True,Unspecified,4920,,Unspecified code,,,2097
5195816,2025-01-07,2025-01-19,23208,Tiffany Koyama Lane,3,disclosure:23208:f88fe8ea980a,Miscellaneous Cash Expenditures $100 and under,disclosure_category,True,Unspecified,250,,Unspecified code,,,1868
5195822,2025-01-07,2025-01-19,23208,Tiffany Koyama Lane,3,record:0d8fa92965681b9554e4aac9,Meadowlark Bookkeeping,provisional_record_group,False,Business Entity,102217,,Unspecified code,PORTLAND,OR,1869
5196028,2025-01-07,2025-01-19,23028,Angelita Morillo,3,record:7e730c330a08ae1587dd5c98,Meadowlark Bookkeeping,provisional_record_group,False,Business Entity,39641,,Unspecified code,PORTLAND,OR,1870
5199267,2025-01-07,2025-01-26,23208,Tiffany Koyama Lane,3,record:92de0133941ed4ab3fde885d,Chinese American Citizens Alliance Portland,provisional_record_group,False,Business Entity,24000,,Unspecified code,PORTLAND,OR,1890
5213681,2025-01-07,2025-02-08,23411,Jeremy Beausoleil Smith,4,disclosure:23411:f88fe8ea980a,Miscellaneous Cash Expenditures $100 and under,disclosure_category,True,Unspecified,1995,,Unspecified code,,,1921
5198921,2025-01-08,2025-01-24,23365,Mitch Green,4,disclosure:23365:f88fe8ea980a,Miscellaneous Cash Expenditures $100 and under,disclosure_category,True,Unspecified,203,,Unspecified code,,,1720
5195827,2025-01-12,2025-01-19,23208,Tiffany Koyama Lane,3,disclosure:23208:f88fe8ea980a,Miscellaneous Cash Expenditures $100 and under,disclosure_category,True,Unspecified,258,,Unspecified code,,,1223
5196043,2025-01-12,2025-01-19,23028,Angelita Morillo,3,disclosure:23028:f88fe8ea980a,Miscellaneous Cash Expenditures $100 and under,disclosure_category,True,Unspecified,40,,Unspecified code,,,1224
5198923,2025-01-12,2025-01-24,23365,Mitch Green,4,disclosure:23365:f88fe8ea980a,Miscellaneous Cash Expenditures $100 and under,disclosure_category,True,Unspecified,79,,Unspecified code,,,1236
5189675,2025-01-13,2025-01-13,15109,Steve Novick,3,record:27ff7b34abf52689b113eefa,Steven Novick,provisional_record_group,False,Individual,27600,Reimbursement for Personal Expenditures,Personal-expense reimbursement,PORTLAND,OR,1103
5195828,2025-01-13,2025-01-19,23208,Tiffany Koyama Lane,3,disclosure:23208:f88fe8ea980a,Miscellaneous Cash Expenditures $100 and under,disclosure_category,True,Unspecified,960,,Unspecified code,,,1142
5194433,2025-01-14,2025-01-16,15109,Steve Novick,3,record:1bb2be352bf803425cd21309,C&E Systems,provisional_record_group,False,Business Entity,11666,Management Services,Management services,PORTLAND,OR,907
5195829,2025-01-14,2025-01-19,23208,Tiffany Koyama Lane,3,disclosure:23208:f88fe8ea980a,Miscellaneous Cash Expenditures $100 and under,disclosure_category,True,Unspecified,2400,,Unspecified code,,,925
5196029,2025-01-14,2025-01-19,23028,Angelita Morillo,3,record:6e1644ed463471fe1dd0842a,Mailchimp,provisional_record_group,False,Business Entity,11000,,Unspecified code,ATLANTA,GA,926
5198864,2025-01-14,2025-01-24,23365,Mitch Green,4,record:1bb2be352bf803425cd21309,C&E Systems,provisional_record_group,False,Business Entity,36500,Management Services,Management services,PORTLAND,OR,983
5213547,2025-01-14,2025-02-07,23199,Olivia Clark,4,disclosure:23199:f88fe8ea980a,Miscellaneous Cash Expenditures $100 and under,disclosure_category,True,Unspecified,5816,,Unspecified code,,,1038
5199265,2025-01-19,2025-01-26,23028,Angelita Morillo,3,disclosure:23028:f88fe8ea980a,Miscellaneous Cash Expenditures $100 and under,disclosure_category,True,Unspecified,119,,Unspecified code,,,555
5199277,2025-01-19,2025-01-26,23208,Tiffany Koyama Lane,3,disclosure:23208:f88fe8ea980a,Miscellaneous Cash Expenditures $100 and under,disclosure_category,True,Unspecified,24,,Unspecified code,,,556
5198869,2025-01-21,2025-01-24,23365,Mitch Green,4,record:87ec2487b471525894864e3e,ADP,provisional_record_group,False,Business Entity,15820,"Wages, Salaries, Benefits","Wages, salaries, benefits",EL PASO,TX,377
5199273,2025-01-21,2025-01-26,23208,Tiffany Koyama Lane,3,disclosure:23208:f88fe8ea980a,Miscellaneous Cash Expenditures $100 and under,disclosure_category,True,Unspecified,5360,,Unspecified code,,,381
5213458,2025-01-21,2025-02-07,23199,Olivia Clark,4,record:ab39bda6ec395105d613000b,Northwest Examiner,provisional_record_group,False,Business Entity,55000,Newspaper and Other Periodical Advertising,Print-media advertising,PORTLAND,OR,467
5204888,2025-01-22,2025-01-31,17629,Eric Zimmerman,4,disclosure:17629:f88fe8ea980a,Miscellaneous Cash Expenditures $100 and under,disclosure_category,True,Unspecified,35,,Unspecified code,,,237
5213549,2025-01-22,2025-02-07,23199,Olivia Clark,4,disclosure:23199:f88fe8ea980a,Miscellaneous Cash Expenditures $100 and under,disclosure_category,True,Unspecified,1785,,Unspecified code,,,263
5219621,2025-01-22,2025-02-20,15109,Steve Novick,3,disclosure:15109:f88fe8ea980a,Miscellaneous Cash Expenditures $100 and under,disclosure_category,True,Unspecified,105,,Unspecified code,,,283
5198925,2025-01-23,2025-01-24,23365,Mitch Green,4,disclosure:23365:f88fe8ea980a,Miscellaneous Cash Expenditures $100 and under,disclosure_category,True,Unspecified,178,,Unspecified code,,,117
5199278,2025-01-23,2025-01-26,23208,Tiffany Koyama Lane,3,disclosure:23208:f88fe8ea980a,Miscellaneous Cash Expenditures $100 and under,disclosure_category,True,Unspecified,3000,,Unspecified code,,,123
5219595,2025-01-23,2025-02-20,15109,Steve Novick,3,record:06ba41b693c7c2f27a916c7b,ADP EasyPay,provisional_record_group,False,Business Entity,4882,"Wages, Salaries, Benefits","Wages, salaries, benefits",BUENA PARK,CA,169
5199279,2025-01-24,2025-01-26,23208,Tiffany Koyama Lane,3,disclosure:23208:f88fe8ea980a,Miscellaneous Cash Expenditures $100 and under,disclosure_category,True,Unspecified,1679,,Unspecified code,,,41
5205462,2025-01-26,2025-02-02,23208,Tiffany Koyama Lane,3,disclosure:23208:f88fe8ea980a,Miscellaneous Cash Expenditures $100 and under,disclosure_category,True,Unspecified,205,,Unspecified code,,,10167
5205483,2025-01-26,2025-02-02,23028,Angelita Morillo,3,disclosure:23028:f88fe8ea980a,Miscellaneous Cash Expenditures $100 and under,disclosure_category,True,Unspecified,139,,Unspecified code,,,10168
5205470,2025-01-27,2025-02-02,23208,Tiffany Koyama Lane,3,disclosure:23208:f88fe8ea980a,Miscellaneous Cash Expenditures $100 and under,disclosure_category,True,Unspecified,7763,,Unspecified code,,,10106
5204381,2025-01-29,2025-01-31,23365,Mitch Green,4,disclosure:23365:f88fe8ea980a,Miscellaneous Cash Expenditures $100 and under,disclosure_category,True,Unspecified,205,,Unspecified code,,,9937
5205467,2025-01-29,2025-02-02,23208,Tiffany Koyama Lane,3,record:6c148060f679106cff0f6a8c,LYFT,provisional_record_group,False,Business Entity,2049,,Unspecified code,SAN FRANCISCO,CA,9944
5205471,2025-01-29,2025-02-02,23208,Tiffany Koyama Lane,3,disclosure:23208:f88fe8ea980a,Miscellaneous Cash Expenditures $100 and under,disclosure_category,True,Unspecified,3000,,Unspecified code,,,9945
5205472,2025-01-30,2025-02-02,23208,Tiffany Koyama Lane,3,disclosure:23208:f88fe8ea980a,Miscellaneous Cash Expenditures $100 and under,disclosure_category,True,Unspecified,1158,,Unspecified code,,,9871
5205473,2025-01-31,2025-02-02,23208,Tiffany Koyama Lane,3,disclosure:23208:f88fe8ea980a,Miscellaneous Cash Expenditures $100 and under,disclosure_category,True,Unspecified,3500,,Unspecified code,,,9710
5213768,2025-01-31,2025-02-10,23208,Tiffany Koyama Lane,3,record:0d8fa92965681b9554e4aac9,Meadowlark Bookkeeping,provisional_record_group,False,Business Entity,49000,,Unspecified code,PORTLAND,OR,9753
5213770,2025-01-31,2025-02-10,23028,Angelita Morillo,3,record:7e730c330a08ae1587dd5c98,Meadowlark Bookkeeping,provisional_record_group,False,Business Entity,28000,,Unspecified code,PORTLAND,OR,9755
5223601,2025-01-31,2025-02-28,23365,Mitch Green,4,record:87ec2487b471525894864e3e,ADP,provisional_record_group,False,Business Entity,7812,General Operational Expenses (need description),General operations,EL PASO,TX,9818
5213997,2025-02-02,2025-02-10,23208,Tiffany Koyama Lane,3,disclosure:23208:f88fe8ea980a,Miscellaneous Cash Expenditures $100 and under,disclosure_category,True,Unspecified,20,,Unspecified code,,,9632
5214009,2025-02-02,2025-02-10,23028,Angelita Morillo,3,disclosure:23028:f88fe8ea980a,Miscellaneous Cash Expenditures $100 and under,disclosure_category,True,Unspecified,147,,Unspecified code,,,9633
5213992,2025-02-03,2025-02-10,23208,Tiffany Koyama Lane,3,record:e6f1773016cb91b2537d722b,Google,provisional_record_group,False,Business Entity,6480,,Unspecified code,MOUNTAIN VIEW,CA,9511
5213993,2025-02-03,2025-02-10,23208,Tiffany Koyama Lane,3,record:1d8e273197dfd896675b8ad8,Oregon Department of Revenue,provisional_record_group,False,Business Entity,6387,,Unspecified code,SALEM,OR,9512
5213994,2025-02-03,2025-02-10,23208,Tiffany Koyama Lane,3,record:1d8e273197dfd896675b8ad8,Oregon Department of Revenue,provisional_record_group,False,Business Entity,33268,,Unspecified code,SALEM,OR,9513
5213995,2025-02-03,2025-02-10,23208,Tiffany Koyama Lane,3,record:c0792481a28ea241f99dd457,Internal Revenue Service,provisional_record_group,False,Other,204360,,Unspecified code,KANSAS CITY,MO,9514
5214006,2025-02-03,2025-02-10,23028,Angelita Morillo,3,record:5889c36455f4dc0ac34a9434,Google ,provisional_record_group,False,Business Entity,3600,,Unspecified code,MT. VIEW,CA,9515
5214007,2025-02-03,2025-02-10,23028,Angelita Morillo,3,record:5889c36455f4dc0ac34a9434,Google ,provisional_record_group,False,Business Entity,2594,,Unspecified code,MT. VIEW,CA,9516
5223643,2025-02-05,2025-02-28,23365,Mitch Green,4,disclosure:23365:f88fe8ea980a,Miscellaneous Cash Expenditures $100 and under,disclosure_category,True,Unspecified,139,,Unspecified code,,,9346
5213999,2025-02-07,2025-02-10,23208,Tiffany Koyama Lane,3,disclosure:23208:f88fe8ea980a,Miscellaneous Cash Expenditures $100 and under,disclosure_category,True,Unspecified,250,,Unspecified code,,,9099
5214001,2025-02-09,2025-02-10,23208,Tiffany Koyama Lane,3,disclosure:23208:f88fe8ea980a,Miscellaneous Cash Expenditures $100 and under,disclosure_category,True,Unspecified,253,,Unspecified code,,,9003
5214011,2025-02-09,2025-02-10,23028,Angelita Morillo,3,disclosure:23028:f88fe8ea980a,Miscellaneous Cash Expenditures $100 and under,disclosure_category,True,Unspecified,111,,Unspecified code,,,9004
5220908,2025-02-10,2025-02-24,23208,Tiffany Koyama Lane,3,disclosure:23208:f88fe8ea980a,Miscellaneous Cash Expenditures $100 and under,disclosure_category,True,Unspecified,720,,Unspecified code,,,8958
5219599,2025-02-12,2025-02-20,15109,Steve Novick,3,record:1bb2be352bf803425cd21309,C&E Systems,provisional_record_group,False,Business Entity,14666,Management Services,Management services,PORTLAND,OR,8544
5220910,2025-02-12,2025-02-24,23208,Tiffany Koyama Lane,3,disclosure:23208:f88fe8ea980a,Miscellaneous Cash Expenditures $100 and under,disclosure_category,True,Unspecified,2600,,Unspecified code,,,8579
5223597,2025-02-12,2025-02-28,23365,Mitch Green,4,record:1bb2be352bf803425cd21309,C&E Systems,provisional_record_group,False,Business Entity,42500,Management Services,Management services,PORTLAND,OR,8630
5223646,2025-02-12,2025-02-28,23365,Mitch Green,4,disclosure:23365:f88fe8ea980a,Miscellaneous Cash Expenditures $100 and under,disclosure_category,True,Unspecified,747,,Unspecified code,,,8632
5236188,2025-02-12,2025-03-13,23295,Eli Arnold,4,disclosure:23295:f88fe8ea980a,Miscellaneous Cash Expenditures $100 and under,disclosure_category,True,Unspecified,4583,,Unspecified code,,,8684
5239831,2025-02-12,2025-03-14,23199,Olivia Clark,4,record:1bb2be352bf803425cd21309,C&E Systems,provisional_record_group,False,Business Entity,13000,Management Services,Management services,PORTLAND,OR,8730
5242119,2025-02-12,2025-03-17,17629,Eric Zimmerman,4,disclosure:17629:f88fe8ea980a,Miscellaneous Cash Expenditures $100 and under,disclosure_category,True,Unspecified,7000,,Unspecified code,,,8779
5220911,2025-02-13,2025-02-24,23208,Tiffany Koyama Lane,3,record:6c148060f679106cff0f6a8c,LYFT,provisional_record_group,False,Business Entity,3352,,Unspecified code,SAN FRANCISCO,CA,8423
5220918,2025-02-14,2025-02-24,23028,Angelita Morillo,3,record:6e1644ed463471fe1dd0842a,Mailchimp,provisional_record_group,False,Business Entity,11000,,Unspecified code,ATLANTA,GA,8369
5218437,2025-02-16,2025-02-17,23208,Tiffany Koyama Lane,3,disclosure:23208:f88fe8ea980a,Miscellaneous Cash Expenditures $100 and under,disclosure_category,True,Unspecified,112,,Unspecified code,,,8251
5218453,2025-02-16,2025-02-17,23028,Angelita Morillo,3,disclosure:23028:f88fe8ea980a,Miscellaneous Cash Expenditures $100 and under,disclosure_category,True,Unspecified,127,,Unspecified code,,,8252
5220915,2025-02-18,2025-02-24,23208,Tiffany Koyama Lane,3,disclosure:23208:f88fe8ea980a,Miscellaneous Cash Expenditures $100 and under,disclosure_category,True,Unspecified,4740,,Unspecified code,,,8112
5220916,2025-02-20,2025-02-24,23208,Tiffany Koyama Lane,3,disclosure:23208:f88fe8ea980a,Miscellaneous Cash Expenditures $100 and under,disclosure_category,True,Unspecified,540,,Unspecified code,,,12241
5223648,2025-02-20,2025-02-28,23365,Mitch Green,4,disclosure:23365:f88fe8ea980a,Miscellaneous Cash Expenditures $100 and under,disclosure_category,True,Unspecified,8,,Unspecified code,,,12271
5220917,2025-02-21,2025-02-24,23208,Tiffany Koyama Lane,3,disclosure:23208:f88fe8ea980a,Miscellaneous Cash Expenditures $100 and under,disclosure_category,True,Unspecified,2400,,Unspecified code,,,12155
5220900,2025-02-23,2025-02-24,23208,Tiffany Koyama Lane,3,disclosure:23208:f88fe8ea980a,Miscellaneous Cash Expenditures $100 and under,disclosure_category,True,Unspecified,99,,Unspecified code,,,12082
5220905,2025-02-23,2025-02-24,23028,Angelita Morillo,3,disclosure:23028:f88fe8ea980a,Miscellaneous Cash Expenditures $100 and under,disclosure_category,True,Unspecified,139,,Unspecified code,,,12083
5224788,2025-02-24,2025-03-03,23208,Tiffany Koyama Lane,3,record:6c148060f679106cff0f6a8c,LYFT,provisional_record_group,False,Business Entity,3454,,Unspecified code,SAN FRANCISCO,CA,12013
5224789,2025-02-24,2025-03-03,23208,Tiffany Koyama Lane,3,disclosure:23208:f88fe8ea980a,Miscellaneous Cash Expenditures $100 and under,disclosure_category,True,Unspecified,5000,,Unspecified code,,,12014
5224791,2025-02-24,2025-03-03,23028,Angelita Morillo,3,disclosure:23028:f88fe8ea980a,Miscellaneous Cash Expenditures $100 and under,disclosure_category,True,Unspecified,2214,,Unspecified code,,,12015
5223650,2025-02-26,2025-02-28,23365,Mitch Green,4,disclosure:23365:f88fe8ea980a,Miscellaneous Cash Expenditures $100 and under,disclosure_category,True,Unspecified,277,,Unspecified code,,,11821
5224770,2025-03-02,2025-03-03,23208,Tiffany Koyama Lane,3,disclosure:23208:f88fe8ea980a,Miscellaneous Cash Expenditures $100 and under,disclosure_category,True,Unspecified,60,,Unspecified code,,,11498
5224779,2025-03-02,2025-03-03,23028,Angelita Morillo,3,disclosure:23028:f88fe8ea980a,Miscellaneous Cash Expenditures $100 and under,disclosure_category,True,Unspecified,88,,Unspecified code,,,11499
5230402,2025-03-03,2025-03-10,23028,Angelita Morillo,3,record:5889c36455f4dc0ac34a9434,Google ,provisional_record_group,False,Business Entity,2594,,Unspecified code,MT. VIEW,CA,11373
5230408,2025-03-03,2025-03-10,23028,Angelita Morillo,3,record:5889c36455f4dc0ac34a9434,Google ,provisional_record_group,False,Business Entity,3600,,Unspecified code,MT. VIEW,CA,11374
5230523,2025-03-03,2025-03-10,23208,Tiffany Koyama Lane,3,record:e6f1773016cb91b2537d722b,Google,provisional_record_group,False,Business Entity,6480,,Unspecified code,MOUNTAIN VIEW,CA,11375
5230530,2025-03-03,2025-03-10,23208,Tiffany Koyama Lane,3,disclosure:23208:f88fe8ea980a,Miscellaneous Cash Expenditures $100 and under,disclosure_category,True,Unspecified,1436,,Unspecified code,,,11376
5239841,2025-03-04,2025-03-14,23199,Olivia Clark,4,disclosure:23199:f88fe8ea980a,Miscellaneous Cash Expenditures $100 and under,disclosure_category,True,Unspecified,70,,Unspecified code,,,11237
5245200,2025-03-05,2025-03-24,23365,Mitch Green,4,disclosure:23365:f88fe8ea980a,Miscellaneous Cash Expenditures $100 and under,disclosure_category,True,Unspecified,179,,Unspecified code,,,11138
5230541,2025-03-07,2025-03-10,23208,Tiffany Koyama Lane,3,record:6c148060f679106cff0f6a8c,LYFT,provisional_record_group,False,Business Entity,1681,,Unspecified code,SAN FRANCISCO,CA,10813
5230547,2025-03-07,2025-03-10,23208,Tiffany Koyama Lane,3,disclosure:23208:f88fe8ea980a,Miscellaneous Cash Expenditures $100 and under,disclosure_category,True,Unspecified,250,,Unspecified code,,,10814
5230286,2025-03-09,2025-03-10,23208,Tiffany Koyama Lane,3,disclosure:23208:f88fe8ea980a,Miscellaneous Cash Expenditures $100 and under,disclosure_category,True,Unspecified,194,,Unspecified code,,,10713
5230320,2025-03-09,2025-03-10,23028,Angelita Morillo,3,disclosure:23028:f88fe8ea980a,Miscellaneous Cash Expenditures $100 and under,disclosure_category,True,Unspecified,96,,Unspecified code,,,10714
5245202,2025-03-12,2025-03-24,23365,Mitch Green,4,disclosure:23365:f88fe8ea980a,Miscellaneous Cash Expenditures $100 and under,disclosure_category,True,Unspecified,95,,Unspecified code,,,10472
5243098,2025-03-14,2025-03-19,23028,Angelita Morillo,3,record:6e1644ed463471fe1dd0842a,Mailchimp,provisional_record_group,False,Business Entity,11000,,Unspecified code,ATLANTA,GA,10281
5259566,2025-03-14,2025-03-28,15109,Steve Novick,3,disclosure:15109:f88fe8ea980a,Miscellaneous Cash Expenditures $100 and under,disclosure_category,True,Unspecified,70,,Unspecified code,,,10313
5243087,2025-03-16,2025-03-19,23208,Tiffany Koyama Lane,3,disclosure:23208:f88fe8ea980a,Miscellaneous Cash Expenditures $100 and under,disclosure_category,True,Unspecified,112,,Unspecified code,,,10199
5243094,2025-03-16,2025-03-19,23028,Angelita Morillo,3,disclosure:23028:f88fe8ea980a,Miscellaneous Cash Expenditures $100 and under,disclosure_category,True,Unspecified,127,,Unspecified code,,,10200
5243096,2025-03-17,2025-03-19,23208,Tiffany Koyama Lane,3,record:6c148060f679106cff0f6a8c,LYFT,provisional_record_group,False,Business Entity,5519,,Unspecified code,SAN FRANCISCO,CA,15037
5243097,2025-03-18,2025-03-19,23208,Tiffany Koyama Lane,3,record:6c148060f679106cff0f6a8c,LYFT,provisional_record_group,False,Business Entity,1946,,Unspecified code,SAN FRANCISCO,CA,14916
5245205,2025-03-19,2025-03-24,23365,Mitch Green,4,disclosure:23365:f88fe8ea980a,Miscellaneous Cash Expenditures $100 and under,disclosure_category,True,Unspecified,8,,Unspecified code,,,14850
5254055,2025-03-19,2025-03-26,23208,Tiffany Koyama Lane,3,record:6c148060f679106cff0f6a8c,LYFT,provisional_record_group,False,Business Entity,1576,,Unspecified code,SAN FRANCISCO,CA,14854
5245059,2025-03-20,2025-03-24,23365,Mitch Green,4,record:1bb2be352bf803425cd21309,C&E Systems,provisional_record_group,False,Business Entity,19500,Management Services,Management services,PORTLAND,OR,14630
5259498,2025-03-20,2025-03-28,15109,Steve Novick,3,record:1bb2be352bf803425cd21309,C&E Systems,provisional_record_group,False,Business Entity,5500,Management Services,Management services,PORTLAND,OR,14686
5283279,2025-03-20,2025-04-17,23199,Olivia Clark,4,record:1bb2be352bf803425cd21309,C&E Systems,provisional_record_group,False,Business Entity,5500,Management Services,Management services,PORTLAND,OR,14778
5253984,2025-03-23,2025-03-26,23208,Tiffany Koyama Lane,3,disclosure:23208:f88fe8ea980a,Miscellaneous Cash Expenditures $100 and under,disclosure_category,True,Unspecified,99,,Unspecified code,,,14443
5254008,2025-03-23,2025-03-26,23028,Angelita Morillo,3,disclosure:23028:f88fe8ea980a,Miscellaneous Cash Expenditures $100 and under,disclosure_category,True,Unspecified,99,,Unspecified code,,,14444
5254079,2025-03-24,2025-03-26,23208,Tiffany Koyama Lane,3,disclosure:23208:f88fe8ea980a,Miscellaneous Cash Expenditures $100 and under,disclosure_category,True,Unspecified,5000,,Unspecified code,,,14298
5254071,2025-03-26,2025-03-26,23208,Tiffany Koyama Lane,3,record:63db0f1b6f7725b501bd5368,Mailchimp,provisional_record_group,False,Business Entity,23700,,Unspecified code,ATLANTA,GA,14058
5287343,2025-03-26,2025-04-25,23365,Mitch Green,4,disclosure:23365:f88fe8ea980a,Miscellaneous Cash Expenditures $100 and under,disclosure_category,True,Unspecified,198,,Unspecified code,,,14147
5263146,2025-03-28,2025-04-01,23208,Tiffany Koyama Lane,3,record:0d8fa92965681b9554e4aac9,Meadowlark Bookkeeping,provisional_record_group,False,Business Entity,60000,,Unspecified code,PORTLAND,OR,13913
5263159,2025-03-28,2025-04-01,23028,Angelita Morillo,3,record:7e730c330a08ae1587dd5c98,Meadowlark Bookkeeping,provisional_record_group,False,Business Entity,41300,,Unspecified code,PORTLAND,OR,13914
5263137,2025-03-30,2025-04-01,23208,Tiffany Koyama Lane,3,disclosure:23208:f88fe8ea980a,Miscellaneous Cash Expenditures $100 and under,disclosure_category,True,Unspecified,40,,Unspecified code,,,13801
5263142,2025-03-30,2025-04-01,23028,Angelita Morillo,3,disclosure:23028:f88fe8ea980a,Miscellaneous Cash Expenditures $100 and under,disclosure_category,True,Unspecified,20,,Unspecified code,,,13802
5263149,2025-03-31,2025-04-01,23208,Tiffany Koyama Lane,3,disclosure:23208:f88fe8ea980a,Miscellaneous Cash Expenditures $100 and under,disclosure_category,True,Unspecified,900,,Unspecified code,,,13626
5269555,2025-04-01,2025-04-13,23208,Tiffany Koyama Lane,3,record:e6f1773016cb91b2537d722b,Google,provisional_record_group,False,Business Entity,6480,,Unspecified code,MOUNTAIN VIEW,CA,13535
5269567,2025-04-02,2025-04-13,23028,Angelita Morillo,3,record:5889c36455f4dc0ac34a9434,Google ,provisional_record_group,False,Business Entity,2594,,Unspecified code,MT. VIEW,CA,13391
5269568,2025-04-02,2025-04-13,23028,Angelita Morillo,3,record:5889c36455f4dc0ac34a9434,Google ,provisional_record_group,False,Business Entity,3600,,Unspecified code,MT. VIEW,CA,13392
5287346,2025-04-02,2025-04-25,23365,Mitch Green,4,disclosure:23365:f88fe8ea980a,Miscellaneous Cash Expenditures $100 and under,disclosure_category,True,Unspecified,40,,Unspecified code,,,13411
5287351,2025-04-03,2025-04-25,23365,Mitch Green,4,disclosure:23365:f88fe8ea980a,Miscellaneous Cash Expenditures $100 and under,disclosure_category,True,Unspecified,99,,Unspecified code,,,13282
5269557,2025-04-04,2025-04-13,23208,Tiffany Koyama Lane,3,record:6c148060f679106cff0f6a8c,LYFT,provisional_record_group,False,Business Entity,1471,,Unspecified code,SAN FRANCISCO,CA,13047
5269564,2025-04-04,2025-04-13,23208,Tiffany Koyama Lane,3,disclosure:23208:f88fe8ea980a,Miscellaneous Cash Expenditures $100 and under,disclosure_category,True,Unspecified,7540,,Unspecified code,,,13048
5266377,2025-04-06,2025-04-07,23208,Tiffany Koyama Lane,3,disclosure:23208:f88fe8ea980a,Miscellaneous Cash Expenditures $100 and under,disclosure_category,True,Unspecified,99,,Unspecified code,,,12902
5266383,2025-04-06,2025-04-07,23028,Angelita Morillo,3,disclosure:23028:f88fe8ea980a,Miscellaneous Cash Expenditures $100 and under,disclosure_category,True,Unspecified,108,,Unspecified code,,,12903
5269560,2025-04-07,2025-04-13,23208,Tiffany Koyama Lane,3,record:6c148060f679106cff0f6a8c,LYFT,provisional_record_group,False,Business Entity,1453,,Unspecified code,SAN FRANCISCO,CA,12804
5269565,2025-04-07,2025-04-13,23208,Tiffany Koyama Lane,3,disclosure:23208:f88fe8ea980a,Miscellaneous Cash Expenditures $100 and under,disclosure_category,True,Unspecified,3686,,Unspecified code,,,12805
5269566,2025-04-08,2025-04-13,23208,Tiffany Koyama Lane,3,disclosure:23208:f88fe8ea980a,Miscellaneous Cash Expenditures $100 and under,disclosure_category,True,Unspecified,250,,Unspecified code,,,12610
5287356,2025-04-09,2025-04-25,23365,Mitch Green,4,disclosure:23365:f88fe8ea980a,Miscellaneous Cash Expenditures $100 and under,disclosure_category,True,Unspecified,119,,Unspecified code,,,12517
5269563,2025-04-10,2025-04-13,23208,Tiffany Koyama Lane,3,record:6c148060f679106cff0f6a8c,LYFT,provisional_record_group,False,Business Entity,3364,,Unspecified code,SAN FRANCISCO,CA,12344
5283683,2025-04-13,2025-04-17,23208,Tiffany Koyama Lane,3,disclosure:23208:f88fe8ea980a,Miscellaneous Cash Expenditures $100 and under,disclosure_category,True,Unspecified,80,,Unspecified code,,,18005
5283687,2025-04-13,2025-04-17,23028,Angelita Morillo,3,disclosure:23028:f88fe8ea980a,Miscellaneous Cash Expenditures $100 and under,disclosure_category,True,Unspecified,20,,Unspecified code,,,18006
5284053,2025-04-14,2025-04-18,15109,Steve Novick,3,record:1bb2be352bf803425cd21309,C&E Systems,provisional_record_group,False,Business Entity,5500,Management Services,Management services,PORTLAND,OR,17742
5286944,2025-04-14,2025-04-24,23028,Angelita Morillo,3,record:6e1644ed463471fe1dd0842a,Mailchimp,provisional_record_group,False,Business Entity,11000,,Unspecified code,ATLANTA,GA,17803
5287333,2025-04-14,2025-04-25,23365,Mitch Green,4,record:1bb2be352bf803425cd21309,C&E Systems,provisional_record_group,False,Business Entity,19500,Management Services,Management services,PORTLAND,OR,17807
5283302,2025-04-15,2025-04-17,23199,Olivia Clark,4,disclosure:23199:f88fe8ea980a,Miscellaneous Cash Expenditures $100 and under,disclosure_category,True,Unspecified,175,,Unspecified code,,,17491
5286937,2025-04-16,2025-04-24,23208,Tiffany Koyama Lane,3,record:6c148060f679106cff0f6a8c,LYFT,provisional_record_group,False,Business Entity,2721,,Unspecified code,SAN FRANCISCO,CA,17395
5286942,2025-04-18,2025-04-24,23208,Tiffany Koyama Lane,3,disclosure:23208:f88fe8ea980a,Miscellaneous Cash Expenditures $100 and under,disclosure_category,True,Unspecified,1598,,Unspecified code,,,17173
5284621,2025-04-20,2025-04-21,23208,Tiffany Koyama Lane,3,disclosure:23208:f88fe8ea980a,Miscellaneous Cash Expenditures $100 and under,disclosure_category,True,Unspecified,99,,Unspecified code,,,17024
5284625,2025-04-20,2025-04-21,23028,Angelita Morillo,3,disclosure:23028:f88fe8ea980a,Miscellaneous Cash Expenditures $100 and under,disclosure_category,True,Unspecified,99,,Unspecified code,,,17025
5286943,2025-04-21,2025-04-24,23208,Tiffany Koyama Lane,3,disclosure:23208:f88fe8ea980a,Miscellaneous Cash Expenditures $100 and under,disclosure_category,True,Unspecified,1450,,Unspecified code,,,16955
5287359,2025-04-23,2025-04-25,23365,Mitch Green,4,disclosure:23365:f88fe8ea980a,Miscellaneous Cash Expenditures $100 and under,disclosure_category,True,Unspecified,198,,Unspecified code,,,16674
5300386,2025-04-25,2025-05-05,23208,Tiffany Koyama Lane,3,record:6c148060f679106cff0f6a8c,LYFT,provisional_record_group,False,Business Entity,2148,,Unspecified code,SAN FRANCISCO,CA,16473
5288278,2025-04-27,2025-04-28,23208,Tiffany Koyama Lane,3,disclosure:23208:f88fe8ea980a,Miscellaneous Cash Expenditures $100 and under,disclosure_category,True,Unspecified,40,,Unspecified code,,,16318
5288293,2025-04-27,2025-04-28,23028,Angelita Morillo,3,disclosure:23028:f88fe8ea980a,Miscellaneous Cash Expenditures $100 and under,disclosure_category,True,Unspecified,99,,Unspecified code,,,16319
5300389,2025-04-28,2025-05-05,23208,Tiffany Koyama Lane,3,record:6c148060f679106cff0f6a8c,LYFT,provisional_record_group,False,Business Entity,1490,,Unspecified code,SAN FRANCISCO,CA,16260
5304737,2025-04-28,2025-05-07,23028,Angelita Morillo,3,record:7e730c330a08ae1587dd5c98,Meadowlark Bookkeeping,provisional_record_group,False,Business Entity,16000,,Unspecified code,PORTLAND,OR,16282
5300390,2025-04-29,2025-05-05,23208,Tiffany Koyama Lane,3,record:c3040963a337826e88454039,Kashann Kilson,provisional_record_group,False,Individual,5000,,Unspecified code,PORTLAND,OR,16062
5296408,2025-04-30,2025-05-02,23365,Mitch Green,4,disclosure:23365:f88fe8ea980a,Miscellaneous Cash Expenditures $100 and under,disclosure_category,True,Unspecified,40,,Unspecified code,,,15856
5320569,2025-05-01,2025-06-11,23208,Tiffany Koyama Lane,3,record:e6f1773016cb91b2537d722b,Google,provisional_record_group,False,Business Entity,6480,General Operational Expenses (need description),General operations,MOUNTAIN VIEW,CA,15802
5307933,2025-05-02,2025-05-13,23028,Angelita Morillo,3,record:5889c36455f4dc0ac34a9434,Google ,provisional_record_group,False,Business Entity,3600,,Unspecified code,MT. VIEW,CA,15593
5307935,2025-05-02,2025-05-13,23028,Angelita Morillo,3,record:5889c36455f4dc0ac34a9434,Google ,provisional_record_group,False,Business Entity,2596,,Unspecified code,MT. VIEW,CA,15594
5304075,2025-05-04,2025-05-06,23028,Angelita Morillo,3,disclosure:23028:f88fe8ea980a,Miscellaneous Cash Expenditures $100 and under,disclosure_category,True,Unspecified,48,,Unspecified code,,,15370
5318902,2025-05-08,2025-06-05,23199,Olivia Clark,4,record:1bb2be352bf803425cd21309,C&E Systems,provisional_record_group,False,Business Entity,5500,Management Services,Management services,PORTLAND,OR,20579
5318939,2025-05-08,2025-06-05,23365,Mitch Green,4,record:1bb2be352bf803425cd21309,C&E Systems,provisional_record_group,False,Business Entity,19666,Management Services,Management services,PORTLAND,OR,20584
5320578,2025-05-08,2025-06-11,23208,Tiffany Koyama Lane,3,disclosure:23208:f88fe8ea980a,Miscellaneous Cash Expenditures $100 and under,disclosure_category,True,Unspecified,250,,Unspecified code,,,20601
5310117,2025-05-11,2025-05-17,23028,Angelita Morillo,3,disclosure:23028:f88fe8ea980a,Miscellaneous Cash Expenditures $100 and under,disclosure_category,True,Unspecified,80,,Unspecified code,,,20113
5320570,2025-05-12,2025-06-11,23208,Tiffany Koyama Lane,3,record:6c148060f679106cff0f6a8c,LYFT,provisional_record_group,False,Business Entity,6719,Travel Expenses (need description),Travel,SAN FRANCISCO,CA,20068
5320579,2025-05-12,2025-06-11,23208,Tiffany Koyama Lane,3,disclosure:23208:f88fe8ea980a,Miscellaneous Cash Expenditures $100 and under,disclosure_category,True,Unspecified,2220,,Unspecified code,,,20069
5311269,2025-05-14,2025-05-20,23028,Angelita Morillo,3,record:6e1644ed463471fe1dd0842a,Mailchimp,provisional_record_group,False,Business Entity,11000,,Unspecified code,ATLANTA,GA,19640
5313093,2025-05-18,2025-05-25,23028,Angelita Morillo,3,disclosure:23028:f88fe8ea980a,Miscellaneous Cash Expenditures $100 and under,disclosure_category,True,Unspecified,20,,Unspecified code,,,19289
5320571,2025-05-21,2025-06-11,23208,Tiffany Koyama Lane,3,record:6c148060f679106cff0f6a8c,LYFT,provisional_record_group,False,Business Entity,4946,Travel Expenses (need description),Travel,SAN FRANCISCO,CA,18951
5320580,2025-05-21,2025-06-11,23208,Tiffany Koyama Lane,3,disclosure:23208:f88fe8ea980a,Miscellaneous Cash Expenditures $100 and under,disclosure_category,True,Unspecified,3000,,Unspecified code,,,18952
5320581,2025-05-22,2025-06-11,23208,Tiffany Koyama Lane,3,disclosure:23208:f88fe8ea980a,Miscellaneous Cash Expenditures $100 and under,disclosure_category,True,Unspecified,1675,,Unspecified code,,,18827
5317813,2025-05-25,2025-06-02,23028,Angelita Morillo,3,disclosure:23028:f88fe8ea980a,Miscellaneous Cash Expenditures $100 and under,disclosure_category,True,Unspecified,99,,Unspecified code,,,18664
5320562,2025-05-28,2025-06-11,23208,Tiffany Koyama Lane,3,record:c3040963a337826e88454039,Kashann Kilson,provisional_record_group,False,Individual,5000,General Operational Expenses (need description),General operations,PORTLAND,OR,18479
5321962,2025-05-28,2025-06-17,23208,Tiffany Koyama Lane,3,record:f4249ca2a23114d9480a0825,Just Communities,provisional_record_group,False,Other,15000,Cash Contribution,Other reported code,PORTLAND,OR,18482
5317815,2025-06-01,2025-06-02,23028,Angelita Morillo,3,disclosure:23028:f88fe8ea980a,Miscellaneous Cash Expenditures $100 and under,disclosure_category,True,Unspecified,20,,Unspecified code,,,22885
5328766,2025-06-02,2025-06-27,23028,Angelita Morillo,3,record:5889c36455f4dc0ac34a9434,Google ,provisional_record_group,False,Business Entity,3600,,Unspecified code,MT. VIEW,CA,22826
5328772,2025-06-02,2025-06-27,23028,Angelita Morillo,3,record:5889c36455f4dc0ac34a9434,Google ,provisional_record_group,False,Business Entity,2596,,Unspecified code,MT. VIEW,CA,22827
5328777,2025-06-02,2025-06-27,23028,Angelita Morillo,3,disclosure:23028:f88fe8ea980a,Miscellaneous Cash Expenditures $100 and under,disclosure_category,True,Unspecified,7032,,Unspecified code,,,22828
5336297,2025-06-02,2025-07-08,23208,Tiffany Koyama Lane,3,record:e6f1773016cb91b2537d722b,Google,provisional_record_group,False,Business Entity,6480,General Operational Expenses (need description),General operations,MOUNTAIN VIEW,CA,22854
5322228,2025-06-04,2025-06-17,23208,Tiffany Koyama Lane,3,disclosure:23208:f88fe8ea980a,Miscellaneous Cash Expenditures $100 and under,disclosure_category,True,Unspecified,158,,Unspecified code,,,22540
5336296,2025-06-06,2025-07-08,23208,Tiffany Koyama Lane,3,record:6c148060f679106cff0f6a8c,LYFT,provisional_record_group,False,Business Entity,9399,Travel Expenses (need description),Travel,SAN FRANCISCO,CA,22342
5321109,2025-06-08,2025-06-12,23028,Angelita Morillo,3,disclosure:23028:f88fe8ea980a,Miscellaneous Cash Expenditures $100 and under,disclosure_category,True,Unspecified,108,,Unspecified code,,,22233
5336303,2025-06-09,2025-07-08,23208,Tiffany Koyama Lane,3,disclosure:23208:f88fe8ea980a,Miscellaneous Cash Expenditures $100 and under,disclosure_category,True,Unspecified,250,,Unspecified code,,,22213
5337534,2025-06-10,2025-07-10,17629,Eric Zimmerman,4,record:1bb2be352bf803425cd21309,C&E Systems,provisional_record_group,False,Business Entity,5500,Management Services,Management services,PORTLAND,OR,22030
5337859,2025-06-10,2025-07-10,23365,Mitch Green,4,record:1bb2be352bf803425cd21309,C&E Systems,provisional_record_group,False,Business Entity,5500,Management Services,Management services,PORTLAND,OR,22052
5328775,2025-06-13,2025-06-27,23028,Angelita Morillo,3,record:0e8238b085c51dff49c9412e,Squarespace,provisional_record_group,False,Business Entity,27600,,Unspecified code,NEW YORK,NY,21627
5326822,2025-06-15,2025-06-20,23028,Angelita Morillo,3,disclosure:23028:f88fe8ea980a,Miscellaneous Cash Expenditures $100 and under,disclosure_category,True,Unspecified,20,,Unspecified code,,,21513
5328776,2025-06-16,2025-06-27,23028,Angelita Morillo,3,record:6e1644ed463471fe1dd0842a,Mailchimp,provisional_record_group,False,Business Entity,11000,,Unspecified code,ATLANTA,GA,21468
5336304,2025-06-16,2025-07-08,23208,Tiffany Koyama Lane,3,disclosure:23208:f88fe8ea980a,Miscellaneous Cash Expenditures $100 and under,disclosure_category,True,Unspecified,600,,Unspecified code,,,21483
5328783,2025-06-22,2025-06-27,23028,Angelita Morillo,3,disclosure:23028:f88fe8ea980a,Miscellaneous Cash Expenditures $100 and under,disclosure_category,True,Unspecified,99,,Unspecified code,,,21086
5332128,2025-06-29,2025-07-03,23028,Angelita Morillo,3,disclosure:23028:f88fe8ea980a,Miscellaneous Cash Expenditures $100 and under,disclosure_category,True,Unspecified,20,,Unspecified code,,,24907
5336300,2025-06-30,2025-07-08,23208,Tiffany Koyama Lane,3,record:c3040963a337826e88454039,Kashann Kilson,provisional_record_group,False,Individual,5000,General Operational Expenses (need description),General operations,PORTLAND,OR,24802
5332130,2025-07-01,2025-07-03,23028,Angelita Morillo,3,record:5889c36455f4dc0ac34a9434,Google ,provisional_record_group,False,Business Entity,3600,,Unspecified code,MT. VIEW,CA,24644
5336301,2025-07-01,2025-07-08,23208,Tiffany Koyama Lane,3,record:e6f1773016cb91b2537d722b,Google,provisional_record_group,False,Business Entity,6480,General Operational Expenses (need description),General operations,MOUNTAIN VIEW,CA,24664
5332174,2025-07-02,2025-07-03,23028,Angelita Morillo,3,record:5889c36455f4dc0ac34a9434,Google ,provisional_record_group,False,Business Entity,2592,,Unspecified code,MT. VIEW,CA,24508
5336306,2025-07-04,2025-07-08,23208,Tiffany Koyama Lane,3,disclosure:23208:f88fe8ea980a,Miscellaneous Cash Expenditures $100 and under,disclosure_category,True,Unspecified,79,,Unspecified code,,,24364
5349752,2025-07-06,2025-07-28,23028,Angelita Morillo,3,disclosure:23028:f88fe8ea980a,Miscellaneous Cash Expenditures $100 and under,disclosure_category,True,Unspecified,80,,Unspecified code,,,24317
5336307,2025-07-08,2025-07-08,23208,Tiffany Koyama Lane,3,disclosure:23208:f88fe8ea980a,Miscellaneous Cash Expenditures $100 and under,disclosure_category,True,Unspecified,250,,Unspecified code,,,24048
5349754,2025-07-13,2025-07-28,23028,Angelita Morillo,3,disclosure:23028:f88fe8ea980a,Miscellaneous Cash Expenditures $100 and under,disclosure_category,True,Unspecified,20,,Unspecified code,,,23685
5349737,2025-07-14,2025-07-28,23028,Angelita Morillo,3,record:6e1644ed463471fe1dd0842a,Mailchimp,provisional_record_group,False,Business Entity,11000,,Unspecified code,ATLANTA,GA,23625
5349739,2025-07-17,2025-07-28,23028,Angelita Morillo,3,record:33d478e600f27364b8e021ad,GoDaddy,provisional_record_group,False,Business Entity,14072,,Unspecified code,TEMPE,AZ,23139
5352351,2025-07-17,2025-08-01,23199,Olivia Clark,4,disclosure:23199:f88fe8ea980a,Miscellaneous Cash Expenditures $100 and under,disclosure_category,True,Unspecified,350,,Unspecified code,,,23147
5367145,2025-07-21,2025-08-20,23208,Tiffany Koyama Lane,3,record:d82ffa06342dc392ee32e349,Bitly Inc,provisional_record_group,False,Business Entity,12000,General Operational Expenses (need description),General operations,NEW YORK,NY,30349
5367155,2025-07-22,2025-08-20,23208,Tiffany Koyama Lane,3,disclosure:23208:f88fe8ea980a,Miscellaneous Cash Expenditures $100 and under,disclosure_category,True,Unspecified,5000,,Unspecified code,,,30255
5367156,2025-07-23,2025-08-20,23208,Tiffany Koyama Lane,3,disclosure:23208:f88fe8ea980a,Miscellaneous Cash Expenditures $100 and under,disclosure_category,True,Unspecified,435,,Unspecified code,,,30186
5364195,2025-07-24,2025-08-13,23208,Tiffany Koyama Lane,3,disclosure:23208:f88fe8ea980a,Miscellaneous Cash Expenditures $100 and under,disclosure_category,True,Unspecified,1383,,Unspecified code,,,30081
5348651,2025-07-26,2025-07-27,23028,Angelita Morillo,3,record:1b89fe60f6fa342728417c2c,Evelyn Kocher,provisional_record_group,False,Individual,30000,Reimbursement for Personal Expenditures,Personal-expense reimbursement,PORTLAND,OR,29914
5349756,2025-07-27,2025-07-28,23028,Angelita Morillo,3,disclosure:23028:f88fe8ea980a,Miscellaneous Cash Expenditures $100 and under,disclosure_category,True,Unspecified,1482,,Unspecified code,,,29885
5367157,2025-08-01,2025-08-20,23208,Tiffany Koyama Lane,3,disclosure:23208:f88fe8ea980a,Miscellaneous Cash Expenditures $100 and under,disclosure_category,True,Unspecified,7548,,Unspecified code,,,29320
5369838,2025-08-03,2025-08-25,23028,Angelita Morillo,3,disclosure:23028:f88fe8ea980a,Miscellaneous Cash Expenditures $100 and under,disclosure_category,True,Unspecified,20,,Unspecified code,,,29171
5364197,2025-08-04,2025-08-13,23208,Tiffany Koyama Lane,3,disclosure:23208:f88fe8ea980a,Miscellaneous Cash Expenditures $100 and under,disclosure_category,True,Unspecified,79,,Unspecified code,,,29055
5367149,2025-08-04,2025-08-20,23208,Tiffany Koyama Lane,3,record:4a5f3813c090be8e82550ba4,Oregon Department of Revenue,provisional_record_group,False,Other,33500,General Operational Expenses (need description),General operations,SALEM,OR,29084
5375125,2025-08-04,2025-09-02,23199,Olivia Clark,4,disclosure:23199:f88fe8ea980a,Miscellaneous Cash Expenditures $100 and under,disclosure_category,True,Unspecified,2275,,Unspecified code,,,29120
5375297,2025-08-04,2025-09-02,23028,Angelita Morillo,3,record:5889c36455f4dc0ac34a9434,Google ,provisional_record_group,False,Business Entity,2592,,Unspecified code,MT. VIEW,CA,29121
5375298,2025-08-04,2025-09-02,23028,Angelita Morillo,3,record:5889c36455f4dc0ac34a9434,Google ,provisional_record_group,False,Business Entity,3600,,Unspecified code,MT. VIEW,CA,29122
5367158,2025-08-08,2025-08-20,23208,Tiffany Koyama Lane,3,disclosure:23208:f88fe8ea980a,Miscellaneous Cash Expenditures $100 and under,disclosure_category,True,Unspecified,250,,Unspecified code,,,28639
5369843,2025-08-10,2025-08-25,23028,Angelita Morillo,3,disclosure:23028:f88fe8ea980a,Miscellaneous Cash Expenditures $100 and under,disclosure_category,True,Unspecified,40,,Unspecified code,,,28553
5367159,2025-08-11,2025-08-20,23208,Tiffany Koyama Lane,3,disclosure:23208:f88fe8ea980a,Miscellaneous Cash Expenditures $100 and under,disclosure_category,True,Unspecified,2685,,Unspecified code,,,28493
5367082,2025-08-13,2025-08-20,17629,Eric Zimmerman,4,record:1bb2be352bf803425cd21309,C&E Systems,provisional_record_group,False,Business Entity,5500,Management Services,Management services,PORTLAND,OR,28137
5375086,2025-08-13,2025-09-02,23199,Olivia Clark,4,record:1bb2be352bf803425cd21309,C&E Systems,provisional_record_group,False,Business Entity,11589,Management Services,Management services,PORTLAND,OR,28209
5375299,2025-08-14,2025-09-02,23028,Angelita Morillo,3,record:6e1644ed463471fe1dd0842a,Mailchimp,provisional_record_group,False,Business Entity,11000,,Unspecified code,ATLANTA,GA,32573
5369850,2025-08-17,2025-08-25,23028,Angelita Morillo,3,disclosure:23028:f88fe8ea980a,Miscellaneous Cash Expenditures $100 and under,disclosure_category,True,Unspecified,20,,Unspecified code,,,32347
5375126,2025-08-18,2025-09-02,23199,Olivia Clark,4,disclosure:23199:f88fe8ea980a,Miscellaneous Cash Expenditures $100 and under,disclosure_category,True,Unspecified,1225,,Unspecified code,,,32293
5384419,2025-08-20,2025-09-19,23365,Mitch Green,4,record:505d17ab5768e40aca75c089,ActBlue,provisional_record_group,False,Business Entity,17136,Fundraising Event Expenses,Fundraising event code,W SOMERVILLE,MA,32081
5384518,2025-08-21,2025-09-19,23365,Mitch Green,4,record:505d17ab5768e40aca75c089,ActBlue,provisional_record_group,False,Business Entity,5145,Fundraising Event Expenses,Fundraising event code,W SOMERVILLE,MA,31956
5384551,2025-08-22,2025-09-19,23365,Mitch Green,4,record:505d17ab5768e40aca75c089,ActBlue,provisional_record_group,False,Business Entity,1424,Fundraising Event Expenses,Fundraising event code,W SOMERVILLE,MA,31850
5384561,2025-08-23,2025-09-19,23365,Mitch Green,4,record:505d17ab5768e40aca75c089,ActBlue,provisional_record_group,False,Business Entity,6617,Fundraising Event Expenses,Fundraising event code,W SOMERVILLE,MA,31791
5369852,2025-08-24,2025-08-25,23028,Angelita Morillo,3,disclosure:23028:f88fe8ea980a,Miscellaneous Cash Expenditures $100 and under,disclosure_category,True,Unspecified,1482,,Unspecified code,,,31741
5384568,2025-08-24,2025-09-19,23365,Mitch Green,4,record:505d17ab5768e40aca75c089,ActBlue,provisional_record_group,False,Business Entity,99,Fundraising Event Expenses,Fundraising event code,W SOMERVILLE,MA,31761
5375300,2025-08-25,2025-09-02,23028,Angelita Morillo,3,record:33d478e600f27364b8e021ad,GoDaddy,provisional_record_group,False,Business Entity,7036,,Unspecified code,TEMPE,AZ,31678
5384570,2025-08-25,2025-09-19,23365,Mitch Green,4,record:505d17ab5768e40aca75c089,ActBlue,provisional_record_group,False,Business Entity,139,Fundraising Event Expenses,Fundraising event code,W SOMERVILLE,MA,31716
5384573,2025-08-26,2025-09-19,23365,Mitch Green,4,record:505d17ab5768e40aca75c089,ActBlue,provisional_record_group,False,Business Entity,396,Fundraising Event Expenses,Fundraising event code,W SOMERVILLE,MA,31603
5384582,2025-08-26,2025-09-19,23365,Mitch Green,4,record:f42d7a477a1c5eeb1e51901f,USPS PO Boxes,provisional_record_group,False,Other,12200,General Operational Expenses (need description),General operations,PORTLAND,OR,31604
5384870,2025-08-26,2025-09-21,23208,Tiffany Koyama Lane,3,disclosure:23208:f88fe8ea980a,Miscellaneous Cash Expenditures $100 and under,disclosure_category,True,Unspecified,585,,Unspecified code,,,31605
5384583,2025-08-29,2025-09-19,23365,Mitch Green,4,record:f42d7a477a1c5eeb1e51901f,USPS PO Boxes,provisional_record_group,False,Other,4680,General Operational Expenses (need description),General operations,PORTLAND,OR,31287
5375295,2025-08-31,2025-09-02,23028,Angelita Morillo,3,disclosure:23028:f88fe8ea980a,Miscellaneous Cash Expenditures $100 and under,disclosure_category,True,Unspecified,40,,Unspecified code,,,31171
5382906,2025-09-02,2025-09-17,23028,Angelita Morillo,3,record:5889c36455f4dc0ac34a9434,Google ,provisional_record_group,False,Business Entity,2597,,Unspecified code,MT. VIEW,CA,31026
5382908,2025-09-02,2025-09-17,23028,Angelita Morillo,3,record:5889c36455f4dc0ac34a9434,Google ,provisional_record_group,False,Business Entity,3600,,Unspecified code,MT. VIEW,CA,31027
5382913,2025-09-02,2025-09-17,23028,Angelita Morillo,3,record:eafab82e639a5058b629902e,QR.IO,provisional_record_group,False,Business Entity,35000,,Unspecified code,BEAVERTON,OR,31028
5383919,2025-09-02,2025-09-19,23365,Mitch Green,4,record:505d17ab5768e40aca75c089,ActBlue,provisional_record_group,False,Business Entity,99,Fundraising Event Expenses,Fundraising event code,W SOMERVILLE,MA,31031
5384850,2025-09-02,2025-09-21,23208,Tiffany Koyama Lane,3,record:367691ed84e4d7f3eb7dd0c8,Google,provisional_record_group,False,Business Entity,7920,General Operational Expenses (need description),General operations,MOUNTAIN VIEW,CA,31042
5384872,2025-09-03,2025-09-21,23208,Tiffany Koyama Lane,3,disclosure:23208:f88fe8ea980a,Miscellaneous Cash Expenditures $100 and under,disclosure_category,True,Unspecified,2399,,Unspecified code,,,30890
5397313,2025-09-03,2025-09-30,23199,Olivia Clark,4,disclosure:23199:f88fe8ea980a,Miscellaneous Cash Expenditures $100 and under,disclosure_category,True,Unspecified,3762,,Unspecified code,,,30909
5383388,2025-09-04,2025-09-17,23208,Tiffany Koyama Lane,3,disclosure:23208:f88fe8ea980a,Miscellaneous Cash Expenditures $100 and under,disclosure_category,True,Unspecified,79,,Unspecified code,,,30754
5383921,2025-09-04,2025-09-19,23365,Mitch Green,4,record:505d17ab5768e40aca75c089,ActBlue,provisional_record_group,False,Business Entity,99,Fundraising Event Expenses,Fundraising event code,W SOMERVILLE,MA,30755
5383923,2025-09-05,2025-09-19,23365,Mitch Green,4,record:505d17ab5768e40aca75c089,ActBlue,provisional_record_group,False,Business Entity,99,Fundraising Event Expenses,Fundraising event code,W SOMERVILLE,MA,30600
5383925,2025-09-06,2025-09-19,23365,Mitch Green,4,record:505d17ab5768e40aca75c089,ActBlue,provisional_record_group,False,Business Entity,297,Fundraising Event Expenses,Fundraising event code,W SOMERVILLE,MA,30457
5382897,2025-09-07,2025-09-17,23028,Angelita Morillo,3,disclosure:23028:f88fe8ea980a,Miscellaneous Cash Expenditures $100 and under,disclosure_category,True,Unspecified,40,,Unspecified code,,,30419
5383928,2025-09-08,2025-09-19,23365,Mitch Green,4,record:505d17ab5768e40aca75c089,ActBlue,provisional_record_group,False,Business Entity,174,Fundraising Event Expenses,Fundraising event code,W SOMERVILLE,MA,35366
5384873,2025-09-08,2025-09-21,23208,Tiffany Koyama Lane,3,disclosure:23208:f88fe8ea980a,Miscellaneous Cash Expenditures $100 and under,disclosure_category,True,Unspecified,6142,,Unspecified code,,,35373
5397316,2025-09-08,2025-09-30,23199,Olivia Clark,4,disclosure:23199:f88fe8ea980a,Miscellaneous Cash Expenditures $100 and under,disclosure_category,True,Unspecified,1500,,Unspecified code,,,35391
5384874,2025-09-10,2025-09-21,23208,Tiffany Koyama Lane,3,disclosure:23208:f88fe8ea980a,Miscellaneous Cash Expenditures $100 and under,disclosure_category,True,Unspecified,660,,Unspecified code,,,35093
5397272,2025-09-10,2025-09-30,23199,Olivia Clark,4,record:1bb2be352bf803425cd21309,C&E Systems,provisional_record_group,False,Business Entity,11589,Management Services,Management services,PORTLAND,OR,35156
5383390,2025-09-11,2025-09-17,23208,Tiffany Koyama Lane,3,disclosure:23208:f88fe8ea980a,Miscellaneous Cash Expenditures $100 and under,disclosure_category,True,Unspecified,5720,,Unspecified code,,,34857
5383931,2025-09-11,2025-09-19,23365,Mitch Green,4,record:505d17ab5768e40aca75c089,ActBlue,provisional_record_group,False,Business Entity,99,Fundraising Event Expenses,Fundraising event code,W SOMERVILLE,MA,34860
5383289,2025-09-12,2025-09-17,23208,Tiffany Koyama Lane,3,record:505d17ab5768e40aca75c089,ActBlue,provisional_record_group,False,Business Entity,7381,Fundraising Event Expenses,Fundraising event code,W SOMERVILLE,MA,34735
5384875,2025-09-12,2025-09-21,23208,Tiffany Koyama Lane,3,disclosure:23208:f88fe8ea980a,Miscellaneous Cash Expenditures $100 and under,disclosure_category,True,Unspecified,1920,,Unspecified code,,,34742
5383350,2025-09-13,2025-09-17,23208,Tiffany Koyama Lane,3,record:505d17ab5768e40aca75c089,ActBlue,provisional_record_group,False,Business Entity,4745,Fundraising Event Expenses,Fundraising event code,W SOMERVILLE,MA,34657
5383933,2025-09-13,2025-09-19,23365,Mitch Green,4,record:505d17ab5768e40aca75c089,ActBlue,provisional_record_group,False,Business Entity,99,Fundraising Event Expenses,Fundraising event code,W SOMERVILLE,MA,34659
5382899,2025-09-14,2025-09-17,23028,Angelita Morillo,3,disclosure:23028:f88fe8ea980a,Miscellaneous Cash Expenditures $100 and under,disclosure_category,True,Unspecified,20,,Unspecified code,,,34595
5383370,2025-09-14,2025-09-17,23208,Tiffany Koyama Lane,3,record:505d17ab5768e40aca75c089,ActBlue,provisional_record_group,False,Business Entity,1091,Fundraising Event Expenses,Fundraising event code,W SOMERVILLE,MA,34616
5382923,2025-09-15,2025-09-17,23028,Angelita Morillo,3,record:6e1644ed463471fe1dd0842a,Mailchimp,provisional_record_group,False,Business Entity,11000,,Unspecified code,ATLANTA,GA,34505
5384837,2025-09-15,2025-09-21,23208,Tiffany Koyama Lane,3,record:505d17ab5768e40aca75c089,ActBlue,provisional_record_group,False,Business Entity,791,Fundraising Event Expenses,Fundraising event code,W SOMERVILLE,MA,34521
5384877,2025-09-15,2025-09-21,23208,Tiffany Koyama Lane,3,disclosure:23208:f88fe8ea980a,Miscellaneous Cash Expenditures $100 and under,disclosure_category,True,Unspecified,660,,Unspecified code,,,34522
5384843,2025-09-16,2025-09-21,23208,Tiffany Koyama Lane,3,record:505d17ab5768e40aca75c089,ActBlue,provisional_record_group,False,Business Entity,198,Fundraising Event Expenses,Fundraising event code,W SOMERVILLE,MA,34396
5384844,2025-09-16,2025-09-21,23208,Tiffany Koyama Lane,3,record:6403fa1044e000273aa5169d,Mailchimp,provisional_record_group,False,Business Entity,23000,General Operational Expenses (need description),General operations,ATLANTA,GA,34397
5383944,2025-09-17,2025-09-19,23028,Angelita Morillo,3,record:7e730c330a08ae1587dd5c98,Meadowlark Bookkeeping,provisional_record_group,False,Business Entity,8000,,Unspecified code,PORTLAND,OR,34216
5384577,2025-09-17,2025-09-19,23365,Mitch Green,4,record:505d17ab5768e40aca75c089,ActBlue,provisional_record_group,False,Business Entity,2094,Fundraising Event Expenses,Fundraising event code,W SOMERVILLE,MA,34235
5384846,2025-09-17,2025-09-21,23208,Tiffany Koyama Lane,3,record:505d17ab5768e40aca75c089,ActBlue,provisional_record_group,False,Business Entity,396,Fundraising Event Expenses,Fundraising event code,W SOMERVILLE,MA,34236
5387600,2025-09-17,2025-09-26,17629,Eric Zimmerman,4,disclosure:17629:f88fe8ea980a,Miscellaneous Cash Expenditures $100 and under,disclosure_category,True,Unspecified,927,,Unspecified code,,,34258
5397273,2025-09-17,2025-09-30,23199,Olivia Clark,4,record:428b0fcd0ef60ebaed796da1,Worldpay- C&E Merchant Services,provisional_record_group,False,Business Entity,7332,General Operational Expenses (need description),General operations,PORTLAND,OR,34268
5384581,2025-09-18,2025-09-19,23365,Mitch Green,4,record:505d17ab5768e40aca75c089,ActBlue,provisional_record_group,False,Business Entity,198,Fundraising Event Expenses,Fundraising event code,W SOMERVILLE,MA,34072
5384860,2025-09-18,2025-09-21,23208,Tiffany Koyama Lane,3,record:505d17ab5768e40aca75c089,ActBlue,provisional_record_group,False,Business Entity,593,Fundraising Event Expenses,Fundraising event code,W SOMERVILLE,MA,34074
5400760,2025-09-19,2025-10-06,23208,Tiffany Koyama Lane,3,disclosure:23208:f88fe8ea980a,Miscellaneous Cash Expenditures $100 and under,disclosure_category,True,Unspecified,2156,,Unspecified code,,,34007
5410253,2025-09-19,2025-10-17,23365,Mitch Green,4,record:505d17ab5768e40aca75c089,ActBlue,provisional_record_group,False,Business Entity,99,Fundraising Event Expenses,Fundraising event code,W SOMERVILLE,MA,34028
5384863,2025-09-20,2025-09-21,23208,Tiffany Koyama Lane,3,record:505d17ab5768e40aca75c089,ActBlue,provisional_record_group,False,Business Entity,891,Fundraising Event Expenses,Fundraising event code,W SOMERVILLE,MA,33904
5386902,2025-09-20,2025-09-24,23365,Mitch Green,4,record:505d17ab5768e40aca75c089,ActBlue,provisional_record_group,False,Business Entity,698,Fundraising Event Expenses,Fundraising event code,W SOMERVILLE,MA,33918
5386898,2025-09-21,2025-09-24,23208,Tiffany Koyama Lane,3,record:505d17ab5768e40aca75c089,ActBlue,provisional_record_group,False,Business Entity,198,Fundraising Event Expenses,Fundraising event code,W SOMERVILLE,MA,33875
5386913,2025-09-21,2025-09-24,23365,Mitch Green,4,record:505d17ab5768e40aca75c089,ActBlue,provisional_record_group,False,Business Entity,302,Fundraising Event Expenses,Fundraising event code,W SOMERVILLE,MA,33876
5386922,2025-09-22,2025-09-24,23208,Tiffany Koyama Lane,3,record:505d17ab5768e40aca75c089,ActBlue,provisional_record_group,False,Business Entity,692,Fundraising Event Expenses,Fundraising event code,W SOMERVILLE,MA,33770
5386925,2025-09-23,2025-09-24,23208,Tiffany Koyama Lane,3,record:505d17ab5768e40aca75c089,ActBlue,provisional_record_group,False,Business Entity,99,Fundraising Event Expenses,Fundraising event code,W SOMERVILLE,MA,33654
5386928,2025-09-23,2025-09-24,23365,Mitch Green,4,record:505d17ab5768e40aca75c089,ActBlue,provisional_record_group,False,Business Entity,24,Fundraising Event Expenses,Fundraising event code,W SOMERVILLE,MA,33655
5400761,2025-09-23,2025-10-06,23208,Tiffany Koyama Lane,3,disclosure:23208:f88fe8ea980a,Miscellaneous Cash Expenditures $100 and under,disclosure_category,True,Unspecified,1776,,Unspecified code,,,33694
5388331,2025-09-25,2025-09-29,23208,Tiffany Koyama Lane,3,record:505d17ab5768e40aca75c089,ActBlue,provisional_record_group,False,Business Entity,99,Fundraising Event Expenses,Fundraising event code,W SOMERVILLE,MA,33468
5388348,2025-09-25,2025-09-29,23365,Mitch Green,4,record:505d17ab5768e40aca75c089,ActBlue,provisional_record_group,False,Business Entity,40,Fundraising Event Expenses,Fundraising event code,W SOMERVILLE,MA,33469
5397431,2025-09-26,2025-09-30,23208,Tiffany Koyama Lane,3,disclosure:23208:f88fe8ea980a,Miscellaneous Cash Expenditures $100 and under,disclosure_category,True,Unspecified,5280,,Unspecified code,,,33372
5388333,2025-09-28,2025-09-29,23208,Tiffany Koyama Lane,3,record:505d17ab5768e40aca75c089,ActBlue,provisional_record_group,False,Business Entity,1037,Fundraising Event Expenses,Fundraising event code,W SOMERVILLE,MA,33265
5397427,2025-09-29,2025-09-30,23208,Tiffany Koyama Lane,3,record:505d17ab5768e40aca75c089,ActBlue,provisional_record_group,False,Business Entity,238,Fundraising Event Expenses,Fundraising event code,W SOMERVILLE,MA,33136
5400748,2025-09-29,2025-10-06,23208,Tiffany Koyama Lane,3,record:d6d0edb21ed9ce9f86ff1e82,Lyft,provisional_record_group,False,Business Entity,1799,Travel Expenses (need description),Travel,SAN FRANCISCO,CA,33184
5400762,2025-09-29,2025-10-06,23208,Tiffany Koyama Lane,3,disclosure:23208:f88fe8ea980a,Miscellaneous Cash Expenditures $100 and under,disclosure_category,True,Unspecified,1100,,Unspecified code,,,33185
5400771,2025-09-29,2025-10-06,23365,Mitch Green,4,record:505d17ab5768e40aca75c089,ActBlue,provisional_record_group,False,Business Entity,395,Fundraising Event Expenses,Fundraising event code,W SOMERVILLE,MA,33186
5400732,2025-09-30,2025-10-06,23208,Tiffany Koyama Lane,3,record:505d17ab5768e40aca75c089,ActBlue,provisional_record_group,False,Business Entity,40,Fundraising Event Expenses,Fundraising event code,W SOMERVILLE,MA,33028
5400773,2025-09-30,2025-10-06,23365,Mitch Green,4,record:505d17ab5768e40aca75c089,ActBlue,provisional_record_group,False,Business Entity,79,Fundraising Event Expenses,Fundraising event code,W SOMERVILLE,MA,33029
5400734,2025-10-01,2025-10-06,23208,Tiffany Koyama Lane,3,record:505d17ab5768e40aca75c089,ActBlue,provisional_record_group,False,Business Entity,396,Fundraising Event Expenses,Fundraising event code,W SOMERVILLE,MA,32863
5400849,2025-10-01,2025-10-06,23208,Tiffany Koyama Lane,3,record:367691ed84e4d7f3eb7dd0c8,Google,provisional_record_group,False,Business Entity,7920,General Operational Expenses (need description),General operations,MOUNTAIN VIEW,CA,32864
5406700,2025-10-01,2025-10-12,23028,Angelita Morillo,3,record:5889c36455f4dc0ac34a9434,Google ,provisional_record_group,False,Business Entity,3600,,Unspecified code,MT. VIEW,CA,32896
5400741,2025-10-02,2025-10-06,23208,Tiffany Koyama Lane,3,record:505d17ab5768e40aca75c089,ActBlue,provisional_record_group,False,Business Entity,791,Fundraising Event Expenses,Fundraising event code,W SOMERVILLE,MA,32658
5406701,2025-10-02,2025-10-12,23028,Angelita Morillo,3,record:5889c36455f4dc0ac34a9434,Google ,provisional_record_group,False,Business Entity,2594,,Unspecified code,MT. VIEW,CA,32703
5414168,2025-10-02,2025-10-22,17629,Eric Zimmerman,4,disclosure:17629:f88fe8ea980a,Miscellaneous Cash Expenditures $100 and under,disclosure_category,True,Unspecified,2887,,Unspecified code,,,32737
5426224,2025-10-02,2025-10-31,23199,Olivia Clark,4,record:428b0fcd0ef60ebaed796da1,Worldpay- C&E Merchant Services,provisional_record_group,False,Business Entity,8242,General Operational Expenses (need description),General operations,PORTLAND,OR,32776
5400751,2025-10-03,2025-10-06,23208,Tiffany Koyama Lane,3,record:505d17ab5768e40aca75c089,ActBlue,provisional_record_group,False,Business Entity,99,Fundraising Event Expenses,Fundraising event code,W SOMERVILLE,MA,38253
5400753,2025-10-04,2025-10-06,23208,Tiffany Koyama Lane,3,record:505d17ab5768e40aca75c089,ActBlue,provisional_record_group,False,Business Entity,178,Fundraising Event Expenses,Fundraising event code,W SOMERVILLE,MA,38177
5400775,2025-10-04,2025-10-06,23365,Mitch Green,4,record:505d17ab5768e40aca75c089,ActBlue,provisional_record_group,False,Business Entity,139,Fundraising Event Expenses,Fundraising event code,W SOMERVILLE,MA,38178
5400756,2025-10-05,2025-10-06,23208,Tiffany Koyama Lane,3,record:505d17ab5768e40aca75c089,ActBlue,provisional_record_group,False,Business Entity,198,Fundraising Event Expenses,Fundraising event code,W SOMERVILLE,MA,38103
5407176,2025-10-05,2025-10-13,23028,Angelita Morillo,3,disclosure:23028:f88fe8ea980a,Miscellaneous Cash Expenditures $100 and under,disclosure_category,True,Unspecified,80,,Unspecified code,,,38118
5407201,2025-10-06,2025-10-14,23208,Tiffany Koyama Lane,3,record:505d17ab5768e40aca75c089,ActBlue,provisional_record_group,False,Business Entity,198,Fundraising Event Expenses,Fundraising event code,W SOMERVILLE,MA,37990
5407203,2025-10-06,2025-10-14,23208,Tiffany Koyama Lane,3,record:e96b0989e6aad20d2bdc4d03,Lydia Kiesling,provisional_record_group,False,Individual,48800,Management Services,Management services,PORTLAND,OR,37991
5407204,2025-10-06,2025-10-14,23208,Tiffany Koyama Lane,3,record:e96b0989e6aad20d2bdc4d03,Lydia Kiesling,provisional_record_group,False,Individual,12070,Reimbursement for Personal Expenditures,Personal-expense reimbursement,PORTLAND,OR,37992
5407206,2025-10-06,2025-10-14,23208,Tiffany Koyama Lane,3,record:3c37d978f79677f4a6c49cde,Infused LLC,provisional_record_group,False,Business Entity,110000,General Operational Expenses (need description),General operations,LAKE OSWEGO,OR,37993
5407316,2025-10-06,2025-10-14,23208,Tiffany Koyama Lane,3,disclosure:23208:f88fe8ea980a,Miscellaneous Cash Expenditures $100 and under,disclosure_category,True,Unspecified,1600,,Unspecified code,,,37994
5447203,2025-10-06,2025-12-01,23208,Tiffany Koyama Lane,3,record:3c37d978f79677f4a6c49cde,Infused LLC,provisional_record_group,False,Business Entity,250000,General Operational Expenses (need description),General operations,LAKE OSWEGO,OR,38089
5407210,2025-10-09,2025-10-14,23208,Tiffany Koyama Lane,3,record:505d17ab5768e40aca75c089,ActBlue,provisional_record_group,False,Business Entity,1088,Fundraising Event Expenses,Fundraising event code,W SOMERVILLE,MA,37590
5407217,2025-10-11,2025-10-14,23208,Tiffany Koyama Lane,3,record:505d17ab5768e40aca75c089,ActBlue,provisional_record_group,False,Business Entity,1561,Fundraising Event Expenses,Fundraising event code,W SOMERVILLE,MA,37369
5407178,2025-10-12,2025-10-13,23028,Angelita Morillo,3,disclosure:23028:f88fe8ea980a,Miscellaneous Cash Expenditures $100 and under,disclosure_category,True,Unspecified,202,,Unspecified code,,,37316
5414163,2025-10-13,2025-10-22,17629,Eric Zimmerman,4,record:1bb2be352bf803425cd21309,C&E Systems,provisional_record_group,False,Business Entity,11500,Management Services,Management services,PORTLAND,OR,37199
5426230,2025-10-13,2025-10-31,23199,Olivia Clark,4,record:1bb2be352bf803425cd21309,C&E Systems,provisional_record_group,False,Business Entity,59500,Management Services,Management services,PORTLAND,OR,37252
5428250,2025-10-14,2025-11-04,23411,Jeremy Beausoleil Smith,4,disclosure:23411:f88fe8ea980a,Miscellaneous Cash Expenditures $100 and under,disclosure_category,True,Unspecified,494,,Unspecified code,,,37031
5428856,2025-10-14,2025-11-04,23028,Angelita Morillo,3,record:6e1644ed463471fe1dd0842a,Mailchimp,provisional_record_group,False,Business Entity,11420,,Unspecified code,ATLANTA,GA,37035
5433719,2025-10-14,2025-11-13,23208,Tiffany Koyama Lane,3,disclosure:23208:f88fe8ea980a,Miscellaneous Cash Expenditures $100 and under,disclosure_category,True,Unspecified,5150,,Unspecified code,,,37052
5410251,2025-10-15,2025-10-17,23365,Mitch Green,4,record:505d17ab5768e40aca75c089,ActBlue,provisional_record_group,False,Business Entity,1975,Fundraising Event Expenses,Fundraising event code,W SOMERVILLE,MA,36714
5428252,2025-10-15,2025-11-04,23411,Jeremy Beausoleil Smith,4,disclosure:23411:f88fe8ea980a,Miscellaneous Cash Expenditures $100 and under,disclosure_category,True,Unspecified,99,,Unspecified code,,,36777
5416207,2025-10-16,2025-10-27,23208,Tiffany Koyama Lane,3,record:6403fa1044e000273aa5169d,Mailchimp,provisional_record_group,False,Business Entity,23000,General Operational Expenses (need description),General operations,ATLANTA,GA,36596
5428254,2025-10-16,2025-11-04,23411,Jeremy Beausoleil Smith,4,disclosure:23411:f88fe8ea980a,Miscellaneous Cash Expenditures $100 and under,disclosure_category,True,Unspecified,99,,Unspecified code,,,36623
5410297,2025-10-17,2025-10-17,23365,Mitch Green,4,record:3c37d978f79677f4a6c49cde,Infused LLC,provisional_record_group,False,Business Entity,270000,General Operational Expenses (need description),General operations,LAKE OSWEGO,OR,36387
5428256,2025-10-17,2025-11-04,23411,Jeremy Beausoleil Smith,4,disclosure:23411:f88fe8ea980a,Miscellaneous Cash Expenditures $100 and under,disclosure_category,True,Unspecified,198,,Unspecified code,,,36477
5410742,2025-10-19,2025-10-20,23208,Tiffany Koyama Lane,3,record:505d17ab5768e40aca75c089,ActBlue,provisional_record_group,False,Business Entity,99,Fundraising Event Expenses,Fundraising event code,W SOMERVILLE,MA,36286
5428850,2025-10-19,2025-11-04,23028,Angelita Morillo,3,disclosure:23028:f88fe8ea980a,Miscellaneous Cash Expenditures $100 and under,disclosure_category,True,Unspecified,395,,Unspecified code,,,36323
5416209,2025-10-20,2025-10-27,23208,Tiffany Koyama Lane,3,record:505d17ab5768e40aca75c089,ActBlue,provisional_record_group,False,Business Entity,1109,Fundraising Event Expenses,Fundraising event code,W SOMERVILLE,MA,36180
5416233,2025-10-20,2025-10-27,23365,Mitch Green,4,record:505d17ab5768e40aca75c089,ActBlue,provisional_record_group,False,Business Entity,619,Fundraising Event Expenses,Fundraising event code,W SOMERVILLE,MA,36181
5426235,2025-10-20,2025-10-31,23199,Olivia Clark,4,record:428b0fcd0ef60ebaed796da1,Worldpay- C&E Merchant Services,provisional_record_group,False,Business Entity,2537,General Operational Expenses (need description),General operations,PORTLAND,OR,36228
5428271,2025-10-20,2025-11-04,23411,Jeremy Beausoleil Smith,4,disclosure:23411:f88fe8ea980a,Miscellaneous Cash Expenditures $100 and under,disclosure_category,True,Unspecified,119,,Unspecified code,,,36234
5416221,2025-10-21,2025-10-27,23208,Tiffany Koyama Lane,3,record:505d17ab5768e40aca75c089,ActBlue,provisional_record_group,False,Business Entity,377,Fundraising Event Expenses,Fundraising event code,W SOMERVILLE,MA,36026
5416243,2025-10-21,2025-10-27,23365,Mitch Green,4,record:505d17ab5768e40aca75c089,ActBlue,provisional_record_group,False,Business Entity,207,Fundraising Event Expenses,Fundraising event code,W SOMERVILLE,MA,36027
5416227,2025-10-25,2025-10-27,23208,Tiffany Koyama Lane,3,record:505d17ab5768e40aca75c089,ActBlue,provisional_record_group,False,Business Entity,1383,Fundraising Event Expenses,Fundraising event code,W SOMERVILLE,MA,35617
5416249,2025-10-25,2025-10-27,23365,Mitch Green,4,record:505d17ab5768e40aca75c089,ActBlue,provisional_record_group,False,Business Entity,1383,Fundraising Event Expenses,Fundraising event code,W SOMERVILLE,MA,35618
5416231,2025-10-26,2025-10-27,23208,Tiffany Koyama Lane,3,disclosure:23208:f88fe8ea980a,Miscellaneous Cash Expenditures $100 and under,disclosure_category,True,Unspecified,3918,,Unspecified code,,,35559
5417012,2025-10-26,2025-10-27,23028,Angelita Morillo,3,disclosure:23028:f88fe8ea980a,Miscellaneous Cash Expenditures $100 and under,disclosure_category,True,Unspecified,1383,,Unspecified code,,,35576
5428273,2025-10-26,2025-11-04,23411,Jeremy Beausoleil Smith,4,disclosure:23411:f88fe8ea980a,Miscellaneous Cash Expenditures $100 and under,disclosure_category,True,Unspecified,198,,Unspecified code,,,35596
5427992,2025-10-27,2025-11-03,23208,Tiffany Koyama Lane,3,record:505d17ab5768e40aca75c089,ActBlue,provisional_record_group,False,Business Entity,99,Fundraising Event Expenses,Fundraising event code,W SOMERVILLE,MA,35494
5433720,2025-10-27,2025-11-13,23208,Tiffany Koyama Lane,3,disclosure:23208:f88fe8ea980a,Miscellaneous Cash Expenditures $100 and under,disclosure_category,True,Unspecified,4497,,Unspecified code,,,35527
5427995,2025-10-28,2025-11-03,23208,Tiffany Koyama Lane,3,record:505d17ab5768e40aca75c089,ActBlue,provisional_record_group,False,Business Entity,147,Fundraising Event Expenses,Fundraising event code,W SOMERVILLE,MA,41574
5433721,2025-10-28,2025-11-13,23208,Tiffany Koyama Lane,3,disclosure:23208:f88fe8ea980a,Miscellaneous Cash Expenditures $100 and under,disclosure_category,True,Unspecified,9635,,Unspecified code,,,41595
5427998,2025-10-29,2025-11-03,23208,Tiffany Koyama Lane,3,record:505d17ab5768e40aca75c089,ActBlue,provisional_record_group,False,Business Entity,2970,Fundraising Event Expenses,Fundraising event code,W SOMERVILLE,MA,41449
5428296,2025-10-29,2025-11-04,23411,Jeremy Beausoleil Smith,4,disclosure:23411:f88fe8ea980a,Miscellaneous Cash Expenditures $100 and under,disclosure_category,True,Unspecified,238,,Unspecified code,,,41454
5428019,2025-10-30,2025-11-03,23208,Tiffany Koyama Lane,3,record:505d17ab5768e40aca75c089,ActBlue,provisional_record_group,False,Business Entity,635,Fundraising Event Expenses,Fundraising event code,W SOMERVILLE,MA,41284
5428298,2025-10-30,2025-11-04,23411,Jeremy Beausoleil Smith,4,disclosure:23411:f88fe8ea980a,Miscellaneous Cash Expenditures $100 and under,disclosure_category,True,Unspecified,456,,Unspecified code,,,41288
5433703,2025-10-30,2025-11-13,23208,Tiffany Koyama Lane,3,record:d6d0edb21ed9ce9f86ff1e82,Lyft,provisional_record_group,False,Business Entity,1780,Travel Expenses (need description),Travel,SAN FRANCISCO,CA,41317
5428029,2025-10-31,2025-11-03,23208,Tiffany Koyama Lane,3,record:505d17ab5768e40aca75c089,ActBlue,provisional_record_group,False,Business Entity,178,Fundraising Event Expenses,Fundraising event code,W SOMERVILLE,MA,41097
5433704,2025-10-31,2025-11-13,23208,Tiffany Koyama Lane,3,record:d6d0edb21ed9ce9f86ff1e82,Lyft,provisional_record_group,False,Business Entity,1799,Travel Expenses (need description),Travel,SAN FRANCISCO,CA,41145
5428032,2025-11-01,2025-11-03,23208,Tiffany Koyama Lane,3,record:505d17ab5768e40aca75c089,ActBlue,provisional_record_group,False,Business Entity,99,Fundraising Event Expenses,Fundraising event code,W SOMERVILLE,MA,40977
5428300,2025-11-01,2025-11-04,23411,Jeremy Beausoleil Smith,4,disclosure:23411:f88fe8ea980a,Miscellaneous Cash Expenditures $100 and under,disclosure_category,True,Unspecified,198,,Unspecified code,,,40981
5428852,2025-11-02,2025-11-04,23028,Angelita Morillo,3,disclosure:23028:f88fe8ea980a,Miscellaneous Cash Expenditures $100 and under,disclosure_category,True,Unspecified,119,,Unspecified code,,,40914
5429750,2025-11-02,2025-11-06,23208,Tiffany Koyama Lane,3,record:505d17ab5768e40aca75c089,ActBlue,provisional_record_group,False,Business Entity,1228,Fundraising Event Expenses,Fundraising event code,W SOMERVILLE,MA,40923
5443281,2025-11-02,2025-11-25,23411,Jeremy Beausoleil Smith,4,disclosure:23411:f88fe8ea980a,Miscellaneous Cash Expenditures $100 and under,disclosure_category,True,Unspecified,198,,Unspecified code,,,40945
5428857,2025-11-03,2025-11-04,23028,Angelita Morillo,3,record:5889c36455f4dc0ac34a9434,Google ,provisional_record_group,False,Business Entity,2608,,Unspecified code,MT. VIEW,CA,40665
5428858,2025-11-03,2025-11-04,23028,Angelita Morillo,3,record:5889c36455f4dc0ac34a9434,Google ,provisional_record_group,False,Business Entity,3600,,Unspecified code,MT. VIEW,CA,40666
5429752,2025-11-03,2025-11-06,23208,Tiffany Koyama Lane,3,record:505d17ab5768e40aca75c089,ActBlue,provisional_record_group,False,Business Entity,2041,Fundraising Event Expenses,Fundraising event code,W SOMERVILLE,MA,40690
5429776,2025-11-03,2025-11-06,23208,Tiffany Koyama Lane,3,record:e96b0989e6aad20d2bdc4d03,Lydia Kiesling,provisional_record_group,False,Individual,42000,Management Services,Management services,PORTLAND,OR,40691
5433705,2025-11-03,2025-11-13,23208,Tiffany Koyama Lane,3,record:367691ed84e4d7f3eb7dd0c8,Google,provisional_record_group,False,Business Entity,7920,General Operational Expenses (need description),General operations,MOUNTAIN VIEW,CA,40743
5444377,2025-11-03,2025-11-25,23199,Olivia Clark,4,record:428b0fcd0ef60ebaed796da1,Worldpay- C&E Merchant Services,provisional_record_group,False,Business Entity,8732,General Operational Expenses (need description),General operations,PORTLAND,OR,40851
5451535,2025-11-03,2025-12-03,17629,Eric Zimmerman,4,disclosure:17629:f88fe8ea980a,Miscellaneous Cash Expenditures $100 and under,disclosure_category,True,Unspecified,87,,Unspecified code,,,40884
5429778,2025-11-04,2025-11-06,23208,Tiffany Koyama Lane,3,record:505d17ab5768e40aca75c089,ActBlue,provisional_record_group,False,Business Entity,930,Fundraising Event Expenses,Fundraising event code,W SOMERVILLE,MA,40519
5431640,2025-11-04,2025-11-10,23365,Mitch Green,4,record:505d17ab5768e40aca75c089,ActBlue,provisional_record_group,False,Business Entity,40,Fundraising Event Expenses,Fundraising event code,W SOMERVILLE,MA,40532
5429788,2025-11-05,2025-11-06,23208,Tiffany Koyama Lane,3,record:505d17ab5768e40aca75c089,ActBlue,provisional_record_group,False,Business Entity,218,Fundraising Event Expenses,Fundraising event code,W SOMERVILLE,MA,40339
5431642,2025-11-05,2025-11-10,23365,Mitch Green,4,record:505d17ab5768e40aca75c089,ActBlue,provisional_record_group,False,Business Entity,119,Fundraising Event Expenses,Fundraising event code,W SOMERVILLE,MA,40364
5431621,2025-11-06,2025-11-10,23208,Tiffany Koyama Lane,3,record:505d17ab5768e40aca75c089,ActBlue,provisional_record_group,False,Business Entity,198,Fundraising Event Expenses,Fundraising event code,W SOMERVILLE,MA,40062
5444378,2025-11-06,2025-11-25,23199,Olivia Clark,4,record:1bb2be352bf803425cd21309,C&E Systems,provisional_record_group,False,Business Entity,59500,Management Services,Management services,PORTLAND,OR,40246
5451514,2025-11-06,2025-12-03,17629,Eric Zimmerman,4,record:1bb2be352bf803425cd21309,C&E Systems,provisional_record_group,False,Business Entity,5500,Management Services,Management services,PORTLAND,OR,40277
5457093,2025-11-06,2025-12-08,23028,Angelita Morillo,3,record:13ffb96e4b320c6c76952e4d,Delete Me,provisional_record_group,False,Business Entity,20900,,Unspecified code,BOSTON,MA,40298
5431624,2025-11-07,2025-11-10,23208,Tiffany Koyama Lane,3,record:505d17ab5768e40aca75c089,ActBlue,provisional_record_group,False,Business Entity,238,Fundraising Event Expenses,Fundraising event code,W SOMERVILLE,MA,39900
5431645,2025-11-07,2025-11-10,23365,Mitch Green,4,record:505d17ab5768e40aca75c089,ActBlue,provisional_record_group,False,Business Entity,60,Fundraising Event Expenses,Fundraising event code,W SOMERVILLE,MA,39901
5433722,2025-11-07,2025-11-13,23208,Tiffany Koyama Lane,3,disclosure:23208:f88fe8ea980a,Miscellaneous Cash Expenditures $100 and under,disclosure_category,True,Unspecified,250,,Unspecified code,,,39934
5431627,2025-11-08,2025-11-10,23208,Tiffany Koyama Lane,3,record:505d17ab5768e40aca75c089,ActBlue,provisional_record_group,False,Business Entity,238,Fundraising Event Expenses,Fundraising event code,W SOMERVILLE,MA,39843
5443283,2025-11-08,2025-11-25,23411,Jeremy Beausoleil Smith,4,disclosure:23411:f88fe8ea980a,Miscellaneous Cash Expenditures $100 and under,disclosure_category,True,Unspecified,99,,Unspecified code,,,39861
5433689,2025-11-09,2025-11-13,23208,Tiffany Koyama Lane,3,record:505d17ab5768e40aca75c089,ActBlue,provisional_record_group,False,Business Entity,198,Fundraising Event Expenses,Fundraising event code,W SOMERVILLE,MA,39800
5433691,2025-11-10,2025-11-13,23208,Tiffany Koyama Lane,3,record:505d17ab5768e40aca75c089,ActBlue,provisional_record_group,False,Business Entity,99,Fundraising Event Expenses,Fundraising event code,W SOMERVILLE,MA,39704
5437748,2025-11-10,2025-11-17,23365,Mitch Green,4,record:505d17ab5768e40aca75c089,ActBlue,provisional_record_group,False,Business Entity,20,Fundraising Event Expenses,Fundraising event code,W SOMERVILLE,MA,39724
5433693,2025-11-11,2025-11-13,23208,Tiffany Koyama Lane,3,record:505d17ab5768e40aca75c089,ActBlue,provisional_record_group,False,Business Entity,416,Fundraising Event Expenses,Fundraising event code,W SOMERVILLE,MA,39606
5433707,2025-11-12,2025-11-13,23208,Tiffany Koyama Lane,3,record:3c37d978f79677f4a6c49cde,Infused LLC,provisional_record_group,False,Business Entity,110000,General Operational Expenses (need description),General operations,LAKE OSWEGO,OR,39442
5438980,2025-11-12,2025-11-19,23411,Jeremy Beausoleil Smith,4,disclosure:23411:f88fe8ea980a,Miscellaneous Cash Expenditures $100 and under,disclosure_category,True,Unspecified,99,,Unspecified code,,,39503
5442720,2025-11-12,2025-11-24,23365,Mitch Green,4,record:3c37d978f79677f4a6c49cde,Infused LLC,provisional_record_group,False,Business Entity,110000,General Operational Expenses (need description),General operations,LAKE OSWEGO,OR,39530
5437716,2025-11-13,2025-11-17,23208,Tiffany Koyama Lane,3,record:505d17ab5768e40aca75c089,ActBlue,provisional_record_group,False,Business Entity,1643,Fundraising Event Expenses,Fundraising event code,W SOMERVILLE,MA,39336
5437750,2025-11-13,2025-11-17,23365,Mitch Green,4,record:505d17ab5768e40aca75c089,ActBlue,provisional_record_group,False,Business Entity,396,Fundraising Event Expenses,Fundraising event code,W SOMERVILLE,MA,39337
5437724,2025-11-14,2025-11-17,23208,Tiffany Koyama Lane,3,record:505d17ab5768e40aca75c089,ActBlue,provisional_record_group,False,Business Entity,2729,Fundraising Event Expenses,Fundraising event code,W SOMERVILLE,MA,39212
5437753,2025-11-14,2025-11-17,23365,Mitch Green,4,record:505d17ab5768e40aca75c089,ActBlue,provisional_record_group,False,Business Entity,40,Fundraising Event Expenses,Fundraising event code,W SOMERVILLE,MA,39213
5438982,2025-11-14,2025-11-19,23411,Jeremy Beausoleil Smith,4,disclosure:23411:f88fe8ea980a,Miscellaneous Cash Expenditures $100 and under,disclosure_category,True,Unspecified,20,,Unspecified code,,,39227
5442698,2025-11-14,2025-11-24,23208,Tiffany Koyama Lane,3,record:d6d0edb21ed9ce9f86ff1e82,Lyft,provisional_record_group,False,Business Entity,2527,Travel Expenses (need description),Travel,SAN FRANCISCO,CA,39253
5442707,2025-11-14,2025-11-24,23208,Tiffany Koyama Lane,3,disclosure:23208:f88fe8ea980a,Miscellaneous Cash Expenditures $100 and under,disclosure_category,True,Unspecified,3000,,Unspecified code,,,39254
5460003,2025-11-14,2025-12-12,23295,Eli Arnold,4,disclosure:23295:f88fe8ea980a,Miscellaneous Cash Expenditures $100 and under,disclosure_category,True,Unspecified,5600,,Unspecified code,,,39286
5462499,2025-11-14,2025-12-15,23208,Tiffany Koyama Lane,3,record:d6d0edb21ed9ce9f86ff1e82,Lyft,provisional_record_group,False,Business Entity,3059,Travel Expenses (need description),Travel,SAN FRANCISCO,CA,39292
5437740,2025-11-15,2025-11-17,23208,Tiffany Koyama Lane,3,record:505d17ab5768e40aca75c089,ActBlue,provisional_record_group,False,Business Entity,119,Fundraising Event Expenses,Fundraising event code,W SOMERVILLE,MA,39124
5438984,2025-11-15,2025-11-19,23411,Jeremy Beausoleil Smith,4,disclosure:23411:f88fe8ea980a,Miscellaneous Cash Expenditures $100 and under,disclosure_category,True,Unspecified,99,,Unspecified code,,,39128
5437715,2025-11-16,2025-11-17,23208,Tiffany Koyama Lane,3,record:6403fa1044e000273aa5169d,Mailchimp,provisional_record_group,False,Business Entity,23000,General Operational Expenses (need description),General operations,ATLANTA,GA,39074
5442650,2025-11-16,2025-11-24,23208,Tiffany Koyama Lane,3,record:505d17ab5768e40aca75c089,ActBlue,provisional_record_group,False,Business Entity,139,Fundraising Event Expenses,Fundraising event code,W SOMERVILLE,MA,39091
5462460,2025-11-16,2025-12-14,23028,Angelita Morillo,3,disclosure:23028:f88fe8ea980a,Miscellaneous Cash Expenditures $100 and under,disclosure_category,True,Unspecified,618,,Unspecified code,,,39110
5442652,2025-11-17,2025-11-24,23208,Tiffany Koyama Lane,3,record:505d17ab5768e40aca75c089,ActBlue,provisional_record_group,False,Business Entity,1582,Fundraising Event Expenses,Fundraising event code,W SOMERVILLE,MA,38996
5443285,2025-11-17,2025-11-25,23411,Jeremy Beausoleil Smith,4,disclosure:23411:f88fe8ea980a,Miscellaneous Cash Expenditures $100 and under,disclosure_category,True,Unspecified,198,,Unspecified code,,,38997
5457094,2025-11-17,2025-12-08,23028,Angelita Morillo,3,record:6e1644ed463471fe1dd0842a,Mailchimp,provisional_record_group,False,Business Entity,11000,,Unspecified code,ATLANTA,GA,39029
5457095,2025-11-17,2025-12-08,23028,Angelita Morillo,3,record:43c16678fbb3a37b051a475d,United Postal Service,provisional_record_group,False,Other,24400,,Unspecified code,WASHINGTON,DC,39030
5442658,2025-11-18,2025-11-24,23208,Tiffany Koyama Lane,3,record:505d17ab5768e40aca75c089,ActBlue,provisional_record_group,False,Business Entity,732,Fundraising Event Expenses,Fundraising event code,W SOMERVILLE,MA,38836
5442663,2025-11-19,2025-11-24,23208,Tiffany Koyama Lane,3,record:505d17ab5768e40aca75c089,ActBlue,provisional_record_group,False,Business Entity,498,Fundraising Event Expenses,Fundraising event code,W SOMERVILLE,MA,38663
5442711,2025-11-19,2025-11-24,23208,Tiffany Koyama Lane,3,disclosure:23208:f88fe8ea980a,Miscellaneous Cash Expenditures $100 and under,disclosure_category,True,Unspecified,9440,,Unspecified code,,,38664
5442722,2025-11-19,2025-11-24,23365,Mitch Green,4,record:505d17ab5768e40aca75c089,ActBlue,provisional_record_group,False,Business Entity,498,Fundraising Event Expenses,Fundraising event code,W SOMERVILLE,MA,38665
5444379,2025-11-19,2025-11-25,23199,Olivia Clark,4,record:428b0fcd0ef60ebaed796da1,Worldpay- C&E Merchant Services,provisional_record_group,False,Business Entity,12827,General Operational Expenses (need description),General operations,PORTLAND,OR,38680
5451538,2025-11-19,2025-12-03,17629,Eric Zimmerman,4,disclosure:17629:f88fe8ea980a,Miscellaneous Cash Expenditures $100 and under,disclosure_category,True,Unspecified,1750,,Unspecified code,,,38715
5459699,2025-11-19,2025-12-11,15109,Steve Novick,3,disclosure:15109:f88fe8ea980a,Miscellaneous Cash Expenditures $100 and under,disclosure_category,True,Unspecified,70,,Unspecified code,,,38746
5459826,2025-11-19,2025-12-12,23295,Eli Arnold,4,record:428b0fcd0ef60ebaed796da1,Worldpay- C&E Merchant Services,provisional_record_group,False,Business Entity,22211,General Operational Expenses (need description),General operations,PORTLAND,OR,38747
5442666,2025-11-20,2025-11-24,23208,Tiffany Koyama Lane,3,record:505d17ab5768e40aca75c089,ActBlue,provisional_record_group,False,Business Entity,5571,Fundraising Event Expenses,Fundraising event code,W SOMERVILLE,MA,38507
5442725,2025-11-20,2025-11-24,23365,Mitch Green,4,record:505d17ab5768e40aca75c089,ActBlue,provisional_record_group,False,Business Entity,4295,Fundraising Event Expenses,Fundraising event code,W SOMERVILLE,MA,38508
5443287,2025-11-20,2025-11-25,23411,Jeremy Beausoleil Smith,4,disclosure:23411:f88fe8ea980a,Miscellaneous Cash Expenditures $100 and under,disclosure_category,True,Unspecified,99,,Unspecified code,,,38514
5447188,2025-11-20,2025-12-01,23208,Tiffany Koyama Lane,3,disclosure:23208:f88fe8ea980a,Miscellaneous Cash Expenditures $100 and under,disclosure_category,True,Unspecified,840,,Unspecified code,,,38532
5442691,2025-11-21,2025-11-24,23208,Tiffany Koyama Lane,3,record:505d17ab5768e40aca75c089,ActBlue,provisional_record_group,False,Business Entity,139,Fundraising Event Expenses,Fundraising event code,W SOMERVILLE,MA,38366
5442714,2025-11-21,2025-11-24,23208,Tiffany Koyama Lane,3,disclosure:23208:f88fe8ea980a,Miscellaneous Cash Expenditures $100 and under,disclosure_category,True,Unspecified,4569,,Unspecified code,,,38367
5442747,2025-11-21,2025-11-24,23365,Mitch Green,4,record:505d17ab5768e40aca75c089,ActBlue,provisional_record_group,False,Business Entity,540,Fundraising Event Expenses,Fundraising event code,W SOMERVILLE,MA,38368
5442694,2025-11-22,2025-11-24,23208,Tiffany Koyama Lane,3,record:505d17ab5768e40aca75c089,ActBlue,provisional_record_group,False,Business Entity,278,Fundraising Event Expenses,Fundraising event code,W SOMERVILLE,MA,44712
5442757,2025-11-22,2025-11-24,23365,Mitch Green,4,record:505d17ab5768e40aca75c089,ActBlue,provisional_record_group,False,Business Entity,99,Fundraising Event Expenses,Fundraising event code,W SOMERVILLE,MA,44713
5462453,2025-11-23,2025-12-14,23028,Angelita Morillo,3,record:6fe62a06d150ba62854ff585,ActBlue,provisional_record_group,False,Business Entity,4450,,Unspecified code,SOMERVILLE,MA,44690
5447136,2025-11-24,2025-12-01,23208,Tiffany Koyama Lane,3,record:505d17ab5768e40aca75c089,ActBlue,provisional_record_group,False,Business Entity,238,Fundraising Event Expenses,Fundraising event code,W SOMERVILLE,MA,44604
5447161,2025-11-24,2025-12-01,23365,Mitch Green,4,record:505d17ab5768e40aca75c089,ActBlue,provisional_record_group,False,Business Entity,40,Fundraising Event Expenses,Fundraising event code,W SOMERVILLE,MA,44605
5459827,2025-11-24,2025-12-12,23295,Eli Arnold,4,record:c56e5baea9c887a7dbd76f0e,SquareSpace - SQSP,provisional_record_group,False,Business Entity,27600,General Operational Expenses (need description),General operations,NEW YORK,NY,44644
5459828,2025-11-24,2025-12-12,23295,Eli Arnold,4,record:c56e5baea9c887a7dbd76f0e,SquareSpace - SQSP,provisional_record_group,False,Business Entity,2300,General Operational Expenses (need description),General operations,NEW YORK,NY,44645
5447134,2025-11-25,2025-12-01,23208,Tiffany Koyama Lane,3,record:5c84c808cee039261c133b47,Iris Hodge,provisional_record_group,False,Individual,300000,Management Services,Management services,BROWNSVILLE,OR,44459
5447141,2025-11-25,2025-12-01,23208,Tiffany Koyama Lane,3,record:505d17ab5768e40aca75c089,ActBlue,provisional_record_group,False,Business Entity,20,Fundraising Event Expenses,Fundraising event code,W SOMERVILLE,MA,44460
5462512,2025-11-25,2025-12-15,23208,Tiffany Koyama Lane,3,disclosure:23208:f88fe8ea980a,Miscellaneous Cash Expenditures $100 and under,disclosure_category,True,Unspecified,1350,,Unspecified code,,,44516
5447008,2025-11-26,2025-12-08,23028,Angelita Morillo,3,record:7e730c330a08ae1587dd5c98,Meadowlark Bookkeeping,provisional_record_group,False,Business Entity,3600,,Unspecified code,PORTLAND,OR,44320
5447163,2025-11-26,2025-12-01,23365,Mitch Green,4,record:505d17ab5768e40aca75c089,ActBlue,provisional_record_group,False,Business Entity,593,Fundraising Event Expenses,Fundraising event code,W SOMERVILLE,MA,44326
5447198,2025-11-26,2025-12-01,23411,Jeremy Beausoleil Smith,4,disclosure:23411:f88fe8ea980a,Miscellaneous Cash Expenditures $100 and under,disclosure_category,True,Unspecified,1226,,Unspecified code,,,44327
5462513,2025-11-26,2025-12-15,23208,Tiffany Koyama Lane,3,disclosure:23208:f88fe8ea980a,Miscellaneous Cash Expenditures $100 and under,disclosure_category,True,Unspecified,10950,,Unspecified code,,,44395
5447143,2025-11-27,2025-12-01,23208,Tiffany Koyama Lane,3,record:505d17ab5768e40aca75c089,ActBlue,provisional_record_group,False,Business Entity,395,Fundraising Event Expenses,Fundraising event code,W SOMERVILLE,MA,44267
5447145,2025-11-28,2025-12-01,23208,Tiffany Koyama Lane,3,record:505d17ab5768e40aca75c089,ActBlue,provisional_record_group,False,Business Entity,147,Fundraising Event Expenses,Fundraising event code,W SOMERVILLE,MA,44187
5459829,2025-11-28,2025-12-12,23295,Eli Arnold,4,record:c56e5baea9c887a7dbd76f0e,SquareSpace - SQSP,provisional_record_group,False,Business Entity,2000,General Operational Expenses (need description),General operations,NEW YORK,NY,44224
5447148,2025-11-29,2025-12-01,23208,Tiffany Koyama Lane,3,record:505d17ab5768e40aca75c089,ActBlue,provisional_record_group,False,Business Entity,359,Fundraising Event Expenses,Fundraising event code,W SOMERVILLE,MA,44157
5447165,2025-11-29,2025-12-01,23365,Mitch Green,4,record:505d17ab5768e40aca75c089,ActBlue,provisional_record_group,False,Business Entity,99,Fundraising Event Expenses,Fundraising event code,W SOMERVILLE,MA,44158
5456624,2025-11-30,2025-12-08,23365,Mitch Green,4,record:505d17ab5768e40aca75c089,ActBlue,provisional_record_group,False,Business Entity,52,Fundraising Event Expenses,Fundraising event code,W SOMERVILLE,MA,44104
5456684,2025-11-30,2025-12-08,23208,Tiffany Koyama Lane,3,record:505d17ab5768e40aca75c089,ActBlue,provisional_record_group,False,Business Entity,40,Fundraising Event Expenses,Fundraising event code,W SOMERVILLE,MA,44105
5456686,2025-12-01,2025-12-08,23208,Tiffany Koyama Lane,3,record:505d17ab5768e40aca75c089,ActBlue,provisional_record_group,False,Business Entity,99,Fundraising Event Expenses,Fundraising event code,W SOMERVILLE,MA,43966
5456806,2025-12-01,2025-12-08,23411,Jeremy Beausoleil Smith,4,disclosure:23411:f88fe8ea980a,Miscellaneous Cash Expenditures $100 and under,disclosure_category,True,Unspecified,337,,Unspecified code,,,43970
5457096,2025-12-01,2025-12-08,23028,Angelita Morillo,3,record:5889c36455f4dc0ac34a9434,Google ,provisional_record_group,False,Business Entity,3600,,Unspecified code,MT. VIEW,CA,43973
5462504,2025-12-01,2025-12-15,23208,Tiffany Koyama Lane,3,record:367691ed84e4d7f3eb7dd0c8,Google,provisional_record_group,False,Business Entity,6064,General Operational Expenses (need description),General operations,MOUNTAIN VIEW,CA,44007
5462514,2025-12-01,2025-12-15,23208,Tiffany Koyama Lane,3,disclosure:23208:f88fe8ea980a,Miscellaneous Cash Expenditures $100 and under,disclosure_category,True,Unspecified,700,,Unspecified code,,,44008
5451516,2025-12-02,2025-12-03,17629,Eric Zimmerman,4,record:428b0fcd0ef60ebaed796da1,Worldpay- C&E Merchant Services,provisional_record_group,False,Business Entity,4935,General Operational Expenses (need description),General operations,PORTLAND,OR,43712
5456808,2025-12-02,2025-12-08,23411,Jeremy Beausoleil Smith,4,disclosure:23411:f88fe8ea980a,Miscellaneous Cash Expenditures $100 and under,disclosure_category,True,Unspecified,119,,Unspecified code,,,43756
5457097,2025-12-02,2025-12-08,23028,Angelita Morillo,3,record:5889c36455f4dc0ac34a9434,Google ,provisional_record_group,False,Business Entity,2608,,Unspecified code,MT. VIEW,CA,43758
5459830,2025-12-02,2025-12-12,23295,Eli Arnold,4,record:428b0fcd0ef60ebaed796da1,Worldpay- C&E Merchant Services,provisional_record_group,False,Business Entity,21717,General Operational Expenses (need description),General operations,PORTLAND,OR,43775
5462505,2025-12-02,2025-12-15,23208,Tiffany Koyama Lane,3,record:f9b918c4d087f0ce66a641d9,Kashann Kilson,provisional_record_group,False,Individual,20000,General Operational Expenses (need description),General operations,PORTLAND,OR,43789
5473671,2025-12-02,2025-12-22,23199,Olivia Clark,4,record:428b0fcd0ef60ebaed796da1,Worldpay- C&E Merchant Services,provisional_record_group,False,Business Entity,12757,General Operational Expenses (need description),General operations,PORTLAND,OR,43832
5456688,2025-12-03,2025-12-08,23208,Tiffany Koyama Lane,3,record:505d17ab5768e40aca75c089,ActBlue,provisional_record_group,False,Business Entity,614,Fundraising Event Expenses,Fundraising event code,W SOMERVILLE,MA,43544
5456810,2025-12-03,2025-12-08,23411,Jeremy Beausoleil Smith,4,disclosure:23411:f88fe8ea980a,Miscellaneous Cash Expenditures $100 and under,disclosure_category,True,Unspecified,20,,Unspecified code,,,43546
5462538,2025-12-03,2025-12-15,23365,Mitch Green,4,record:b1d73a49e2578c669b7ea820,SquareSpace Inc,provisional_record_group,False,Business Entity,27600,General Operational Expenses (need description),General operations,NEW YORK,NY,43576
5456626,2025-12-04,2025-12-08,23365,Mitch Green,4,record:505d17ab5768e40aca75c089,ActBlue,provisional_record_group,False,Business Entity,139,Fundraising Event Expenses,Fundraising event code,W SOMERVILLE,MA,43343
5456695,2025-12-04,2025-12-08,23208,Tiffany Koyama Lane,3,record:505d17ab5768e40aca75c089,ActBlue,provisional_record_group,False,Business Entity,79,Fundraising Event Expenses,Fundraising event code,W SOMERVILLE,MA,43344
5462500,2025-12-04,2025-12-15,23208,Tiffany Koyama Lane,3,record:d6d0edb21ed9ce9f86ff1e82,Lyft,provisional_record_group,False,Business Entity,1799,Travel Expenses (need description),Travel,SAN FRANCISCO,CA,43380
5456629,2025-12-05,2025-12-08,23365,Mitch Green,4,record:505d17ab5768e40aca75c089,ActBlue,provisional_record_group,False,Business Entity,5153,Fundraising Event Expenses,Fundraising event code,W SOMERVILLE,MA,43144
5456697,2025-12-05,2025-12-08,23208,Tiffany Koyama Lane,3,record:505d17ab5768e40aca75c089,ActBlue,provisional_record_group,False,Business Entity,20,Fundraising Event Expenses,Fundraising event code,W SOMERVILLE,MA,43145
5456663,2025-12-06,2025-12-08,23365,Mitch Green,4,record:505d17ab5768e40aca75c089,ActBlue,provisional_record_group,False,Business Entity,1350,Fundraising Event Expenses,Fundraising event code,W SOMERVILLE,MA,43036
5456699,2025-12-06,2025-12-08,23208,Tiffany Koyama Lane,3,record:505d17ab5768e40aca75c089,ActBlue,provisional_record_group,False,Business Entity,20,Fundraising Event Expenses,Fundraising event code,W SOMERVILLE,MA,43037
5462483,2025-12-07,2025-12-15,23208,Tiffany Koyama Lane,3,record:505d17ab5768e40aca75c089,ActBlue,provisional_record_group,False,Business Entity,99,Fundraising Event Expenses,Fundraising event code,W SOMERVILLE,MA,43002
5462524,2025-12-07,2025-12-15,23365,Mitch Green,4,record:505d17ab5768e40aca75c089,ActBlue,provisional_record_group,False,Business Entity,630,Fundraising Event Expenses,Fundraising event code,W SOMERVILLE,MA,43003
5488111,2025-12-07,2026-01-04,23028,Angelita Morillo,3,record:6fe62a06d150ba62854ff585,ActBlue,provisional_record_group,False,Business Entity,44,,Unspecified code,SOMERVILLE,MA,43020
5459659,2025-12-08,2025-12-11,15109,Steve Novick,3,record:1bb2be352bf803425cd21309,C&E Systems,provisional_record_group,False,Business Entity,5500,Management Services,Management services,PORTLAND,OR,42723
5459831,2025-12-08,2025-12-12,23295,Eli Arnold,4,record:1bb2be352bf803425cd21309,C&E Systems,provisional_record_group,False,Business Entity,119500,Management Services,Management services,PORTLAND,OR,42725
5462484,2025-12-08,2025-12-15,23208,Tiffany Koyama Lane,3,record:e96b0989e6aad20d2bdc4d03,Lydia Kiesling,provisional_record_group,False,Individual,9000,Management Services,Management services,PORTLAND,OR,42751
5462515,2025-12-08,2025-12-15,23208,Tiffany Koyama Lane,3,disclosure:23208:f88fe8ea980a,Miscellaneous Cash Expenditures $100 and under,disclosure_category,True,Unspecified,250,,Unspecified code,,,42752
5462526,2025-12-08,2025-12-15,23365,Mitch Green,4,record:505d17ab5768e40aca75c089,ActBlue,provisional_record_group,False,Business Entity,447,Fundraising Event Expenses,Fundraising event code,W SOMERVILLE,MA,42753
5462607,2025-12-08,2025-12-15,23411,Jeremy Beausoleil Smith,4,disclosure:23411:f88fe8ea980a,Miscellaneous Cash Expenditures $100 and under,disclosure_category,True,Unspecified,297,,Unspecified code,,,42756
5473673,2025-12-08,2025-12-22,23199,Olivia Clark,4,record:1bb2be352bf803425cd21309,C&E Systems,provisional_record_group,False,Business Entity,119500,Management Services,Management services,PORTLAND,OR,42830
5483164,2025-12-08,2025-12-29,17629,Eric Zimmerman,4,record:1bb2be352bf803425cd21309,C&E Systems,provisional_record_group,False,Business Entity,19500,Management Services,Management services,PORTLAND,OR,42898
5488107,2025-12-08,2026-01-04,23028,Angelita Morillo,3,record:33d478e600f27364b8e021ad,GoDaddy,provisional_record_group,False,Business Entity,8056,,Unspecified code,TEMPE,AZ,42921
5462486,2025-12-09,2025-12-15,23208,Tiffany Koyama Lane,3,record:505d17ab5768e40aca75c089,ActBlue,provisional_record_group,False,Business Entity,99,Fundraising Event Expenses,Fundraising event code,W SOMERVILLE,MA,42564
5462530,2025-12-09,2025-12-15,23365,Mitch Green,4,record:505d17ab5768e40aca75c089,ActBlue,provisional_record_group,False,Business Entity,1557,Fundraising Event Expenses,Fundraising event code,W SOMERVILLE,MA,42565
5462539,2025-12-09,2025-12-15,23365,Mitch Green,4,record:3c37d978f79677f4a6c49cde,Infused LLC,provisional_record_group,False,Business Entity,110000,General Operational Expenses (need description),General operations,LAKE OSWEGO,OR,42566
5462535,2025-12-10,2025-12-15,23365,Mitch Green,4,record:505d17ab5768e40aca75c089,ActBlue,provisional_record_group,False,Business Entity,40,Fundraising Event Expenses,Fundraising event code,W SOMERVILLE,MA,42398
5488235,2025-12-10,2026-01-05,23365,Mitch Green,4,record:5febafd6ce93266465ab5f1a,Christopher Fontaine,provisional_record_group,False,Individual,80000,General Operational Expenses (need description),General operations,PORTLAND,OR,42476
5462489,2025-12-11,2025-12-15,23208,Tiffany Koyama Lane,3,record:505d17ab5768e40aca75c089,ActBlue,provisional_record_group,False,Business Entity,337,Fundraising Event Expenses,Fundraising event code,W SOMERVILLE,MA,42255
5462494,2025-12-12,2025-12-15,23208,Tiffany Koyama Lane,3,record:505d17ab5768e40aca75c089,ActBlue,provisional_record_group,False,Business Entity,989,Fundraising Event Expenses,Fundraising event code,W SOMERVILLE,MA,42106
5463816,2025-12-12,2025-12-16,23295,Eli Arnold,4,record:897ca0e9c4652ae0639ef42d,Mailchimp,provisional_record_group,False,Business Entity,6000,General Operational Expenses (need description),General operations,ATLANTA,GA,42120
5472003,2025-12-14,2025-12-22,23365,Mitch Green,4,record:505d17ab5768e40aca75c089,ActBlue,provisional_record_group,False,Business Entity,99,Fundraising Event Expenses,Fundraising event code,W SOMERVILLE,MA,41993
5472008,2025-12-14,2025-12-22,23208,Tiffany Koyama Lane,3,record:505d17ab5768e40aca75c089,ActBlue,provisional_record_group,False,Business Entity,317,Fundraising Event Expenses,Fundraising event code,W SOMERVILLE,MA,41994
5488112,2025-12-14,2026-01-04,23028,Angelita Morillo,3,record:6fe62a06d150ba62854ff585,ActBlue,provisional_record_group,False,Business Entity,6309,,Unspecified code,SOMERVILLE,MA,42031
5472018,2025-12-15,2025-12-22,23208,Tiffany Koyama Lane,3,record:505d17ab5768e40aca75c089,ActBlue,provisional_record_group,False,Business Entity,1089,Fundraising Event Expenses,Fundraising event code,W SOMERVILLE,MA,41889
5488108,2025-12-15,2026-01-04,23028,Angelita Morillo,3,record:6e1644ed463471fe1dd0842a,Mailchimp,provisional_record_group,False,Business Entity,11000,,Unspecified code,ATLANTA,GA,41934
5488270,2025-12-15,2026-01-05,23208,Tiffany Koyama Lane,3,record:d6d0edb21ed9ce9f86ff1e82,Lyft,provisional_record_group,False,Business Entity,2158,Travel Expenses (need description),Travel,SAN FRANCISCO,CA,41935
5521035,2025-12-15,2026-01-29,23208,Tiffany Koyama Lane,3,record:1d13197007c784df721d7359,Canva,provisional_record_group,False,Business Entity,3000,General Operational Expenses (need description),General operations,SAN JOSE,CA,41968
5472002,2025-12-16,2025-12-22,23208,Tiffany Koyama Lane,3,record:6403fa1044e000273aa5169d,Mailchimp,provisional_record_group,False,Business Entity,23000,General Operational Expenses (need description),General operations,ATLANTA,GA,41683
5473647,2025-12-16,2025-12-22,23411,Jeremy Beausoleil Smith,4,disclosure:23411:f88fe8ea980a,Miscellaneous Cash Expenditures $100 and under,disclosure_category,True,Unspecified,593,,Unspecified code,,,41684
5473651,2025-12-17,2025-12-22,23411,Jeremy Beausoleil Smith,4,disclosure:23411:f88fe8ea980a,Miscellaneous Cash Expenditures $100 and under,disclosure_category,True,Unspecified,198,,Unspecified code,,,47516
5473676,2025-12-17,2025-12-22,23199,Olivia Clark,4,record:428b0fcd0ef60ebaed796da1,Worldpay- C&E Merchant Services,provisional_record_group,False,Business Entity,13175,General Operational Expenses (need description),General operations,PORTLAND,OR,47517
5483166,2025-12-17,2025-12-29,17629,Eric Zimmerman,4,record:428b0fcd0ef60ebaed796da1,Worldpay- C&E Merchant Services,provisional_record_group,False,Business Entity,437,General Operational Expenses (need description),General operations,PORTLAND,OR,47545
5504441,2025-12-17,2026-01-13,15109,Steve Novick,3,disclosure:15109:f88fe8ea980a,Miscellaneous Cash Expenditures $100 and under,disclosure_category,True,Unspecified,1225,,Unspecified code,,,47601
5505023,2025-12-17,2026-01-14,23295,Eli Arnold,4,record:428b0fcd0ef60ebaed796da1,Worldpay- C&E Merchant Services,provisional_record_group,False,Business Entity,11760,General Operational Expenses (need description),General operations,PORTLAND,OR,47603
5473654,2025-12-18,2025-12-22,23411,Jeremy Beausoleil Smith,4,disclosure:23411:f88fe8ea980a,Miscellaneous Cash Expenditures $100 and under,disclosure_category,True,Unspecified,494,,Unspecified code,,,47331
5472036,2025-12-19,2025-12-22,23208,Tiffany Koyama Lane,3,record:505d17ab5768e40aca75c089,ActBlue,provisional_record_group,False,Business Entity,159,Fundraising Event Expenses,Fundraising event code,W SOMERVILLE,MA,47193
5473657,2025-12-19,2025-12-22,23411,Jeremy Beausoleil Smith,4,disclosure:23411:f88fe8ea980a,Miscellaneous Cash Expenditures $100 and under,disclosure_category,True,Unspecified,317,,Unspecified code,,,47196
5472009,2025-12-20,2025-12-22,23365,Mitch Green,4,record:505d17ab5768e40aca75c089,ActBlue,provisional_record_group,False,Business Entity,793,Fundraising Event Expenses,Fundraising event code,W SOMERVILLE,MA,47131
5472044,2025-12-20,2025-12-22,23208,Tiffany Koyama Lane,3,record:505d17ab5768e40aca75c089,ActBlue,provisional_record_group,False,Business Entity,99,Fundraising Event Expenses,Fundraising event code,W SOMERVILLE,MA,47132
5481796,2025-12-21,2025-12-29,23365,Mitch Green,4,record:505d17ab5768e40aca75c089,ActBlue,provisional_record_group,False,Business Entity,183,Fundraising Event Expenses,Fundraising event code,W SOMERVILLE,MA,47095
5488113,2025-12-21,2026-01-04,23028,Angelita Morillo,3,record:6fe62a06d150ba62854ff585,ActBlue,provisional_record_group,False,Business Entity,988,,Unspecified code,SOMERVILLE,MA,47108
5481770,2025-12-22,2025-12-29,23208,Tiffany Koyama Lane,3,record:505d17ab5768e40aca75c089,ActBlue,provisional_record_group,False,Business Entity,1976,Fundraising Event Expenses,Fundraising event code,W SOMERVILLE,MA,46993
5488299,2025-12-23,2026-01-05,23208,Tiffany Koyama Lane,3,disclosure:23208:f88fe8ea980a,Miscellaneous Cash Expenditures $100 and under,disclosure_category,True,Unspecified,5845,,Unspecified code,,,46883
5481776,2025-12-24,2025-12-29,23208,Tiffany Koyama Lane,3,record:505d17ab5768e40aca75c089,ActBlue,provisional_record_group,False,Business Entity,1383,Fundraising Event Expenses,Fundraising event code,W SOMERVILLE,MA,46729
5481798,2025-12-24,2025-12-29,23365,Mitch Green,4,record:505d17ab5768e40aca75c089,ActBlue,provisional_record_group,False,Business Entity,635,Fundraising Event Expenses,Fundraising event code,W SOMERVILLE,MA,46730
5488300,2025-12-24,2026-01-05,23208,Tiffany Koyama Lane,3,disclosure:23208:f88fe8ea980a,Miscellaneous Cash Expenditures $100 and under,disclosure_category,True,Unspecified,1020,,Unspecified code,,,46753
5481807,2025-12-25,2025-12-29,23365,Mitch Green,4,record:505d17ab5768e40aca75c089,ActBlue,provisional_record_group,False,Business Entity,1326,Fundraising Event Expenses,Fundraising event code,W SOMERVILLE,MA,46682
5488274,2025-12-26,2026-01-05,23208,Tiffany Koyama Lane,3,record:f9b918c4d087f0ce66a641d9,Kashann Kilson,provisional_record_group,False,Individual,5000,General Operational Expenses (need description),General operations,PORTLAND,OR,46627
5488275,2025-12-26,2026-01-05,23208,Tiffany Koyama Lane,3,record:00452180ff42f70c0d273640,Kelly Novahom,provisional_record_group,False,Individual,40000,Online and Social Media Advertising,Online advertising,PORTLAND,OR,46628
5488276,2025-12-26,2026-01-05,23208,Tiffany Koyama Lane,3,record:5c84c808cee039261c133b47,Iris Hodge,provisional_record_group,False,Individual,300000,Management Services,Management services,BROWNSVILLE,OR,46629
5488236,2025-12-27,2026-01-05,23365,Mitch Green,4,record:b1d73a49e2578c669b7ea820,SquareSpace Inc,provisional_record_group,False,Business Entity,8400,General Operational Expenses (need description),General operations,NEW YORK,NY,46579
5481778,2025-12-28,2025-12-29,23208,Tiffany Koyama Lane,3,record:505d17ab5768e40aca75c089,ActBlue,provisional_record_group,False,Business Entity,147,Fundraising Event Expenses,Fundraising event code,W SOMERVILLE,MA,46523
5482286,2025-12-28,2025-12-29,23411,Jeremy Beausoleil Smith,4,disclosure:23411:f88fe8ea980a,Miscellaneous Cash Expenditures $100 and under,disclosure_category,True,Unspecified,20,,Unspecified code,,,46529
5488114,2025-12-28,2026-01-04,23028,Angelita Morillo,3,record:6fe62a06d150ba62854ff585,ActBlue,provisional_record_group,False,Business Entity,2435,,Unspecified code,SOMERVILLE,MA,46545
5488237,2025-12-28,2026-01-05,23365,Mitch Green,4,record:7fdeef2196465df815df7a1b,Zoom Video Communications Inc.,provisional_record_group,False,Business Entity,15990,General Operational Expenses (need description),General operations,SAN JOSE,CA,46546
5488195,2025-12-29,2026-01-05,23365,Mitch Green,4,record:505d17ab5768e40aca75c089,ActBlue,provisional_record_group,False,Business Entity,207,Fundraising Event Expenses,Fundraising event code,W SOMERVILLE,MA,46451
5488239,2025-12-29,2026-01-05,23208,Tiffany Koyama Lane,3,record:505d17ab5768e40aca75c089,ActBlue,provisional_record_group,False,Business Entity,229,Fundraising Event Expenses,Fundraising event code,W SOMERVILLE,MA,46452
5488303,2025-12-29,2026-01-05,23208,Tiffany Koyama Lane,3,disclosure:23208:f88fe8ea980a,Miscellaneous Cash Expenditures $100 and under,disclosure_category,True,Unspecified,645,,Unspecified code,,,46454
5488204,2025-12-30,2026-01-05,23365,Mitch Green,4,record:505d17ab5768e40aca75c089,ActBlue,provisional_record_group,False,Business Entity,1161,Fundraising Event Expenses,Fundraising event code,W SOMERVILLE,MA,46262
5488245,2025-12-30,2026-01-05,23208,Tiffany Koyama Lane,3,record:505d17ab5768e40aca75c089,ActBlue,provisional_record_group,False,Business Entity,1939,Fundraising Event Expenses,Fundraising event code,W SOMERVILLE,MA,46263
5521009,2025-12-30,2026-01-29,23411,Jeremy Beausoleil Smith,4,record:b5e0da70e02731f56601a3d5,Hallie Frost,provisional_record_group,False,Individual,50000,General Operational Expenses (need description),General operations,PORTLAND,OR,46369
5521010,2025-12-30,2026-01-29,23411,Jeremy Beausoleil Smith,4,record:2b63525157153ea17f0caed7,Lucky Seven Signs,provisional_record_group,False,Business Entity,75000,General Operational Expenses (need description),General operations,PORTLAND,OR,46370
5488115,2025-12-31,2026-01-04,23028,Angelita Morillo,3,record:6fe62a06d150ba62854ff585,ActBlue,provisional_record_group,False,Business Entity,6612,,Unspecified code,SOMERVILLE,MA,46080
5488217,2025-12-31,2026-01-05,23365,Mitch Green,4,record:505d17ab5768e40aca75c089,ActBlue,provisional_record_group,False,Business Entity,1267,Fundraising Event Expenses,Fundraising event code,W SOMERVILLE,MA,46082
5488257,2025-12-31,2026-01-05,23208,Tiffany Koyama Lane,3,record:505d17ab5768e40aca75c089,ActBlue,provisional_record_group,False,Business Entity,475,Fundraising Event Expenses,Fundraising event code,W SOMERVILLE,MA,46083
5488296,2026-01-01,2026-01-05,23365,Mitch Green,4,disclosure:23365:f88fe8ea980a,Miscellaneous Cash Expenditures $100 and under,disclosure_category,True,Unspecified,297,,Unspecified code,,,45980
5488308,2026-01-01,2026-01-05,23208,Tiffany Koyama Lane,3,disclosure:23208:f88fe8ea980a,Miscellaneous Cash Expenditures $100 and under,disclosure_category,True,Unspecified,474,,Unspecified code,,,45981
5523919,2026-01-02,2026-01-30,23208,Tiffany Koyama Lane,3,disclosure:23208:f88fe8ea980a,Miscellaneous Cash Expenditures $100 and under,disclosure_category,True,Unspecified,5760,,Unspecified code,,,45932
5533956,2026-01-02,2026-02-09,23028,Angelita Morillo,3,record:5889c36455f4dc0ac34a9434,Google ,provisional_record_group,False,Business Entity,2608,Online and Social Media Advertising,Online advertising,MT. VIEW,CA,45956
5533958,2026-01-02,2026-02-09,23028,Angelita Morillo,3,record:5889c36455f4dc0ac34a9434,Google ,provisional_record_group,False,Business Entity,3600,Online and Social Media Advertising,Online advertising,MT. VIEW,CA,45957
5488310,2026-01-03,2026-01-05,23208,Tiffany Koyama Lane,3,disclosure:23208:f88fe8ea980a,Miscellaneous Cash Expenditures $100 and under,disclosure_category,True,Unspecified,1403,,Unspecified code,,,45802
5491647,2026-01-04,2026-01-06,23365,Mitch Green,4,disclosure:23365:f88fe8ea980a,Miscellaneous Cash Expenditures $100 and under,disclosure_category,True,Unspecified,278,,Unspecified code,,,45752
5500507,2026-01-04,2026-01-11,23028,Angelita Morillo,3,disclosure:23028:f88fe8ea980a,Miscellaneous Cash Expenditures $100 and under,disclosure_category,True,Unspecified,2385,,Unspecified code,,,45764
5500707,2026-01-04,2026-01-12,23208,Tiffany Koyama Lane,3,disclosure:23208:f88fe8ea980a,Miscellaneous Cash Expenditures $100 and under,disclosure_category,True,Unspecified,1462,,Unspecified code,,,45765
5507834,2026-01-04,2026-01-16,23411,Jeremy Beausoleil Smith,4,disclosure:23411:f88fe8ea980a,Miscellaneous Cash Expenditures $100 and under,disclosure_category,True,Unspecified,613,,Unspecified code,,,45774
5491646,2026-01-05,2026-01-06,23365,Mitch Green,4,record:0bd926a9c85d9f851966e0b7,Leslie McCollom Fontaine,provisional_record_group,False,Individual,112000,Online and Social Media Advertising,Online advertising,PORTLAND,OR,45504
5500710,2026-01-05,2026-01-12,23208,Tiffany Koyama Lane,3,disclosure:23208:f88fe8ea980a,Miscellaneous Cash Expenditures $100 and under,disclosure_category,True,Unspecified,1820,,Unspecified code,,,45575
5503255,2026-01-05,2026-01-13,15109,Steve Novick,3,record:428b0fcd0ef60ebaed796da1,Worldpay- C&E Merchant Services,provisional_record_group,False,Business Entity,20527,General Operational Expenses (need description),General operations,PORTLAND,OR,45593
5505194,2026-01-05,2026-01-14,23295,Eli Arnold,4,disclosure:23295:f88fe8ea980a,Miscellaneous Cash Expenditures $100 and under,disclosure_category,True,Unspecified,9590,,Unspecified code,,,45599
5507836,2026-01-05,2026-01-16,23411,Jeremy Beausoleil Smith,4,disclosure:23411:f88fe8ea980a,Miscellaneous Cash Expenditures $100 and under,disclosure_category,True,Unspecified,397,,Unspecified code,,,45607
5513949,2026-01-05,2026-01-22,23199,Olivia Clark,4,disclosure:23199:f88fe8ea980a,Miscellaneous Cash Expenditures $100 and under,disclosure_category,True,Unspecified,3675,,Unspecified code,,,45639
5519900,2026-01-05,2026-01-28,17629,Eric Zimmerman,4,disclosure:17629:f88fe8ea980a,Miscellaneous Cash Expenditures $100 and under,disclosure_category,True,Unspecified,682,,Unspecified code,,,45674
5530061,2026-01-05,2026-02-04,23365,Mitch Green,4,disclosure:23365:f88fe8ea980a,Miscellaneous Cash Expenditures $100 and under,disclosure_category,True,Unspecified,948,,Unspecified code,,,45723
5500712,2026-01-06,2026-01-12,23208,Tiffany Koyama Lane,3,disclosure:23208:f88fe8ea980a,Miscellaneous Cash Expenditures $100 and under,disclosure_category,True,Unspecified,594,,Unspecified code,,,45375
5500728,2026-01-06,2026-01-12,23365,Mitch Green,4,disclosure:23365:f88fe8ea980a,Miscellaneous Cash Expenditures $100 and under,disclosure_category,True,Unspecified,655,,Unspecified code,,,45377
5500719,2026-01-07,2026-01-12,23208,Tiffany Koyama Lane,3,disclosure:23208:f88fe8ea980a,Miscellaneous Cash Expenditures $100 and under,disclosure_category,True,Unspecified,7145,,Unspecified code,,,45077
5500730,2026-01-07,2026-01-12,23365,Mitch Green,4,disclosure:23365:f88fe8ea980a,Miscellaneous Cash Expenditures $100 and under,disclosure_category,True,Unspecified,278,,Unspecified code,,,45079
5503259,2026-01-07,2026-01-13,15109,Steve Novick,3,record:1bb2be352bf803425cd21309,C&E Systems,provisional_record_group,False,Business Entity,59500,Management Services,Management services,PORTLAND,OR,45094
5505027,2026-01-07,2026-01-14,23295,Eli Arnold,4,record:1bb2be352bf803425cd21309,C&E Systems,provisional_record_group,False,Business Entity,119500,Management Services,Management services,PORTLAND,OR,45103
5507839,2026-01-07,2026-01-16,23411,Jeremy Beausoleil Smith,4,disclosure:23411:f88fe8ea980a,Miscellaneous Cash Expenditures $100 and under,disclosure_category,True,Unspecified,2075,,Unspecified code,,,45117
5513874,2026-01-07,2026-01-22,23199,Olivia Clark,4,record:1bb2be352bf803425cd21309,C&E Systems,provisional_record_group,False,Business Entity,119589,Management Services,Management services,PORTLAND,OR,45161
5519839,2026-01-07,2026-01-28,17629,Eric Zimmerman,4,record:1bb2be352bf803425cd21309,C&E Systems,provisional_record_group,False,Business Entity,19589,Management Services,Management services,PORTLAND,OR,45193
5521007,2026-01-07,2026-01-29,23411,Jeremy Beausoleil Smith,4,record:6ff55e9d23eac3f7ff03a674,Justin Filtz,provisional_record_group,False,Individual,70000,Management Services,Management services,PORTLAND,OR,45197
5500732,2026-01-08,2026-01-12,23365,Mitch Green,4,disclosure:23365:f88fe8ea980a,Miscellaneous Cash Expenditures $100 and under,disclosure_category,True,Unspecified,20,,Unspecified code,,,44934
5500723,2026-01-09,2026-01-12,23208,Tiffany Koyama Lane,3,disclosure:23208:f88fe8ea980a,Miscellaneous Cash Expenditures $100 and under,disclosure_category,True,Unspecified,1891,,Unspecified code,,,44802
5500733,2026-01-09,2026-01-12,23365,Mitch Green,4,disclosure:23365:f88fe8ea980a,Miscellaneous Cash Expenditures $100 and under,disclosure_category,True,Unspecified,1975,,Unspecified code,,,44804
5505029,2026-01-09,2026-01-14,23295,Eli Arnold,4,record:4d0ffddcbfe7a3e70e5e3040,SYMBIOSIS PRINTING,provisional_record_group,False,Business Entity,11000,"Literature, Brochures, Printing",Literature and printing,PORTLAND,OR,44822
5505197,2026-01-09,2026-01-14,23295,Eli Arnold,4,disclosure:23295:f88fe8ea980a,Miscellaneous Cash Expenditures $100 and under,disclosure_category,True,Unspecified,1430,,Unspecified code,,,44823
5507841,2026-01-09,2026-01-16,23411,Jeremy Beausoleil Smith,4,disclosure:23411:f88fe8ea980a,Miscellaneous Cash Expenditures $100 and under,disclosure_category,True,Unspecified,712,,Unspecified code,,,44829
5510942,2026-01-11,2026-01-19,23208,Tiffany Koyama Lane,3,disclosure:23208:f88fe8ea980a,Miscellaneous Cash Expenditures $100 and under,disclosure_category,True,Unspecified,278,,Unspecified code,,,54135
5510983,2026-01-11,2026-01-19,23365,Mitch Green,4,disclosure:23365:f88fe8ea980a,Miscellaneous Cash Expenditures $100 and under,disclosure_category,True,Unspecified,99,,Unspecified code,,,54137
5511047,2026-01-11,2026-01-19,23411,Jeremy Beausoleil Smith,4,disclosure:23411:f88fe8ea980a,Miscellaneous Cash Expenditures $100 and under,disclosure_category,True,Unspecified,139,,Unspecified code,,,54138
5524258,2026-01-11,2026-01-30,23028,Angelita Morillo,3,record:6fe62a06d150ba62854ff585,ActBlue,provisional_record_group,False,Business Entity,7637,,Unspecified code,SOMERVILLE,MA,54147
5505201,2026-01-12,2026-01-14,23295,Eli Arnold,4,disclosure:23295:f88fe8ea980a,Miscellaneous Cash Expenditures $100 and under,disclosure_category,True,Unspecified,6000,,Unspecified code,,,54025
5510943,2026-01-12,2026-01-19,23208,Tiffany Koyama Lane,3,disclosure:23208:f88fe8ea980a,Miscellaneous Cash Expenditures $100 and under,disclosure_category,True,Unspecified,5681,,Unspecified code,,,54058
5510984,2026-01-12,2026-01-19,23365,Mitch Green,4,disclosure:23365:f88fe8ea980a,Miscellaneous Cash Expenditures $100 and under,disclosure_category,True,Unspecified,2075,,Unspecified code,,,54059
5511049,2026-01-12,2026-01-19,23411,Jeremy Beausoleil Smith,4,disclosure:23411:f88fe8ea980a,Miscellaneous Cash Expenditures $100 and under,disclosure_category,True,Unspecified,198,,Unspecified code,,,54060
5636305,2026-01-12,2026-04-23,24661,Tom Sollitt,3,disclosure:24661:f88fe8ea980a,Miscellaneous Cash Expenditures $100 and under,disclosure_category,True,Unspecified,2500,,Unspecified code,,,54109
5505038,2026-01-13,2026-01-14,23295,Eli Arnold,4,record:18d577d4e47fed50eff3ccf3,Morel Ink,provisional_record_group,False,Business Entity,26100,"Literature, Brochures, Printing",Literature and printing,PORTLAND,OR,53862
5505042,2026-01-13,2026-01-14,23295,Eli Arnold,4,record:9d3373dec3c3973f8badd0f3,Tara Faul,provisional_record_group,False,Individual,17500,General Operational Expenses (need description),General operations,PORTLAND,OR,53863
5510946,2026-01-13,2026-01-19,23208,Tiffany Koyama Lane,3,disclosure:23208:f88fe8ea980a,Miscellaneous Cash Expenditures $100 and under,disclosure_category,True,Unspecified,396,,Unspecified code,,,53906
5510987,2026-01-13,2026-01-19,23365,Mitch Green,4,disclosure:23365:f88fe8ea980a,Miscellaneous Cash Expenditures $100 and under,disclosure_category,True,Unspecified,99,,Unspecified code,,,53908
5511051,2026-01-13,2026-01-19,23411,Jeremy Beausoleil Smith,4,disclosure:23411:f88fe8ea980a,Miscellaneous Cash Expenditures $100 and under,disclosure_category,True,Unspecified,198,,Unspecified code,,,53910
5510948,2026-01-14,2026-01-19,23208,Tiffany Koyama Lane,3,disclosure:23208:f88fe8ea980a,Miscellaneous Cash Expenditures $100 and under,disclosure_category,True,Unspecified,3099,,Unspecified code,,,53768
5510989,2026-01-14,2026-01-19,23365,Mitch Green,4,disclosure:23365:f88fe8ea980a,Miscellaneous Cash Expenditures $100 and under,disclosure_category,True,Unspecified,99,,Unspecified code,,,53770
5511053,2026-01-14,2026-01-19,23411,Jeremy Beausoleil Smith,4,disclosure:23411:f88fe8ea980a,Miscellaneous Cash Expenditures $100 and under,disclosure_category,True,Unspecified,238,,Unspecified code,,,53771
5524944,2026-01-14,2026-01-30,23028,Angelita Morillo,3,record:6e1644ed463471fe1dd0842a,Mailchimp,provisional_record_group,False,Business Entity,11000,,Unspecified code,ATLANTA,GA,53814
5510949,2026-01-15,2026-01-19,23208,Tiffany Koyama Lane,3,disclosure:23208:f88fe8ea980a,Miscellaneous Cash Expenditures $100 and under,disclosure_category,True,Unspecified,889,,Unspecified code,,,53643
5511055,2026-01-15,2026-01-19,23411,Jeremy Beausoleil Smith,4,disclosure:23411:f88fe8ea980a,Miscellaneous Cash Expenditures $100 and under,disclosure_category,True,Unspecified,198,,Unspecified code,,,53644
5636306,2026-01-15,2026-04-23,24661,Tom Sollitt,3,disclosure:24661:f88fe8ea980a,Miscellaneous Cash Expenditures $100 and under,disclosure_category,True,Unspecified,1329,,Unspecified code,,,53722
5510867,2026-01-16,2026-01-19,23208,Tiffany Koyama Lane,3,record:6403fa1044e000273aa5169d,Mailchimp,provisional_record_group,False,Business Entity,23000,General Operational Expenses (need description),General operations,ATLANTA,GA,53510
5510952,2026-01-16,2026-01-19,23208,Tiffany Koyama Lane,3,disclosure:23208:f88fe8ea980a,Miscellaneous Cash Expenditures $100 and under,disclosure_category,True,Unspecified,2196,,Unspecified code,,,53511
5510991,2026-01-16,2026-01-19,23365,Mitch Green,4,disclosure:23365:f88fe8ea980a,Miscellaneous Cash Expenditures $100 and under,disclosure_category,True,Unspecified,40,,Unspecified code,,,53512
5511057,2026-01-16,2026-01-19,23411,Jeremy Beausoleil Smith,4,disclosure:23411:f88fe8ea980a,Miscellaneous Cash Expenditures $100 and under,disclosure_category,True,Unspecified,812,,Unspecified code,,,53513
5510954,2026-01-17,2026-01-19,23208,Tiffany Koyama Lane,3,disclosure:23208:f88fe8ea980a,Miscellaneous Cash Expenditures $100 and under,disclosure_category,True,Unspecified,40,,Unspecified code,,,53439
5510993,2026-01-17,2026-01-19,23365,Mitch Green,4,disclosure:23365:f88fe8ea980a,Miscellaneous Cash Expenditures $100 and under,disclosure_category,True,Unspecified,40,,Unspecified code,,,53440
5511059,2026-01-17,2026-01-19,23411,Jeremy Beausoleil Smith,4,disclosure:23411:f88fe8ea980a,Miscellaneous Cash Expenditures $100 and under,disclosure_category,True,Unspecified,20,,Unspecified code,,,53442
5516930,2026-01-18,2026-01-26,23208,Tiffany Koyama Lane,3,disclosure:23208:f88fe8ea980a,Miscellaneous Cash Expenditures $100 and under,disclosure_category,True,Unspecified,119,,Unspecified code,,,53405
5524696,2026-01-18,2026-01-30,23028,Angelita Morillo,3,record:6fe62a06d150ba62854ff585,ActBlue,provisional_record_group,False,Business Entity,4176,,Unspecified code,SOMERVILLE,MA,53412
5641224,2026-01-18,2026-04-27,24661,Tom Sollitt,3,disclosure:24661:f88fe8ea980a,Miscellaneous Cash Expenditures $100 and under,disclosure_category,True,Unspecified,158,,Unspecified code,,,53431
5516922,2026-01-19,2026-01-26,23365,Mitch Green,4,disclosure:23365:f88fe8ea980a,Miscellaneous Cash Expenditures $100 and under,disclosure_category,True,Unspecified,494,,Unspecified code,,,53358
5516932,2026-01-19,2026-01-26,23208,Tiffany Koyama Lane,3,disclosure:23208:f88fe8ea980a,Miscellaneous Cash Expenditures $100 and under,disclosure_category,True,Unspecified,20,,Unspecified code,,,53359
5517084,2026-01-19,2026-01-26,23411,Jeremy Beausoleil Smith,4,disclosure:23411:f88fe8ea980a,Miscellaneous Cash Expenditures $100 and under,disclosure_category,True,Unspecified,692,,Unspecified code,,,53361
5512733,2026-01-20,2026-01-21,23295,Eli Arnold,4,record:d31a6baa9f0a5121aa634a5c,Samverka Strategies,provisional_record_group,False,Business Entity,12500,General Operational Expenses (need description),General operations,PORTLAND,OR,52994
5512734,2026-01-20,2026-01-21,23295,Eli Arnold,4,record:428b0fcd0ef60ebaed796da1,Worldpay- C&E Merchant Services,provisional_record_group,False,Business Entity,11585,General Operational Expenses (need description),General operations,PORTLAND,OR,52995
5513955,2026-01-20,2026-01-22,23199,Olivia Clark,4,disclosure:23199:f88fe8ea980a,Miscellaneous Cash Expenditures $100 and under,disclosure_category,True,Unspecified,3657,,Unspecified code,,,53036
5516924,2026-01-20,2026-01-26,23365,Mitch Green,4,disclosure:23365:f88fe8ea980a,Miscellaneous Cash Expenditures $100 and under,disclosure_category,True,Unspecified,674,,Unspecified code,,,53102
5516934,2026-01-20,2026-01-26,23208,Tiffany Koyama Lane,3,disclosure:23208:f88fe8ea980a,Miscellaneous Cash Expenditures $100 and under,disclosure_category,True,Unspecified,682,,Unspecified code,,,53103
5519903,2026-01-20,2026-01-28,17629,Eric Zimmerman,4,disclosure:17629:f88fe8ea980a,Miscellaneous Cash Expenditures $100 and under,disclosure_category,True,Unspecified,1225,,Unspecified code,,,53190
5524719,2026-01-20,2026-01-30,23295,Eli Arnold,4,record:6ed369428d00bd031f07f870,FedEx Office,provisional_record_group,False,Business Entity,14200,"Literature, Brochures, Printing",Literature and printing,DALLAS,TX,53218
5524863,2026-01-20,2026-01-30,23295,Eli Arnold,4,disclosure:23295:f88fe8ea980a,Miscellaneous Cash Expenditures $100 and under,disclosure_category,True,Unspecified,1099,,Unspecified code,,,53219
5528649,2026-01-20,2026-02-03,15109,Steve Novick,3,record:428b0fcd0ef60ebaed796da1,Worldpay- C&E Merchant Services,provisional_record_group,False,Business Entity,5285,General Operational Expenses (need description),General operations,PORTLAND,OR,53259
5516926,2026-01-21,2026-01-26,23365,Mitch Green,4,disclosure:23365:f88fe8ea980a,Miscellaneous Cash Expenditures $100 and under,disclosure_category,True,Unspecified,183,,Unspecified code,,,52857
5516936,2026-01-21,2026-01-26,23208,Tiffany Koyama Lane,3,disclosure:23208:f88fe8ea980a,Miscellaneous Cash Expenditures $100 and under,disclosure_category,True,Unspecified,395,,Unspecified code,,,52858
5517086,2026-01-21,2026-01-26,23411,Jeremy Beausoleil Smith,4,disclosure:23411:f88fe8ea980a,Miscellaneous Cash Expenditures $100 and under,disclosure_category,True,Unspecified,198,,Unspecified code,,,52860
5524715,2026-01-21,2026-01-30,23295,Eli Arnold,4,record:18d577d4e47fed50eff3ccf3,Morel Ink,provisional_record_group,False,Business Entity,62240,"Literature, Brochures, Printing",Literature and printing,PORTLAND,OR,52888
5524945,2026-01-21,2026-01-30,23028,Angelita Morillo,3,record:7e730c330a08ae1587dd5c98,Meadowlark Bookkeeping,provisional_record_group,False,Business Entity,64000,,Unspecified code,PORTLAND,OR,52890
5516938,2026-01-22,2026-01-26,23208,Tiffany Koyama Lane,3,disclosure:23208:f88fe8ea980a,Miscellaneous Cash Expenditures $100 and under,disclosure_category,True,Unspecified,4652,,Unspecified code,,,52636
5517088,2026-01-22,2026-01-26,23411,Jeremy Beausoleil Smith,4,disclosure:23411:f88fe8ea980a,Miscellaneous Cash Expenditures $100 and under,disclosure_category,True,Unspecified,178,,Unspecified code,,,52637
5521006,2026-01-22,2026-01-29,23411,Jeremy Beausoleil Smith,4,record:6ff55e9d23eac3f7ff03a674,Justin Filtz,provisional_record_group,False,Individual,70000,Management Services,Management services,PORTLAND,OR,52680
5516940,2026-01-23,2026-01-26,23208,Tiffany Koyama Lane,3,disclosure:23208:f88fe8ea980a,Miscellaneous Cash Expenditures $100 and under,disclosure_category,True,Unspecified,534,,Unspecified code,,,52435
5524717,2026-01-23,2026-01-30,23295,Eli Arnold,4,record:cd3a1679b6dcc6825c248425,White Hat Technology,provisional_record_group,False,Business Entity,24760,General Operational Expenses (need description),General operations,PHOENIX,AZ,52475
5516928,2026-01-24,2026-01-26,23365,Mitch Green,4,disclosure:23365:f88fe8ea980a,Miscellaneous Cash Expenditures $100 and under,disclosure_category,True,Unspecified,40,,Unspecified code,,,52369
5521028,2026-01-25,2026-01-29,23208,Tiffany Koyama Lane,3,record:505d17ab5768e40aca75c089,ActBlue,provisional_record_group,False,Business Entity,673,Fundraising Event Expenses,Fundraising event code,W SOMERVILLE,MA,52316
5523820,2026-01-25,2026-01-30,23365,Mitch Green,4,disclosure:23365:f88fe8ea980a,Miscellaneous Cash Expenditures $100 and under,disclosure_category,True,Unspecified,40,,Unspecified code,,,52318
5524943,2026-01-25,2026-01-30,23028,Angelita Morillo,3,record:6fe62a06d150ba62854ff585,ActBlue,provisional_record_group,False,Business Entity,416,,Unspecified code,SOMERVILLE,MA,52323
5636309,2026-01-25,2026-04-23,24661,Tom Sollitt,3,disclosure:24661:f88fe8ea980a,Miscellaneous Cash Expenditures $100 and under,disclosure_category,True,Unspecified,395,,Unspecified code,,,52356
5521030,2026-01-26,2026-01-29,23208,Tiffany Koyama Lane,3,record:505d17ab5768e40aca75c089,ActBlue,provisional_record_group,False,Business Entity,395,Fundraising Event Expenses,Fundraising event code,W SOMERVILLE,MA,52159
5523921,2026-01-26,2026-01-30,23208,Tiffany Koyama Lane,3,disclosure:23208:f88fe8ea980a,Miscellaneous Cash Expenditures $100 and under,disclosure_category,True,Unspecified,3478,,Unspecified code,,,52172
5521024,2026-01-27,2026-01-29,23411,Jeremy Beausoleil Smith,4,disclosure:23411:f88fe8ea980a,Miscellaneous Cash Expenditures $100 and under,disclosure_category,True,Unspecified,198,,Unspecified code,,,52000
5521026,2026-01-28,2026-01-29,23411,Jeremy Beausoleil Smith,4,disclosure:23411:f88fe8ea980a,Miscellaneous Cash Expenditures $100 and under,disclosure_category,True,Unspecified,494,,Unspecified code,,,51842
5521032,2026-01-28,2026-01-29,23208,Tiffany Koyama Lane,3,record:505d17ab5768e40aca75c089,ActBlue,provisional_record_group,False,Business Entity,246,Fundraising Event Expenses,Fundraising event code,W SOMERVILLE,MA,51843
5549467,2026-01-28,2026-02-24,23208,Tiffany Koyama Lane,3,record:3c37d978f79677f4a6c49cde,Infused LLC,provisional_record_group,False,Business Entity,147500,General Operational Expenses (need description),General operations,LAKE OSWEGO,OR,51938
5523818,2026-01-29,2026-01-30,23365,Mitch Green,4,record:3c37d978f79677f4a6c49cde,Infused LLC,provisional_record_group,False,Business Entity,110000,General Operational Expenses (need description),General operations,LAKE OSWEGO,OR,51691
5526343,2026-01-29,2026-02-02,23208,Tiffany Koyama Lane,3,record:505d17ab5768e40aca75c089,ActBlue,provisional_record_group,False,Business Entity,161,Fundraising Event Expenses,Fundraising event code,W SOMERVILLE,MA,51713
5526410,2026-01-29,2026-02-02,23411,Jeremy Beausoleil Smith,4,disclosure:23411:f88fe8ea980a,Miscellaneous Cash Expenditures $100 and under,disclosure_category,True,Unspecified,297,,Unspecified code,,,51716
5526345,2026-01-30,2026-02-02,23208,Tiffany Koyama Lane,3,record:505d17ab5768e40aca75c089,ActBlue,provisional_record_group,False,Business Entity,515,Fundraising Event Expenses,Fundraising event code,W SOMERVILLE,MA,51538
5526372,2026-01-30,2026-02-02,23365,Mitch Green,4,disclosure:23365:f88fe8ea980a,Miscellaneous Cash Expenditures $100 and under,disclosure_category,True,Unspecified,191,,Unspecified code,,,51539
5526412,2026-01-30,2026-02-02,23411,Jeremy Beausoleil Smith,4,disclosure:23411:f88fe8ea980a,Miscellaneous Cash Expenditures $100 and under,disclosure_category,True,Unspecified,99,,Unspecified code,,,51541
5559295,2026-01-30,2026-03-02,23208,Tiffany Koyama Lane,3,record:5c84c808cee039261c133b47,Iris Hodge,provisional_record_group,False,Individual,450927,"Wages, Salaries, Benefits","Wages, salaries, benefits",BROWNSVILLE,OR,51657
5559296,2026-01-30,2026-03-02,23208,Tiffany Koyama Lane,3,record:864917c852326fa655433ea9,Gusto,provisional_record_group,False,Business Entity,218071,"Wages, Salaries, Benefits","Wages, salaries, benefits",SAN FRANCISCO,CA,51658
5559322,2026-01-30,2026-03-02,23208,Tiffany Koyama Lane,3,disclosure:23208:f88fe8ea980a,Miscellaneous Cash Expenditures $100 and under,disclosure_category,True,Unspecified,5000,,Unspecified code,,,51660
5526350,2026-01-31,2026-02-02,23208,Tiffany Koyama Lane,3,record:505d17ab5768e40aca75c089,ActBlue,provisional_record_group,False,Business Entity,198,Fundraising Event Expenses,Fundraising event code,W SOMERVILLE,MA,51403
5526353,2026-02-01,2026-02-02,23208,Tiffany Koyama Lane,3,record:367691ed84e4d7f3eb7dd0c8,Google,provisional_record_group,False,Business Entity,5760,General Operational Expenses (need description),General operations,MOUNTAIN VIEW,CA,51263
5532528,2026-02-01,2026-02-09,23208,Tiffany Koyama Lane,3,record:505d17ab5768e40aca75c089,ActBlue,provisional_record_group,False,Business Entity,99,Fundraising Event Expenses,Fundraising event code,W SOMERVILLE,MA,51321
5532613,2026-02-01,2026-02-09,23365,Mitch Green,4,disclosure:23365:f88fe8ea980a,Miscellaneous Cash Expenditures $100 and under,disclosure_category,True,Unspecified,99,,Unspecified code,,,51322
5533988,2026-02-01,2026-02-09,23028,Angelita Morillo,3,record:6fe62a06d150ba62854ff585,ActBlue,provisional_record_group,False,Business Entity,952,,Unspecified code,SOMERVILLE,MA,51329
5641226,2026-02-01,2026-04-27,24661,Tom Sollitt,3,disclosure:24661:f88fe8ea980a,Miscellaneous Cash Expenditures $100 and under,disclosure_category,True,Unspecified,139,,Unspecified code,,,51382
5532531,2026-02-02,2026-02-09,23208,Tiffany Koyama Lane,3,record:3c37d978f79677f4a6c49cde,Infused LLC,provisional_record_group,False,Business Entity,260000,General Operational Expenses (need description),General operations,LAKE OSWEGO,OR,51127
5532535,2026-02-02,2026-02-09,23208,Tiffany Koyama Lane,3,record:505d17ab5768e40aca75c089,ActBlue,provisional_record_group,False,Business Entity,20,Fundraising Event Expenses,Fundraising event code,W SOMERVILLE,MA,51128
5532615,2026-02-02,2026-02-09,23365,Mitch Green,4,disclosure:23365:f88fe8ea980a,Miscellaneous Cash Expenditures $100 and under,disclosure_category,True,Unspecified,20,,Unspecified code,,,51130
5532732,2026-02-02,2026-02-09,23411,Jeremy Beausoleil Smith,4,record:eda4d69d223c57990c726642,Infused LLC,provisional_record_group,False,Business Entity,90000,General Operational Expenses (need description),General operations,PORTLAND,OR,51134
5533948,2026-02-02,2026-02-09,23028,Angelita Morillo,3,record:5889c36455f4dc0ac34a9434,Google ,provisional_record_group,False,Business Entity,3600,Online and Social Media Advertising,Online advertising,MT. VIEW,CA,51147
5533953,2026-02-02,2026-02-09,23028,Angelita Morillo,3,record:5889c36455f4dc0ac34a9434,Google ,provisional_record_group,False,Business Entity,2608,Online and Social Media Advertising,Online advertising,MT. VIEW,CA,51148
5540990,2026-02-02,2026-02-19,23199,Olivia Clark,4,record:a87bba81b2bfcdffb48b900a,Hunch Theory,provisional_record_group,False,Business Entity,50000,General Operational Expenses (need description),General operations,PORTLAND,OR,51186
5559298,2026-02-02,2026-03-02,23208,Tiffany Koyama Lane,3,record:00452180ff42f70c0d273640,Kelly Novahom,provisional_record_group,False,Individual,41950,General Operational Expenses (need description),General operations,PORTLAND,OR,51212
5528651,2026-02-03,2026-02-03,15109,Steve Novick,3,record:428b0fcd0ef60ebaed796da1,Worldpay- C&E Merchant Services,provisional_record_group,False,Business Entity,1942,General Operational Expenses (need description),General operations,PORTLAND,OR,50831
5529403,2026-02-03,2026-02-04,17629,Eric Zimmerman,4,disclosure:17629:f88fe8ea980a,Miscellaneous Cash Expenditures $100 and under,disclosure_category,True,Unspecified,3097,,Unspecified code,,,50848
5532539,2026-02-03,2026-02-09,23208,Tiffany Koyama Lane,3,record:505d17ab5768e40aca75c089,ActBlue,provisional_record_group,False,Business Entity,1005,Fundraising Event Expenses,Fundraising event code,W SOMERVILLE,MA,50900
5532617,2026-02-03,2026-02-09,23365,Mitch Green,4,disclosure:23365:f88fe8ea980a,Miscellaneous Cash Expenditures $100 and under,disclosure_category,True,Unspecified,787,,Unspecified code,,,50901
5532644,2026-02-03,2026-02-09,23411,Jeremy Beausoleil Smith,4,disclosure:23411:f88fe8ea980a,Miscellaneous Cash Expenditures $100 and under,disclosure_category,True,Unspecified,297,,Unspecified code,,,50902
5540996,2026-02-03,2026-02-19,23199,Olivia Clark,4,record:428b0fcd0ef60ebaed796da1,Worldpay- C&E Merchant Services,provisional_record_group,False,Business Entity,5302,General Operational Expenses (need description),General operations,PORTLAND,OR,50962
5554598,2026-02-03,2026-02-27,23295,Eli Arnold,4,record:428b0fcd0ef60ebaed796da1,Worldpay- C&E Merchant Services,provisional_record_group,False,Business Entity,16345,General Operational Expenses (need description),General operations,PORTLAND,OR,50978
5559299,2026-02-03,2026-03-02,23208,Tiffany Koyama Lane,3,record:d6d0edb21ed9ce9f86ff1e82,Lyft,provisional_record_group,False,Business Entity,1309,Travel Expenses (need description),Travel,SAN FRANCISCO,CA,50995
5559302,2026-02-03,2026-03-02,23208,Tiffany Koyama Lane,3,record:864917c852326fa655433ea9,Gusto,provisional_record_group,False,Business Entity,5500,General Operational Expenses (need description),General operations,SAN FRANCISCO,CA,50996
5532560,2026-02-04,2026-02-09,23365,Mitch Green,4,record:505d17ab5768e40aca75c089,ActBlue,provisional_record_group,False,Business Entity,2624,Fundraising Event Expenses,Fundraising event code,W SOMERVILLE,MA,50735
5532566,2026-02-04,2026-02-09,23208,Tiffany Koyama Lane,3,record:505d17ab5768e40aca75c089,ActBlue,provisional_record_group,False,Business Entity,2169,Fundraising Event Expenses,Fundraising event code,W SOMERVILLE,MA,50736
5532584,2026-02-05,2026-02-09,23365,Mitch Green,4,record:505d17ab5768e40aca75c089,ActBlue,provisional_record_group,False,Business Entity,40,Fundraising Event Expenses,Fundraising event code,W SOMERVILLE,MA,57489
5532587,2026-02-05,2026-02-09,23208,Tiffany Koyama Lane,3,record:505d17ab5768e40aca75c089,ActBlue,provisional_record_group,False,Business Entity,20,Fundraising Event Expenses,Fundraising event code,W SOMERVILLE,MA,57490
5532646,2026-02-05,2026-02-09,23411,Jeremy Beausoleil Smith,4,disclosure:23411:f88fe8ea980a,Miscellaneous Cash Expenditures $100 and under,disclosure_category,True,Unspecified,1827,,Unspecified code,,,57491
5532591,2026-02-06,2026-02-09,23208,Tiffany Koyama Lane,3,record:505d17ab5768e40aca75c089,ActBlue,provisional_record_group,False,Business Entity,498,Fundraising Event Expenses,Fundraising event code,W SOMERVILLE,MA,57340
5532648,2026-02-06,2026-02-09,23411,Jeremy Beausoleil Smith,4,disclosure:23411:f88fe8ea980a,Miscellaneous Cash Expenditures $100 and under,disclosure_category,True,Unspecified,198,,Unspecified code,,,57342
5532590,2026-02-07,2026-02-09,23365,Mitch Green,4,record:505d17ab5768e40aca75c089,ActBlue,provisional_record_group,False,Business Entity,219,Fundraising Event Expenses,Fundraising event code,W SOMERVILLE,MA,57268
5532597,2026-02-07,2026-02-09,23208,Tiffany Koyama Lane,3,record:505d17ab5768e40aca75c089,ActBlue,provisional_record_group,False,Business Entity,337,Fundraising Event Expenses,Fundraising event code,W SOMERVILLE,MA,57269
5533993,2026-02-08,2026-02-10,23028,Angelita Morillo,3,record:6fe62a06d150ba62854ff585,ActBlue,provisional_record_group,False,Business Entity,2556,,Unspecified code,SOMERVILLE,MA,57209
5538280,2026-02-08,2026-02-16,23208,Tiffany Koyama Lane,3,record:505d17ab5768e40aca75c089,ActBlue,provisional_record_group,False,Business Entity,198,Fundraising Event Expenses,Fundraising event code,W SOMERVILLE,MA,57229
5538335,2026-02-08,2026-02-16,23365,Mitch Green,4,record:505d17ab5768e40aca75c089,ActBlue,provisional_record_group,False,Business Entity,20,Fundraising Event Expenses,Fundraising event code,W SOMERVILLE,MA,57230
5534795,2026-02-09,2026-02-10,15109,Steve Novick,3,record:1bb2be352bf803425cd21309,C&E Systems,provisional_record_group,False,Business Entity,36500,Management Services,Management services,PORTLAND,OR,56921
5538286,2026-02-09,2026-02-16,23208,Tiffany Koyama Lane,3,record:505d17ab5768e40aca75c089,ActBlue,provisional_record_group,False,Business Entity,99,Fundraising Event Expenses,Fundraising event code,W SOMERVILLE,MA,56982
5541000,2026-02-09,2026-02-19,23199,Olivia Clark,4,record:1bb2be352bf803425cd21309,C&E Systems,provisional_record_group,False,Business Entity,79836,Management Services,Management services,PORTLAND,OR,57015
5554601,2026-02-09,2026-02-27,23295,Eli Arnold,4,record:1bb2be352bf803425cd21309,C&E Systems,provisional_record_group,False,Business Entity,140033,Management Services,Management services,PORTLAND,OR,57065
5555488,2026-02-09,2026-02-27,23295,Eli Arnold,4,disclosure:23295:f88fe8ea980a,Miscellaneous Cash Expenditures $100 and under,disclosure_category,True,Unspecified,2299,,Unspecified code,,,57069
5559300,2026-02-09,2026-03-02,23208,Tiffany Koyama Lane,3,record:d6d0edb21ed9ce9f86ff1e82,Lyft,provisional_record_group,False,Business Entity,1491,Travel Expenses (need description),Travel,SAN FRANCISCO,CA,57084
5559325,2026-02-09,2026-03-02,23208,Tiffany Koyama Lane,3,disclosure:23208:f88fe8ea980a,Miscellaneous Cash Expenditures $100 and under,disclosure_category,True,Unspecified,4750,,Unspecified code,,,57085
5562809,2026-02-09,2026-03-06,17629,Eric Zimmerman,4,record:1bb2be352bf803425cd21309,C&E Systems,provisional_record_group,False,Business Entity,36500,Management Services,Management services,PORTLAND,OR,57121
5538290,2026-02-10,2026-02-16,23208,Tiffany Koyama Lane,3,record:505d17ab5768e40aca75c089,ActBlue,provisional_record_group,False,Business Entity,27,Fundraising Event Expenses,Fundraising event code,W SOMERVILLE,MA,56813
5538337,2026-02-10,2026-02-16,23365,Mitch Green,4,record:505d17ab5768e40aca75c089,ActBlue,provisional_record_group,False,Business Entity,27,Fundraising Event Expenses,Fundraising event code,W SOMERVILLE,MA,56815
5555492,2026-02-10,2026-02-27,23295,Eli Arnold,4,disclosure:23295:f88fe8ea980a,Miscellaneous Cash Expenditures $100 and under,disclosure_category,True,Unspecified,1447,,Unspecified code,,,56839
5538294,2026-02-11,2026-02-16,23208,Tiffany Koyama Lane,3,record:505d17ab5768e40aca75c089,ActBlue,provisional_record_group,False,Business Entity,238,Fundraising Event Expenses,Fundraising event code,W SOMERVILLE,MA,56674
5538413,2026-02-11,2026-02-16,23411,Jeremy Beausoleil Smith,4,disclosure:23411:f88fe8ea980a,Miscellaneous Cash Expenditures $100 and under,disclosure_category,True,Unspecified,80,,Unspecified code,,,56675
5559311,2026-02-11,2026-03-02,23208,Tiffany Koyama Lane,3,record:e7d45b57c6314500d8aa52a0,USPS,provisional_record_group,False,Business Entity,15600,General Operational Expenses (need description),General operations,WASHINGTON,DC,56729
5564726,2026-02-11,2026-03-09,23411,Jeremy Beausoleil Smith,4,record:6ff55e9d23eac3f7ff03a674,Justin Filtz,provisional_record_group,False,Individual,70000,Management Services,Management services,PORTLAND,OR,56737
5538300,2026-02-12,2026-02-16,23208,Tiffany Koyama Lane,3,record:505d17ab5768e40aca75c089,ActBlue,provisional_record_group,False,Business Entity,910,Fundraising Event Expenses,Fundraising event code,W SOMERVILLE,MA,56517
5538339,2026-02-12,2026-02-16,23365,Mitch Green,4,record:505d17ab5768e40aca75c089,ActBlue,provisional_record_group,False,Business Entity,910,Fundraising Event Expenses,Fundraising event code,W SOMERVILLE,MA,56518
5554606,2026-02-12,2026-02-27,23295,Eli Arnold,4,record:897ca0e9c4652ae0639ef42d,Mailchimp,provisional_record_group,False,Business Entity,6000,General Operational Expenses (need description),General operations,ATLANTA,GA,56567
5636314,2026-02-12,2026-04-23,24661,Tom Sollitt,3,disclosure:24661:f88fe8ea980a,Miscellaneous Cash Expenditures $100 and under,disclosure_category,True,Unspecified,2500,,Unspecified code,,,56599
5538307,2026-02-13,2026-02-16,23208,Tiffany Koyama Lane,3,record:505d17ab5768e40aca75c089,ActBlue,provisional_record_group,False,Business Entity,179,Fundraising Event Expenses,Fundraising event code,W SOMERVILLE,MA,56385
5538346,2026-02-13,2026-02-16,23365,Mitch Green,4,record:505d17ab5768e40aca75c089,ActBlue,provisional_record_group,False,Business Entity,673,Fundraising Event Expenses,Fundraising event code,W SOMERVILLE,MA,56386
5559301,2026-02-13,2026-03-02,23208,Tiffany Koyama Lane,3,record:d6d0edb21ed9ce9f86ff1e82,Lyft,provisional_record_group,False,Business Entity,2154,Travel Expenses (need description),Travel,SAN FRANCISCO,CA,56454
5564778,2026-02-13,2026-03-09,23365,Mitch Green,4,record:3c37d978f79677f4a6c49cde,Infused LLC,provisional_record_group,False,Business Entity,110000,General Operational Expenses (need description),General operations,LAKE OSWEGO,OR,56461
5538112,2026-02-14,2026-02-15,23028,Angelita Morillo,3,record:6e1644ed463471fe1dd0842a,Mailchimp,provisional_record_group,False,Business Entity,11000,,Unspecified code,ATLANTA,GA,56291
5538311,2026-02-14,2026-02-16,23208,Tiffany Koyama Lane,3,record:505d17ab5768e40aca75c089,ActBlue,provisional_record_group,False,Business Entity,337,Fundraising Event Expenses,Fundraising event code,W SOMERVILLE,MA,56294
5538330,2026-02-14,2026-02-16,23208,Tiffany Koyama Lane,3,disclosure:23208:f88fe8ea980a,Miscellaneous Cash Expenditures $100 and under,disclosure_category,True,Unspecified,3000,,Unspecified code,,,56295
5538350,2026-02-14,2026-02-16,23365,Mitch Green,4,record:505d17ab5768e40aca75c089,ActBlue,provisional_record_group,False,Business Entity,20,Fundraising Event Expenses,Fundraising event code,W SOMERVILLE,MA,56296
5538415,2026-02-14,2026-02-16,23411,Jeremy Beausoleil Smith,4,disclosure:23411:f88fe8ea980a,Miscellaneous Cash Expenditures $100 and under,disclosure_category,True,Unspecified,297,,Unspecified code,,,56297
5548369,2026-02-15,2026-02-23,23365,Mitch Green,4,record:505d17ab5768e40aca75c089,ActBlue,provisional_record_group,False,Business Entity,119,Fundraising Event Expenses,Fundraising event code,W SOMERVILLE,MA,56236
5548406,2026-02-15,2026-02-23,23208,Tiffany Koyama Lane,3,record:505d17ab5768e40aca75c089,ActBlue,provisional_record_group,False,Business Entity,218,Fundraising Event Expenses,Fundraising event code,W SOMERVILLE,MA,56237
5548603,2026-02-15,2026-02-23,23411,Jeremy Beausoleil Smith,4,disclosure:23411:f88fe8ea980a,Miscellaneous Cash Expenditures $100 and under,disclosure_category,True,Unspecified,99,,Unspecified code,,,56240
5548373,2026-02-16,2026-02-23,23365,Mitch Green,4,record:505d17ab5768e40aca75c089,ActBlue,provisional_record_group,False,Business Entity,60,Fundraising Event Expenses,Fundraising event code,W SOMERVILLE,MA,56140
5548403,2026-02-16,2026-02-23,23208,Tiffany Koyama Lane,3,record:6403fa1044e000273aa5169d,Mailchimp,provisional_record_group,False,Business Entity,23000,General Operational Expenses (need description),General operations,ATLANTA,GA,56141
5548415,2026-02-16,2026-02-23,23208,Tiffany Koyama Lane,3,record:505d17ab5768e40aca75c089,ActBlue,provisional_record_group,False,Business Entity,60,Fundraising Event Expenses,Fundraising event code,W SOMERVILLE,MA,56142
5548606,2026-02-16,2026-02-23,23411,Jeremy Beausoleil Smith,4,disclosure:23411:f88fe8ea980a,Miscellaneous Cash Expenditures $100 and under,disclosure_category,True,Unspecified,20,,Unspecified code,,,56145
5548419,2026-02-17,2026-02-23,23208,Tiffany Koyama Lane,3,record:505d17ab5768e40aca75c089,ActBlue,provisional_record_group,False,Business Entity,40,Fundraising Event Expenses,Fundraising event code,W SOMERVILLE,MA,56007
5548421,2026-02-18,2026-02-23,23208,Tiffany Koyama Lane,3,record:505d17ab5768e40aca75c089,ActBlue,provisional_record_group,False,Business Entity,99,Fundraising Event Expenses,Fundraising event code,W SOMERVILLE,MA,55854
5559326,2026-02-18,2026-03-02,23208,Tiffany Koyama Lane,3,disclosure:23208:f88fe8ea980a,Miscellaneous Cash Expenditures $100 and under,disclosure_category,True,Unspecified,1725,,Unspecified code,,,55896
5564779,2026-02-18,2026-03-09,23365,Mitch Green,4,record:f42d7a477a1c5eeb1e51901f,USPS PO Boxes,provisional_record_group,False,Other,12500,General Operational Expenses (need description),General operations,PORTLAND,OR,55911
5548376,2026-02-19,2026-02-23,23365,Mitch Green,4,record:0bd926a9c85d9f851966e0b7,Leslie McCollom Fontaine,provisional_record_group,False,Individual,52000,Online and Social Media Advertising,Online advertising,PORTLAND,OR,55676
5548378,2026-02-19,2026-02-23,23365,Mitch Green,4,record:505d17ab5768e40aca75c089,ActBlue,provisional_record_group,False,Business Entity,20,Fundraising Event Expenses,Fundraising event code,W SOMERVILLE,MA,55677
5548423,2026-02-19,2026-02-23,23208,Tiffany Koyama Lane,3,record:505d17ab5768e40aca75c089,ActBlue,provisional_record_group,False,Business Entity,218,Fundraising Event Expenses,Fundraising event code,W SOMERVILLE,MA,55679
5559312,2026-02-19,2026-03-02,23208,Tiffany Koyama Lane,3,record:e7d45b57c6314500d8aa52a0,USPS,provisional_record_group,False,Business Entity,13800,General Operational Expenses (need description),General operations,WASHINGTON,DC,55732
5559327,2026-02-19,2026-03-02,23208,Tiffany Koyama Lane,3,disclosure:23208:f88fe8ea980a,Miscellaneous Cash Expenditures $100 and under,disclosure_category,True,Unspecified,350,,Unspecified code,,,55733
5548380,2026-02-20,2026-02-23,23365,Mitch Green,4,record:505d17ab5768e40aca75c089,ActBlue,provisional_record_group,False,Business Entity,793,Fundraising Event Expenses,Fundraising event code,W SOMERVILLE,MA,55374
5548427,2026-02-20,2026-02-23,23208,Tiffany Koyama Lane,3,record:505d17ab5768e40aca75c089,ActBlue,provisional_record_group,False,Business Entity,297,Fundraising Event Expenses,Fundraising event code,W SOMERVILLE,MA,55375
5548608,2026-02-20,2026-02-23,23411,Jeremy Beausoleil Smith,4,disclosure:23411:f88fe8ea980a,Miscellaneous Cash Expenditures $100 and under,disclosure_category,True,Unspecified,395,,Unspecified code,,,55382
5554607,2026-02-20,2026-02-27,23295,Eli Arnold,4,record:428b0fcd0ef60ebaed796da1,Worldpay- C&E Merchant Services,provisional_record_group,False,Business Entity,5477,General Operational Expenses (need description),General operations,PORTLAND,OR,55490
5559328,2026-02-20,2026-03-02,23208,Tiffany Koyama Lane,3,disclosure:23208:f88fe8ea980a,Miscellaneous Cash Expenditures $100 and under,disclosure_category,True,Unspecified,4000,,Unspecified code,,,55509
5562954,2026-02-20,2026-03-06,17629,Eric Zimmerman,4,disclosure:17629:f88fe8ea980a,Miscellaneous Cash Expenditures $100 and under,disclosure_category,True,Unspecified,980,,Unspecified code,,,55538
5563354,2026-02-20,2026-03-06,15109,Steve Novick,3,record:428b0fcd0ef60ebaed796da1,Worldpay- C&E Merchant Services,provisional_record_group,False,Business Entity,24503,General Operational Expenses (need description),General operations,PORTLAND,OR,55540
5586571,2026-02-20,2026-03-23,23199,Olivia Clark,4,record:428b0fcd0ef60ebaed796da1,Worldpay- C&E Merchant Services,provisional_record_group,False,Business Entity,8540,General Operational Expenses (need description),General operations,PORTLAND,OR,55588
5548391,2026-02-21,2026-02-23,23365,Mitch Green,4,record:505d17ab5768e40aca75c089,ActBlue,provisional_record_group,False,Business Entity,183,Fundraising Event Expenses,Fundraising event code,W SOMERVILLE,MA,55286
5548431,2026-02-21,2026-02-23,23208,Tiffany Koyama Lane,3,record:505d17ab5768e40aca75c089,ActBlue,provisional_record_group,False,Business Entity,99,Fundraising Event Expenses,Fundraising event code,W SOMERVILLE,MA,55287
5549466,2026-02-22,2026-02-24,23208,Tiffany Koyama Lane,3,record:505d17ab5768e40aca75c089,ActBlue,provisional_record_group,False,Business Entity,476,Fundraising Event Expenses,Fundraising event code,W SOMERVILLE,MA,55216
5550688,2026-02-22,2026-02-25,23365,Mitch Green,4,record:505d17ab5768e40aca75c089,ActBlue,provisional_record_group,False,Business Entity,377,Fundraising Event Expenses,Fundraising event code,W SOMERVILLE,MA,55220
5559070,2026-02-22,2026-03-02,23028,Angelita Morillo,3,record:6fe62a06d150ba62854ff585,ActBlue,provisional_record_group,False,Business Entity,1624,,Unspecified code,SOMERVILLE,MA,55240
5564128,2026-02-22,2026-03-07,23411,Jeremy Beausoleil Smith,4,disclosure:23411:f88fe8ea980a,Miscellaneous Cash Expenditures $100 and under,disclosure_category,True,Unspecified,99,,Unspecified code,,,55247
5641227,2026-02-22,2026-04-27,24661,Tom Sollitt,3,disclosure:24661:f88fe8ea980a,Miscellaneous Cash Expenditures $100 and under,disclosure_category,True,Unspecified,475,,Unspecified code,,,55267
5559329,2026-02-23,2026-03-02,23208,Tiffany Koyama Lane,3,disclosure:23208:f88fe8ea980a,Miscellaneous Cash Expenditures $100 and under,disclosure_category,True,Unspecified,2118,,Unspecified code,,,55106
5550673,2026-02-24,2026-02-25,23208,Tiffany Koyama Lane,3,record:505d17ab5768e40aca75c089,ActBlue,provisional_record_group,False,Business Entity,910,Fundraising Event Expenses,Fundraising event code,W SOMERVILLE,MA,54921
5550690,2026-02-24,2026-02-25,23365,Mitch Green,4,record:505d17ab5768e40aca75c089,ActBlue,provisional_record_group,False,Business Entity,60,Fundraising Event Expenses,Fundraising event code,W SOMERVILLE,MA,54922
5557628,2026-02-25,2026-03-02,23365,Mitch Green,4,record:505d17ab5768e40aca75c089,ActBlue,provisional_record_group,False,Business Entity,80,Fundraising Event Expenses,Fundraising event code,W SOMERVILLE,MA,54815
5557629,2026-02-25,2026-03-02,23208,Tiffany Koyama Lane,3,record:505d17ab5768e40aca75c089,ActBlue,provisional_record_group,False,Business Entity,574,Fundraising Event Expenses,Fundraising event code,W SOMERVILLE,MA,54816
5564659,2026-02-25,2026-03-09,23208,Tiffany Koyama Lane,3,record:6695b9018a1cdc8577608ec6,Democratic Party of Oregon - Federal PAC,provisional_record_group,False,Unregistered Committee,100000,General Operational Expenses (need description),General operations,PORTLAND,OR,54845
5557638,2026-02-26,2026-03-02,23365,Mitch Green,4,record:505d17ab5768e40aca75c089,ActBlue,provisional_record_group,False,Business Entity,107,Fundraising Event Expenses,Fundraising event code,W SOMERVILLE,MA,54642
5557641,2026-02-27,2026-03-02,23208,Tiffany Koyama Lane,3,record:505d17ab5768e40aca75c089,ActBlue,provisional_record_group,False,Business Entity,99,Fundraising Event Expenses,Fundraising event code,W SOMERVILLE,MA,54469
5559317,2026-02-27,2026-03-02,23208,Tiffany Koyama Lane,3,record:5c84c808cee039261c133b47,Iris Hodge,provisional_record_group,False,Individual,450927,"Wages, Salaries, Benefits","Wages, salaries, benefits",BROWNSVILLE,OR,54489
5559318,2026-02-27,2026-03-02,23208,Tiffany Koyama Lane,3,record:864917c852326fa655433ea9,Gusto,provisional_record_group,False,Business Entity,215071,"Wages, Salaries, Benefits","Wages, salaries, benefits",SAN FRANCISCO,CA,54490
5559330,2026-02-27,2026-03-02,23208,Tiffany Koyama Lane,3,disclosure:23208:f88fe8ea980a,Miscellaneous Cash Expenditures $100 and under,disclosure_category,True,Unspecified,6416,,Unspecified code,,,54491
5564727,2026-02-27,2026-03-09,23411,Jeremy Beausoleil Smith,4,record:6ff55e9d23eac3f7ff03a674,Justin Filtz,provisional_record_group,False,Individual,70000,Management Services,Management services,PORTLAND,OR,54540
5557644,2026-02-28,2026-03-02,23365,Mitch Green,4,record:505d17ab5768e40aca75c089,ActBlue,provisional_record_group,False,Business Entity,270,Fundraising Event Expenses,Fundraising event code,W SOMERVILLE,MA,54329
5557646,2026-02-28,2026-03-02,23208,Tiffany Koyama Lane,3,record:505d17ab5768e40aca75c089,ActBlue,provisional_record_group,False,Business Entity,507,Fundraising Event Expenses,Fundraising event code,W SOMERVILLE,MA,54330
5564130,2026-02-28,2026-03-07,23411,Jeremy Beausoleil Smith,4,disclosure:23411:f88fe8ea980a,Miscellaneous Cash Expenditures $100 and under,disclosure_category,True,Unspecified,60,,Unspecified code,,,54353
5557515,2026-03-01,2026-03-01,23028,Angelita Morillo,3,record:5889c36455f4dc0ac34a9434,Google ,provisional_record_group,False,Business Entity,3600,,Unspecified code,MT. VIEW,CA,54190
5557521,2026-03-01,2026-03-01,23028,Angelita Morillo,3,record:5889c36455f4dc0ac34a9434,Google ,provisional_record_group,False,Business Entity,2626,,Unspecified code,MT. VIEW,CA,54191
5557665,2026-03-01,2026-03-02,23208,Tiffany Koyama Lane,3,record:367691ed84e4d7f3eb7dd0c8,Google,provisional_record_group,False,Business Entity,5760,General Operational Expenses (need description),General operations,MOUNTAIN VIEW,CA,54195
5559089,2026-03-01,2026-03-02,23028,Angelita Morillo,3,record:6fe62a06d150ba62854ff585,ActBlue,provisional_record_group,False,Business Entity,538,,Unspecified code,SOMERVILLE,MA,54215
5559297,2026-03-02,2026-03-02,23208,Tiffany Koyama Lane,3,record:3c37d978f79677f4a6c49cde,Infused LLC,provisional_record_group,False,Business Entity,125000,General Operational Expenses (need description),General operations,LAKE OSWEGO,OR,60043
5562961,2026-03-02,2026-03-06,17629,Eric Zimmerman,4,disclosure:17629:f88fe8ea980a,Miscellaneous Cash Expenditures $100 and under,disclosure_category,True,Unspecified,2432,,Unspecified code,,,60148
5563357,2026-03-02,2026-03-06,15109,Steve Novick,3,record:428b0fcd0ef60ebaed796da1,Worldpay- C&E Merchant Services,provisional_record_group,False,Business Entity,35,General Operational Expenses (need description),General operations,PORTLAND,OR,60154
5573028,2026-03-02,2026-03-11,23295,Eli Arnold,4,record:428b0fcd0ef60ebaed796da1,Worldpay- C&E Merchant Services,provisional_record_group,False,Business Entity,4935,General Operational Expenses (need description),General operations,PORTLAND,OR,60192
5586573,2026-03-02,2026-03-23,23199,Olivia Clark,4,record:428b0fcd0ef60ebaed796da1,Worldpay- C&E Merchant Services,provisional_record_group,False,Business Entity,2082,General Operational Expenses (need description),General operations,PORTLAND,OR,60264
5564615,2026-03-03,2026-03-09,23208,Tiffany Koyama Lane,3,record:505d17ab5768e40aca75c089,ActBlue,provisional_record_group,False,Business Entity,139,Fundraising Event Expenses,Fundraising event code,W SOMERVILLE,MA,59912
5564781,2026-03-03,2026-03-09,23365,Mitch Green,4,record:505d17ab5768e40aca75c089,ActBlue,provisional_record_group,False,Business Entity,60,Fundraising Event Expenses,Fundraising event code,W SOMERVILLE,MA,59914
5564619,2026-03-04,2026-03-09,23208,Tiffany Koyama Lane,3,record:505d17ab5768e40aca75c089,ActBlue,provisional_record_group,False,Business Entity,376,Fundraising Event Expenses,Fundraising event code,W SOMERVILLE,MA,59692
5564732,2026-03-04,2026-03-09,23411,Jeremy Beausoleil Smith,4,disclosure:23411:f88fe8ea980a,Miscellaneous Cash Expenditures $100 and under,disclosure_category,True,Unspecified,99,,Unspecified code,,,59695
5564784,2026-03-04,2026-03-09,23365,Mitch Green,4,record:505d17ab5768e40aca75c089,ActBlue,provisional_record_group,False,Business Entity,1030,Fundraising Event Expenses,Fundraising event code,W SOMERVILLE,MA,59700
5585594,2026-03-04,2026-03-23,23208,Tiffany Koyama Lane,3,record:864917c852326fa655433ea9,Gusto,provisional_record_group,False,Business Entity,7300,General Operational Expenses (need description),General operations,SAN FRANCISCO,CA,59749
5564623,2026-03-05,2026-03-09,23208,Tiffany Koyama Lane,3,record:505d17ab5768e40aca75c089,ActBlue,provisional_record_group,False,Business Entity,60,Fundraising Event Expenses,Fundraising event code,W SOMERVILLE,MA,59490
5564794,2026-03-05,2026-03-09,23365,Mitch Green,4,record:505d17ab5768e40aca75c089,ActBlue,provisional_record_group,False,Business Entity,139,Fundraising Event Expenses,Fundraising event code,W SOMERVILLE,MA,59493
5585669,2026-03-05,2026-03-23,23411,Jeremy Beausoleil Smith,4,disclosure:23411:f88fe8ea980a,Miscellaneous Cash Expenditures $100 and under,disclosure_category,True,Unspecified,1920,,Unspecified code,,,59538
5564626,2026-03-06,2026-03-09,23208,Tiffany Koyama Lane,3,record:505d17ab5768e40aca75c089,ActBlue,provisional_record_group,False,Business Entity,1897,Fundraising Event Expenses,Fundraising event code,W SOMERVILLE,MA,59277
5564799,2026-03-06,2026-03-09,23365,Mitch Green,4,record:505d17ab5768e40aca75c089,ActBlue,provisional_record_group,False,Business Entity,1778,Fundraising Event Expenses,Fundraising event code,W SOMERVILLE,MA,59281
5585595,2026-03-06,2026-03-23,23208,Tiffany Koyama Lane,3,record:e7d45b57c6314500d8aa52a0,USPS,provisional_record_group,False,Business Entity,7800,General Operational Expenses (need description),General operations,WASHINGTON,DC,59338
5585621,2026-03-06,2026-03-23,23208,Tiffany Koyama Lane,3,disclosure:23208:f88fe8ea980a,Miscellaneous Cash Expenditures $100 and under,disclosure_category,True,Unspecified,1198,,Unspecified code,,,59339
5564631,2026-03-07,2026-03-09,23208,Tiffany Koyama Lane,3,record:505d17ab5768e40aca75c089,ActBlue,provisional_record_group,False,Business Entity,27,Fundraising Event Expenses,Fundraising event code,W SOMERVILLE,MA,59194
5564802,2026-03-07,2026-03-09,23365,Mitch Green,4,record:505d17ab5768e40aca75c089,ActBlue,provisional_record_group,False,Business Entity,87,Fundraising Event Expenses,Fundraising event code,W SOMERVILLE,MA,59198
5573427,2026-03-08,2026-03-11,23365,Mitch Green,4,record:505d17ab5768e40aca75c089,ActBlue,provisional_record_group,False,Business Entity,3200,Fundraising Event Expenses,Fundraising event code,W SOMERVILLE,MA,59142
5573447,2026-03-08,2026-03-11,23208,Tiffany Koyama Lane,3,record:505d17ab5768e40aca75c089,ActBlue,provisional_record_group,False,Business Entity,611,Fundraising Event Expenses,Fundraising event code,W SOMERVILLE,MA,59143
5579916,2026-03-08,2026-03-18,23028,Angelita Morillo,3,record:6fe62a06d150ba62854ff585,ActBlue,provisional_record_group,False,Business Entity,4327,,Unspecified code,SOMERVILLE,MA,59156
5573029,2026-03-09,2026-03-11,23295,Eli Arnold,4,record:1bb2be352bf803425cd21309,C&E Systems,provisional_record_group,False,Business Entity,79500,Management Services,Management services,PORTLAND,OR,58804
5573093,2026-03-09,2026-03-11,23295,Eli Arnold,4,disclosure:23295:f88fe8ea980a,Miscellaneous Cash Expenditures $100 and under,disclosure_category,True,Unspecified,2299,,Unspecified code,,,58806
5573429,2026-03-09,2026-03-11,23365,Mitch Green,4,record:505d17ab5768e40aca75c089,ActBlue,provisional_record_group,False,Business Entity,1070,Fundraising Event Expenses,Fundraising event code,W SOMERVILLE,MA,58822
5573449,2026-03-09,2026-03-11,23208,Tiffany Koyama Lane,3,record:505d17ab5768e40aca75c089,ActBlue,provisional_record_group,False,Business Entity,317,Fundraising Event Expenses,Fundraising event code,W SOMERVILLE,MA,58823
5585622,2026-03-09,2026-03-23,23208,Tiffany Koyama Lane,3,disclosure:23208:f88fe8ea980a,Miscellaneous Cash Expenditures $100 and under,disclosure_category,True,Unspecified,250,,Unspecified code,,,58941
5586574,2026-03-09,2026-03-23,23199,Olivia Clark,4,record:1bb2be352bf803425cd21309,C&E Systems,provisional_record_group,False,Business Entity,59589,Management Services,Management services,PORTLAND,OR,58951
5598542,2026-03-09,2026-04-02,17629,Eric Zimmerman,4,record:1bb2be352bf803425cd21309,C&E Systems,provisional_record_group,False,Business Entity,36500,Management Services,Management services,PORTLAND,OR,59022
5612567,2026-03-09,2026-04-08,15109,Steve Novick,3,record:1bb2be352bf803425cd21309,C&E Systems,provisional_record_group,False,Business Entity,79500,Management Services,Management services,PORTLAND,OR,59089
5573095,2026-03-10,2026-03-11,23295,Eli Arnold,4,disclosure:23295:f88fe8ea980a,Miscellaneous Cash Expenditures $100 and under,disclosure_category,True,Unspecified,1423,,Unspecified code,,,58572
5573440,2026-03-10,2026-03-11,23365,Mitch Green,4,record:505d17ab5768e40aca75c089,ActBlue,provisional_record_group,False,Business Entity,949,Fundraising Event Expenses,Fundraising event code,W SOMERVILLE,MA,58580
5573453,2026-03-10,2026-03-11,23208,Tiffany Koyama Lane,3,record:505d17ab5768e40aca75c089,ActBlue,provisional_record_group,False,Business Entity,574,Fundraising Event Expenses,Fundraising event code,W SOMERVILLE,MA,58581
5576934,2026-03-11,2026-03-16,23208,Tiffany Koyama Lane,3,record:505d17ab5768e40aca75c089,ActBlue,provisional_record_group,False,Business Entity,476,Fundraising Event Expenses,Fundraising event code,W SOMERVILLE,MA,58373
5585614,2026-03-11,2026-03-23,23411,Jeremy Beausoleil Smith,4,record:6ff55e9d23eac3f7ff03a674,Justin Filtz,provisional_record_group,False,Individual,35000,Management Services,Management services,PORTLAND,OR,58438
5636322,2026-03-11,2026-04-23,24661,Tom Sollitt,3,disclosure:24661:f88fe8ea980a,Miscellaneous Cash Expenditures $100 and under,disclosure_category,True,Unspecified,2500,,Unspecified code,,,58499
5576936,2026-03-12,2026-03-16,23208,Tiffany Koyama Lane,3,record:505d17ab5768e40aca75c089,ActBlue,provisional_record_group,False,Business Entity,60,Fundraising Event Expenses,Fundraising event code,W SOMERVILLE,MA,58054
5576974,2026-03-12,2026-03-16,23365,Mitch Green,4,record:505d17ab5768e40aca75c089,ActBlue,provisional_record_group,False,Business Entity,60,Fundraising Event Expenses,Fundraising event code,W SOMERVILLE,MA,58055
5585597,2026-03-12,2026-03-23,23208,Tiffany Koyama Lane,3,record:d6d0edb21ed9ce9f86ff1e82,Lyft,provisional_record_group,False,Business Entity,2297,Travel Expenses (need description),Travel,SAN FRANCISCO,CA,58140
5585598,2026-03-12,2026-03-23,23208,Tiffany Koyama Lane,3,record:d6d0edb21ed9ce9f86ff1e82,Lyft,provisional_record_group,False,Business Entity,2191,Travel Expenses (need description),Travel,SAN FRANCISCO,CA,58141
5616428,2026-03-12,2026-04-10,23295,Eli Arnold,4,record:897ca0e9c4652ae0639ef42d,Mailchimp,provisional_record_group,False,Business Entity,6000,General Operational Expenses (need description),General operations,ATLANTA,GA,58256
5576940,2026-03-13,2026-03-16,23208,Tiffany Koyama Lane,3,record:505d17ab5768e40aca75c089,ActBlue,provisional_record_group,False,Business Entity,554,Fundraising Event Expenses,Fundraising event code,W SOMERVILLE,MA,57742
5576984,2026-03-13,2026-03-16,23365,Mitch Green,4,record:505d17ab5768e40aca75c089,ActBlue,provisional_record_group,False,Business Entity,199,Fundraising Event Expenses,Fundraising event code,W SOMERVILLE,MA,57743
5576933,2026-03-14,2026-03-16,23208,Tiffany Koyama Lane,3,record:1d13197007c784df721d7359,Canva,provisional_record_group,False,Business Entity,3000,General Operational Expenses (need description),General operations,SAN JOSE,CA,57601
5576945,2026-03-14,2026-03-16,23208,Tiffany Koyama Lane,3,record:505d17ab5768e40aca75c089,ActBlue,provisional_record_group,False,Business Entity,1708,Fundraising Event Expenses,Fundraising event code,W SOMERVILLE,MA,57602
5576998,2026-03-14,2026-03-16,23365,Mitch Green,4,record:505d17ab5768e40aca75c089,ActBlue,provisional_record_group,False,Business Entity,79,Fundraising Event Expenses,Fundraising event code,W SOMERVILLE,MA,57603
5579394,2026-03-14,2026-03-18,23028,Angelita Morillo,3,record:6e1644ed463471fe1dd0842a,Mailchimp,provisional_record_group,False,Business Entity,11000,,Unspecified code,ATLANTA,GA,57621
5580059,2026-03-15,2026-03-18,23028,Angelita Morillo,3,record:6fe62a06d150ba62854ff585,ActBlue,provisional_record_group,False,Business Entity,4647,,Unspecified code,SOMERVILLE,MA,62570
5585512,2026-03-15,2026-03-23,23365,Mitch Green,4,record:505d17ab5768e40aca75c089,ActBlue,provisional_record_group,False,Business Entity,1243,Fundraising Event Expenses,Fundraising event code,W SOMERVILLE,MA,62590
5585570,2026-03-15,2026-03-23,23208,Tiffany Koyama Lane,3,record:505d17ab5768e40aca75c089,ActBlue,provisional_record_group,False,Business Entity,1243,Fundraising Event Expenses,Fundraising event code,W SOMERVILLE,MA,62591
5641228,2026-03-15,2026-04-27,24661,Tom Sollitt,3,disclosure:24661:f88fe8ea980a,Miscellaneous Cash Expenditures $100 and under,disclosure_category,True,Unspecified,99,,Unspecified code,,,62621
5585516,2026-03-16,2026-03-23,23365,Mitch Green,4,record:505d17ab5768e40aca75c089,ActBlue,provisional_record_group,False,Business Entity,119,Fundraising Event Expenses,Fundraising event code,W SOMERVILLE,MA,62389
5585568,2026-03-16,2026-03-23,23208,Tiffany Koyama Lane,3,record:6403fa1044e000273aa5169d,Mailchimp,provisional_record_group,False,Business Entity,23000,General Operational Expenses (need description),General operations,ATLANTA,GA,62391
5585576,2026-03-16,2026-03-23,23208,Tiffany Koyama Lane,3,record:505d17ab5768e40aca75c089,ActBlue,provisional_record_group,False,Business Entity,60,Fundraising Event Expenses,Fundraising event code,W SOMERVILLE,MA,62394
5585610,2026-03-16,2026-03-23,23411,Jeremy Beausoleil Smith,4,record:eda4d69d223c57990c726642,Infused LLC,provisional_record_group,False,Business Entity,60000,General Operational Expenses (need description),General operations,PORTLAND,OR,62395
5585671,2026-03-16,2026-03-23,23411,Jeremy Beausoleil Smith,4,disclosure:23411:f88fe8ea980a,Miscellaneous Cash Expenditures $100 and under,disclosure_category,True,Unspecified,20,,Unspecified code,,,62396
5585521,2026-03-17,2026-03-23,23365,Mitch Green,4,record:505d17ab5768e40aca75c089,ActBlue,provisional_record_group,False,Business Entity,40,Fundraising Event Expenses,Fundraising event code,W SOMERVILLE,MA,62129
5585580,2026-03-17,2026-03-23,23208,Tiffany Koyama Lane,3,record:505d17ab5768e40aca75c089,ActBlue,provisional_record_group,False,Business Entity,139,Fundraising Event Expenses,Fundraising event code,W SOMERVILLE,MA,62131
5585625,2026-03-17,2026-03-23,23208,Tiffany Koyama Lane,3,disclosure:23208:f88fe8ea980a,Miscellaneous Cash Expenditures $100 and under,disclosure_category,True,Unspecified,510,,Unspecified code,,,62132
5585673,2026-03-17,2026-03-23,23411,Jeremy Beausoleil Smith,4,disclosure:23411:f88fe8ea980a,Miscellaneous Cash Expenditures $100 and under,disclosure_category,True,Unspecified,119,,Unspecified code,,,62133
5586575,2026-03-17,2026-03-23,23199,Olivia Clark,4,record:428b0fcd0ef60ebaed796da1,Worldpay- C&E Merchant Services,provisional_record_group,False,Business Entity,6650,General Operational Expenses (need description),General operations,PORTLAND,OR,62148
5598543,2026-03-17,2026-04-02,17629,Eric Zimmerman,4,record:428b0fcd0ef60ebaed796da1,Worldpay- C&E Merchant Services,provisional_record_group,False,Business Entity,3937,General Operational Expenses (need description),General operations,PORTLAND,OR,62204
5612568,2026-03-17,2026-04-08,15109,Steve Novick,3,record:428b0fcd0ef60ebaed796da1,Worldpay- C&E Merchant Services,provisional_record_group,False,Business Entity,1400,General Operational Expenses (need description),General operations,PORTLAND,OR,62242
5616429,2026-03-17,2026-04-10,23295,Eli Arnold,4,record:428b0fcd0ef60ebaed796da1,Worldpay- C&E Merchant Services,provisional_record_group,False,Business Entity,8610,General Operational Expenses (need description),General operations,PORTLAND,OR,62260
5580061,2026-03-18,2026-03-22,23028,Angelita Morillo,3,record:7e730c330a08ae1587dd5c98,Meadowlark Bookkeeping,provisional_record_group,False,Business Entity,85400,,Unspecified code,PORTLAND,OR,61747
5585524,2026-03-18,2026-03-23,23365,Mitch Green,4,record:505d17ab5768e40aca75c089,ActBlue,provisional_record_group,False,Business Entity,1581,Fundraising Event Expenses,Fundraising event code,W SOMERVILLE,MA,61836
5585583,2026-03-18,2026-03-23,23208,Tiffany Koyama Lane,3,record:505d17ab5768e40aca75c089,ActBlue,provisional_record_group,False,Business Entity,99,Fundraising Event Expenses,Fundraising event code,W SOMERVILLE,MA,61838
5585675,2026-03-18,2026-03-23,23411,Jeremy Beausoleil Smith,4,disclosure:23411:f88fe8ea980a,Miscellaneous Cash Expenditures $100 and under,disclosure_category,True,Unspecified,99,,Unspecified code,,,61839
5585533,2026-03-19,2026-03-23,23365,Mitch Green,4,record:505d17ab5768e40aca75c089,ActBlue,provisional_record_group,False,Business Entity,119,Fundraising Event Expenses,Fundraising event code,W SOMERVILLE,MA,61593
5585585,2026-03-19,2026-03-23,23208,Tiffany Koyama Lane,3,record:505d17ab5768e40aca75c089,ActBlue,provisional_record_group,False,Business Entity,20,Fundraising Event Expenses,Fundraising event code,W SOMERVILLE,MA,61594
5585601,2026-03-19,2026-03-23,23208,Tiffany Koyama Lane,3,record:d6d0edb21ed9ce9f86ff1e82,Lyft,provisional_record_group,False,Business Entity,2029,Travel Expenses (need description),Travel,SAN FRANCISCO,CA,61595
5585539,2026-03-20,2026-03-23,23365,Mitch Green,4,record:505d17ab5768e40aca75c089,ActBlue,provisional_record_group,False,Business Entity,873,Fundraising Event Expenses,Fundraising event code,W SOMERVILLE,MA,61367
5585587,2026-03-20,2026-03-23,23208,Tiffany Koyama Lane,3,record:505d17ab5768e40aca75c089,ActBlue,provisional_record_group,False,Business Entity,575,Fundraising Event Expenses,Fundraising event code,W SOMERVILLE,MA,61370
5592770,2026-03-20,2026-03-30,23208,Tiffany Koyama Lane,3,record:625938dea1994750c07ba36a,Fred Meyer,provisional_record_group,False,Business Entity,9594,General Operational Expenses (need description),General operations,PORTLAND,OR,61419
5616430,2026-03-20,2026-04-10,23295,Eli Arnold,4,record:0945fd1d52e4ba3982c9a2f1,LinkedIn Corporation,provisional_record_group,False,Business Entity,40491,Online and Social Media Advertising,Online advertising,SUNNYVALE,CA,61497
5585560,2026-03-21,2026-03-23,23365,Mitch Green,4,record:505d17ab5768e40aca75c089,ActBlue,provisional_record_group,False,Business Entity,183,Fundraising Event Expenses,Fundraising event code,W SOMERVILLE,MA,61275
5585986,2026-03-22,2026-03-23,24897,Kellie Torres,3,disclosure:24897:f88fe8ea980a,Miscellaneous Cash Expenditures $100 and under,disclosure_category,True,Unspecified,988,,Unspecified code,,,61180
5586007,2026-03-22,2026-03-23,23028,Angelita Morillo,3,record:6fe62a06d150ba62854ff585,ActBlue,provisional_record_group,False,Business Entity,1020,,Unspecified code,SOMERVILLE,MA,61181
5592753,2026-03-22,2026-03-30,23208,Tiffany Koyama Lane,3,record:505d17ab5768e40aca75c089,ActBlue,provisional_record_group,False,Business Entity,278,Fundraising Event Expenses,Fundraising event code,W SOMERVILLE,MA,61214
5592754,2026-03-22,2026-03-30,23365,Mitch Green,4,record:505d17ab5768e40aca75c089,ActBlue,provisional_record_group,False,Business Entity,218,Fundraising Event Expenses,Fundraising event code,W SOMERVILLE,MA,61215
5592871,2026-03-22,2026-03-30,23411,Jeremy Beausoleil Smith,4,disclosure:23411:f88fe8ea980a,Miscellaneous Cash Expenditures $100 and under,disclosure_category,True,Unspecified,99,,Unspecified code,,,61216
5641229,2026-03-22,2026-04-27,24661,Tom Sollitt,3,disclosure:24661:f88fe8ea980a,Miscellaneous Cash Expenditures $100 and under,disclosure_category,True,Unspecified,158,,Unspecified code,,,61238
5592757,2026-03-23,2026-03-30,23208,Tiffany Koyama Lane,3,record:505d17ab5768e40aca75c089,ActBlue,provisional_record_group,False,Business Entity,494,Fundraising Event Expenses,Fundraising event code,W SOMERVILLE,MA,61043
5592758,2026-03-23,2026-03-30,23365,Mitch Green,4,record:505d17ab5768e40aca75c089,ActBlue,provisional_record_group,False,Business Entity,60,Fundraising Event Expenses,Fundraising event code,W SOMERVILLE,MA,61044
5592763,2026-03-24,2026-03-30,23365,Mitch Green,4,record:505d17ab5768e40aca75c089,ActBlue,provisional_record_group,False,Business Entity,40,Fundraising Event Expenses,Fundraising event code,W SOMERVILLE,MA,60837
5600994,2026-03-24,2026-04-06,23365,Mitch Green,4,record:0bd926a9c85d9f851966e0b7,Leslie McCollom Fontaine,provisional_record_group,False,Individual,88000,Online and Social Media Advertising,Online advertising,PORTLAND,OR,60891
5592762,2026-03-25,2026-03-30,23208,Tiffany Koyama Lane,3,record:505d17ab5768e40aca75c089,ActBlue,provisional_record_group,False,Business Entity,278,Fundraising Event Expenses,Fundraising event code,W SOMERVILLE,MA,60567
5592767,2026-03-25,2026-03-30,23365,Mitch Green,4,record:505d17ab5768e40aca75c089,ActBlue,provisional_record_group,False,Business Entity,40,Fundraising Event Expenses,Fundraising event code,W SOMERVILLE,MA,60568
5600953,2026-03-25,2026-04-06,23365,Mitch Green,4,record:1559636a39cabb8b2df7d33d,"PhoneBurner, Inc",provisional_record_group,False,Business Entity,19500,General Operational Expenses (need description),General operations,LAGUNA BEACH,CA,60652
5622810,2026-03-25,2026-04-14,23208,Tiffany Koyama Lane,3,record:d6d0edb21ed9ce9f86ff1e82,Lyft,provisional_record_group,False,Business Entity,608,Travel Expenses (need description),Travel,SAN FRANCISCO,CA,60706
5622818,2026-03-25,2026-04-14,23208,Tiffany Koyama Lane,3,disclosure:23208:f88fe8ea980a,Miscellaneous Cash Expenditures $100 and under,disclosure_category,True,Unspecified,12,,Unspecified code,,,60707
5592771,2026-03-26,2026-03-30,23365,Mitch Green,4,record:505d17ab5768e40aca75c089,ActBlue,provisional_record_group,False,Business Entity,1423,Fundraising Event Expenses,Fundraising event code,W SOMERVILLE,MA,60372
5592779,2026-03-26,2026-03-30,23208,Tiffany Koyama Lane,3,record:505d17ab5768e40aca75c089,ActBlue,provisional_record_group,False,Business Entity,712,Fundraising Event Expenses,Fundraising event code,W SOMERVILLE,MA,60373
5622808,2026-03-26,2026-04-14,23208,Tiffany Koyama Lane,3,record:4d6cbc91d760a299b393eb09,SAIF,provisional_record_group,False,Business Entity,10584,General Operational Expenses (need description),General operations,LAKE OSWEGO,OR,60469
5592772,2026-03-27,2026-03-30,23208,Tiffany Koyama Lane,3,record:f9b918c4d087f0ce66a641d9,Kashann Kilson,provisional_record_group,False,Individual,5000,General Operational Expenses (need description),General operations,PORTLAND,OR,65482
5592774,2026-03-27,2026-03-30,23208,Tiffany Koyama Lane,3,record:00452180ff42f70c0d273640,Kelly Novahom,provisional_record_group,False,Individual,50000,Online and Social Media Advertising,Online advertising,PORTLAND,OR,65483
5592776,2026-03-27,2026-03-30,23208,Tiffany Koyama Lane,3,record:1881f8fe4169bab7e8fce1cf,Lindsey Montague,provisional_record_group,False,Individual,60000,Management Services,Management services,PORTLAND,OR,65484
5592780,2026-03-27,2026-03-30,23365,Mitch Green,4,record:505d17ab5768e40aca75c089,ActBlue,provisional_record_group,False,Business Entity,99,Fundraising Event Expenses,Fundraising event code,W SOMERVILLE,MA,65485
5592787,2026-03-27,2026-03-30,23208,Tiffany Koyama Lane,3,record:505d17ab5768e40aca75c089,ActBlue,provisional_record_group,False,Business Entity,40,Fundraising Event Expenses,Fundraising event code,W SOMERVILLE,MA,65486
5618737,2026-03-27,2026-04-12,23028,Angelita Morillo,3,record:6e1644ed463471fe1dd0842a,Mailchimp,provisional_record_group,False,Business Entity,1583,,Unspecified code,ATLANTA,GA,65574
5622806,2026-03-27,2026-04-14,23208,Tiffany Koyama Lane,3,record:5c84c808cee039261c133b47,Iris Hodge,provisional_record_group,False,Individual,450927,"Wages, Salaries, Benefits","Wages, salaries, benefits",BROWNSVILLE,OR,65582
5622807,2026-03-27,2026-04-14,23208,Tiffany Koyama Lane,3,record:864917c852326fa655433ea9,Gusto,provisional_record_group,False,Business Entity,214471,"Wages, Salaries, Benefits","Wages, salaries, benefits",SAN FRANCISCO,CA,65583
5592783,2026-03-28,2026-03-30,23365,Mitch Green,4,record:505d17ab5768e40aca75c089,ActBlue,provisional_record_group,False,Business Entity,337,Fundraising Event Expenses,Fundraising event code,W SOMERVILLE,MA,65391
5592792,2026-03-28,2026-03-30,23208,Tiffany Koyama Lane,3,record:505d17ab5768e40aca75c089,ActBlue,provisional_record_group,False,Business Entity,582,Fundraising Event Expenses,Fundraising event code,W SOMERVILLE,MA,65392
5600942,2026-03-29,2026-04-06,23365,Mitch Green,4,record:505d17ab5768e40aca75c089,ActBlue,provisional_record_group,False,Business Entity,40,Fundraising Event Expenses,Fundraising event code,W SOMERVILLE,MA,65320
5601073,2026-03-29,2026-04-06,23208,Tiffany Koyama Lane,3,record:505d17ab5768e40aca75c089,ActBlue,provisional_record_group,False,Business Entity,1387,Fundraising Event Expenses,Fundraising event code,W SOMERVILLE,MA,65322
5618740,2026-03-29,2026-04-12,23028,Angelita Morillo,3,record:6fe62a06d150ba62854ff585,ActBlue,provisional_record_group,False,Business Entity,11144,,Unspecified code,SOMERVILLE,MA,65348
5622551,2026-03-29,2026-04-13,24897,Kellie Torres,3,record:39bffc6fb2e886cf220117d2,ActBlue Technical Services,provisional_record_group,False,Business Entity,13341,,Unspecified code,CAMBRIDGE,MA,65352
5600947,2026-03-30,2026-04-06,23365,Mitch Green,4,record:505d17ab5768e40aca75c089,ActBlue,provisional_record_group,False,Business Entity,1056,Fundraising Event Expenses,Fundraising event code,W SOMERVILLE,MA,65139
5600955,2026-03-30,2026-04-06,23365,Mitch Green,4,record:3c37d978f79677f4a6c49cde,Infused LLC,provisional_record_group,False,Business Entity,115000,General Operational Expenses (need description),General operations,LAKE OSWEGO,OR,65140
5601078,2026-03-30,2026-04-06,23208,Tiffany Koyama Lane,3,record:505d17ab5768e40aca75c089,ActBlue,provisional_record_group,False,Business Entity,1144,Fundraising Event Expenses,Fundraising event code,W SOMERVILLE,MA,65141
5601083,2026-03-30,2026-04-06,23208,Tiffany Koyama Lane,3,record:3c37d978f79677f4a6c49cde,Infused LLC,provisional_record_group,False,Business Entity,125000,General Operational Expenses (need description),General operations,LAKE OSWEGO,OR,65142
5622805,2026-03-30,2026-04-14,23208,Tiffany Koyama Lane,3,record:d6d0edb21ed9ce9f86ff1e82,Lyft,provisional_record_group,False,Business Entity,3234,Travel Expenses (need description),Travel,SAN FRANCISCO,CA,65212
5599568,2026-03-31,2026-04-03,24615,John J Goldsmith,4,record:1bb2be352bf803425cd21309,C&E Systems,provisional_record_group,False,Business Entity,27500,Management Services,Management services,PORTLAND,OR,64809
5600960,2026-03-31,2026-04-06,23365,Mitch Green,4,record:505d17ab5768e40aca75c089,ActBlue,provisional_record_group,False,Business Entity,931,Fundraising Event Expenses,Fundraising event code,W SOMERVILLE,MA,64829
5601085,2026-03-31,2026-04-06,23208,Tiffany Koyama Lane,3,record:505d17ab5768e40aca75c089,ActBlue,provisional_record_group,False,Business Entity,99,Fundraising Event Expenses,Fundraising event code,W SOMERVILLE,MA,64831
5618855,2026-03-31,2026-04-12,23028,Angelita Morillo,3,record:6fe62a06d150ba62854ff585,ActBlue,provisional_record_group,False,Business Entity,6922,,Unspecified code,SOMERVILLE,MA,64912
5622323,2026-03-31,2026-04-13,24897,Kellie Torres,3,record:39bffc6fb2e886cf220117d2,ActBlue Technical Services,provisional_record_group,False,Business Entity,19771,,Unspecified code,CAMBRIDGE,MA,64931
5600980,2026-04-01,2026-04-06,23365,Mitch Green,4,record:505d17ab5768e40aca75c089,ActBlue,provisional_record_group,False,Business Entity,312,Fundraising Event Expenses,Fundraising event code,W SOMERVILLE,MA,64509
5601087,2026-04-01,2026-04-06,23208,Tiffany Koyama Lane,3,record:505d17ab5768e40aca75c089,ActBlue,provisional_record_group,False,Business Entity,213,Fundraising Event Expenses,Fundraising event code,W SOMERVILLE,MA,64511
5601093,2026-04-01,2026-04-06,23208,Tiffany Koyama Lane,3,record:864917c852326fa655433ea9,Gusto,provisional_record_group,False,Business Entity,7900,General Operational Expenses (need description),General operations,SAN FRANCISCO,CA,64512
5616432,2026-04-01,2026-04-10,23295,Eli Arnold,4,record:bb5ba72e54089a637811a07a,"Purple State Strategies, Inc.",provisional_record_group,False,Business Entity,22201,Reimbursement for Personal Expenditures,Personal-expense reimbursement,VANCOUVER,WA,64592
5618738,2026-04-01,2026-04-12,23028,Angelita Morillo,3,record:5889c36455f4dc0ac34a9434,Google ,provisional_record_group,False,Business Entity,2626,,Unspecified code,MT. VIEW,CA,64604
5622803,2026-04-01,2026-04-14,23208,Tiffany Koyama Lane,3,record:e7d45b57c6314500d8aa52a0,USPS,provisional_record_group,False,Business Entity,15600,General Operational Expenses (need description),General operations,WASHINGTON,DC,64627
5622819,2026-04-01,2026-04-14,23208,Tiffany Koyama Lane,3,disclosure:23208:f88fe8ea980a,Miscellaneous Cash Expenditures $100 and under,disclosure_category,True,Unspecified,360,,Unspecified code,,,64628
5598544,2026-04-02,2026-04-02,17629,Eric Zimmerman,4,record:428b0fcd0ef60ebaed796da1,Worldpay- C&E Merchant Services,provisional_record_group,False,Business Entity,8837,General Operational Expenses (need description),General operations,PORTLAND,OR,63944
5601002,2026-04-02,2026-04-06,23365,Mitch Green,4,record:505d17ab5768e40aca75c089,ActBlue,provisional_record_group,False,Business Entity,139,Fundraising Event Expenses,Fundraising event code,W SOMERVILLE,MA,64021
5601095,2026-04-02,2026-04-06,23208,Tiffany Koyama Lane,3,record:505d17ab5768e40aca75c089,ActBlue,provisional_record_group,False,Business Entity,476,Fundraising Event Expenses,Fundraising event code,W SOMERVILLE,MA,64023
5612569,2026-04-02,2026-04-08,15109,Steve Novick,3,record:428b0fcd0ef60ebaed796da1,Worldpay- C&E Merchant Services,provisional_record_group,False,Business Entity,5285,General Operational Expenses (need description),General operations,PORTLAND,OR,64109
5616433,2026-04-02,2026-04-10,23295,Eli Arnold,4,record:428b0fcd0ef60ebaed796da1,Worldpay- C&E Merchant Services,provisional_record_group,False,Business Entity,6195,General Operational Expenses (need description),General operations,PORTLAND,OR,64146
5618739,2026-04-02,2026-04-12,23028,Angelita Morillo,3,record:5889c36455f4dc0ac34a9434,Google ,provisional_record_group,False,Business Entity,3600,,Unspecified code,MT. VIEW,CA,64168
5625945,2026-04-02,2026-04-14,23411,Jeremy Beausoleil Smith,4,record:eda4d69d223c57990c726642,Infused LLC,provisional_record_group,False,Business Entity,30000,General Operational Expenses (need description),General operations,PORTLAND,OR,64282
5633027,2026-04-02,2026-04-20,23199,Olivia Clark,4,record:428b0fcd0ef60ebaed796da1,Worldpay- C&E Merchant Services,provisional_record_group,False,Business Entity,11357,General Operational Expenses (need description),General operations,PORTLAND,OR,64301
5601010,2026-04-03,2026-04-06,23365,Mitch Green,4,record:505d17ab5768e40aca75c089,ActBlue,provisional_record_group,False,Business Entity,554,Fundraising Event Expenses,Fundraising event code,W SOMERVILLE,MA,63740
5601102,2026-04-03,2026-04-06,23208,Tiffany Koyama Lane,3,record:505d17ab5768e40aca75c089,ActBlue,provisional_record_group,False,Business Entity,179,Fundraising Event Expenses,Fundraising event code,W SOMERVILLE,MA,63743
5601193,2026-04-03,2026-04-06,23411,Jeremy Beausoleil Smith,4,disclosure:23411:f88fe8ea980a,Miscellaneous Cash Expenditures $100 and under,disclosure_category,True,Unspecified,79,,Unspecified code,,,63747
5622705,2026-04-03,2026-04-14,23208,Tiffany Koyama Lane,3,record:367691ed84e4d7f3eb7dd0c8,Google,provisional_record_group,False,Business Entity,11040,General Operational Expenses (need description),General operations,MOUNTAIN VIEW,CA,63860
5641230,2026-04-03,2026-04-27,24661,Tom Sollitt,3,disclosure:24661:f88fe8ea980a,Miscellaneous Cash Expenditures $100 and under,disclosure_category,True,Unspecified,23,,Unspecified code,,,63897
5601020,2026-04-04,2026-04-06,23365,Mitch Green,4,record:505d17ab5768e40aca75c089,ActBlue,provisional_record_group,False,Business Entity,318,Fundraising Event Expenses,Fundraising event code,W SOMERVILLE,MA,63619
5601107,2026-04-04,2026-04-06,23208,Tiffany Koyama Lane,3,record:505d17ab5768e40aca75c089,ActBlue,provisional_record_group,False,Business Entity,416,Fundraising Event Expenses,Fundraising event code,W SOMERVILLE,MA,63622
5619153,2026-04-05,2026-04-13,23365,Mitch Green,4,record:505d17ab5768e40aca75c089,ActBlue,provisional_record_group,False,Business Entity,2235,Fundraising Event Expenses,Fundraising event code,W SOMERVILLE,MA,63578
5619271,2026-04-05,2026-04-13,23208,Tiffany Koyama Lane,3,record:505d17ab5768e40aca75c089,ActBlue,provisional_record_group,False,Business Entity,139,Fundraising Event Expenses,Fundraising event code,W SOMERVILLE,MA,63580
5621471,2026-04-05,2026-04-13,23028,Angelita Morillo,3,record:6fe62a06d150ba62854ff585,ActBlue,provisional_record_group,False,Business Entity,3745,,Unspecified code,SOMERVILLE,MA,63587
5622549,2026-04-05,2026-04-13,24897,Kellie Torres,3,record:39bffc6fb2e886cf220117d2,ActBlue Technical Services,provisional_record_group,False,Business Entity,9731,,Unspecified code,CAMBRIDGE,MA,63589
5626101,2026-04-05,2026-04-14,23365,Mitch Green,4,record:11e2684865d46b2b67849a44,"Zapier, Inc.",provisional_record_group,False,Business Entity,23988,General Operational Expenses (need description),General operations,SAN FRANCISCO,CA,63597
5619157,2026-04-06,2026-04-13,23365,Mitch Green,4,record:505d17ab5768e40aca75c089,ActBlue,provisional_record_group,False,Business Entity,911,Fundraising Event Expenses,Fundraising event code,W SOMERVILLE,MA,63394
5619273,2026-04-06,2026-04-13,23208,Tiffany Koyama Lane,3,record:505d17ab5768e40aca75c089,ActBlue,provisional_record_group,False,Business Entity,951,Fundraising Event Expenses,Fundraising event code,W SOMERVILLE,MA,63396
5622820,2026-04-06,2026-04-14,23208,Tiffany Koyama Lane,3,disclosure:23208:f88fe8ea980a,Miscellaneous Cash Expenditures $100 and under,disclosure_category,True,Unspecified,2731,,Unspecified code,,,63430
5625948,2026-04-06,2026-04-14,23411,Jeremy Beausoleil Smith,4,record:e44089eb4a5d7cdc023674bf,John Molina,provisional_record_group,False,Individual,25000,General Operational Expenses (need description),General operations,PORTLAND,OR,63474
5625952,2026-04-06,2026-04-14,23411,Jeremy Beausoleil Smith,4,disclosure:23411:f88fe8ea980a,Miscellaneous Cash Expenditures $100 and under,disclosure_category,True,Unspecified,1920,,Unspecified code,,,63475
5641183,2026-04-06,2026-04-27,24661,Tom Sollitt,3,record:b89caee49ceebfae8ae5d7c1,TABORSPACE,provisional_record_group,False,Business Entity,12500,General Operational Expenses (need description),General operations,PORTLAND,OR,63506
5616721,2026-04-07,2026-04-10,23295,Eli Arnold,4,disclosure:23295:f88fe8ea980a,Miscellaneous Cash Expenditures $100 and under,disclosure_category,True,Unspecified,2299,,Unspecified code,,,63054
5619175,2026-04-07,2026-04-13,23365,Mitch Green,4,record:505d17ab5768e40aca75c089,ActBlue,provisional_record_group,False,Business Entity,1630,Fundraising Event Expenses,Fundraising event code,W SOMERVILLE,MA,63068
5619284,2026-04-07,2026-04-13,23208,Tiffany Koyama Lane,3,record:505d17ab5768e40aca75c089,ActBlue,provisional_record_group,False,Business Entity,2024,Fundraising Event Expenses,Fundraising event code,W SOMERVILLE,MA,63070
5619199,2026-04-08,2026-04-13,23365,Mitch Green,4,record:505d17ab5768e40aca75c089,ActBlue,provisional_record_group,False,Business Entity,973,Fundraising Event Expenses,Fundraising event code,W SOMERVILLE,MA,62770
5619293,2026-04-08,2026-04-13,23208,Tiffany Koyama Lane,3,record:505d17ab5768e40aca75c089,ActBlue,provisional_record_group,False,Business Entity,929,Fundraising Event Expenses,Fundraising event code,W SOMERVILLE,MA,62772
5619403,2026-04-08,2026-04-13,23208,Tiffany Koyama Lane,3,disclosure:23208:f88fe8ea980a,Miscellaneous Cash Expenditures $100 and under,disclosure_category,True,Unspecified,250,,Unspecified code,,,62774
5622813,2026-04-08,2026-04-14,23208,Tiffany Koyama Lane,3,record:5c84c808cee039261c133b47,Iris Hodge,provisional_record_group,False,Individual,6790,Travel Expenses (need description),Travel,BROWNSVILLE,OR,62816
5616435,2026-04-09,2026-04-10,23295,Eli Arnold,4,record:428b0fcd0ef60ebaed796da1,Worldpay- C&E Merchant Services,provisional_record_group,False,Business Entity,1557,General Operational Expenses (need description),General operations,PORTLAND,OR,68538
5619212,2026-04-09,2026-04-13,23365,Mitch Green,4,record:505d17ab5768e40aca75c089,ActBlue,provisional_record_group,False,Business Entity,238,Fundraising Event Expenses,Fundraising event code,W SOMERVILLE,MA,68573
5619298,2026-04-09,2026-04-13,23208,Tiffany Koyama Lane,3,record:505d17ab5768e40aca75c089,ActBlue,provisional_record_group,False,Business Entity,950,Fundraising Event Expenses,Fundraising event code,W SOMERVILLE,MA,68575
5633032,2026-04-09,2026-04-20,23199,Olivia Clark,4,record:428b0fcd0ef60ebaed796da1,Worldpay- C&E Merchant Services,provisional_record_group,False,Business Entity,4277,General Operational Expenses (need description),General operations,PORTLAND,OR,68810
5651855,2026-04-09,2026-05-05,17629,Eric Zimmerman,4,record:428b0fcd0ef60ebaed796da1,Worldpay- C&E Merchant Services,provisional_record_group,False,Business Entity,525,General Operational Expenses (need description),General operations,PORTLAND,OR,68831
5657718,2026-04-09,2026-05-08,15109,Steve Novick,3,record:428b0fcd0ef60ebaed796da1,Worldpay- C&E Merchant Services,provisional_record_group,False,Business Entity,1225,General Operational Expenses (need description),General operations,PORTLAND,OR,68845
5616436,2026-04-10,2026-04-10,23295,Eli Arnold,4,record:1bb2be352bf803425cd21309,C&E Systems,provisional_record_group,False,Business Entity,119500,Management Services,Management services,PORTLAND,OR,67973
5619220,2026-04-10,2026-04-13,23365,Mitch Green,4,record:505d17ab5768e40aca75c089,ActBlue,provisional_record_group,False,Business Entity,390,Fundraising Event Expenses,Fundraising event code,W SOMERVILLE,MA,68027
5619307,2026-04-10,2026-04-13,23208,Tiffany Koyama Lane,3,record:505d17ab5768e40aca75c089,ActBlue,provisional_record_group,False,Business Entity,794,Fundraising Event Expenses,Fundraising event code,W SOMERVILLE,MA,68029
5619498,2026-04-10,2026-04-13,23411,Jeremy Beausoleil Smith,4,disclosure:23411:f88fe8ea980a,Miscellaneous Cash Expenditures $100 and under,disclosure_category,True,Unspecified,496,,Unspecified code,,,68031
5626102,2026-04-10,2026-04-14,23365,Mitch Green,4,record:adc2c298758fb308c2c28529,Margaux Weeke,provisional_record_group,False,Individual,342000,Management Services,Management services,PORTLAND,OR,68204
5633034,2026-04-10,2026-04-20,23199,Olivia Clark,4,record:1bb2be352bf803425cd21309,C&E Systems,provisional_record_group,False,Business Entity,79589,Management Services,Management services,PORTLAND,OR,68411
5634519,2026-04-10,2026-04-21,23295,Eli Arnold,4,disclosure:23295:f88fe8ea980a,Miscellaneous Cash Expenditures $100 and under,disclosure_category,True,Unspecified,1435,,Unspecified code,,,68412
5651857,2026-04-10,2026-05-05,17629,Eric Zimmerman,4,record:1bb2be352bf803425cd21309,C&E Systems,provisional_record_group,False,Business Entity,36500,Management Services,Management services,PORTLAND,OR,68424
5657419,2026-04-10,2026-05-08,24615,John J Goldsmith,4,record:1bb2be352bf803425cd21309,C&E Systems,provisional_record_group,False,Business Entity,5500,Management Services,Management services,PORTLAND,OR,68428
5657722,2026-04-10,2026-05-08,15109,Steve Novick,3,record:1bb2be352bf803425cd21309,C&E Systems,provisional_record_group,False,Business Entity,19500,Management Services,Management services,PORTLAND,OR,68429
5619236,2026-04-11,2026-04-13,23365,Mitch Green,4,record:505d17ab5768e40aca75c089,ActBlue,provisional_record_group,False,Business Entity,1284,Fundraising Event Expenses,Fundraising event code,W SOMERVILLE,MA,67868
5619319,2026-04-11,2026-04-13,23208,Tiffany Koyama Lane,3,record:505d17ab5768e40aca75c089,ActBlue,provisional_record_group,False,Business Entity,2320,Fundraising Event Expenses,Fundraising event code,W SOMERVILLE,MA,67870
5619500,2026-04-11,2026-04-13,23411,Jeremy Beausoleil Smith,4,disclosure:23411:f88fe8ea980a,Miscellaneous Cash Expenditures $100 and under,disclosure_category,True,Unspecified,159,,Unspecified code,,,67871
5641231,2026-04-11,2026-04-27,24661,Tom Sollitt,3,disclosure:24661:f88fe8ea980a,Miscellaneous Cash Expenditures $100 and under,disclosure_category,True,Unspecified,2500,,Unspecified code,,,67929
5621684,2026-04-12,2026-04-13,23028,Angelita Morillo,3,record:6fe62a06d150ba62854ff585,ActBlue,provisional_record_group,False,Business Entity,5568,,Unspecified code,SOMERVILLE,MA,67750
5622778,2026-04-12,2026-04-14,23208,Tiffany Koyama Lane,3,record:505d17ab5768e40aca75c089,ActBlue,provisional_record_group,False,Business Entity,2214,Fundraising Event Expenses,Fundraising event code,W SOMERVILLE,MA,67761
5623421,2026-04-12,2026-04-14,24897,Kellie Torres,3,record:39bffc6fb2e886cf220117d2,ActBlue Technical Services,provisional_record_group,False,Business Entity,6642,,Unspecified code,CAMBRIDGE,MA,67766
5626088,2026-04-12,2026-04-14,23365,Mitch Green,4,record:505d17ab5768e40aca75c089,ActBlue,provisional_record_group,False,Business Entity,1322,Fundraising Event Expenses,Fundraising event code,W SOMERVILLE,MA,67783
5632989,2026-04-12,2026-04-20,24972,Joel Corcoran,3,disclosure:24972:f88fe8ea980a,Miscellaneous Cash Expenditures $100 and under,disclosure_category,True,Unspecified,791,,Unspecified code,,,67825
5641232,2026-04-12,2026-04-27,24661,Tom Sollitt,3,disclosure:24661:f88fe8ea980a,Miscellaneous Cash Expenditures $100 and under,disclosure_category,True,Unspecified,79,,Unspecified code,,,67833
5656398,2026-04-12,2026-05-07,24973,Esther León,3,disclosure:24973:f88fe8ea980a,Miscellaneous Cash Expenditures $100 and under,disclosure_category,True,Unspecified,1601,,Unspecified code,,,67835
5622780,2026-04-13,2026-04-14,23208,Tiffany Koyama Lane,3,record:505d17ab5768e40aca75c089,ActBlue,provisional_record_group,False,Business Entity,1330,Fundraising Event Expenses,Fundraising event code,W SOMERVILLE,MA,67505
5626090,2026-04-13,2026-04-14,23365,Mitch Green,4,record:505d17ab5768e40aca75c089,ActBlue,provisional_record_group,False,Business Entity,496,Fundraising Event Expenses,Fundraising event code,W SOMERVILLE,MA,67562
5634468,2026-04-13,2026-04-21,23295,Eli Arnold,4,record:897ca0e9c4652ae0639ef42d,Mailchimp,provisional_record_group,False,Business Entity,6000,General Operational Expenses (need description),General operations,ATLANTA,GA,67698
5622800,2026-04-14,2026-04-14,23208,Tiffany Koyama Lane,3,record:1d13197007c784df721d7359,Canva,provisional_record_group,False,Business Entity,3000,General Operational Expenses (need description),General operations,SAN JOSE,CA,67129
5622840,2026-04-14,2026-04-14,23028,Angelita Morillo,3,record:6e1644ed463471fe1dd0842a,Mailchimp,provisional_record_group,False,Business Entity,13500,,Unspecified code,ATLANTA,GA,67137
5632164,2026-04-14,2026-04-20,23208,Tiffany Koyama Lane,3,record:505d17ab5768e40aca75c089,ActBlue,provisional_record_group,False,Business Entity,423,Fundraising Event Expenses,Fundraising event code,W SOMERVILLE,MA,67322
5632165,2026-04-14,2026-04-20,23365,Mitch Green,4,record:505d17ab5768e40aca75c089,ActBlue,provisional_record_group,False,Business Entity,284,Fundraising Event Expenses,Fundraising event code,W SOMERVILLE,MA,67323
5628219,2026-04-15,2026-04-16,23028,Angelita Morillo,3,record:1b89fe60f6fa342728417c2c,Evelyn Kocher,provisional_record_group,False,Individual,50000,,Unspecified code,PORTLAND,OR,66913
5632168,2026-04-15,2026-04-20,23365,Mitch Green,4,record:505d17ab5768e40aca75c089,ActBlue,provisional_record_group,False,Business Entity,310,Fundraising Event Expenses,Fundraising event code,W SOMERVILLE,MA,66996
5632173,2026-04-15,2026-04-20,23208,Tiffany Koyama Lane,3,record:505d17ab5768e40aca75c089,ActBlue,provisional_record_group,False,Business Entity,608,Fundraising Event Expenses,Fundraising event code,W SOMERVILLE,MA,66997
5632609,2026-04-15,2026-04-20,23411,Jeremy Beausoleil Smith,4,disclosure:23411:f88fe8ea980a,Miscellaneous Cash Expenditures $100 and under,disclosure_category,True,Unspecified,40,,Unspecified code,,,67004
5632182,2026-04-16,2026-04-20,23365,Mitch Green,4,record:505d17ab5768e40aca75c089,ActBlue,provisional_record_group,False,Business Entity,515,Fundraising Event Expenses,Fundraising event code,W SOMERVILLE,MA,66709
5632195,2026-04-16,2026-04-20,23208,Tiffany Koyama Lane,3,record:505d17ab5768e40aca75c089,ActBlue,provisional_record_group,False,Business Entity,416,Fundraising Event Expenses,Fundraising event code,W SOMERVILLE,MA,66710
5632196,2026-04-16,2026-04-20,23208,Tiffany Koyama Lane,3,record:6403fa1044e000273aa5169d,Mailchimp,provisional_record_group,False,Business Entity,23000,General Operational Expenses (need description),General operations,ATLANTA,GA,66711
5632611,2026-04-16,2026-04-20,23411,Jeremy Beausoleil Smith,4,disclosure:23411:f88fe8ea980a,Miscellaneous Cash Expenditures $100 and under,disclosure_category,True,Unspecified,20,,Unspecified code,,,66723
5632202,2026-04-17,2026-04-20,23208,Tiffany Koyama Lane,3,record:505d17ab5768e40aca75c089,ActBlue,provisional_record_group,False,Business Entity,99,Fundraising Event Expenses,Fundraising event code,W SOMERVILLE,MA,66313
5632213,2026-04-17,2026-04-20,23208,Tiffany Koyama Lane,3,record:d6d0edb21ed9ce9f86ff1e82,Lyft,provisional_record_group,False,Business Entity,3836,Travel Expenses (need description),Travel,SAN FRANCISCO,CA,66314
5633039,2026-04-17,2026-04-20,23199,Olivia Clark,4,record:428b0fcd0ef60ebaed796da1,Worldpay- C&E Merchant Services,provisional_record_group,False,Business Entity,2765,General Operational Expenses (need description),General operations,PORTLAND,OR,66351
5634469,2026-04-17,2026-04-21,23295,Eli Arnold,4,record:428b0fcd0ef60ebaed796da1,Worldpay- C&E Merchant Services,provisional_record_group,False,Business Entity,1957,General Operational Expenses (need description),General operations,PORTLAND,OR,66406
5651858,2026-04-17,2026-05-05,17629,Eric Zimmerman,4,record:428b0fcd0ef60ebaed796da1,Worldpay- C&E Merchant Services,provisional_record_group,False,Business Entity,16275,General Operational Expenses (need description),General operations,PORTLAND,OR,66561
5657724,2026-04-17,2026-05-08,15109,Steve Novick,3,record:428b0fcd0ef60ebaed796da1,Worldpay- C&E Merchant Services,provisional_record_group,False,Business Entity,8120,General Operational Expenses (need description),General operations,PORTLAND,OR,66577
5632204,2026-04-18,2026-04-20,23208,Tiffany Koyama Lane,3,record:505d17ab5768e40aca75c089,ActBlue,provisional_record_group,False,Business Entity,3004,Fundraising Event Expenses,Fundraising event code,W SOMERVILLE,MA,66127
5632613,2026-04-18,2026-04-20,23411,Jeremy Beausoleil Smith,4,disclosure:23411:f88fe8ea980a,Miscellaneous Cash Expenditures $100 and under,disclosure_category,True,Unspecified,99,,Unspecified code,,,66134
5633678,2026-04-19,2026-04-20,23365,Mitch Green,4,record:505d17ab5768e40aca75c089,ActBlue,provisional_record_group,False,Business Entity,198,Fundraising Event Expenses,Fundraising event code,W SOMERVILLE,MA,66030
5633701,2026-04-19,2026-04-20,23208,Tiffany Koyama Lane,3,record:505d17ab5768e40aca75c089,ActBlue,provisional_record_group,False,Business Entity,396,Fundraising Event Expenses,Fundraising event code,W SOMERVILLE,MA,66031
5633760,2026-04-19,2026-04-20,23028,Angelita Morillo,3,record:6fe62a06d150ba62854ff585,ActBlue,provisional_record_group,False,Business Entity,3109,,Unspecified code,SOMERVILLE,MA,66033
5633835,2026-04-19,2026-04-20,24897,Kellie Torres,3,record:39bffc6fb2e886cf220117d2,ActBlue Technical Services,provisional_record_group,False,Business Entity,7037,,Unspecified code,CAMBRIDGE,MA,66037
5641233,2026-04-19,2026-04-27,24661,Tom Sollitt,3,disclosure:24661:f88fe8ea980a,Miscellaneous Cash Expenditures $100 and under,disclosure_category,True,Unspecified,158,,Unspecified code,,,66083
5656400,2026-04-19,2026-05-07,24973,Esther León,3,disclosure:24973:f88fe8ea980a,Miscellaneous Cash Expenditures $100 and under,disclosure_category,True,Unspecified,357,,Unspecified code,,,66092
5633856,2026-04-20,2026-04-20,24897,Kellie Torres,3,record:22863636967df0c3eb091ca1,Kenneth Poirier,provisional_record_group,False,Individual,90200,,Unspecified code,PORTLAND,OR,65676
5633857,2026-04-20,2026-04-20,24897,Kellie Torres,3,record:17abdb148b055a5ce53d8282,Meadowlark Bookkeeping,provisional_record_group,False,Business Entity,102100,,Unspecified code,PORTLAND,OR,65677
5640257,2026-04-20,2026-04-27,23365,Mitch Green,4,record:505d17ab5768e40aca75c089,ActBlue,provisional_record_group,False,Business Entity,1410,Fundraising Event Expenses,Fundraising event code,W SOMERVILLE,MA,65853
5640258,2026-04-20,2026-04-27,23208,Tiffany Koyama Lane,3,record:505d17ab5768e40aca75c089,ActBlue,provisional_record_group,False,Business Entity,1152,Fundraising Event Expenses,Fundraising event code,W SOMERVILLE,MA,65854
5640261,2026-04-21,2026-04-27,23365,Mitch Green,4,record:505d17ab5768e40aca75c089,ActBlue,provisional_record_group,False,Business Entity,567,Fundraising Event Expenses,Fundraising event code,W SOMERVILLE,MA,72094
5640264,2026-04-21,2026-04-27,23208,Tiffany Koyama Lane,3,record:505d17ab5768e40aca75c089,ActBlue,provisional_record_group,False,Business Entity,1481,Fundraising Event Expenses,Fundraising event code,W SOMERVILLE,MA,72095
5640289,2026-04-21,2026-04-27,23208,Tiffany Koyama Lane,3,record:1881f8fe4169bab7e8fce1cf,Lindsey Montague,provisional_record_group,False,Individual,60000,General Operational Expenses (need description),General operations,PORTLAND,OR,72096
5640293,2026-04-21,2026-04-27,23365,Mitch Green,4,record:3c37d978f79677f4a6c49cde,Infused LLC,provisional_record_group,False,Business Entity,154000,General Operational Expenses (need description),General operations,LAKE OSWEGO,OR,72097
5640357,2026-04-21,2026-04-27,23411,Jeremy Beausoleil Smith,4,record:eda4d69d223c57990c726642,Infused LLC,provisional_record_group,False,Business Entity,30000,General Operational Expenses (need description),General operations,PORTLAND,OR,72102
5645194,2026-04-21,2026-04-29,23208,Tiffany Koyama Lane,3,record:3c37d978f79677f4a6c49cde,Infused LLC,provisional_record_group,False,Business Entity,159000,General Operational Expenses (need description),General operations,LAKE OSWEGO,OR,72195
5640273,2026-04-22,2026-04-27,23208,Tiffany Koyama Lane,3,record:505d17ab5768e40aca75c089,ActBlue,provisional_record_group,False,Business Entity,416,Fundraising Event Expenses,Fundraising event code,W SOMERVILLE,MA,71784
5640278,2026-04-22,2026-04-27,23365,Mitch Green,4,record:505d17ab5768e40aca75c089,ActBlue,provisional_record_group,False,Business Entity,40,Fundraising Event Expenses,Fundraising event code,W SOMERVILLE,MA,71785
5640452,2026-04-22,2026-04-27,23411,Jeremy Beausoleil Smith,4,disclosure:23411:f88fe8ea980a,Miscellaneous Cash Expenditures $100 and under,disclosure_category,True,Unspecified,99,,Unspecified code,,,71789
5636797,2026-04-23,2026-04-23,23295,Eli Arnold,4,record:428b0fcd0ef60ebaed796da1,Worldpay- C&E Merchant Services,provisional_record_group,False,Business Entity,6860,General Operational Expenses (need description),General operations,PORTLAND,OR,71311
5640283,2026-04-23,2026-04-27,23365,Mitch Green,4,record:505d17ab5768e40aca75c089,ActBlue,provisional_record_group,False,Business Entity,476,Fundraising Event Expenses,Fundraising event code,W SOMERVILLE,MA,71423
5640286,2026-04-23,2026-04-27,23208,Tiffany Koyama Lane,3,record:505d17ab5768e40aca75c089,ActBlue,provisional_record_group,False,Business Entity,674,Fundraising Event Expenses,Fundraising event code,W SOMERVILLE,MA,71424
5640369,2026-04-23,2026-04-27,23208,Tiffany Koyama Lane,3,disclosure:23208:f88fe8ea980a,Miscellaneous Cash Expenditures $100 and under,disclosure_category,True,Unspecified,4100,,Unspecified code,,,71426
5651859,2026-04-23,2026-05-05,17629,Eric Zimmerman,4,record:428b0fcd0ef60ebaed796da1,Worldpay- C&E Merchant Services,provisional_record_group,False,Business Entity,3850,General Operational Expenses (need description),General operations,PORTLAND,OR,71608
5653654,2026-04-23,2026-05-06,23199,Olivia Clark,4,record:428b0fcd0ef60ebaed796da1,Worldpay- C&E Merchant Services,provisional_record_group,False,Business Entity,1400,General Operational Expenses (need description),General operations,PORTLAND,OR,71609
5657726,2026-04-23,2026-05-08,15109,Steve Novick,3,record:428b0fcd0ef60ebaed796da1,Worldpay- C&E Merchant Services,provisional_record_group,False,Business Entity,2222,General Operational Expenses (need description),General operations,PORTLAND,OR,71611
5640298,2026-04-24,2026-04-27,23365,Mitch Green,4,record:505d17ab5768e40aca75c089,ActBlue,provisional_record_group,False,Business Entity,377,Fundraising Event Expenses,Fundraising event code,W SOMERVILLE,MA,71071
5640305,2026-04-24,2026-04-27,23208,Tiffany Koyama Lane,3,record:505d17ab5768e40aca75c089,ActBlue,provisional_record_group,False,Business Entity,614,Fundraising Event Expenses,Fundraising event code,W SOMERVILLE,MA,71072
5640307,2026-04-25,2026-04-27,23365,Mitch Green,4,record:505d17ab5768e40aca75c089,ActBlue,provisional_record_group,False,Business Entity,219,Fundraising Event Expenses,Fundraising event code,W SOMERVILLE,MA,70915
5640318,2026-04-25,2026-04-27,23208,Tiffany Koyama Lane,3,record:505d17ab5768e40aca75c089,ActBlue,provisional_record_group,False,Business Entity,377,Fundraising Event Expenses,Fundraising event code,W SOMERVILLE,MA,70916
5649163,2026-04-25,2026-05-04,23365,Mitch Green,4,record:1559636a39cabb8b2df7d33d,"PhoneBurner, Inc",provisional_record_group,False,Business Entity,19500,General Operational Expenses (need description),General operations,LAGUNA BEACH,CA,70969
5649182,2026-04-25,2026-05-04,23365,Mitch Green,4,record:0bd926a9c85d9f851966e0b7,Leslie McCollom Fontaine,provisional_record_group,False,Individual,223000,Online and Social Media Advertising,Online advertising,PORTLAND,OR,70970
5640317,2026-04-26,2026-04-27,23365,Mitch Green,4,record:505d17ab5768e40aca75c089,ActBlue,provisional_record_group,False,Business Entity,495,Fundraising Event Expenses,Fundraising event code,W SOMERVILLE,MA,70808
5640329,2026-04-26,2026-04-27,23208,Tiffany Koyama Lane,3,record:505d17ab5768e40aca75c089,ActBlue,provisional_record_group,False,Business Entity,1187,Fundraising Event Expenses,Fundraising event code,W SOMERVILLE,MA,70809
5642626,2026-04-26,2026-04-27,23028,Angelita Morillo,3,record:6fe62a06d150ba62854ff585,ActBlue,provisional_record_group,False,Business Entity,3914,,Unspecified code,SOMERVILLE,MA,70851
5642634,2026-04-26,2026-04-27,24897,Kellie Torres,3,record:39bffc6fb2e886cf220117d2,ActBlue Technical Services,provisional_record_group,False,Business Entity,4155,,Unspecified code,CAMBRIDGE,MA,70852
5641185,2026-04-27,2026-04-27,24661,Tom Sollitt,3,record:b89caee49ceebfae8ae5d7c1,TABORSPACE,provisional_record_group,False,Business Entity,12500,General Operational Expenses (need description),General operations,PORTLAND,OR,70501
5649142,2026-04-27,2026-05-04,23208,Tiffany Koyama Lane,3,record:505d17ab5768e40aca75c089,ActBlue,provisional_record_group,False,Business Entity,2530,Fundraising Event Expenses,Fundraising event code,W SOMERVILLE,MA,70709
5649138,2026-04-28,2026-05-04,23208,Tiffany Koyama Lane,3,record:f9b918c4d087f0ce66a641d9,Kashann Kilson,provisional_record_group,False,Individual,25000,General Operational Expenses (need description),General operations,PORTLAND,OR,70338
5649141,2026-04-28,2026-05-04,23365,Mitch Green,4,record:505d17ab5768e40aca75c089,ActBlue,provisional_record_group,False,Business Entity,370,Fundraising Event Expenses,Fundraising event code,W SOMERVILLE,MA,70339
5649161,2026-04-28,2026-05-04,23208,Tiffany Koyama Lane,3,record:505d17ab5768e40aca75c089,ActBlue,provisional_record_group,False,Business Entity,2892,Fundraising Event Expenses,Fundraising event code,W SOMERVILLE,MA,70340
5649424,2026-04-28,2026-05-04,23411,Jeremy Beausoleil Smith,4,disclosure:23411:f88fe8ea980a,Miscellaneous Cash Expenditures $100 and under,disclosure_category,True,Unspecified,207,,Unspecified code,,,70342
5649170,2026-04-29,2026-05-04,23365,Mitch Green,4,record:505d17ab5768e40aca75c089,ActBlue,provisional_record_group,False,Business Entity,1171,Fundraising Event Expenses,Fundraising event code,W SOMERVILLE,MA,70029
5649204,2026-04-29,2026-05-04,23208,Tiffany Koyama Lane,3,record:505d17ab5768e40aca75c089,ActBlue,provisional_record_group,False,Business Entity,1986,Fundraising Event Expenses,Fundraising event code,W SOMERVILLE,MA,70030
5649221,2026-04-29,2026-05-04,23208,Tiffany Koyama Lane,3,record:5c84c808cee039261c133b47,Iris Hodge,provisional_record_group,False,Individual,450927,"Wages, Salaries, Benefits","Wages, salaries, benefits",BROWNSVILLE,OR,70031
5649224,2026-04-29,2026-05-04,23208,Tiffany Koyama Lane,3,record:864917c852326fa655433ea9,Gusto,provisional_record_group,False,Business Entity,214471,"Wages, Salaries, Benefits","Wages, salaries, benefits",SAN FRANCISCO,CA,70032
5649426,2026-04-29,2026-05-04,23411,Jeremy Beausoleil Smith,4,disclosure:23411:f88fe8ea980a,Miscellaneous Cash Expenditures $100 and under,disclosure_category,True,Unspecified,218,,Unspecified code,,,70036
5674980,2026-04-29,2026-05-28,23295,Eli Arnold,4,disclosure:23295:f88fe8ea980a,Miscellaneous Cash Expenditures $100 and under,disclosure_category,True,Unspecified,1933,,Unspecified code,,,70148
5649210,2026-04-30,2026-05-04,23365,Mitch Green,4,record:505d17ab5768e40aca75c089,ActBlue,provisional_record_group,False,Business Entity,1693,Fundraising Event Expenses,Fundraising event code,W SOMERVILLE,MA,69626
5649250,2026-04-30,2026-05-04,23208,Tiffany Koyama Lane,3,record:505d17ab5768e40aca75c089,ActBlue,provisional_record_group,False,Business Entity,1368,Fundraising Event Expenses,Fundraising event code,W SOMERVILLE,MA,69627
5649428,2026-04-30,2026-05-04,23411,Jeremy Beausoleil Smith,4,disclosure:23411:f88fe8ea980a,Miscellaneous Cash Expenditures $100 and under,disclosure_category,True,Unspecified,40,,Unspecified code,,,69631
5651860,2026-04-30,2026-05-05,17629,Eric Zimmerman,4,record:428b0fcd0ef60ebaed796da1,Worldpay- C&E Merchant Services,provisional_record_group,False,Business Entity,6212,General Operational Expenses (need description),General operations,PORTLAND,OR,69734
5653655,2026-04-30,2026-05-06,23199,Olivia Clark,4,record:428b0fcd0ef60ebaed796da1,Worldpay- C&E Merchant Services,provisional_record_group,False,Business Entity,2345,General Operational Expenses (need description),General operations,PORTLAND,OR,69775
5654658,2026-04-30,2026-05-07,23208,Tiffany Koyama Lane,3,disclosure:23208:f88fe8ea980a,Miscellaneous Cash Expenditures $100 and under,disclosure_category,True,Unspecified,5470,,Unspecified code,,,69802
5656328,2026-04-30,2026-05-07,23028,Angelita Morillo,3,record:6fe62a06d150ba62854ff585,ActBlue,provisional_record_group,False,Business Entity,6304,Fundraising Event Expenses,Fundraising event code,SOMERVILLE,MA,69840
5657727,2026-04-30,2026-05-08,15109,Steve Novick,3,record:428b0fcd0ef60ebaed796da1,Worldpay- C&E Merchant Services,provisional_record_group,False,Business Entity,2782,General Operational Expenses (need description),General operations,PORTLAND,OR,69847
5674894,2026-04-30,2026-05-28,23295,Eli Arnold,4,record:428b0fcd0ef60ebaed796da1,Worldpay- C&E Merchant Services,provisional_record_group,False,Business Entity,647,General Operational Expenses (need description),General operations,PORTLAND,OR,69863
5649222,2026-05-01,2026-05-04,23365,Mitch Green,4,record:505d17ab5768e40aca75c089,ActBlue,provisional_record_group,False,Business Entity,595,Fundraising Event Expenses,Fundraising event code,W SOMERVILLE,MA,69211
5649278,2026-05-01,2026-05-04,23208,Tiffany Koyama Lane,3,record:505d17ab5768e40aca75c089,ActBlue,provisional_record_group,False,Business Entity,1150,Fundraising Event Expenses,Fundraising event code,W SOMERVILLE,MA,69212
5656464,2026-05-01,2026-05-08,23028,Angelita Morillo,3,record:505d17ab5768e40aca75c089,ActBlue,provisional_record_group,False,Business Entity,457,Fundraising Event Expenses,Fundraising event code,W SOMERVILLE,MA,69356
5662953,2026-05-01,2026-05-13,23028,Angelita Morillo,3,disclosure:23028:f88fe8ea980a,Miscellaneous Cash Expenditures $100 and under,disclosure_category,True,Unspecified,3600,,Unspecified code,,,69414
5674896,2026-05-01,2026-05-28,23295,Eli Arnold,4,record:fc463f6e531cbd2911207b37,SHOP STRANGE,provisional_record_group,False,Business Entity,60000,"Other Advertising (yard signs, buttons, etc.)",Other advertising / signs,PORTLAND,OR,69421
5649242,2026-05-02,2026-05-04,23365,Mitch Green,4,record:505d17ab5768e40aca75c089,ActBlue,provisional_record_group,False,Business Entity,1091,Fundraising Event Expenses,Fundraising event code,W SOMERVILLE,MA,69004
5649293,2026-05-02,2026-05-04,23208,Tiffany Koyama Lane,3,record:505d17ab5768e40aca75c089,ActBlue,provisional_record_group,False,Business Entity,357,Fundraising Event Expenses,Fundraising event code,W SOMERVILLE,MA,69005
5649430,2026-05-02,2026-05-04,23411,Jeremy Beausoleil Smith,4,disclosure:23411:f88fe8ea980a,Miscellaneous Cash Expenditures $100 and under,disclosure_category,True,Unspecified,99,,Unspecified code,,,69006
5656390,2026-05-02,2026-05-07,24973,Esther León,3,disclosure:24973:f88fe8ea980a,Miscellaneous Cash Expenditures $100 and under,disclosure_category,True,Unspecified,4200,,Unspecified code,,,69045
5656474,2026-05-02,2026-05-08,23028,Angelita Morillo,3,record:505d17ab5768e40aca75c089,ActBlue,provisional_record_group,False,Business Entity,159,Fundraising Event Expenses,Fundraising event code,W SOMERVILLE,MA,69047
5680116,2026-05-02,2026-06-01,24661,Tom Sollitt,3,disclosure:24661:f88fe8ea980a,Miscellaneous Cash Expenditures $100 and under,disclosure_category,True,Unspecified,7527,,Unspecified code,,,69095
5649269,2026-05-03,2026-05-04,23365,Mitch Green,4,record:505d17ab5768e40aca75c089,ActBlue,provisional_record_group,False,Business Entity,297,Fundraising Event Expenses,Fundraising event code,W SOMERVILLE,MA,68864
5649298,2026-05-03,2026-05-04,23208,Tiffany Koyama Lane,3,record:505d17ab5768e40aca75c089,ActBlue,provisional_record_group,False,Business Entity,419,Fundraising Event Expenses,Fundraising event code,W SOMERVILLE,MA,68865
5649299,2026-05-03,2026-05-04,23208,Tiffany Koyama Lane,3,record:367691ed84e4d7f3eb7dd0c8,Google,provisional_record_group,False,Business Entity,11040,General Operational Expenses (need description),General operations,MOUNTAIN VIEW,CA,68866
5650738,2026-05-03,2026-05-04,24972,Joel Corcoran,3,disclosure:24972:f88fe8ea980a,Miscellaneous Cash Expenditures $100 and under,disclosure_category,True,Unspecified,988,,Unspecified code,,,68887
5650906,2026-05-03,2026-05-04,24897,Kellie Torres,3,record:39bffc6fb2e886cf220117d2,ActBlue Technical Services,provisional_record_group,False,Business Entity,10458,,Unspecified code,CAMBRIDGE,MA,68891
5658083,2026-05-03,2026-05-08,23365,Mitch Green,4,record:398506e402f5aba1a1296c46,Target,provisional_record_group,False,Business Entity,14900,General Operational Expenses (need description),General operations,PORTLAND,OR,68950
5658847,2026-05-03,2026-05-10,24973,Esther León,3,disclosure:24973:f88fe8ea980a,Miscellaneous Cash Expenditures $100 and under,disclosure_category,True,Unspecified,4200,,Unspecified code,,,68954
5669079,2026-05-03,2026-06-02,24661,Tom Sollitt,3,record:1855671dfca145ff28ee3106,Sabina Urdes,provisional_record_group,False,Individual,12500,General Operational Expenses (need description),General operations,PORTLAND,OR,68962
5680417,2026-05-03,2026-06-02,24661,Tom Sollitt,3,disclosure:24661:f88fe8ea980a,Miscellaneous Cash Expenditures $100 and under,disclosure_category,True,Unspecified,10099,,Unspecified code,,,68963
5654615,2026-05-04,2026-05-07,23208,Tiffany Koyama Lane,3,record:505d17ab5768e40aca75c089,ActBlue,provisional_record_group,False,Business Entity,1485,Fundraising Event Expenses,Fundraising event code,W SOMERVILLE,MA,75658
5654660,2026-05-04,2026-05-07,23208,Tiffany Koyama Lane,3,disclosure:23208:f88fe8ea980a,Miscellaneous Cash Expenditures $100 and under,disclosure_category,True,Unspecified,885,,Unspecified code,,,75659
5656477,2026-05-04,2026-05-08,23028,Angelita Morillo,3,record:505d17ab5768e40aca75c089,ActBlue,provisional_record_group,False,Business Entity,890,Fundraising Event Expenses,Fundraising event code,W SOMERVILLE,MA,75693
5658052,2026-05-04,2026-05-08,23365,Mitch Green,4,record:505d17ab5768e40aca75c089,ActBlue,provisional_record_group,False,Business Entity,950,Fundraising Event Expenses,Fundraising event code,W SOMERVILLE,MA,75738
5658087,2026-05-04,2026-05-08,23365,Mitch Green,4,disclosure:23365:f88fe8ea980a,Miscellaneous Cash Expenditures $100 and under,disclosure_category,True,Unspecified,1200,,Unspecified code,,,75739
5662955,2026-05-04,2026-05-13,23028,Angelita Morillo,3,disclosure:23028:f88fe8ea980a,Miscellaneous Cash Expenditures $100 and under,disclosure_category,True,Unspecified,2622,,Unspecified code,,,75828
5651974,2026-05-05,2026-05-05,24897,Kellie Torres,3,record:1c14a5741680e078dbe8cf51,Morel Ink,provisional_record_group,False,Business Entity,31500,"Literature, Brochures, Printing",Literature and printing,PORTLAND,OR,75190
5654628,2026-05-05,2026-05-07,23208,Tiffany Koyama Lane,3,record:505d17ab5768e40aca75c089,ActBlue,provisional_record_group,False,Business Entity,911,Fundraising Event Expenses,Fundraising event code,W SOMERVILLE,MA,75292
5654652,2026-05-05,2026-05-07,23208,Tiffany Koyama Lane,3,record:864917c852326fa655433ea9,Gusto,provisional_record_group,False,Business Entity,10000,General Operational Expenses (need description),General operations,SAN FRANCISCO,CA,75293
5656482,2026-05-05,2026-05-08,23028,Angelita Morillo,3,record:505d17ab5768e40aca75c089,ActBlue,provisional_record_group,False,Business Entity,386,Fundraising Event Expenses,Fundraising event code,W SOMERVILLE,MA,75320
5658059,2026-05-05,2026-05-08,23365,Mitch Green,4,record:505d17ab5768e40aca75c089,ActBlue,provisional_record_group,False,Business Entity,774,Fundraising Event Expenses,Fundraising event code,W SOMERVILLE,MA,75357
5658081,2026-05-05,2026-05-08,23365,Mitch Green,4,record:05bd9efcbd3937d2a5b04585,Amazon,provisional_record_group,False,Business Entity,19094,General Operational Expenses (need description),General operations,SEATTLE,WA,75358
5658082,2026-05-05,2026-05-08,23365,Mitch Green,4,record:0bd926a9c85d9f851966e0b7,Leslie McCollom Fontaine,provisional_record_group,False,Individual,88000,General Operational Expenses (need description),General operations,PORTLAND,OR,75359
5653657,2026-05-06,2026-05-06,23199,Olivia Clark,4,record:428b0fcd0ef60ebaed796da1,Worldpay- C&E Merchant Services,provisional_record_group,False,Business Entity,3570,General Operational Expenses (need description),General operations,PORTLAND,OR,74759
5654638,2026-05-06,2026-05-07,23208,Tiffany Koyama Lane,3,record:505d17ab5768e40aca75c089,ActBlue,provisional_record_group,False,Business Entity,357,Fundraising Event Expenses,Fundraising event code,W SOMERVILLE,MA,74813
5656492,2026-05-06,2026-05-08,23028,Angelita Morillo,3,record:505d17ab5768e40aca75c089,ActBlue,provisional_record_group,False,Business Entity,613,Fundraising Event Expenses,Fundraising event code,W SOMERVILLE,MA,74866
5656513,2026-05-06,2026-05-08,23208,Tiffany Koyama Lane,3,record:628a6b614412cd12c7f70b49,City of Portland's Bureau of Development Services,provisional_record_group,False,Other,25500,General Operational Expenses (need description),General operations,PORTLAND,OR,74867
5657729,2026-05-06,2026-05-08,15109,Steve Novick,3,record:428b0fcd0ef60ebaed796da1,Worldpay- C&E Merchant Services,provisional_record_group,False,Business Entity,1050,General Operational Expenses (need description),General operations,PORTLAND,OR,74928
5658071,2026-05-06,2026-05-08,23365,Mitch Green,4,record:505d17ab5768e40aca75c089,ActBlue,provisional_record_group,False,Business Entity,20,Fundraising Event Expenses,Fundraising event code,W SOMERVILLE,MA,74941
5659236,2026-05-06,2026-05-11,23411,Jeremy Beausoleil Smith,4,disclosure:23411:f88fe8ea980a,Miscellaneous Cash Expenditures $100 and under,disclosure_category,True,Unspecified,2000,,Unspecified code,,,74977
5662946,2026-05-06,2026-05-13,23028,Angelita Morillo,3,record:7e730c330a08ae1587dd5c98,Meadowlark Bookkeeping,provisional_record_group,False,Business Entity,93000,General Operational Expenses (need description),General operations,PORTLAND,OR,75120
5674897,2026-05-06,2026-05-28,23295,Eli Arnold,4,record:428b0fcd0ef60ebaed796da1,Worldpay- C&E Merchant Services,provisional_record_group,False,Business Entity,1435,General Operational Expenses (need description),General operations,PORTLAND,OR,75137
5679837,2026-05-06,2026-06-01,17629,Eric Zimmerman,4,record:428b0fcd0ef60ebaed796da1,Worldpay- C&E Merchant Services,provisional_record_group,False,Business Entity,4130,General Operational Expenses (need description),General operations,PORTLAND,OR,75141
5656496,2026-05-07,2026-05-08,23028,Angelita Morillo,3,record:505d17ab5768e40aca75c089,ActBlue,provisional_record_group,False,Business Entity,464,Fundraising Event Expenses,Fundraising event code,W SOMERVILLE,MA,74315
5657730,2026-05-07,2026-05-08,15109,Steve Novick,3,record:1bb2be352bf803425cd21309,C&E Systems,provisional_record_group,False,Business Entity,59500,Management Services,Management services,PORTLAND,OR,74393
5658073,2026-05-07,2026-05-08,23365,Mitch Green,4,record:505d17ab5768e40aca75c089,ActBlue,provisional_record_group,False,Business Entity,266,Fundraising Event Expenses,Fundraising event code,W SOMERVILLE,MA,74410
5659030,2026-05-07,2026-05-11,23208,Tiffany Koyama Lane,3,record:505d17ab5768e40aca75c089,ActBlue,provisional_record_group,False,Business Entity,325,Fundraising Event Expenses,Fundraising event code,W SOMERVILLE,MA,74429
5659238,2026-05-07,2026-05-11,23411,Jeremy Beausoleil Smith,4,disclosure:23411:f88fe8ea980a,Miscellaneous Cash Expenditures $100 and under,disclosure_category,True,Unspecified,40,,Unspecified code,,,74433
5660052,2026-05-07,2026-05-11,23199,Olivia Clark,4,record:1bb2be352bf803425cd21309,C&E Systems,provisional_record_group,False,Business Entity,99944,Management Services,Management services,PORTLAND,OR,74472
5662947,2026-05-07,2026-05-13,23028,Angelita Morillo,3,record:7e730c330a08ae1587dd5c98,Meadowlark Bookkeeping,provisional_record_group,False,Business Entity,81900,General Operational Expenses (need description),General operations,PORTLAND,OR,74558
5674898,2026-05-07,2026-05-28,23295,Eli Arnold,4,record:1bb2be352bf803425cd21309,C&E Systems,provisional_record_group,False,Business Entity,99678,Management Services,Management services,PORTLAND,OR,74689
5674987,2026-05-07,2026-05-28,23295,Eli Arnold,4,disclosure:23295:f88fe8ea980a,Miscellaneous Cash Expenditures $100 and under,disclosure_category,True,Unspecified,2299,,Unspecified code,,,74690
5679838,2026-05-07,2026-06-01,17629,Eric Zimmerman,4,record:1bb2be352bf803425cd21309,C&E Systems,provisional_record_group,False,Business Entity,79500,Management Services,Management services,PORTLAND,OR,74695
5658839,2026-05-08,2026-05-10,24973,Esther León,3,record:83632212153d495ce7bc988b,OfficeMax,provisional_record_group,False,Business Entity,5196,Fundraising Event Expenses,Fundraising event code,PORTLAND,OR,74023
5658995,2026-05-08,2026-05-11,23365,Mitch Green,4,record:505d17ab5768e40aca75c089,ActBlue,provisional_record_group,False,Business Entity,44,Fundraising Event Expenses,Fundraising event code,W SOMERVILLE,MA,74027
5659042,2026-05-08,2026-05-11,23208,Tiffany Koyama Lane,3,record:505d17ab5768e40aca75c089,ActBlue,provisional_record_group,False,Business Entity,417,Fundraising Event Expenses,Fundraising event code,W SOMERVILLE,MA,74029
5659070,2026-05-08,2026-05-11,23208,Tiffany Koyama Lane,3,disclosure:23208:f88fe8ea980a,Miscellaneous Cash Expenditures $100 and under,disclosure_category,True,Unspecified,250,,Unspecified code,,,74030
5659240,2026-05-08,2026-05-11,23411,Jeremy Beausoleil Smith,4,disclosure:23411:f88fe8ea980a,Miscellaneous Cash Expenditures $100 and under,disclosure_category,True,Unspecified,119,,Unspecified code,,,74035
5663029,2026-05-08,2026-05-14,23028,Angelita Morillo,3,record:505d17ab5768e40aca75c089,ActBlue,provisional_record_group,False,Business Entity,238,Fundraising Event Expenses,Fundraising event code,W SOMERVILLE,MA,74122
5658844,2026-05-09,2026-05-10,24973,Esther León,3,record:0b3a783e1d87d0d0c029fbcd,QFC,provisional_record_group,False,Business Entity,17012,Fundraising Event Expenses,Fundraising event code,PORTLAND,OR,73789
5658845,2026-05-09,2026-05-10,24973,Esther León,3,record:0b3a783e1d87d0d0c029fbcd,QFC,provisional_record_group,False,Business Entity,4678,Fundraising Event Expenses,Fundraising event code,PORTLAND,OR,73790
5658999,2026-05-09,2026-05-11,23365,Mitch Green,4,record:505d17ab5768e40aca75c089,ActBlue,provisional_record_group,False,Business Entity,495,Fundraising Event Expenses,Fundraising event code,W SOMERVILLE,MA,73794
5659052,2026-05-09,2026-05-11,23208,Tiffany Koyama Lane,3,record:505d17ab5768e40aca75c089,ActBlue,provisional_record_group,False,Business Entity,457,Fundraising Event Expenses,Fundraising event code,W SOMERVILLE,MA,73796
5659242,2026-05-09,2026-05-11,23411,Jeremy Beausoleil Smith,4,disclosure:23411:f88fe8ea980a,Miscellaneous Cash Expenditures $100 and under,disclosure_category,True,Unspecified,20,,Unspecified code,,,73802
5663032,2026-05-09,2026-05-14,23028,Angelita Morillo,3,record:505d17ab5768e40aca75c089,ActBlue,provisional_record_group,False,Business Entity,100,Fundraising Event Expenses,Fundraising event code,W SOMERVILLE,MA,73840
5659010,2026-05-10,2026-05-11,23365,Mitch Green,4,record:505d17ab5768e40aca75c089,ActBlue,provisional_record_group,False,Business Entity,376,Fundraising Event Expenses,Fundraising event code,W SOMERVILLE,MA,73683
5659062,2026-05-10,2026-05-11,23208,Tiffany Koyama Lane,3,record:505d17ab5768e40aca75c089,ActBlue,provisional_record_group,False,Business Entity,40,Fundraising Event Expenses,Fundraising event code,W SOMERVILLE,MA,73685
5661307,2026-05-10,2026-05-12,24897,Kellie Torres,3,record:39bffc6fb2e886cf220117d2,ActBlue Technical Services,provisional_record_group,False,Business Entity,4091,,Unspecified code,CAMBRIDGE,MA,73722
5663036,2026-05-10,2026-05-14,23028,Angelita Morillo,3,record:505d17ab5768e40aca75c089,ActBlue,provisional_record_group,False,Business Entity,456,Fundraising Event Expenses,Fundraising event code,W SOMERVILLE,MA,73740
5665916,2026-05-10,2026-05-18,23365,Mitch Green,4,record:adc2c298758fb308c2c28529,Margaux Weeke,provisional_record_group,False,Individual,693000,Management Services,Management services,PORTLAND,OR,73757
5666339,2026-05-10,2026-05-18,23208,Tiffany Koyama Lane,3,disclosure:23208:f88fe8ea980a,Miscellaneous Cash Expenditures $100 and under,disclosure_category,True,Unspecified,620,,Unspecified code,,,73759
5681406,2026-05-10,2026-06-03,24973,Esther León,3,disclosure:24973:f88fe8ea980a,Miscellaneous Cash Expenditures $100 and under,disclosure_category,True,Unspecified,2449,,Unspecified code,,,73761
5684737,2026-05-10,2026-06-09,24661,Tom Sollitt,3,disclosure:24661:f88fe8ea980a,Miscellaneous Cash Expenditures $100 and under,disclosure_category,True,Unspecified,436,,Unspecified code,,,73762
5662918,2026-05-11,2026-05-13,23028,Angelita Morillo,3,record:505d17ab5768e40aca75c089,ActBlue,provisional_record_group,False,Business Entity,495,Fundraising Event Expenses,Fundraising event code,W SOMERVILLE,MA,73507
5665869,2026-05-11,2026-05-18,23208,Tiffany Koyama Lane,3,record:505d17ab5768e40aca75c089,ActBlue,provisional_record_group,False,Business Entity,397,Fundraising Event Expenses,Fundraising event code,W SOMERVILLE,MA,73603
5665870,2026-05-11,2026-05-18,23365,Mitch Green,4,record:505d17ab5768e40aca75c089,ActBlue,provisional_record_group,False,Business Entity,198,Fundraising Event Expenses,Fundraising event code,W SOMERVILLE,MA,73604
5665921,2026-05-11,2026-05-18,23365,Mitch Green,4,record:05bd9efcbd3937d2a5b04585,Amazon,provisional_record_group,False,Business Entity,1798,General Operational Expenses (need description),General operations,SEATTLE,WA,73605
5666331,2026-05-11,2026-05-18,23208,Tiffany Koyama Lane,3,record:1d13197007c784df721d7359,Canva,provisional_record_group,False,Business Entity,4800,General Operational Expenses (need description),General operations,SAN JOSE,CA,73614
5666340,2026-05-11,2026-05-18,23208,Tiffany Koyama Lane,3,disclosure:23208:f88fe8ea980a,Miscellaneous Cash Expenditures $100 and under,disclosure_category,True,Unspecified,2415,,Unspecified code,,,73615
5674990,2026-05-11,2026-05-28,23295,Eli Arnold,4,disclosure:23295:f88fe8ea980a,Miscellaneous Cash Expenditures $100 and under,disclosure_category,True,Unspecified,1443,,Unspecified code,,,73659
5662924,2026-05-12,2026-05-13,23028,Angelita Morillo,3,record:505d17ab5768e40aca75c089,ActBlue,provisional_record_group,False,Business Entity,515,Fundraising Event Expenses,Fundraising event code,W SOMERVILLE,MA,73168
5665874,2026-05-12,2026-05-18,23365,Mitch Green,4,record:505d17ab5768e40aca75c089,ActBlue,provisional_record_group,False,Business Entity,317,Fundraising Event Expenses,Fundraising event code,W SOMERVILLE,MA,73243
5665884,2026-05-12,2026-05-18,23208,Tiffany Koyama Lane,3,record:505d17ab5768e40aca75c089,ActBlue,provisional_record_group,False,Business Entity,3602,Fundraising Event Expenses,Fundraising event code,W SOMERVILLE,MA,73244
5665977,2026-05-12,2026-05-18,23411,Jeremy Beausoleil Smith,4,record:505d17ab5768e40aca75c089,ActBlue,provisional_record_group,False,Business Entity,246,Fundraising Event Expenses,Fundraising event code,W SOMERVILLE,MA,73246
5674903,2026-05-12,2026-05-28,23295,Eli Arnold,4,record:897ca0e9c4652ae0639ef42d,Mailchimp,provisional_record_group,False,Business Entity,6000,General Operational Expenses (need description),General operations,ATLANTA,GA,73317
5684493,2026-05-12,2026-06-09,24661,Tom Sollitt,3,disclosure:24661:f88fe8ea980a,Miscellaneous Cash Expenditures $100 and under,disclosure_category,True,Unspecified,2500,,Unspecified code,,,73324
5664033,2026-05-13,2026-05-15,23028,Angelita Morillo,3,record:505d17ab5768e40aca75c089,ActBlue,provisional_record_group,False,Business Entity,2663,Fundraising Event Expenses,Fundraising event code,W SOMERVILLE,MA,72890
5665883,2026-05-13,2026-05-18,23365,Mitch Green,4,record:505d17ab5768e40aca75c089,ActBlue,provisional_record_group,False,Business Entity,443,Fundraising Event Expenses,Fundraising event code,W SOMERVILLE,MA,72956
5665937,2026-05-13,2026-05-18,23208,Tiffany Koyama Lane,3,record:505d17ab5768e40aca75c089,ActBlue,provisional_record_group,False,Business Entity,919,Fundraising Event Expenses,Fundraising event code,W SOMERVILLE,MA,72957
5665985,2026-05-13,2026-05-18,23411,Jeremy Beausoleil Smith,4,record:505d17ab5768e40aca75c089,ActBlue,provisional_record_group,False,Business Entity,198,Fundraising Event Expenses,Fundraising event code,W SOMERVILLE,MA,72959
5674902,2026-05-13,2026-05-28,23295,Eli Arnold,4,record:18d577d4e47fed50eff3ccf3,Morel Ink,provisional_record_group,False,Business Entity,208500,"Other Advertising (yard signs, buttons, etc.)",Other advertising / signs,PORTLAND,OR,73035
5664035,2026-05-14,2026-05-15,23028,Angelita Morillo,3,record:505d17ab5768e40aca75c089,ActBlue,provisional_record_group,False,Business Entity,206,Fundraising Event Expenses,Fundraising event code,W SOMERVILLE,MA,72495
5665896,2026-05-14,2026-05-18,23365,Mitch Green,4,record:505d17ab5768e40aca75c089,ActBlue,provisional_record_group,False,Business Entity,107,Fundraising Event Expenses,Fundraising event code,W SOMERVILLE,MA,72587
5665947,2026-05-14,2026-05-18,23208,Tiffany Koyama Lane,3,record:1d13197007c784df721d7359,Canva,provisional_record_group,False,Business Entity,3000,General Operational Expenses (need description),General operations,SAN JOSE,CA,72588
5665949,2026-05-14,2026-05-18,23208,Tiffany Koyama Lane,3,record:505d17ab5768e40aca75c089,ActBlue,provisional_record_group,False,Business Entity,444,Fundraising Event Expenses,Fundraising event code,W SOMERVILLE,MA,72589
5666077,2026-05-14,2026-05-18,23365,Mitch Green,4,disclosure:23365:f88fe8ea980a,Miscellaneous Cash Expenditures $100 and under,disclosure_category,True,Unspecified,9998,,Unspecified code,,,72600
5666499,2026-05-14,2026-05-18,23199,Olivia Clark,4,record:428b0fcd0ef60ebaed796da1,Worldpay- C&E Merchant Services,provisional_record_group,False,Business Entity,1925,General Operational Expenses (need description),General operations,PORTLAND,OR,72613
5674904,2026-05-14,2026-05-28,23295,Eli Arnold,4,record:428b0fcd0ef60ebaed796da1,Worldpay- C&E Merchant Services,provisional_record_group,False,Business Entity,490,General Operational Expenses (need description),General operations,PORTLAND,OR,72750
5679839,2026-05-14,2026-06-01,17629,Eric Zimmerman,4,record:428b0fcd0ef60ebaed796da1,Worldpay- C&E Merchant Services,provisional_record_group,False,Business Entity,15053,General Operational Expenses (need description),General operations,PORTLAND,OR,72754
5665709,2026-05-15,2026-05-17,24897,Kellie Torres,3,record:29d9bda096dc871c15b65fcb,Mackenzie Gray,provisional_record_group,False,Individual,54000,Online and Social Media Advertising,Online advertising,PORTLAND,OR,72285
5665900,2026-05-15,2026-05-18,23365,Mitch Green,4,record:505d17ab5768e40aca75c089,ActBlue,provisional_record_group,False,Business Entity,179,Fundraising Event Expenses,Fundraising event code,W SOMERVILLE,MA,72289
5665909,2026-05-15,2026-05-18,23365,Mitch Green,4,record:6713a16ed410f11946c4f32a,Christopher Fontaine,provisional_record_group,False,Individual,80000,Preparation and Production of Advertising,Advertising production,PORTLAND,OR,72290
5665955,2026-05-15,2026-05-18,23208,Tiffany Koyama Lane,3,record:505d17ab5768e40aca75c089,ActBlue,provisional_record_group,False,Business Entity,298,Fundraising Event Expenses,Fundraising event code,W SOMERVILLE,MA,72291
5666090,2026-05-15,2026-05-18,23028,Angelita Morillo,3,record:505d17ab5768e40aca75c089,ActBlue,provisional_record_group,False,Business Entity,278,Fundraising Event Expenses,Fundraising event code,W SOMERVILLE,MA,72294
5666098,2026-05-15,2026-05-18,23028,Angelita Morillo,3,record:e1b7c42aeb117555130c720b,Team Mars Consulting,provisional_record_group,False,Business Entity,142500,Management Services,Management services,HILLSBORO,OR,72295
5666099,2026-05-15,2026-05-18,23028,Angelita Morillo,3,record:e1b7c42aeb117555130c720b,Team Mars Consulting,provisional_record_group,False,Business Entity,2610,Travel Expenses (need description),Travel,HILLSBORO,OR,72296
5665915,2026-05-16,2026-05-18,23365,Mitch Green,4,record:505d17ab5768e40aca75c089,ActBlue,provisional_record_group,False,Business Entity,40,Fundraising Event Expenses,Fundraising event code,W SOMERVILLE,MA,80178
5665962,2026-05-16,2026-05-18,23208,Tiffany Koyama Lane,3,record:6403fa1044e000273aa5169d,Mailchimp,provisional_record_group,False,Business Entity,23000,General Operational Expenses (need description),General operations,ATLANTA,GA,80179
5665964,2026-05-16,2026-05-18,23208,Tiffany Koyama Lane,3,record:505d17ab5768e40aca75c089,ActBlue,provisional_record_group,False,Business Entity,40,Fundraising Event Expenses,Fundraising event code,W SOMERVILLE,MA,80180
5665991,2026-05-16,2026-05-18,23411,Jeremy Beausoleil Smith,4,record:505d17ab5768e40aca75c089,ActBlue,provisional_record_group,False,Business Entity,40,Fundraising Event Expenses,Fundraising event code,W SOMERVILLE,MA,80181
5666095,2026-05-16,2026-05-18,23028,Angelita Morillo,3,record:505d17ab5768e40aca75c089,ActBlue,provisional_record_group,False,Business Entity,179,Fundraising Event Expenses,Fundraising event code,W SOMERVILLE,MA,80185
5672864,2026-05-16,2026-05-25,25040,Jamey Evenstar,4,record:505d17ab5768e40aca75c089,ActBlue,provisional_record_group,False,Business Entity,12081,Fundraising Event Expenses,Fundraising event code,W SOMERVILLE,MA,80235
5684494,2026-05-16,2026-06-09,24661,Tom Sollitt,3,disclosure:24661:f88fe8ea980a,Miscellaneous Cash Expenditures $100 and under,disclosure_category,True,Unspecified,3399,,Unspecified code,,,80246
5665925,2026-05-17,2026-05-18,23365,Mitch Green,4,record:505d17ab5768e40aca75c089,ActBlue,provisional_record_group,False,Business Entity,531,Fundraising Event Expenses,Fundraising event code,W SOMERVILLE,MA,80057
5665966,2026-05-17,2026-05-18,23208,Tiffany Koyama Lane,3,record:505d17ab5768e40aca75c089,ActBlue,provisional_record_group,False,Business Entity,926,Fundraising Event Expenses,Fundraising event code,W SOMERVILLE,MA,80058
5666101,2026-05-17,2026-05-18,23028,Angelita Morillo,3,record:505d17ab5768e40aca75c089,ActBlue,provisional_record_group,False,Business Entity,926,Fundraising Event Expenses,Fundraising event code,W SOMERVILLE,MA,80060
5667334,2026-05-17,2026-05-18,24972,Joel Corcoran,3,disclosure:24972:f88fe8ea980a,Miscellaneous Cash Expenditures $100 and under,disclosure_category,True,Unspecified,2948,,Unspecified code,,,80077
5667424,2026-05-17,2026-05-18,24897,Kellie Torres,3,record:39bffc6fb2e886cf220117d2,ActBlue Technical Services,provisional_record_group,False,Business Entity,4645,,Unspecified code,CAMBRIDGE,MA,80081
5672888,2026-05-17,2026-05-25,25040,Jamey Evenstar,4,record:505d17ab5768e40aca75c089,ActBlue,provisional_record_group,False,Business Entity,282,Fundraising Event Expenses,Fundraising event code,W SOMERVILLE,MA,80126
5681407,2026-05-17,2026-06-03,24973,Esther León,3,disclosure:24973:f88fe8ea980a,Miscellaneous Cash Expenditures $100 and under,disclosure_category,True,Unspecified,2372,,Unspecified code,,,80139
5672465,2026-05-18,2026-05-25,23208,Tiffany Koyama Lane,3,record:505d17ab5768e40aca75c089,ActBlue,provisional_record_group,False,Business Entity,1226,Fundraising Event Expenses,Fundraising event code,W SOMERVILLE,MA,79951
5672524,2026-05-18,2026-05-25,23411,Jeremy Beausoleil Smith,4,record:505d17ab5768e40aca75c089,ActBlue,provisional_record_group,False,Business Entity,198,Fundraising Event Expenses,Fundraising event code,W SOMERVILLE,MA,79954
5672525,2026-05-18,2026-05-25,23365,Mitch Green,4,record:505d17ab5768e40aca75c089,ActBlue,provisional_record_group,False,Business Entity,1423,Fundraising Event Expenses,Fundraising event code,W SOMERVILLE,MA,79955
5672595,2026-05-18,2026-05-25,23208,Tiffany Koyama Lane,3,disclosure:23208:f88fe8ea980a,Miscellaneous Cash Expenditures $100 and under,disclosure_category,True,Unspecified,235,,Unspecified code,,,79956
5672821,2026-05-18,2026-05-25,23028,Angelita Morillo,3,record:505d17ab5768e40aca75c089,ActBlue,provisional_record_group,False,Business Entity,377,Fundraising Event Expenses,Fundraising event code,W SOMERVILLE,MA,79960
5672868,2026-05-18,2026-05-25,25040,Jamey Evenstar,4,record:505d17ab5768e40aca75c089,ActBlue,provisional_record_group,False,Business Entity,1772,Fundraising Event Expenses,Fundraising event code,W SOMERVILLE,MA,79961
5672477,2026-05-19,2026-05-25,23208,Tiffany Koyama Lane,3,record:1881f8fe4169bab7e8fce1cf,Lindsey Montague,provisional_record_group,False,Individual,65000,General Operational Expenses (need description),General operations,PORTLAND,OR,79549
5672529,2026-05-19,2026-05-25,23411,Jeremy Beausoleil Smith,4,record:505d17ab5768e40aca75c089,ActBlue,provisional_record_group,False,Business Entity,238,Fundraising Event Expenses,Fundraising event code,W SOMERVILLE,MA,79550
5672866,2026-05-19,2026-05-25,25040,Jamey Evenstar,4,record:505d17ab5768e40aca75c089,ActBlue,provisional_record_group,False,Business Entity,3281,Fundraising Event Expenses,Fundraising event code,W SOMERVILLE,MA,79553
5681408,2026-05-19,2026-06-03,24973,Esther León,3,disclosure:24973:f88fe8ea980a,Miscellaneous Cash Expenditures $100 and under,disclosure_category,True,Unspecified,417,,Unspecified code,,,79625
5672482,2026-05-20,2026-05-25,23208,Tiffany Koyama Lane,3,record:505d17ab5768e40aca75c089,ActBlue,provisional_record_group,False,Business Entity,831,Fundraising Event Expenses,Fundraising event code,W SOMERVILLE,MA,79230
5672515,2026-05-20,2026-05-25,23208,Tiffany Koyama Lane,3,record:66a16a6bd4ac058bf3f99e22,SL Lithograph LLC,provisional_record_group,False,Business Entity,30000,"Other Advertising (yard signs, buttons, etc.)",Other advertising / signs,PORTLAND,OR,79232
5672534,2026-05-20,2026-05-25,23365,Mitch Green,4,record:505d17ab5768e40aca75c089,ActBlue,provisional_record_group,False,Business Entity,813,Fundraising Event Expenses,Fundraising event code,W SOMERVILLE,MA,79233
5672535,2026-05-20,2026-05-25,23411,Jeremy Beausoleil Smith,4,record:505d17ab5768e40aca75c089,ActBlue,provisional_record_group,False,Business Entity,99,Fundraising Event Expenses,Fundraising event code,W SOMERVILLE,MA,79234
5672827,2026-05-20,2026-05-25,23028,Angelita Morillo,3,record:505d17ab5768e40aca75c089,ActBlue,provisional_record_group,False,Business Entity,139,Fundraising Event Expenses,Fundraising event code,W SOMERVILLE,MA,79238
5672896,2026-05-20,2026-05-25,25040,Jamey Evenstar,4,record:505d17ab5768e40aca75c089,ActBlue,provisional_record_group,False,Business Entity,1958,Fundraising Event Expenses,Fundraising event code,W SOMERVILLE,MA,79239
5677836,2026-05-20,2026-05-28,24897,Kellie Torres,3,record:bb9a213991a3868b34c26563,Marli Williams LLC,provisional_record_group,False,Business Entity,15000,,Unspecified code,PORTLAND,OR,79313
5684495,2026-05-20,2026-06-09,24661,Tom Sollitt,3,disclosure:24661:f88fe8ea980a,Miscellaneous Cash Expenditures $100 and under,disclosure_category,True,Unspecified,257,,Unspecified code,,,79337
5693485,2026-05-20,2026-06-18,24897,Kellie Torres,3,record:39bffc6fb2e886cf220117d2,ActBlue Technical Services,provisional_record_group,False,Business Entity,494,,Unspecified code,CAMBRIDGE,MA,79347
5672493,2026-05-21,2026-05-25,23208,Tiffany Koyama Lane,3,record:505d17ab5768e40aca75c089,ActBlue,provisional_record_group,False,Business Entity,3659,Fundraising Event Expenses,Fundraising event code,W SOMERVILLE,MA,78976
5672539,2026-05-21,2026-05-25,23411,Jeremy Beausoleil Smith,4,record:505d17ab5768e40aca75c089,ActBlue,provisional_record_group,False,Business Entity,477,Fundraising Event Expenses,Fundraising event code,W SOMERVILLE,MA,78977
5672559,2026-05-21,2026-05-25,23365,Mitch Green,4,record:505d17ab5768e40aca75c089,ActBlue,provisional_record_group,False,Business Entity,5105,Fundraising Event Expenses,Fundraising event code,W SOMERVILLE,MA,78978
5672830,2026-05-21,2026-05-25,23028,Angelita Morillo,3,record:505d17ab5768e40aca75c089,ActBlue,provisional_record_group,False,Business Entity,4251,Fundraising Event Expenses,Fundraising event code,W SOMERVILLE,MA,78980
5672906,2026-05-21,2026-05-25,25040,Jamey Evenstar,4,record:505d17ab5768e40aca75c089,ActBlue,provisional_record_group,False,Business Entity,1583,Fundraising Event Expenses,Fundraising event code,W SOMERVILLE,MA,78981
5674905,2026-05-21,2026-05-28,23295,Eli Arnold,4,record:428b0fcd0ef60ebaed796da1,Worldpay- C&E Merchant Services,provisional_record_group,False,Business Entity,2537,General Operational Expenses (need description),General operations,PORTLAND,OR,79017
5679840,2026-05-21,2026-06-01,17629,Eric Zimmerman,4,record:428b0fcd0ef60ebaed796da1,Worldpay- C&E Merchant Services,provisional_record_group,False,Business Entity,2310,General Operational Expenses (need description),General operations,PORTLAND,OR,79032
5685026,2026-05-21,2026-06-10,15109,Steve Novick,3,record:428b0fcd0ef60ebaed796da1,Worldpay- C&E Merchant Services,provisional_record_group,False,Business Entity,315,General Operational Expenses (need description),General operations,PORTLAND,OR,79048
5685575,2026-05-21,2026-06-11,23199,Olivia Clark,4,record:428b0fcd0ef60ebaed796da1,Worldpay- C&E Merchant Services,provisional_record_group,False,Business Entity,2835,General Operational Expenses (need description),General operations,PORTLAND,OR,79051
5672510,2026-05-22,2026-05-25,23208,Tiffany Koyama Lane,3,record:505d17ab5768e40aca75c089,ActBlue,provisional_record_group,False,Business Entity,416,Fundraising Event Expenses,Fundraising event code,W SOMERVILLE,MA,78766
5672516,2026-05-22,2026-05-25,23208,Tiffany Koyama Lane,3,record:d6d0edb21ed9ce9f86ff1e82,Lyft,provisional_record_group,False,Business Entity,2152,Travel Expenses (need description),Travel,SAN FRANCISCO,CA,78767
5672517,2026-05-22,2026-05-25,23208,Tiffany Koyama Lane,3,record:d6d0edb21ed9ce9f86ff1e82,Lyft,provisional_record_group,False,Business Entity,10770,General Operational Expenses (need description),General operations,SAN FRANCISCO,CA,78768
5672556,2026-05-22,2026-05-25,23411,Jeremy Beausoleil Smith,4,record:505d17ab5768e40aca75c089,ActBlue,provisional_record_group,False,Business Entity,99,Fundraising Event Expenses,Fundraising event code,W SOMERVILLE,MA,78769
5672579,2026-05-22,2026-05-25,23365,Mitch Green,4,record:505d17ab5768e40aca75c089,ActBlue,provisional_record_group,False,Business Entity,587,Fundraising Event Expenses,Fundraising event code,W SOMERVILLE,MA,78770
5672846,2026-05-22,2026-05-25,23028,Angelita Morillo,3,record:505d17ab5768e40aca75c089,ActBlue,provisional_record_group,False,Business Entity,654,Fundraising Event Expenses,Fundraising event code,W SOMERVILLE,MA,78774
5672918,2026-05-22,2026-05-25,25040,Jamey Evenstar,4,record:505d17ab5768e40aca75c089,ActBlue,provisional_record_group,False,Business Entity,1229,Fundraising Event Expenses,Fundraising event code,W SOMERVILLE,MA,78775
5672588,2026-05-23,2026-05-25,23365,Mitch Green,4,record:505d17ab5768e40aca75c089,ActBlue,provisional_record_group,False,Business Entity,222,Fundraising Event Expenses,Fundraising event code,W SOMERVILLE,MA,78683
5672853,2026-05-23,2026-05-25,23028,Angelita Morillo,3,record:505d17ab5768e40aca75c089,ActBlue,provisional_record_group,False,Business Entity,99,Fundraising Event Expenses,Fundraising event code,W SOMERVILLE,MA,78686
5672933,2026-05-23,2026-05-25,25040,Jamey Evenstar,4,record:505d17ab5768e40aca75c089,ActBlue,provisional_record_group,False,Business Entity,318,Fundraising Event Expenses,Fundraising event code,W SOMERVILLE,MA,78687
5672519,2026-05-24,2026-05-25,23208,Tiffany Koyama Lane,3,record:505d17ab5768e40aca75c089,ActBlue,provisional_record_group,False,Business Entity,86,Fundraising Event Expenses,Fundraising event code,W SOMERVILLE,MA,78623
5672593,2026-05-24,2026-05-25,23365,Mitch Green,4,record:505d17ab5768e40aca75c089,ActBlue,provisional_record_group,False,Business Entity,86,Fundraising Event Expenses,Fundraising event code,W SOMERVILLE,MA,78624
5672855,2026-05-24,2026-05-25,23028,Angelita Morillo,3,record:505d17ab5768e40aca75c089,ActBlue,provisional_record_group,False,Business Entity,481,Fundraising Event Expenses,Fundraising event code,W SOMERVILLE,MA,78627
5674824,2026-05-24,2026-05-28,24972,Joel Corcoran,3,disclosure:24972:f88fe8ea980a,Miscellaneous Cash Expenditures $100 and under,disclosure_category,True,Unspecified,99,,Unspecified code,,,78642
5677834,2026-05-24,2026-05-28,24897,Kellie Torres,3,record:39bffc6fb2e886cf220117d2,ActBlue Technical Services,provisional_record_group,False,Business Entity,2807,,Unspecified code,CAMBRIDGE,MA,78645
5681333,2026-05-24,2026-06-03,24973,Esther León,3,record:83632212153d495ce7bc988b,OfficeMax,provisional_record_group,False,Business Entity,1470,"Other Advertising (yard signs, buttons, etc.)",Other advertising / signs,PORTLAND,OR,78664
5681409,2026-05-24,2026-06-03,24973,Esther León,3,disclosure:24973:f88fe8ea980a,Miscellaneous Cash Expenditures $100 and under,disclosure_category,True,Unspecified,594,,Unspecified code,,,78665
5677933,2026-05-25,2026-05-29,25040,Jamey Evenstar,4,record:505d17ab5768e40aca75c089,ActBlue,provisional_record_group,False,Business Entity,119,Fundraising Event Expenses,Fundraising event code,W SOMERVILLE,MA,78581
5679170,2026-05-25,2026-06-01,23208,Tiffany Koyama Lane,3,record:505d17ab5768e40aca75c089,ActBlue,provisional_record_group,False,Business Entity,278,Fundraising Event Expenses,Fundraising event code,W SOMERVILLE,MA,78586
5679171,2026-05-25,2026-06-01,23365,Mitch Green,4,record:505d17ab5768e40aca75c089,ActBlue,provisional_record_group,False,Business Entity,179,Fundraising Event Expenses,Fundraising event code,W SOMERVILLE,MA,78587
5679446,2026-05-25,2026-06-01,23028,Angelita Morillo,3,record:505d17ab5768e40aca75c089,ActBlue,provisional_record_group,False,Business Entity,139,Fundraising Event Expenses,Fundraising event code,W SOMERVILLE,MA,78588
5681340,2026-05-25,2026-06-03,24973,Esther León,3,disclosure:24973:f88fe8ea980a,Miscellaneous Cash Expenditures $100 and under,disclosure_category,True,Unspecified,8755,,Unspecified code,,,78601
5681398,2026-05-25,2026-06-03,24973,Esther León,3,record:aa47b627642a43f0cd046ac8,Button Works,provisional_record_group,False,Business Entity,12500,"Other Advertising (yard signs, buttons, etc.)",Other advertising / signs,PORTLAND,OR,78602
5677835,2026-05-26,2026-05-28,24897,Kellie Torres,3,record:17abdb148b055a5ce53d8282,Meadowlark Bookkeeping,provisional_record_group,False,Business Entity,79200,,Unspecified code,PORTLAND,OR,78444
5677936,2026-05-26,2026-05-29,25040,Jamey Evenstar,4,record:505d17ab5768e40aca75c089,ActBlue,provisional_record_group,False,Business Entity,297,Fundraising Event Expenses,Fundraising event code,W SOMERVILLE,MA,78448
5679179,2026-05-26,2026-06-01,23365,Mitch Green,4,record:505d17ab5768e40aca75c089,ActBlue,provisional_record_group,False,Business Entity,238,Fundraising Event Expenses,Fundraising event code,W SOMERVILLE,MA,78481
5679267,2026-05-26,2026-06-01,23411,Jeremy Beausoleil Smith,4,record:505d17ab5768e40aca75c089,ActBlue,provisional_record_group,False,Business Entity,40,Fundraising Event Expenses,Fundraising event code,W SOMERVILLE,MA,78482
5679449,2026-05-26,2026-06-01,23028,Angelita Morillo,3,record:505d17ab5768e40aca75c089,ActBlue,provisional_record_group,False,Business Entity,119,Fundraising Event Expenses,Fundraising event code,W SOMERVILLE,MA,78483
5687015,2026-05-26,2026-06-14,23208,Tiffany Koyama Lane,3,record:cd4a4124de543f7cb42bf290,Sesame Donuts,provisional_record_group,False,Business Entity,10770,Fundraising Event Expenses,Fundraising event code,PORTLAND,OR,78523
5677839,2026-05-27,2026-05-28,24897,Kellie Torres,3,record:01fbb70817f7d3eee4a45388,Kellie Torres,provisional_record_group,False,Candidate & Immediate Family,169100,Reimbursement for Personal Expenditures,Personal-expense reimbursement,PORTLAND,OR,78237
5677939,2026-05-27,2026-05-29,25040,Jamey Evenstar,4,record:505d17ab5768e40aca75c089,ActBlue,provisional_record_group,False,Business Entity,278,Fundraising Event Expenses,Fundraising event code,W SOMERVILLE,MA,78240
5679180,2026-05-27,2026-06-01,23208,Tiffany Koyama Lane,3,record:505d17ab5768e40aca75c089,ActBlue,provisional_record_group,False,Business Entity,614,Fundraising Event Expenses,Fundraising event code,W SOMERVILLE,MA,78274
5679186,2026-05-27,2026-06-01,23365,Mitch Green,4,record:505d17ab5768e40aca75c089,ActBlue,provisional_record_group,False,Business Entity,159,Fundraising Event Expenses,Fundraising event code,W SOMERVILLE,MA,78275
5679195,2026-05-27,2026-06-01,23208,Tiffany Koyama Lane,3,record:3c37d978f79677f4a6c49cde,Infused LLC,provisional_record_group,False,Business Entity,158710,General Operational Expenses (need description),General operations,LAKE OSWEGO,OR,78276
5679270,2026-05-27,2026-06-01,23411,Jeremy Beausoleil Smith,4,record:505d17ab5768e40aca75c089,ActBlue,provisional_record_group,False,Business Entity,238,Fundraising Event Expenses,Fundraising event code,W SOMERVILLE,MA,78277
5679452,2026-05-27,2026-06-01,23028,Angelita Morillo,3,record:505d17ab5768e40aca75c089,ActBlue,provisional_record_group,False,Business Entity,278,Fundraising Event Expenses,Fundraising event code,W SOMERVILLE,MA,78279
5677944,2026-05-28,2026-05-29,25040,Jamey Evenstar,4,record:505d17ab5768e40aca75c089,ActBlue,provisional_record_group,False,Business Entity,297,Fundraising Event Expenses,Fundraising event code,W SOMERVILLE,MA,78028
5679196,2026-05-28,2026-06-01,23365,Mitch Green,4,record:505d17ab5768e40aca75c089,ActBlue,provisional_record_group,False,Business Entity,60,Fundraising Event Expenses,Fundraising event code,W SOMERVILLE,MA,78050
5679200,2026-05-28,2026-06-01,23208,Tiffany Koyama Lane,3,record:505d17ab5768e40aca75c089,ActBlue,provisional_record_group,False,Business Entity,306,Fundraising Event Expenses,Fundraising event code,W SOMERVILLE,MA,78051
5679275,2026-05-28,2026-06-01,23411,Jeremy Beausoleil Smith,4,record:505d17ab5768e40aca75c089,ActBlue,provisional_record_group,False,Business Entity,975,Fundraising Event Expenses,Fundraising event code,W SOMERVILLE,MA,78052
5679458,2026-05-28,2026-06-01,23028,Angelita Morillo,3,record:505d17ab5768e40aca75c089,ActBlue,provisional_record_group,False,Business Entity,279,Fundraising Event Expenses,Fundraising event code,W SOMERVILLE,MA,78055
5684497,2026-05-28,2026-06-09,24661,Tom Sollitt,3,disclosure:24661:f88fe8ea980a,Miscellaneous Cash Expenditures $100 and under,disclosure_category,True,Unspecified,40,,Unspecified code,,,78106
5687024,2026-05-28,2026-06-14,23208,Tiffany Koyama Lane,3,disclosure:23208:f88fe8ea980a,Miscellaneous Cash Expenditures $100 and under,disclosure_category,True,Unspecified,499,,Unspecified code,,,78114
5702621,2026-05-28,2026-06-29,23365,Mitch Green,4,record:adc2c298758fb308c2c28529,Margaux Weeke,provisional_record_group,False,Individual,29150,Reimbursement for Personal Expenditures,Personal-expense reimbursement,PORTLAND,OR,78165
5702623,2026-05-28,2026-06-29,23365,Mitch Green,4,record:adc2c298758fb308c2c28529,Margaux Weeke,provisional_record_group,False,Individual,603000,Management Services,Management services,PORTLAND,OR,78167
5702624,2026-05-28,2026-06-29,23365,Mitch Green,4,record:0bd926a9c85d9f851966e0b7,Leslie McCollom Fontaine,provisional_record_group,False,Individual,216000,General Operational Expenses (need description),General operations,PORTLAND,OR,78168
5702625,2026-05-28,2026-06-29,23365,Mitch Green,4,record:1559636a39cabb8b2df7d33d,"PhoneBurner, Inc",provisional_record_group,False,Business Entity,19500,General Operational Expenses (need description),General operations,LAGUNA BEACH,CA,78169
5679201,2026-05-29,2026-06-01,23365,Mitch Green,4,record:505d17ab5768e40aca75c089,ActBlue,provisional_record_group,False,Business Entity,152,Fundraising Event Expenses,Fundraising event code,W SOMERVILLE,MA,77881
5679212,2026-05-29,2026-06-01,23208,Tiffany Koyama Lane,3,record:505d17ab5768e40aca75c089,ActBlue,provisional_record_group,False,Business Entity,353,Fundraising Event Expenses,Fundraising event code,W SOMERVILLE,MA,77882
5679289,2026-05-29,2026-06-01,23411,Jeremy Beausoleil Smith,4,record:505d17ab5768e40aca75c089,ActBlue,provisional_record_group,False,Business Entity,774,Fundraising Event Expenses,Fundraising event code,W SOMERVILLE,MA,77883
5679420,2026-05-29,2026-06-01,25040,Jamey Evenstar,4,record:505d17ab5768e40aca75c089,ActBlue,provisional_record_group,False,Business Entity,218,Fundraising Event Expenses,Fundraising event code,W SOMERVILLE,MA,77885
5679465,2026-05-29,2026-06-01,23028,Angelita Morillo,3,record:505d17ab5768e40aca75c089,ActBlue,provisional_record_group,False,Business Entity,192,Fundraising Event Expenses,Fundraising event code,W SOMERVILLE,MA,77886
5683581,2026-05-29,2026-06-08,23365,Mitch Green,4,record:3c37d978f79677f4a6c49cde,Infused LLC,provisional_record_group,False,Business Entity,143550,General Operational Expenses (need description),General operations,LAKE OSWEGO,OR,77938
5683616,2026-05-29,2026-06-08,23411,Jeremy Beausoleil Smith,4,record:eda4d69d223c57990c726642,Infused LLC,provisional_record_group,False,Business Entity,30000,General Operational Expenses (need description),General operations,PORTLAND,OR,77940
5687001,2026-05-29,2026-06-14,23208,Tiffany Koyama Lane,3,record:5c84c808cee039261c133b47,Iris Hodge,provisional_record_group,False,Individual,420927,"Wages, Salaries, Benefits","Wages, salaries, benefits",BROWNSVILLE,OR,77947
5687002,2026-05-29,2026-06-14,23208,Tiffany Koyama Lane,3,record:864917c852326fa655433ea9,Gusto,provisional_record_group,False,Business Entity,214471,"Wages, Salaries, Benefits","Wages, salaries, benefits",SAN FRANCISCO,CA,77948
5687014,2026-05-29,2026-06-14,23208,Tiffany Koyama Lane,3,record:f9b918c4d087f0ce66a641d9,Kashann Kilson,provisional_record_group,False,Individual,5000,General Operational Expenses (need description),General operations,PORTLAND,OR,77949
5687070,2026-05-29,2026-06-14,23208,Tiffany Koyama Lane,3,disclosure:23208:f88fe8ea980a,Miscellaneous Cash Expenditures $100 and under,disclosure_category,True,Unspecified,3849,,Unspecified code,,,77950
5702791,2026-05-29,2026-06-29,25040,Jamey Evenstar,4,record:00556d1eebf640a5d701b71f,Jamey Evenstar,provisional_record_group,False,Candidate & Immediate Family,32073,Reimbursement for Personal Expenditures,Personal-expense reimbursement,LAKE OSWEGO,OR,77984
5679209,2026-05-30,2026-06-01,23365,Mitch Green,4,record:505d17ab5768e40aca75c089,ActBlue,provisional_record_group,False,Business Entity,250,Fundraising Event Expenses,Fundraising event code,W SOMERVILLE,MA,77798
5679225,2026-05-30,2026-06-01,23208,Tiffany Koyama Lane,3,record:505d17ab5768e40aca75c089,ActBlue,provisional_record_group,False,Business Entity,14248,Fundraising Event Expenses,Fundraising event code,W SOMERVILLE,MA,77799
5679303,2026-05-30,2026-06-01,23411,Jeremy Beausoleil Smith,4,record:505d17ab5768e40aca75c089,ActBlue,provisional_record_group,False,Business Entity,436,Fundraising Event Expenses,Fundraising event code,W SOMERVILLE,MA,77800
5679471,2026-05-30,2026-06-01,23028,Angelita Morillo,3,record:505d17ab5768e40aca75c089,ActBlue,provisional_record_group,False,Business Entity,159,Fundraising Event Expenses,Fundraising event code,W SOMERVILLE,MA,77801
5684480,2026-05-30,2026-06-09,24661,Tom Sollitt,3,record:46e8b260b7cc3edee32e99ca,Portland Comedy Collective,provisional_record_group,False,Business Entity,20500,General Operational Expenses (need description),General operations,PORTLAND,OR,77822
5697327,2026-05-30,2026-06-22,23208,Tiffany Koyama Lane,3,record:d15e5d8264f99addf2560997,Roseto Films,provisional_record_group,False,Business Entity,245000,Preparation and Production of Advertising,Advertising production,PORTLAND,OR,77829
5679217,2026-05-31,2026-06-01,23365,Mitch Green,4,record:505d17ab5768e40aca75c089,ActBlue,provisional_record_group,False,Business Entity,297,Fundraising Event Expenses,Fundraising event code,W SOMERVILLE,MA,77691
5679263,2026-05-31,2026-06-01,23208,Tiffany Koyama Lane,3,record:505d17ab5768e40aca75c089,ActBlue,provisional_record_group,False,Business Entity,297,Fundraising Event Expenses,Fundraising event code,W SOMERVILLE,MA,77692
5679309,2026-05-31,2026-06-01,23411,Jeremy Beausoleil Smith,4,record:505d17ab5768e40aca75c089,ActBlue,provisional_record_group,False,Business Entity,852,Fundraising Event Expenses,Fundraising event code,W SOMERVILLE,MA,77693
5679423,2026-05-31,2026-06-01,25040,Jamey Evenstar,4,record:505d17ab5768e40aca75c089,ActBlue,provisional_record_group,False,Business Entity,198,Fundraising Event Expenses,Fundraising event code,W SOMERVILLE,MA,77698
5679474,2026-05-31,2026-06-01,23028,Angelita Morillo,3,record:505d17ab5768e40aca75c089,ActBlue,provisional_record_group,False,Business Entity,198,Fundraising Event Expenses,Fundraising event code,W SOMERVILLE,MA,77700
5681410,2026-05-31,2026-06-03,24973,Esther León,3,disclosure:24973:f88fe8ea980a,Miscellaneous Cash Expenditures $100 and under,disclosure_category,True,Unspecified,1308,,Unspecified code,,,77716
5682087,2026-05-31,2026-06-05,24897,Kellie Torres,3,record:39bffc6fb2e886cf220117d2,ActBlue Technical Services,provisional_record_group,False,Business Entity,4191,,Unspecified code,CAMBRIDGE,MA,77725
5682107,2026-05-31,2026-06-05,24972,Joel Corcoran,3,disclosure:24972:f88fe8ea980a,Miscellaneous Cash Expenditures $100 and under,disclosure_category,True,Unspecified,1878,,Unspecified code,,,77726
5687025,2026-05-31,2026-06-14,23208,Tiffany Koyama Lane,3,disclosure:23208:f88fe8ea980a,Miscellaneous Cash Expenditures $100 and under,disclosure_category,True,Unspecified,8000,,Unspecified code,,,77739
5683560,2026-06-01,2026-06-08,23365,Mitch Green,4,record:505d17ab5768e40aca75c089,ActBlue,provisional_record_group,False,Business Entity,1322,Fundraising Event Expenses,Fundraising event code,W SOMERVILLE,MA,77432
5683606,2026-06-01,2026-06-08,23411,Jeremy Beausoleil Smith,4,record:505d17ab5768e40aca75c089,ActBlue,provisional_record_group,False,Business Entity,793,Fundraising Event Expenses,Fundraising event code,W SOMERVILLE,MA,77433
5683673,2026-06-01,2026-06-08,23208,Tiffany Koyama Lane,3,record:505d17ab5768e40aca75c089,ActBlue,provisional_record_group,False,Business Entity,1362,Fundraising Event Expenses,Fundraising event code,W SOMERVILLE,MA,77434
5683771,2026-06-01,2026-06-08,25040,Jamey Evenstar,4,record:505d17ab5768e40aca75c089,ActBlue,provisional_record_group,False,Business Entity,376,Fundraising Event Expenses,Fundraising event code,W SOMERVILLE,MA,77435
5683811,2026-06-01,2026-06-08,23028,Angelita Morillo,3,record:505d17ab5768e40aca75c089,ActBlue,provisional_record_group,False,Business Entity,1836,Fundraising Event Expenses,Fundraising event code,W SOMERVILLE,MA,77436
5685027,2026-06-01,2026-06-10,15109,Steve Novick,3,record:428b0fcd0ef60ebaed796da1,Worldpay- C&E Merchant Services,provisional_record_group,False,Business Entity,12897,General Operational Expenses (need description),General operations,PORTLAND,OR,77460
5685578,2026-06-01,2026-06-11,23199,Olivia Clark,4,record:428b0fcd0ef60ebaed796da1,Worldpay- C&E Merchant Services,provisional_record_group,False,Business Entity,2607,General Operational Expenses (need description),General operations,PORTLAND,OR,77467
5686389,2026-06-01,2026-06-12,23295,Eli Arnold,4,record:428b0fcd0ef60ebaed796da1,Worldpay- C&E Merchant Services,provisional_record_group,False,Business Entity,11826,General Operational Expenses (need description),General operations,PORTLAND,OR,77479
5687013,2026-06-01,2026-06-14,23208,Tiffany Koyama Lane,3,record:fa5e6e17d9de388d61fffb44,Oblique Coffee Roasters,provisional_record_group,False,Business Entity,11000,Fundraising Event Expenses,Fundraising event code,PORTLAND,OR,77485
5687026,2026-06-01,2026-06-14,23208,Tiffany Koyama Lane,3,disclosure:23208:f88fe8ea980a,Miscellaneous Cash Expenditures $100 and under,disclosure_category,True,Unspecified,1298,,Unspecified code,,,77486
5702629,2026-06-01,2026-06-29,23365,Mitch Green,4,record:a25c4b3c8b4beb75355aa674,Rose City Baseball,provisional_record_group,False,Business Entity,71000,Fundraising Event Expenses,Fundraising event code,PORTLAND,OR,77641
5704548,2026-06-01,2026-06-30,17629,Eric Zimmerman,4,record:428b0fcd0ef60ebaed796da1,Worldpay- C&E Merchant Services,provisional_record_group,False,Business Entity,4900,General Operational Expenses (need description),General operations,PORTLAND,OR,77661
5681737,2026-06-02,2026-06-04,24972,Joel Corcoran,3,record:8b1bd2ae2f30da9f2b9898fe,Google Workspace,provisional_record_group,False,Business Entity,7920,,Unspecified code,MOUNTAIN VIEW,CA,77156
5683580,2026-06-02,2026-06-08,23365,Mitch Green,4,record:505d17ab5768e40aca75c089,ActBlue,provisional_record_group,False,Business Entity,40,Fundraising Event Expenses,Fundraising event code,W SOMERVILLE,MA,77176
5683615,2026-06-02,2026-06-08,23411,Jeremy Beausoleil Smith,4,record:505d17ab5768e40aca75c089,ActBlue,provisional_record_group,False,Business Entity,40,Fundraising Event Expenses,Fundraising event code,W SOMERVILLE,MA,77177
5683694,2026-06-02,2026-06-08,23208,Tiffany Koyama Lane,3,record:505d17ab5768e40aca75c089,ActBlue,provisional_record_group,False,Business Entity,40,Fundraising Event Expenses,Fundraising event code,W SOMERVILLE,MA,77178
5683776,2026-06-02,2026-06-08,25040,Jamey Evenstar,4,record:505d17ab5768e40aca75c089,ActBlue,provisional_record_group,False,Business Entity,555,Fundraising Event Expenses,Fundraising event code,W SOMERVILLE,MA,77179
5687000,2026-06-02,2026-06-14,23208,Tiffany Koyama Lane,3,record:c5a29bec4c55680ec0cf0f93,Vestwell State Savings,provisional_record_group,False,Other,30000,"Wages, Salaries, Benefits","Wages, salaries, benefits",PITTSBURGH,PA,77214
5687011,2026-06-02,2026-06-14,23208,Tiffany Koyama Lane,3,record:864917c852326fa655433ea9,Gusto,provisional_record_group,False,Business Entity,10000,General Operational Expenses (need description),General operations,SAN FRANCISCO,CA,77215
5702647,2026-06-02,2026-06-29,23365,Mitch Green,4,disclosure:23365:f88fe8ea980a,Miscellaneous Cash Expenditures $100 and under,disclosure_category,True,Unspecified,2216,,Unspecified code,,,77276
5703006,2026-06-02,2026-06-29,23028,Angelita Morillo,3,disclosure:23028:f88fe8ea980a,Miscellaneous Cash Expenditures $100 and under,disclosure_category,True,Unspecified,600,,Unspecified code,,,77277
5705588,2026-06-02,2026-06-30,23411,Jeremy Beausoleil Smith,4,record:6ff55e9d23eac3f7ff03a674,Justin Filtz,provisional_record_group,False,Individual,40250,Management Services,Management services,PORTLAND,OR,77289
5681744,2026-06-03,2026-06-04,24972,Joel Corcoran,3,disclosure:24972:f88fe8ea980a,Miscellaneous Cash Expenditures $100 and under,disclosure_category,True,Unspecified,5795,,Unspecified code,,,76936
5683583,2026-06-03,2026-06-08,23365,Mitch Green,4,record:505d17ab5768e40aca75c089,ActBlue,provisional_record_group,False,Business Entity,790,Fundraising Event Expenses,Fundraising event code,W SOMERVILLE,MA,76979
5683619,2026-06-03,2026-06-08,23411,Jeremy Beausoleil Smith,4,record:505d17ab5768e40aca75c089,ActBlue,provisional_record_group,False,Business Entity,178,Fundraising Event Expenses,Fundraising event code,W SOMERVILLE,MA,76980
5683696,2026-06-03,2026-06-08,23208,Tiffany Koyama Lane,3,record:505d17ab5768e40aca75c089,ActBlue,provisional_record_group,False,Business Entity,317,Fundraising Event Expenses,Fundraising event code,W SOMERVILLE,MA,76981
5683697,2026-06-03,2026-06-08,23208,Tiffany Koyama Lane,3,record:367691ed84e4d7f3eb7dd0c8,Google,provisional_record_group,False,Business Entity,11040,General Operational Expenses (need description),General operations,MOUNTAIN VIEW,CA,76982
5683784,2026-06-03,2026-06-08,25040,Jamey Evenstar,4,record:505d17ab5768e40aca75c089,ActBlue,provisional_record_group,False,Business Entity,218,Fundraising Event Expenses,Fundraising event code,W SOMERVILLE,MA,76983
5683834,2026-06-03,2026-06-08,23028,Angelita Morillo,3,record:505d17ab5768e40aca75c089,ActBlue,provisional_record_group,False,Business Entity,790,Fundraising Event Expenses,Fundraising event code,W SOMERVILLE,MA,76984
5687331,2026-06-03,2026-06-15,23028,Angelita Morillo,3,record:bac9732d1bfaa7c853865440,Mailchimp,provisional_record_group,False,Business Entity,13500,General Operational Expenses (need description),General operations,ATLANTA,GA,77019
5702620,2026-06-03,2026-06-29,23365,Mitch Green,4,record:0bd926a9c85d9f851966e0b7,Leslie McCollom Fontaine,provisional_record_group,False,Individual,88000,General Operational Expenses (need description),General operations,PORTLAND,OR,77087
5702950,2026-06-03,2026-06-29,23028,Angelita Morillo,3,record:7550b794023b26839504cd45,Ticket Tomato LLC,provisional_record_group,False,Business Entity,20958,General Operational Expenses (need description),General operations,PORTLAND,OR,77088
5702951,2026-06-03,2026-06-29,23028,Angelita Morillo,3,record:367691ed84e4d7f3eb7dd0c8,Google,provisional_record_group,False,Business Entity,3600,General Operational Expenses (need description),General operations,MOUNTAIN VIEW,CA,77089
5702965,2026-06-03,2026-06-29,23028,Angelita Morillo,3,record:367691ed84e4d7f3eb7dd0c8,Google,provisional_record_group,False,Business Entity,2611,General Operational Expenses (need description),General operations,MOUNTAIN VIEW,CA,77090
5683585,2026-06-04,2026-06-08,23365,Mitch Green,4,record:505d17ab5768e40aca75c089,ActBlue,provisional_record_group,False,Business Entity,159,Fundraising Event Expenses,Fundraising event code,W SOMERVILLE,MA,76712
5683622,2026-06-04,2026-06-08,23411,Jeremy Beausoleil Smith,4,record:505d17ab5768e40aca75c089,ActBlue,provisional_record_group,False,Business Entity,535,Fundraising Event Expenses,Fundraising event code,W SOMERVILLE,MA,76713
5683701,2026-06-04,2026-06-08,23208,Tiffany Koyama Lane,3,record:505d17ab5768e40aca75c089,ActBlue,provisional_record_group,False,Business Entity,119,Fundraising Event Expenses,Fundraising event code,W SOMERVILLE,MA,76714
5683788,2026-06-04,2026-06-08,25040,Jamey Evenstar,4,record:505d17ab5768e40aca75c089,ActBlue,provisional_record_group,False,Business Entity,1383,Fundraising Event Expenses,Fundraising event code,W SOMERVILLE,MA,76717
5683836,2026-06-04,2026-06-08,23028,Angelita Morillo,3,record:505d17ab5768e40aca75c089,ActBlue,provisional_record_group,False,Business Entity,297,Fundraising Event Expenses,Fundraising event code,W SOMERVILLE,MA,76718
5687010,2026-06-04,2026-06-14,23208,Tiffany Koyama Lane,3,record:5c84c808cee039261c133b47,Iris Hodge,provisional_record_group,False,Individual,4773,Reimbursement for Personal Expenditures,Personal-expense reimbursement,BROWNSVILLE,OR,76753
5687315,2026-06-04,2026-06-15,23028,Angelita Morillo,3,record:aebdebc7e702bef4370e3ac2,Level Headed Press,provisional_record_group,False,Business Entity,99600,"Other Advertising (yard signs, buttons, etc.)",Other advertising / signs,PORTLAND,OR,76755
5709300,2026-06-04,2026-07-06,23411,Jeremy Beausoleil Smith,4,record:7eac60650366721860f1e904,Portland City Elections,provisional_record_group,False,Other,25000,General Operational Expenses (need description),General operations,PORTLAND,OR,76874
5682233,2026-06-05,2026-06-05,24972,Joel Corcoran,3,record:0a6d414e80692450909d1d34,Trade Printing,provisional_record_group,False,Business Entity,13589,,Unspecified code,PORTLAND,OR,76525
5683589,2026-06-05,2026-06-08,23365,Mitch Green,4,record:505d17ab5768e40aca75c089,ActBlue,provisional_record_group,False,Business Entity,146,Fundraising Event Expenses,Fundraising event code,W SOMERVILLE,MA,76543
5683629,2026-06-05,2026-06-08,23411,Jeremy Beausoleil Smith,4,record:505d17ab5768e40aca75c089,ActBlue,provisional_record_group,False,Business Entity,754,Fundraising Event Expenses,Fundraising event code,W SOMERVILLE,MA,76544
5683704,2026-06-05,2026-06-08,23208,Tiffany Koyama Lane,3,record:505d17ab5768e40aca75c089,ActBlue,provisional_record_group,False,Business Entity,2659,Fundraising Event Expenses,Fundraising event code,W SOMERVILLE,MA,76545
5683790,2026-06-05,2026-06-08,25040,Jamey Evenstar,4,record:505d17ab5768e40aca75c089,ActBlue,provisional_record_group,False,Business Entity,693,Fundraising Event Expenses,Fundraising event code,W SOMERVILLE,MA,76546
5683838,2026-06-05,2026-06-08,23028,Angelita Morillo,3,record:505d17ab5768e40aca75c089,ActBlue,provisional_record_group,False,Business Entity,253,Fundraising Event Expenses,Fundraising event code,W SOMERVILLE,MA,76547
5685188,2026-06-05,2026-06-10,24972,Joel Corcoran,3,disclosure:24972:f88fe8ea980a,Miscellaneous Cash Expenditures $100 and under,disclosure_category,True,Unspecified,870,,Unspecified code,,,76567
5697151,2026-06-05,2026-06-20,24973,Esther León,3,record:28ffc71260459efc851f4357,Big Frog,provisional_record_group,False,Business Entity,50550,"Other Advertising (yard signs, buttons, etc.)",Other advertising / signs,PORTLAND,OR,76631
5702948,2026-06-05,2026-06-29,23028,Angelita Morillo,3,record:e1b7c42aeb117555130c720b,Team Mars Consulting,provisional_record_group,False,Business Entity,449450,Management Services; Travel Expenses (need description),Multiple reported codes,HILLSBORO,OR,76655
5683591,2026-06-06,2026-06-08,23365,Mitch Green,4,record:505d17ab5768e40aca75c089,ActBlue,provisional_record_group,False,Business Entity,534,Fundraising Event Expenses,Fundraising event code,W SOMERVILLE,MA,76474
5683639,2026-06-06,2026-06-08,23411,Jeremy Beausoleil Smith,4,record:505d17ab5768e40aca75c089,ActBlue,provisional_record_group,False,Business Entity,417,Fundraising Event Expenses,Fundraising event code,W SOMERVILLE,MA,76475
5683720,2026-06-06,2026-06-08,23208,Tiffany Koyama Lane,3,record:505d17ab5768e40aca75c089,ActBlue,provisional_record_group,False,Business Entity,990,Fundraising Event Expenses,Fundraising event code,W SOMERVILLE,MA,76476
5683842,2026-06-06,2026-06-08,23028,Angelita Morillo,3,record:505d17ab5768e40aca75c089,ActBlue,provisional_record_group,False,Business Entity,633,Fundraising Event Expenses,Fundraising event code,W SOMERVILLE,MA,76477
5683862,2026-06-06,2026-06-08,23411,Jeremy Beausoleil Smith,4,disclosure:23411:f88fe8ea980a,Miscellaneous Cash Expenditures $100 and under,disclosure_category,True,Unspecified,1920,,Unspecified code,,,76478
5683649,2026-06-07,2026-06-08,23411,Jeremy Beausoleil Smith,4,record:505d17ab5768e40aca75c089,ActBlue,provisional_record_group,False,Business Entity,537,Fundraising Event Expenses,Fundraising event code,W SOMERVILLE,MA,76406
5683798,2026-06-07,2026-06-08,25040,Jamey Evenstar,4,record:505d17ab5768e40aca75c089,ActBlue,provisional_record_group,False,Business Entity,100,Fundraising Event Expenses,Fundraising event code,W SOMERVILLE,MA,76408
5683864,2026-06-07,2026-06-08,23365,Mitch Green,4,record:505d17ab5768e40aca75c089,ActBlue,provisional_record_group,False,Business Entity,1115,Fundraising Event Expenses,Fundraising event code,W SOMERVILLE,MA,76409
5686840,2026-06-07,2026-06-13,24973,Esther León,3,record:efad6510704c963eb926bca0,ActBlue,provisional_record_group,False,Other,633,Utilities,Utilities,BOSTON,MA,76424
5686861,2026-06-07,2026-06-13,24897,Kellie Torres,3,record:39bffc6fb2e886cf220117d2,ActBlue Technical Services,provisional_record_group,False,Business Entity,1682,,Unspecified code,CAMBRIDGE,MA,76426
5686983,2026-06-07,2026-06-14,23208,Tiffany Koyama Lane,3,record:505d17ab5768e40aca75c089,ActBlue,provisional_record_group,False,Business Entity,27,Fundraising Event Expenses,Fundraising event code,W SOMERVILLE,MA,76429
5687297,2026-06-07,2026-06-15,23028,Angelita Morillo,3,record:505d17ab5768e40aca75c089,ActBlue,provisional_record_group,False,Business Entity,27,Fundraising Event Expenses,Fundraising event code,W SOMERVILLE,MA,76435
5690234,2026-06-07,2026-06-17,24972,Joel Corcoran,3,disclosure:24972:f88fe8ea980a,Miscellaneous Cash Expenditures $100 and under,disclosure_category,True,Unspecified,1383,,Unspecified code,,,76440
5715867,2026-06-07,2026-07-09,24973,Esther León,3,record:efad6510704c963eb926bca0,ActBlue,provisional_record_group,False,Other,633,General Operational Expenses (need description),General operations,BOSTON,MA,76456
5684499,2026-06-08,2026-06-09,24661,Tom Sollitt,3,disclosure:24661:f88fe8ea980a,Miscellaneous Cash Expenditures $100 and under,disclosure_category,True,Unspecified,1920,,Unspecified code,,,76233
5685203,2026-06-08,2026-06-10,23411,Jeremy Beausoleil Smith,4,record:505d17ab5768e40aca75c089,ActBlue,provisional_record_group,False,Business Entity,1625,Fundraising Event Expenses,Fundraising event code,W SOMERVILLE,MA,76242
5686390,2026-06-08,2026-06-12,23295,Eli Arnold,4,record:cca07c25c1586b50f2d29240,Adobe Inc.,provisional_record_group,False,Business Entity,2299,General Operational Expenses (need description),General operations,SAN JOSE,CA,76261
5686391,2026-06-08,2026-06-12,23295,Eli Arnold,4,record:1d5d9dfe27cb32ff11718b41,EXPOPRINT,provisional_record_group,False,Business Entity,81999,"Other Advertising (yard signs, buttons, etc.)",Other advertising / signs,HAGERSTOWN,MD,76262
5686875,2026-06-08,2026-06-13,24897,Kellie Torres,3,disclosure:24897:f88fe8ea980a,Miscellaneous Cash Expenditures $100 and under,disclosure_category,True,Unspecified,7000,,Unspecified code,,,76266
5686981,2026-06-08,2026-06-14,23208,Tiffany Koyama Lane,3,record:505d17ab5768e40aca75c089,ActBlue,provisional_record_group,False,Business Entity,790,Fundraising Event Expenses,Fundraising event code,W SOMERVILLE,MA,76267
5687027,2026-06-08,2026-06-14,23208,Tiffany Koyama Lane,3,disclosure:23208:f88fe8ea980a,Miscellaneous Cash Expenditures $100 and under,disclosure_category,True,Unspecified,250,,Unspecified code,,,76268
5687165,2026-06-08,2026-06-15,23365,Mitch Green,4,record:505d17ab5768e40aca75c089,ActBlue,provisional_record_group,False,Business Entity,143,Fundraising Event Expenses,Fundraising event code,W SOMERVILLE,MA,76273
5687299,2026-06-08,2026-06-15,23028,Angelita Morillo,3,record:505d17ab5768e40aca75c089,ActBlue,provisional_record_group,False,Business Entity,40,Fundraising Event Expenses,Fundraising event code,W SOMERVILLE,MA,76274
5687356,2026-06-08,2026-06-15,25040,Jamey Evenstar,4,record:505d17ab5768e40aca75c089,ActBlue,provisional_record_group,False,Business Entity,396,Fundraising Event Expenses,Fundraising event code,W SOMERVILLE,MA,76275
5687364,2026-06-08,2026-06-15,25040,Jamey Evenstar,4,record:3c37d978f79677f4a6c49cde,Infused LLC,provisional_record_group,False,Business Entity,146170,General Operational Expenses (need description),General operations,LAKE OSWEGO,OR,76276
5703007,2026-06-08,2026-06-29,23028,Angelita Morillo,3,disclosure:23028:f88fe8ea980a,Miscellaneous Cash Expenditures $100 and under,disclosure_category,True,Unspecified,8000,,Unspecified code,,,76338
5685028,2026-06-09,2026-06-10,15109,Steve Novick,3,record:1bb2be352bf803425cd21309,C&E Systems,provisional_record_group,False,Business Entity,36500,Management Services,Management services,PORTLAND,OR,75890
5685185,2026-06-09,2026-06-10,24972,Joel Corcoran,3,record:0a6d414e80692450909d1d34,Trade Printing,provisional_record_group,False,Business Entity,10598,"Other Advertising (yard signs, buttons, etc.)",Other advertising / signs,PORTLAND,OR,75901
5685227,2026-06-09,2026-06-10,23411,Jeremy Beausoleil Smith,4,record:505d17ab5768e40aca75c089,ActBlue,provisional_record_group,False,Business Entity,635,Fundraising Event Expenses,Fundraising event code,W SOMERVILLE,MA,75902
5685581,2026-06-09,2026-06-11,23199,Olivia Clark,4,record:1bb2be352bf803425cd21309,C&E Systems,provisional_record_group,False,Business Entity,99500,Management Services,Management services,PORTLAND,OR,75910
5686392,2026-06-09,2026-06-12,23295,Eli Arnold,4,record:1bb2be352bf803425cd21309,C&E Systems,provisional_record_group,False,Business Entity,119589,Management Services,Management services,PORTLAND,OR,75924
5686872,2026-06-09,2026-06-13,24897,Kellie Torres,3,record:29d9bda096dc871c15b65fcb,Mackenzie Gray,provisional_record_group,False,Individual,62015,,Unspecified code,PORTLAND,OR,75930
5686986,2026-06-09,2026-06-14,23208,Tiffany Koyama Lane,3,record:505d17ab5768e40aca75c089,ActBlue,provisional_record_group,False,Business Entity,1317,Fundraising Event Expenses,Fundraising event code,W SOMERVILLE,MA,75931
5687170,2026-06-09,2026-06-15,23365,Mitch Green,4,record:505d17ab5768e40aca75c089,ActBlue,provisional_record_group,False,Business Entity,231,Fundraising Event Expenses,Fundraising event code,W SOMERVILLE,MA,75933
5687301,2026-06-09,2026-06-15,23028,Angelita Morillo,3,record:505d17ab5768e40aca75c089,ActBlue,provisional_record_group,False,Business Entity,964,Fundraising Event Expenses,Fundraising event code,W SOMERVILLE,MA,75935
5687360,2026-06-09,2026-06-15,25040,Jamey Evenstar,4,record:505d17ab5768e40aca75c089,ActBlue,provisional_record_group,False,Business Entity,99,Fundraising Event Expenses,Fundraising event code,W SOMERVILLE,MA,75936
5704550,2026-06-09,2026-06-30,17629,Eric Zimmerman,4,record:27ca0a7ec5e52412509bb7f8,Purple State Strategies Inc.,provisional_record_group,False,Business Entity,125000,Management Services,Management services,VANCOUVER,WA,76120
5704551,2026-06-09,2026-06-30,17629,Eric Zimmerman,4,record:1bb2be352bf803425cd21309,C&E Systems,provisional_record_group,False,Business Entity,79500,Management Services,Management services,PORTLAND,OR,76121
5686512,2026-06-10,2026-06-12,23295,Eli Arnold,4,disclosure:23295:f88fe8ea980a,Miscellaneous Cash Expenditures $100 and under,disclosure_category,True,Unspecified,1415,,Unspecified code,,,83671
5686989,2026-06-10,2026-06-14,23208,Tiffany Koyama Lane,3,record:505d17ab5768e40aca75c089,ActBlue,provisional_record_group,False,Business Entity,20,Fundraising Event Expenses,Fundraising event code,W SOMERVILLE,MA,83676
5687174,2026-06-10,2026-06-15,23365,Mitch Green,4,record:505d17ab5768e40aca75c089,ActBlue,provisional_record_group,False,Business Entity,119,Fundraising Event Expenses,Fundraising event code,W SOMERVILLE,MA,83681
5687187,2026-06-10,2026-06-15,23411,Jeremy Beausoleil Smith,4,record:505d17ab5768e40aca75c089,ActBlue,provisional_record_group,False,Business Entity,960,Fundraising Event Expenses,Fundraising event code,W SOMERVILLE,MA,83682
5687311,2026-06-10,2026-06-15,23028,Angelita Morillo,3,record:505d17ab5768e40aca75c089,ActBlue,provisional_record_group,False,Business Entity,1661,Fundraising Event Expenses,Fundraising event code,W SOMERVILLE,MA,83684
5687314,2026-06-10,2026-06-15,23028,Angelita Morillo,3,record:3c37d978f79677f4a6c49cde,Infused LLC,provisional_record_group,False,Business Entity,365715,General Operational Expenses (need description),General operations,LAKE OSWEGO,OR,83685
5687316,2026-06-10,2026-06-15,23028,Angelita Morillo,3,record:5ebd55f432308bcdf47b4b87,Boba Gems LLC,provisional_record_group,False,Business Entity,48550,Fundraising Event Expenses,Fundraising event code,TIGARD,OR,83686
5687362,2026-06-10,2026-06-15,25040,Jamey Evenstar,4,record:505d17ab5768e40aca75c089,ActBlue,provisional_record_group,False,Business Entity,277,Fundraising Event Expenses,Fundraising event code,W SOMERVILLE,MA,83687
5686395,2026-06-11,2026-06-12,23295,Eli Arnold,4,record:bb5ba72e54089a637811a07a,"Purple State Strategies, Inc.",provisional_record_group,False,Business Entity,62503,General Operational Expenses (need description),General operations,VANCOUVER,WA,83488
5686991,2026-06-11,2026-06-14,23208,Tiffany Koyama Lane,3,record:505d17ab5768e40aca75c089,ActBlue,provisional_record_group,False,Business Entity,126,Fundraising Event Expenses,Fundraising event code,W SOMERVILLE,MA,83496
5687031,2026-06-11,2026-06-14,23208,Tiffany Koyama Lane,3,disclosure:23208:f88fe8ea980a,Miscellaneous Cash Expenditures $100 and under,disclosure_category,True,Unspecified,380,,Unspecified code,,,83497
5687177,2026-06-11,2026-06-15,23365,Mitch Green,4,record:505d17ab5768e40aca75c089,ActBlue,provisional_record_group,False,Business Entity,66,Fundraising Event Expenses,Fundraising event code,W SOMERVILLE,MA,83499
5687189,2026-06-11,2026-06-15,23411,Jeremy Beausoleil Smith,4,record:505d17ab5768e40aca75c089,ActBlue,provisional_record_group,False,Business Entity,675,Fundraising Event Expenses,Fundraising event code,W SOMERVILLE,MA,83500
5687320,2026-06-11,2026-06-15,23028,Angelita Morillo,3,record:505d17ab5768e40aca75c089,ActBlue,provisional_record_group,False,Business Entity,363,Fundraising Event Expenses,Fundraising event code,W SOMERVILLE,MA,83503
5686870,2026-06-12,2026-06-13,24897,Kellie Torres,3,record:5204173955a89eb5e7d86120,UPS Store,provisional_record_group,False,Business Entity,5250,,Unspecified code,PORTLAND,OR,83351
5686876,2026-06-12,2026-06-13,24897,Kellie Torres,3,disclosure:24897:f88fe8ea980a,Miscellaneous Cash Expenditures $100 and under,disclosure_category,True,Unspecified,1047,,Unspecified code,,,83352
5686995,2026-06-12,2026-06-14,23208,Tiffany Koyama Lane,3,record:505d17ab5768e40aca75c089,ActBlue,provisional_record_group,False,Business Entity,317,Fundraising Event Expenses,Fundraising event code,W SOMERVILLE,MA,83354
5687179,2026-06-12,2026-06-15,23365,Mitch Green,4,record:505d17ab5768e40aca75c089,ActBlue,provisional_record_group,False,Business Entity,218,Fundraising Event Expenses,Fundraising event code,W SOMERVILLE,MA,83356
5687205,2026-06-12,2026-06-15,23411,Jeremy Beausoleil Smith,4,record:505d17ab5768e40aca75c089,ActBlue,provisional_record_group,False,Business Entity,1251,Fundraising Event Expenses,Fundraising event code,W SOMERVILLE,MA,83357
5687322,2026-06-12,2026-06-15,23028,Angelita Morillo,3,record:505d17ab5768e40aca75c089,ActBlue,provisional_record_group,False,Business Entity,614,Fundraising Event Expenses,Fundraising event code,W SOMERVILLE,MA,83359
5693910,2026-06-12,2026-06-19,24661,Tom Sollitt,3,disclosure:24661:f88fe8ea980a,Miscellaneous Cash Expenditures $100 and under,disclosure_category,True,Unspecified,2500,,Unspecified code,,,83393
5704025,2026-06-12,2026-06-30,23295,Eli Arnold,4,record:897ca0e9c4652ae0639ef42d,Mailchimp,provisional_record_group,False,Business Entity,6000,General Operational Expenses (need description),General operations,ATLANTA,GA,83434
5709301,2026-06-12,2026-07-06,23411,Jeremy Beausoleil Smith,4,record:5e0efc5ee337d0a0bbcae0c1,Fred Meyer,provisional_record_group,False,Business Entity,11498,General Operational Expenses (need description),General operations,PORTLAND,OR,83449
5687020,2026-06-13,2026-06-14,23208,Tiffany Koyama Lane,3,record:505d17ab5768e40aca75c089,ActBlue,provisional_record_group,False,Business Entity,80,Fundraising Event Expenses,Fundraising event code,W SOMERVILLE,MA,83296
5687182,2026-06-13,2026-06-15,23365,Mitch Green,4,record:505d17ab5768e40aca75c089,ActBlue,provisional_record_group,False,Business Entity,20,Fundraising Event Expenses,Fundraising event code,W SOMERVILLE,MA,83300
5687217,2026-06-13,2026-06-15,23411,Jeremy Beausoleil Smith,4,record:505d17ab5768e40aca75c089,ActBlue,provisional_record_group,False,Business Entity,851,Fundraising Event Expenses,Fundraising event code,W SOMERVILLE,MA,83301
5687333,2026-06-13,2026-06-15,23028,Angelita Morillo,3,record:505d17ab5768e40aca75c089,ActBlue,provisional_record_group,False,Business Entity,518,Fundraising Event Expenses,Fundraising event code,W SOMERVILLE,MA,83303
5687022,2026-06-14,2026-06-14,23208,Tiffany Koyama Lane,3,record:1d13197007c784df721d7359,Canva,provisional_record_group,False,Business Entity,3000,General Operational Expenses (need description),General operations,SAN JOSE,CA,83201
5687162,2026-06-14,2026-06-15,23208,Tiffany Koyama Lane,3,record:505d17ab5768e40aca75c089,ActBlue,provisional_record_group,False,Business Entity,20,Fundraising Event Expenses,Fundraising event code,W SOMERVILLE,MA,83203
5687184,2026-06-14,2026-06-15,23365,Mitch Green,4,record:505d17ab5768e40aca75c089,ActBlue,provisional_record_group,False,Business Entity,119,Fundraising Event Expenses,Fundraising event code,W SOMERVILLE,MA,83204
5687233,2026-06-14,2026-06-15,23411,Jeremy Beausoleil Smith,4,record:505d17ab5768e40aca75c089,ActBlue,provisional_record_group,False,Business Entity,198,Fundraising Event Expenses,Fundraising event code,W SOMERVILLE,MA,83205
5687337,2026-06-14,2026-06-15,23028,Angelita Morillo,3,record:505d17ab5768e40aca75c089,ActBlue,provisional_record_group,False,Business Entity,317,Fundraising Event Expenses,Fundraising event code,W SOMERVILLE,MA,83211
5690050,2026-06-14,2026-06-16,24972,Joel Corcoran,3,disclosure:24972:f88fe8ea980a,Miscellaneous Cash Expenditures $100 and under,disclosure_category,True,Unspecified,198,,Unspecified code,,,83220
5693482,2026-06-14,2026-06-18,24897,Kellie Torres,3,record:39bffc6fb2e886cf220117d2,ActBlue Technical Services,provisional_record_group,False,Business Entity,5658,,Unspecified code,CAMBRIDGE,MA,83223
5715868,2026-06-14,2026-07-09,24973,Esther León,3,record:efad6510704c963eb926bca0,ActBlue,provisional_record_group,False,Other,178,General Operational Expenses (need description),General operations,BOSTON,MA,83275
5688017,2026-06-15,2026-06-18,23411,Jeremy Beausoleil Smith,4,record:505d17ab5768e40aca75c089,ActBlue,provisional_record_group,False,Business Entity,103,Fundraising Event Expenses,Fundraising event code,W SOMERVILLE,MA,83053
5697286,2026-06-15,2026-06-22,23365,Mitch Green,4,record:505d17ab5768e40aca75c089,ActBlue,provisional_record_group,False,Business Entity,1792,Fundraising Event Expenses,Fundraising event code,W SOMERVILLE,MA,83112
5697293,2026-06-15,2026-06-22,23365,Mitch Green,4,record:c46693e9ad6bb66f1906c2f2,Democratic Party of Oregon (Federal PAC),provisional_record_group,False,Unregistered Committee,100000,General Operational Expenses (need description),General operations,PORTLAND,OR,83113
5697324,2026-06-15,2026-06-22,23208,Tiffany Koyama Lane,3,record:505d17ab5768e40aca75c089,ActBlue,provisional_record_group,False,Business Entity,943,Fundraising Event Expenses,Fundraising event code,W SOMERVILLE,MA,83114
5697375,2026-06-15,2026-06-22,23028,Angelita Morillo,3,record:505d17ab5768e40aca75c089,ActBlue,provisional_record_group,False,Business Entity,2227,Fundraising Event Expenses,Fundraising event code,W SOMERVILLE,MA,83115
5702967,2026-06-15,2026-06-29,23028,Angelita Morillo,3,record:bac9732d1bfaa7c853865440,Mailchimp,provisional_record_group,False,Business Entity,13500,General Operational Expenses (need description),General operations,ATLANTA,GA,83149
5721494,2026-06-15,2026-07-14,23208,Tiffany Koyama Lane,3,record:fb5a29e820311b11c75b1257,Community Labor Administrative Services,provisional_record_group,False,Business Entity,8000,General Operational Expenses (need description),General operations,BROOKLYN,NY,83187
5693447,2026-06-16,2026-06-18,23411,Jeremy Beausoleil Smith,4,record:505d17ab5768e40aca75c089,ActBlue,provisional_record_group,False,Business Entity,40,Fundraising Event Expenses,Fundraising event code,W SOMERVILLE,MA,82928
5693908,2026-06-16,2026-06-19,24661,Tom Sollitt,3,record:3fc9a041ce9cdc1ee5450723,Splash Apartments,provisional_record_group,False,Business Entity,12500,General Operational Expenses (need description),General operations,PORTLAND,OR,82944
5697299,2026-06-16,2026-06-22,23365,Mitch Green,4,record:505d17ab5768e40aca75c089,ActBlue,provisional_record_group,False,Business Entity,60,Fundraising Event Expenses,Fundraising event code,W SOMERVILLE,MA,82958
5697334,2026-06-16,2026-06-22,23208,Tiffany Koyama Lane,3,record:6403fa1044e000273aa5169d,Mailchimp,provisional_record_group,False,Business Entity,23000,General Operational Expenses (need description),General operations,ATLANTA,GA,82959
5697336,2026-06-16,2026-06-22,23208,Tiffany Koyama Lane,3,record:505d17ab5768e40aca75c089,ActBlue,provisional_record_group,False,Business Entity,238,Fundraising Event Expenses,Fundraising event code,W SOMERVILLE,MA,82960
5697384,2026-06-16,2026-06-22,23028,Angelita Morillo,3,record:505d17ab5768e40aca75c089,ActBlue,provisional_record_group,False,Business Entity,80,Fundraising Event Expenses,Fundraising event code,W SOMERVILLE,MA,82961
5697406,2026-06-16,2026-06-22,25040,Jamey Evenstar,4,record:505d17ab5768e40aca75c089,ActBlue,provisional_record_group,False,Business Entity,396,Fundraising Event Expenses,Fundraising event code,W SOMERVILLE,MA,82962
5702968,2026-06-16,2026-06-29,23028,Angelita Morillo,3,record:65425f1fe302c322d9c210f8,Democratic Party of Oregon (Fed PAC),provisional_record_group,False,Unregistered Committee,100000,General Operational Expenses (need description),General operations,PORTLAND,OR,82981
5709297,2026-06-16,2026-07-06,23411,Jeremy Beausoleil Smith,4,record:6ff55e9d23eac3f7ff03a674,Justin Filtz,provisional_record_group,False,Individual,35000,Management Services,Management services,PORTLAND,OR,83012
5709298,2026-06-16,2026-07-06,23411,Jeremy Beausoleil Smith,4,record:6ff55e9d23eac3f7ff03a674,Justin Filtz,provisional_record_group,False,Individual,40250,Management Services,Management services,PORTLAND,OR,83013
5693449,2026-06-17,2026-06-18,23411,Jeremy Beausoleil Smith,4,record:505d17ab5768e40aca75c089,ActBlue,provisional_record_group,False,Business Entity,1087,Fundraising Event Expenses,Fundraising event code,W SOMERVILLE,MA,82775
5697304,2026-06-17,2026-06-22,23365,Mitch Green,4,record:505d17ab5768e40aca75c089,ActBlue,provisional_record_group,False,Business Entity,395,Fundraising Event Expenses,Fundraising event code,W SOMERVILLE,MA,82803
5697339,2026-06-17,2026-06-22,23208,Tiffany Koyama Lane,3,record:505d17ab5768e40aca75c089,ActBlue,provisional_record_group,False,Business Entity,436,Fundraising Event Expenses,Fundraising event code,W SOMERVILLE,MA,82804
5697387,2026-06-17,2026-06-22,23028,Angelita Morillo,3,record:505d17ab5768e40aca75c089,ActBlue,provisional_record_group,False,Business Entity,297,Fundraising Event Expenses,Fundraising event code,W SOMERVILLE,MA,82805
5702649,2026-06-17,2026-06-29,23365,Mitch Green,4,disclosure:23365:f88fe8ea980a,Miscellaneous Cash Expenditures $100 and under,disclosure_category,True,Unspecified,1560,,Unspecified code,,,82832
5709299,2026-06-17,2026-07-06,23411,Jeremy Beausoleil Smith,4,record:6ff55e9d23eac3f7ff03a674,Justin Filtz,provisional_record_group,False,Individual,35000,Management Services,Management services,PORTLAND,OR,82858
5697152,2026-06-18,2026-06-20,24973,Esther León,3,disclosure:24973:f88fe8ea980a,Miscellaneous Cash Expenditures $100 and under,disclosure_category,True,Unspecified,7500,,Unspecified code,,,82596
5697285,2026-06-18,2026-06-22,23411,Jeremy Beausoleil Smith,4,record:505d17ab5768e40aca75c089,ActBlue,provisional_record_group,False,Business Entity,218,Fundraising Event Expenses,Fundraising event code,W SOMERVILLE,MA,82600
5697306,2026-06-18,2026-06-22,23365,Mitch Green,4,record:505d17ab5768e40aca75c089,ActBlue,provisional_record_group,False,Business Entity,40,Fundraising Event Expenses,Fundraising event code,W SOMERVILLE,MA,82601
5697308,2026-06-18,2026-06-22,23365,Mitch Green,4,record:0bd926a9c85d9f851966e0b7,Leslie McCollom Fontaine,provisional_record_group,False,Individual,334700,Reimbursement for Personal Expenditures,Personal-expense reimbursement,PORTLAND,OR,82602
5697343,2026-06-18,2026-06-22,23208,Tiffany Koyama Lane,3,record:505d17ab5768e40aca75c089,ActBlue,provisional_record_group,False,Business Entity,238,Fundraising Event Expenses,Fundraising event code,W SOMERVILLE,MA,82603
5697390,2026-06-18,2026-06-22,23028,Angelita Morillo,3,record:505d17ab5768e40aca75c089,ActBlue,provisional_record_group,False,Business Entity,377,Fundraising Event Expenses,Fundraising event code,W SOMERVILLE,MA,82604
5697409,2026-06-18,2026-06-22,25040,Jamey Evenstar,4,record:505d17ab5768e40aca75c089,ActBlue,provisional_record_group,False,Business Entity,395,Fundraising Event Expenses,Fundraising event code,W SOMERVILLE,MA,82605
5704026,2026-06-18,2026-06-30,23295,Eli Arnold,4,record:428b0fcd0ef60ebaed796da1,Worldpay- C&E Merchant Services,provisional_record_group,False,Business Entity,11252,General Operational Expenses (need description),General operations,PORTLAND,OR,82652
5704552,2026-06-18,2026-06-30,17629,Eric Zimmerman,4,record:428b0fcd0ef60ebaed796da1,Worldpay- C&E Merchant Services,provisional_record_group,False,Business Entity,14647,General Operational Expenses (need description),General operations,PORTLAND,OR,82660
5709302,2026-06-18,2026-07-06,23411,Jeremy Beausoleil Smith,4,record:b5e0da70e02731f56601a3d5,Hallie Frost,provisional_record_group,False,Individual,50000,General Operational Expenses (need description),General operations,PORTLAND,OR,82685
5717458,2026-06-18,2026-07-10,15109,Steve Novick,3,record:428b0fcd0ef60ebaed796da1,Worldpay- C&E Merchant Services,provisional_record_group,False,Business Entity,33705,General Operational Expenses (need description),General operations,PORTLAND,OR,82700
5717717,2026-06-18,2026-07-10,23199,Olivia Clark,4,record:428b0fcd0ef60ebaed796da1,Worldpay- C&E Merchant Services,provisional_record_group,False,Business Entity,15365,General Operational Expenses (need description),General operations,PORTLAND,OR,82701
5697292,2026-06-19,2026-06-22,23411,Jeremy Beausoleil Smith,4,record:505d17ab5768e40aca75c089,ActBlue,provisional_record_group,False,Business Entity,198,Fundraising Event Expenses,Fundraising event code,W SOMERVILLE,MA,82488
5697310,2026-06-19,2026-06-22,23365,Mitch Green,4,record:505d17ab5768e40aca75c089,ActBlue,provisional_record_group,False,Business Entity,99,Fundraising Event Expenses,Fundraising event code,W SOMERVILLE,MA,82489
5697347,2026-06-19,2026-06-22,23208,Tiffany Koyama Lane,3,record:505d17ab5768e40aca75c089,ActBlue,provisional_record_group,False,Business Entity,198,Fundraising Event Expenses,Fundraising event code,W SOMERVILLE,MA,82490
5697396,2026-06-19,2026-06-22,23028,Angelita Morillo,3,record:505d17ab5768e40aca75c089,ActBlue,provisional_record_group,False,Business Entity,60,Fundraising Event Expenses,Fundraising event code,W SOMERVILLE,MA,82491
5697411,2026-06-19,2026-06-22,25040,Jamey Evenstar,4,record:505d17ab5768e40aca75c089,ActBlue,provisional_record_group,False,Business Entity,498,Fundraising Event Expenses,Fundraising event code,W SOMERVILLE,MA,82492
5697295,2026-06-20,2026-06-22,23411,Jeremy Beausoleil Smith,4,record:505d17ab5768e40aca75c089,ActBlue,provisional_record_group,False,Business Entity,99,Fundraising Event Expenses,Fundraising event code,W SOMERVILLE,MA,82434
5697312,2026-06-20,2026-06-22,23365,Mitch Green,4,record:505d17ab5768e40aca75c089,ActBlue,provisional_record_group,False,Business Entity,615,Fundraising Event Expenses,Fundraising event code,W SOMERVILLE,MA,82435
5697349,2026-06-20,2026-06-22,23208,Tiffany Koyama Lane,3,record:505d17ab5768e40aca75c089,ActBlue,provisional_record_group,False,Business Entity,456,Fundraising Event Expenses,Fundraising event code,W SOMERVILLE,MA,82436
5697398,2026-06-20,2026-06-22,23028,Angelita Morillo,3,record:505d17ab5768e40aca75c089,ActBlue,provisional_record_group,False,Business Entity,20,Fundraising Event Expenses,Fundraising event code,W SOMERVILLE,MA,82437
5702805,2026-06-20,2026-06-29,25040,Jamey Evenstar,4,disclosure:25040:f88fe8ea980a,Miscellaneous Cash Expenditures $100 and under,disclosure_category,True,Unspecified,1699,,Unspecified code,,,82448
5697372,2026-06-21,2026-06-22,23365,Mitch Green,4,record:505d17ab5768e40aca75c089,ActBlue,provisional_record_group,False,Business Entity,480,Fundraising Event Expenses,Fundraising event code,W SOMERVILLE,MA,82348
5702467,2026-06-21,2026-06-29,23208,Tiffany Koyama Lane,3,record:505d17ab5768e40aca75c089,ActBlue,provisional_record_group,False,Business Entity,24,Fundraising Event Expenses,Fundraising event code,W SOMERVILLE,MA,82384
5706976,2026-06-21,2026-07-01,24897,Kellie Torres,3,record:39bffc6fb2e886cf220117d2,ActBlue Technical Services,provisional_record_group,False,Business Entity,3558,,Unspecified code,CAMBRIDGE,MA,82402
5708088,2026-06-21,2026-07-02,24972,Joel Corcoran,3,disclosure:24972:f88fe8ea980a,Miscellaneous Cash Expenditures $100 and under,disclosure_category,True,Unspecified,20,,Unspecified code,,,82405
5715869,2026-06-21,2026-07-09,24973,Esther León,3,record:efad6510704c963eb926bca0,ActBlue,provisional_record_group,False,Other,1618,General Operational Expenses (need description),General operations,BOSTON,MA,82417
5718728,2026-06-21,2026-07-13,25040,Jamey Evenstar,4,disclosure:25040:f88fe8ea980a,Miscellaneous Cash Expenditures $100 and under,disclosure_category,True,Unspecified,4800,,Unspecified code,,,82419
5699056,2026-06-22,2026-06-24,23028,Angelita Morillo,3,record:505d17ab5768e40aca75c089,ActBlue,provisional_record_group,False,Business Entity,852,Fundraising Event Expenses,Fundraising event code,W SOMERVILLE,MA,82204
5702465,2026-06-22,2026-06-29,23411,Jeremy Beausoleil Smith,4,record:505d17ab5768e40aca75c089,ActBlue,provisional_record_group,False,Business Entity,119,Fundraising Event Expenses,Fundraising event code,W SOMERVILLE,MA,82249
5702478,2026-06-22,2026-06-29,23365,Mitch Green,4,record:505d17ab5768e40aca75c089,ActBlue,provisional_record_group,False,Business Entity,805,Fundraising Event Expenses,Fundraising event code,W SOMERVILLE,MA,82250
5702479,2026-06-22,2026-06-29,23208,Tiffany Koyama Lane,3,record:505d17ab5768e40aca75c089,ActBlue,provisional_record_group,False,Business Entity,456,Fundraising Event Expenses,Fundraising event code,W SOMERVILLE,MA,82251
5702754,2026-06-22,2026-06-29,25040,Jamey Evenstar,4,record:505d17ab5768e40aca75c089,ActBlue,provisional_record_group,False,Business Entity,905,Fundraising Event Expenses,Fundraising event code,W SOMERVILLE,MA,82254
5708797,2026-06-22,2026-07-05,24897,Kellie Torres,3,disclosure:24897:f88fe8ea980a,Miscellaneous Cash Expenditures $100 and under,disclosure_category,True,Unspecified,3432,,Unspecified code,,,82300
5774644,2026-06-22,2026-08-24,24966,Matthias Hallett,3,disclosure:24966:f88fe8ea980a,Miscellaneous Cash Expenditures $100 and under,disclosure_category,True,Unspecified,1760,,Unspecified code,,,82338
5699066,2026-06-23,2026-06-24,23028,Angelita Morillo,3,record:505d17ab5768e40aca75c089,ActBlue,provisional_record_group,False,Business Entity,436,Fundraising Event Expenses,Fundraising event code,W SOMERVILLE,MA,82058
5702471,2026-06-23,2026-06-29,23411,Jeremy Beausoleil Smith,4,record:505d17ab5768e40aca75c089,ActBlue,provisional_record_group,False,Business Entity,297,Fundraising Event Expenses,Fundraising event code,W SOMERVILLE,MA,82088
5702509,2026-06-23,2026-06-29,23365,Mitch Green,4,record:505d17ab5768e40aca75c089,ActBlue,provisional_record_group,False,Business Entity,3168,Fundraising Event Expenses,Fundraising event code,W SOMERVILLE,MA,82089
5702757,2026-06-23,2026-06-29,25040,Jamey Evenstar,4,record:505d17ab5768e40aca75c089,ActBlue,provisional_record_group,False,Business Entity,476,Fundraising Event Expenses,Fundraising event code,W SOMERVILLE,MA,82092
5702480,2026-06-24,2026-06-29,23411,Jeremy Beausoleil Smith,4,record:505d17ab5768e40aca75c089,ActBlue,provisional_record_group,False,Business Entity,633,Fundraising Event Expenses,Fundraising event code,W SOMERVILLE,MA,81918
5702494,2026-06-24,2026-06-29,23208,Tiffany Koyama Lane,3,record:505d17ab5768e40aca75c089,ActBlue,provisional_record_group,False,Business Entity,3531,Fundraising Event Expenses,Fundraising event code,W SOMERVILLE,MA,81919
5702532,2026-06-24,2026-06-29,23365,Mitch Green,4,record:505d17ab5768e40aca75c089,ActBlue,provisional_record_group,False,Business Entity,3103,Fundraising Event Expenses,Fundraising event code,W SOMERVILLE,MA,81920
5702775,2026-06-24,2026-06-29,25040,Jamey Evenstar,4,record:505d17ab5768e40aca75c089,ActBlue,provisional_record_group,False,Business Entity,1324,Fundraising Event Expenses,Fundraising event code,W SOMERVILLE,MA,81925
5702834,2026-06-24,2026-06-29,23028,Angelita Morillo,3,record:505d17ab5768e40aca75c089,ActBlue,provisional_record_group,False,Business Entity,2288,Fundraising Event Expenses,Fundraising event code,W SOMERVILLE,MA,81927
5718670,2026-06-24,2026-07-13,25040,Jamey Evenstar,4,record:e1f2415ad94d4bc61e684c1a,"Peerspace, Inc",provisional_record_group,False,Business Entity,47175,General Operational Expenses (need description),General operations,SAN FRANCISCO,CA,81992
5718729,2026-06-24,2026-07-13,25040,Jamey Evenstar,4,disclosure:25040:f88fe8ea980a,Miscellaneous Cash Expenditures $100 and under,disclosure_category,True,Unspecified,5118,,Unspecified code,,,81993
5727363,2026-06-24,2026-07-17,24661,Tom Sollitt,3,disclosure:24661:f88fe8ea980a,Miscellaneous Cash Expenditures $100 and under,disclosure_category,True,Unspecified,2178,,Unspecified code,,,82010
5702492,2026-06-25,2026-06-29,23411,Jeremy Beausoleil Smith,4,record:505d17ab5768e40aca75c089,ActBlue,provisional_record_group,False,Business Entity,179,Fundraising Event Expenses,Fundraising event code,W SOMERVILLE,MA,81740
5702524,2026-06-25,2026-06-29,23208,Tiffany Koyama Lane,3,record:505d17ab5768e40aca75c089,ActBlue,provisional_record_group,False,Business Entity,794,Fundraising Event Expenses,Fundraising event code,W SOMERVILLE,MA,81741
5702571,2026-06-25,2026-06-29,23365,Mitch Green,4,record:505d17ab5768e40aca75c089,ActBlue,provisional_record_group,False,Business Entity,1369,Fundraising Event Expenses,Fundraising event code,W SOMERVILLE,MA,81742
5702626,2026-06-25,2026-06-29,23365,Mitch Green,4,record:1559636a39cabb8b2df7d33d,"PhoneBurner, Inc",provisional_record_group,False,Business Entity,19500,General Operational Expenses (need description),General operations,LAGUNA BEACH,CA,81743
5702777,2026-06-25,2026-06-29,25040,Jamey Evenstar,4,record:505d17ab5768e40aca75c089,ActBlue,provisional_record_group,False,Business Entity,219,Fundraising Event Expenses,Fundraising event code,W SOMERVILLE,MA,81746
5702842,2026-06-25,2026-06-29,23028,Angelita Morillo,3,record:505d17ab5768e40aca75c089,ActBlue,provisional_record_group,False,Business Entity,14566,Fundraising Event Expenses,Fundraising event code,W SOMERVILLE,MA,81748
5702971,2026-06-25,2026-06-29,23028,Angelita Morillo,3,record:20a86b38b3a0302e4b6a90bd,Baby Doll Pizza,provisional_record_group,False,Business Entity,42983,Fundraising Event Expenses,Fundraising event code,PORTLAND,OR,81749
5702972,2026-06-25,2026-06-29,23028,Angelita Morillo,3,record:0859d2e95f848e363d2ddbf2,Costco,provisional_record_group,False,Business Entity,60184,Fundraising Event Expenses,Fundraising event code,PORTLAND,OR,81750
5703010,2026-06-25,2026-06-29,23028,Angelita Morillo,3,disclosure:23028:f88fe8ea980a,Miscellaneous Cash Expenditures $100 and under,disclosure_category,True,Unspecified,10000,,Unspecified code,,,81751
5708798,2026-06-25,2026-07-05,24897,Kellie Torres,3,disclosure:24897:f88fe8ea980a,Miscellaneous Cash Expenditures $100 and under,disclosure_category,True,Unspecified,6000,,Unspecified code,,,81809
5718668,2026-06-25,2026-07-13,25040,Jamey Evenstar,4,record:01f68e23c9703bb179462cab,FaceBook,provisional_record_group,False,Business Entity,17500,Online and Social Media Advertising,Online advertising,MENLO PARK,CA,81822
5702539,2026-06-26,2026-06-29,23208,Tiffany Koyama Lane,3,record:505d17ab5768e40aca75c089,ActBlue,provisional_record_group,False,Business Entity,291,Fundraising Event Expenses,Fundraising event code,W SOMERVILLE,MA,81545
5702593,2026-06-26,2026-06-29,23365,Mitch Green,4,record:505d17ab5768e40aca75c089,ActBlue,provisional_record_group,False,Business Entity,2742,Fundraising Event Expenses,Fundraising event code,W SOMERVILLE,MA,81546
5702605,2026-06-26,2026-06-29,23365,Mitch Green,4,record:adc2c298758fb308c2c28529,Margaux Weeke,provisional_record_group,False,Individual,720000,Management Services,Management services,PORTLAND,OR,81547
5702606,2026-06-26,2026-06-29,23365,Mitch Green,4,record:adc2c298758fb308c2c28529,Margaux Weeke,provisional_record_group,False,Individual,8400,Reimbursement for Personal Expenditures,Personal-expense reimbursement,PORTLAND,OR,81548
5702616,2026-06-26,2026-06-29,23365,Mitch Green,4,record:0bd926a9c85d9f851966e0b7,Leslie McCollom Fontaine,provisional_record_group,False,Individual,88000,General Operational Expenses (need description),General operations,PORTLAND,OR,81549
5702619,2026-06-26,2026-06-29,23365,Mitch Green,4,record:0bd926a9c85d9f851966e0b7,Leslie McCollom Fontaine,provisional_record_group,False,Individual,2220,Reimbursement for Personal Expenditures,Personal-expense reimbursement,PORTLAND,OR,81550
5702786,2026-06-26,2026-06-29,25040,Jamey Evenstar,4,record:505d17ab5768e40aca75c089,ActBlue,provisional_record_group,False,Business Entity,139,Fundraising Event Expenses,Fundraising event code,W SOMERVILLE,MA,81556
5702895,2026-06-26,2026-06-29,23028,Angelita Morillo,3,record:505d17ab5768e40aca75c089,ActBlue,provisional_record_group,False,Business Entity,6983,Fundraising Event Expenses,Fundraising event code,W SOMERVILLE,MA,81557
5703012,2026-06-26,2026-06-29,23028,Angelita Morillo,3,disclosure:23028:f88fe8ea980a,Miscellaneous Cash Expenditures $100 and under,disclosure_category,True,Unspecified,3022,,Unspecified code,,,81558
5702559,2026-06-27,2026-06-29,23208,Tiffany Koyama Lane,3,record:505d17ab5768e40aca75c089,ActBlue,provisional_record_group,False,Business Entity,1562,Fundraising Event Expenses,Fundraising event code,W SOMERVILLE,MA,81477
5702609,2026-06-27,2026-06-29,23365,Mitch Green,4,record:505d17ab5768e40aca75c089,ActBlue,provisional_record_group,False,Business Entity,476,Fundraising Event Expenses,Fundraising event code,W SOMERVILLE,MA,81478
5702796,2026-06-27,2026-06-29,25040,Jamey Evenstar,4,record:505d17ab5768e40aca75c089,ActBlue,provisional_record_group,False,Business Entity,79,Fundraising Event Expenses,Fundraising event code,W SOMERVILLE,MA,81483
5702947,2026-06-27,2026-06-29,23028,Angelita Morillo,3,record:505d17ab5768e40aca75c089,ActBlue,provisional_record_group,False,Business Entity,912,Fundraising Event Expenses,Fundraising event code,W SOMERVILLE,MA,81484
5702635,2026-06-28,2026-06-29,23365,Mitch Green,4,record:505d17ab5768e40aca75c089,ActBlue,provisional_record_group,False,Business Entity,633,Fundraising Event Expenses,Fundraising event code,W SOMERVILLE,MA,81395
5702735,2026-06-28,2026-06-29,23208,Tiffany Koyama Lane,3,record:505d17ab5768e40aca75c089,ActBlue,provisional_record_group,False,Business Entity,291,Fundraising Event Expenses,Fundraising event code,W SOMERVILLE,MA,81398
5702814,2026-06-28,2026-06-29,25040,Jamey Evenstar,4,record:505d17ab5768e40aca75c089,ActBlue,provisional_record_group,False,Business Entity,119,Fundraising Event Expenses,Fundraising event code,W SOMERVILLE,MA,81399
5703015,2026-06-28,2026-06-29,23028,Angelita Morillo,3,record:505d17ab5768e40aca75c089,ActBlue,provisional_record_group,False,Business Entity,458,Fundraising Event Expenses,Fundraising event code,W SOMERVILLE,MA,81400
5706977,2026-06-28,2026-07-01,24897,Kellie Torres,3,record:39bffc6fb2e886cf220117d2,ActBlue Technical Services,provisional_record_group,False,Business Entity,7218,,Unspecified code,CAMBRIDGE,MA,81424
5706983,2026-06-28,2026-07-05,24897,Kellie Torres,3,record:5204173955a89eb5e7d86120,UPS Store,provisional_record_group,False,Business Entity,7218,,Unspecified code,PORTLAND,OR,81425
5709294,2026-06-28,2026-07-06,23411,Jeremy Beausoleil Smith,4,record:505d17ab5768e40aca75c089,ActBlue,provisional_record_group,False,Business Entity,99,Fundraising Event Expenses,Fundraising event code,W SOMERVILLE,MA,81445
5715870,2026-06-28,2026-07-09,24973,Esther León,3,record:efad6510704c963eb926bca0,ActBlue,provisional_record_group,False,Other,1861,General Operational Expenses (need description),General operations,BOSTON,MA,81453
5774645,2026-06-28,2026-08-24,24966,Matthias Hallett,3,disclosure:24966:f88fe8ea980a,Miscellaneous Cash Expenditures $100 and under,disclosure_category,True,Unspecified,3900,,Unspecified code,,,81466
5702551,2026-06-29,2026-06-29,23208,Tiffany Koyama Lane,3,record:7a50fe8108868978ab2b5c95,Claire Culmer,provisional_record_group,False,Individual,360791,"Wages, Salaries, Benefits","Wages, salaries, benefits",PORTLAND,OR,81198
5702553,2026-06-29,2026-06-29,23208,Tiffany Koyama Lane,3,record:5c84c808cee039261c133b47,Iris Hodge,provisional_record_group,False,Individual,420927,"Wages, Salaries, Benefits","Wages, salaries, benefits",BROWNSVILLE,OR,81199
5702555,2026-06-29,2026-06-29,23208,Tiffany Koyama Lane,3,record:864917c852326fa655433ea9,Gusto,provisional_record_group,False,Business Entity,116351,"Wages, Salaries, Benefits","Wages, salaries, benefits",SAN FRANCISCO,CA,81200
5708983,2026-06-29,2026-07-06,25040,Jamey Evenstar,4,record:505d17ab5768e40aca75c089,ActBlue,provisional_record_group,False,Business Entity,79,Fundraising Event Expenses,Fundraising event code,W SOMERVILLE,MA,81299
5709166,2026-06-29,2026-07-06,23028,Angelita Morillo,3,record:505d17ab5768e40aca75c089,ActBlue,provisional_record_group,False,Business Entity,1935,Fundraising Event Expenses,Fundraising event code,W SOMERVILLE,MA,81301
5709180,2026-06-29,2026-07-06,23028,Angelita Morillo,3,record:2a6e3ef353f24c5e3948fe12,Mystique's Fancy Faces,provisional_record_group,False,Business Entity,34500,Fundraising Event Expenses,Fundraising event code,PORTLAND,OR,81302
5709296,2026-06-29,2026-07-06,23411,Jeremy Beausoleil Smith,4,record:505d17ab5768e40aca75c089,ActBlue,provisional_record_group,False,Business Entity,99,Fundraising Event Expenses,Fundraising event code,W SOMERVILLE,MA,81303
5709329,2026-06-29,2026-07-06,23208,Tiffany Koyama Lane,3,record:505d17ab5768e40aca75c089,ActBlue,provisional_record_group,False,Business Entity,2052,Fundraising Event Expenses,Fundraising event code,W SOMERVILLE,MA,81304
5709418,2026-06-29,2026-07-06,23365,Mitch Green,4,record:505d17ab5768e40aca75c089,ActBlue,provisional_record_group,False,Business Entity,291,Fundraising Event Expenses,Fundraising event code,W SOMERVILLE,MA,81305
5721495,2026-06-29,2026-07-14,23208,Tiffany Koyama Lane,3,record:864917c852326fa655433ea9,Gusto,provisional_record_group,False,Business Entity,231359,"Wages, Salaries, Benefits","Wages, salaries, benefits",SAN FRANCISCO,CA,81339
5704029,2026-06-30,2026-06-30,23295,Eli Arnold,4,record:e34e13c6ecf2f1da143787ee,Democratic Party of Oregon Federal PAC,provisional_record_group,False,Unregistered Committee,130000,General Operational Expenses (need description),General operations,PORTLAND,OR,80969
5706984,2026-06-30,2026-07-05,24897,Kellie Torres,3,record:5204173955a89eb5e7d86120,UPS Store,provisional_record_group,False,Business Entity,7000,,Unspecified code,PORTLAND,OR,81002
5708090,2026-06-30,2026-07-02,24972,Joel Corcoran,3,disclosure:24972:f88fe8ea980a,Miscellaneous Cash Expenditures $100 and under,disclosure_category,True,Unspecified,494,,Unspecified code,,,81018
5708140,2026-06-30,2026-07-05,24897,Kellie Torres,3,record:39bffc6fb2e886cf220117d2,ActBlue Technical Services,provisional_record_group,False,Business Entity,1327,,Unspecified code,CAMBRIDGE,MA,81020
5708987,2026-06-30,2026-07-06,25040,Jamey Evenstar,4,record:505d17ab5768e40aca75c089,ActBlue,provisional_record_group,False,Business Entity,990,Fundraising Event Expenses,Fundraising event code,W SOMERVILLE,MA,81036
5709182,2026-06-30,2026-07-06,23028,Angelita Morillo,3,record:505d17ab5768e40aca75c089,ActBlue,provisional_record_group,False,Business Entity,1239,Fundraising Event Expenses,Fundraising event code,W SOMERVILLE,MA,81039
5709194,2026-06-30,2026-07-06,23028,Angelita Morillo,3,record:cbd6dc09b4ef4075e87bd5ba,Gal Pal Productions,provisional_record_group,False,Business Entity,750000,General Operational Expenses (need description),General operations,TROUTDALE,OR,81040
5709308,2026-06-30,2026-07-06,23411,Jeremy Beausoleil Smith,4,record:505d17ab5768e40aca75c089,ActBlue,provisional_record_group,False,Business Entity,444,Fundraising Event Expenses,Fundraising event code,W SOMERVILLE,MA,81041
5709340,2026-06-30,2026-07-06,23208,Tiffany Koyama Lane,3,record:505d17ab5768e40aca75c089,ActBlue,provisional_record_group,False,Business Entity,1932,Fundraising Event Expenses,Fundraising event code,W SOMERVILLE,MA,81043
5709424,2026-06-30,2026-07-06,23365,Mitch Green,4,record:505d17ab5768e40aca75c089,ActBlue,provisional_record_group,False,Business Entity,994,Fundraising Event Expenses,Fundraising event code,W SOMERVILLE,MA,81045
5715871,2026-06-30,2026-07-09,24973,Esther León,3,record:efad6510704c963eb926bca0,ActBlue,provisional_record_group,False,Other,20,General Operational Expenses (need description),General operations,BOSTON,MA,81067
5717462,2026-06-30,2026-07-10,15109,Steve Novick,3,record:a87bba81b2bfcdffb48b900a,Hunch Theory,provisional_record_group,False,Business Entity,15000,General Operational Expenses (need description),General operations,PORTLAND,OR,81073
5721217,2026-06-30,2026-07-13,23028,Angelita Morillo,3,record:55d42979fb2f0e3449f4e416,Sprout Chinn,provisional_record_group,False,Individual,948,Reimbursement for Personal Expenditures,Personal-expense reimbursement,PORTLAND,OR,81092
5721267,2026-06-30,2026-07-13,23028,Angelita Morillo,3,record:55d42979fb2f0e3449f4e416,Sprout Chinn,provisional_record_group,False,Individual,226450,General Operational Expenses (need description); Travel Expenses (need description),Multiple reported codes,PORTLAND,OR,81093
5721270,2026-06-30,2026-07-13,23028,Angelita Morillo,3,record:e1b7c42aeb117555130c720b,Team Mars Consulting,provisional_record_group,False,Business Entity,458231,Management Services; Travel Expenses (need description),Multiple reported codes,HILLSBORO,OR,81094
5721271,2026-06-30,2026-07-13,23028,Angelita Morillo,3,record:e1b7c42aeb117555130c720b,Team Mars Consulting,provisional_record_group,False,Business Entity,6772,Reimbursement for Personal Expenditures,Personal-expense reimbursement,HILLSBORO,OR,81095
5729347,2026-06-30,2026-07-20,23365,Mitch Green,4,disclosure:23365:f88fe8ea980a,Miscellaneous Cash Expenditures $100 and under,disclosure_category,True,Unspecified,2498,,Unspecified code,,,81124
5774646,2026-06-30,2026-08-24,24966,Matthias Hallett,3,disclosure:24966:f88fe8ea980a,Miscellaneous Cash Expenditures $100 and under,disclosure_category,True,Unspecified,3000,,Unspecified code,,,81192
5708996,2026-07-01,2026-07-06,25040,Jamey Evenstar,4,record:505d17ab5768e40aca75c089,ActBlue,provisional_record_group,False,Business Entity,2179,Fundraising Event Expenses,Fundraising event code,W SOMERVILLE,MA,80756
5709218,2026-07-01,2026-07-06,23028,Angelita Morillo,3,record:505d17ab5768e40aca75c089,ActBlue,provisional_record_group,False,Business Entity,318,Fundraising Event Expenses,Fundraising event code,W SOMERVILLE,MA,80760
5709367,2026-07-01,2026-07-06,23208,Tiffany Koyama Lane,3,record:505d17ab5768e40aca75c089,ActBlue,provisional_record_group,False,Business Entity,239,Fundraising Event Expenses,Fundraising event code,W SOMERVILLE,MA,80762
5709446,2026-07-01,2026-07-06,23365,Mitch Green,4,record:505d17ab5768e40aca75c089,ActBlue,provisional_record_group,False,Business Entity,298,Fundraising Event Expenses,Fundraising event code,W SOMERVILLE,MA,80763
5710172,2026-07-01,2026-07-07,24897,Kellie Torres,3,record:17abdb148b055a5ce53d8282,Meadowlark Bookkeeping,provisional_record_group,False,Business Entity,61600,,Unspecified code,PORTLAND,OR,80781
5721205,2026-07-01,2026-07-13,23028,Angelita Morillo,3,record:367691ed84e4d7f3eb7dd0c8,Google,provisional_record_group,False,Business Entity,2632,General Operational Expenses (need description),General operations,MOUNTAIN VIEW,CA,80825
5721496,2026-07-01,2026-07-14,23208,Tiffany Koyama Lane,3,record:3c37d978f79677f4a6c49cde,Infused LLC,provisional_record_group,False,Business Entity,125000,General Operational Expenses (need description),General operations,LAKE OSWEGO,OR,80827
5721497,2026-07-01,2026-07-14,23208,Tiffany Koyama Lane,3,record:1881f8fe4169bab7e8fce1cf,Lindsey Montague,provisional_record_group,False,Individual,60000,General Operational Expenses (need description),General operations,PORTLAND,OR,80828
5721498,2026-07-01,2026-07-14,23208,Tiffany Koyama Lane,3,record:f9b918c4d087f0ce66a641d9,Kashann Kilson,provisional_record_group,False,Individual,5000,General Operational Expenses (need description),General operations,PORTLAND,OR,80829
5727365,2026-07-01,2026-07-17,24661,Tom Sollitt,3,disclosure:24661:f88fe8ea980a,Miscellaneous Cash Expenditures $100 and under,disclosure_category,True,Unspecified,1108,,Unspecified code,,,80856
5729245,2026-07-01,2026-07-20,23365,Mitch Green,4,record:9a186cf16475fc929e5315c4,Birrieria PDX Restaurant,provisional_record_group,False,Business Entity,1438,General Operational Expenses (need description),General operations,PORTLAND,OR,80866
5729247,2026-07-01,2026-07-20,23365,Mitch Green,4,record:9a186cf16475fc929e5315c4,Birrieria PDX Restaurant,provisional_record_group,False,Business Entity,10384,General Operational Expenses (need description),General operations,PORTLAND,OR,80867
5729314,2026-07-01,2026-07-20,23411,Jeremy Beausoleil Smith,4,record:6ff55e9d23eac3f7ff03a674,Justin Filtz,provisional_record_group,False,Individual,140000,Management Services,Management services,PORTLAND,OR,80868
5729366,2026-07-01,2026-07-20,23411,Jeremy Beausoleil Smith,4,disclosure:23411:f88fe8ea980a,Miscellaneous Cash Expenditures $100 and under,disclosure_category,True,Unspecified,5500,,Unspecified code,,,80869
5747061,2026-07-01,2026-07-31,23295,Eli Arnold,4,record:b6588b52604762dac8207708,PDX CANDIDATE FILING City of Portland Auditor,provisional_record_group,False,Other,25000,General Operational Expenses (need description),General operations,PORTLAND,OR,80910
5709016,2026-07-02,2026-07-06,25040,Jamey Evenstar,4,record:505d17ab5768e40aca75c089,ActBlue,provisional_record_group,False,Business Entity,436,Fundraising Event Expenses,Fundraising event code,W SOMERVILLE,MA,80513
5709221,2026-07-02,2026-07-06,23028,Angelita Morillo,3,record:505d17ab5768e40aca75c089,ActBlue,provisional_record_group,False,Business Entity,298,Fundraising Event Expenses,Fundraising event code,W SOMERVILLE,MA,80518
5709314,2026-07-02,2026-07-06,23411,Jeremy Beausoleil Smith,4,record:505d17ab5768e40aca75c089,ActBlue,provisional_record_group,False,Business Entity,99,Fundraising Event Expenses,Fundraising event code,W SOMERVILLE,MA,80519
5709373,2026-07-02,2026-07-06,23208,Tiffany Koyama Lane,3,record:505d17ab5768e40aca75c089,ActBlue,provisional_record_group,False,Business Entity,318,Fundraising Event Expenses,Fundraising event code,W SOMERVILLE,MA,80520
5709452,2026-07-02,2026-07-06,23365,Mitch Green,4,record:505d17ab5768e40aca75c089,ActBlue,provisional_record_group,False,Business Entity,357,Fundraising Event Expenses,Fundraising event code,W SOMERVILLE,MA,80521
5709659,2026-07-02,2026-07-07,24972,Joel Corcoran,3,record:8b1bd2ae2f30da9f2b9898fe,Google Workspace,provisional_record_group,False,Business Entity,9328,,Unspecified code,MOUNTAIN VIEW,CA,80524
5721274,2026-07-02,2026-07-13,23028,Angelita Morillo,3,record:367691ed84e4d7f3eb7dd0c8,Google,provisional_record_group,False,Business Entity,4106,General Operational Expenses (need description),General operations,MOUNTAIN VIEW,CA,80575
5721279,2026-07-02,2026-07-13,23028,Angelita Morillo,3,disclosure:23028:f88fe8ea980a,Miscellaneous Cash Expenditures $100 and under,disclosure_category,True,Unspecified,600,,Unspecified code,,,80576
5721499,2026-07-02,2026-07-14,23208,Tiffany Koyama Lane,3,record:c5a29bec4c55680ec0cf0f93,Vestwell State Savings,provisional_record_group,False,Other,30000,"Wages, Salaries, Benefits","Wages, salaries, benefits",PITTSBURGH,PA,80579
5727367,2026-07-02,2026-07-17,24661,Tom Sollitt,3,disclosure:24661:f88fe8ea980a,Miscellaneous Cash Expenditures $100 and under,disclosure_category,True,Unspecified,20,,Unspecified code,,,80602
5729315,2026-07-02,2026-07-20,23411,Jeremy Beausoleil Smith,4,record:b5e0da70e02731f56601a3d5,Hallie Frost,provisional_record_group,False,Individual,50000,General Operational Expenses (need description),General operations,PORTLAND,OR,80608
5729348,2026-07-02,2026-07-20,23365,Mitch Green,4,disclosure:23365:f88fe8ea980a,Miscellaneous Cash Expenditures $100 and under,disclosure_category,True,Unspecified,2634,,Unspecified code,,,80610
5709026,2026-07-03,2026-07-06,25040,Jamey Evenstar,4,record:505d17ab5768e40aca75c089,ActBlue,provisional_record_group,False,Business Entity,457,Fundraising Event Expenses,Fundraising event code,W SOMERVILLE,MA,80339
5709231,2026-07-03,2026-07-06,23028,Angelita Morillo,3,record:505d17ab5768e40aca75c089,ActBlue,provisional_record_group,False,Business Entity,855,Fundraising Event Expenses,Fundraising event code,W SOMERVILLE,MA,80343
5709378,2026-07-03,2026-07-06,23208,Tiffany Koyama Lane,3,record:367691ed84e4d7f3eb7dd0c8,Google,provisional_record_group,False,Business Entity,11040,General Operational Expenses (need description),General operations,MOUNTAIN VIEW,CA,80345
5709380,2026-07-03,2026-07-06,23208,Tiffany Koyama Lane,3,record:505d17ab5768e40aca75c089,ActBlue,provisional_record_group,False,Business Entity,480,Fundraising Event Expenses,Fundraising event code,W SOMERVILLE,MA,80346
5709456,2026-07-03,2026-07-06,23365,Mitch Green,4,record:505d17ab5768e40aca75c089,ActBlue,provisional_record_group,False,Business Entity,302,Fundraising Event Expenses,Fundraising event code,W SOMERVILLE,MA,80347
5721275,2026-07-03,2026-07-13,23028,Angelita Morillo,3,record:d0dcaacd9cd9837e4f8adbee,City of Portland - Small Donor Elections,provisional_record_group,False,Other,25000,General Operational Expenses (need description),General operations,PORTLAND,OR,80393
5721501,2026-07-03,2026-07-14,23208,Tiffany Koyama Lane,3,record:864917c852326fa655433ea9,Gusto,provisional_record_group,False,Business Entity,9100,General Operational Expenses (need description),General operations,SAN FRANCISCO,CA,80396
5729256,2026-07-03,2026-07-20,23365,Mitch Green,4,record:7eac60650366721860f1e904,Portland City Elections,provisional_record_group,False,Other,25000,General Operational Expenses (need description),General operations,PORTLAND,OR,80420
5709040,2026-07-04,2026-07-06,25040,Jamey Evenstar,4,record:505d17ab5768e40aca75c089,ActBlue,provisional_record_group,False,Business Entity,892,Fundraising Event Expenses,Fundraising event code,W SOMERVILLE,MA,80261
5709240,2026-07-04,2026-07-06,23028,Angelita Morillo,3,record:505d17ab5768e40aca75c089,ActBlue,provisional_record_group,False,Business Entity,416,Fundraising Event Expenses,Fundraising event code,W SOMERVILLE,MA,80266
5709388,2026-07-04,2026-07-06,23208,Tiffany Koyama Lane,3,record:505d17ab5768e40aca75c089,ActBlue,provisional_record_group,False,Business Entity,198,Fundraising Event Expenses,Fundraising event code,W SOMERVILLE,MA,80270
5709463,2026-07-04,2026-07-06,23365,Mitch Green,4,record:505d17ab5768e40aca75c089,ActBlue,provisional_record_group,False,Business Entity,183,Fundraising Event Expenses,Fundraising event code,W SOMERVILLE,MA,80271
5709068,2026-07-05,2026-07-06,25040,Jamey Evenstar,4,record:505d17ab5768e40aca75c089,ActBlue,provisional_record_group,False,Business Entity,1425,Fundraising Event Expenses,Fundraising event code,W SOMERVILLE,MA,89041
5709267,2026-07-05,2026-07-06,23028,Angelita Morillo,3,record:505d17ab5768e40aca75c089,ActBlue,provisional_record_group,False,Business Entity,724,Fundraising Event Expenses,Fundraising event code,W SOMERVILLE,MA,89044
5709408,2026-07-05,2026-07-06,23208,Tiffany Koyama Lane,3,record:505d17ab5768e40aca75c089,ActBlue,provisional_record_group,False,Business Entity,536,Fundraising Event Expenses,Fundraising event code,W SOMERVILLE,MA,89045
5709516,2026-07-05,2026-07-06,23365,Mitch Green,4,record:505d17ab5768e40aca75c089,ActBlue,provisional_record_group,False,Business Entity,478,Fundraising Event Expenses,Fundraising event code,W SOMERVILLE,MA,89048
5710130,2026-07-05,2026-07-07,24972,Joel Corcoran,3,disclosure:24972:f88fe8ea980a,Miscellaneous Cash Expenditures $100 and under,disclosure_category,True,Unspecified,99,,Unspecified code,,,89058
5710144,2026-07-05,2026-07-07,24897,Kellie Torres,3,record:39bffc6fb2e886cf220117d2,ActBlue Technical Services,provisional_record_group,False,Business Entity,1384,,Unspecified code,CAMBRIDGE,MA,89059
5732497,2026-07-05,2026-07-20,24973,Esther León,3,record:efad6510704c963eb926bca0,ActBlue,provisional_record_group,False,Other,692,General Operational Expenses (need description),General operations,BOSTON,MA,89092
5709660,2026-07-06,2026-07-07,24972,Joel Corcoran,3,record:7e730c330a08ae1587dd5c98,Meadowlark Bookkeeping,provisional_record_group,False,Business Entity,78000,,Unspecified code,PORTLAND,OR,88788
5710375,2026-07-06,2026-07-07,24897,Kellie Torres,3,record:5204173955a89eb5e7d86120,UPS Store,provisional_record_group,False,Business Entity,1750,,Unspecified code,PORTLAND,OR,88803
5712330,2026-07-06,2026-07-09,25040,Jamey Evenstar,4,record:505d17ab5768e40aca75c089,ActBlue,provisional_record_group,False,Business Entity,894,Fundraising Event Expenses,Fundraising event code,W SOMERVILLE,MA,88826
5712385,2026-07-06,2026-07-09,23028,Angelita Morillo,3,record:505d17ab5768e40aca75c089,ActBlue,provisional_record_group,False,Business Entity,2099,Fundraising Event Expenses,Fundraising event code,W SOMERVILLE,MA,88827
5712445,2026-07-06,2026-07-09,23365,Mitch Green,4,record:505d17ab5768e40aca75c089,ActBlue,provisional_record_group,False,Business Entity,1466,Fundraising Event Expenses,Fundraising event code,W SOMERVILLE,MA,88828
5712644,2026-07-06,2026-07-09,23208,Tiffany Koyama Lane,3,record:505d17ab5768e40aca75c089,ActBlue,provisional_record_group,False,Business Entity,1743,Fundraising Event Expenses,Fundraising event code,W SOMERVILLE,MA,88832
5717466,2026-07-06,2026-07-10,15109,Steve Novick,3,record:428b0fcd0ef60ebaed796da1,Worldpay- C&E Merchant Services,provisional_record_group,False,Business Entity,23897,General Operational Expenses (need description),General operations,PORTLAND,OR,88851
5717720,2026-07-06,2026-07-10,23199,Olivia Clark,4,record:428b0fcd0ef60ebaed796da1,Worldpay- C&E Merchant Services,provisional_record_group,False,Business Entity,14280,General Operational Expenses (need description),General operations,PORTLAND,OR,88853
5718533,2026-07-06,2026-07-13,23411,Jeremy Beausoleil Smith,4,record:505d17ab5768e40aca75c089,ActBlue,provisional_record_group,False,Business Entity,96,Fundraising Event Expenses,Fundraising event code,W SOMERVILLE,MA,88865
5726513,2026-07-06,2026-07-20,23411,Jeremy Beausoleil Smith,4,record:11662c213a2f8ec3d7c292bb,Google Inc.,provisional_record_group,False,Business Entity,1915,General Operational Expenses (need description),General operations,MOUNTAIN VIEW,CA,88924
5729317,2026-07-06,2026-07-20,23411,Jeremy Beausoleil Smith,4,record:eda4d69d223c57990c726642,Infused LLC,provisional_record_group,False,Business Entity,110000,General Operational Expenses (need description),General operations,PORTLAND,OR,88935
5747060,2026-07-06,2026-07-31,23295,Eli Arnold,4,record:428b0fcd0ef60ebaed796da1,Worldpay- C&E Merchant Services,provisional_record_group,False,Business Entity,10954,General Operational Expenses (need description),General operations,PORTLAND,OR,88984
5747513,2026-07-06,2026-07-31,17629,Eric Zimmerman,4,record:428b0fcd0ef60ebaed796da1,Worldpay- C&E Merchant Services,provisional_record_group,False,Business Entity,6905,General Operational Expenses (need description),General operations,PORTLAND,OR,88992
5774647,2026-07-06,2026-08-24,24966,Matthias Hallett,3,disclosure:24966:f88fe8ea980a,Miscellaneous Cash Expenditures $100 and under,disclosure_category,True,Unspecified,1786,,Unspecified code,,,89032
5712344,2026-07-07,2026-07-09,25040,Jamey Evenstar,4,record:505d17ab5768e40aca75c089,ActBlue,provisional_record_group,False,Business Entity,713,Fundraising Event Expenses,Fundraising event code,W SOMERVILLE,MA,88654
5712404,2026-07-07,2026-07-09,23028,Angelita Morillo,3,record:505d17ab5768e40aca75c089,ActBlue,provisional_record_group,False,Business Entity,799,Fundraising Event Expenses,Fundraising event code,W SOMERVILLE,MA,88655
5712458,2026-07-07,2026-07-09,23365,Mitch Green,4,record:505d17ab5768e40aca75c089,ActBlue,provisional_record_group,False,Business Entity,503,Fundraising Event Expenses,Fundraising event code,W SOMERVILLE,MA,88656
5712660,2026-07-07,2026-07-09,23208,Tiffany Koyama Lane,3,record:505d17ab5768e40aca75c089,ActBlue,provisional_record_group,False,Business Entity,304,Fundraising Event Expenses,Fundraising event code,W SOMERVILLE,MA,88657
5717723,2026-07-07,2026-07-10,23199,Olivia Clark,4,record:0346f062d37f327efe323adf,Ross Island Grocery,provisional_record_group,False,Business Entity,60000,General Operational Expenses (need description),General operations,PORTLAND,OR,88667
5718541,2026-07-07,2026-07-13,23411,Jeremy Beausoleil Smith,4,record:505d17ab5768e40aca75c089,ActBlue,provisional_record_group,False,Business Entity,20,Fundraising Event Expenses,Fundraising event code,W SOMERVILLE,MA,88673
5747063,2026-07-07,2026-07-31,23295,Eli Arnold,4,record:cca07c25c1586b50f2d29240,Adobe Inc.,provisional_record_group,False,Business Entity,2299,General Operational Expenses (need description),General operations,SAN JOSE,CA,88743
5747516,2026-07-07,2026-07-31,17629,Eric Zimmerman,4,record:27ca0a7ec5e52412509bb7f8,Purple State Strategies Inc.,provisional_record_group,False,Business Entity,125000,Management Services,Management services,VANCOUVER,WA,88744
5754345,2026-07-07,2026-08-06,23411,Jeremy Beausoleil Smith,4,record:110708603cce21b99f9fb92e,Portland Clean Air,provisional_record_group,False,Other,500000,General Operational Expenses (need description),General operations,PORTLAND,OR,88759
5774648,2026-07-07,2026-08-24,24966,Matthias Hallett,3,disclosure:24966:f88fe8ea980a,Miscellaneous Cash Expenditures $100 and under,disclosure_category,True,Unspecified,2500,,Unspecified code,,,88775
5712355,2026-07-08,2026-07-09,25040,Jamey Evenstar,4,record:505d17ab5768e40aca75c089,ActBlue,provisional_record_group,False,Business Entity,751,Fundraising Event Expenses,Fundraising event code,W SOMERVILLE,MA,88467
5712415,2026-07-08,2026-07-09,23028,Angelita Morillo,3,record:505d17ab5768e40aca75c089,ActBlue,provisional_record_group,False,Business Entity,1542,Fundraising Event Expenses,Fundraising event code,W SOMERVILLE,MA,88468
5712466,2026-07-08,2026-07-09,23365,Mitch Green,4,record:505d17ab5768e40aca75c089,ActBlue,provisional_record_group,False,Business Entity,460,Fundraising Event Expenses,Fundraising event code,W SOMERVILLE,MA,88469
5712667,2026-07-08,2026-07-09,23208,Tiffany Koyama Lane,3,record:505d17ab5768e40aca75c089,ActBlue,provisional_record_group,False,Business Entity,159,Fundraising Event Expenses,Fundraising event code,W SOMERVILLE,MA,88470
5712708,2026-07-08,2026-07-09,23208,Tiffany Koyama Lane,3,disclosure:23208:f88fe8ea980a,Miscellaneous Cash Expenditures $100 and under,disclosure_category,True,Unspecified,250,,Unspecified code,,,88471
5718545,2026-07-08,2026-07-13,23411,Jeremy Beausoleil Smith,4,record:505d17ab5768e40aca75c089,ActBlue,provisional_record_group,False,Business Entity,614,Fundraising Event Expenses,Fundraising event code,W SOMERVILLE,MA,88499
5721277,2026-07-08,2026-07-13,23028,Angelita Morillo,3,record:cbd6dc09b4ef4075e87bd5ba,Gal Pal Productions,provisional_record_group,False,Business Entity,93900,Reimbursement for Personal Expenditures,Personal-expense reimbursement,TROUTDALE,OR,88506
5727369,2026-07-08,2026-07-17,24661,Tom Sollitt,3,disclosure:24661:f88fe8ea980a,Miscellaneous Cash Expenditures $100 and under,disclosure_category,True,Unspecified,20,,Unspecified code,,,88531
5729257,2026-07-08,2026-07-20,23365,Mitch Green,4,record:2b8e485d95df8c6a47734d32,Sellwood Moreland Business Alliance,provisional_record_group,False,Other,20000,General Operational Expenses (need description),General operations,PORTLAND,OR,88537
5715872,2026-07-09,2026-07-09,24973,Esther León,3,record:efad6510704c963eb926bca0,ActBlue,provisional_record_group,False,Other,692,General Operational Expenses (need description),General operations,BOSTON,MA,88106
5717469,2026-07-09,2026-07-10,15109,Steve Novick,3,record:1bb2be352bf803425cd21309,C&E Systems,provisional_record_group,False,Business Entity,139500,Management Services,Management services,PORTLAND,OR,88123
5717727,2026-07-09,2026-07-10,23199,Olivia Clark,4,record:1bb2be352bf803425cd21309,C&E Systems,provisional_record_group,False,Business Entity,119500,Management Services,Management services,PORTLAND,OR,88125
5718513,2026-07-09,2026-07-13,23208,Tiffany Koyama Lane,3,record:505d17ab5768e40aca75c089,ActBlue,provisional_record_group,False,Business Entity,79,Fundraising Event Expenses,Fundraising event code,W SOMERVILLE,MA,88145
5718531,2026-07-09,2026-07-13,23365,Mitch Green,4,record:505d17ab5768e40aca75c089,ActBlue,provisional_record_group,False,Business Entity,178,Fundraising Event Expenses,Fundraising event code,W SOMERVILLE,MA,88146
5718540,2026-07-09,2026-07-13,23365,Mitch Green,4,record:047f6397562ce37a9ae50245,Hollywood Impress Printing,provisional_record_group,False,Business Entity,135900,General Operational Expenses (need description),General operations,PORTLAND,OR,88147
5718559,2026-07-09,2026-07-13,23411,Jeremy Beausoleil Smith,4,record:505d17ab5768e40aca75c089,ActBlue,provisional_record_group,False,Business Entity,198,Fundraising Event Expenses,Fundraising event code,W SOMERVILLE,MA,88148
5718613,2026-07-09,2026-07-13,23365,Mitch Green,4,disclosure:23365:f88fe8ea980a,Miscellaneous Cash Expenditures $100 and under,disclosure_category,True,Unspecified,8000,,Unspecified code,,,88149
5718662,2026-07-09,2026-07-13,25040,Jamey Evenstar,4,record:505d17ab5768e40aca75c089,ActBlue,provisional_record_group,False,Business Entity,258,Fundraising Event Expenses,Fundraising event code,W SOMERVILLE,MA,88150
5718663,2026-07-09,2026-07-13,23028,Angelita Morillo,3,record:505d17ab5768e40aca75c089,ActBlue,provisional_record_group,False,Business Entity,317,Fundraising Event Expenses,Fundraising event code,W SOMERVILLE,MA,88151
5718669,2026-07-09,2026-07-13,23028,Angelita Morillo,3,record:9c306964860014e2ecdc34b0,Community Labor Administrative Services,provisional_record_group,False,Business Entity,8000,General Operational Expenses (need description),General operations,BROOKLYN,NY,88152
5718672,2026-07-09,2026-07-13,23028,Angelita Morillo,3,record:5ebd55f432308bcdf47b4b87,Boba Gems LLC,provisional_record_group,False,Business Entity,23000,Fundraising Event Expenses,Fundraising event code,TIGARD,OR,88153
5721512,2026-07-09,2026-07-14,23208,Tiffany Koyama Lane,3,disclosure:23208:f88fe8ea980a,Miscellaneous Cash Expenditures $100 and under,disclosure_category,True,Unspecified,4250,,Unspecified code,,,88165
5727316,2026-07-09,2026-07-17,24661,Tom Sollitt,3,record:1bb2be352bf803425cd21309,C&E Systems,provisional_record_group,False,Business Entity,36589,Management Services,Management services,PORTLAND,OR,88221
5732496,2026-07-09,2026-07-20,24973,Esther León,3,record:efad6510704c963eb926bca0,ActBlue,provisional_record_group,False,Other,20,General Operational Expenses (need description),General operations,BOSTON,MA,88239
5747062,2026-07-09,2026-07-31,23295,Eli Arnold,4,record:1bb2be352bf803425cd21309,C&E Systems,provisional_record_group,False,Business Entity,119855,Management Services,Management services,PORTLAND,OR,88313
5747519,2026-07-09,2026-07-31,17629,Eric Zimmerman,4,record:1bb2be352bf803425cd21309,C&E Systems,provisional_record_group,False,Business Entity,99589,Management Services,Management services,PORTLAND,OR,88328
5755863,2026-07-09,2026-08-07,24615,John J Goldsmith,4,record:1bb2be352bf803425cd21309,C&E Systems,provisional_record_group,False,Business Entity,89,Management Services,Management services,PORTLAND,OR,88368
5760524,2026-07-09,2026-08-10,25040,Jamey Evenstar,4,record:711600dfcad5e8be276e4124,Charlie's Deli & Delivery,provisional_record_group,False,Business Entity,79180,Fundraising Event Expenses,Fundraising event code,PORTLAND,OR,88411
5718516,2026-07-10,2026-07-13,23208,Tiffany Koyama Lane,3,record:505d17ab5768e40aca75c089,ActBlue,provisional_record_group,False,Business Entity,239,Fundraising Event Expenses,Fundraising event code,W SOMERVILLE,MA,87949
5718539,2026-07-10,2026-07-13,23365,Mitch Green,4,record:505d17ab5768e40aca75c089,ActBlue,provisional_record_group,False,Business Entity,2438,Fundraising Event Expenses,Fundraising event code,W SOMERVILLE,MA,87950
5718564,2026-07-10,2026-07-13,23411,Jeremy Beausoleil Smith,4,record:505d17ab5768e40aca75c089,ActBlue,provisional_record_group,False,Business Entity,436,Fundraising Event Expenses,Fundraising event code,W SOMERVILLE,MA,87951
5718665,2026-07-10,2026-07-13,25040,Jamey Evenstar,4,record:505d17ab5768e40aca75c089,ActBlue,provisional_record_group,False,Business Entity,1029,Fundraising Event Expenses,Fundraising event code,W SOMERVILLE,MA,87953
5718683,2026-07-10,2026-07-13,23028,Angelita Morillo,3,record:505d17ab5768e40aca75c089,ActBlue,provisional_record_group,False,Business Entity,398,Fundraising Event Expenses,Fundraising event code,W SOMERVILLE,MA,87954
5721505,2026-07-10,2026-07-14,23208,Tiffany Koyama Lane,3,record:e7d45b57c6314500d8aa52a0,USPS,provisional_record_group,False,Business Entity,39000,General Operational Expenses (need description),General operations,WASHINGTON,DC,87964
5721513,2026-07-10,2026-07-14,23208,Tiffany Koyama Lane,3,disclosure:23208:f88fe8ea980a,Miscellaneous Cash Expenditures $100 and under,disclosure_category,True,Unspecified,5475,,Unspecified code,,,87965
5747235,2026-07-10,2026-07-31,23295,Eli Arnold,4,disclosure:23295:f88fe8ea980a,Miscellaneous Cash Expenditures $100 and under,disclosure_category,True,Unspecified,1399,,Unspecified code,,,88029
5718522,2026-07-11,2026-07-13,23208,Tiffany Koyama Lane,3,record:505d17ab5768e40aca75c089,ActBlue,provisional_record_group,False,Business Entity,67,Fundraising Event Expenses,Fundraising event code,W SOMERVILLE,MA,87839
5718570,2026-07-11,2026-07-13,23365,Mitch Green,4,record:505d17ab5768e40aca75c089,ActBlue,provisional_record_group,False,Business Entity,167,Fundraising Event Expenses,Fundraising event code,W SOMERVILLE,MA,87840
5718575,2026-07-11,2026-07-13,23411,Jeremy Beausoleil Smith,4,record:505d17ab5768e40aca75c089,ActBlue,provisional_record_group,False,Business Entity,198,Fundraising Event Expenses,Fundraising event code,W SOMERVILLE,MA,87841
5718690,2026-07-11,2026-07-13,25040,Jamey Evenstar,4,record:505d17ab5768e40aca75c089,ActBlue,provisional_record_group,False,Business Entity,219,Fundraising Event Expenses,Fundraising event code,W SOMERVILLE,MA,87843
5718700,2026-07-11,2026-07-13,23028,Angelita Morillo,3,record:505d17ab5768e40aca75c089,ActBlue,provisional_record_group,False,Business Entity,166,Fundraising Event Expenses,Fundraising event code,W SOMERVILLE,MA,87844
5774649,2026-07-11,2026-08-24,24966,Matthias Hallett,3,disclosure:24966:f88fe8ea980a,Miscellaneous Cash Expenditures $100 and under,disclosure_category,True,Unspecified,1500,,Unspecified code,,,87885
5718580,2026-07-12,2026-07-13,23411,Jeremy Beausoleil Smith,4,record:505d17ab5768e40aca75c089,ActBlue,provisional_record_group,False,Business Entity,119,Fundraising Event Expenses,Fundraising event code,W SOMERVILLE,MA,87762
5718640,2026-07-12,2026-07-13,23208,Tiffany Koyama Lane,3,record:505d17ab5768e40aca75c089,ActBlue,provisional_record_group,False,Business Entity,279,Fundraising Event Expenses,Fundraising event code,W SOMERVILLE,MA,87764
5718703,2026-07-12,2026-07-13,25040,Jamey Evenstar,4,record:505d17ab5768e40aca75c089,ActBlue,provisional_record_group,False,Business Entity,715,Fundraising Event Expenses,Fundraising event code,W SOMERVILLE,MA,87765
5718727,2026-07-12,2026-07-13,23028,Angelita Morillo,3,record:505d17ab5768e40aca75c089,ActBlue,provisional_record_group,False,Business Entity,378,Fundraising Event Expenses,Fundraising event code,W SOMERVILLE,MA,87766
5718734,2026-07-12,2026-07-13,23365,Mitch Green,4,record:505d17ab5768e40aca75c089,ActBlue,provisional_record_group,False,Business Entity,2122,Fundraising Event Expenses,Fundraising event code,W SOMERVILLE,MA,87767
5729318,2026-07-12,2026-07-20,23411,Jeremy Beausoleil Smith,4,record:56bf8d0520abdee92ffb2937,"Raise More, Inc.",provisional_record_group,False,Business Entity,25000,General Operational Expenses (need description),General operations,MIDDLETOWN,DE,87791
5732502,2026-07-12,2026-07-20,24973,Esther León,3,record:efad6510704c963eb926bca0,ActBlue,provisional_record_group,False,Other,1049,General Operational Expenses (need description),General operations,BOSTON,MA,87794
5739113,2026-07-12,2026-07-27,24897,Kellie Torres,3,record:39bffc6fb2e886cf220117d2,ActBlue Technical Services,provisional_record_group,False,Business Entity,1483,,Unspecified code,CAMBRIDGE,MA,87798
5760534,2026-07-12,2026-08-10,25040,Jamey Evenstar,4,disclosure:25040:f88fe8ea980a,Miscellaneous Cash Expenditures $100 and under,disclosure_category,True,Unspecified,2929,,Unspecified code,,,87810
5718746,2026-07-13,2026-07-13,23028,Angelita Morillo,3,record:7e51e0f58bbd0f7da96c5b08,Squarespace,provisional_record_group,False,Business Entity,27600,General Operational Expenses (need description),General operations,NEW YORK,NY,87532
5721491,2026-07-13,2026-07-14,23208,Tiffany Koyama Lane,3,record:505d17ab5768e40aca75c089,ActBlue,provisional_record_group,False,Business Entity,1463,Fundraising Event Expenses,Fundraising event code,W SOMERVILLE,MA,87544
5721517,2026-07-13,2026-07-14,25040,Jamey Evenstar,4,record:505d17ab5768e40aca75c089,ActBlue,provisional_record_group,False,Business Entity,40,Fundraising Event Expenses,Fundraising event code,W SOMERVILLE,MA,87545
5727317,2026-07-13,2026-07-17,24661,Tom Sollitt,3,record:1bb2be352bf803425cd21309,C&E Systems,provisional_record_group,False,Business Entity,54000,Management Services,Management services,PORTLAND,OR,87605
5727371,2026-07-13,2026-07-17,24661,Tom Sollitt,3,disclosure:24661:f88fe8ea980a,Miscellaneous Cash Expenditures $100 and under,disclosure_category,True,Unspecified,10956,,Unspecified code,,,87606
5728938,2026-07-13,2026-07-19,23028,Angelita Morillo,3,record:505d17ab5768e40aca75c089,ActBlue,provisional_record_group,False,Business Entity,99,Fundraising Event Expenses,Fundraising event code,W SOMERVILLE,MA,87620
5729216,2026-07-13,2026-07-20,23365,Mitch Green,4,record:505d17ab5768e40aca75c089,ActBlue,provisional_record_group,False,Business Entity,438,Fundraising Event Expenses,Fundraising event code,W SOMERVILLE,MA,87626
5729224,2026-07-13,2026-07-20,23208,Tiffany Koyama Lane,3,record:625938dea1994750c07ba36a,Fred Meyer,provisional_record_group,False,Business Entity,9596,General Operational Expenses (need description),General operations,PORTLAND,OR,87627
5739103,2026-07-13,2026-07-27,24897,Kellie Torres,3,record:16ac34121727e52e7b2bbdf4,Artist Proof Collective,provisional_record_group,False,Business Entity,121125,,Unspecified code,DENVER,CO,87660
5747066,2026-07-13,2026-07-31,23295,Eli Arnold,4,record:897ca0e9c4652ae0639ef42d,Mailchimp,provisional_record_group,False,Business Entity,6000,General Operational Expenses (need description),General operations,ATLANTA,GA,87678
5758222,2026-07-13,2026-08-09,24973,Esther León,3,record:83632212153d495ce7bc988b,OfficeMax,provisional_record_group,False,Business Entity,7000,"Other Advertising (yard signs, buttons, etc.)",Other advertising / signs,PORTLAND,OR,87702
5785615,2026-07-13,2026-08-31,23208,Tiffany Koyama Lane,3,record:7eac60650366721860f1e904,Portland City Elections,provisional_record_group,False,Other,25000,General Operational Expenses (need description),General operations,PORTLAND,OR,87734
5721510,2026-07-14,2026-07-14,23208,Tiffany Koyama Lane,3,record:1d13197007c784df721d7359,Canva,provisional_record_group,False,Business Entity,3000,General Operational Expenses (need description),General operations,SAN JOSE,CA,87328
5728936,2026-07-14,2026-07-19,23028,Angelita Morillo,3,record:505d17ab5768e40aca75c089,ActBlue,provisional_record_group,False,Business Entity,475,Fundraising Event Expenses,Fundraising event code,W SOMERVILLE,MA,87403
5729205,2026-07-14,2026-07-20,23208,Tiffany Koyama Lane,3,record:505d17ab5768e40aca75c089,ActBlue,provisional_record_group,False,Business Entity,756,Fundraising Event Expenses,Fundraising event code,W SOMERVILLE,MA,87404
5729228,2026-07-14,2026-07-20,23365,Mitch Green,4,record:505d17ab5768e40aca75c089,ActBlue,provisional_record_group,False,Business Entity,771,Fundraising Event Expenses,Fundraising event code,W SOMERVILLE,MA,87405
5729241,2026-07-14,2026-07-20,23365,Mitch Green,4,record:0e01a99832a7ebce6861c239,Framework Studio,provisional_record_group,False,Business Entity,72250,Preparation and Production of Advertising,Advertising production,PORTLAND,OR,87406
5729307,2026-07-14,2026-07-20,23411,Jeremy Beausoleil Smith,4,record:505d17ab5768e40aca75c089,ActBlue,provisional_record_group,False,Business Entity,20,Fundraising Event Expenses,Fundraising event code,W SOMERVILLE,MA,87407
5729319,2026-07-14,2026-07-20,23411,Jeremy Beausoleil Smith,4,record:6ff55e9d23eac3f7ff03a674,Justin Filtz,provisional_record_group,False,Individual,280000,Management Services,Management services,PORTLAND,OR,87408
5738923,2026-07-14,2026-07-27,23028,Angelita Morillo,3,record:bac9732d1bfaa7c853865440,Mailchimp,provisional_record_group,False,Business Entity,13500,General Operational Expenses (need description),General operations,ATLANTA,GA,87446
5760531,2026-07-14,2026-08-10,25040,Jamey Evenstar,4,record:9d3d12048eba28babe4cd1cf,Leo Boulan LLC,provisional_record_group,False,Other,20800,Fundraising Event Expenses,Fundraising event code,PORTLAND,OR,87476
5760535,2026-07-14,2026-08-10,25040,Jamey Evenstar,4,disclosure:25040:f88fe8ea980a,Miscellaneous Cash Expenditures $100 and under,disclosure_category,True,Unspecified,10662,,Unspecified code,,,87477
5763493,2026-07-14,2026-08-12,23208,Tiffany Koyama Lane,3,record:047f6397562ce37a9ae50245,Hollywood Impress Printing,provisional_record_group,False,Business Entity,117500,"Literature, Brochures, Printing",Literature and printing,PORTLAND,OR,87483
5727372,2026-07-15,2026-07-17,24661,Tom Sollitt,3,disclosure:24661:f88fe8ea980a,Miscellaneous Cash Expenditures $100 and under,disclosure_category,True,Unspecified,1583,,Unspecified code,,,87182
5728944,2026-07-15,2026-07-19,23028,Angelita Morillo,3,record:505d17ab5768e40aca75c089,ActBlue,provisional_record_group,False,Business Entity,369,Fundraising Event Expenses,Fundraising event code,W SOMERVILLE,MA,87196
5729001,2026-07-15,2026-07-19,25040,Jamey Evenstar,4,record:505d17ab5768e40aca75c089,ActBlue,provisional_record_group,False,Business Entity,20,Fundraising Event Expenses,Fundraising event code,W SOMERVILLE,MA,87197
5729220,2026-07-15,2026-07-20,23208,Tiffany Koyama Lane,3,record:505d17ab5768e40aca75c089,ActBlue,provisional_record_group,False,Business Entity,567,Fundraising Event Expenses,Fundraising event code,W SOMERVILLE,MA,87199
5729266,2026-07-15,2026-07-20,23365,Mitch Green,4,record:505d17ab5768e40aca75c089,ActBlue,provisional_record_group,False,Business Entity,310,Fundraising Event Expenses,Fundraising event code,W SOMERVILLE,MA,87200
5729309,2026-07-15,2026-07-20,23411,Jeremy Beausoleil Smith,4,record:505d17ab5768e40aca75c089,ActBlue,provisional_record_group,False,Business Entity,198,Fundraising Event Expenses,Fundraising event code,W SOMERVILLE,MA,87201
5747067,2026-07-15,2026-07-31,23295,Eli Arnold,4,record:074a4e0c468653262a4981d4,Portland Clean Air Fund,provisional_record_group,False,Other,500000,General Operational Expenses (need description),General operations,PORTLAND,OR,87264
5760319,2026-07-15,2026-08-10,25103,Jayne Cronlund,4,disclosure:25103:f88fe8ea980a,Miscellaneous Cash Expenditures $100 and under,disclosure_category,True,Unspecified,11522,,Unspecified code,,,87293
5760528,2026-07-15,2026-08-10,25040,Jamey Evenstar,4,record:05bd9efcbd3937d2a5b04585,Amazon,provisional_record_group,False,Business Entity,995,General Operational Expenses (need description),General operations,SEATTLE,WA,87295
5760530,2026-07-15,2026-08-10,25040,Jamey Evenstar,4,record:a7fbd819b9fc722c00a66639,City of Portland Elections Division,provisional_record_group,False,Other,25000,General Operational Expenses (need description),General operations,PORTLAND,OR,87296
5774651,2026-07-15,2026-08-24,24966,Matthias Hallett,3,disclosure:24966:f88fe8ea980a,Miscellaneous Cash Expenditures $100 and under,disclosure_category,True,Unspecified,3238,,Unspecified code,,,87324
5728951,2026-07-16,2026-07-19,23028,Angelita Morillo,3,record:505d17ab5768e40aca75c089,ActBlue,provisional_record_group,False,Business Entity,1675,Fundraising Event Expenses,Fundraising event code,W SOMERVILLE,MA,86981
5729003,2026-07-16,2026-07-19,25040,Jamey Evenstar,4,record:505d17ab5768e40aca75c089,ActBlue,provisional_record_group,False,Business Entity,8716,Fundraising Event Expenses,Fundraising event code,W SOMERVILLE,MA,86982
5729229,2026-07-16,2026-07-20,23208,Tiffany Koyama Lane,3,record:505d17ab5768e40aca75c089,ActBlue,provisional_record_group,False,Business Entity,535,Fundraising Event Expenses,Fundraising event code,W SOMERVILLE,MA,86983
5729237,2026-07-16,2026-07-20,23208,Tiffany Koyama Lane,3,record:6403fa1044e000273aa5169d,Mailchimp,provisional_record_group,False,Business Entity,23000,General Operational Expenses (need description),General operations,ATLANTA,GA,86984
5729278,2026-07-16,2026-07-20,23365,Mitch Green,4,record:505d17ab5768e40aca75c089,ActBlue,provisional_record_group,False,Business Entity,377,Fundraising Event Expenses,Fundraising event code,W SOMERVILLE,MA,86985
5729311,2026-07-16,2026-07-20,23411,Jeremy Beausoleil Smith,4,record:505d17ab5768e40aca75c089,ActBlue,provisional_record_group,False,Business Entity,119,Fundraising Event Expenses,Fundraising event code,W SOMERVILLE,MA,86986
5739107,2026-07-16,2026-07-27,24897,Kellie Torres,3,committee:353,Democratic Party of Oregon (353),authoritative_committee_id,False,Political Party Committee,100000,,Unspecified code,PORTLAND,OR,87024
5758944,2026-07-16,2026-08-10,25103,Jayne Cronlund,4,record:cecb6f624fc372953ef2777b,Lorraine Ortiz,provisional_record_group,False,Individual,15000,General Operational Expenses (need description),General operations,NEHALEM,OR,87091
5728961,2026-07-17,2026-07-19,23028,Angelita Morillo,3,record:505d17ab5768e40aca75c089,ActBlue,provisional_record_group,False,Business Entity,1650,Fundraising Event Expenses,Fundraising event code,W SOMERVILLE,MA,86795
5729032,2026-07-17,2026-07-19,25040,Jamey Evenstar,4,record:505d17ab5768e40aca75c089,ActBlue,provisional_record_group,False,Business Entity,1225,Fundraising Event Expenses,Fundraising event code,W SOMERVILLE,MA,86796
5729246,2026-07-17,2026-07-20,23208,Tiffany Koyama Lane,3,record:505d17ab5768e40aca75c089,ActBlue,provisional_record_group,False,Business Entity,178,Fundraising Event Expenses,Fundraising event code,W SOMERVILLE,MA,86799
5729282,2026-07-17,2026-07-20,23365,Mitch Green,4,record:505d17ab5768e40aca75c089,ActBlue,provisional_record_group,False,Business Entity,357,Fundraising Event Expenses,Fundraising event code,W SOMERVILLE,MA,86800
5729323,2026-07-17,2026-07-20,23411,Jeremy Beausoleil Smith,4,record:505d17ab5768e40aca75c089,ActBlue,provisional_record_group,False,Business Entity,99,Fundraising Event Expenses,Fundraising event code,W SOMERVILLE,MA,86801
5732239,2026-07-17,2026-07-20,15109,Steve Novick,3,record:428b0fcd0ef60ebaed796da1,Worldpay- C&E Merchant Services,provisional_record_group,False,Business Entity,18256,General Operational Expenses (need description),General operations,PORTLAND,OR,86806
5732500,2026-07-17,2026-07-20,24973,Esther León,3,record:e9a4abb9333e04e0ccb39b02,USPS,provisional_record_group,False,Other,11100,Utilities,Utilities,PORTLAND,OR,86810
5732503,2026-07-17,2026-07-20,24973,Esther León,3,disclosure:24973:f88fe8ea980a,Miscellaneous Cash Expenditures $100 and under,disclosure_category,True,Unspecified,5000,,Unspecified code,,,86811
5734756,2026-07-17,2026-07-22,24661,Tom Sollitt,3,record:2cd8c10418b11307ab7e4d53,Portland City Auditor's Office,provisional_record_group,False,Other,25000,General Operational Expenses (need description),General operations,PORTLAND,OR,86819
5739104,2026-07-17,2026-07-27,24897,Kellie Torres,3,record:bc27ed0a95732a264f35f6ca,City Wins LLC,provisional_record_group,False,Business Entity,225000,,Unspecified code,PORTLAND,OR,86857
5739106,2026-07-17,2026-07-27,24897,Kellie Torres,3,committee:353,Democratic Party of Oregon (353),authoritative_committee_id,False,Political Party Committee,15000,,Unspecified code,PORTLAND,OR,86858
5747068,2026-07-17,2026-07-31,23295,Eli Arnold,4,record:428b0fcd0ef60ebaed796da1,Worldpay- C&E Merchant Services,provisional_record_group,False,Business Entity,14658,General Operational Expenses (need description),General operations,PORTLAND,OR,86881
5747521,2026-07-17,2026-07-31,17629,Eric Zimmerman,4,record:428b0fcd0ef60ebaed796da1,Worldpay- C&E Merchant Services,provisional_record_group,False,Business Entity,2275,General Operational Expenses (need description),General operations,PORTLAND,OR,86888
5759582,2026-07-17,2026-08-10,23199,Olivia Clark,4,record:428b0fcd0ef60ebaed796da1,Worldpay- C&E Merchant Services,provisional_record_group,False,Business Entity,3433,General Operational Expenses (need description),General operations,PORTLAND,OR,86919
5760323,2026-07-17,2026-08-10,25103,Jayne Cronlund,4,disclosure:25103:f88fe8ea980a,Miscellaneous Cash Expenditures $100 and under,disclosure_category,True,Unspecified,2240,,Unspecified code,,,86923
5728978,2026-07-18,2026-07-19,23028,Angelita Morillo,3,record:505d17ab5768e40aca75c089,ActBlue,provisional_record_group,False,Business Entity,1794,Fundraising Event Expenses,Fundraising event code,W SOMERVILLE,MA,86734
5729042,2026-07-18,2026-07-19,25040,Jamey Evenstar,4,record:505d17ab5768e40aca75c089,ActBlue,provisional_record_group,False,Business Entity,81,Fundraising Event Expenses,Fundraising event code,W SOMERVILLE,MA,86736
5729255,2026-07-18,2026-07-20,23208,Tiffany Koyama Lane,3,record:505d17ab5768e40aca75c089,ActBlue,provisional_record_group,False,Business Entity,667,Fundraising Event Expenses,Fundraising event code,W SOMERVILLE,MA,86737
5729290,2026-07-18,2026-07-20,23365,Mitch Green,4,record:505d17ab5768e40aca75c089,ActBlue,provisional_record_group,False,Business Entity,2030,Fundraising Event Expenses,Fundraising event code,W SOMERVILLE,MA,86738
5729325,2026-07-18,2026-07-20,23411,Jeremy Beausoleil Smith,4,record:505d17ab5768e40aca75c089,ActBlue,provisional_record_group,False,Business Entity,973,Fundraising Event Expenses,Fundraising event code,W SOMERVILLE,MA,86739
5732501,2026-07-18,2026-07-20,24973,Esther León,3,record:a61a3c9f58a5a1617aa8e73d,City of Portland,provisional_record_group,False,Other,25000,Utilities,Utilities,PORTLAND,OR,86742
5729267,2026-07-19,2026-07-20,23208,Tiffany Koyama Lane,3,record:505d17ab5768e40aca75c089,ActBlue,provisional_record_group,False,Business Entity,100,Fundraising Event Expenses,Fundraising event code,W SOMERVILLE,MA,86645
5729300,2026-07-19,2026-07-20,23365,Mitch Green,4,record:505d17ab5768e40aca75c089,ActBlue,provisional_record_group,False,Business Entity,179,Fundraising Event Expenses,Fundraising event code,W SOMERVILLE,MA,86646
5729339,2026-07-19,2026-07-20,23411,Jeremy Beausoleil Smith,4,record:505d17ab5768e40aca75c089,ActBlue,provisional_record_group,False,Business Entity,60,Fundraising Event Expenses,Fundraising event code,W SOMERVILLE,MA,86647
5729373,2026-07-19,2026-07-20,23028,Angelita Morillo,3,record:505d17ab5768e40aca75c089,ActBlue,provisional_record_group,False,Business Entity,556,Fundraising Event Expenses,Fundraising event code,W SOMERVILLE,MA,86648
5729380,2026-07-19,2026-07-20,25040,Jamey Evenstar,4,record:505d17ab5768e40aca75c089,ActBlue,provisional_record_group,False,Business Entity,258,Fundraising Event Expenses,Fundraising event code,W SOMERVILLE,MA,86650
5738572,2026-07-19,2026-07-27,24972,Joel Corcoran,3,record:b8c9eddcca28f6a832ccbbbf,ActBlue Technical Services,provisional_record_group,False,Business Entity,1502,,Unspecified code,CAMBRIDGE,MA,86676
5739114,2026-07-19,2026-07-27,24897,Kellie Torres,3,record:39bffc6fb2e886cf220117d2,ActBlue Technical Services,provisional_record_group,False,Business Entity,416,,Unspecified code,CAMBRIDGE,MA,86681
5759334,2026-07-19,2026-08-10,24973,Esther León,3,record:efad6510704c963eb926bca0,ActBlue,provisional_record_group,False,Other,2384,General Operational Expenses (need description),General operations,BOSTON,MA,86699
5729384,2026-07-20,2026-07-20,25040,Jamey Evenstar,4,disclosure:25040:f88fe8ea980a,Miscellaneous Cash Expenditures $100 and under,disclosure_category,True,Unspecified,3298,,Unspecified code,,,86449
5731989,2026-07-20,2026-07-20,24661,Tom Sollitt,3,record:c1a2b60c83ebbd9d8951b97a,ActBlue Technical Services,provisional_record_group,False,Business Entity,6665,General Operational Expenses (need description),General operations,CAMBRIDGE,MA,86463
5737991,2026-07-20,2026-07-27,23411,Jeremy Beausoleil Smith,4,record:505d17ab5768e40aca75c089,ActBlue,provisional_record_group,False,Business Entity,218,Fundraising Event Expenses,Fundraising event code,W SOMERVILLE,MA,86519
5738018,2026-07-20,2026-07-27,23365,Mitch Green,4,record:505d17ab5768e40aca75c089,ActBlue,provisional_record_group,False,Business Entity,873,Fundraising Event Expenses,Fundraising event code,W SOMERVILLE,MA,86520
5738019,2026-07-20,2026-07-27,23208,Tiffany Koyama Lane,3,record:505d17ab5768e40aca75c089,ActBlue,provisional_record_group,False,Business Entity,1089,Fundraising Event Expenses,Fundraising event code,W SOMERVILLE,MA,86521
5738297,2026-07-20,2026-07-27,23028,Angelita Morillo,3,record:505d17ab5768e40aca75c089,ActBlue,provisional_record_group,False,Business Entity,40,Fundraising Event Expenses,Fundraising event code,W SOMERVILLE,MA,86523
5760801,2026-07-20,2026-08-11,23411,Jeremy Beausoleil Smith,4,record:110708603cce21b99f9fb92e,Portland Clean Air,provisional_record_group,False,Other,500000,General Operational Expenses (need description),General operations,PORTLAND,OR,86601
5763495,2026-07-20,2026-08-12,23208,Tiffany Koyama Lane,3,record:fb5a29e820311b11c75b1257,Community Labor Administrative Services,provisional_record_group,False,Business Entity,8000,General Operational Expenses (need description),General operations,BROOKLYN,NY,86608
5768898,2026-07-20,2026-08-19,25040,Jamey Evenstar,4,record:ac445c010f54cc8eae525904,Copyman,provisional_record_group,False,Business Entity,7860,General Operational Expenses (need description),General operations,PORTLAND,OR,86618
5768902,2026-07-20,2026-08-19,25040,Jamey Evenstar,4,record:05bd9efcbd3937d2a5b04585,Amazon,provisional_record_group,False,Business Entity,8524,General Operational Expenses (need description),General operations,SEATTLE,WA,86619
5768905,2026-07-20,2026-08-19,25040,Jamey Evenstar,4,record:d628142cf8d5ba6beb76c77c,Cafe United,provisional_record_group,False,Business Entity,10170,Fundraising Event Expenses,Fundraising event code,PORTLAND,OR,86620
5768931,2026-07-20,2026-08-19,23365,Mitch Green,4,record:3c37d978f79677f4a6c49cde,Infused LLC,provisional_record_group,False,Business Entity,120000,General Operational Expenses (need description),General operations,LAKE OSWEGO,OR,86624
5768936,2026-07-20,2026-08-19,23365,Mitch Green,4,record:05bd9efcbd3937d2a5b04585,Amazon,provisional_record_group,False,Business Entity,6597,Fundraising Event Expenses,Fundraising event code,SEATTLE,WA,86625
5768937,2026-07-20,2026-08-19,23365,Mitch Green,4,record:4f903e8bb674435fe9adcdff,Rose City Party Rentals,provisional_record_group,False,Business Entity,23288,Fundraising Event Expenses,Fundraising event code,PORTLAND,OR,86626
5768992,2026-07-20,2026-08-19,23365,Mitch Green,4,disclosure:23365:f88fe8ea980a,Miscellaneous Cash Expenditures $100 and under,disclosure_category,True,Unspecified,5700,,Unspecified code,,,86630
5737995,2026-07-21,2026-07-27,23411,Jeremy Beausoleil Smith,4,record:505d17ab5768e40aca75c089,ActBlue,provisional_record_group,False,Business Entity,494,Fundraising Event Expenses,Fundraising event code,W SOMERVILLE,MA,86311
5738031,2026-07-21,2026-07-27,23208,Tiffany Koyama Lane,3,record:505d17ab5768e40aca75c089,ActBlue,provisional_record_group,False,Business Entity,84,Fundraising Event Expenses,Fundraising event code,W SOMERVILLE,MA,86312
5738041,2026-07-21,2026-07-27,23208,Tiffany Koyama Lane,3,record:1c14a5741680e078dbe8cf51,Morel Ink,provisional_record_group,False,Business Entity,148000,"Other Advertising (yard signs, buttons, etc.)",Other advertising / signs,PORTLAND,OR,86313
5738046,2026-07-21,2026-07-27,23365,Mitch Green,4,record:505d17ab5768e40aca75c089,ActBlue,provisional_record_group,False,Business Entity,382,Fundraising Event Expenses,Fundraising event code,W SOMERVILLE,MA,86314
5738051,2026-07-21,2026-07-27,23365,Mitch Green,4,record:bdd39b4bfd9d42480aef5ebd,Luna y Sol LLC,provisional_record_group,False,Business Entity,130448,Fundraising Event Expenses,Fundraising event code,SALEM,OR,86315
5738240,2026-07-21,2026-07-27,25040,Jamey Evenstar,4,record:505d17ab5768e40aca75c089,ActBlue,provisional_record_group,False,Business Entity,40,Fundraising Event Expenses,Fundraising event code,W SOMERVILLE,MA,86316
5738301,2026-07-21,2026-07-27,23028,Angelita Morillo,3,record:505d17ab5768e40aca75c089,ActBlue,provisional_record_group,False,Business Entity,534,Fundraising Event Expenses,Fundraising event code,W SOMERVILLE,MA,86319
5747069,2026-07-21,2026-07-31,23295,Eli Arnold,4,record:bb5ba72e54089a637811a07a,"Purple State Strategies, Inc.",provisional_record_group,False,Business Entity,305846,Online and Social Media Advertising; Management Services,Multiple reported codes,VANCOUVER,WA,86345
5760027,2026-07-21,2026-08-10,15109,Steve Novick,3,record:27ff7b34abf52689b113eefa,Steven Novick,provisional_record_group,False,Individual,25000,Reimbursement for Personal Expenditures,Personal-expense reimbursement,PORTLAND,OR,86387
5768908,2026-07-21,2026-08-19,25040,Jamey Evenstar,4,record:ac445c010f54cc8eae525904,Copyman,provisional_record_group,False,Business Entity,1608,General Operational Expenses (need description),General operations,PORTLAND,OR,86427
5768913,2026-07-21,2026-08-19,25040,Jamey Evenstar,4,record:6695b9018a1cdc8577608ec6,Democratic Party of Oregon - Federal PAC,provisional_record_group,False,Unregistered Committee,104000,General Operational Expenses (need description),General operations,PORTLAND,OR,86428
5768978,2026-07-21,2026-08-19,25040,Jamey Evenstar,4,disclosure:25040:f88fe8ea980a,Miscellaneous Cash Expenditures $100 and under,disclosure_category,True,Unspecified,1749,,Unspecified code,,,86429
5768994,2026-07-21,2026-08-19,23365,Mitch Green,4,disclosure:23365:f88fe8ea980a,Miscellaneous Cash Expenditures $100 and under,disclosure_category,True,Unspecified,8518,,Unspecified code,,,86430
5774653,2026-07-21,2026-08-24,24966,Matthias Hallett,3,disclosure:24966:f88fe8ea980a,Miscellaneous Cash Expenditures $100 and under,disclosure_category,True,Unspecified,135,,Unspecified code,,,86441
5737998,2026-07-22,2026-07-27,23411,Jeremy Beausoleil Smith,4,record:505d17ab5768e40aca75c089,ActBlue,provisional_record_group,False,Business Entity,199,Fundraising Event Expenses,Fundraising event code,W SOMERVILLE,MA,86058
5738049,2026-07-22,2026-07-27,23208,Tiffany Koyama Lane,3,record:505d17ab5768e40aca75c089,ActBlue,provisional_record_group,False,Business Entity,514,Fundraising Event Expenses,Fundraising event code,W SOMERVILLE,MA,86059
5738071,2026-07-22,2026-07-27,23365,Mitch Green,4,record:505d17ab5768e40aca75c089,ActBlue,provisional_record_group,False,Business Entity,370,Fundraising Event Expenses,Fundraising event code,W SOMERVILLE,MA,86060
5738242,2026-07-22,2026-07-27,25040,Jamey Evenstar,4,record:505d17ab5768e40aca75c089,ActBlue,provisional_record_group,False,Business Entity,2433,Fundraising Event Expenses,Fundraising event code,W SOMERVILLE,MA,86062
5738308,2026-07-22,2026-07-27,23028,Angelita Morillo,3,record:505d17ab5768e40aca75c089,ActBlue,provisional_record_group,False,Business Entity,179,Fundraising Event Expenses,Fundraising event code,W SOMERVILLE,MA,86064
5738927,2026-07-22,2026-07-27,23028,Angelita Morillo,3,record:96aae00ab50e038a602a5a88,Canva,provisional_record_group,False,Business Entity,30000,General Operational Expenses (need description),General operations,SURREY HILLS NSW,,86074
5758223,2026-07-22,2026-08-09,24973,Esther León,3,record:83632212153d495ce7bc988b,OfficeMax,provisional_record_group,False,Business Entity,1820,"Other Advertising (yard signs, buttons, etc.)",Other advertising / signs,PORTLAND,OR,86127
5763496,2026-07-22,2026-08-12,23208,Tiffany Koyama Lane,3,record:d6d0edb21ed9ce9f86ff1e82,Lyft,provisional_record_group,False,Business Entity,1433,Travel Expenses (need description),Travel,SAN FRANCISCO,CA,86140
5768915,2026-07-22,2026-08-19,25040,Jamey Evenstar,4,record:ac445c010f54cc8eae525904,Copyman,provisional_record_group,False,Business Entity,9890,General Operational Expenses (need description),General operations,PORTLAND,OR,86155
5774654,2026-07-22,2026-08-24,24966,Matthias Hallett,3,disclosure:24966:f88fe8ea980a,Miscellaneous Cash Expenditures $100 and under,disclosure_category,True,Unspecified,550,,Unspecified code,,,86168
5738003,2026-07-23,2026-07-27,23411,Jeremy Beausoleil Smith,4,record:505d17ab5768e40aca75c089,ActBlue,provisional_record_group,False,Business Entity,337,Fundraising Event Expenses,Fundraising event code,W SOMERVILLE,MA,85889
5738005,2026-07-23,2026-07-27,23411,Jeremy Beausoleil Smith,4,record:b5e0da70e02731f56601a3d5,Hallie Frost,provisional_record_group,False,Individual,55000,General Operational Expenses (need description),General operations,PORTLAND,OR,85890
5738057,2026-07-23,2026-07-27,23208,Tiffany Koyama Lane,3,record:505d17ab5768e40aca75c089,ActBlue,provisional_record_group,False,Business Entity,20,Fundraising Event Expenses,Fundraising event code,W SOMERVILLE,MA,85891
5738078,2026-07-23,2026-07-27,23365,Mitch Green,4,record:505d17ab5768e40aca75c089,ActBlue,provisional_record_group,False,Business Entity,814,Fundraising Event Expenses,Fundraising event code,W SOMERVILLE,MA,85892
5738255,2026-07-23,2026-07-27,25040,Jamey Evenstar,4,record:505d17ab5768e40aca75c089,ActBlue,provisional_record_group,False,Business Entity,990,Fundraising Event Expenses,Fundraising event code,W SOMERVILLE,MA,85894
5738312,2026-07-23,2026-07-27,23028,Angelita Morillo,3,record:505d17ab5768e40aca75c089,ActBlue,provisional_record_group,False,Business Entity,60,Fundraising Event Expenses,Fundraising event code,W SOMERVILLE,MA,85896
5739121,2026-07-23,2026-07-27,24897,Kellie Torres,3,disclosure:24897:f88fe8ea980a,Miscellaneous Cash Expenditures $100 and under,disclosure_category,True,Unspecified,5684,,Unspecified code,,,85906
5763534,2026-07-23,2026-08-12,23208,Tiffany Koyama Lane,3,disclosure:23208:f88fe8ea980a,Miscellaneous Cash Expenditures $100 and under,disclosure_category,True,Unspecified,5000,,Unspecified code,,,85972
5774656,2026-07-23,2026-08-24,24966,Matthias Hallett,3,disclosure:24966:f88fe8ea980a,Miscellaneous Cash Expenditures $100 and under,disclosure_category,True,Unspecified,208,,Unspecified code,,,85991
5738010,2026-07-24,2026-07-27,23411,Jeremy Beausoleil Smith,4,record:505d17ab5768e40aca75c089,ActBlue,provisional_record_group,False,Business Entity,198,Fundraising Event Expenses,Fundraising event code,W SOMERVILLE,MA,85695
5738060,2026-07-24,2026-07-27,23208,Tiffany Koyama Lane,3,record:505d17ab5768e40aca75c089,ActBlue,provisional_record_group,False,Business Entity,653,Fundraising Event Expenses,Fundraising event code,W SOMERVILLE,MA,85696
5738087,2026-07-24,2026-07-27,23365,Mitch Green,4,record:505d17ab5768e40aca75c089,ActBlue,provisional_record_group,False,Business Entity,24032,Fundraising Event Expenses,Fundraising event code,W SOMERVILLE,MA,85697
5738101,2026-07-24,2026-07-27,23365,Mitch Green,4,record:dffc3a8e445304a38e8defaa,Roger Peet,provisional_record_group,False,Individual,25000,Fundraising Event Expenses,Fundraising event code,PORTLAND,OR,85698
5738264,2026-07-24,2026-07-27,25040,Jamey Evenstar,4,record:505d17ab5768e40aca75c089,ActBlue,provisional_record_group,False,Business Entity,199,Fundraising Event Expenses,Fundraising event code,W SOMERVILLE,MA,85700
5738314,2026-07-24,2026-07-27,23028,Angelita Morillo,3,record:505d17ab5768e40aca75c089,ActBlue,provisional_record_group,False,Business Entity,714,Fundraising Event Expenses,Fundraising event code,W SOMERVILLE,MA,85702
5744749,2026-07-24,2026-07-29,24897,Kellie Torres,3,record:29d9bda096dc871c15b65fcb,Mackenzie Gray,provisional_record_group,False,Individual,84000,,Unspecified code,PORTLAND,OR,85724
5763499,2026-07-24,2026-08-12,23208,Tiffany Koyama Lane,3,record:d6d0edb21ed9ce9f86ff1e82,Lyft,provisional_record_group,False,Business Entity,2036,Travel Expenses (need description),Travel,SAN FRANCISCO,CA,85806
5768995,2026-07-24,2026-08-19,23365,Mitch Green,4,disclosure:23365:f88fe8ea980a,Miscellaneous Cash Expenditures $100 and under,disclosure_category,True,Unspecified,4841,,Unspecified code,,,85819
5804112,2026-07-24,2026-09-10,24979,Cristal Otero,3,disclosure:24979:f88fe8ea980a,Miscellaneous Cash Expenditures $100 and under,disclosure_category,True,Unspecified,650,,Unspecified code,,,85839
5738013,2026-07-25,2026-07-27,23411,Jeremy Beausoleil Smith,4,record:505d17ab5768e40aca75c089,ActBlue,provisional_record_group,False,Business Entity,99,Fundraising Event Expenses,Fundraising event code,W SOMERVILLE,MA,85601
5738073,2026-07-25,2026-07-27,23208,Tiffany Koyama Lane,3,record:505d17ab5768e40aca75c089,ActBlue,provisional_record_group,False,Business Entity,139,Fundraising Event Expenses,Fundraising event code,W SOMERVILLE,MA,85602
5738145,2026-07-25,2026-07-27,23365,Mitch Green,4,record:505d17ab5768e40aca75c089,ActBlue,provisional_record_group,False,Business Entity,2301,Fundraising Event Expenses,Fundraising event code,W SOMERVILLE,MA,85603
5738272,2026-07-25,2026-07-27,25040,Jamey Evenstar,4,record:505d17ab5768e40aca75c089,ActBlue,provisional_record_group,False,Business Entity,238,Fundraising Event Expenses,Fundraising event code,W SOMERVILLE,MA,85607
5738325,2026-07-25,2026-07-27,23028,Angelita Morillo,3,record:505d17ab5768e40aca75c089,ActBlue,provisional_record_group,False,Business Entity,435,Fundraising Event Expenses,Fundraising event code,W SOMERVILLE,MA,85608
5738575,2026-07-25,2026-07-27,24972,Joel Corcoran,3,record:9802fc60ff5b80746b85ca19,City of Portland,provisional_record_group,False,Business Entity,25000,,Unspecified code,PORTLAND,OR,85613
5768942,2026-07-25,2026-08-19,23365,Mitch Green,4,record:1559636a39cabb8b2df7d33d,"PhoneBurner, Inc",provisional_record_group,False,Business Entity,19500,General Operational Expenses (need description),General operations,LAGUNA BEACH,CA,85654
5768943,2026-07-25,2026-08-19,23365,Mitch Green,4,record:9957388aff7d81b775c25bf1,Interstate Special Events,provisional_record_group,False,Business Entity,6215,Fundraising Event Expenses,Fundraising event code,PORTLAND,OR,85655
5768944,2026-07-25,2026-08-19,23365,Mitch Green,4,record:9957388aff7d81b775c25bf1,Interstate Special Events,provisional_record_group,False,Business Entity,24944,Fundraising Event Expenses,Fundraising event code,PORTLAND,OR,85656
5768946,2026-07-25,2026-08-19,23365,Mitch Green,4,record:0b72c70b19be5ab2fdd78701,Besties LLC,provisional_record_group,False,Business Entity,300000,Fundraising Event Expenses,Fundraising event code,HILLSBORO,OR,85657
5768947,2026-07-25,2026-08-19,23365,Mitch Green,4,record:4f903e8bb674435fe9adcdff,Rose City Party Rentals,provisional_record_group,False,Business Entity,111398,Fundraising Event Expenses,Fundraising event code,PORTLAND,OR,85658
5768996,2026-07-25,2026-08-19,23365,Mitch Green,4,disclosure:23365:f88fe8ea980a,Miscellaneous Cash Expenditures $100 and under,disclosure_category,True,Unspecified,9162,,Unspecified code,,,85659
5774658,2026-07-25,2026-08-24,24966,Matthias Hallett,3,disclosure:24966:f88fe8ea980a,Miscellaneous Cash Expenditures $100 and under,disclosure_category,True,Unspecified,135,,Unspecified code,,,85665
5804114,2026-07-25,2026-09-10,24979,Cristal Otero,3,disclosure:24979:f88fe8ea980a,Miscellaneous Cash Expenditures $100 and under,disclosure_category,True,Unspecified,270,,Unspecified code,,,85671
5738016,2026-07-26,2026-07-27,23411,Jeremy Beausoleil Smith,4,record:505d17ab5768e40aca75c089,ActBlue,provisional_record_group,False,Business Entity,139,Fundraising Event Expenses,Fundraising event code,W SOMERVILLE,MA,85535
5738079,2026-07-26,2026-07-27,23208,Tiffany Koyama Lane,3,record:505d17ab5768e40aca75c089,ActBlue,provisional_record_group,False,Business Entity,988,Fundraising Event Expenses,Fundraising event code,W SOMERVILLE,MA,85536
5738169,2026-07-26,2026-07-27,23365,Mitch Green,4,record:505d17ab5768e40aca75c089,ActBlue,provisional_record_group,False,Business Entity,6543,Fundraising Event Expenses,Fundraising event code,W SOMERVILLE,MA,85537
5738276,2026-07-26,2026-07-27,25040,Jamey Evenstar,4,record:505d17ab5768e40aca75c089,ActBlue,provisional_record_group,False,Business Entity,714,Fundraising Event Expenses,Fundraising event code,W SOMERVILLE,MA,85542
5738328,2026-07-26,2026-07-27,23028,Angelita Morillo,3,record:505d17ab5768e40aca75c089,ActBlue,provisional_record_group,False,Business Entity,1820,Fundraising Event Expenses,Fundraising event code,W SOMERVILLE,MA,85543
5738573,2026-07-26,2026-07-27,24972,Joel Corcoran,3,record:b8c9eddcca28f6a832ccbbbf,ActBlue Technical Services,provisional_record_group,False,Business Entity,139,,Unspecified code,CAMBRIDGE,MA,85551
5739115,2026-07-26,2026-07-27,24897,Kellie Torres,3,record:39bffc6fb2e886cf220117d2,ActBlue Technical Services,provisional_record_group,False,Business Entity,7387,,Unspecified code,CAMBRIDGE,MA,85556
5743850,2026-07-26,2026-08-24,24966,Matthias Hallett,3,record:e5521dd3456a326caeb36e9b,City of Portland ,provisional_record_group,False,Other,25000,General Operational Expenses (need description),General operations,PORTLAND,OR,85559
5759332,2026-07-26,2026-08-10,24973,Esther León,3,record:efad6510704c963eb926bca0,ActBlue,provisional_record_group,False,Other,5490,General Operational Expenses (need description),General operations,BOSTON,MA,85577
5804116,2026-07-26,2026-09-10,24979,Cristal Otero,3,disclosure:24979:f88fe8ea980a,Miscellaneous Cash Expenditures $100 and under,disclosure_category,True,Unspecified,1760,,Unspecified code,,,85593
5739123,2026-07-27,2026-07-27,24897,Kellie Torres,3,disclosure:24897:f88fe8ea980a,Miscellaneous Cash Expenditures $100 and under,disclosure_category,True,Unspecified,11500,,Unspecified code,,,85382
5745222,2026-07-27,2026-07-30,23365,Mitch Green,4,record:505d17ab5768e40aca75c089,ActBlue,provisional_record_group,False,Business Entity,396,Fundraising Event Expenses,Fundraising event code,W SOMERVILLE,MA,85403
5746621,2026-07-27,2026-07-30,23028,Angelita Morillo,3,record:505d17ab5768e40aca75c089,ActBlue,provisional_record_group,False,Business Entity,476,Fundraising Event Expenses,Fundraising event code,W SOMERVILLE,MA,85406
5746672,2026-07-27,2026-07-30,23411,Jeremy Beausoleil Smith,4,record:505d17ab5768e40aca75c089,ActBlue,provisional_record_group,False,Business Entity,199,Fundraising Event Expenses,Fundraising event code,W SOMERVILLE,MA,85407
5746691,2026-07-27,2026-07-30,23208,Tiffany Koyama Lane,3,record:505d17ab5768e40aca75c089,ActBlue,provisional_record_group,False,Business Entity,673,Fundraising Event Expenses,Fundraising event code,W SOMERVILLE,MA,85408
5754125,2026-07-27,2026-08-05,24897,Kellie Torres,3,record:6a76e545ca9188c60ceb8d21,Woodstock hardware,provisional_record_group,False,Business Entity,13999,,Unspecified code,PORTLAND,OR,85443
5759583,2026-07-27,2026-08-10,23199,Olivia Clark,4,record:1d11cd44a94fc6e45a1d7655,Rebecca Stavenjord,provisional_record_group,False,Individual,500000,Management Services,Management services,MILWAUKIE,OR,85462
5760028,2026-07-27,2026-08-10,15109,Steve Novick,3,record:a87bba81b2bfcdffb48b900a,Hunch Theory,provisional_record_group,False,Business Entity,15000,General Operational Expenses (need description),General operations,PORTLAND,OR,85463
5774660,2026-07-27,2026-08-24,24966,Matthias Hallett,3,disclosure:24966:f88fe8ea980a,Miscellaneous Cash Expenditures $100 and under,disclosure_category,True,Unspecified,130,,Unspecified code,,,85501
5775539,2026-07-27,2026-08-25,23028,Angelita Morillo,3,disclosure:23028:f88fe8ea980a,Miscellaneous Cash Expenditures $100 and under,disclosure_category,True,Unspecified,5867,,Unspecified code,,,85503
5775631,2026-07-27,2026-08-25,23411,Jeremy Beausoleil Smith,4,record:45f8b61bb8f6b8bc391fa17f,NighOwl Custom Apparel,provisional_record_group,False,Business Entity,14500,General Operational Expenses (need description),General operations,PORTLAND,OR,85505
5804118,2026-07-27,2026-09-10,24979,Cristal Otero,3,disclosure:24979:f88fe8ea980a,Miscellaneous Cash Expenditures $100 and under,disclosure_category,True,Unspecified,1810,,Unspecified code,,,85527
5745225,2026-07-28,2026-07-30,23365,Mitch Green,4,record:505d17ab5768e40aca75c089,ActBlue,provisional_record_group,False,Business Entity,889,Fundraising Event Expenses,Fundraising event code,W SOMERVILLE,MA,85231
5746626,2026-07-28,2026-07-30,23028,Angelita Morillo,3,record:505d17ab5768e40aca75c089,ActBlue,provisional_record_group,False,Business Entity,1207,Fundraising Event Expenses,Fundraising event code,W SOMERVILLE,MA,85233
5746677,2026-07-28,2026-07-30,23411,Jeremy Beausoleil Smith,4,record:505d17ab5768e40aca75c089,ActBlue,provisional_record_group,False,Business Entity,357,Fundraising Event Expenses,Fundraising event code,W SOMERVILLE,MA,85234
5746698,2026-07-28,2026-07-30,23208,Tiffany Koyama Lane,3,record:505d17ab5768e40aca75c089,ActBlue,provisional_record_group,False,Business Entity,2807,Fundraising Event Expenses,Fundraising event code,W SOMERVILLE,MA,85235
5760525,2026-07-28,2026-08-10,25040,Jamey Evenstar,4,record:3c37d978f79677f4a6c49cde,Infused LLC,provisional_record_group,False,Business Entity,110000,General Operational Expenses (need description),General operations,LAKE OSWEGO,OR,85309
5774661,2026-07-28,2026-08-24,24966,Matthias Hallett,3,disclosure:24966:f88fe8ea980a,Miscellaneous Cash Expenditures $100 and under,disclosure_category,True,Unspecified,1030,,Unspecified code,,,85348
5804120,2026-07-28,2026-09-10,24979,Cristal Otero,3,disclosure:24979:f88fe8ea980a,Miscellaneous Cash Expenditures $100 and under,disclosure_category,True,Unspecified,960,,Unspecified code,,,85357
5806722,2026-07-28,2026-09-11,23365,Mitch Green,4,disclosure:23365:f88fe8ea980a,Miscellaneous Cash Expenditures $100 and under,disclosure_category,True,Unspecified,2500,,Unspecified code,,,85358
5745228,2026-07-29,2026-07-30,23365,Mitch Green,4,record:505d17ab5768e40aca75c089,ActBlue,provisional_record_group,False,Business Entity,9574,Fundraising Event Expenses,Fundraising event code,W SOMERVILLE,MA,85029
5746633,2026-07-29,2026-07-30,23028,Angelita Morillo,3,record:505d17ab5768e40aca75c089,ActBlue,provisional_record_group,False,Business Entity,9877,Fundraising Event Expenses,Fundraising event code,W SOMERVILLE,MA,85033
5746683,2026-07-29,2026-07-30,23411,Jeremy Beausoleil Smith,4,record:505d17ab5768e40aca75c089,ActBlue,provisional_record_group,False,Business Entity,218,Fundraising Event Expenses,Fundraising event code,W SOMERVILLE,MA,85034
5746710,2026-07-29,2026-07-30,23208,Tiffany Koyama Lane,3,record:505d17ab5768e40aca75c089,ActBlue,provisional_record_group,False,Business Entity,6485,Fundraising Event Expenses,Fundraising event code,W SOMERVILLE,MA,85035
5748596,2026-07-29,2026-08-03,25040,Jamey Evenstar,4,record:505d17ab5768e40aca75c089,ActBlue,provisional_record_group,False,Business Entity,198,Fundraising Event Expenses,Fundraising event code,W SOMERVILLE,MA,85061
5754579,2026-07-29,2026-08-06,24661,Tom Sollitt,3,record:c1a2b60c83ebbd9d8951b97a,ActBlue Technical Services,provisional_record_group,False,Business Entity,9844,General Operational Expenses (need description),General operations,CAMBRIDGE,MA,85080
5760802,2026-07-29,2026-08-11,23411,Jeremy Beausoleil Smith,4,record:110708603cce21b99f9fb92e,Portland Clean Air,provisional_record_group,False,Other,500000,General Operational Expenses (need description),General operations,PORTLAND,OR,85109
5775509,2026-07-29,2026-08-25,23028,Angelita Morillo,3,record:e1b7c42aeb117555130c720b,Team Mars Consulting,provisional_record_group,False,Business Entity,380567,General Operational Expenses (need description); Travel Expenses (need description),Multiple reported codes,HILLSBORO,OR,85150
5775512,2026-07-29,2026-08-25,23028,Angelita Morillo,3,record:55d42979fb2f0e3449f4e416,Sprout Chinn,provisional_record_group,False,Individual,455774,Travel Expenses (need description); General Operational Expenses (need description),Multiple reported codes,PORTLAND,OR,85151
5775514,2026-07-29,2026-08-25,23028,Angelita Morillo,3,record:3c37d978f79677f4a6c49cde,Infused LLC,provisional_record_group,False,Business Entity,110000,General Operational Expenses (need description),General operations,LAKE OSWEGO,OR,85152
5775632,2026-07-29,2026-08-25,23411,Jeremy Beausoleil Smith,4,record:910cf14eae0ca05c931d2c61,Ian Logan,provisional_record_group,False,Individual,93750,General Operational Expenses (need description),General operations,MIAMI,FL,85153
5775633,2026-07-29,2026-08-25,23411,Jeremy Beausoleil Smith,4,record:f65fc3081d706335d475687d,Sophie Ciurlik Rittenbaum,provisional_record_group,False,Individual,100000,General Operational Expenses (need description),General operations,PORTLAND,OR,85154
5804122,2026-07-29,2026-09-10,24979,Cristal Otero,3,disclosure:24979:f88fe8ea980a,Miscellaneous Cash Expenditures $100 and under,disclosure_category,True,Unspecified,220,,Unspecified code,,,85176
5748566,2026-07-30,2026-08-03,23028,Angelita Morillo,3,record:505d17ab5768e40aca75c089,ActBlue,provisional_record_group,False,Business Entity,1248,Fundraising Event Expenses,Fundraising event code,W SOMERVILLE,MA,93765
5748616,2026-07-30,2026-08-03,23365,Mitch Green,4,record:505d17ab5768e40aca75c089,ActBlue,provisional_record_group,False,Business Entity,1074,Fundraising Event Expenses,Fundraising event code,W SOMERVILLE,MA,93767
5748699,2026-07-30,2026-08-03,23411,Jeremy Beausoleil Smith,4,record:505d17ab5768e40aca75c089,ActBlue,provisional_record_group,False,Business Entity,40,Fundraising Event Expenses,Fundraising event code,W SOMERVILLE,MA,93772
5748722,2026-07-30,2026-08-03,23208,Tiffany Koyama Lane,3,record:505d17ab5768e40aca75c089,ActBlue,provisional_record_group,False,Business Entity,2519,Fundraising Event Expenses,Fundraising event code,W SOMERVILLE,MA,93774
5763502,2026-07-30,2026-08-12,23208,Tiffany Koyama Lane,3,record:f9b918c4d087f0ce66a641d9,Kashann Kilson,provisional_record_group,False,Individual,5000,General Operational Expenses (need description),General operations,PORTLAND,OR,93847
5763503,2026-07-30,2026-08-12,23208,Tiffany Koyama Lane,3,record:3c37d978f79677f4a6c49cde,Infused LLC,provisional_record_group,False,Business Entity,135000,General Operational Expenses (need description),General operations,LAKE OSWEGO,OR,93848
5763504,2026-07-30,2026-08-12,23208,Tiffany Koyama Lane,3,record:1881f8fe4169bab7e8fce1cf,Lindsey Montague,provisional_record_group,False,Individual,180000,General Operational Expenses (need description),General operations,PORTLAND,OR,93849
5763506,2026-07-30,2026-08-12,23208,Tiffany Koyama Lane,3,record:4eb9183a11432b63cf0fb71d,Spencer Mann,provisional_record_group,False,Individual,338864,"Wages, Salaries, Benefits","Wages, salaries, benefits",PORTLAND,OR,93850
5767816,2026-07-30,2026-08-17,23028,Angelita Morillo,3,record:a586911f8423174c1e57d577,Portland Parks & Recreation,provisional_record_group,False,Other,38950,General Operational Expenses (need description),General operations,PORTLAND,OR,93865
5774663,2026-07-30,2026-08-24,24966,Matthias Hallett,3,disclosure:24966:f88fe8ea980a,Miscellaneous Cash Expenditures $100 and under,disclosure_category,True,Unspecified,230,,Unspecified code,,,93881
5804124,2026-07-30,2026-09-10,24979,Cristal Otero,3,disclosure:24979:f88fe8ea980a,Miscellaneous Cash Expenditures $100 and under,disclosure_category,True,Unspecified,50,,Unspecified code,,,93900
5748572,2026-07-31,2026-08-03,23028,Angelita Morillo,3,record:047f6397562ce37a9ae50245,Hollywood Impress Printing,provisional_record_group,False,Business Entity,665000,"Other Advertising (yard signs, buttons, etc.)",Other advertising / signs,PORTLAND,OR,93548
5748574,2026-07-31,2026-08-03,23028,Angelita Morillo,3,record:505d17ab5768e40aca75c089,ActBlue,provisional_record_group,False,Business Entity,119,Fundraising Event Expenses,Fundraising event code,W SOMERVILLE,MA,93549
5748623,2026-07-31,2026-08-03,23365,Mitch Green,4,record:047f6397562ce37a9ae50245,Hollywood Impress Printing,provisional_record_group,False,Business Entity,136000,"Literature, Brochures, Printing; Other Advertising (yard signs, buttons, etc.)",Multiple reported codes,PORTLAND,OR,93551
5748627,2026-07-31,2026-08-03,23365,Mitch Green,4,record:505d17ab5768e40aca75c089,ActBlue,provisional_record_group,False,Business Entity,297,Fundraising Event Expenses,Fundraising event code,W SOMERVILLE,MA,93552
5748705,2026-07-31,2026-08-03,23411,Jeremy Beausoleil Smith,4,record:505d17ab5768e40aca75c089,ActBlue,provisional_record_group,False,Business Entity,593,Fundraising Event Expenses,Fundraising event code,W SOMERVILLE,MA,93557
5763505,2026-07-31,2026-08-12,23208,Tiffany Koyama Lane,3,record:7a50fe8108868978ab2b5c95,Claire Culmer,provisional_record_group,False,Individual,546227,"Wages, Salaries, Benefits","Wages, salaries, benefits",PORTLAND,OR,93613
5763507,2026-07-31,2026-08-12,23208,Tiffany Koyama Lane,3,record:864917c852326fa655433ea9,Gusto,provisional_record_group,False,Business Entity,381631,"Wages, Salaries, Benefits","Wages, salaries, benefits",SAN FRANCISCO,CA,93614
5763508,2026-07-31,2026-08-12,23208,Tiffany Koyama Lane,3,record:4eb9183a11432b63cf0fb71d,Spencer Mann,provisional_record_group,False,Individual,14899,Travel Expenses (need description),Travel,PORTLAND,OR,93615
5763509,2026-07-31,2026-08-12,23208,Tiffany Koyama Lane,3,record:36a91f7ca5c21bd62944a592,Target,provisional_record_group,False,Business Entity,10541,General Operational Expenses (need description),General operations,PORTLAND,OR,93616
5774664,2026-07-31,2026-08-24,24966,Matthias Hallett,3,disclosure:24966:f88fe8ea980a,Miscellaneous Cash Expenditures $100 and under,disclosure_category,True,Unspecified,448,,Unspecified code,,,93654
5775544,2026-07-31,2026-08-25,23208,Tiffany Koyama Lane,3,record:4eb9183a11432b63cf0fb71d,Spencer Mann,provisional_record_group,False,Individual,7699,Reimbursement for Personal Expenditures,Personal-expense reimbursement,PORTLAND,OR,93656
5780477,2026-07-31,2026-08-27,24897,Kellie Torres,3,record:02b0977d8806c320208b071c,Pickathon LLC,provisional_record_group,False,Business Entity,64500,,Unspecified code,PORTLAND,OR,93662
5748577,2026-08-01,2026-08-03,23028,Angelita Morillo,3,record:505d17ab5768e40aca75c089,ActBlue,provisional_record_group,False,Business Entity,480,Fundraising Event Expenses,Fundraising event code,W SOMERVILLE,MA,93430
5748600,2026-08-01,2026-08-03,25040,Jamey Evenstar,4,record:505d17ab5768e40aca75c089,ActBlue,provisional_record_group,False,Business Entity,416,Fundraising Event Expenses,Fundraising event code,W SOMERVILLE,MA,93431
5748631,2026-08-01,2026-08-03,23365,Mitch Green,4,record:505d17ab5768e40aca75c089,ActBlue,provisional_record_group,False,Business Entity,397,Fundraising Event Expenses,Fundraising event code,W SOMERVILLE,MA,93433
5748709,2026-08-01,2026-08-03,23411,Jeremy Beausoleil Smith,4,record:505d17ab5768e40aca75c089,ActBlue,provisional_record_group,False,Business Entity,357,Fundraising Event Expenses,Fundraising event code,W SOMERVILLE,MA,93436
5748763,2026-08-01,2026-08-03,23208,Tiffany Koyama Lane,3,record:505d17ab5768e40aca75c089,ActBlue,provisional_record_group,False,Business Entity,1246,Fundraising Event Expenses,Fundraising event code,W SOMERVILLE,MA,93439
5752634,2026-08-01,2026-08-04,24972,Joel Corcoran,3,record:8b1bd2ae2f30da9f2b9898fe,Google Workspace,provisional_record_group,False,Business Entity,10560,,Unspecified code,MOUNTAIN VIEW,CA,93451
5755699,2026-08-01,2026-08-24,24966,Matthias Hallett,3,record:e5521dd3456a326caeb36e9b,City of Portland ,provisional_record_group,False,Other,15175,General Operational Expenses (need description),General operations,PORTLAND,OR,93455
5774665,2026-08-01,2026-08-24,24966,Matthias Hallett,3,disclosure:24966:f88fe8ea980a,Miscellaneous Cash Expenditures $100 and under,disclosure_category,True,Unspecified,2501,,Unspecified code,,,93478
5774869,2026-08-01,2026-08-24,25040,Jamey Evenstar,4,record:ac445c010f54cc8eae525904,Copyman,provisional_record_group,False,Business Entity,15100,General Operational Expenses (need description),General operations,PORTLAND,OR,93479
5806723,2026-08-01,2026-09-11,23365,Mitch Green,4,disclosure:23365:f88fe8ea980a,Miscellaneous Cash Expenditures $100 and under,disclosure_category,True,Unspecified,2353,,Unspecified code,,,93502
5748583,2026-08-02,2026-08-03,23028,Angelita Morillo,3,record:505d17ab5768e40aca75c089,ActBlue,provisional_record_group,False,Business Entity,456,Fundraising Event Expenses,Fundraising event code,W SOMERVILLE,MA,93312
5748638,2026-08-02,2026-08-03,23365,Mitch Green,4,record:505d17ab5768e40aca75c089,ActBlue,provisional_record_group,False,Business Entity,2766,Fundraising Event Expenses,Fundraising event code,W SOMERVILLE,MA,93314
5748720,2026-08-02,2026-08-03,23411,Jeremy Beausoleil Smith,4,record:505d17ab5768e40aca75c089,ActBlue,provisional_record_group,False,Business Entity,198,Fundraising Event Expenses,Fundraising event code,W SOMERVILLE,MA,93317
5748780,2026-08-02,2026-08-03,23208,Tiffany Koyama Lane,3,record:505d17ab5768e40aca75c089,ActBlue,provisional_record_group,False,Business Entity,1838,Fundraising Event Expenses,Fundraising event code,W SOMERVILLE,MA,93320
5752640,2026-08-02,2026-08-04,24972,Joel Corcoran,3,record:b8c9eddcca28f6a832ccbbbf,ActBlue Technical Services,provisional_record_group,False,Business Entity,20,,Unspecified code,CAMBRIDGE,MA,93327
5753060,2026-08-02,2026-08-05,24897,Kellie Torres,3,record:39bffc6fb2e886cf220117d2,ActBlue Technical Services,provisional_record_group,False,Business Entity,10240,,Unspecified code,CAMBRIDGE,MA,93332
5755701,2026-08-02,2026-08-24,24966,Matthias Hallett,3,record:80d227852e1582b8c78566db,Hobby Lobby,provisional_record_group,False,Business Entity,10197,"Other Advertising (yard signs, buttons, etc.)",Other advertising / signs,CLACKAMAS,OR,93339
5759329,2026-08-02,2026-08-10,24973,Esther León,3,record:efad6510704c963eb926bca0,ActBlue,provisional_record_group,False,Other,1395,General Operational Expenses (need description),General operations,BOSTON,MA,93342
5806724,2026-08-02,2026-09-11,23365,Mitch Green,4,disclosure:23365:f88fe8ea980a,Miscellaneous Cash Expenditures $100 and under,disclosure_category,True,Unspecified,1020,,Unspecified code,,,93386
5753078,2026-08-03,2026-08-05,24897,Kellie Torres,3,disclosure:24897:f88fe8ea980a,Miscellaneous Cash Expenditures $100 and under,disclosure_category,True,Unspecified,10220,,Unspecified code,,,93080
5755006,2026-08-03,2026-08-06,23208,Tiffany Koyama Lane,3,record:505d17ab5768e40aca75c089,ActBlue,provisional_record_group,False,Business Entity,2986,Fundraising Event Expenses,Fundraising event code,W SOMERVILLE,MA,93104
5755065,2026-08-03,2026-08-06,23028,Angelita Morillo,3,record:505d17ab5768e40aca75c089,ActBlue,provisional_record_group,False,Business Entity,139,Fundraising Event Expenses,Fundraising event code,W SOMERVILLE,MA,93105
5755118,2026-08-03,2026-08-06,23365,Mitch Green,4,record:6713a16ed410f11946c4f32a,Christopher Fontaine,provisional_record_group,False,Individual,201300,General Operational Expenses (need description),General operations,PORTLAND,OR,93107
5755120,2026-08-03,2026-08-06,23365,Mitch Green,4,record:1580298b74ffb13e05f54ade,Connor Lennon,provisional_record_group,False,Individual,76250,General Operational Expenses (need description),General operations,PORTLAND,OR,93108
5755121,2026-08-03,2026-08-06,23365,Mitch Green,4,record:1580298b74ffb13e05f54ade,Connor Lennon,provisional_record_group,False,Individual,3720,Reimbursement for Personal Expenditures,Personal-expense reimbursement,PORTLAND,OR,93109
5755122,2026-08-03,2026-08-06,23365,Mitch Green,4,record:b5fc4be9a02a1842435b4b34,John Bethencourt,provisional_record_group,False,Individual,146320,General Operational Expenses (need description),General operations,PORTLAND,OR,93110
5755123,2026-08-03,2026-08-06,23365,Mitch Green,4,record:b5fc4be9a02a1842435b4b34,John Bethencourt,provisional_record_group,False,Individual,8415,Reimbursement for Personal Expenditures,Personal-expense reimbursement,PORTLAND,OR,93111
5755125,2026-08-03,2026-08-06,23365,Mitch Green,4,record:505d17ab5768e40aca75c089,ActBlue,provisional_record_group,False,Business Entity,99,Fundraising Event Expenses,Fundraising event code,W SOMERVILLE,MA,93112
5758542,2026-08-03,2026-08-10,25040,Jamey Evenstar,4,record:505d17ab5768e40aca75c089,ActBlue,provisional_record_group,False,Business Entity,40,Fundraising Event Expenses,Fundraising event code,W SOMERVILLE,MA,93140
5758956,2026-08-03,2026-08-10,25103,Jayne Cronlund,4,record:cecb6f624fc372953ef2777b,Lorraine Ortiz,provisional_record_group,False,Individual,50000,General Operational Expenses (need description),General operations,NEHALEM,OR,93149
5763468,2026-08-03,2026-08-12,23208,Tiffany Koyama Lane,3,record:367691ed84e4d7f3eb7dd0c8,Google,provisional_record_group,False,Business Entity,12657,General Operational Expenses (need description),General operations,MOUNTAIN VIEW,CA,93176
5763511,2026-08-03,2026-08-12,23208,Tiffany Koyama Lane,3,record:e7d45b57c6314500d8aa52a0,USPS,provisional_record_group,False,Business Entity,32800,General Operational Expenses (need description),General operations,WASHINGTON,DC,93177
5774567,2026-08-03,2026-08-24,23208,Tiffany Koyama Lane,3,record:ad4b3cf4ada661a4678378cb,Best Buy,provisional_record_group,False,Business Entity,33713,General Operational Expenses (need description),General operations,PORTLAND,OR,93228
5774667,2026-08-03,2026-08-24,24966,Matthias Hallett,3,disclosure:24966:f88fe8ea980a,Miscellaneous Cash Expenditures $100 and under,disclosure_category,True,Unspecified,130,,Unspecified code,,,93230
5775517,2026-08-03,2026-08-25,23028,Angelita Morillo,3,record:367691ed84e4d7f3eb7dd0c8,Google,provisional_record_group,False,Business Entity,2557,General Operational Expenses (need description),General operations,MOUNTAIN VIEW,CA,93235
5775519,2026-08-03,2026-08-25,23028,Angelita Morillo,3,record:367691ed84e4d7f3eb7dd0c8,Google,provisional_record_group,False,Business Entity,4400,General Operational Expenses (need description),General operations,MOUNTAIN VIEW,CA,93236
5755028,2026-08-04,2026-08-06,23208,Tiffany Koyama Lane,3,record:505d17ab5768e40aca75c089,ActBlue,provisional_record_group,False,Business Entity,954,Fundraising Event Expenses,Fundraising event code,W SOMERVILLE,MA,92737
5755032,2026-08-04,2026-08-06,23208,Tiffany Koyama Lane,3,record:e96b0989e6aad20d2bdc4d03,Lydia Kiesling,provisional_record_group,False,Individual,44300,General Operational Expenses (need description),General operations,PORTLAND,OR,92738
5755070,2026-08-04,2026-08-06,23028,Angelita Morillo,3,record:505d17ab5768e40aca75c089,ActBlue,provisional_record_group,False,Business Entity,84,Fundraising Event Expenses,Fundraising event code,W SOMERVILLE,MA,92739
5755128,2026-08-04,2026-08-06,23365,Mitch Green,4,record:505d17ab5768e40aca75c089,ActBlue,provisional_record_group,False,Business Entity,539,Fundraising Event Expenses,Fundraising event code,W SOMERVILLE,MA,92740
5758545,2026-08-04,2026-08-10,25040,Jamey Evenstar,4,record:3295a4cc0d6056c745043486,Jonathan Pulvers,provisional_record_group,False,Individual,107500,Management Services,Management services,PORTLAND,OR,92807
5758959,2026-08-04,2026-08-10,25103,Jayne Cronlund,4,record:428b0fcd0ef60ebaed796da1,Worldpay- C&E Merchant Services,provisional_record_group,False,Business Entity,34090,General Operational Expenses (need description),General operations,PORTLAND,OR,92816
5759584,2026-08-04,2026-08-10,23199,Olivia Clark,4,record:428b0fcd0ef60ebaed796da1,Worldpay- C&E Merchant Services,provisional_record_group,False,Business Entity,5652,General Operational Expenses (need description),General operations,PORTLAND,OR,92821
5760031,2026-08-04,2026-08-10,15109,Steve Novick,3,record:428b0fcd0ef60ebaed796da1,Worldpay- C&E Merchant Services,provisional_record_group,False,Business Entity,36260,General Operational Expenses (need description),General operations,PORTLAND,OR,92826
5763512,2026-08-04,2026-08-12,23208,Tiffany Koyama Lane,3,record:d6d0edb21ed9ce9f86ff1e82,Lyft,provisional_record_group,False,Business Entity,2515,Travel Expenses (need description),Travel,SAN FRANCISCO,CA,92859
5763513,2026-08-04,2026-08-12,23208,Tiffany Koyama Lane,3,record:864917c852326fa655433ea9,Gusto,provisional_record_group,False,Business Entity,11200,General Operational Expenses (need description),General operations,SAN FRANCISCO,CA,92860
5767517,2026-08-04,2026-08-17,23365,Mitch Green,4,record:adc2c298758fb308c2c28529,Margaux Weeke,provisional_record_group,False,Individual,720000,Management Services,Management services,PORTLAND,OR,92885
5775520,2026-08-04,2026-08-25,23028,Angelita Morillo,3,record:cbd6dc09b4ef4075e87bd5ba,Gal Pal Productions,provisional_record_group,False,Business Entity,825000,Preparation and Production of Advertising,Advertising production,TROUTDALE,OR,92920
5775540,2026-08-04,2026-08-25,23028,Angelita Morillo,3,disclosure:23028:f88fe8ea980a,Miscellaneous Cash Expenditures $100 and under,disclosure_category,True,Unspecified,1800,,Unspecified code,,,92921
5778056,2026-08-04,2026-08-26,17629,Eric Zimmerman,4,record:428b0fcd0ef60ebaed796da1,Worldpay- C&E Merchant Services,provisional_record_group,False,Business Entity,5729,General Operational Expenses (need description),General operations,PORTLAND,OR,92944
5785982,2026-08-04,2026-08-31,23295,Eli Arnold,4,record:428b0fcd0ef60ebaed796da1,Worldpay- C&E Merchant Services,provisional_record_group,False,Business Entity,7962,General Operational Expenses (need description),General operations,PORTLAND,OR,92963
5806725,2026-08-04,2026-09-11,23365,Mitch Green,4,disclosure:23365:f88fe8ea980a,Miscellaneous Cash Expenditures $100 and under,disclosure_category,True,Unspecified,1200,,Unspecified code,,,92988
5754347,2026-08-05,2026-08-06,23411,Jeremy Beausoleil Smith,4,record:505d17ab5768e40aca75c089,ActBlue,provisional_record_group,False,Business Entity,99,Fundraising Event Expenses,Fundraising event code,W SOMERVILLE,MA,92439
5754580,2026-08-05,2026-08-06,24661,Tom Sollitt,3,record:c1a2b60c83ebbd9d8951b97a,ActBlue Technical Services,provisional_record_group,False,Business Entity,5902,General Operational Expenses (need description),General operations,CAMBRIDGE,MA,92444
5755038,2026-08-05,2026-08-06,23208,Tiffany Koyama Lane,3,record:505d17ab5768e40aca75c089,ActBlue,provisional_record_group,False,Business Entity,1095,Fundraising Event Expenses,Fundraising event code,W SOMERVILLE,MA,92454
5755074,2026-08-05,2026-08-06,23028,Angelita Morillo,3,record:505d17ab5768e40aca75c089,ActBlue,provisional_record_group,False,Business Entity,629,Fundraising Event Expenses,Fundraising event code,W SOMERVILLE,MA,92456
5755135,2026-08-05,2026-08-06,23365,Mitch Green,4,record:505d17ab5768e40aca75c089,ActBlue,provisional_record_group,False,Business Entity,167,Fundraising Event Expenses,Fundraising event code,W SOMERVILLE,MA,92458
5763514,2026-08-05,2026-08-12,23208,Tiffany Koyama Lane,3,record:fb5a29e820311b11c75b1257,Community Labor Administrative Services,provisional_record_group,False,Business Entity,8000,General Operational Expenses (need description),General operations,BROOKLYN,NY,92529
5763515,2026-08-05,2026-08-12,23208,Tiffany Koyama Lane,3,record:d6d0edb21ed9ce9f86ff1e82,Lyft,provisional_record_group,False,Business Entity,2149,General Operational Expenses (need description),General operations,SAN FRANCISCO,CA,92530
5768950,2026-08-05,2026-08-19,23365,Mitch Green,4,record:3c37d978f79677f4a6c49cde,Infused LLC,provisional_record_group,False,Business Entity,110000,General Operational Expenses (need description),General operations,LAKE OSWEGO,OR,92553
5774668,2026-08-05,2026-08-24,24966,Matthias Hallett,3,disclosure:24966:f88fe8ea980a,Miscellaneous Cash Expenditures $100 and under,disclosure_category,True,Unspecified,9500,,Unspecified code,,,92581
5775525,2026-08-05,2026-08-25,23028,Angelita Morillo,3,record:fb5a29e820311b11c75b1257,Community Labor Administrative Services,provisional_record_group,False,Business Entity,8000,General Operational Expenses (need description),General operations,BROOKLYN,NY,92583
5775634,2026-08-05,2026-08-25,23411,Jeremy Beausoleil Smith,4,record:6ff55e9d23eac3f7ff03a674,Justin Filtz,provisional_record_group,False,Individual,280000,General Operational Expenses (need description),General operations,PORTLAND,OR,92584
5775635,2026-08-05,2026-08-25,23411,Jeremy Beausoleil Smith,4,record:11662c213a2f8ec3d7c292bb,Google Inc.,provisional_record_group,False,Business Entity,3016,General Operational Expenses (need description),General operations,MOUNTAIN VIEW,CA,92585
5775636,2026-08-05,2026-08-25,23411,Jeremy Beausoleil Smith,4,record:eda4d69d223c57990c726642,Infused LLC,provisional_record_group,False,Business Entity,110000,General Operational Expenses (need description),General operations,PORTLAND,OR,92586
5786252,2026-08-05,2026-08-31,23295,Eli Arnold,4,disclosure:23295:f88fe8ea980a,Miscellaneous Cash Expenditures $100 and under,disclosure_category,True,Unspecified,3900,,Unspecified code,,,92602
5755704,2026-08-06,2026-08-24,24966,Matthias Hallett,3,record:8e79312242512f31aea77cbf,Ninja Transfers,provisional_record_group,False,Business Entity,14030,Preparation and Production of Advertising,Advertising production,PHILADELPHIA,PA,92201
5758225,2026-08-06,2026-08-09,24973,Esther León,3,record:d027e26754c86bf35581ca8e,Sticker Ninja,provisional_record_group,False,Business Entity,16189,"Other Advertising (yard signs, buttons, etc.)",Other advertising / signs,PORTLAND,OR,92221
5758540,2026-08-06,2026-08-10,23365,Mitch Green,4,record:505d17ab5768e40aca75c089,ActBlue,provisional_record_group,False,Business Entity,99,Fundraising Event Expenses,Fundraising event code,W SOMERVILLE,MA,92227
5758593,2026-08-06,2026-08-10,23208,Tiffany Koyama Lane,3,record:505d17ab5768e40aca75c089,ActBlue,provisional_record_group,False,Business Entity,1108,Fundraising Event Expenses,Fundraising event code,W SOMERVILLE,MA,92230
5758637,2026-08-06,2026-08-10,23028,Angelita Morillo,3,record:505d17ab5768e40aca75c089,ActBlue,provisional_record_group,False,Business Entity,198,Fundraising Event Expenses,Fundraising event code,W SOMERVILLE,MA,92231
5758853,2026-08-06,2026-08-10,23411,Jeremy Beausoleil Smith,4,record:505d17ab5768e40aca75c089,ActBlue,provisional_record_group,False,Business Entity,56,Fundraising Event Expenses,Fundraising event code,W SOMERVILLE,MA,92237
5758962,2026-08-06,2026-08-10,25103,Jayne Cronlund,4,record:611de9bc66018ef1f063336c,Jayne Cronlund,provisional_record_group,False,Candidate & Immediate Family,133735,Reimbursement for Personal Expenditures,Personal-expense reimbursement,PORTLAND,OR,92239
5760033,2026-08-06,2026-08-10,15109,Steve Novick,3,record:3e8740be9c452d7298370bd4,Democratic Party of Oregon Federal,provisional_record_group,False,Unregistered Committee,115000,General Operational Expenses (need description),General operations,PORTLAND,OR,92246
5763517,2026-08-06,2026-08-12,23208,Tiffany Koyama Lane,3,record:e7d45b57c6314500d8aa52a0,USPS,provisional_record_group,False,Business Entity,14000,General Operational Expenses (need description),General operations,WASHINGTON,DC,92279
5763518,2026-08-06,2026-08-12,23208,Tiffany Koyama Lane,3,record:d6d0edb21ed9ce9f86ff1e82,Lyft,provisional_record_group,False,Business Entity,2279,Travel Expenses (need description),Travel,SAN FRANCISCO,CA,92280
5775637,2026-08-06,2026-08-25,23411,Jeremy Beausoleil Smith,4,record:c5e0a27209f0954f54cdc337,Miro Merrill,provisional_record_group,False,Individual,25000,Preparation and Production of Advertising,Advertising production,PORTLAND,OR,92368
5804126,2026-08-06,2026-09-10,24979,Cristal Otero,3,disclosure:24979:f88fe8ea980a,Miscellaneous Cash Expenditures $100 and under,disclosure_category,True,Unspecified,70,,Unspecified code,,,92407
5758546,2026-08-07,2026-08-10,23365,Mitch Green,4,record:505d17ab5768e40aca75c089,ActBlue,provisional_record_group,False,Business Entity,385,Fundraising Event Expenses,Fundraising event code,W SOMERVILLE,MA,92028
5758597,2026-08-07,2026-08-10,23208,Tiffany Koyama Lane,3,record:505d17ab5768e40aca75c089,ActBlue,provisional_record_group,False,Business Entity,507,Fundraising Event Expenses,Fundraising event code,W SOMERVILLE,MA,92030
5758639,2026-08-07,2026-08-10,23028,Angelita Morillo,3,record:505d17ab5768e40aca75c089,ActBlue,provisional_record_group,False,Business Entity,127,Fundraising Event Expenses,Fundraising event code,W SOMERVILLE,MA,92031
5758863,2026-08-07,2026-08-10,23411,Jeremy Beausoleil Smith,4,record:505d17ab5768e40aca75c089,ActBlue,provisional_record_group,False,Business Entity,20,Fundraising Event Expenses,Fundraising event code,W SOMERVILLE,MA,92036
5758963,2026-08-07,2026-08-10,25103,Jayne Cronlund,4,record:f6da21fc3ec2ab9e4f9fd87e,Ann Crosby,provisional_record_group,False,Individual,4000,General Operational Expenses (need description),General operations,PORTLAND,OR,92037
5760034,2026-08-07,2026-08-10,15109,Steve Novick,3,record:d90b3553b7fd70efb412acfe,Morel Ink,provisional_record_group,False,Business Entity,39300,"Literature, Brochures, Printing",Literature and printing,PORTLAND,OR,92041
5760659,2026-08-07,2026-08-11,24897,Kellie Torres,3,record:dc727b60de21209acb1fcc13,Hunch Theory,provisional_record_group,False,Business Entity,150000,,Unspecified code,PORTLAND,OR,92045
5760660,2026-08-07,2026-08-11,24897,Kellie Torres,3,record:29d9bda096dc871c15b65fcb,Mackenzie Gray,provisional_record_group,False,Individual,48000,Online and Social Media Advertising,Online advertising,PORTLAND,OR,92046
5760662,2026-08-07,2026-08-11,24897,Kellie Torres,3,record:bc27ed0a95732a264f35f6ca,City Wins LLC,provisional_record_group,False,Business Entity,225000,,Unspecified code,PORTLAND,OR,92047
5774669,2026-08-07,2026-08-24,24966,Matthias Hallett,3,disclosure:24966:f88fe8ea980a,Miscellaneous Cash Expenditures $100 and under,disclosure_category,True,Unspecified,830,,Unspecified code,,,92106
5778057,2026-08-07,2026-08-26,17629,Eric Zimmerman,4,record:2db16b20cc115fe077bb170a,Democratic Party of Oregon Federal PAC,provisional_record_group,False,Unregistered Committee,120000,General Operational Expenses (need description),General operations,PORTLAND,OR,92113
5778058,2026-08-07,2026-08-26,17629,Eric Zimmerman,4,record:7475604e953b9eee06158670,Northwest Oregon Labor Council,provisional_record_group,False,Labor Organization,15000,General Operational Expenses (need description),General operations,PORTLAND,OR,92114
5758549,2026-08-08,2026-08-10,25040,Jamey Evenstar,4,record:505d17ab5768e40aca75c089,ActBlue,provisional_record_group,False,Business Entity,99,Fundraising Event Expenses,Fundraising event code,W SOMERVILLE,MA,91932
5758560,2026-08-08,2026-08-10,23365,Mitch Green,4,record:505d17ab5768e40aca75c089,ActBlue,provisional_record_group,False,Business Entity,2496,Fundraising Event Expenses,Fundraising event code,W SOMERVILLE,MA,91933
5758605,2026-08-08,2026-08-10,23208,Tiffany Koyama Lane,3,record:505d17ab5768e40aca75c089,ActBlue,provisional_record_group,False,Business Entity,1166,Fundraising Event Expenses,Fundraising event code,W SOMERVILLE,MA,91934
5758644,2026-08-08,2026-08-10,23028,Angelita Morillo,3,record:505d17ab5768e40aca75c089,ActBlue,provisional_record_group,False,Business Entity,258,Fundraising Event Expenses,Fundraising event code,W SOMERVILLE,MA,91936
5758787,2026-08-08,2026-08-10,23208,Tiffany Koyama Lane,3,disclosure:23208:f88fe8ea980a,Miscellaneous Cash Expenditures $100 and under,disclosure_category,True,Unspecified,250,,Unspecified code,,,91938
5758866,2026-08-08,2026-08-10,23411,Jeremy Beausoleil Smith,4,record:505d17ab5768e40aca75c089,ActBlue,provisional_record_group,False,Business Entity,198,Fundraising Event Expenses,Fundraising event code,W SOMERVILLE,MA,91942
5760832,2026-08-08,2026-08-24,24966,Matthias Hallett,3,record:c121ab685ed742976cce7634,Politogy ,provisional_record_group,False,Business Entity,15400,Preparation and Production of Advertising,Advertising production,TUALATIN,OR,91946
5758588,2026-08-09,2026-08-10,23365,Mitch Green,4,record:505d17ab5768e40aca75c089,ActBlue,provisional_record_group,False,Business Entity,602,Fundraising Event Expenses,Fundraising event code,W SOMERVILLE,MA,91859
5758609,2026-08-09,2026-08-10,23208,Tiffany Koyama Lane,3,record:505d17ab5768e40aca75c089,ActBlue,provisional_record_group,False,Business Entity,613,Fundraising Event Expenses,Fundraising event code,W SOMERVILLE,MA,91860
5758648,2026-08-09,2026-08-10,23028,Angelita Morillo,3,record:505d17ab5768e40aca75c089,ActBlue,provisional_record_group,False,Business Entity,558,Fundraising Event Expenses,Fundraising event code,W SOMERVILLE,MA,91861
5758869,2026-08-09,2026-08-10,23411,Jeremy Beausoleil Smith,4,record:505d17ab5768e40aca75c089,ActBlue,provisional_record_group,False,Business Entity,199,Fundraising Event Expenses,Fundraising event code,W SOMERVILLE,MA,91866
5759326,2026-08-09,2026-08-10,24973,Esther León,3,record:efad6510704c963eb926bca0,ActBlue,provisional_record_group,False,Other,198,General Operational Expenses (need description),General operations,BOSTON,MA,91873
5760668,2026-08-09,2026-08-11,24897,Kellie Torres,3,record:182b25b499562af85bb45dce,Emerge,provisional_record_group,False,Business Entity,25000,,Unspecified code,PORTLAND,OR,91878
5774871,2026-08-09,2026-08-24,25040,Jamey Evenstar,4,record:6695b9018a1cdc8577608ec6,Democratic Party of Oregon - Federal PAC,provisional_record_group,False,Unregistered Committee,15600,General Operational Expenses (need description),General operations,PORTLAND,OR,91904
5760804,2026-08-10,2026-08-11,23411,Jeremy Beausoleil Smith,4,record:505d17ab5768e40aca75c089,ActBlue,provisional_record_group,False,Business Entity,218,Fundraising Event Expenses,Fundraising event code,W SOMERVILLE,MA,91610
5763519,2026-08-10,2026-08-12,23208,Tiffany Koyama Lane,3,record:505d17ab5768e40aca75c089,ActBlue,provisional_record_group,False,Business Entity,178,Fundraising Event Expenses,Fundraising event code,W SOMERVILLE,MA,91635
5763523,2026-08-10,2026-08-12,23208,Tiffany Koyama Lane,3,record:d6d0edb21ed9ce9f86ff1e82,Lyft,provisional_record_group,False,Business Entity,1910,Travel Expenses (need description),Travel,SAN FRANCISCO,CA,91636
5763524,2026-08-10,2026-08-12,23208,Tiffany Koyama Lane,3,record:d6d0edb21ed9ce9f86ff1e82,Lyft,provisional_record_group,False,Business Entity,1309,Travel Expenses (need description),Travel,SAN FRANCISCO,CA,91637
5767526,2026-08-10,2026-08-17,23365,Mitch Green,4,record:505d17ab5768e40aca75c089,ActBlue,provisional_record_group,False,Business Entity,119,Fundraising Event Expenses,Fundraising event code,W SOMERVILLE,MA,91675
5767819,2026-08-10,2026-08-17,23028,Angelita Morillo,3,record:505d17ab5768e40aca75c089,ActBlue,provisional_record_group,False,Business Entity,3007,Fundraising Event Expenses,Fundraising event code,W SOMERVILLE,MA,91679
5774671,2026-08-10,2026-08-24,24966,Matthias Hallett,3,disclosure:24966:f88fe8ea980a,Miscellaneous Cash Expenditures $100 and under,disclosure_category,True,Unspecified,578,,Unspecified code,,,91708
5785988,2026-08-10,2026-08-31,23295,Eli Arnold,4,record:bb5ba72e54089a637811a07a,"Purple State Strategies, Inc.",provisional_record_group,False,Business Entity,53002,Online and Social Media Advertising; Management Services,Multiple reported codes,VANCOUVER,WA,91747
5785992,2026-08-10,2026-08-31,23295,Eli Arnold,4,record:cca07c25c1586b50f2d29240,Adobe Inc.,provisional_record_group,False,Business Entity,2299,General Operational Expenses (need description),General operations,SAN JOSE,CA,91748
5785994,2026-08-10,2026-08-31,23295,Eli Arnold,4,record:5276d9882b5c40d4f7a36943,Weglot Paris FR,provisional_record_group,False,Business Entity,1390,General Operational Expenses (need description),General operations,PARIS,FR,91749
5786257,2026-08-10,2026-08-31,23295,Eli Arnold,4,disclosure:23295:f88fe8ea980a,Miscellaneous Cash Expenditures $100 and under,disclosure_category,True,Unspecified,28,,Unspecified code,,,91750
5762340,2026-08-11,2026-08-12,23411,Jeremy Beausoleil Smith,4,record:505d17ab5768e40aca75c089,ActBlue,provisional_record_group,False,Business Entity,495,Fundraising Event Expenses,Fundraising event code,W SOMERVILLE,MA,91224
5763526,2026-08-11,2026-08-12,23208,Tiffany Koyama Lane,3,record:505d17ab5768e40aca75c089,ActBlue,provisional_record_group,False,Business Entity,534,Fundraising Event Expenses,Fundraising event code,W SOMERVILLE,MA,91241
5767535,2026-08-11,2026-08-17,23365,Mitch Green,4,record:505d17ab5768e40aca75c089,ActBlue,provisional_record_group,False,Business Entity,20,Fundraising Event Expenses,Fundraising event code,W SOMERVILLE,MA,91314
5767834,2026-08-11,2026-08-17,23028,Angelita Morillo,3,record:505d17ab5768e40aca75c089,ActBlue,provisional_record_group,False,Business Entity,1178,Fundraising Event Expenses,Fundraising event code,W SOMERVILLE,MA,91317
5769150,2026-08-11,2026-08-19,25103,Jayne Cronlund,4,record:1bb2be352bf803425cd21309,C&E Systems,provisional_record_group,False,Business Entity,171281,Management Services,Management services,PORTLAND,OR,91328
5769186,2026-08-11,2026-08-19,24661,Tom Sollitt,3,record:1bb2be352bf803425cd21309,C&E Systems,provisional_record_group,False,Business Entity,119500,Management Services,Management services,PORTLAND,OR,91329
5774672,2026-08-11,2026-08-24,24966,Matthias Hallett,3,disclosure:24966:f88fe8ea980a,Miscellaneous Cash Expenditures $100 and under,disclosure_category,True,Unspecified,2200,,Unspecified code,,,91389
5775638,2026-08-11,2026-08-25,23411,Jeremy Beausoleil Smith,4,record:6ff55e9d23eac3f7ff03a674,Justin Filtz,provisional_record_group,False,Individual,280000,General Operational Expenses (need description),General operations,PORTLAND,OR,91403
5778059,2026-08-11,2026-08-26,17629,Eric Zimmerman,4,record:1bb2be352bf803425cd21309,C&E Systems,provisional_record_group,False,Business Entity,36589,Management Services,Management services,PORTLAND,OR,91436
5785990,2026-08-11,2026-08-31,23295,Eli Arnold,4,record:1bb2be352bf803425cd21309,C&E Systems,provisional_record_group,False,Business Entity,120038,Management Services,Management services,PORTLAND,OR,91471
5793124,2026-08-11,2026-09-03,15109,Steve Novick,3,record:1bb2be352bf803425cd21309,C&E Systems,provisional_record_group,False,Business Entity,139687,Management Services,Management services,PORTLAND,OR,91508
5800212,2026-08-11,2026-09-08,23199,Olivia Clark,4,record:1bb2be352bf803425cd21309,C&E Systems,provisional_record_group,False,Business Entity,79687,Management Services,Management services,PORTLAND,OR,91525
5763530,2026-08-12,2026-08-12,23208,Tiffany Koyama Lane,3,record:047f6397562ce37a9ae50245,Hollywood Impress Printing,provisional_record_group,False,Business Entity,90000,"Literature, Brochures, Printing",Literature and printing,PORTLAND,OR,90955
5767491,2026-08-12,2026-08-17,25040,Jamey Evenstar,4,record:505d17ab5768e40aca75c089,ActBlue,provisional_record_group,False,Business Entity,218,Fundraising Event Expenses,Fundraising event code,W SOMERVILLE,MA,91010
5767540,2026-08-12,2026-08-17,23365,Mitch Green,4,record:505d17ab5768e40aca75c089,ActBlue,provisional_record_group,False,Business Entity,500,Fundraising Event Expenses,Fundraising event code,W SOMERVILLE,MA,91012
5767542,2026-08-12,2026-08-17,23365,Mitch Green,4,record:047f6397562ce37a9ae50245,Hollywood Impress Printing,provisional_record_group,False,Business Entity,167500,"Literature, Brochures, Printing",Literature and printing,PORTLAND,OR,91013
5767545,2026-08-12,2026-08-17,23365,Mitch Green,4,record:adc2c298758fb308c2c28529,Margaux Weeke,provisional_record_group,False,Individual,720000,Management Services,Management services,PORTLAND,OR,91014
5767549,2026-08-12,2026-08-17,23365,Mitch Green,4,record:adc2c298758fb308c2c28529,Margaux Weeke,provisional_record_group,False,Individual,7390,Reimbursement for Personal Expenditures,Personal-expense reimbursement,PORTLAND,OR,91015
5767550,2026-08-12,2026-08-17,23365,Mitch Green,4,committee:23028,Angelita for Portland (23028),authoritative_committee_id,False,Political Committee,12983,Reimbursement for Personal Expenditures,Personal-expense reimbursement,PORTLAND,OR,91016
5767635,2026-08-12,2026-08-17,23411,Jeremy Beausoleil Smith,4,record:505d17ab5768e40aca75c089,ActBlue,provisional_record_group,False,Business Entity,1069,Fundraising Event Expenses,Fundraising event code,W SOMERVILLE,MA,91017
5767773,2026-08-12,2026-08-17,23208,Tiffany Koyama Lane,3,record:505d17ab5768e40aca75c089,ActBlue,provisional_record_group,False,Business Entity,773,Fundraising Event Expenses,Fundraising event code,W SOMERVILLE,MA,91019
5767850,2026-08-12,2026-08-17,23028,Angelita Morillo,3,record:505d17ab5768e40aca75c089,ActBlue,provisional_record_group,False,Business Entity,1269,Fundraising Event Expenses,Fundraising event code,W SOMERVILLE,MA,91020
5767851,2026-08-12,2026-08-17,23028,Angelita Morillo,3,record:047f6397562ce37a9ae50245,Hollywood Impress Printing,provisional_record_group,False,Business Entity,90000,"Literature, Brochures, Printing",Literature and printing,PORTLAND,OR,91021
5769188,2026-08-12,2026-08-19,24661,Tom Sollitt,3,record:c1a2b60c83ebbd9d8951b97a,ActBlue Technical Services,provisional_record_group,False,Business Entity,99,General Operational Expenses (need description),General operations,CAMBRIDGE,MA,91041
5769194,2026-08-12,2026-08-19,24661,Tom Sollitt,3,disclosure:24661:f88fe8ea980a,Miscellaneous Cash Expenditures $100 and under,disclosure_category,True,Unspecified,2500,,Unspecified code,,,91042
5773244,2026-08-12,2026-08-21,23208,Tiffany Koyama Lane,3,committee:23028,Angelita for Portland (23028),authoritative_committee_id,False,Political Committee,12983,Reimbursement for Personal Expenditures,Personal-expense reimbursement,PORTLAND,OR,91060
5774631,2026-08-12,2026-08-24,23208,Tiffany Koyama Lane,3,disclosure:23208:f88fe8ea980a,Miscellaneous Cash Expenditures $100 and under,disclosure_category,True,Unspecified,340,,Unspecified code,,,91064
5774674,2026-08-12,2026-08-24,24966,Matthias Hallett,3,disclosure:24966:f88fe8ea980a,Miscellaneous Cash Expenditures $100 and under,disclosure_category,True,Unspecified,958,,Unspecified code,,,91065
5774872,2026-08-12,2026-08-24,25040,Jamey Evenstar,4,record:8f16ff2e9396ed82dc54857c,The Ink Lab,provisional_record_group,False,Business Entity,64750,"Other Advertising (yard signs, buttons, etc.)",Other advertising / signs,PORTLAND,OR,91066
5785998,2026-08-12,2026-08-31,23295,Eli Arnold,4,record:897ca0e9c4652ae0639ef42d,Mailchimp,provisional_record_group,False,Business Entity,6000,General Operational Expenses (need description),General operations,ATLANTA,GA,91096
5806519,2026-08-12,2026-09-11,23365,Mitch Green,4,record:f01e74e82bba5069509a5135,Fred Meyer,provisional_record_group,False,Business Entity,16290,General Operational Expenses (need description),General operations,PORTLAND,OR,91139
5806520,2026-08-12,2026-09-11,23365,Mitch Green,4,record:bdd39b4bfd9d42480aef5ebd,Luna y Sol LLC,provisional_record_group,False,Business Entity,53056,Fundraising Event Expenses,Fundraising event code,SALEM,OR,91140
5806521,2026-08-12,2026-09-11,23365,Mitch Green,4,record:fb5a29e820311b11c75b1257,Community Labor Administrative Services,provisional_record_group,False,Business Entity,8000,General Operational Expenses (need description),General operations,BROOKLYN,NY,91141
5767563,2026-08-13,2026-08-17,23365,Mitch Green,4,record:505d17ab5768e40aca75c089,ActBlue,provisional_record_group,False,Business Entity,222,Fundraising Event Expenses,Fundraising event code,W SOMERVILLE,MA,90828
5767782,2026-08-13,2026-08-17,23208,Tiffany Koyama Lane,3,record:505d17ab5768e40aca75c089,ActBlue,provisional_record_group,False,Business Entity,436,Fundraising Event Expenses,Fundraising event code,W SOMERVILLE,MA,90832
5767863,2026-08-13,2026-08-17,23028,Angelita Morillo,3,record:505d17ab5768e40aca75c089,ActBlue,provisional_record_group,False,Business Entity,872,Fundraising Event Expenses,Fundraising event code,W SOMERVILLE,MA,90834
5768979,2026-08-13,2026-08-19,25040,Jamey Evenstar,4,disclosure:25040:f88fe8ea980a,Miscellaneous Cash Expenditures $100 and under,disclosure_category,True,Unspecified,5361,,Unspecified code,,,90841
5774569,2026-08-13,2026-08-24,23208,Tiffany Koyama Lane,3,record:d6d0edb21ed9ce9f86ff1e82,Lyft,provisional_record_group,False,Business Entity,3475,General Operational Expenses (need description),General operations,SAN FRANCISCO,CA,90876
5774570,2026-08-13,2026-08-24,23208,Tiffany Koyama Lane,3,record:d6d0edb21ed9ce9f86ff1e82,Lyft,provisional_record_group,False,Business Entity,100,General Operational Expenses (need description),General operations,SAN FRANCISCO,CA,90877
5775639,2026-08-13,2026-08-25,23411,Jeremy Beausoleil Smith,4,record:b5e0da70e02731f56601a3d5,Hallie Frost,provisional_record_group,False,Individual,150000,Preparation and Production of Advertising,Advertising production,PORTLAND,OR,90886
5766479,2026-08-14,2026-08-24,24966,Matthias Hallett,3,record:02b3f28aa3a60dd721ca4667,"Desert Sage Bookkeeping, LLC",provisional_record_group,False,Business Entity,22000,Management Services,Management services,BEND,OR,90574
5767498,2026-08-14,2026-08-17,25040,Jamey Evenstar,4,record:505d17ab5768e40aca75c089,ActBlue,provisional_record_group,False,Business Entity,238,Fundraising Event Expenses,Fundraising event code,W SOMERVILLE,MA,90617
5767576,2026-08-14,2026-08-17,23365,Mitch Green,4,record:505d17ab5768e40aca75c089,ActBlue,provisional_record_group,False,Business Entity,79,Fundraising Event Expenses,Fundraising event code,W SOMERVILLE,MA,90618
5767641,2026-08-14,2026-08-17,23411,Jeremy Beausoleil Smith,4,record:505d17ab5768e40aca75c089,ActBlue,provisional_record_group,False,Business Entity,832,Fundraising Event Expenses,Fundraising event code,W SOMERVILLE,MA,90623
5767785,2026-08-14,2026-08-17,23208,Tiffany Koyama Lane,3,record:505d17ab5768e40aca75c089,ActBlue,provisional_record_group,False,Business Entity,672,Fundraising Event Expenses,Fundraising event code,W SOMERVILLE,MA,90624
5767790,2026-08-14,2026-08-17,23208,Tiffany Koyama Lane,3,record:1d13197007c784df721d7359,Canva,provisional_record_group,False,Business Entity,3000,General Operational Expenses (need description),General operations,SAN JOSE,CA,90625
5767874,2026-08-14,2026-08-17,23028,Angelita Morillo,3,record:505d17ab5768e40aca75c089,ActBlue,provisional_record_group,False,Business Entity,277,Fundraising Event Expenses,Fundraising event code,W SOMERVILLE,MA,90626
5768248,2026-08-14,2026-08-17,24973,Esther León,3,committee:353,Democratic Party of Oregon (353),authoritative_committee_id,False,Political Party Committee,104000,General Operational Expenses (need description),General operations,PORTLAND,OR,90630
5768952,2026-08-14,2026-08-19,23365,Mitch Green,4,record:ef71b0070816502a8e905287,Eyes & Ears LLC,provisional_record_group,False,Business Entity,500000,Preparation and Production of Advertising,Advertising production,PORTLAND,OR,90639
5768953,2026-08-14,2026-08-19,23365,Mitch Green,4,record:ef71b0070816502a8e905287,Eyes & Ears LLC,provisional_record_group,False,Business Entity,64496,Reimbursement for Personal Expenditures,Personal-expense reimbursement,PORTLAND,OR,90640
5774571,2026-08-14,2026-08-24,23208,Tiffany Koyama Lane,3,record:d6d0edb21ed9ce9f86ff1e82,Lyft,provisional_record_group,False,Business Entity,1369,General Operational Expenses (need description),General operations,SAN FRANCISCO,CA,90677
5775526,2026-08-14,2026-08-25,23028,Angelita Morillo,3,record:bac9732d1bfaa7c853865440,Mailchimp,provisional_record_group,False,Business Entity,13500,General Operational Expenses (need description),General operations,ATLANTA,GA,90687
5804128,2026-08-14,2026-09-10,24979,Cristal Otero,3,disclosure:24979:f88fe8ea980a,Miscellaneous Cash Expenditures $100 and under,disclosure_category,True,Unspecified,50,,Unspecified code,,,90753
5767580,2026-08-15,2026-08-17,23365,Mitch Green,4,record:505d17ab5768e40aca75c089,ActBlue,provisional_record_group,False,Business Entity,270,Fundraising Event Expenses,Fundraising event code,W SOMERVILLE,MA,90522
5767658,2026-08-15,2026-08-17,23411,Jeremy Beausoleil Smith,4,record:505d17ab5768e40aca75c089,ActBlue,provisional_record_group,False,Business Entity,5239,Fundraising Event Expenses,Fundraising event code,W SOMERVILLE,MA,90526
5767798,2026-08-15,2026-08-17,23208,Tiffany Koyama Lane,3,record:505d17ab5768e40aca75c089,ActBlue,provisional_record_group,False,Business Entity,864,Fundraising Event Expenses,Fundraising event code,W SOMERVILLE,MA,90528
5767876,2026-08-15,2026-08-17,23028,Angelita Morillo,3,record:505d17ab5768e40aca75c089,ActBlue,provisional_record_group,False,Business Entity,864,Fundraising Event Expenses,Fundraising event code,W SOMERVILLE,MA,90529
5812409,2026-08-15,2026-09-15,23411,Jeremy Beausoleil Smith,4,disclosure:23411:f88fe8ea980a,Miscellaneous Cash Expenditures $100 and under,disclosure_category,True,Unspecified,1630,,Unspecified code,,,90569
5767587,2026-08-16,2026-08-17,23365,Mitch Green,4,record:505d17ab5768e40aca75c089,ActBlue,provisional_record_group,False,Business Entity,60,Fundraising Event Expenses,Fundraising event code,W SOMERVILLE,MA,90457
5767693,2026-08-16,2026-08-17,23411,Jeremy Beausoleil Smith,4,record:505d17ab5768e40aca75c089,ActBlue,provisional_record_group,False,Business Entity,179,Fundraising Event Expenses,Fundraising event code,W SOMERVILLE,MA,90460
5767805,2026-08-16,2026-08-17,23208,Tiffany Koyama Lane,3,record:6403fa1044e000273aa5169d,Mailchimp,provisional_record_group,False,Business Entity,23000,General Operational Expenses (need description),General operations,ATLANTA,GA,90462
5767807,2026-08-16,2026-08-17,23208,Tiffany Koyama Lane,3,record:505d17ab5768e40aca75c089,ActBlue,provisional_record_group,False,Business Entity,534,Fundraising Event Expenses,Fundraising event code,W SOMERVILLE,MA,90463
5767887,2026-08-16,2026-08-17,23028,Angelita Morillo,3,record:505d17ab5768e40aca75c089,ActBlue,provisional_record_group,False,Business Entity,139,Fundraising Event Expenses,Fundraising event code,W SOMERVILLE,MA,90464
5768250,2026-08-16,2026-08-17,24973,Esther León,3,record:efad6510704c963eb926bca0,ActBlue,provisional_record_group,False,Other,99,General Operational Expenses (need description),General operations,BOSTON,MA,90468
5768754,2026-08-16,2026-08-18,24897,Kellie Torres,3,record:39bffc6fb2e886cf220117d2,ActBlue Technical Services,provisional_record_group,False,Business Entity,17329,,Unspecified code,CAMBRIDGE,MA,90472
5778501,2026-08-16,2026-08-26,24973,Esther León,3,record:efad6510704c963eb926bca0,ActBlue,provisional_record_group,False,Other,99,Utilities,Utilities,BOSTON,MA,90500
5812386,2026-08-16,2026-09-15,23411,Jeremy Beausoleil Smith,4,record:a52452da73f3ed3eef36cd4c,UBER EATS,provisional_record_group,False,Business Entity,15589,General Operational Expenses (need description),General operations,SAN FRANCISCO,CA,90515
5768955,2026-08-17,2026-08-19,23365,Mitch Green,4,record:505d17ab5768e40aca75c089,ActBlue,provisional_record_group,False,Business Entity,298,Fundraising Event Expenses,Fundraising event code,W SOMERVILLE,MA,90264
5769154,2026-08-17,2026-08-19,25103,Jayne Cronlund,4,record:5171e4aed166824cebf78784,Lindsey Gonzales,provisional_record_group,False,Individual,21000,General Operational Expenses (need description),General operations,ROCKAWAY BEACH,OR,90267
5769155,2026-08-17,2026-08-19,25103,Jayne Cronlund,4,record:cecb6f624fc372953ef2777b,Lorraine Ortiz,provisional_record_group,False,Individual,50000,General Operational Expenses (need description),General operations,NEHALEM,OR,90268
5774077,2026-08-17,2026-08-24,23028,Angelita Morillo,3,record:505d17ab5768e40aca75c089,ActBlue,provisional_record_group,False,Business Entity,3349,Fundraising Event Expenses,Fundraising event code,W SOMERVILLE,MA,90321
5774263,2026-08-17,2026-08-24,23208,Tiffany Koyama Lane,3,record:505d17ab5768e40aca75c089,ActBlue,provisional_record_group,False,Business Entity,4067,Fundraising Event Expenses,Fundraising event code,W SOMERVILLE,MA,90323
5774458,2026-08-17,2026-08-24,23411,Jeremy Beausoleil Smith,4,record:505d17ab5768e40aca75c089,ActBlue,provisional_record_group,False,Business Entity,535,Fundraising Event Expenses,Fundraising event code,W SOMERVILLE,MA,90328
5774572,2026-08-17,2026-08-24,23208,Tiffany Koyama Lane,3,record:d6d0edb21ed9ce9f86ff1e82,Lyft,provisional_record_group,False,Business Entity,1550,General Operational Expenses (need description),General operations,SAN FRANCISCO,CA,90329
5774573,2026-08-17,2026-08-24,23208,Tiffany Koyama Lane,3,record:d6d0edb21ed9ce9f86ff1e82,Lyft,provisional_record_group,False,Business Entity,1069,General Operational Expenses (need description),General operations,SAN FRANCISCO,CA,90330
5774574,2026-08-17,2026-08-24,23208,Tiffany Koyama Lane,3,record:d6d0edb21ed9ce9f86ff1e82,Lyft,provisional_record_group,False,Business Entity,1913,General Operational Expenses (need description),General operations,SAN FRANCISCO,CA,90331
5774575,2026-08-17,2026-08-24,23208,Tiffany Koyama Lane,3,record:d6d0edb21ed9ce9f86ff1e82,Lyft,provisional_record_group,False,Business Entity,1496,General Operational Expenses (need description),General operations,SAN FRANCISCO,CA,90332
5774576,2026-08-17,2026-08-24,23208,Tiffany Koyama Lane,3,record:625938dea1994750c07ba36a,Fred Meyer,provisional_record_group,False,Business Entity,2242,General Operational Expenses (need description),General operations,PORTLAND,OR,90333
5774676,2026-08-17,2026-08-24,24966,Matthias Hallett,3,disclosure:24966:f88fe8ea980a,Miscellaneous Cash Expenditures $100 and under,disclosure_category,True,Unspecified,240,,Unspecified code,,,90334
5774876,2026-08-17,2026-08-24,25040,Jamey Evenstar,4,disclosure:25040:f88fe8ea980a,Miscellaneous Cash Expenditures $100 and under,disclosure_category,True,Unspecified,1800,,Unspecified code,,,90335
5804130,2026-08-17,2026-09-10,24979,Cristal Otero,3,disclosure:24979:f88fe8ea980a,Miscellaneous Cash Expenditures $100 and under,disclosure_category,True,Unspecified,50,,Unspecified code,,,90420
5812387,2026-08-17,2026-09-15,23411,Jeremy Beausoleil Smith,4,record:1c88d5aaebdf070eb960eea7,"RAISE MORE, INC.",provisional_record_group,False,Business Entity,25000,General Operational Expenses (need description),General operations,BROOKLYN,NY,90430
5812388,2026-08-17,2026-09-15,23411,Jeremy Beausoleil Smith,4,record:45f8b61bb8f6b8bc391fa17f,NighOwl Custom Apparel,provisional_record_group,False,Business Entity,48500,"Other Advertising (yard signs, buttons, etc.)",Other advertising / signs,PORTLAND,OR,90431
5812390,2026-08-17,2026-09-15,23411,Jeremy Beausoleil Smith,4,record:c5e0a27209f0954f54cdc337,Miro Merrill,provisional_record_group,False,Individual,25000,Preparation and Production of Advertising,Advertising production,PORTLAND,OR,90432
5812410,2026-08-17,2026-09-15,23411,Jeremy Beausoleil Smith,4,disclosure:23411:f88fe8ea980a,Miscellaneous Cash Expenditures $100 and under,disclosure_category,True,Unspecified,7522,,Unspecified code,,,90433
5768918,2026-08-18,2026-08-19,25040,Jamey Evenstar,4,record:b900ff917db084c9ad0d6f9f,Emma Jenson,provisional_record_group,False,Individual,200000,General Operational Expenses (need description),General operations,PORTLAND,OR,89918
5768922,2026-08-18,2026-08-19,25040,Jamey Evenstar,4,record:505d17ab5768e40aca75c089,ActBlue,provisional_record_group,False,Business Entity,90,Fundraising Event Expenses,Fundraising event code,W SOMERVILLE,MA,89919
5768962,2026-08-18,2026-08-19,23365,Mitch Green,4,record:505d17ab5768e40aca75c089,ActBlue,provisional_record_group,False,Business Entity,90,Fundraising Event Expenses,Fundraising event code,W SOMERVILLE,MA,89921
5769165,2026-08-18,2026-08-19,25103,Jayne Cronlund,4,record:428b0fcd0ef60ebaed796da1,Worldpay- C&E Merchant Services,provisional_record_group,False,Business Entity,1277,General Operational Expenses (need description),General operations,PORTLAND,OR,89927
5774118,2026-08-18,2026-08-24,23028,Angelita Morillo,3,record:505d17ab5768e40aca75c089,ActBlue,provisional_record_group,False,Business Entity,1131,Fundraising Event Expenses,Fundraising event code,W SOMERVILLE,MA,89991
5774132,2026-08-18,2026-08-24,23028,Angelita Morillo,3,record:0afcce6d604dd43c832a3240,COMPETE Digital LLC,provisional_record_group,False,Business Entity,150000,Online and Social Media Advertising,Online advertising,LAKE GROVE,OR,89992
5774305,2026-08-18,2026-08-24,23208,Tiffany Koyama Lane,3,record:505d17ab5768e40aca75c089,ActBlue,provisional_record_group,False,Business Entity,1499,Fundraising Event Expenses,Fundraising event code,W SOMERVILLE,MA,89994
5774310,2026-08-18,2026-08-24,23208,Tiffany Koyama Lane,3,record:047f6397562ce37a9ae50245,Hollywood Impress Printing,provisional_record_group,False,Business Entity,329500,"Literature, Brochures, Printing; Other Advertising (yard signs, buttons, etc.)",Multiple reported codes,PORTLAND,OR,89995
5774476,2026-08-18,2026-08-24,23411,Jeremy Beausoleil Smith,4,record:505d17ab5768e40aca75c089,ActBlue,provisional_record_group,False,Business Entity,511,Fundraising Event Expenses,Fundraising event code,W SOMERVILLE,MA,90000
5778061,2026-08-18,2026-08-26,17629,Eric Zimmerman,4,record:428b0fcd0ef60ebaed796da1,Worldpay- C&E Merchant Services,provisional_record_group,False,Business Entity,7238,General Operational Expenses (need description),General operations,PORTLAND,OR,90033
5786002,2026-08-18,2026-08-31,23295,Eli Arnold,4,record:428b0fcd0ef60ebaed796da1,Worldpay- C&E Merchant Services,provisional_record_group,False,Business Entity,9765,General Operational Expenses (need description),General operations,PORTLAND,OR,90078
5793127,2026-08-18,2026-09-03,15109,Steve Novick,3,record:428b0fcd0ef60ebaed796da1,Worldpay- C&E Merchant Services,provisional_record_group,False,Business Entity,26845,General Operational Expenses (need description),General operations,PORTLAND,OR,90107
5800215,2026-08-18,2026-09-08,23199,Olivia Clark,4,record:428b0fcd0ef60ebaed796da1,Worldpay- C&E Merchant Services,provisional_record_group,False,Business Entity,5355,General Operational Expenses (need description),General operations,PORTLAND,OR,90124
5806523,2026-08-18,2026-09-11,23365,Mitch Green,4,record:ec06484392494d6446d402cb,WEST COAST INSURANCE BROKERS,provisional_record_group,False,Business Entity,56300,General Operational Expenses (need description),General operations,TIGARD,OR,90157
5812391,2026-08-18,2026-09-15,23411,Jeremy Beausoleil Smith,4,record:047f6397562ce37a9ae50245,Hollywood Impress Printing,provisional_record_group,False,Business Entity,54200,"Literature, Brochures, Printing",Literature and printing,PORTLAND,OR,90178
5812392,2026-08-18,2026-09-15,23411,Jeremy Beausoleil Smith,4,record:0d7ad2b390ca07f2bed3447b,Corkscrew Wine Bar,provisional_record_group,False,Business Entity,55000,Fundraising Event Expenses,Fundraising event code,PORTLAND,OR,90179
5814450,2026-08-18,2026-09-17,23411,Jeremy Beausoleil Smith,4,record:189b6f5d46a06f68e316e335,Democratic Party of Oregon - Fed PAC,provisional_record_group,False,Other,110000,General Operational Expenses (need description),General operations,PORTLAND,OR,90199
5770217,2026-08-19,2026-08-19,24972,Joel Corcoran,3,record:7e730c330a08ae1587dd5c98,Meadowlark Bookkeeping,provisional_record_group,False,Business Entity,24800,,Unspecified code,PORTLAND,OR,89696
5770225,2026-08-19,2026-08-19,24897,Kellie Torres,3,record:17abdb148b055a5ce53d8282,Meadowlark Bookkeeping,provisional_record_group,False,Business Entity,114800,,Unspecified code,PORTLAND,OR,89699
5770229,2026-08-19,2026-08-19,24897,Kellie Torres,3,record:1c14a5741680e078dbe8cf51,Morel Ink,provisional_record_group,False,Business Entity,585100,"Literature, Brochures, Printing; Other Advertising (yard signs, buttons, etc.)",Multiple reported codes,PORTLAND,OR,89700
5774154,2026-08-19,2026-08-24,23028,Angelita Morillo,3,record:505d17ab5768e40aca75c089,ActBlue,provisional_record_group,False,Business Entity,395,Fundraising Event Expenses,Fundraising event code,W SOMERVILLE,MA,89744
5774324,2026-08-19,2026-08-24,23208,Tiffany Koyama Lane,3,record:505d17ab5768e40aca75c089,ActBlue,provisional_record_group,False,Business Entity,316,Fundraising Event Expenses,Fundraising event code,W SOMERVILLE,MA,89747
5774678,2026-08-19,2026-08-24,24966,Matthias Hallett,3,disclosure:24966:f88fe8ea980a,Miscellaneous Cash Expenditures $100 and under,disclosure_category,True,Unspecified,480,,Unspecified code,,,89756
5775527,2026-08-19,2026-08-25,23028,Angelita Morillo,3,record:05bd9efcbd3937d2a5b04585,Amazon,provisional_record_group,False,Business Entity,2698,General Operational Expenses (need description),General operations,SEATTLE,WA,89762
5775528,2026-08-19,2026-08-25,23028,Angelita Morillo,3,record:05bd9efcbd3937d2a5b04585,Amazon,provisional_record_group,False,Business Entity,2998,General Operational Expenses (need description),General operations,SEATTLE,WA,89763
5801223,2026-08-19,2026-09-09,24661,Tom Sollitt,3,record:c1a2b60c83ebbd9d8951b97a,ActBlue Technical Services,provisional_record_group,False,Business Entity,1103,General Operational Expenses (need description),General operations,CAMBRIDGE,MA,89842
5806525,2026-08-19,2026-09-11,23365,Mitch Green,4,record:f42d7a477a1c5eeb1e51901f,USPS PO Boxes,provisional_record_group,False,Other,12900,General Operational Expenses (need description),General operations,PORTLAND,OR,89872
5812393,2026-08-19,2026-09-15,23411,Jeremy Beausoleil Smith,4,record:791ed867668e971a9bab34b3,Halo Creative,provisional_record_group,False,Business Entity,153900,Online and Social Media Advertising,Online advertising,PORTLAND,OR,89881
5773873,2026-08-20,2026-08-23,25040,Jamey Evenstar,4,record:505d17ab5768e40aca75c089,ActBlue,provisional_record_group,False,Business Entity,60,Fundraising Event Expenses,Fundraising event code,W SOMERVILLE,MA,89499
5773880,2026-08-20,2026-08-23,25040,Jamey Evenstar,4,disclosure:25040:f88fe8ea980a,Miscellaneous Cash Expenditures $100 and under,disclosure_category,True,Unspecified,1699,,Unspecified code,,,89500
5774264,2026-08-20,2026-08-24,23365,Mitch Green,4,record:505d17ab5768e40aca75c089,ActBlue,provisional_record_group,False,Business Entity,496,Fundraising Event Expenses,Fundraising event code,W SOMERVILLE,MA,89504
5774330,2026-08-20,2026-08-24,23208,Tiffany Koyama Lane,3,record:505d17ab5768e40aca75c089,ActBlue,provisional_record_group,False,Business Entity,515,Fundraising Event Expenses,Fundraising event code,W SOMERVILLE,MA,89505
5774482,2026-08-20,2026-08-24,23411,Jeremy Beausoleil Smith,4,record:505d17ab5768e40aca75c089,ActBlue,provisional_record_group,False,Business Entity,20,Fundraising Event Expenses,Fundraising event code,W SOMERVILLE,MA,89509
5774680,2026-08-20,2026-08-24,24966,Matthias Hallett,3,disclosure:24966:f88fe8ea980a,Miscellaneous Cash Expenditures $100 and under,disclosure_category,True,Unspecified,135,,Unspecified code,,,89513
5786004,2026-08-20,2026-08-31,23295,Eli Arnold,4,record:18d577d4e47fed50eff3ccf3,Morel Ink,provisional_record_group,False,Business Entity,172500,"Other Advertising (yard signs, buttons, etc.)",Other advertising / signs,PORTLAND,OR,89571
5806527,2026-08-20,2026-09-11,23365,Mitch Green,4,record:f01e74e82bba5069509a5135,Fred Meyer,provisional_record_group,False,Business Entity,1098,General Operational Expenses (need description),General operations,PORTLAND,OR,89627
5773876,2026-08-21,2026-08-23,25040,Jamey Evenstar,4,record:505d17ab5768e40aca75c089,ActBlue,provisional_record_group,False,Business Entity,79,Fundraising Event Expenses,Fundraising event code,W SOMERVILLE,MA,89300
5774161,2026-08-21,2026-08-24,23028,Angelita Morillo,3,record:505d17ab5768e40aca75c089,ActBlue,provisional_record_group,False,Business Entity,198,Fundraising Event Expenses,Fundraising event code,W SOMERVILLE,MA,89304
5774281,2026-08-21,2026-08-24,23365,Mitch Green,4,record:5e5036c15c730a5e20efbb21,Milne Inc,provisional_record_group,False,Business Entity,100000,General Operational Expenses (need description),General operations,PORTLAND,OR,89306
5774287,2026-08-21,2026-08-24,23365,Mitch Green,4,record:505d17ab5768e40aca75c089,ActBlue,provisional_record_group,False,Business Entity,198,Fundraising Event Expenses,Fundraising event code,W SOMERVILLE,MA,89307
5774338,2026-08-21,2026-08-24,23208,Tiffany Koyama Lane,3,record:505d17ab5768e40aca75c089,ActBlue,provisional_record_group,False,Business Entity,178,Fundraising Event Expenses,Fundraising event code,W SOMERVILLE,MA,89308
5774484,2026-08-21,2026-08-24,23411,Jeremy Beausoleil Smith,4,record:505d17ab5768e40aca75c089,ActBlue,provisional_record_group,False,Business Entity,24,Fundraising Event Expenses,Fundraising event code,W SOMERVILLE,MA,89312
5793129,2026-08-21,2026-09-03,15109,Steve Novick,3,record:a87bba81b2bfcdffb48b900a,Hunch Theory,provisional_record_group,False,Business Entity,60000,General Operational Expenses (need description),General operations,PORTLAND,OR,89376
5800218,2026-08-21,2026-09-08,23199,Olivia Clark,4,record:1c14a5741680e078dbe8cf51,Morel Ink,provisional_record_group,False,Business Entity,283200,"Other Advertising (yard signs, buttons, etc.)",Other advertising / signs,PORTLAND,OR,89390
5773878,2026-08-22,2026-08-23,25040,Jamey Evenstar,4,record:505d17ab5768e40aca75c089,ActBlue,provisional_record_group,False,Business Entity,80,Fundraising Event Expenses,Fundraising event code,W SOMERVILLE,MA,89209
5774174,2026-08-22,2026-08-24,23028,Angelita Morillo,3,record:505d17ab5768e40aca75c089,ActBlue,provisional_record_group,False,Business Entity,1461,Fundraising Event Expenses,Fundraising event code,W SOMERVILLE,MA,89214
5774296,2026-08-22,2026-08-24,23365,Mitch Green,4,record:505d17ab5768e40aca75c089,ActBlue,provisional_record_group,False,Business Entity,801,Fundraising Event Expenses,Fundraising event code,W SOMERVILLE,MA,89215
5774343,2026-08-22,2026-08-24,23208,Tiffany Koyama Lane,3,record:505d17ab5768e40aca75c089,ActBlue,provisional_record_group,False,Business Entity,1066,Fundraising Event Expenses,Fundraising event code,W SOMERVILLE,MA,89216
5774487,2026-08-22,2026-08-24,23411,Jeremy Beausoleil Smith,4,record:505d17ab5768e40aca75c089,ActBlue,provisional_record_group,False,Business Entity,792,Fundraising Event Expenses,Fundraising event code,W SOMERVILLE,MA,89218
5774683,2026-08-22,2026-08-24,24966,Matthias Hallett,3,disclosure:24966:f88fe8ea980a,Miscellaneous Cash Expenditures $100 and under,disclosure_category,True,Unspecified,550,,Unspecified code,,,89221
5802208,2026-08-22,2026-09-10,25103,Jayne Cronlund,4,disclosure:25103:f88fe8ea980a,Miscellaneous Cash Expenditures $100 and under,disclosure_category,True,Unspecified,2000,,Unspecified code,,,89238
5806528,2026-08-22,2026-09-11,23365,Mitch Green,4,record:34c4b29f85de296af56289f7,The Deck,provisional_record_group,False,Business Entity,26220,General Operational Expenses (need description),General operations,PORTLAND,OR,89240
5774206,2026-08-23,2026-08-24,23028,Angelita Morillo,3,record:505d17ab5768e40aca75c089,ActBlue,provisional_record_group,False,Business Entity,654,Fundraising Event Expenses,Fundraising event code,W SOMERVILLE,MA,89126
5774219,2026-08-23,2026-08-24,25040,Jamey Evenstar,4,record:505d17ab5768e40aca75c089,ActBlue,provisional_record_group,False,Business Entity,99,Fundraising Event Expenses,Fundraising event code,W SOMERVILLE,MA,89127
5774325,2026-08-23,2026-08-24,23365,Mitch Green,4,record:505d17ab5768e40aca75c089,ActBlue,provisional_record_group,False,Business Entity,1147,Fundraising Event Expenses,Fundraising event code,W SOMERVILLE,MA,89129
5774361,2026-08-23,2026-08-24,23208,Tiffany Koyama Lane,3,record:505d17ab5768e40aca75c089,ActBlue,provisional_record_group,False,Business Entity,633,Fundraising Event Expenses,Fundraising event code,W SOMERVILLE,MA,89130
5778499,2026-08-23,2026-08-26,24973,Esther León,3,record:efad6510704c963eb926bca0,ActBlue,provisional_record_group,False,Other,60,Utilities,Utilities,BOSTON,MA,89147
5780395,2026-08-23,2026-08-27,24897,Kellie Torres,3,record:39bffc6fb2e886cf220117d2,ActBlue Technical Services,provisional_record_group,False,Business Entity,10910,,Unspecified code,CAMBRIDGE,MA,89155
5775506,2026-08-24,2026-08-25,23365,Mitch Green,4,record:505d17ab5768e40aca75c089,ActBlue,provisional_record_group,False,Business Entity,443,Fundraising Event Expenses,Fundraising event code,W SOMERVILLE,MA,98548
5775510,2026-08-24,2026-08-25,23365,Mitch Green,4,record:5e5036c15c730a5e20efbb21,Milne Inc,provisional_record_group,False,Business Entity,250000,General Operational Expenses (need description),General operations,PORTLAND,OR,98549
5775511,2026-08-24,2026-08-25,23365,Mitch Green,4,record:ef71b0070816502a8e905287,Eyes & Ears LLC,provisional_record_group,False,Business Entity,550000,Preparation and Production of Advertising,Advertising production,PORTLAND,OR,98550
5775513,2026-08-24,2026-08-25,23365,Mitch Green,4,record:1035ecfaa16a287247308743,Shotgun Labs LLC,provisional_record_group,False,Business Entity,75000,Fundraising Event Expenses,Fundraising event code,PORTLAND,OR,98551
5775515,2026-08-24,2026-08-25,23365,Mitch Green,4,record:cbd6dc09b4ef4075e87bd5ba,Gal Pal Productions,provisional_record_group,False,Business Entity,19950,Online and Social Media Advertising,Online advertising,TROUTDALE,OR,98552
5775529,2026-08-24,2026-08-25,23028,Angelita Morillo,3,record:505d17ab5768e40aca75c089,ActBlue,provisional_record_group,False,Business Entity,384,Fundraising Event Expenses,Fundraising event code,W SOMERVILLE,MA,98553
5775531,2026-08-24,2026-08-25,23028,Angelita Morillo,3,record:e1b7c42aeb117555130c720b,Team Mars Consulting,provisional_record_group,False,Business Entity,524521,General Operational Expenses (need description); Travel Expenses (need description),Multiple reported codes,HILLSBORO,OR,98554
5775532,2026-08-24,2026-08-25,23028,Angelita Morillo,3,record:3c37d978f79677f4a6c49cde,Infused LLC,provisional_record_group,False,Business Entity,110000,General Operational Expenses (need description),General operations,LAKE OSWEGO,OR,98555
5775541,2026-08-24,2026-08-25,23028,Angelita Morillo,3,disclosure:23028:f88fe8ea980a,Miscellaneous Cash Expenditures $100 and under,disclosure_category,True,Unspecified,3114,,Unspecified code,,,98556
5775545,2026-08-24,2026-08-25,23208,Tiffany Koyama Lane,3,record:505d17ab5768e40aca75c089,ActBlue,provisional_record_group,False,Business Entity,106,Fundraising Event Expenses,Fundraising event code,W SOMERVILLE,MA,98557
5775547,2026-08-24,2026-08-25,23208,Tiffany Koyama Lane,3,record:3c37d978f79677f4a6c49cde,Infused LLC,provisional_record_group,False,Business Entity,150000,General Operational Expenses (need description),General operations,LAKE OSWEGO,OR,98558
5775548,2026-08-24,2026-08-25,23208,Tiffany Koyama Lane,3,record:f9b918c4d087f0ce66a641d9,Kashann Kilson,provisional_record_group,False,Individual,5000,General Operational Expenses (need description),General operations,PORTLAND,OR,98559
5775549,2026-08-24,2026-08-25,23208,Tiffany Koyama Lane,3,record:1881f8fe4169bab7e8fce1cf,Lindsey Montague,provisional_record_group,False,Individual,288000,General Operational Expenses (need description),General operations,PORTLAND,OR,98560
5785298,2026-08-24,2026-08-31,25040,Jamey Evenstar,4,record:505d17ab5768e40aca75c089,ActBlue,provisional_record_group,False,Business Entity,99,Fundraising Event Expenses,Fundraising event code,W SOMERVILLE,MA,98622
5802146,2026-08-24,2026-09-10,25103,Jayne Cronlund,4,record:5171e4aed166824cebf78784,Lindsey Gonzales,provisional_record_group,False,Individual,28500,General Operational Expenses (need description),General operations,ROCKAWAY BEACH,OR,98700
5802210,2026-08-24,2026-09-10,25103,Jayne Cronlund,4,disclosure:25103:f88fe8ea980a,Miscellaneous Cash Expenditures $100 and under,disclosure_category,True,Unspecified,10803,,Unspecified code,,,98701
5806726,2026-08-24,2026-09-11,23365,Mitch Green,4,disclosure:23365:f88fe8ea980a,Miscellaneous Cash Expenditures $100 and under,disclosure_category,True,Unspecified,2500,,Unspecified code,,,98713
5807700,2026-08-24,2026-09-14,25040,Jamey Evenstar,4,record:00556d1eebf640a5d701b71f,Jamey Evenstar,provisional_record_group,False,Candidate & Immediate Family,10000,Reimbursement for Personal Expenditures,Personal-expense reimbursement,LAKE OSWEGO,OR,98716
5808168,2026-08-24,2026-09-14,23208,Tiffany Koyama Lane,3,disclosure:23208:f88fe8ea980a,Miscellaneous Cash Expenditures $100 and under,disclosure_category,True,Unspecified,156,,Unspecified code,,,98717
5812395,2026-08-24,2026-09-15,23411,Jeremy Beausoleil Smith,4,record:3f06c69f2a6c57c299711c72,NICHOLAS RESTAURANT,provisional_record_group,False,Business Entity,11200,General Operational Expenses (need description),General operations,PORTLAND,OR,98725
5812396,2026-08-24,2026-09-15,23411,Jeremy Beausoleil Smith,4,record:110708603cce21b99f9fb92e,Portland Clean Air,provisional_record_group,False,Other,500000,General Operational Expenses (need description),General operations,PORTLAND,OR,98726
5775551,2026-08-25,2026-08-25,23208,Tiffany Koyama Lane,3,record:c3d59d0141c4dc1d3bd91277,Gal Pal,provisional_record_group,False,Business Entity,49950,Preparation and Production of Advertising,Advertising production,TROUTDALE,OR,98150
5775640,2026-08-25,2026-08-25,23411,Jeremy Beausoleil Smith,4,record:6ff55e9d23eac3f7ff03a674,Justin Filtz,provisional_record_group,False,Individual,280000,General Operational Expenses (need description),General operations,PORTLAND,OR,98156
5776222,2026-08-25,2026-08-26,24966,Matthias Hallett,3,record:ca68c9562110e28c5f3c33a3,Multnomah County Elections ,provisional_record_group,False,Other,30000,General Operational Expenses (need description),General operations,PORTLAND,OR,98185
5776224,2026-08-25,2026-08-26,24966,Matthias Hallett,3,disclosure:24966:f88fe8ea980a,Miscellaneous Cash Expenditures $100 and under,disclosure_category,True,Unspecified,200,,Unspecified code,,,98186
5780489,2026-08-25,2026-08-27,24897,Kellie Torres,3,disclosure:24897:f88fe8ea980a,Miscellaneous Cash Expenditures $100 and under,disclosure_category,True,Unspecified,1500,,Unspecified code,,,98233
5785323,2026-08-25,2026-08-31,23365,Mitch Green,4,record:505d17ab5768e40aca75c089,ActBlue,provisional_record_group,False,Business Entity,80,Fundraising Event Expenses,Fundraising event code,W SOMERVILLE,MA,98270
5785362,2026-08-25,2026-08-31,23208,Tiffany Koyama Lane,3,record:505d17ab5768e40aca75c089,ActBlue,provisional_record_group,False,Business Entity,6386,Fundraising Event Expenses,Fundraising event code,W SOMERVILLE,MA,98272
5785363,2026-08-25,2026-08-31,23028,Angelita Morillo,3,record:505d17ab5768e40aca75c089,ActBlue,provisional_record_group,False,Business Entity,80,Fundraising Event Expenses,Fundraising event code,W SOMERVILLE,MA,98273
5785372,2026-08-25,2026-08-31,23208,Tiffany Koyama Lane,3,record:047f6397562ce37a9ae50245,Hollywood Impress Printing,provisional_record_group,False,Business Entity,42000,"Other Advertising (yard signs, buttons, etc.)",Other advertising / signs,PORTLAND,OR,98274
5785564,2026-08-25,2026-08-31,23411,Jeremy Beausoleil Smith,4,record:505d17ab5768e40aca75c089,ActBlue,provisional_record_group,False,Business Entity,198,Fundraising Event Expenses,Fundraising event code,W SOMERVILLE,MA,98276
5786006,2026-08-25,2026-08-31,23295,Eli Arnold,4,record:0eb73d5acd64e6f49f91176f,Multnomah County Elections Division,provisional_record_group,False,Other,30000,General Operational Expenses (need description),General operations,PORTLAND,OR,98284
5786270,2026-08-25,2026-08-31,23295,Eli Arnold,4,disclosure:23295:f88fe8ea980a,Miscellaneous Cash Expenditures $100 and under,disclosure_category,True,Unspecified,104,,Unspecified code,,,98286
5801221,2026-08-25,2026-09-09,24661,Tom Sollitt,3,record:104fb8a6293648d0949a1609,Vance Daniel,provisional_record_group,False,Individual,100000,General Operational Expenses (need description),General operations,PORTLAND,OR,98362
5801286,2026-08-25,2026-09-09,24661,Tom Sollitt,3,disclosure:24661:f88fe8ea980a,Miscellaneous Cash Expenditures $100 and under,disclosure_category,True,Unspecified,1750,,Unspecified code,,,98364
5802148,2026-08-25,2026-09-10,25103,Jayne Cronlund,4,record:bcd5b0be639344e30457c665,Katherine Lacaze,provisional_record_group,False,Individual,20000,Newspaper and Other Periodical Advertising,Print-media advertising,SEASIDE,OR,98371
5802152,2026-08-25,2026-09-10,25103,Jayne Cronlund,4,record:0eb73d5acd64e6f49f91176f,Multnomah County Elections Division,provisional_record_group,False,Other,30000,General Operational Expenses (need description),General operations,PORTLAND,OR,98372
5806531,2026-08-25,2026-09-11,23365,Mitch Green,4,record:0eb73d5acd64e6f49f91176f,Multnomah County Elections Division,provisional_record_group,False,Other,30000,General Operational Expenses (need description),General operations,PORTLAND,OR,98390
5807701,2026-08-25,2026-09-14,25040,Jamey Evenstar,4,record:0eb73d5acd64e6f49f91176f,Multnomah County Elections Division,provisional_record_group,False,Other,30000,General Operational Expenses (need description),General operations,PORTLAND,OR,98393
5807702,2026-08-25,2026-09-14,25040,Jamey Evenstar,4,record:ac445c010f54cc8eae525904,Copyman,provisional_record_group,False,Business Entity,97550,"Literature, Brochures, Printing",Literature and printing,PORTLAND,OR,98394
5807759,2026-08-25,2026-09-14,23208,Tiffany Koyama Lane,3,record:c3d59d0141c4dc1d3bd91277,Gal Pal,provisional_record_group,False,Business Entity,30000,"Literature, Brochures, Printing",Literature and printing,TROUTDALE,OR,98395
5807762,2026-08-25,2026-09-14,23028,Angelita Morillo,3,record:cbd6dc09b4ef4075e87bd5ba,Gal Pal Productions,provisional_record_group,False,Business Entity,19950,Preparation and Production of Advertising,Advertising production,TROUTDALE,OR,98396
5807763,2026-08-25,2026-09-14,23208,Tiffany Koyama Lane,3,record:1d13197007c784df721d7359,Canva,provisional_record_group,False,Business Entity,4500,General Operational Expenses (need description),General operations,SAN JOSE,CA,98397
5807765,2026-08-25,2026-09-14,23028,Angelita Morillo,3,record:cbd6dc09b4ef4075e87bd5ba,Gal Pal Productions,provisional_record_group,False,Business Entity,30000,"Literature, Brochures, Printing",Literature and printing,TROUTDALE,OR,98398
5808123,2026-08-25,2026-09-14,23028,Angelita Morillo,3,disclosure:23028:f88fe8ea980a,Miscellaneous Cash Expenditures $100 and under,disclosure_category,True,Unspecified,3236,,Unspecified code,,,98399
5812398,2026-08-25,2026-09-15,23411,Jeremy Beausoleil Smith,4,record:ca68c9562110e28c5f3c33a3,MULTNOMAH COUNTY ELECTIONS,provisional_record_group,False,Other,30000,General Operational Expenses (need description),General operations,PORTLAND,OR,98403
5812411,2026-08-25,2026-09-15,23411,Jeremy Beausoleil Smith,4,disclosure:23411:f88fe8ea980a,Miscellaneous Cash Expenditures $100 and under,disclosure_category,True,Unspecified,4200,,Unspecified code,,,98404
5777864,2026-08-26,2026-08-26,24972,Joel Corcoran,3,record:93cfff0853707a8b54b51438,Multnomah County elections,provisional_record_group,False,Business Entity,30000,,Unspecified code,PORTLAND,OR,97840
5780490,2026-08-26,2026-08-27,24897,Kellie Torres,3,disclosure:24897:f88fe8ea980a,Miscellaneous Cash Expenditures $100 and under,disclosure_category,True,Unspecified,8160,,Unspecified code,,,97907
5785301,2026-08-26,2026-08-31,25040,Jamey Evenstar,4,record:505d17ab5768e40aca75c089,ActBlue,provisional_record_group,False,Business Entity,633,Fundraising Event Expenses,Fundraising event code,W SOMERVILLE,MA,97929
5785326,2026-08-26,2026-08-31,23365,Mitch Green,4,record:505d17ab5768e40aca75c089,ActBlue,provisional_record_group,False,Business Entity,205,Fundraising Event Expenses,Fundraising event code,W SOMERVILLE,MA,97930
5785373,2026-08-26,2026-08-31,23028,Angelita Morillo,3,record:505d17ab5768e40aca75c089,ActBlue,provisional_record_group,False,Business Entity,384,Fundraising Event Expenses,Fundraising event code,W SOMERVILLE,MA,97932
5785446,2026-08-26,2026-08-31,23208,Tiffany Koyama Lane,3,record:505d17ab5768e40aca75c089,ActBlue,provisional_record_group,False,Business Entity,2598,Fundraising Event Expenses,Fundraising event code,W SOMERVILLE,MA,97933
5785576,2026-08-26,2026-08-31,23411,Jeremy Beausoleil Smith,4,record:505d17ab5768e40aca75c089,ActBlue,provisional_record_group,False,Business Entity,594,Fundraising Event Expenses,Fundraising event code,W SOMERVILLE,MA,97936
5786272,2026-08-26,2026-08-31,23295,Eli Arnold,4,disclosure:23295:f88fe8ea980a,Miscellaneous Cash Expenditures $100 and under,disclosure_category,True,Unspecified,7719,,Unspecified code,,,97941
5801224,2026-08-26,2026-09-09,24661,Tom Sollitt,3,record:c1a2b60c83ebbd9d8951b97a,ActBlue Technical Services,provisional_record_group,False,Business Entity,745,General Operational Expenses (need description),General operations,CAMBRIDGE,MA,98048
5801225,2026-08-26,2026-09-09,24661,Tom Sollitt,3,record:0eb73d5acd64e6f49f91176f,Multnomah County Elections Division,provisional_record_group,False,Other,30000,General Operational Expenses (need description),General operations,PORTLAND,OR,98049
5802211,2026-08-26,2026-09-10,25103,Jayne Cronlund,4,disclosure:25103:f88fe8ea980a,Miscellaneous Cash Expenditures $100 and under,disclosure_category,True,Unspecified,7719,,Unspecified code,,,98059
5806727,2026-08-26,2026-09-11,23365,Mitch Green,4,disclosure:23365:f88fe8ea980a,Miscellaneous Cash Expenditures $100 and under,disclosure_category,True,Unspecified,7719,,Unspecified code,,,98076
5807777,2026-08-26,2026-09-14,23028,Angelita Morillo,3,record:0eb73d5acd64e6f49f91176f,Multnomah County Elections Division,provisional_record_group,False,Other,30000,General Operational Expenses (need description),General operations,PORTLAND,OR,98078
5807780,2026-08-26,2026-09-14,23028,Angelita Morillo,3,record:55d42979fb2f0e3449f4e416,Sprout Chinn,provisional_record_group,False,Individual,451704,"Travel Expenses (need description); Wages, Salaries, Benefits",Multiple reported codes,PORTLAND,OR,98079
5808114,2026-08-26,2026-09-14,25040,Jamey Evenstar,4,disclosure:25040:f88fe8ea980a,Miscellaneous Cash Expenditures $100 and under,disclosure_category,True,Unspecified,7719,,Unspecified code,,,98080
5808169,2026-08-26,2026-09-14,23208,Tiffany Koyama Lane,3,disclosure:23208:f88fe8ea980a,Miscellaneous Cash Expenditures $100 and under,disclosure_category,True,Unspecified,2569,,Unspecified code,,,98081
5812412,2026-08-26,2026-09-15,23411,Jeremy Beausoleil Smith,4,disclosure:23411:f88fe8ea980a,Miscellaneous Cash Expenditures $100 and under,disclosure_category,True,Unspecified,7719,,Unspecified code,,,98094
5780480,2026-08-27,2026-08-27,24897,Kellie Torres,3,record:01fbb70817f7d3eee4a45388,Kellie Torres,provisional_record_group,False,Candidate & Immediate Family,30000,Reimbursement for Personal Expenditures,Personal-expense reimbursement,PORTLAND,OR,97635
5780486,2026-08-27,2026-08-27,24897,Kellie Torres,3,record:bc27ed0a95732a264f35f6ca,City Wins LLC,provisional_record_group,False,Business Entity,450000,,Unspecified code,PORTLAND,OR,97636
5780488,2026-08-27,2026-08-27,24897,Kellie Torres,3,record:c3546de0f8c2242a8c75cd5f,Oregon Secretary of State,provisional_record_group,False,Business Entity,10146,,Unspecified code,SALEM,OR,97637
5785306,2026-08-27,2026-08-31,25040,Jamey Evenstar,4,record:505d17ab5768e40aca75c089,ActBlue,provisional_record_group,False,Business Entity,979,Fundraising Event Expenses,Fundraising event code,W SOMERVILLE,MA,97675
5785331,2026-08-27,2026-08-31,23365,Mitch Green,4,record:505d17ab5768e40aca75c089,ActBlue,provisional_record_group,False,Business Entity,348,Fundraising Event Expenses,Fundraising event code,W SOMERVILLE,MA,97676
5785394,2026-08-27,2026-08-31,23028,Angelita Morillo,3,record:505d17ab5768e40aca75c089,ActBlue,provisional_record_group,False,Business Entity,1542,Fundraising Event Expenses,Fundraising event code,W SOMERVILLE,MA,97678
5785469,2026-08-27,2026-08-31,23208,Tiffany Koyama Lane,3,record:505d17ab5768e40aca75c089,ActBlue,provisional_record_group,False,Business Entity,3618,Fundraising Event Expenses,Fundraising event code,W SOMERVILLE,MA,97679
5812401,2026-08-27,2026-09-15,23411,Jeremy Beausoleil Smith,4,record:f65fc3081d706335d475687d,Sophie Ciurlik Rittenbaum,provisional_record_group,False,Individual,100000,General Operational Expenses (need description),General operations,PORTLAND,OR,97788
5785312,2026-08-28,2026-08-31,25040,Jamey Evenstar,4,record:505d17ab5768e40aca75c089,ActBlue,provisional_record_group,False,Business Entity,198,Fundraising Event Expenses,Fundraising event code,W SOMERVILLE,MA,97463
5785335,2026-08-28,2026-08-31,23365,Mitch Green,4,record:505d17ab5768e40aca75c089,ActBlue,provisional_record_group,False,Business Entity,1503,Fundraising Event Expenses,Fundraising event code,W SOMERVILLE,MA,97464
5785403,2026-08-28,2026-08-31,23028,Angelita Morillo,3,record:505d17ab5768e40aca75c089,ActBlue,provisional_record_group,False,Business Entity,1721,Fundraising Event Expenses,Fundraising event code,W SOMERVILLE,MA,97466
5785484,2026-08-28,2026-08-31,23208,Tiffany Koyama Lane,3,record:505d17ab5768e40aca75c089,ActBlue,provisional_record_group,False,Business Entity,2097,Fundraising Event Expenses,Fundraising event code,W SOMERVILLE,MA,97467
5785583,2026-08-28,2026-08-31,23411,Jeremy Beausoleil Smith,4,record:505d17ab5768e40aca75c089,ActBlue,provisional_record_group,False,Business Entity,99,Fundraising Event Expenses,Fundraising event code,W SOMERVILLE,MA,97469
5806539,2026-08-28,2026-09-11,23365,Mitch Green,4,record:90db1618413a971484f89e2d,Parking NW,provisional_record_group,False,Business Entity,4548,General Operational Expenses (need description),General operations,PORTLAND,OR,97550
5806540,2026-08-28,2026-09-11,23365,Mitch Green,4,record:90db1618413a971484f89e2d,Parking NW,provisional_record_group,False,Business Entity,23500,General Operational Expenses (need description),General operations,PORTLAND,OR,97551
5806728,2026-08-28,2026-09-11,23365,Mitch Green,4,disclosure:23365:f88fe8ea980a,Miscellaneous Cash Expenditures $100 and under,disclosure_category,True,Unspecified,1996,,Unspecified code,,,97554
5807781,2026-08-28,2026-09-14,23208,Tiffany Koyama Lane,3,record:d15e5d8264f99addf2560997,Roseto Films,provisional_record_group,False,Business Entity,245000,Online and Social Media Advertising,Online advertising,PORTLAND,OR,97557
5807785,2026-08-28,2026-09-14,23208,Tiffany Koyama Lane,3,record:4fd63b1a451b6ae91ddc0862,Kashann Kilson,provisional_record_group,False,Individual,25000,General Operational Expenses (need description),General operations,PORTLAND,OR,97558
5812402,2026-08-28,2026-09-15,23411,Jeremy Beausoleil Smith,4,record:791ed867668e971a9bab34b3,Halo Creative,provisional_record_group,False,Business Entity,153257,Preparation and Production of Advertising,Advertising production,PORTLAND,OR,97572
5813799,2026-08-28,2026-09-17,17629,Eric Zimmerman,4,record:af6482e89d8b2a0e93e6b1dd,Fir Tree Media,provisional_record_group,False,Business Entity,242669,Management Services,Management services,PORTLAND,OR,97580
5785315,2026-08-29,2026-08-31,25040,Jamey Evenstar,4,record:505d17ab5768e40aca75c089,ActBlue,provisional_record_group,False,Business Entity,673,Fundraising Event Expenses,Fundraising event code,W SOMERVILLE,MA,97382
5785344,2026-08-29,2026-08-31,23365,Mitch Green,4,record:505d17ab5768e40aca75c089,ActBlue,provisional_record_group,False,Business Entity,646,Fundraising Event Expenses,Fundraising event code,W SOMERVILLE,MA,97383
5785418,2026-08-29,2026-08-31,23028,Angelita Morillo,3,record:505d17ab5768e40aca75c089,ActBlue,provisional_record_group,False,Business Entity,410,Fundraising Event Expenses,Fundraising event code,W SOMERVILLE,MA,97385
5785493,2026-08-29,2026-08-31,23208,Tiffany Koyama Lane,3,record:505d17ab5768e40aca75c089,ActBlue,provisional_record_group,False,Business Entity,2289,Fundraising Event Expenses,Fundraising event code,W SOMERVILLE,MA,97386
5785585,2026-08-29,2026-08-31,23411,Jeremy Beausoleil Smith,4,record:505d17ab5768e40aca75c089,ActBlue,provisional_record_group,False,Business Entity,297,Fundraising Event Expenses,Fundraising event code,W SOMERVILLE,MA,97389
5786819,2026-08-29,2026-08-31,24973,Esther León,3,record:f70c8e1f10a86e6582f4c145,Noelle Daniels,provisional_record_group,False,Individual,50000,"Wages, Salaries, Benefits","Wages, salaries, benefits",PORTLAND,OR,97393
5786825,2026-08-29,2026-08-31,24973,Esther León,3,record:f70c8e1f10a86e6582f4c145,Noelle Daniels,provisional_record_group,False,Individual,50000,"Wages, Salaries, Benefits","Wages, salaries, benefits",PORTLAND,OR,97394
5802096,2026-08-29,2026-09-10,24966,Matthias Hallett,3,disclosure:24966:f88fe8ea980a,Miscellaneous Cash Expenditures $100 and under,disclosure_category,True,Unspecified,240,,Unspecified code,,,97409
5804131,2026-08-29,2026-09-10,24979,Cristal Otero,3,disclosure:24979:f88fe8ea980a,Miscellaneous Cash Expenditures $100 and under,disclosure_category,True,Unspecified,1030,,Unspecified code,,,97413
5806538,2026-08-29,2026-09-11,23365,Mitch Green,4,record:b17a9a7a1bdd7ba66d2b7717,The Home Depot,provisional_record_group,False,Business Entity,21792,General Operational Expenses (need description),General operations,ATLANTA,GA,97414
5785319,2026-08-30,2026-08-31,25040,Jamey Evenstar,4,record:505d17ab5768e40aca75c089,ActBlue,provisional_record_group,False,Business Entity,988,Fundraising Event Expenses,Fundraising event code,W SOMERVILLE,MA,97331
5785352,2026-08-30,2026-08-31,23365,Mitch Green,4,record:505d17ab5768e40aca75c089,ActBlue,provisional_record_group,False,Business Entity,595,Fundraising Event Expenses,Fundraising event code,W SOMERVILLE,MA,97332
5785444,2026-08-30,2026-08-31,23028,Angelita Morillo,3,record:505d17ab5768e40aca75c089,ActBlue,provisional_record_group,False,Business Entity,1168,Fundraising Event Expenses,Fundraising event code,W SOMERVILLE,MA,97334
5785511,2026-08-30,2026-08-31,23208,Tiffany Koyama Lane,3,record:505d17ab5768e40aca75c089,ActBlue,provisional_record_group,False,Business Entity,1605,Fundraising Event Expenses,Fundraising event code,W SOMERVILLE,MA,97335
5785588,2026-08-30,2026-08-31,23411,Jeremy Beausoleil Smith,4,record:505d17ab5768e40aca75c089,ActBlue,provisional_record_group,False,Business Entity,970,Fundraising Event Expenses,Fundraising event code,W SOMERVILLE,MA,97339
5800441,2026-08-30,2026-09-08,24897,Kellie Torres,3,record:39bffc6fb2e886cf220117d2,ActBlue Technical Services,provisional_record_group,False,Business Entity,14257,,Unspecified code,CAMBRIDGE,MA,97363
5786017,2026-08-31,2026-08-31,23295,Eli Arnold,4,record:a2fa2fc6938271c9e744f5a8,CLR Publishing/Northwest Examiner,provisional_record_group,False,Business Entity,210000,Newspaper and Other Periodical Advertising,Print-media advertising,PORTLAND,OR,97060
5786019,2026-08-31,2026-08-31,23295,Eli Arnold,4,record:cd3a1679b6dcc6825c248425,White Hat Technology,provisional_record_group,False,Business Entity,190750,General Operational Expenses (need description),General operations,PHOENIX,AZ,97061
5786830,2026-08-31,2026-08-31,24973,Esther León,3,record:f70c8e1f10a86e6582f4c145,Noelle Daniels,provisional_record_group,False,Individual,50000,"Wages, Salaries, Benefits","Wages, salaries, benefits",PORTLAND,OR,97085
5786836,2026-08-31,2026-08-31,24973,Esther León,3,record:5221569a5133b906de32e4e0,The Southeast Examiner,provisional_record_group,False,Business Entity,63200,Newspaper and Other Periodical Advertising,Print-media advertising,PORTLAND,OR,97086
5795899,2026-08-31,2026-09-07,25040,Jamey Evenstar,4,record:505d17ab5768e40aca75c089,ActBlue,provisional_record_group,False,Business Entity,99,Fundraising Event Expenses,Fundraising event code,W SOMERVILLE,MA,97194
5795901,2026-08-31,2026-09-07,23365,Mitch Green,4,record:505d17ab5768e40aca75c089,ActBlue,provisional_record_group,False,Business Entity,555,Fundraising Event Expenses,Fundraising event code,W SOMERVILLE,MA,97195
5795972,2026-08-31,2026-09-07,23208,Tiffany Koyama Lane,3,record:505d17ab5768e40aca75c089,ActBlue,provisional_record_group,False,Business Entity,3476,Fundraising Event Expenses,Fundraising event code,W SOMERVILLE,MA,97196
5795973,2026-08-31,2026-09-07,23028,Angelita Morillo,3,record:505d17ab5768e40aca75c089,ActBlue,provisional_record_group,False,Business Entity,654,Fundraising Event Expenses,Fundraising event code,W SOMERVILLE,MA,97197
5796112,2026-08-31,2026-09-07,23411,Jeremy Beausoleil Smith,4,record:505d17ab5768e40aca75c089,ActBlue,provisional_record_group,False,Business Entity,297,Fundraising Event Expenses,Fundraising event code,W SOMERVILLE,MA,97199
5800445,2026-08-31,2026-09-08,24897,Kellie Torres,3,record:368600d4daede5447c31a996,Square space,provisional_record_group,False,Business Entity,1807,,Unspecified code,NEW YORK,NY,97212
5800448,2026-08-31,2026-09-08,24897,Kellie Torres,3,record:29d9bda096dc871c15b65fcb,Mackenzie Gray,provisional_record_group,False,Individual,54000,,Unspecified code,PORTLAND,OR,97213
5800454,2026-08-31,2026-09-08,24897,Kellie Torres,3,disclosure:24897:f88fe8ea980a,Miscellaneous Cash Expenditures $100 and under,disclosure_category,True,Unspecified,3702,,Unspecified code,,,97214
5802097,2026-08-31,2026-09-10,24966,Matthias Hallett,3,disclosure:24966:f88fe8ea980a,Miscellaneous Cash Expenditures $100 and under,disclosure_category,True,Unspecified,896,,Unspecified code,,,97233
5802158,2026-08-31,2026-09-10,25103,Jayne Cronlund,4,record:165c7898a111d5812ff2e793,Pearl Hardware,provisional_record_group,False,Business Entity,18296,General Operational Expenses (need description),General operations,PORTLAND,OR,97234
5807838,2026-08-31,2026-09-14,23028,Angelita Morillo,3,record:0859d2e95f848e363d2ddbf2,Costco,provisional_record_group,False,Business Entity,8175,General Operational Expenses (need description),General operations,PORTLAND,OR,97255
5807842,2026-08-31,2026-09-14,23028,Angelita Morillo,3,record:0859d2e95f848e363d2ddbf2,Costco,provisional_record_group,False,Business Entity,8175,General Operational Expenses (need description),General operations,PORTLAND,OR,97256
5807846,2026-08-31,2026-09-14,23028,Angelita Morillo,3,record:d6d0edb21ed9ce9f86ff1e82,Lyft,provisional_record_group,False,Business Entity,3595,Travel Expenses (need description),Travel,SAN FRANCISCO,CA,97257
5807850,2026-08-31,2026-09-14,23028,Angelita Morillo,3,record:d6d0edb21ed9ce9f86ff1e82,Lyft,provisional_record_group,False,Business Entity,2295,Travel Expenses (need description),Travel,SAN FRANCISCO,CA,97258
5807854,2026-08-31,2026-09-14,23028,Angelita Morillo,3,record:d6d0edb21ed9ce9f86ff1e82,Lyft,provisional_record_group,False,Business Entity,1395,Travel Expenses (need description),Travel,SAN FRANCISCO,CA,97259
5807855,2026-08-31,2026-09-14,23028,Angelita Morillo,3,record:d6d0edb21ed9ce9f86ff1e82,Lyft,provisional_record_group,False,Business Entity,1290,Travel Expenses (need description),Travel,SAN FRANCISCO,CA,97260
5807857,2026-08-31,2026-09-14,23028,Angelita Morillo,3,record:d6d0edb21ed9ce9f86ff1e82,Lyft,provisional_record_group,False,Business Entity,585,Travel Expenses (need description),Travel,SAN FRANCISCO,CA,97261
5807858,2026-08-31,2026-09-14,23028,Angelita Morillo,3,record:d6d0edb21ed9ce9f86ff1e82,Lyft,provisional_record_group,False,Business Entity,555,Travel Expenses (need description),Travel,SAN FRANCISCO,CA,97262
5807861,2026-08-31,2026-09-14,23028,Angelita Morillo,3,record:d6d0edb21ed9ce9f86ff1e82,Lyft,provisional_record_group,False,Business Entity,480,Travel Expenses (need description),Travel,SAN FRANCISCO,CA,97263
5807867,2026-08-31,2026-09-14,23208,Tiffany Koyama Lane,3,record:864917c852326fa655433ea9,Gusto,provisional_record_group,False,Business Entity,402978,"Wages, Salaries, Benefits","Wages, salaries, benefits",SAN FRANCISCO,CA,97264
5807869,2026-08-31,2026-09-14,23208,Tiffany Koyama Lane,3,record:4eb9183a11432b63cf0fb71d,Spencer Mann,provisional_record_group,False,Individual,383161,"Wages, Salaries, Benefits","Wages, salaries, benefits",PORTLAND,OR,97265
5807872,2026-08-31,2026-09-14,23208,Tiffany Koyama Lane,3,record:7a50fe8108868978ab2b5c95,Claire Culmer,provisional_record_group,False,Individual,546227,"Wages, Salaries, Benefits","Wages, salaries, benefits",PORTLAND,OR,97266
5812406,2026-08-31,2026-09-15,23411,Jeremy Beausoleil Smith,4,record:be5f24bf3d190cb4e9daf3db,Christopher Olson,provisional_record_group,False,Individual,225000,General Operational Expenses (need description),General operations,PORTLAND,OR,97273
5793138,2026-09-01,2026-09-03,15109,Steve Novick,3,record:786b090b5d95152823f462be,Kathleen Shriver,provisional_record_group,False,Individual,925000,Management Services,Management services,PORTLAND,OR,96861
5793141,2026-09-01,2026-09-03,15109,Steve Novick,3,record:786b090b5d95152823f462be,Kathleen Shriver,provisional_record_group,False,Individual,32569,Reimbursement for Personal Expenditures,Personal-expense reimbursement,PORTLAND,OR,96862
5795904,2026-09-01,2026-09-07,25040,Jamey Evenstar,4,record:505d17ab5768e40aca75c089,ActBlue,provisional_record_group,False,Business Entity,436,Fundraising Event Expenses,Fundraising event code,W SOMERVILLE,MA,96890
5795919,2026-09-01,2026-09-07,23365,Mitch Green,4,record:505d17ab5768e40aca75c089,ActBlue,provisional_record_group,False,Business Entity,614,Fundraising Event Expenses,Fundraising event code,W SOMERVILLE,MA,96891
5795988,2026-09-01,2026-09-07,23028,Angelita Morillo,3,record:505d17ab5768e40aca75c089,ActBlue,provisional_record_group,False,Business Entity,476,Fundraising Event Expenses,Fundraising event code,W SOMERVILLE,MA,96892
5796014,2026-09-01,2026-09-07,23208,Tiffany Koyama Lane,3,record:505d17ab5768e40aca75c089,ActBlue,provisional_record_group,False,Business Entity,20,Fundraising Event Expenses,Fundraising event code,W SOMERVILLE,MA,96893
5796132,2026-09-01,2026-09-07,23411,Jeremy Beausoleil Smith,4,record:505d17ab5768e40aca75c089,ActBlue,provisional_record_group,False,Business Entity,634,Fundraising Event Expenses,Fundraising event code,W SOMERVILLE,MA,96896
5800140,2026-09-01,2026-09-08,24972,Joel Corcoran,3,record:8b1bd2ae2f30da9f2b9898fe,Google Workspace,provisional_record_group,False,Business Entity,10560,,Unspecified code,MOUNTAIN VIEW,CA,96908
5800451,2026-09-01,2026-09-08,24897,Kellie Torres,3,committee:108,"NW Oregon Labor Council, Comm on Pol Ed Dept (108)",authoritative_committee_id,False,Political Committee,19550,,Unspecified code,PORTLAND,OR,96911
5801227,2026-09-01,2026-09-09,24661,Tom Sollitt,3,record:043aac7381f10322d5b9ecd3,L'Atelier Yaffe,provisional_record_group,False,Business Entity,345600,General Operational Expenses (need description),General operations,PORTLAND,OR,96922
5801288,2026-09-01,2026-09-09,24661,Tom Sollitt,3,disclosure:24661:f88fe8ea980a,Miscellaneous Cash Expenditures $100 and under,disclosure_category,True,Unspecified,1750,,Unspecified code,,,96925
5802157,2026-09-01,2026-09-10,25103,Jayne Cronlund,4,record:5171e4aed166824cebf78784,Lindsey Gonzales,provisional_record_group,False,Individual,30000,General Operational Expenses (need description),General operations,ROCKAWAY BEACH,OR,96934
5802159,2026-09-01,2026-09-10,25103,Jayne Cronlund,4,record:a15a7498f3f8f749c7fe2442,Ann Crosby,provisional_record_group,False,Individual,14000,General Operational Expenses (need description),General operations,WASHINGTON,DC,96935
5802161,2026-09-01,2026-09-10,25103,Jayne Cronlund,4,record:62d73a679b91580624bd4e91,Confluence Project,provisional_record_group,False,Business Entity,10330,General Operational Expenses (need description),General operations,VANCOUVER,WA,96936
5802162,2026-09-01,2026-09-10,25103,Jayne Cronlund,4,record:35d9cfba05c3db853c2a2699,Forecast Cinema LLC,provisional_record_group,False,Business Entity,50000,Preparation and Production of Advertising,Advertising production,BELLINGHAM,WA,96937
5806781,2026-09-01,2026-09-11,23028,Angelita Morillo,3,record:367691ed84e4d7f3eb7dd0c8,Google,provisional_record_group,False,Business Entity,2718,General Operational Expenses (need description),General operations,MOUNTAIN VIEW,CA,96961
5807927,2026-09-01,2026-09-14,23028,Angelita Morillo,3,record:367691ed84e4d7f3eb7dd0c8,Google,provisional_record_group,False,Business Entity,4400,General Operational Expenses (need description),General operations,MOUNTAIN VIEW,CA,96966
5807939,2026-09-01,2026-09-14,23028,Angelita Morillo,3,record:4982f2e99d1cf43dd5c57b4b,Veronica Friesen,provisional_record_group,False,Individual,18000,"Literature, Brochures, Printing",Literature and printing,PORTLAND,OR,96967
5807940,2026-09-01,2026-09-14,23208,Tiffany Koyama Lane,3,record:16f009439f38e51e5a4d9bde,TABORSPACE,provisional_record_group,False,Other,11100,General Operational Expenses (need description),General operations,PORTLAND,OR,96968
5821009,2026-09-01,2026-09-22,23295,Eli Arnold,4,record:b6e6b9ecdf5f90f23f2c50ad,Tiffany Breunig,provisional_record_group,False,Individual,400000,General Operational Expenses (need description),General operations,GRESHAM,OR,97022
5793144,2026-09-02,2026-09-03,15109,Steve Novick,3,record:428b0fcd0ef60ebaed796da1,Worldpay- C&E Merchant Services,provisional_record_group,False,Business Entity,32193,General Operational Expenses (need description),General operations,PORTLAND,OR,96462
5795909,2026-09-02,2026-09-07,25040,Jamey Evenstar,4,record:505d17ab5768e40aca75c089,ActBlue,provisional_record_group,False,Business Entity,20,Fundraising Event Expenses,Fundraising event code,W SOMERVILLE,MA,96508
5795934,2026-09-02,2026-09-07,23365,Mitch Green,4,record:505d17ab5768e40aca75c089,ActBlue,provisional_record_group,False,Business Entity,218,Fundraising Event Expenses,Fundraising event code,W SOMERVILLE,MA,96509
5796013,2026-09-02,2026-09-07,23028,Angelita Morillo,3,record:505d17ab5768e40aca75c089,ActBlue,provisional_record_group,False,Business Entity,119,Fundraising Event Expenses,Fundraising event code,W SOMERVILLE,MA,96511
5796018,2026-09-02,2026-09-07,23208,Tiffany Koyama Lane,3,record:505d17ab5768e40aca75c089,ActBlue,provisional_record_group,False,Business Entity,179,Fundraising Event Expenses,Fundraising event code,W SOMERVILLE,MA,96512
5796139,2026-09-02,2026-09-07,23411,Jeremy Beausoleil Smith,4,record:505d17ab5768e40aca75c089,ActBlue,provisional_record_group,False,Business Entity,575,Fundraising Event Expenses,Fundraising event code,W SOMERVILLE,MA,96517
5800220,2026-09-02,2026-09-08,23199,Olivia Clark,4,record:428b0fcd0ef60ebaed796da1,Worldpay- C&E Merchant Services,provisional_record_group,False,Business Entity,8379,General Operational Expenses (need description),General operations,PORTLAND,OR,96539
5800455,2026-09-02,2026-09-08,24897,Kellie Torres,3,disclosure:24897:f88fe8ea980a,Miscellaneous Cash Expenditures $100 and under,disclosure_category,True,Unspecified,999,,Unspecified code,,,96543
5802160,2026-09-02,2026-09-10,25103,Jayne Cronlund,4,record:428b0fcd0ef60ebaed796da1,Worldpay- C&E Merchant Services,provisional_record_group,False,Business Entity,315,General Operational Expenses (need description),General operations,PORTLAND,OR,96564
5806729,2026-09-02,2026-09-11,23365,Mitch Green,4,disclosure:23365:f88fe8ea980a,Miscellaneous Cash Expenditures $100 and under,disclosure_category,True,Unspecified,4478,,Unspecified code,,,96618
5807740,2026-09-02,2026-09-14,25040,Jamey Evenstar,4,record:7475604e953b9eee06158670,Northwest Oregon Labor Council,provisional_record_group,False,Labor Organization,10530,General Operational Expenses (need description),General operations,PORTLAND,OR,96625
5807933,2026-09-02,2026-09-14,23028,Angelita Morillo,3,record:d6d0edb21ed9ce9f86ff1e82,Lyft,provisional_record_group,False,Business Entity,620,General Operational Expenses (need description),General operations,SAN FRANCISCO,CA,96626
5808124,2026-09-02,2026-09-14,23028,Angelita Morillo,3,disclosure:23028:f88fe8ea980a,Miscellaneous Cash Expenditures $100 and under,disclosure_category,True,Unspecified,1800,,Unspecified code,,,96627
5809578,2026-09-02,2026-09-14,24897,Kellie Torres,3,record:368600d4daede5447c31a996,Square space,provisional_record_group,False,Business Entity,645,,Unspecified code,NEW YORK,NY,96644
5812413,2026-09-02,2026-09-15,23411,Jeremy Beausoleil Smith,4,disclosure:23411:f88fe8ea980a,Miscellaneous Cash Expenditures $100 and under,disclosure_category,True,Unspecified,2400,,Unspecified code,,,96646
5813800,2026-09-02,2026-09-17,17629,Eric Zimmerman,4,record:428b0fcd0ef60ebaed796da1,Worldpay- C&E Merchant Services,provisional_record_group,False,Business Entity,58835,General Operational Expenses (need description),General operations,PORTLAND,OR,96659
5821267,2026-09-02,2026-09-22,23295,Eli Arnold,4,record:428b0fcd0ef60ebaed796da1,Worldpay- C&E Merchant Services,provisional_record_group,False,Business Entity,22215,General Operational Expenses (need description),General operations,PORTLAND,OR,96702
5795914,2026-09-03,2026-09-07,25040,Jamey Evenstar,4,record:505d17ab5768e40aca75c089,ActBlue,provisional_record_group,False,Business Entity,40,Fundraising Event Expenses,Fundraising event code,W SOMERVILLE,MA,96264
5795939,2026-09-03,2026-09-07,23365,Mitch Green,4,record:505d17ab5768e40aca75c089,ActBlue,provisional_record_group,False,Business Entity,40,Fundraising Event Expenses,Fundraising event code,W SOMERVILLE,MA,96265
5796031,2026-09-03,2026-09-07,23208,Tiffany Koyama Lane,3,record:505d17ab5768e40aca75c089,ActBlue,provisional_record_group,False,Business Entity,1008,Fundraising Event Expenses,Fundraising event code,W SOMERVILLE,MA,96267
5796147,2026-09-03,2026-09-07,23411,Jeremy Beausoleil Smith,4,record:505d17ab5768e40aca75c089,ActBlue,provisional_record_group,False,Business Entity,622,Fundraising Event Expenses,Fundraising event code,W SOMERVILLE,MA,96273
5801228,2026-09-03,2026-09-09,24661,Tom Sollitt,3,record:a5bbc6bb69607998dfd2ab67,Joey Patton,provisional_record_group,False,Individual,50000,General Operational Expenses (need description),General operations,PORTLAND,OR,96286
5801289,2026-09-03,2026-09-09,24661,Tom Sollitt,3,disclosure:24661:f88fe8ea980a,Miscellaneous Cash Expenditures $100 and under,disclosure_category,True,Unspecified,1750,,Unspecified code,,,96288
5802073,2026-09-03,2026-09-10,24966,Matthias Hallett,3,disclosure:24966:f88fe8ea980a,Miscellaneous Cash Expenditures $100 and under,disclosure_category,True,Unspecified,2500,,Unspecified code,,,96299
5802164,2026-09-03,2026-09-10,25103,Jayne Cronlund,4,record:b850f89e8c61d8c467d0ff15,"Deer Island Studio, Design & Media",provisional_record_group,False,Business Entity,70000,General Operational Expenses (need description),General operations,NEHALEM,OR,96300
5806584,2026-09-03,2026-09-11,23365,Mitch Green,4,record:b5fc4be9a02a1842435b4b34,John Bethencourt,provisional_record_group,False,Individual,280680,General Operational Expenses (need description),General operations,PORTLAND,OR,96317
5806585,2026-09-03,2026-09-11,23365,Mitch Green,4,record:6713a16ed410f11946c4f32a,Christopher Fontaine,provisional_record_group,False,Individual,302500,General Operational Expenses (need description),General operations,PORTLAND,OR,96318
5806748,2026-09-03,2026-09-11,23208,Tiffany Koyama Lane,3,record:367691ed84e4d7f3eb7dd0c8,Google,provisional_record_group,False,Business Entity,13680,General Operational Expenses (need description),General operations,MOUNTAIN VIEW,CA,96320
5806982,2026-09-03,2026-09-11,24973,Esther León,3,record:9badb210fdb3f9cfd4ce8912,Rin Stone,provisional_record_group,False,Individual,170000,"Wages, Salaries, Benefits","Wages, salaries, benefits",PORTLAND,OR,96321
5807937,2026-09-03,2026-09-14,23208,Tiffany Koyama Lane,3,record:864917c852326fa655433ea9,Gusto,provisional_record_group,False,Business Entity,11800,General Operational Expenses (need description),General operations,SAN FRANCISCO,CA,96324
5812405,2026-09-03,2026-09-15,23411,Jeremy Beausoleil Smith,4,record:6ff55e9d23eac3f7ff03a674,Justin Filtz,provisional_record_group,False,Individual,280000,General Operational Expenses (need description),General operations,PORTLAND,OR,96338
5820932,2026-09-03,2026-09-22,23295,Eli Arnold,4,record:bb5ba72e54089a637811a07a,"Purple State Strategies, Inc.",provisional_record_group,False,Business Entity,252097,Online and Social Media Advertising; Management Services,Multiple reported codes,VANCOUVER,WA,96363
5831833,2026-09-03,2026-09-26,25103,Jayne Cronlund,4,disclosure:25103:f88fe8ea980a,Miscellaneous Cash Expenditures $100 and under,disclosure_category,True,Unspecified,2623,,Unspecified code,,,96384
5795937,2026-09-04,2026-09-07,23365,Mitch Green,4,record:505d17ab5768e40aca75c089,ActBlue,provisional_record_group,False,Business Entity,1171,Fundraising Event Expenses,Fundraising event code,W SOMERVILLE,MA,96063
5796017,2026-09-04,2026-09-07,23028,Angelita Morillo,3,record:505d17ab5768e40aca75c089,ActBlue,provisional_record_group,False,Business Entity,2496,Fundraising Event Expenses,Fundraising event code,W SOMERVILLE,MA,96064
5796036,2026-09-04,2026-09-07,23208,Tiffany Koyama Lane,3,record:505d17ab5768e40aca75c089,ActBlue,provisional_record_group,False,Business Entity,558,Fundraising Event Expenses,Fundraising event code,W SOMERVILLE,MA,96065
5796154,2026-09-04,2026-09-07,23411,Jeremy Beausoleil Smith,4,record:505d17ab5768e40aca75c089,ActBlue,provisional_record_group,False,Business Entity,911,Fundraising Event Expenses,Fundraising event code,W SOMERVILLE,MA,96071
5802099,2026-09-04,2026-09-10,24966,Matthias Hallett,3,disclosure:24966:f88fe8ea980a,Miscellaneous Cash Expenditures $100 and under,disclosure_category,True,Unspecified,240,,Unspecified code,,,96107
5802163,2026-09-04,2026-09-10,25103,Jayne Cronlund,4,record:5171e4aed166824cebf78784,Lindsey Gonzales,provisional_record_group,False,Individual,35250,General Operational Expenses (need description),General operations,ROCKAWAY BEACH,OR,96108
5806730,2026-09-04,2026-09-11,23365,Mitch Green,4,disclosure:23365:f88fe8ea980a,Miscellaneous Cash Expenditures $100 and under,disclosure_category,True,Unspecified,9500,,Unspecified code,,,96130
5806981,2026-09-04,2026-09-11,24973,Esther León,3,record:ecd96671a4ebe8b58018a258,Paperjam,provisional_record_group,False,Business Entity,10040,"Literature, Brochures, Printing",Literature and printing,PORTLAND,OR,96133
5807733,2026-09-04,2026-09-14,25040,Jamey Evenstar,4,record:95e4131d6b8e66e5900b06b5,Ashley Schofield,provisional_record_group,False,Individual,500000,Management Services,Management services,PORTLAND,OR,96137
5807942,2026-09-04,2026-09-14,23208,Tiffany Koyama Lane,3,record:625938dea1994750c07ba36a,Fred Meyer,provisional_record_group,False,Business Entity,9300,General Operational Expenses (need description),General operations,PORTLAND,OR,96138
5830211,2026-09-04,2026-09-25,15109,Steve Novick,3,record:523975686b52371f16c39e9c,Hannah Corbin,provisional_record_group,False,Individual,160000,Management Services; General Operational Expenses (need description),Multiple reported codes,PORTLAND,OR,96186
5830213,2026-09-04,2026-09-25,15109,Steve Novick,3,record:f4426cb5adf1841affd0fecc,Schwab Creative,provisional_record_group,False,Business Entity,57500,General Operational Expenses (need description),General operations,VANCOUVER,WA,96187
5795918,2026-09-05,2026-09-07,25040,Jamey Evenstar,4,record:505d17ab5768e40aca75c089,ActBlue,provisional_record_group,False,Business Entity,258,Fundraising Event Expenses,Fundraising event code,W SOMERVILLE,MA,95943
5795946,2026-09-05,2026-09-07,23365,Mitch Green,4,record:505d17ab5768e40aca75c089,ActBlue,provisional_record_group,False,Business Entity,566,Fundraising Event Expenses,Fundraising event code,W SOMERVILLE,MA,95944
5796038,2026-09-05,2026-09-07,23028,Angelita Morillo,3,record:505d17ab5768e40aca75c089,ActBlue,provisional_record_group,False,Business Entity,174,Fundraising Event Expenses,Fundraising event code,W SOMERVILLE,MA,95946
5796052,2026-09-05,2026-09-07,23208,Tiffany Koyama Lane,3,record:505d17ab5768e40aca75c089,ActBlue,provisional_record_group,False,Business Entity,620,Fundraising Event Expenses,Fundraising event code,W SOMERVILLE,MA,95947
5796164,2026-09-05,2026-09-07,23411,Jeremy Beausoleil Smith,4,record:505d17ab5768e40aca75c089,ActBlue,provisional_record_group,False,Business Entity,951,Fundraising Event Expenses,Fundraising event code,W SOMERVILLE,MA,95951
5802065,2026-09-05,2026-09-10,24966,Matthias Hallett,3,record:8e79312242512f31aea77cbf,Ninja Transfers,provisional_record_group,False,Business Entity,3980,"Other Advertising (yard signs, buttons, etc.)",Other advertising / signs,PHILADELPHIA,PA,95966
5802067,2026-09-05,2026-09-10,24966,Matthias Hallett,3,record:8e79312242512f31aea77cbf,Ninja Transfers,provisional_record_group,False,Business Entity,2601,"Other Advertising (yard signs, buttons, etc.)",Other advertising / signs,PHILADELPHIA,PA,95967
5802074,2026-09-05,2026-09-10,24966,Matthias Hallett,3,disclosure:24966:f88fe8ea980a,Miscellaneous Cash Expenditures $100 and under,disclosure_category,True,Unspecified,2149,,Unspecified code,,,95968
5795926,2026-09-06,2026-09-07,25040,Jamey Evenstar,4,record:505d17ab5768e40aca75c089,ActBlue,provisional_record_group,False,Business Entity,198,Fundraising Event Expenses,Fundraising event code,W SOMERVILLE,MA,95870
5795960,2026-09-06,2026-09-07,23365,Mitch Green,4,record:505d17ab5768e40aca75c089,ActBlue,provisional_record_group,False,Business Entity,971,Fundraising Event Expenses,Fundraising event code,W SOMERVILLE,MA,95871
5796049,2026-09-06,2026-09-07,23028,Angelita Morillo,3,record:505d17ab5768e40aca75c089,ActBlue,provisional_record_group,False,Business Entity,99,Fundraising Event Expenses,Fundraising event code,W SOMERVILLE,MA,95873
5796058,2026-09-06,2026-09-07,23208,Tiffany Koyama Lane,3,record:505d17ab5768e40aca75c089,ActBlue,provisional_record_group,False,Business Entity,436,Fundraising Event Expenses,Fundraising event code,W SOMERVILLE,MA,95874
5796175,2026-09-06,2026-09-07,23411,Jeremy Beausoleil Smith,4,record:505d17ab5768e40aca75c089,ActBlue,provisional_record_group,False,Business Entity,373,Fundraising Event Expenses,Fundraising event code,W SOMERVILLE,MA,95878
5800442,2026-09-06,2026-09-08,24897,Kellie Torres,3,record:39bffc6fb2e886cf220117d2,ActBlue Technical Services,provisional_record_group,False,Business Entity,21609,,Unspecified code,CAMBRIDGE,MA,95889
5800011,2026-09-07,2026-09-08,23411,Jeremy Beausoleil Smith,4,record:505d17ab5768e40aca75c089,ActBlue,provisional_record_group,False,Business Entity,515,Fundraising Event Expenses,Fundraising event code,W SOMERVILLE,MA,95798
5806543,2026-09-07,2026-09-11,23365,Mitch Green,4,record:505d17ab5768e40aca75c089,ActBlue,provisional_record_group,False,Business Entity,346,Fundraising Event Expenses,Fundraising event code,W SOMERVILLE,MA,95823
5807792,2026-09-07,2026-09-14,23028,Angelita Morillo,3,record:505d17ab5768e40aca75c089,ActBlue,provisional_record_group,False,Business Entity,325,Fundraising Event Expenses,Fundraising event code,W SOMERVILLE,MA,95827
5807797,2026-09-07,2026-09-14,23208,Tiffany Koyama Lane,3,record:505d17ab5768e40aca75c089,ActBlue,provisional_record_group,False,Business Entity,127,Fundraising Event Expenses,Fundraising event code,W SOMERVILLE,MA,95828
5800222,2026-09-08,2026-09-08,23199,Olivia Clark,4,record:1d11cd44a94fc6e45a1d7655,Rebecca Stavenjord,provisional_record_group,False,Individual,500000,Management Services,Management services,MILWAUKIE,OR,95540
5802218,2026-09-08,2026-09-10,25103,Jayne Cronlund,4,disclosure:25103:f88fe8ea980a,Miscellaneous Cash Expenditures $100 and under,disclosure_category,True,Unspecified,8297,,Unspecified code,,,95590
5806553,2026-09-08,2026-09-11,23365,Mitch Green,4,record:505d17ab5768e40aca75c089,ActBlue,provisional_record_group,False,Business Entity,895,Fundraising Event Expenses,Fundraising event code,W SOMERVILLE,MA,95618
5806984,2026-09-08,2026-09-11,24973,Esther León,3,record:6980f3cd8d3344c26255fdaa,James Dyer,provisional_record_group,False,Individual,30000,"Wages, Salaries, Benefits","Wages, salaries, benefits",PORTLAND,OR,95625
5807734,2026-09-08,2026-09-14,25040,Jamey Evenstar,4,record:95e4131d6b8e66e5900b06b5,Ashley Schofield,provisional_record_group,False,Individual,4834,Reimbursement for Personal Expenditures,Personal-expense reimbursement,PORTLAND,OR,95641
5807736,2026-09-08,2026-09-14,25040,Jamey Evenstar,4,record:3295a4cc0d6056c745043486,Jonathan Pulvers,provisional_record_group,False,Individual,215625,Management Services,Management services,PORTLAND,OR,95642
5807816,2026-09-08,2026-09-14,23028,Angelita Morillo,3,record:505d17ab5768e40aca75c089,ActBlue,provisional_record_group,False,Business Entity,595,Fundraising Event Expenses,Fundraising event code,W SOMERVILLE,MA,95644
5807833,2026-09-08,2026-09-14,23208,Tiffany Koyama Lane,3,record:505d17ab5768e40aca75c089,ActBlue,provisional_record_group,False,Business Entity,1368,Fundraising Event Expenses,Fundraising event code,W SOMERVILLE,MA,95645
5807932,2026-09-08,2026-09-14,23208,Tiffany Koyama Lane,3,record:d6d0edb21ed9ce9f86ff1e82,Lyft,provisional_record_group,False,Business Entity,1894,Travel Expenses (need description),Travel,SAN FRANCISCO,CA,95646
5808172,2026-09-08,2026-09-14,23208,Tiffany Koyama Lane,3,disclosure:23208:f88fe8ea980a,Miscellaneous Cash Expenditures $100 and under,disclosure_category,True,Unspecified,4068,,Unspecified code,,,95652
5817685,2026-09-08,2026-09-20,23411,Jeremy Beausoleil Smith,4,record:5392a2499f527167e46d25e3,Google LLC,provisional_record_group,False,Business Entity,4200,General Operational Expenses (need description),General operations,MOUNTAIN VIEW,CA,95721
5818625,2026-09-08,2026-09-21,23028,Angelita Morillo,3,disclosure:23028:f88fe8ea980a,Miscellaneous Cash Expenditures $100 and under,disclosure_category,True,Unspecified,3605,,Unspecified code,,,95725
5820896,2026-09-08,2026-09-22,23295,Eli Arnold,4,record:cca07c25c1586b50f2d29240,Adobe Inc.,provisional_record_group,False,Business Entity,2299,General Operational Expenses (need description),General operations,SAN JOSE,CA,95745
5821406,2026-09-08,2026-09-22,23295,Eli Arnold,4,disclosure:23295:f88fe8ea980a,Miscellaneous Cash Expenditures $100 and under,disclosure_category,True,Unspecified,3900,,Unspecified code,,,95746
5802100,2026-09-09,2026-09-10,24966,Matthias Hallett,3,disclosure:24966:f88fe8ea980a,Miscellaneous Cash Expenditures $100 and under,disclosure_category,True,Unspecified,230,,Unspecified code,,,95370
5802168,2026-09-09,2026-09-10,25103,Jayne Cronlund,4,record:611de9bc66018ef1f063336c,Jayne Cronlund,provisional_record_group,False,Candidate & Immediate Family,136236,Reimbursement for Personal Expenditures,Personal-expense reimbursement,PORTLAND,OR,95372
5802174,2026-09-09,2026-09-10,25103,Jayne Cronlund,4,record:35d9cfba05c3db853c2a2699,Forecast Cinema LLC,provisional_record_group,False,Business Entity,220012,Preparation and Production of Advertising; Travel Expenses (need description),Multiple reported codes,BELLINGHAM,WA,95373
5806565,2026-09-09,2026-09-11,23365,Mitch Green,4,record:505d17ab5768e40aca75c089,ActBlue,provisional_record_group,False,Business Entity,385,Fundraising Event Expenses,Fundraising event code,W SOMERVILLE,MA,95402
5806985,2026-09-09,2026-09-11,24973,Esther León,3,record:9badb210fdb3f9cfd4ce8912,Rin Stone,provisional_record_group,False,Individual,46000,"Wages, Salaries, Benefits","Wages, salaries, benefits",PORTLAND,OR,95409
5807714,2026-09-09,2026-09-14,25040,Jamey Evenstar,4,record:505d17ab5768e40aca75c089,ActBlue,provisional_record_group,False,Business Entity,673,Fundraising Event Expenses,Fundraising event code,W SOMERVILLE,MA,95423
5807871,2026-09-09,2026-09-14,23028,Angelita Morillo,3,record:505d17ab5768e40aca75c089,ActBlue,provisional_record_group,False,Business Entity,682,Fundraising Event Expenses,Fundraising event code,W SOMERVILLE,MA,95425
5807884,2026-09-09,2026-09-14,23208,Tiffany Koyama Lane,3,record:505d17ab5768e40aca75c089,ActBlue,provisional_record_group,False,Business Entity,345,Fundraising Event Expenses,Fundraising event code,W SOMERVILLE,MA,95426
5808081,2026-09-09,2026-09-14,23411,Jeremy Beausoleil Smith,4,record:505d17ab5768e40aca75c089,ActBlue,provisional_record_group,False,Business Entity,119,Fundraising Event Expenses,Fundraising event code,W SOMERVILLE,MA,95430
5809580,2026-09-09,2026-09-14,24897,Kellie Torres,3,record:368600d4daede5447c31a996,Square space,provisional_record_group,False,Business Entity,697,,Unspecified code,NEW YORK,NY,95442
5813801,2026-09-09,2026-09-17,17629,Eric Zimmerman,4,record:118a1b8ef5e3047d72112d6f,CLR PUBLISHING/Northwest Examiner,provisional_record_group,False,Business Entity,100000,Newspaper and Other Periodical Advertising,Print-media advertising,PORTLAND,OR,95458
5821050,2026-09-09,2026-09-22,23295,Eli Arnold,4,record:36ba51940575f397ae3bc8a6,UPRINTING,provisional_record_group,False,Business Entity,136130,"Literature, Brochures, Printing",Literature and printing,LOS ANGELES,CA,95485
5830216,2026-09-09,2026-09-25,15109,Steve Novick,3,record:a87bba81b2bfcdffb48b900a,Hunch Theory,provisional_record_group,False,Business Entity,135000,General Operational Expenses (need description),General operations,PORTLAND,OR,95502
5802173,2026-09-10,2026-09-10,25103,Jayne Cronlund,4,record:cecb6f624fc372953ef2777b,Lorraine Ortiz,provisional_record_group,False,Individual,50000,General Operational Expenses (need description),General operations,NEHALEM,OR,95038
5806572,2026-09-10,2026-09-11,23365,Mitch Green,4,record:505d17ab5768e40aca75c089,ActBlue,provisional_record_group,False,Business Entity,278,Fundraising Event Expenses,Fundraising event code,W SOMERVILLE,MA,95095
5806586,2026-09-10,2026-09-11,23365,Mitch Green,4,record:f49e0ce40aa2aa81d222d086,Katey Harris,provisional_record_group,False,Individual,36000,Preparation and Production of Advertising,Advertising production,PORTLAND,OR,95096
5807726,2026-09-10,2026-09-14,25040,Jamey Evenstar,4,record:505d17ab5768e40aca75c089,ActBlue,provisional_record_group,False,Business Entity,395,Fundraising Event Expenses,Fundraising event code,W SOMERVILLE,MA,95115
5807889,2026-09-10,2026-09-14,23028,Angelita Morillo,3,record:505d17ab5768e40aca75c089,ActBlue,provisional_record_group,False,Business Entity,1288,Fundraising Event Expenses,Fundraising event code,W SOMERVILLE,MA,95119
5807898,2026-09-10,2026-09-14,23208,Tiffany Koyama Lane,3,record:505d17ab5768e40aca75c089,ActBlue,provisional_record_group,False,Business Entity,970,Fundraising Event Expenses,Fundraising event code,W SOMERVILLE,MA,95120
5808089,2026-09-10,2026-09-14,23411,Jeremy Beausoleil Smith,4,record:505d17ab5768e40aca75c089,ActBlue,provisional_record_group,False,Business Entity,60,Fundraising Event Expenses,Fundraising event code,W SOMERVILLE,MA,95123
5813802,2026-09-10,2026-09-17,17629,Eric Zimmerman,4,record:1bb2be352bf803425cd21309,C&E Systems,provisional_record_group,False,Business Entity,140249,Management Services,Management services,PORTLAND,OR,95184
5814722,2026-09-10,2026-09-18,25040,Jamey Evenstar,4,record:ac445c010f54cc8eae525904,Copyman,provisional_record_group,False,Business Entity,80500,"Literature, Brochures, Printing",Literature and printing,PORTLAND,OR,95200
5820883,2026-09-10,2026-09-22,23295,Eli Arnold,4,record:5276d9882b5c40d4f7a36943,Weglot Paris FR,provisional_record_group,False,Business Entity,1397,General Operational Expenses (need description),General operations,PARIS,FR,95240
5820887,2026-09-10,2026-09-22,23295,Eli Arnold,4,record:1bb2be352bf803425cd21309,C&E Systems,provisional_record_group,False,Business Entity,139874,Management Services,Management services,PORTLAND,OR,95241
5820944,2026-09-10,2026-09-22,23295,Eli Arnold,4,record:18d577d4e47fed50eff3ccf3,Morel Ink,provisional_record_group,False,Business Entity,49500,"Literature, Brochures, Printing",Literature and printing,PORTLAND,OR,95242
5821051,2026-09-10,2026-09-22,23295,Eli Arnold,4,record:36ba51940575f397ae3bc8a6,UPRINTING,provisional_record_group,False,Business Entity,16722,"Literature, Brochures, Printing",Literature and printing,LOS ANGELES,CA,95243
5821381,2026-09-10,2026-09-22,23295,Eli Arnold,4,disclosure:23295:f88fe8ea980a,Miscellaneous Cash Expenditures $100 and under,disclosure_category,True,Unspecified,28,,Unspecified code,,,95245
5830220,2026-09-10,2026-09-25,15109,Steve Novick,3,record:170610e0bee81fa6a6770af7,Northwest Labor Press,provisional_record_group,False,Business Entity,25000,Newspaper and Other Periodical Advertising,Print-media advertising,PORTLAND,OR,95285
5830223,2026-09-10,2026-09-25,15109,Steve Novick,3,record:1bb2be352bf803425cd21309,C&E Systems,provisional_record_group,False,Business Entity,144331,Management Services,Management services,PORTLAND,OR,95286
5831739,2026-09-10,2026-09-26,25103,Jayne Cronlund,4,record:1bb2be352bf803425cd21309,C&E Systems,provisional_record_group,False,Business Entity,87596,Management Services,Management services,PORTLAND,OR,95304
5806588,2026-09-11,2026-09-11,23365,Mitch Green,4,record:047f6397562ce37a9ae50245,Hollywood Impress Printing,provisional_record_group,False,Business Entity,122500,"Other Advertising (yard signs, buttons, etc.)",Other advertising / signs,PORTLAND,OR,94879
5807696,2026-09-11,2026-09-14,23365,Mitch Green,4,record:505d17ab5768e40aca75c089,ActBlue,provisional_record_group,False,Business Entity,831,Fundraising Event Expenses,Fundraising event code,W SOMERVILLE,MA,94921
5807743,2026-09-11,2026-09-14,25040,Jamey Evenstar,4,record:505d17ab5768e40aca75c089,ActBlue,provisional_record_group,False,Business Entity,198,Fundraising Event Expenses,Fundraising event code,W SOMERVILLE,MA,94922
5807900,2026-09-11,2026-09-14,23028,Angelita Morillo,3,record:505d17ab5768e40aca75c089,ActBlue,provisional_record_group,False,Business Entity,654,Fundraising Event Expenses,Fundraising event code,W SOMERVILLE,MA,94925
5807909,2026-09-11,2026-09-14,23208,Tiffany Koyama Lane,3,record:505d17ab5768e40aca75c089,ActBlue,provisional_record_group,False,Business Entity,595,Fundraising Event Expenses,Fundraising event code,W SOMERVILLE,MA,94926
5807936,2026-09-11,2026-09-14,23028,Angelita Morillo,3,record:e1b7c42aeb117555130c720b,Team Mars Consulting,provisional_record_group,False,Business Entity,363750,Management Services,Management services,HILLSBORO,OR,94927
5807938,2026-09-11,2026-09-14,23028,Angelita Morillo,3,record:e1b7c42aeb117555130c720b,Team Mars Consulting,provisional_record_group,False,Business Entity,3263,Travel Expenses (need description),Travel,HILLSBORO,OR,94928
5807943,2026-09-11,2026-09-14,23028,Angelita Morillo,3,record:cbd6dc09b4ef4075e87bd5ba,Gal Pal Productions,provisional_record_group,False,Business Entity,450000,Preparation and Production of Advertising,Advertising production,TROUTDALE,OR,94929
5807945,2026-09-11,2026-09-14,23028,Angelita Morillo,3,record:cbd6dc09b4ef4075e87bd5ba,Gal Pal Productions,provisional_record_group,False,Business Entity,50000,Reimbursement for Personal Expenditures,Personal-expense reimbursement,TROUTDALE,OR,94930
5807947,2026-09-11,2026-09-14,23208,Tiffany Koyama Lane,3,record:047f6397562ce37a9ae50245,Hollywood Impress Printing,provisional_record_group,False,Business Entity,109500,"Other Advertising (yard signs, buttons, etc.)",Other advertising / signs,PORTLAND,OR,94931
5808091,2026-09-11,2026-09-14,23411,Jeremy Beausoleil Smith,4,record:505d17ab5768e40aca75c089,ActBlue,provisional_record_group,False,Business Entity,40,Fundraising Event Expenses,Fundraising event code,W SOMERVILLE,MA,94934
5808176,2026-09-11,2026-09-14,23208,Tiffany Koyama Lane,3,disclosure:23208:f88fe8ea980a,Miscellaneous Cash Expenditures $100 and under,disclosure_category,True,Unspecified,465,,Unspecified code,,,94936
5809589,2026-09-11,2026-09-14,24897,Kellie Torres,3,record:5061455c7ff31cac7d4fa2dd,Open Phone,provisional_record_group,False,Business Entity,1950,,Unspecified code,SAN FRANCISCO,CA,94949
5809590,2026-09-11,2026-09-14,24897,Kellie Torres,3,record:5061455c7ff31cac7d4fa2dd,Open Phone,provisional_record_group,False,Business Entity,12000,,Unspecified code,SAN FRANCISCO,CA,94950
5809594,2026-09-11,2026-09-14,24897,Kellie Torres,3,record:29d9bda096dc871c15b65fcb,Mackenzie Gray,provisional_record_group,False,Individual,102000,"Literature, Brochures, Printing; Preparation and Production of Advertising",Multiple reported codes,PORTLAND,OR,94951
5817969,2026-09-11,2026-09-20,24973,Esther León,3,record:14f5505b9d07abb83ad1ebe7,Dresden de Vera,provisional_record_group,False,Individual,30000,Online and Social Media Advertising,Online advertising,PORTLAND,OR,94989
5821179,2026-09-11,2026-09-22,23295,Eli Arnold,4,record:1d717b02852c4e72b0ecfa60,LOKYO MULTIMEDIA,provisional_record_group,False,Business Entity,50000,Preparation and Production of Advertising,Advertising production,PHOENIX,AZ,95007
5831740,2026-09-11,2026-09-26,25103,Jayne Cronlund,4,record:5171e4aed166824cebf78784,Lindsey Gonzales,provisional_record_group,False,Individual,22500,General Operational Expenses (need description),General operations,ROCKAWAY BEACH,OR,95024
5831742,2026-09-11,2026-09-26,25103,Jayne Cronlund,4,record:39492fb8c933fe1007707070,Mandate Media,provisional_record_group,False,Business Entity,309100,"Online and Social Media Advertising; Other Advertising (yard signs, buttons, etc.); General Operational Expenses (need description)",Multiple reported codes,PORTLAND,OR,95025
5831835,2026-09-11,2026-09-26,25103,Jayne Cronlund,4,disclosure:25103:f88fe8ea980a,Miscellaneous Cash Expenditures $100 and under,disclosure_category,True,Unspecified,3200,,Unspecified code,,,95026
5807707,2026-09-12,2026-09-14,23365,Mitch Green,4,record:505d17ab5768e40aca75c089,ActBlue,provisional_record_group,False,Business Entity,2812,Fundraising Event Expenses,Fundraising event code,W SOMERVILLE,MA,94822
5807746,2026-09-12,2026-09-14,25040,Jamey Evenstar,4,record:505d17ab5768e40aca75c089,ActBlue,provisional_record_group,False,Business Entity,20,Fundraising Event Expenses,Fundraising event code,W SOMERVILLE,MA,94823
5807948,2026-09-12,2026-09-14,23028,Angelita Morillo,3,record:505d17ab5768e40aca75c089,ActBlue,provisional_record_group,False,Business Entity,1089,Fundraising Event Expenses,Fundraising event code,W SOMERVILLE,MA,94826
5807958,2026-09-12,2026-09-14,23208,Tiffany Koyama Lane,3,record:505d17ab5768e40aca75c089,ActBlue,provisional_record_group,False,Business Entity,1866,Fundraising Event Expenses,Fundraising event code,W SOMERVILLE,MA,94827
5808093,2026-09-12,2026-09-14,23411,Jeremy Beausoleil Smith,4,record:505d17ab5768e40aca75c089,ActBlue,provisional_record_group,False,Business Entity,357,Fundraising Event Expenses,Fundraising event code,W SOMERVILLE,MA,94831
5817970,2026-09-12,2026-09-20,24973,Esther León,3,record:f70c8e1f10a86e6582f4c145,Noelle Daniels,provisional_record_group,False,Individual,50000,"Wages, Salaries, Benefits","Wages, salaries, benefits",PORTLAND,OR,94856
5819821,2026-09-12,2026-09-22,24966,Matthias Hallett,3,record:e5521dd3456a326caeb36e9b,City of Portland ,provisional_record_group,False,Other,655,Travel Expenses (need description),Travel,PORTLAND,OR,94861
5807730,2026-09-13,2026-09-14,23365,Mitch Green,4,record:505d17ab5768e40aca75c089,ActBlue,provisional_record_group,False,Business Entity,377,Fundraising Event Expenses,Fundraising event code,W SOMERVILLE,MA,94741
5807748,2026-09-13,2026-09-14,25040,Jamey Evenstar,4,record:505d17ab5768e40aca75c089,ActBlue,provisional_record_group,False,Business Entity,398,Fundraising Event Expenses,Fundraising event code,W SOMERVILLE,MA,94742
5807975,2026-09-13,2026-09-14,23028,Angelita Morillo,3,record:505d17ab5768e40aca75c089,ActBlue,provisional_record_group,False,Business Entity,1604,Fundraising Event Expenses,Fundraising event code,W SOMERVILLE,MA,94745
5807980,2026-09-13,2026-09-14,23208,Tiffany Koyama Lane,3,record:505d17ab5768e40aca75c089,ActBlue,provisional_record_group,False,Business Entity,1668,Fundraising Event Expenses,Fundraising event code,W SOMERVILLE,MA,94746
5808099,2026-09-13,2026-09-14,23411,Jeremy Beausoleil Smith,4,record:505d17ab5768e40aca75c089,ActBlue,provisional_record_group,False,Business Entity,202,Fundraising Event Expenses,Fundraising event code,W SOMERVILLE,MA,94749
5809582,2026-09-13,2026-09-14,24897,Kellie Torres,3,record:39bffc6fb2e886cf220117d2,ActBlue Technical Services,provisional_record_group,False,Business Entity,15624,,Unspecified code,CAMBRIDGE,MA,94760
5808004,2026-09-14,2026-09-14,23028,Angelita Morillo,3,record:bac9732d1bfaa7c853865440,Mailchimp,provisional_record_group,False,Business Entity,13500,General Operational Expenses (need description),General operations,ATLANTA,GA,94484
5808012,2026-09-14,2026-09-14,23208,Tiffany Koyama Lane,3,record:1d13197007c784df721d7359,Canva,provisional_record_group,False,Business Entity,3000,General Operational Expenses (need description),General operations,SAN JOSE,CA,94485
5809597,2026-09-14,2026-09-14,24897,Kellie Torres,3,record:5061455c7ff31cac7d4fa2dd,Open Phone,provisional_record_group,False,Business Entity,2395,,Unspecified code,SAN FRANCISCO,CA,94520
5809599,2026-09-14,2026-09-14,24897,Kellie Torres,3,record:0eee8920317306681d3cce3c,Coco doughnuts,provisional_record_group,False,Business Entity,12578,,Unspecified code,PORTLAND,OR,94521
5809602,2026-09-14,2026-09-14,24897,Kellie Torres,3,disclosure:24897:f88fe8ea980a,Miscellaneous Cash Expenditures $100 and under,disclosure_category,True,Unspecified,7500,,Unspecified code,,,94522
5814457,2026-09-14,2026-09-17,23208,Tiffany Koyama Lane,3,record:505d17ab5768e40aca75c089,ActBlue,provisional_record_group,False,Business Entity,1584,Fundraising Event Expenses,Fundraising event code,W SOMERVILLE,MA,94642
5814698,2026-09-14,2026-09-18,25040,Jamey Evenstar,4,record:505d17ab5768e40aca75c089,ActBlue,provisional_record_group,False,Business Entity,712,Fundraising Event Expenses,Fundraising event code,W SOMERVILLE,MA,94644
5818135,2026-09-14,2026-09-21,23365,Mitch Green,4,record:505d17ab5768e40aca75c089,ActBlue,provisional_record_group,False,Business Entity,218,Fundraising Event Expenses,Fundraising event code,W SOMERVILLE,MA,94661
5818424,2026-09-14,2026-09-21,23028,Angelita Morillo,3,record:505d17ab5768e40aca75c089,ActBlue,provisional_record_group,False,Business Entity,970,Fundraising Event Expenses,Fundraising event code,W SOMERVILLE,MA,94663
5821002,2026-09-14,2026-09-22,23295,Eli Arnold,4,record:897ca0e9c4652ae0639ef42d,Mailchimp,provisional_record_group,False,Business Entity,7250,General Operational Expenses (need description),General operations,ATLANTA,GA,94695
5831841,2026-09-14,2026-09-26,25103,Jayne Cronlund,4,disclosure:25103:f88fe8ea980a,Miscellaneous Cash Expenditures $100 and under,disclosure_category,True,Unspecified,1000,,Unspecified code,,,94722
5812403,2026-09-15,2026-09-15,23411,Jeremy Beausoleil Smith,4,record:047f6397562ce37a9ae50245,Hollywood Impress Printing,provisional_record_group,False,Business Entity,72000,"Literature, Brochures, Printing",Literature and printing,PORTLAND,OR,94330
5814473,2026-09-15,2026-09-17,23208,Tiffany Koyama Lane,3,record:505d17ab5768e40aca75c089,ActBlue,provisional_record_group,False,Business Entity,1511,Fundraising Event Expenses,Fundraising event code,W SOMERVILLE,MA,94395
5814703,2026-09-15,2026-09-18,25040,Jamey Evenstar,4,record:505d17ab5768e40aca75c089,ActBlue,provisional_record_group,False,Business Entity,870,Fundraising Event Expenses,Fundraising event code,W SOMERVILLE,MA,94397
5814704,2026-09-15,2026-09-18,25040,Jamey Evenstar,4,record:3c37d978f79677f4a6c49cde,Infused LLC,provisional_record_group,False,Business Entity,110000,General Operational Expenses (need description),General operations,LAKE OSWEGO,OR,94398
5817972,2026-09-15,2026-09-20,24973,Esther León,3,record:834bcd557717bb52d7abbd74,John Carter,provisional_record_group,False,Individual,84000,"Wages, Salaries, Benefits","Wages, salaries, benefits",PORTLAND,OR,94418
5817977,2026-09-15,2026-09-20,24973,Esther León,3,disclosure:24973:f88fe8ea980a,Miscellaneous Cash Expenditures $100 and under,disclosure_category,True,Unspecified,8000,,Unspecified code,,,94419
5818147,2026-09-15,2026-09-21,23365,Mitch Green,4,record:505d17ab5768e40aca75c089,ActBlue,provisional_record_group,False,Business Entity,1769,Fundraising Event Expenses,Fundraising event code,W SOMERVILLE,MA,94426
5818454,2026-09-15,2026-09-21,23028,Angelita Morillo,3,record:505d17ab5768e40aca75c089,ActBlue,provisional_record_group,False,Business Entity,937,Fundraising Event Expenses,Fundraising event code,W SOMERVILLE,MA,94432
5821121,2026-09-15,2026-09-22,23295,Eli Arnold,4,record:891b92623a7a774096e02649,Vistaprint,provisional_record_group,False,Business Entity,32599,"Other Advertising (yard signs, buttons, etc.)",Other advertising / signs,WALTHAM,MA,94454
5814042,2026-09-16,2026-09-17,17629,Eric Zimmerman,4,disclosure:17629:f88fe8ea980a,Miscellaneous Cash Expenditures $100 and under,disclosure_category,True,Unspecified,6625,,Unspecified code,,,94170
5814270,2026-09-16,2026-09-17,23411,Jeremy Beausoleil Smith,4,record:505d17ab5768e40aca75c089,ActBlue,provisional_record_group,False,Business Entity,218,Fundraising Event Expenses,Fundraising event code,W SOMERVILLE,MA,94175
5814490,2026-09-16,2026-09-17,23208,Tiffany Koyama Lane,3,record:6403fa1044e000273aa5169d,Mailchimp,provisional_record_group,False,Business Entity,23000,General Operational Expenses (need description),General operations,ATLANTA,GA,94178
5814492,2026-09-16,2026-09-17,23208,Tiffany Koyama Lane,3,record:505d17ab5768e40aca75c089,ActBlue,provisional_record_group,False,Business Entity,496,Fundraising Event Expenses,Fundraising event code,W SOMERVILLE,MA,94179
5814715,2026-09-16,2026-09-18,25040,Jamey Evenstar,4,record:505d17ab5768e40aca75c089,ActBlue,provisional_record_group,False,Business Entity,297,Fundraising Event Expenses,Fundraising event code,W SOMERVILLE,MA,94183
5818174,2026-09-16,2026-09-21,23365,Mitch Green,4,record:505d17ab5768e40aca75c089,ActBlue,provisional_record_group,False,Business Entity,3719,Fundraising Event Expenses,Fundraising event code,W SOMERVILLE,MA,94202
5818493,2026-09-16,2026-09-21,23028,Angelita Morillo,3,record:505d17ab5768e40aca75c089,ActBlue,provisional_record_group,False,Business Entity,712,Fundraising Event Expenses,Fundraising event code,W SOMERVILLE,MA,94205
5813805,2026-09-17,2026-09-17,17629,Eric Zimmerman,4,record:428b0fcd0ef60ebaed796da1,Worldpay- C&E Merchant Services,provisional_record_group,False,Business Entity,41912,General Operational Expenses (need description),General operations,PORTLAND,OR,93935
5814718,2026-09-17,2026-09-18,25040,Jamey Evenstar,4,record:505d17ab5768e40aca75c089,ActBlue,provisional_record_group,False,Business Entity,1456,Fundraising Event Expenses,Fundraising event code,W SOMERVILLE,MA,93953
5817616,2026-09-17,2026-09-20,23208,Tiffany Koyama Lane,3,record:505d17ab5768e40aca75c089,ActBlue,provisional_record_group,False,Business Entity,2113,Fundraising Event Expenses,Fundraising event code,W SOMERVILLE,MA,93981
5817672,2026-09-17,2026-09-20,23411,Jeremy Beausoleil Smith,4,record:505d17ab5768e40aca75c089,ActBlue,provisional_record_group,False,Business Entity,80,Fundraising Event Expenses,Fundraising event code,W SOMERVILLE,MA,93982
5818197,2026-09-17,2026-09-21,23365,Mitch Green,4,record:505d17ab5768e40aca75c089,ActBlue,provisional_record_group,False,Business Entity,7146,Fundraising Event Expenses,Fundraising event code,W SOMERVILLE,MA,93996
5818224,2026-09-17,2026-09-21,23365,Mitch Green,4,record:0bd926a9c85d9f851966e0b7,Leslie McCollom Fontaine,provisional_record_group,False,Individual,1440000,Management Services,Management services,PORTLAND,OR,93997
5818225,2026-09-17,2026-09-21,23365,Mitch Green,4,record:0bd926a9c85d9f851966e0b7,Leslie McCollom Fontaine,provisional_record_group,False,Individual,13310,Reimbursement for Personal Expenditures,Personal-expense reimbursement,PORTLAND,OR,93998
5818507,2026-09-17,2026-09-21,23028,Angelita Morillo,3,record:505d17ab5768e40aca75c089,ActBlue,provisional_record_group,False,Business Entity,1836,Fundraising Event Expenses,Fundraising event code,W SOMERVILLE,MA,94001
5818520,2026-09-17,2026-09-21,23028,Angelita Morillo,3,record:047f6397562ce37a9ae50245,Hollywood Impress Printing,provisional_record_group,False,Business Entity,80500,"Literature, Brochures, Printing",Literature and printing,PORTLAND,OR,94002
5819814,2026-09-17,2026-09-22,24966,Matthias Hallett,3,disclosure:24966:f88fe8ea980a,Miscellaneous Cash Expenditures $100 and under,disclosure_category,True,Unspecified,240,,Unspecified code,,,94031
5821266,2026-09-17,2026-09-22,23295,Eli Arnold,4,record:428b0fcd0ef60ebaed796da1,Worldpay- C&E Merchant Services,provisional_record_group,False,Business Entity,18532,General Operational Expenses (need description),General operations,PORTLAND,OR,94046
5830226,2026-09-17,2026-09-25,15109,Steve Novick,3,record:428b0fcd0ef60ebaed796da1,Worldpay- C&E Merchant Services,provisional_record_group,False,Business Entity,9502,General Operational Expenses (need description),General operations,PORTLAND,OR,94084
5831745,2026-09-17,2026-09-26,25103,Jayne Cronlund,4,record:428b0fcd0ef60ebaed796da1,Worldpay- C&E Merchant Services,provisional_record_group,False,Business Entity,11742,General Operational Expenses (need description),General operations,PORTLAND,OR,94104
5817619,2026-09-18,2026-09-20,23208,Tiffany Koyama Lane,3,record:505d17ab5768e40aca75c089,ActBlue,provisional_record_group,False,Business Entity,1162,Fundraising Event Expenses,Fundraising event code,W SOMERVILLE,MA,99602
5817630,2026-09-18,2026-09-20,23208,Tiffany Koyama Lane,3,record:e96b0989e6aad20d2bdc4d03,Lydia Kiesling,provisional_record_group,False,Individual,103500,General Operational Expenses (need description),General operations,PORTLAND,OR,99603
5817631,2026-09-18,2026-09-20,23208,Tiffany Koyama Lane,3,record:e96b0989e6aad20d2bdc4d03,Lydia Kiesling,provisional_record_group,False,Individual,30000,Reimbursement for Personal Expenditures,Personal-expense reimbursement,PORTLAND,OR,99604
5817633,2026-09-18,2026-09-20,23208,Tiffany Koyama Lane,3,record:1c14a5741680e078dbe8cf51,Morel Ink,provisional_record_group,False,Business Entity,148000,"Other Advertising (yard signs, buttons, etc.)",Other advertising / signs,PORTLAND,OR,99605
5817674,2026-09-18,2026-09-20,23411,Jeremy Beausoleil Smith,4,record:505d17ab5768e40aca75c089,ActBlue,provisional_record_group,False,Business Entity,317,Fundraising Event Expenses,Fundraising event code,W SOMERVILLE,MA,99606
5817978,2026-09-18,2026-09-20,24973,Esther León,3,disclosure:24973:f88fe8ea980a,Miscellaneous Cash Expenditures $100 and under,disclosure_category,True,Unspecified,10000,,Unspecified code,,,99610
5818118,2026-09-18,2026-09-21,25040,Jamey Evenstar,4,record:505d17ab5768e40aca75c089,ActBlue,provisional_record_group,False,Business Entity,238,Fundraising Event Expenses,Fundraising event code,W SOMERVILLE,MA,99617
5818238,2026-09-18,2026-09-21,23365,Mitch Green,4,record:505d17ab5768e40aca75c089,ActBlue,provisional_record_group,False,Business Entity,5436,Fundraising Event Expenses,Fundraising event code,W SOMERVILLE,MA,99618
5818524,2026-09-18,2026-09-21,23028,Angelita Morillo,3,record:505d17ab5768e40aca75c089,ActBlue,provisional_record_group,False,Business Entity,2030,Fundraising Event Expenses,Fundraising event code,W SOMERVILLE,MA,99621
5819611,2026-09-18,2026-09-21,24973,Esther León,3,record:834bcd557717bb52d7abbd74,John Carter,provisional_record_group,False,Individual,309000,"Wages, Salaries, Benefits","Wages, salaries, benefits",PORTLAND,OR,99640
5821245,2026-09-18,2026-09-22,23295,Eli Arnold,4,record:d01eb013a9e2d301cd319f4f,CMG Oregon Newpapers,provisional_record_group,False,Business Entity,220000,Newspaper and Other Periodical Advertising,Print-media advertising,CLACKAMAS,OR,99649
5828754,2026-09-18,2026-09-24,17629,Eric Zimmerman,4,record:27ca0a7ec5e52412509bb7f8,Purple State Strategies Inc.,provisional_record_group,False,Business Entity,180491,Online and Social Media Advertising; Management Services,Multiple reported codes,VANCOUVER,WA,99673
5817640,2026-09-19,2026-09-20,23208,Tiffany Koyama Lane,3,record:505d17ab5768e40aca75c089,ActBlue,provisional_record_group,False,Business Entity,950,Fundraising Event Expenses,Fundraising event code,W SOMERVILLE,MA,99525
5817710,2026-09-19,2026-09-20,23411,Jeremy Beausoleil Smith,4,record:505d17ab5768e40aca75c089,ActBlue,provisional_record_group,False,Business Entity,357,Fundraising Event Expenses,Fundraising event code,W SOMERVILLE,MA,99526
5818129,2026-09-19,2026-09-21,25040,Jamey Evenstar,4,record:505d17ab5768e40aca75c089,ActBlue,provisional_record_group,False,Business Entity,555,Fundraising Event Expenses,Fundraising event code,W SOMERVILLE,MA,99531
5818288,2026-09-19,2026-09-21,23365,Mitch Green,4,record:505d17ab5768e40aca75c089,ActBlue,provisional_record_group,False,Business Entity,8197,Fundraising Event Expenses,Fundraising event code,W SOMERVILLE,MA,99532
5818533,2026-09-19,2026-09-21,23028,Angelita Morillo,3,record:505d17ab5768e40aca75c089,ActBlue,provisional_record_group,False,Business Entity,1705,Fundraising Event Expenses,Fundraising event code,W SOMERVILLE,MA,99536
5818619,2026-09-19,2026-09-21,25040,Jamey Evenstar,4,disclosure:25040:f88fe8ea980a,Miscellaneous Cash Expenditures $100 and under,disclosure_category,True,Unspecified,1800,,Unspecified code,,,99538
5819816,2026-09-19,2026-09-22,24966,Matthias Hallett,3,disclosure:24966:f88fe8ea980a,Miscellaneous Cash Expenditures $100 and under,disclosure_category,True,Unspecified,395,,Unspecified code,,,99548
5817976,2026-09-20,2026-09-20,24973,Esther León,3,record:f70c8e1f10a86e6582f4c145,Noelle Daniels,provisional_record_group,False,Individual,70000,"Wages, Salaries, Benefits","Wages, salaries, benefits",PORTLAND,OR,99450
5818146,2026-09-20,2026-09-21,25040,Jamey Evenstar,4,record:505d17ab5768e40aca75c089,ActBlue,provisional_record_group,False,Business Entity,834,Fundraising Event Expenses,Fundraising event code,W SOMERVILLE,MA,99457
5818351,2026-09-20,2026-09-21,23365,Mitch Green,4,record:505d17ab5768e40aca75c089,ActBlue,provisional_record_group,False,Business Entity,7128,Fundraising Event Expenses,Fundraising event code,W SOMERVILLE,MA,99458
5818419,2026-09-20,2026-09-21,23208,Tiffany Koyama Lane,3,record:505d17ab5768e40aca75c089,ActBlue,provisional_record_group,False,Business Entity,892,Fundraising Event Expenses,Fundraising event code,W SOMERVILLE,MA,99459
5818560,2026-09-20,2026-09-21,23028,Angelita Morillo,3,record:505d17ab5768e40aca75c089,ActBlue,provisional_record_group,False,Business Entity,3960,Fundraising Event Expenses,Fundraising event code,W SOMERVILLE,MA,99463
5818621,2026-09-20,2026-09-21,25040,Jamey Evenstar,4,disclosure:25040:f88fe8ea980a,Miscellaneous Cash Expenditures $100 and under,disclosure_category,True,Unspecified,1699,,Unspecified code,,,99465
5818678,2026-09-20,2026-09-21,23411,Jeremy Beausoleil Smith,4,record:505d17ab5768e40aca75c089,ActBlue,provisional_record_group,False,Business Entity,100,Fundraising Event Expenses,Fundraising event code,W SOMERVILLE,MA,99466
5819817,2026-09-20,2026-09-22,24966,Matthias Hallett,3,disclosure:24966:f88fe8ea980a,Miscellaneous Cash Expenditures $100 and under,disclosure_category,True,Unspecified,558,,Unspecified code,,,99480
5819825,2026-09-21,2026-09-22,24966,Matthias Hallett,3,record:195610642d60e55f0743ab06,Laurin Hallett,provisional_record_group,False,Business Entity,40000,Online and Social Media Advertising; Preparation and Production of Advertising,Multiple reported codes,PORTLAND,OR,99310
5821049,2026-09-21,2026-09-22,23295,Eli Arnold,4,record:36ba51940575f397ae3bc8a6,UPRINTING,provisional_record_group,False,Business Entity,52909,"Literature, Brochures, Printing",Literature and printing,LOS ANGELES,CA,99337
5821757,2026-09-21,2026-09-23,23208,Tiffany Koyama Lane,3,record:505d17ab5768e40aca75c089,ActBlue,provisional_record_group,False,Business Entity,514,Fundraising Event Expenses,Fundraising event code,W SOMERVILLE,MA,99349
5821788,2026-09-21,2026-09-23,23028,Angelita Morillo,3,record:505d17ab5768e40aca75c089,ActBlue,provisional_record_group,False,Business Entity,3527,Fundraising Event Expenses,Fundraising event code,W SOMERVILLE,MA,99351
5821892,2026-09-21,2026-09-23,23365,Mitch Green,4,record:505d17ab5768e40aca75c089,ActBlue,provisional_record_group,False,Business Entity,2975,Fundraising Event Expenses,Fundraising event code,W SOMERVILLE,MA,99352
5821904,2026-09-21,2026-09-23,23365,Mitch Green,4,record:1580298b74ffb13e05f54ade,Connor Lennon,provisional_record_group,False,Individual,202500,General Operational Expenses (need description),General operations,PORTLAND,OR,99353
5821906,2026-09-21,2026-09-23,23365,Mitch Green,4,record:1580298b74ffb13e05f54ade,Connor Lennon,provisional_record_group,False,Individual,9000,Reimbursement for Personal Expenditures,Personal-expense reimbursement,PORTLAND,OR,99354
5831751,2026-09-21,2026-09-26,25103,Jayne Cronlund,4,record:1f64ca66ab5ec1f13776fdb8,Mary Rarick 		,provisional_record_group,False,Individual,25000,General Operational Expenses (need description),General operations,PORTLAND,OR,99434
5831752,2026-09-21,2026-09-26,25103,Jayne Cronlund,4,record:b5aed3da1bcce7748d03679b,Anna Fastenko,provisional_record_group,False,Individual,12210,Reimbursement for Personal Expenditures,Personal-expense reimbursement,PORTLAND,OR,99435
5831753,2026-09-21,2026-09-26,25103,Jayne Cronlund,4,record:5171e4aed166824cebf78784,Lindsey Gonzales,provisional_record_group,False,Individual,15000,General Operational Expenses (need description),General operations,ROCKAWAY BEACH,OR,99436
5819823,2026-09-22,2026-09-22,24966,Matthias Hallett,3,record:80d227852e1582b8c78566db,Hobby Lobby,provisional_record_group,False,Business Entity,1026,Preparation and Production of Advertising,Advertising production,CLACKAMAS,OR,99106
5819826,2026-09-22,2026-09-22,24966,Matthias Hallett,3,disclosure:24966:f88fe8ea980a,Miscellaneous Cash Expenditures $100 and under,disclosure_category,True,Unspecified,1100,,Unspecified code,,,99107
5820931,2026-09-22,2026-09-22,23295,Eli Arnold,4,record:bb5ba72e54089a637811a07a,"Purple State Strategies, Inc.",provisional_record_group,False,Business Entity,500000,Management Services,Management services,VANCOUVER,WA,99140
5821763,2026-09-22,2026-09-23,23208,Tiffany Koyama Lane,3,record:505d17ab5768e40aca75c089,ActBlue,provisional_record_group,False,Business Entity,575,Fundraising Event Expenses,Fundraising event code,W SOMERVILLE,MA,99154
5821822,2026-09-22,2026-09-23,23028,Angelita Morillo,3,record:505d17ab5768e40aca75c089,ActBlue,provisional_record_group,False,Business Entity,5466,Fundraising Event Expenses,Fundraising event code,W SOMERVILLE,MA,99155
5821916,2026-09-22,2026-09-23,23365,Mitch Green,4,record:505d17ab5768e40aca75c089,ActBlue,provisional_record_group,False,Business Entity,2990,Fundraising Event Expenses,Fundraising event code,W SOMERVILLE,MA,99156
5830232,2026-09-22,2026-09-25,15109,Steve Novick,3,record:523975686b52371f16c39e9c,Hannah Corbin,provisional_record_group,False,Individual,180000,Management Services,Management services,PORTLAND,OR,99215
5831754,2026-09-22,2026-09-26,25103,Jayne Cronlund,4,record:cecb6f624fc372953ef2777b,Lorraine Ortiz,provisional_record_group,False,Individual,50000,General Operational Expenses (need description),General operations,NEHALEM,OR,99238
5828760,2026-09-23,2026-09-24,17629,Eric Zimmerman,4,record:3eb4982402fd9233ac357f64,Eric Zimmerman,provisional_record_group,False,Candidate & Immediate Family,25000,Reimbursement for Personal Expenditures,Personal-expense reimbursement,PORTLAND,OR,99043
5831760,2026-09-23,2026-09-26,25103,Jayne Cronlund,4,record:b850f89e8c61d8c467d0ff15,"Deer Island Studio, Design & Media",provisional_record_group,False,Business Entity,195000,General Operational Expenses (need description),General operations,NEHALEM,OR,99091
5830236,2026-09-24,2026-09-25,15109,Steve Novick,3,record:d90b3553b7fd70efb412acfe,Morel Ink,provisional_record_group,False,Business Entity,76500,"Literature, Brochures, Printing",Literature and printing,PORTLAND,OR,98961
5831761,2026-09-24,2026-09-26,25103,Jayne Cronlund,4,record:1f64ca66ab5ec1f13776fdb8,Mary Rarick 		,provisional_record_group,False,Individual,45000,General Operational Expenses (need description),General operations,PORTLAND,OR,98979
5831763,2026-09-25,2026-09-26,25103,Jayne Cronlund,4,record:5171e4aed166824cebf78784,Lindsey Gonzales,provisional_record_group,False,Individual,21000,General Operational Expenses (need description),General operations,ROCKAWAY BEACH,OR,98893
5832854,2026-09-26,2026-09-28,23411,Jeremy Beausoleil Smith,4,record:505d17ab5768e40aca75c089,ActBlue,provisional_record_group,False,Business Entity,1704,Fundraising Event Expenses,Fundraising event code,W SOMERVILLE,MA,239
5833033,2026-09-26,2026-09-28,23208,Tiffany Koyama Lane,3,record:505d17ab5768e40aca75c089,ActBlue,provisional_record_group,False,Business Entity,1879,Fundraising Event Expenses,Fundraising event code,W SOMERVILLE,MA,244
5833052,2026-09-26,2026-09-28,23028,Angelita Morillo,3,record:505d17ab5768e40aca75c089,ActBlue,provisional_record_group,False,Business Entity,1423,Fundraising Event Expenses,Fundraising event code,W SOMERVILLE,MA,245
5833151,2026-09-26,2026-09-28,25040,Jamey Evenstar,4,record:505d17ab5768e40aca75c089,ActBlue,provisional_record_group,False,Business Entity,1660,Fundraising Event Expenses,Fundraising event code,W SOMERVILLE,MA,249
5833332,2026-09-26,2026-09-28,23365,Mitch Green,4,record:505d17ab5768e40aca75c089,ActBlue,provisional_record_group,False,Business Entity,1641,Fundraising Event Expenses,Fundraising event code,W SOMERVILLE,MA,257
5832876,2026-09-27,2026-09-28,23411,Jeremy Beausoleil Smith,4,record:505d17ab5768e40aca75c089,ActBlue,provisional_record_group,False,Business Entity,674,Fundraising Event Expenses,Fundraising event code,W SOMERVILLE,MA,112
5832885,2026-09-27,2026-09-28,23411,Jeremy Beausoleil Smith,4,record:047f6397562ce37a9ae50245,Hollywood Impress Printing,provisional_record_group,False,Business Entity,86000,"Literature, Brochures, Printing",Literature and printing,PORTLAND,OR,113
5832886,2026-09-27,2026-09-28,23411,Jeremy Beausoleil Smith,4,record:047f6397562ce37a9ae50245,Hollywood Impress Printing,provisional_record_group,False,Business Entity,128750,"Literature, Brochures, Printing; Other Advertising (yard signs, buttons, etc.)",Multiple reported codes,PORTLAND,OR,114
5833057,2026-09-27,2026-09-28,23028,Angelita Morillo,3,record:505d17ab5768e40aca75c089,ActBlue,provisional_record_group,False,Business Entity,5568,Fundraising Event Expenses,Fundraising event code,W SOMERVILLE,MA,117
5833058,2026-09-27,2026-09-28,23208,Tiffany Koyama Lane,3,record:505d17ab5768e40aca75c089,ActBlue,provisional_record_group,False,Business Entity,4349,Fundraising Event Expenses,Fundraising event code,W SOMERVILLE,MA,118
5833336,2026-09-27,2026-09-28,23365,Mitch Green,4,record:505d17ab5768e40aca75c089,ActBlue,provisional_record_group,False,Business Entity,3905,Fundraising Event Expenses,Fundraising event code,W SOMERVILLE,MA,137
5833029,2026-09-28,2026-09-28,23208,Tiffany Koyama Lane,3,record:7b0cdaf4056d04ec4eb46481,Ethos Campaigns LLC,provisional_record_group,False,Business Entity,5259600,Online and Social Media Advertising; Preparation and Production of Advertising,Multiple reported codes,NASHVILLE,TN,13
5833330,2026-09-28,2026-09-28,23365,Mitch Green,4,record:f49e0ce40aa2aa81d222d086,Katey Harris,provisional_record_group,False,Individual,28000,Online and Social Media Advertising,Online advertising,PORTLAND,OR,23
5839320,2026-09-28,2026-09-29,25040,Jamey Evenstar,4,record:505d17ab5768e40aca75c089,ActBlue,provisional_record_group,False,Business Entity,1129,Fundraising Event Expenses,Fundraising event code,W SOMERVILLE,MA,3502
5839328,2026-09-28,2026-09-29,25040,Jamey Evenstar,4,record:3c37d978f79677f4a6c49cde,Infused LLC,provisional_record_group,False,Business Entity,110000,General Operational Expenses (need description),General operations,LAKE OSWEGO,OR,3503
5839355,2026-09-28,2026-09-29,23365,Mitch Green,4,record:505d17ab5768e40aca75c089,ActBlue,provisional_record_group,False,Business Entity,1761,Fundraising Event Expenses,Fundraising event code,W SOMERVILLE,MA,3512
5839522,2026-09-28,2026-09-29,23028,Angelita Morillo,3,record:505d17ab5768e40aca75c089,ActBlue,provisional_record_group,False,Business Entity,2497,Fundraising Event Expenses,Fundraising event code,W SOMERVILLE,MA,3530
5839533,2026-09-28,2026-09-29,23028,Angelita Morillo,3,record:e1b7c42aeb117555130c720b,Team Mars Consulting,provisional_record_group,False,Business Entity,262862,Management Services; Travel Expenses (need description),Multiple reported codes,HILLSBORO,OR,3531
5839568,2026-09-28,2026-09-29,23208,Tiffany Koyama Lane,3,record:505d17ab5768e40aca75c089,ActBlue,provisional_record_group,False,Business Entity,2278,Fundraising Event Expenses,Fundraising event code,W SOMERVILLE,MA,3537
5841452,2026-09-28,2026-09-29,24661,Tom Sollitt,3,record:8761bccd1dc01a7380355c20,The Golden Goddess,provisional_record_group,False,Business Entity,50000,General Operational Expenses (need description),General operations,PORTLAND,OR,3567
5841454,2026-09-28,2026-09-29,24661,Tom Sollitt,3,record:e1bccd37f94603017bdfa4df,Columbia Bank,provisional_record_group,False,Business Entity,1750,General Operational Expenses (need description),General operations,PORTLAND,OR,3568
5845021,2026-09-28,2026-09-29,15109,Steve Novick,3,record:786b090b5d95152823f462be,Kathleen Shriver,provisional_record_group,False,Individual,10250,Reimbursement for Personal Expenditures,Personal-expense reimbursement,PORTLAND,OR,3651
5846302,2026-09-28,2026-09-29,25103,Jayne Cronlund,4,record:b850f89e8c61d8c467d0ff15,"Deer Island Studio, Design & Media",provisional_record_group,False,Business Entity,1400,General Operational Expenses (need description),General operations,NEHALEM,OR,3700
5846303,2026-09-28,2026-09-29,25103,Jayne Cronlund,4,record:b850f89e8c61d8c467d0ff15,"Deer Island Studio, Design & Media",provisional_record_group,False,Business Entity,10000,General Operational Expenses (need description),General operations,NEHALEM,OR,3701
5847770,2026-09-28,2026-09-29,23411,Jeremy Beausoleil Smith,4,record:505d17ab5768e40aca75c089,ActBlue,provisional_record_group,False,Business Entity,1071,Fundraising Event Expenses,Fundraising event code,W SOMERVILLE,MA,3729
5847888,2026-09-28,2026-09-29,23411,Jeremy Beausoleil Smith,4,record:6aef753c4dc9d755ca837a90,Gabe Vogl,provisional_record_group,False,Business Entity,17500,"Other Advertising (yard signs, buttons, etc.)",Other advertising / signs,VANCOUVER,WA,3738
5851449,2026-09-28,2026-10-01,23208,Tiffany Koyama Lane,3,record:d6d0edb21ed9ce9f86ff1e82,Lyft,provisional_record_group,False,Business Entity,2519,Travel Expenses (need description),Travel,SAN FRANCISCO,CA,3861
5851592,2026-09-28,2026-10-01,23295,Eli Arnold,4,record:d01eb013a9e2d301cd319f4f,CMG Oregon Newpapers,provisional_record_group,False,Business Entity,587500,Online and Social Media Advertising; Newspaper and Other Periodical Advertising,Multiple reported codes,CLACKAMAS,OR,3867
5844153,2026-09-29,2026-09-29,23199,Olivia Clark,4,record:4848465446bfdaac71a03b4a,North Peninsula Review,provisional_record_group,False,Business Entity,38500,Newspaper and Other Periodical Advertising,Print-media advertising,PORTLAND,OR,1983
5844604,2026-09-29,2026-09-30,23295,Eli Arnold,4,record:253c1b85cc69027448e153c7,"Mission Control, Inc",provisional_record_group,False,Business Entity,3240468,"Literature, Brochures, Printing; Preparation and Production of Advertising; Postage",Multiple reported codes,GLASTONBURY,CT,1986
5846296,2026-09-29,2026-09-29,24661,Tom Sollitt,3,record:07a0a0be1f1d6172d32e59b5,Kyra Watkins,provisional_record_group,False,Individual,50000,General Operational Expenses (need description),General operations,PORTLAND,OR,2011
5846297,2026-09-29,2026-09-29,24661,Tom Sollitt,3,record:52b51402e7a84bbd540e7c0d,Summers Faded,provisional_record_group,False,Business Entity,50000,General Operational Expenses (need description),General operations,PORTLAND,OR,2012
5846300,2026-09-29,2026-09-29,24661,Tom Sollitt,3,record:b6f09a64663a67fea088698d,Nathan Elliott,provisional_record_group,False,Individual,50000,General Operational Expenses (need description),General operations,PORTLAND,OR,2013
5846301,2026-09-29,2026-09-29,24661,Tom Sollitt,3,record:7258269cd3343f9a7a2ed435,Ashley Lynn Blender,provisional_record_group,False,Individual,50000,General Operational Expenses (need description),General operations,PORTLAND,OR,2014
5847795,2026-09-29,2026-09-29,23411,Jeremy Beausoleil Smith,4,record:be5f24bf3d190cb4e9daf3db,Christopher Olson,provisional_record_group,False,Individual,200000,General Operational Expenses (need description),General operations,PORTLAND,OR,2054
5847798,2026-09-29,2026-09-29,23411,Jeremy Beausoleil Smith,4,record:b5e0da70e02731f56601a3d5,Hallie Frost,provisional_record_group,False,Individual,225000,General Operational Expenses (need description),General operations,PORTLAND,OR,2055
5847800,2026-09-29,2026-09-29,23411,Jeremy Beausoleil Smith,4,record:be5f24bf3d190cb4e9daf3db,Christopher Olson,provisional_record_group,False,Individual,12234,Reimbursement for Personal Expenditures,Personal-expense reimbursement,PORTLAND,OR,2056
5849235,2026-09-29,2026-09-30,23411,Jeremy Beausoleil Smith,4,record:505d17ab5768e40aca75c089,ActBlue,provisional_record_group,False,Business Entity,853,Fundraising Event Expenses,Fundraising event code,W SOMERVILLE,MA,2242
5851317,2026-09-29,2026-10-01,25040,Jamey Evenstar,4,record:505d17ab5768e40aca75c089,ActBlue,provisional_record_group,False,Business Entity,199,Fundraising Event Expenses,Fundraising event code,W SOMERVILLE,MA,2434
5851329,2026-09-29,2026-10-01,23028,Angelita Morillo,3,record:505d17ab5768e40aca75c089,ActBlue,provisional_record_group,False,Business Entity,3517,Fundraising Event Expenses,Fundraising event code,W SOMERVILLE,MA,2436
5851395,2026-09-29,2026-10-01,23365,Mitch Green,4,record:505d17ab5768e40aca75c089,ActBlue,provisional_record_group,False,Business Entity,2269,Fundraising Event Expenses,Fundraising event code,W SOMERVILLE,MA,2456
5851451,2026-09-29,2026-10-01,23208,Tiffany Koyama Lane,3,record:505d17ab5768e40aca75c089,ActBlue,provisional_record_group,False,Business Entity,492,Fundraising Event Expenses,Fundraising event code,W SOMERVILLE,MA,2459
5851460,2026-09-29,2026-10-01,23208,Tiffany Koyama Lane,3,record:4eb9183a11432b63cf0fb71d,Spencer Mann,provisional_record_group,False,Individual,358161,"Wages, Salaries, Benefits","Wages, salaries, benefits",PORTLAND,OR,2462
5851595,2026-09-29,2026-10-01,23295,Eli Arnold,4,record:36ba51940575f397ae3bc8a6,UPRINTING,provisional_record_group,False,Business Entity,18105,"Other Advertising (yard signs, buttons, etc.)",Other advertising / signs,LOS ANGELES,CA,2471
5852775,2026-09-29,2026-10-02,17629,Eric Zimmerman,4,record:4848465446bfdaac71a03b4a,North Peninsula Review,provisional_record_group,False,Business Entity,38500,Newspaper and Other Periodical Advertising,Print-media advertising,PORTLAND,OR,2513
5850387,2026-09-30,2026-09-30,23199,Olivia Clark,4,record:1d11cd44a94fc6e45a1d7655,Rebecca Stavenjord,provisional_record_group,False,Individual,500000,Management Services,Management services,MILWAUKIE,OR,1415
5850390,2026-09-30,2026-09-30,23199,Olivia Clark,4,record:5ce38d0ca0a5a75ccdcd8252,CMG Oregon Newspapers,provisional_record_group,False,Business Entity,70000,Newspaper and Other Periodical Advertising,Print-media advertising,GRESHAM,OR,1416
5851234,2026-09-30,2026-10-01,23411,Jeremy Beausoleil Smith,4,record:505d17ab5768e40aca75c089,ActBlue,provisional_record_group,False,Business Entity,2100,Fundraising Event Expenses,Fundraising event code,W SOMERVILLE,MA,1571
5851238,2026-09-30,2026-10-01,23411,Jeremy Beausoleil Smith,4,record:0a1fbcd908ac940aa1c79f50,Logan Kerbs,provisional_record_group,False,Individual,140000,General Operational Expenses (need description),General operations,PORTLAND,OR,1573
5851244,2026-09-30,2026-10-01,23411,Jeremy Beausoleil Smith,4,record:1869b99035c765606945a49c,Faith Bowman,provisional_record_group,False,Individual,140000,General Operational Expenses (need description),General operations,PORTLAND,OR,1574
5851320,2026-09-30,2026-10-01,25040,Jamey Evenstar,4,record:505d17ab5768e40aca75c089,ActBlue,provisional_record_group,False,Business Entity,198,Fundraising Event Expenses,Fundraising event code,W SOMERVILLE,MA,1587
5851363,2026-09-30,2026-10-01,23028,Angelita Morillo,3,record:505d17ab5768e40aca75c089,ActBlue,provisional_record_group,False,Business Entity,2001,Fundraising Event Expenses,Fundraising event code,W SOMERVILLE,MA,1591
5851407,2026-09-30,2026-10-01,23365,Mitch Green,4,record:505d17ab5768e40aca75c089,ActBlue,provisional_record_group,False,Business Entity,4513,Fundraising Event Expenses,Fundraising event code,W SOMERVILLE,MA,1602
5851462,2026-09-30,2026-10-01,23208,Tiffany Koyama Lane,3,record:505d17ab5768e40aca75c089,ActBlue,provisional_record_group,False,Business Entity,2004,Fundraising Event Expenses,Fundraising event code,W SOMERVILLE,MA,1607
5851483,2026-09-30,2026-10-01,23208,Tiffany Koyama Lane,3,record:7a50fe8108868978ab2b5c95,Claire Culmer,provisional_record_group,False,Individual,290961,"Wages, Salaries, Benefits","Wages, salaries, benefits",PORTLAND,OR,1612
5851484,2026-09-30,2026-10-01,23208,Tiffany Koyama Lane,3,record:6a83bcd24f064c196919061c,ZenPayroll Inc (dba Gusto),provisional_record_group,False,Business Entity,279549,"Wages, Salaries, Benefits","Wages, salaries, benefits",SAN FRANCISCO,CA,1613
5853305,2026-09-30,2026-10-02,15109,Steve Novick,3,record:15eca8f7af11b5c6f2c7ac14,The Southeast Examiner,provisional_record_group,False,Business Entity,63200,Newspaper and Other Periodical Advertising,Print-media advertising,PORTLAND,OR,1796
5851254,2026-10-01,2026-10-01,23411,Jeremy Beausoleil Smith,4,record:5392a2499f527167e46d25e3,Google LLC,provisional_record_group,False,Business Entity,1915,General Operational Expenses (need description),General operations,MOUNTAIN VIEW,CA,336
5851580,2026-10-01,2026-10-01,23295,Eli Arnold,4,record:074a4e0c468653262a4981d4,Portland Clean Air Fund,provisional_record_group,False,Other,200000,General Operational Expenses (need description),General operations,PORTLAND,OR,374
5851585,2026-10-01,2026-10-01,23295,Eli Arnold,4,record:428b0fcd0ef60ebaed796da1,Worldpay- C&E Merchant Services,provisional_record_group,False,Business Entity,64890,General Operational Expenses (need description),General operations,PORTLAND,OR,376
5851897,2026-10-01,2026-10-01,23199,Olivia Clark,4,record:428b0fcd0ef60ebaed796da1,Worldpay- C&E Merchant Services,provisional_record_group,False,Business Entity,49840,General Operational Expenses (need description),General operations,PORTLAND,OR,394
5852776,2026-10-01,2026-10-02,17629,Eric Zimmerman,4,record:428b0fcd0ef60ebaed796da1,Worldpay- C&E Merchant Services,provisional_record_group,False,Business Entity,79803,General Operational Expenses (need description),General operations,PORTLAND,OR,529
5853118,2026-10-01,2026-10-02,24972,Joel Corcoran,3,record:8b1bd2ae2f30da9f2b9898fe,Google Workspace,provisional_record_group,False,Business Entity,10560,,Unspecified code,MOUNTAIN VIEW,CA,570
5853309,2026-10-01,2026-10-02,15109,Steve Novick,3,record:428b0fcd0ef60ebaed796da1,Worldpay- C&E Merchant Services,provisional_record_group,False,Business Entity,39921,General Operational Expenses (need description),General operations,PORTLAND,OR,583
5853312,2026-10-01,2026-10-02,15109,Steve Novick,3,record:fc607cf5114dcb8df861be42,Untidy Origins LLC,provisional_record_group,False,Business Entity,4402500,"Online and Social Media Advertising; Management Services; Broadcast Advertising (radio, tv); Preparation and Production of Advertising",Multiple reported codes,PORTLAND,OR,584
5853316,2026-10-01,2026-10-02,15109,Steve Novick,3,record:d90b3553b7fd70efb412acfe,Morel Ink,provisional_record_group,False,Business Entity,74100,"Other Advertising (yard signs, buttons, etc.)",Other advertising / signs,PORTLAND,OR,585
5856816,2026-10-04,2026-10-05,23365,Mitch Green,4,record:505d17ab5768e40aca75c089,ActBlue,provisional_record_group,False,Business Entity,2316,Fundraising Event Expenses,Fundraising event code,W SOMERVILLE,MA,4010
5856835,2026-10-04,2026-10-05,23208,Tiffany Koyama Lane,3,record:505d17ab5768e40aca75c089,ActBlue,provisional_record_group,False,Business Entity,216,Fundraising Event Expenses,Fundraising event code,W SOMERVILLE,MA,4012
5856845,2026-10-04,2026-10-05,23208,Tiffany Koyama Lane,3,record:fb5a29e820311b11c75b1257,Community Labor Administrative Services,provisional_record_group,False,Business Entity,11730,General Operational Expenses (need description),General operations,BROOKLYN,NY,4013
5856872,2026-10-04,2026-10-05,23028,Angelita Morillo,3,record:505d17ab5768e40aca75c089,ActBlue,provisional_record_group,False,Business Entity,3249,Fundraising Event Expenses,Fundraising event code,W SOMERVILLE,MA,4015
5856880,2026-10-04,2026-10-05,23365,Mitch Green,4,record:fb5a29e820311b11c75b1257,Community Labor Administrative Services,provisional_record_group,False,Business Entity,30168,General Operational Expenses (need description),General operations,BROOKLYN,NY,4016
5856959,2026-10-04,2026-10-05,25040,Jamey Evenstar,4,record:505d17ab5768e40aca75c089,ActBlue,provisional_record_group,False,Business Entity,20,Fundraising Event Expenses,Fundraising event code,W SOMERVILLE,MA,4018
5857481,2026-10-04,2026-10-05,23411,Jeremy Beausoleil Smith,4,record:505d17ab5768e40aca75c089,ActBlue,provisional_record_group,False,Business Entity,178,Fundraising Event Expenses,Fundraising event code,W SOMERVILLE,MA,4041
5858523,2026-10-04,2026-10-05,23411,Jeremy Beausoleil Smith,4,record:62bf14f04d31fed69c1df665,Noah Levinson,provisional_record_group,False,Individual,120000,General Operational Expenses (need description),General operations,PORTLAND,OR,4064
5861884,2026-10-04,2026-10-05,24973,Esther León,3,disclosure:24973:f88fe8ea980a,Miscellaneous Cash Expenditures $100 and under,disclosure_category,True,Unspecified,17500,,Unspecified code,,,4132
5869649,2026-10-04,2026-10-08,23411,Jeremy Beausoleil Smith,4,disclosure:23411:f88fe8ea980a,Miscellaneous Cash Expenditures $100 and under,disclosure_category,True,Unspecified,6096,,Unspecified code,,,4219
5856925,2026-10-05,2026-10-05,23028,Angelita Morillo,3,record:fb5a29e820311b11c75b1257,Community Labor Administrative Services,provisional_record_group,False,Business Entity,8000,General Operational Expenses (need description),General operations,BROOKLYN,NY,2204
5858306,2026-10-05,2026-10-05,17629,Eric Zimmerman,4,record:428b0fcd0ef60ebaed796da1,Worldpay- C&E Merchant Services,provisional_record_group,False,Business Entity,16152,General Operational Expenses (need description),General operations,PORTLAND,OR,2299
5863353,2026-10-05,2026-10-06,15109,Steve Novick,3,record:428b0fcd0ef60ebaed796da1,Worldpay- C&E Merchant Services,provisional_record_group,False,Business Entity,10867,General Operational Expenses (need description),General operations,PORTLAND,OR,2607
5863363,2026-10-05,2026-10-06,15109,Steve Novick,3,record:f4426cb5adf1841affd0fecc,Schwab Creative,provisional_record_group,False,Business Entity,27500,General Operational Expenses (need description),General operations,VANCOUVER,WA,2608
5863419,2026-10-05,2026-10-06,24661,Tom Sollitt,3,disclosure:24661:f88fe8ea980a,Miscellaneous Cash Expenditures $100 and under,disclosure_category,True,Unspecified,87,,Unspecified code,,,2615
5864006,2026-10-05,2026-10-06,25103,Jayne Cronlund,4,record:1f64ca66ab5ec1f13776fdb8,Mary Rarick 		,provisional_record_group,False,Individual,15000,General Operational Expenses (need description),General operations,PORTLAND,OR,2733
5864009,2026-10-05,2026-10-06,25103,Jayne Cronlund,4,record:b850f89e8c61d8c467d0ff15,"Deer Island Studio, Design & Media",provisional_record_group,False,Business Entity,64125,Preparation and Production of Advertising; General Operational Expenses (need description),Multiple reported codes,NEHALEM,OR,2734
5864012,2026-10-05,2026-10-06,25103,Jayne Cronlund,4,record:b850f89e8c61d8c467d0ff15,"Deer Island Studio, Design & Media",provisional_record_group,False,Business Entity,1189738,"Literature, Brochures, Printing; Postage",Multiple reported codes,NEHALEM,OR,2735
5864017,2026-10-05,2026-10-06,25103,Jayne Cronlund,4,record:428b0fcd0ef60ebaed796da1,Worldpay- C&E Merchant Services,provisional_record_group,False,Business Entity,542,General Operational Expenses (need description),General operations,PORTLAND,OR,2737
5864133,2026-10-05,2026-10-06,24897,Kellie Torres,3,record:0e40db3c56827a59775e3080,Northwest Labor Press,provisional_record_group,False,Business Entity,75000,Newspaper and Other Periodical Advertising,Print-media advertising,PORTLAND,OR,2759
5864783,2026-10-05,2026-10-06,24897,Kellie Torres,3,disclosure:24897:f88fe8ea980a,Miscellaneous Cash Expenditures $100 and under,disclosure_category,True,Unspecified,87,,Unspecified code,,,2892
5865510,2026-10-05,2026-10-06,23295,Eli Arnold,4,record:b6e6b9ecdf5f90f23f2c50ad,Tiffany Breunig,provisional_record_group,False,Individual,13000,General Operational Expenses (need description),General operations,GRESHAM,OR,3230
5865511,2026-10-05,2026-10-06,23295,Eli Arnold,4,record:428b0fcd0ef60ebaed796da1,Worldpay- C&E Merchant Services,provisional_record_group,False,Business Entity,9030,General Operational Expenses (need description),General operations,PORTLAND,OR,3231
5865512,2026-10-05,2026-10-06,23295,Eli Arnold,4,record:074a4e0c468653262a4981d4,Portland Clean Air Fund,provisional_record_group,False,Other,1000000,General Operational Expenses (need description),General operations,PORTLAND,OR,3232
5865514,2026-10-05,2026-10-06,23295,Eli Arnold,4,record:5e0520a6613751bf5b0785fc,Facebook - FACEBK,provisional_record_group,False,Business Entity,20354,Online and Social Media Advertising,Online advertising,MENLO PARK,CA,3233
5865515,2026-10-05,2026-10-06,23295,Eli Arnold,4,record:c56e5baea9c887a7dbd76f0e,SquareSpace - SQSP,provisional_record_group,False,Business Entity,3900,General Operational Expenses (need description),General operations,NEW YORK,NY,3234
5868445,2026-10-05,2026-10-07,23199,Olivia Clark,4,record:428b0fcd0ef60ebaed796da1,Worldpay- C&E Merchant Services,provisional_record_group,False,Business Entity,9660,General Operational Expenses (need description),General operations,PORTLAND,OR,3458
5869342,2026-10-05,2026-10-08,25040,Jamey Evenstar,4,record:505d17ab5768e40aca75c089,ActBlue,provisional_record_group,False,Business Entity,555,Fundraising Event Expenses,Fundraising event code,W SOMERVILLE,MA,3571
5869374,2026-10-05,2026-10-08,23365,Mitch Green,4,record:505d17ab5768e40aca75c089,ActBlue,provisional_record_group,False,Business Entity,1089,Fundraising Event Expenses,Fundraising event code,W SOMERVILLE,MA,3572
5869375,2026-10-05,2026-10-08,23028,Angelita Morillo,3,record:505d17ab5768e40aca75c089,ActBlue,provisional_record_group,False,Business Entity,1551,Fundraising Event Expenses,Fundraising event code,W SOMERVILLE,MA,3573
5869377,2026-10-05,2026-10-08,23208,Tiffany Koyama Lane,3,record:505d17ab5768e40aca75c089,ActBlue,provisional_record_group,False,Business Entity,1138,Fundraising Event Expenses,Fundraising event code,W SOMERVILLE,MA,3574
5869397,2026-10-05,2026-10-08,23411,Jeremy Beausoleil Smith,4,record:505d17ab5768e40aca75c089,ActBlue,provisional_record_group,False,Business Entity,675,Fundraising Event Expenses,Fundraising event code,W SOMERVILLE,MA,3576
5869400,2026-10-05,2026-10-08,23028,Angelita Morillo,3,record:aebdebc7e702bef4370e3ac2,Level Headed Press,provisional_record_group,False,Business Entity,133900,"Other Advertising (yard signs, buttons, etc.)",Other advertising / signs,PORTLAND,OR,3578
5869407,2026-10-05,2026-10-08,23028,Angelita Morillo,3,record:e1b7c42aeb117555130c720b,Team Mars Consulting,provisional_record_group,False,Business Entity,309208,Management Services; Travel Expenses (need description),Multiple reported codes,HILLSBORO,OR,3580
5869410,2026-10-05,2026-10-08,23208,Tiffany Koyama Lane,3,record:1881f8fe4169bab7e8fce1cf,Lindsey Montague,provisional_record_group,False,Individual,228000,Preparation and Production of Advertising,Advertising production,PORTLAND,OR,3581
5869411,2026-10-05,2026-10-08,23028,Angelita Morillo,3,record:cbd6dc09b4ef4075e87bd5ba,Gal Pal Productions,provisional_record_group,False,Business Entity,885000,Preparation and Production of Advertising,Advertising production,TROUTDALE,OR,3582
5869415,2026-10-05,2026-10-08,23028,Angelita Morillo,3,record:9d934beaf9655de887a13603,Electric Heights Publishing Company,provisional_record_group,False,Business Entity,47500,Newspaper and Other Periodical Advertising,Print-media advertising,PORTLAND,OR,3583
5869416,2026-10-05,2026-10-08,23208,Tiffany Koyama Lane,3,record:3c37d978f79677f4a6c49cde,Infused LLC,provisional_record_group,False,Business Entity,181500,General Operational Expenses (need description),General operations,LAKE OSWEGO,OR,3584
5869444,2026-10-05,2026-10-08,23411,Jeremy Beausoleil Smith,4,record:6aef753c4dc9d755ca837a90,Gabe Vogl,provisional_record_group,False,Business Entity,30000,General Operational Expenses (need description),General operations,VANCOUVER,WA,3586
5873394,2026-10-05,2026-10-08,24897,Kellie Torres,3,record:2ad4f3f803747c8b840875b8,Asian Reporter Public,provisional_record_group,False,Business Entity,50000,Newspaper and Other Periodical Advertising,Print-media advertising,PORTLAND,OR,3661
5873441,2026-10-05,2026-10-08,24897,Kellie Torres,3,record:39bffc6fb2e886cf220117d2,ActBlue Technical Services,provisional_record_group,False,Business Entity,28832,General Operational Expenses (need description),General operations,CAMBRIDGE,MA,3662
5875042,2026-10-05,2026-10-09,23028,Angelita Morillo,3,record:e1b7c42aeb117555130c720b,Team Mars Consulting,provisional_record_group,False,Business Entity,3398,Reimbursement for Personal Expenditures,Personal-expense reimbursement,HILLSBORO,OR,3795
5875269,2026-10-05,2026-10-09,23295,Eli Arnold,4,record:79b1c0c0291556cc7afdf136,INDUSTRIOUS PORTLAND,provisional_record_group,False,Business Entity,128600,General Operational Expenses (need description),General operations,PORTLAND,OR,3827
5875819,2026-10-05,2026-10-09,24661,Tom Sollitt,3,record:c1a2b60c83ebbd9d8951b97a,ActBlue Technical Services,provisional_record_group,False,Business Entity,179,General Operational Expenses (need description),General operations,CAMBRIDGE,MA,3862
5862525,2026-10-06,2026-10-06,24966,Matthias Hallett,3,record:ad1b2f7d10c00c8c9f3aaa94,The UPS Store,provisional_record_group,False,Business Entity,2500,"Literature, Brochures, Printing",Literature and printing,PORTLAND,OR,1572
5863020,2026-10-06,2026-10-06,24661,Tom Sollitt,3,record:6224b655e8c9657992a74b43,Carla McHattie,provisional_record_group,False,Individual,50000,General Operational Expenses (need description),General operations,PORTLAND,OR,1599
5863021,2026-10-06,2026-10-06,24661,Tom Sollitt,3,record:b8f116ea039b8a52cb94ce69,Jonah Leahy,provisional_record_group,False,Individual,50000,General Operational Expenses (need description),General operations,PORTLAND,OR,1600
5863369,2026-10-06,2026-10-06,15109,Steve Novick,3,record:523975686b52371f16c39e9c,Hannah Corbin,provisional_record_group,False,Individual,300000,Management Services; General Operational Expenses (need description),Multiple reported codes,PORTLAND,OR,1623
5863373,2026-10-06,2026-10-06,15109,Steve Novick,3,record:523975686b52371f16c39e9c,Hannah Corbin,provisional_record_group,False,Individual,3050,Reimbursement for Personal Expenditures,Personal-expense reimbursement,PORTLAND,OR,1624
5864019,2026-10-06,2026-10-06,25103,Jayne Cronlund,4,record:cecb6f624fc372953ef2777b,Lorraine Ortiz,provisional_record_group,False,Individual,50000,General Operational Expenses (need description),General operations,NEHALEM,OR,1635
5865513,2026-10-06,2026-10-06,23295,Eli Arnold,4,record:253c1b85cc69027448e153c7,"Mission Control, Inc",provisional_record_group,False,Business Entity,4138916,"Literature, Brochures, Printing; Postage",Multiple reported codes,GLASTONBURY,CT,1658
5865516,2026-10-06,2026-10-06,23295,Eli Arnold,4,record:bb5ba72e54089a637811a07a,"Purple State Strategies, Inc.",provisional_record_group,False,Business Entity,438787,Online and Social Media Advertising; Management Services,Multiple reported codes,VANCOUVER,WA,1659
5865517,2026-10-06,2026-10-06,23295,Eli Arnold,4,record:b8b088e3f7ca42a6332ab430,Willamette Week,provisional_record_group,False,Business Entity,440000,Newspaper and Other Periodical Advertising,Print-media advertising,PORTLAND,OR,1660
5865518,2026-10-06,2026-10-06,23295,Eli Arnold,4,record:a2fa2fc6938271c9e744f5a8,CLR Publishing/Northwest Examiner,provisional_record_group,False,Business Entity,420000,Newspaper and Other Periodical Advertising,Print-media advertising,PORTLAND,OR,1661
5869350,2026-10-06,2026-10-08,25040,Jamey Evenstar,4,record:505d17ab5768e40aca75c089,ActBlue,provisional_record_group,False,Business Entity,515,Fundraising Event Expenses,Fundraising event code,W SOMERVILLE,MA,1910
5869455,2026-10-06,2026-10-08,23411,Jeremy Beausoleil Smith,4,record:505d17ab5768e40aca75c089,ActBlue,provisional_record_group,False,Business Entity,96,Fundraising Event Expenses,Fundraising event code,W SOMERVILLE,MA,1911
5869461,2026-10-06,2026-10-08,23028,Angelita Morillo,3,record:505d17ab5768e40aca75c089,ActBlue,provisional_record_group,False,Business Entity,675,Fundraising Event Expenses,Fundraising event code,W SOMERVILLE,MA,1912
5869467,2026-10-06,2026-10-08,23365,Mitch Green,4,record:505d17ab5768e40aca75c089,ActBlue,provisional_record_group,False,Business Entity,1686,Fundraising Event Expenses,Fundraising event code,W SOMERVILLE,MA,1913
5869470,2026-10-06,2026-10-08,23208,Tiffany Koyama Lane,3,record:505d17ab5768e40aca75c089,ActBlue,provisional_record_group,False,Business Entity,1761,Fundraising Event Expenses,Fundraising event code,W SOMERVILLE,MA,1915
5869480,2026-10-06,2026-10-08,23208,Tiffany Koyama Lane,3,record:7b0cdaf4056d04ec4eb46481,Ethos Campaigns LLC,provisional_record_group,False,Business Entity,2171000,"Literature, Brochures, Printing",Literature and printing,NASHVILLE,TN,1916
5869542,2026-10-06,2026-10-08,23365,Mitch Green,4,record:fc607cf5114dcb8df861be42,Untidy Origins LLC,provisional_record_group,False,Business Entity,3000000,Online and Social Media Advertising,Online advertising,PORTLAND,OR,1920
5875036,2026-10-06,2026-10-09,23028,Angelita Morillo,3,record:55d42979fb2f0e3449f4e416,Sprout Chinn,provisional_record_group,False,Individual,457996,General Operational Expenses (need description),General operations,PORTLAND,OR,2089
5875037,2026-10-06,2026-10-09,23028,Angelita Morillo,3,record:55d42979fb2f0e3449f4e416,Sprout Chinn,provisional_record_group,False,Individual,7811,Reimbursement for Personal Expenditures,Personal-expense reimbursement,PORTLAND,OR,2090
5875041,2026-10-06,2026-10-09,23028,Angelita Morillo,3,record:3601baa99bbd451d77d112eb,NationBuilder,provisional_record_group,False,Business Entity,43100,General Operational Expenses (need description),General operations,LOS ANGELES,CA,2091
5875475,2026-10-06,2026-10-09,23295,Eli Arnold,4,disclosure:23295:f88fe8ea980a,Miscellaneous Cash Expenditures $100 and under,disclosure_category,True,Unspecified,10000,,Unspecified code,,,2121
5875822,2026-10-06,2026-10-09,24661,Tom Sollitt,3,record:9d934beaf9655de887a13603,Electric Heights Publishing Company,provisional_record_group,False,Business Entity,82500,Newspaper and Other Periodical Advertising,Print-media advertising,PORTLAND,OR,2143
5868397,2026-10-07,2026-10-07,17629,Eric Zimmerman,4,record:1bb2be352bf803425cd21309,C&E Systems,provisional_record_group,False,Business Entity,299818,Management Services,Management services,PORTLAND,OR,855
5868448,2026-10-07,2026-10-07,23199,Olivia Clark,4,record:1bb2be352bf803425cd21309,C&E Systems,provisional_record_group,False,Business Entity,239874,Management Services,Management services,PORTLAND,OR,862
5869357,2026-10-07,2026-10-08,25040,Jamey Evenstar,4,record:505d17ab5768e40aca75c089,ActBlue,provisional_record_group,False,Business Entity,2299,Fundraising Event Expenses,Fundraising event code,W SOMERVILLE,MA,987
5869471,2026-10-07,2026-10-08,23411,Jeremy Beausoleil Smith,4,record:505d17ab5768e40aca75c089,ActBlue,provisional_record_group,False,Business Entity,795,Fundraising Event Expenses,Fundraising event code,W SOMERVILLE,MA,989
5869500,2026-10-07,2026-10-08,23028,Angelita Morillo,3,record:505d17ab5768e40aca75c089,ActBlue,provisional_record_group,False,Business Entity,2771,Fundraising Event Expenses,Fundraising event code,W SOMERVILLE,MA,990
5869533,2026-10-07,2026-10-08,23208,Tiffany Koyama Lane,3,record:505d17ab5768e40aca75c089,ActBlue,provisional_record_group,False,Business Entity,1010,Fundraising Event Expenses,Fundraising event code,W SOMERVILLE,MA,992
5869567,2026-10-07,2026-10-08,23365,Mitch Green,4,record:505d17ab5768e40aca75c089,ActBlue,provisional_record_group,False,Business Entity,4714,Fundraising Event Expenses,Fundraising event code,W SOMERVILLE,MA,994
5873392,2026-10-07,2026-10-08,24897,Kellie Torres,3,record:9e08ebfa1dce02a330e35bdb,C&E Systems,provisional_record_group,False,Business Entity,17500,Management Services,Management services,PORTLAND,OR,1099
5873393,2026-10-07,2026-10-08,24897,Kellie Torres,3,record:51290375bf88a1a35c92cf03,Eric Smith,provisional_record_group,False,Individual,225000,Management Services,Management services,PORTLAND,OR,1100
5873395,2026-10-07,2026-10-08,24897,Kellie Torres,3,record:92a25fcbe3facb2f745ca98a,Springwater Partners,provisional_record_group,False,Business Entity,5000000,Online and Social Media Advertising,Online advertising,SALT LAKE CITY,UT,1101
5873440,2026-10-07,2026-10-08,24897,Kellie Torres,3,record:39bffc6fb2e886cf220117d2,ActBlue Technical Services,provisional_record_group,False,Business Entity,15305,General Operational Expenses (need description),General operations,CAMBRIDGE,MA,1109
5873447,2026-10-07,2026-10-08,24897,Kellie Torres,3,record:1c14a5741680e078dbe8cf51,Morel Ink,provisional_record_group,False,Business Entity,52800,"Literature, Brochures, Printing",Literature and printing,PORTLAND,OR,1111
5873684,2026-10-07,2026-10-08,24897,Kellie Torres,3,disclosure:24897:f88fe8ea980a,Miscellaneous Cash Expenditures $100 and under,disclosure_category,True,Unspecified,1000,,Unspecified code,,,1162
5875047,2026-10-07,2026-10-09,23028,Angelita Morillo,3,disclosure:23028:f88fe8ea980a,Miscellaneous Cash Expenditures $100 and under,disclosure_category,True,Unspecified,9500,,Unspecified code,,,1329
5875263,2026-10-07,2026-10-09,23295,Eli Arnold,4,record:1bb2be352bf803425cd21309,C&E Systems,provisional_record_group,False,Business Entity,357074,Management Services,Management services,PORTLAND,OR,1358
5875264,2026-10-07,2026-10-09,23295,Eli Arnold,4,record:5e0520a6613751bf5b0785fc,Facebook - FACEBK,provisional_record_group,False,Business Entity,61500,Online and Social Media Advertising,Online advertising,MENLO PARK,CA,1359
5875265,2026-10-07,2026-10-09,23295,Eli Arnold,4,record:72733152eeb76daa5cc1ad0b,Google Ads,provisional_record_group,False,Business Entity,20000,Online and Social Media Advertising,Online advertising,MOUNTAIN VIEW,CA,1360
5875266,2026-10-07,2026-10-09,23295,Eli Arnold,4,record:cca07c25c1586b50f2d29240,Adobe Inc.,provisional_record_group,False,Business Entity,2299,General Operational Expenses (need description),General operations,SAN JOSE,CA,1361
5875267,2026-10-07,2026-10-09,23295,Eli Arnold,4,record:5e0520a6613751bf5b0785fc,Facebook - FACEBK,provisional_record_group,False,Business Entity,16569,Online and Social Media Advertising,Online advertising,MENLO PARK,CA,1362
5875268,2026-10-07,2026-10-09,23295,Eli Arnold,4,record:72733152eeb76daa5cc1ad0b,Google Ads,provisional_record_group,False,Business Entity,35000,Online and Social Media Advertising,Online advertising,MOUNTAIN VIEW,CA,1363
5875826,2026-10-07,2026-10-09,24661,Tom Sollitt,3,record:1bb2be352bf803425cd21309,C&E Systems,provisional_record_group,False,Business Entity,160062,Management Services,Management services,PORTLAND,OR,1443
5875828,2026-10-07,2026-10-09,24661,Tom Sollitt,3,record:c1a2b60c83ebbd9d8951b97a,ActBlue Technical Services,provisional_record_group,False,Business Entity,495,General Operational Expenses (need description),General operations,CAMBRIDGE,MA,1444
5875928,2026-10-07,2026-10-09,25103,Jayne Cronlund,4,record:1bb2be352bf803425cd21309,C&E Systems,provisional_record_group,False,Business Entity,220530,Management Services,Management services,PORTLAND,OR,1467
5869572,2026-10-08,2026-10-08,23208,Tiffany Koyama Lane,3,record:b5fae7b0ef2142388c977180,GoDaddy,provisional_record_group,False,Business Entity,4068,General Operational Expenses (need description),General operations,TEMPE,AZ,295
5874433,2026-10-08,2026-10-09,23411,Jeremy Beausoleil Smith,4,record:505d17ab5768e40aca75c089,ActBlue,provisional_record_group,False,Business Entity,674,Fundraising Event Expenses,Fundraising event code,W SOMERVILLE,MA,464
5875021,2026-10-08,2026-10-09,23028,Angelita Morillo,3,record:505d17ab5768e40aca75c089,ActBlue,provisional_record_group,False,Business Entity,2435,Fundraising Event Expenses,Fundraising event code,W SOMERVILLE,MA,519
5875570,2026-10-08,2026-10-09,24897,Kellie Torres,3,record:72733152eeb76daa5cc1ad0b,Google Ads,provisional_record_group,False,Business Entity,1000,Online and Social Media Advertising,Online advertising,MOUNTAIN VIEW,CA,541
5875572,2026-10-08,2026-10-09,24897,Kellie Torres,3,record:72733152eeb76daa5cc1ad0b,Google Ads,provisional_record_group,False,Business Entity,5000,Online and Social Media Advertising,Online advertising,MOUNTAIN VIEW,CA,542
5875573,2026-10-08,2026-10-09,24897,Kellie Torres,3,record:72733152eeb76daa5cc1ad0b,Google Ads,provisional_record_group,False,Business Entity,10000,Online and Social Media Advertising,Online advertising,MOUNTAIN VIEW,CA,543
5875574,2026-10-08,2026-10-09,24897,Kellie Torres,3,record:72733152eeb76daa5cc1ad0b,Google Ads,provisional_record_group,False,Business Entity,20000,Online and Social Media Advertising,Online advertising,MOUNTAIN VIEW,CA,544
5875888,2026-10-08,2026-10-09,24897,Kellie Torres,3,disclosure:24897:f88fe8ea980a,Miscellaneous Cash Expenditures $100 and under,disclosure_category,True,Unspecified,1750,,Unspecified code,,,570
5875973,2026-10-08,2026-10-09,25103,Jayne Cronlund,4,disclosure:25103:f88fe8ea980a,Miscellaneous Cash Expenditures $100 and under,disclosure_category,True,Unspecified,550,,Unspecified code,,,579
5876464,2026-10-08,2026-10-10,23295,Eli Arnold,4,record:5e0520a6613751bf5b0785fc,Facebook - FACEBK,provisional_record_group,False,Business Entity,61500,Online and Social Media Advertising,Online advertising,MENLO PARK,CA,642
5875931,2026-10-09,2026-10-09,25103,Jayne Cronlund,4,record:5171e4aed166824cebf78784,Lindsey Gonzales,provisional_record_group,False,Individual,12750,General Operational Expenses (need description),General operations,ROCKAWAY BEACH,OR,168
5876462,2026-10-09,2026-10-10,23295,Eli Arnold,4,record:253c1b85cc69027448e153c7,"Mission Control, Inc",provisional_record_group,False,Business Entity,2237906,"Literature, Brochures, Printing; Postage",Multiple reported codes,GLASTONBURY,CT,247
5876463,2026-10-09,2026-10-10,23295,Eli Arnold,4,record:18d577d4e47fed50eff3ccf3,Morel Ink,provisional_record_group,False,Business Entity,247461,"Literature, Brochures, Printing",Literature and printing,PORTLAND,OR,248
5876470,2026-10-09,2026-10-10,17629,Eric Zimmerman,4,record:118a1b8ef5e3047d72112d6f,CLR PUBLISHING/Northwest Examiner,provisional_record_group,False,Business Entity,100000,Newspaper and Other Periodical Advertising,Print-media advertising,PORTLAND,OR,250
