receipt_id,payment_id,sender_id,recipient_id,amount_cents,receipt_date,payment_date,day_gap,match_status
5185407,5183570,130,17995,50000,2025-01-08,2025-01-02,6,review_candidate
5185530,5183108,13619,20209,75000,2025-01-08,2025-01-06,2,review_candidate
5185573,5178342,197,23238,1000000,2025-01-08,2025-01-02,6,review_candidate
5186031,5183206,13619,21823,75000,2025-01-09,2025-01-06,3,review_candidate
5186075,5183523,130,17668,50000,2025-01-08,2025-01-02,6,review_candidate
5186138,5616663,39,20144,100000,2025-01-09,2025-01-07,2,review_candidate
5186170,5183628,130,23253,75000,2025-01-09,2025-01-02,7,review_candidate
5186362,5616662,39,21823,100000,2025-01-10,2025-01-07,3,review_candidate
5186669,5195319,133,21775,100000,2025-01-10,2025-01-07,3,review_candidate
5186676,5205213,10,22854,100000,2025-01-09,2025-01-02,7,review_candidate
5186691,5183526,130,3420,50000,2025-01-09,2025-01-02,7,review_candidate
5186694,5184186,153,3420,200000,2025-01-10,2025-01-07,3,review_candidate
5186743,5199830,191,19763,250000,2025-01-09,2025-01-07,2,review_candidate
5186748,5184809,2480,19763,150000,2025-01-09,2025-01-08,1,review_candidate
5186750,5187089,4,19763,250000,2025-01-09,2025-01-08,1,review_candidate
5186751,5185324,26,19763,100000,2025-01-09,2025-01-08,1,review_candidate
5186752,5187116,4016,19763,100000,2025-01-09,2025-01-02,7,review_candidate
5186768,5183045,13619,19763,100000,2025-01-09,2025-01-03,6,review_candidate
5186805,5187085,4,20610,100000,2025-01-09,2025-01-07,2,review_candidate
5186806,5187130,4016,20610,50000,2025-01-09,2025-01-08,1,review_candidate
5186890,5183052,13619,16459,75000,2025-01-08,2025-01-06,2,review_candidate
5186892,5204831,17638,16459,50000,2025-01-08,2025-01-03,5,review_candidate
5186897,5191459,161,16459,100000,2025-01-08,2025-01-06,2,review_candidate
5186899,5187117,4016,16459,50000,2025-01-07,2025-01-02,5,review_candidate
5186948,5183620,130,16757,50000,2025-01-07,2025-01-02,5,review_candidate
5186987,5184646,15808,23118,100000,2025-01-10,2025-01-07,3,review_candidate
5186988,5205979,66,23118,100000,2025-01-10,2025-01-07,3,review_candidate
5186991,5191465,161,23118,100000,2025-01-09,2025-01-06,3,review_candidate
5187040,5186710,13,19050,100000,2025-01-10,2025-01-06,4,review_candidate
5187057,5184089,135,21437,150000,2025-01-09,2025-01-07,2,review_candidate
5187179,5616660,39,18396,500000,2025-01-08,2025-01-07,1,review_candidate
5187187,5184623,51,18396,250000,2025-01-08,2025-01-07,1,review_candidate
5187188,5199833,191,18396,250000,2025-01-08,2025-01-07,1,review_candidate
5187189,5191464,161,18396,200000,2025-01-08,2025-01-06,2,review_candidate
5187191,5186923,275,18396,100000,2025-01-08,2025-01-07,1,review_candidate
5187195,5195320,133,18396,100000,2025-01-08,2025-01-07,1,review_candidate
5187196,5195329,163,18396,50000,2025-01-08,2025-01-07,1,review_candidate
5187198,5197591,5207,18396,100000,2025-01-10,2025-01-09,1,review_candidate
5187217,5191454,161,19763,200000,2025-01-09,2025-01-06,3,review_candidate
5187226,5187569,51,19763,100000,2025-01-09,2025-01-08,1,review_candidate
5187228,5197597,5207,19763,100000,2025-01-10,2025-01-09,1,review_candidate
5187244,5187112,4,20022,150000,2025-01-10,2025-01-09,1,review_candidate
5187245,5183371,126,17892,100000,2025-01-10,2025-01-06,4,review_candidate
5187249,5195103,228,17892,100000,2025-01-10,2025-01-08,2,review_candidate
5187256,5195318,133,18284,100000,2025-01-09,2025-01-07,2,review_candidate
5187260,5184647,15808,23142,100000,2025-01-10,2025-01-07,3,review_candidate
5187267,5187092,4,5152,200000,2025-01-10,2025-01-08,2,review_candidate
5187287,5185637,2480,20217,100000,2025-01-10,2025-01-09,1,review_candidate
5187289,5206048,54,23238,125000,2025-01-10,2025-01-07,3,review_candidate
5187299,5187702,19151,23238,500000,2025-01-11,2025-01-06,5,review_candidate
5187308,5183638,130,23228,50000,2025-01-09,2025-01-02,7,review_candidate
5187309,5185331,20096,23228,50000,2025-01-09,2025-01-08,1,review_candidate
5187310,5191472,161,23228,200000,2025-01-09,2025-01-06,3,review_candidate
5187347,5187100,4,19751,100000,2025-01-09,2025-01-08,1,review_candidate
5187351,5195104,228,19050,150000,2025-01-09,2025-01-08,1,review_candidate
5187352,5195316,133,19050,100000,2025-01-09,2025-01-07,2,review_candidate
5187355,5183319,13619,19050,100000,2025-01-09,2025-01-06,3,review_candidate
5187356,5184614,134,19050,100000,2025-01-09,2025-01-08,1,review_candidate
5187357,5183595,130,19050,50000,2025-01-09,2025-01-02,7,review_candidate
5187359,5199831,191,19050,250000,2025-01-09,2025-01-07,2,review_candidate
5187360,5185323,26,19050,100000,2025-01-09,2025-01-08,1,review_candidate
5187361,5194674,2069,19050,500000,2025-01-09,2025-01-10,1,review_candidate
5187365,5185332,20096,19050,50000,2025-01-09,2025-01-08,1,review_candidate
5187366,5186914,275,19050,100000,2025-01-09,2025-01-07,2,review_candidate
5187367,5187128,4016,19050,50000,2025-01-09,2025-01-02,7,review_candidate
5187415,5197614,5207,17995,50000,2025-01-10,2025-01-09,1,review_candidate
5187420,5190897,51,17469,100000,2025-01-10,2025-01-08,2,review_candidate
5187422,5183043,13619,17469,100000,2025-01-10,2025-01-03,7,review_candidate
5187424,5185327,20096,17469,100000,2025-01-10,2025-01-08,2,review_candidate
5187425,5185322,26,17469,100000,2025-01-10,2025-01-08,2,review_candidate
5187429,5195105,228,17469,150000,2025-01-10,2025-01-08,2,review_candidate
5187430,5191450,161,17469,200000,2025-01-10,2025-01-06,4,review_candidate
5187431,5187088,4,17469,250000,2025-01-10,2025-01-08,2,review_candidate
5187432,5184818,2480,17469,250000,2025-01-10,2025-01-08,2,review_candidate
5187434,5199832,191,17469,250000,2025-01-10,2025-01-07,3,review_candidate
5187436,5205219,10,17469,250000,2025-01-10,2025-01-03,7,review_candidate
5187437,5195323,133,17469,250000,2025-01-10,2025-01-07,3,review_candidate
5187438,5703450,153,17469,250000,2025-01-10,2025-01-08,2,review_candidate
5187442,5186734,126,17469,750000,2025-01-10,2025-01-09,1,review_candidate
5187487,5183889,2717,15519,100000,2025-01-11,2025-01-07,4,review_candidate
5187496,5187111,4,21903,150000,2025-01-12,2025-01-09,3,review_candidate
5187497,5184651,15808,21903,100000,2025-01-12,2025-01-07,5,review_candidate
5187498,5191471,161,21903,200000,2025-01-12,2025-01-06,6,review_candidate
5187499,5195106,228,21903,100000,2025-01-12,2025-01-08,4,review_candidate
5187500,5205977,66,21903,100000,2025-01-12,2025-01-07,5,review_candidate
5187501,5186763,3428,21903,100000,2025-01-12,2025-01-09,3,review_candidate
5187504,5197619,5207,21903,50000,2025-01-12,2025-01-09,3,review_candidate
5187576,5183875,17997,17890,50000,2025-01-08,2025-01-07,1,review_candidate
5187577,5187082,4,17890,100000,2025-01-08,2025-01-07,1,review_candidate
5187578,5184131,2480,17890,150000,2025-01-08,2025-01-07,1,review_candidate
5187580,5197607,5207,17890,200000,2025-01-10,2025-01-09,1,review_candidate
5187604,5187114,117,3420,150000,2025-01-10,2025-01-09,1,review_candidate
5187614,5183887,17997,20377,50000,2025-01-10,2025-01-07,3,review_candidate
5187615,5194692,2069,18925,500000,2025-01-12,2025-01-10,2,review_candidate
5187647,5185326,20096,19151,50000,2025-01-10,2025-01-08,2,review_candidate
5187648,5187107,4,19151,150000,2025-01-10,2025-01-09,1,review_candidate
5187664,5187325,51,19151,150000,2025-01-10,2025-01-09,1,review_candidate
5187669,5184834,2480,15519,150000,2025-01-12,2025-01-08,4,review_candidate
5187676,5185336,51,20337,150000,2025-01-09,2025-01-08,1,review_candidate
5187690,5191473,161,20209,100000,2025-01-07,2025-01-06,1,review_candidate
5187694,5184182,153,15984,100000,2025-01-12,2025-01-07,5,review_candidate
5187820,5195681,21903,23238,300000,2025-01-10,2025-01-14,4,review_candidate
5189644,5197599,5207,19466,200000,2025-01-08,2025-01-09,1,review_candidate
5189742,5183054,13619,17625,100000,2025-01-08,2025-01-06,2,review_candidate
5189744,5197593,5207,17625,100000,2025-01-08,2025-01-09,1,review_candidate
5189748,5183879,17997,17625,50000,2025-01-11,2025-01-07,4,review_candidate
5190133,5183051,13619,16541,75000,2025-01-09,2025-01-06,3,review_candidate
5190598,5206051,15808,20099,50000,2025-01-11,2025-01-08,3,review_candidate
5191492,5183602,130,18821,50000,2025-01-07,2025-01-02,5,review_candidate
5191494,5183046,13619,18821,50000,2025-01-07,2025-01-03,4,review_candidate
5191497,5184622,51,18821,100000,2025-01-08,2025-01-07,1,review_candidate
5191499,5190704,18396,18821,1500000,2025-01-09,2025-01-06,3,review_candidate
5191520,5185330,20096,21729,50000,2025-01-10,2025-01-08,2,review_candidate
5191522,5183315,13619,21729,75000,2025-01-10,2025-01-06,4,review_candidate
5191524,5184104,135,21729,150000,2025-01-10,2025-01-07,3,review_candidate
5191526,5184184,153,21729,150000,2025-01-09,2025-01-07,2,review_candidate
5191587,5191468,161,21757,100000,2025-01-10,2025-01-06,4,review_candidate
5191590,5187323,51,21757,150000,2025-01-10,2025-01-09,1,review_candidate
5191592,5184189,153,21757,100000,2025-01-09,2025-01-07,2,review_candidate
5191604,5184124,2480,1686,100000,2025-01-10,2025-01-07,3,review_candidate
5191605,5187083,4,1686,100000,2025-01-10,2025-01-07,3,review_candidate
5192552,5187321,51,13997,150000,2025-01-10,2025-01-07,3,review_candidate
5192583,5199834,191,18744,250000,2025-01-08,2025-01-07,1,review_candidate
5192584,5186043,2829,18744,50000,2025-01-10,2025-01-08,2,review_candidate
5192586,5187127,4016,18744,100000,2025-01-08,2025-01-02,6,review_candidate
5192588,5205210,10,18744,150000,2025-01-08,2025-01-02,6,review_candidate
5192589,5183622,130,18744,50000,2025-01-08,2025-01-02,6,review_candidate
5192590,5183322,13619,18744,100000,2025-01-08,2025-01-06,2,review_candidate
5192592,5195321,133,18744,100000,2025-01-08,2025-01-07,1,review_candidate
5192598,5186928,275,18744,100000,2025-01-08,2025-01-07,1,review_candidate
5192604,5178896,3816,18744,100000,2025-01-08,2025-01-02,6,review_candidate
5192610,5191462,161,18744,200000,2025-01-08,2025-01-06,2,review_candidate
5192613,5616661,39,18744,500000,2025-01-08,2025-01-07,1,review_candidate
5192631,5187097,4,16738,100000,2025-01-10,2025-01-08,2,review_candidate
5192646,5191469,161,23464,100000,2025-01-08,2025-01-06,2,review_candidate
5192657,5184806,2480,16690,100000,2025-01-10,2025-01-08,2,review_candidate
5192676,5185321,26,20610,100000,2025-01-10,2025-01-08,2,review_candidate
5192677,5184113,2480,20610,100000,2025-01-10,2025-01-07,3,review_candidate
5192678,5186736,126,20610,500000,2025-01-10,2025-01-09,1,review_candidate
5192691,5205217,10,22699,50000,2025-01-08,2025-01-03,5,review_candidate
5192697,5197595,5207,22699,100000,2025-01-08,2025-01-09,1,review_candidate
5192728,5198207,17469,1524,5500000,2025-01-08,2025-01-14,6,review_candidate
5192732,5183053,13619,4680,100000,2025-01-07,2025-01-06,1,review_candidate
5192758,5183956,274,1524,50000,2025-01-10,2025-01-07,3,review_candidate
5192764,5184778,4572,1524,500000,2025-01-10,2025-01-08,2,review_candidate
5192765,5187227,19763,1524,4500000,2025-01-08,2025-01-10,2,review_candidate
5192766,5187266,17668,1524,500000,2025-01-13,2025-01-11,2,review_candidate
5192773,5186044,2829,1524,50000,2025-01-10,2025-01-08,2,review_candidate
5192792,5184037,135,20272,150000,2025-01-10,2025-01-07,3,review_candidate
5192793,5185604,2480,20272,100000,2025-01-10,2025-01-09,1,review_candidate
5192847,5187121,4016,19778,50000,2025-01-08,2025-01-02,6,review_candidate
5192849,5205215,10,19778,50000,2025-01-08,2025-01-03,5,review_candidate
5192854,5197603,5207,19778,200000,2025-01-08,2025-01-09,1,review_candidate
5192905,5186042,2829,1471,50000,2025-01-10,2025-01-08,2,review_candidate
5192928,5183047,13619,18462,100000,2025-01-08,2025-01-06,2,review_candidate
5193082,5187084,4,18375,100000,2025-01-12,2025-01-07,5,review_candidate
5194450,5184777,4572,16719,500000,2025-01-10,2025-01-08,2,review_candidate
5194451,5183610,130,16719,50000,2025-01-07,2025-01-02,5,review_candidate
5194997,5185621,2480,5458,100000,2025-01-16,2025-01-09,7,review_candidate
5195095,5195351,2069,19763,500000,2025-01-16,2025-01-10,6,review_candidate
5195366,5204834,17638,18396,100000,2025-01-10,2025-01-03,7,review_candidate
5195397,5183049,13619,21575,75000,2025-01-10,2025-01-06,4,review_candidate
5195398,5191467,161,21575,100000,2025-01-10,2025-01-06,4,review_candidate
5195509,5187118,4016,15348,50000,2025-01-09,2025-01-02,7,review_candidate
5195512,5185329,20096,15348,50000,2025-01-09,2025-01-08,1,review_candidate
5195516,5186155,51,15348,100000,2025-01-09,2025-01-08,1,review_candidate
5195568,5183107,13619,20136,100000,2025-01-07,2025-01-06,1,review_candidate
5195572,5185325,20096,20136,50000,2025-01-13,2025-01-08,5,review_candidate
5195633,5183886,17997,20136,50000,2025-01-12,2025-01-07,5,review_candidate
5195636,5186039,134,3420,100000,2025-01-11,2025-01-10,1,review_candidate
5196684,5187132,4016,2690,50000,2025-01-12,2025-01-08,4,review_candidate
5196737,5616664,39,21437,100000,2025-01-11,2025-01-07,4,review_candidate
5196744,5191474,161,20099,100000,2025-01-07,2025-01-06,1,review_candidate
5196746,5183048,13619,20099,100000,2025-01-07,2025-01-06,1,review_candidate
5196875,5187115,117,5208,100000,2025-01-10,2025-01-03,7,review_candidate
5196876,5184776,4572,5208,100000,2025-01-10,2025-01-08,2,review_candidate
5196877,5205208,10,5208,100000,2025-01-08,2025-01-02,6,review_candidate
5196882,5186908,275,5208,100000,2025-01-13,2025-01-07,6,review_candidate
5196913,5183318,13619,20860,75000,2025-01-08,2025-01-06,2,review_candidate
5196951,5187126,4016,16015,50000,2025-01-08,2025-01-02,6,review_candidate
5197040,5187124,4016,16508,50000,2025-01-08,2025-01-02,6,review_candidate
5197041,5183050,13619,16508,50000,2025-01-08,2025-01-06,2,review_candidate
5197080,5187120,4016,19463,50000,2025-01-08,2025-01-02,6,review_candidate
5197106,5183317,13619,21116,75000,2025-01-08,2025-01-06,2,review_candidate
5197110,5197613,5207,23140,50000,2025-01-08,2025-01-09,1,review_candidate
5197113,5191466,161,23140,200000,2025-01-08,2025-01-06,2,review_candidate
5197135,5183607,130,19369,75000,2025-01-08,2025-01-02,6,review_candidate
5197140,5197605,5207,23262,50000,2025-01-08,2025-01-09,1,review_candidate
5197377,5197592,5207,16812,50000,2025-01-08,2025-01-09,1,review_candidate
5197378,5187129,4016,16812,100000,2025-01-08,2025-01-02,6,review_candidate
5197393,5197616,5207,4792,250000,2025-01-10,2025-01-09,1,review_candidate
5197411,5187119,4016,18661,50000,2025-01-08,2025-01-02,6,review_candidate
5197416,5197609,5207,18661,100000,2025-01-08,2025-01-09,1,review_candidate
5197432,5185334,51,20376,100000,2025-01-13,2025-01-08,5,review_candidate
5197457,5198161,193,5208,250000,2025-01-21,2025-01-16,5,review_candidate
5197830,5187108,4,18925,250000,2025-01-13,2025-01-09,4,review_candidate
5197834,5199828,191,18925,250000,2025-01-13,2025-01-08,5,review_candidate
5197835,5191463,161,18925,200000,2025-01-13,2025-01-06,7,review_candidate
5197836,5195108,228,18925,150000,2025-01-13,2025-01-08,5,review_candidate
5197840,5185607,2480,18925,150000,2025-01-13,2025-01-09,4,review_candidate
5197845,5186921,275,18925,100000,2025-01-13,2025-01-07,6,review_candidate
5197846,5183321,13619,18925,100000,2025-01-13,2025-01-06,7,review_candidate
5197848,5195314,133,18925,100000,2025-01-13,2025-01-07,6,review_candidate
5198556,5197544,23256,20209,35000,2025-01-09,2025-01-07,2,review_candidate
5198557,5197545,23256,18661,35000,2025-01-09,2025-01-07,2,review_candidate
5198831,5197546,23256,17625,35000,2025-01-09,2025-01-07,2,review_candidate
5198833,5197547,23256,20136,50000,2025-01-09,2025-01-07,2,review_candidate
5202702,5198561,16459,21156,20000,2025-01-25,2025-01-21,4,review_candidate
5205042,5208163,18396,335,250000,2025-01-03,2025-01-07,4,review_candidate
5206088,5191470,161,21727,100000,2025-01-08,2025-01-06,2,review_candidate
5213688,5206055,54,19960,125000,2025-01-09,2025-01-08,1,review_candidate
5216859,5217135,292,333,12500,2025-02-11,2025-02-06,5,review_candidate
5221679,5223832,5214,24069,250000,2025-02-21,2025-02-18,3,review_candidate
5221688,5223831,5214,21156,125000,2025-02-25,2025-02-18,7,review_candidate
5221786,5223513,15406,353,100000,2025-02-04,2025-01-30,5,review_candidate
5223307,5220595,5458,20255,1200000,2025-02-28,2025-02-24,4,review_candidate
5224985,5261132,16588,24068,50000,2025-03-01,2025-03-05,4,review_candidate
5229744,5217235,4572,1579,1270900,2025-02-18,2025-02-12,6,review_candidate
5235437,5229428,5208,21100,25000,2025-03-07,2025-03-03,4,review_candidate
5235759,5265100,22366,24081,31324,2025-03-11,2025-03-06,5,review_candidate
5236533,5221392,24046,18466,100000,2025-02-27,2025-02-25,2,review_candidate
5242486,5242432,18396,20099,100000,2025-03-17,2025-03-11,6,review_candidate
5242720,5244336,19763,21084,10100,2025-03-16,2025-03-17,1,review_candidate
5243719,5229847,19751,23750,50000,2025-03-13,2025-03-08,5,review_candidate
5244076,5261131,16588,24084,50000,2025-03-01,2025-03-05,4,review_candidate
5244263,5240021,5208,348,50000,2025-03-17,2025-03-13,4,review_candidate
5247355,5258552,3591,12821,100000,2025-03-20,2025-03-13,7,review_candidate
5247403,5262749,20012,12821,50000,2025-03-24,2025-03-19,5,review_candidate
5251240,5254685,3920,24188,250000,2025-03-25,2025-03-20,5,review_candidate
5252732,5244342,23767,24221,691716,2025-03-21,2025-03-22,1,review_candidate
5254635,5282658,23458,21770,50000,2025-03-26,2025-03-19,7,review_candidate
5254722,5258683,3591,20646,500000,2025-03-27,2025-03-26,1,review_candidate
5254879,5258643,3591,21091,100000,2025-03-27,2025-03-26,1,review_candidate
5260445,5247548,18888,21084,25000,2025-03-23,2025-03-24,1,review_candidate
5260449,5243700,5208,21084,25000,2025-03-24,2025-03-17,7,review_candidate
5260867,5259020,22699,24136,25000,2025-03-27,2025-03-24,3,review_candidate
5261145,5266910,21156,17824,15000,2025-03-31,2025-03-24,7,review_candidate
5262926,5266027,22651,21100,25000,2025-03-31,2025-03-24,7,review_candidate
5263041,5263764,348,22667,35000,2025-03-31,2025-03-29,2,review_candidate
5263602,5263773,348,21100,80000,2025-04-01,2025-03-29,3,review_candidate
5264294,5263806,348,20686,35000,2025-03-29,2025-03-30,1,review_candidate
5264296,5261186,23378,20686,20000,2025-04-03,2025-03-30,4,review_candidate
5264924,5247602,19763,23824,100000,2025-03-29,2025-03-23,6,review_candidate
5265305,5269094,299,24256,50000,2025-03-31,2025-04-07,7,review_candidate
5266251,5263370,5214,1579,486000,2025-03-31,2025-03-28,3,review_candidate
5266698,5265628,22772,24241,50000,2025-04-04,2025-04-01,3,review_candidate
5266699,5269096,299,24241,50000,2025-04-04,2025-04-07,3,review_candidate
5267011,5265958,4572,24147,100000,2025-04-09,2025-04-07,2,review_candidate
5267232,5265096,22366,16138,31325,2025-03-11,2025-03-06,5,review_candidate
5267438,5247549,18888,24084,15000,2025-03-23,2025-03-24,1,review_candidate
5267446,5263808,348,24084,80000,2025-03-29,2025-03-30,1,review_candidate
5267506,5263056,15377,2690,300000,2025-04-07,2025-04-01,6,review_candidate
5267845,5264262,16131,21173,50000,2025-04-08,2025-04-03,5,review_candidate
5269005,5266651,21687,24297,500000,2025-04-11,2025-04-08,3,review_candidate
5269271,5269490,15519,324,15000,2025-04-02,2025-04-07,5,review_candidate
5269487,5265650,299,24224,100000,2025-03-30,2025-04-01,2,review_candidate
5269508,5265607,299,24220,100000,2025-04-03,2025-04-04,1,review_candidate
5269509,5265626,22772,24220,50000,2025-04-03,2025-04-01,2,review_candidate
5271398,5268530,191,24143,500000,2025-04-04,2025-03-31,4,review_candidate
5278465,5263802,348,24118,80000,2025-04-04,2025-03-30,5,review_candidate
5280678,5267929,22761,21123,67876,2025-04-11,2025-04-10,1,review_candidate
5280704,5263807,348,22822,35000,2025-03-29,2025-03-30,1,review_candidate
5282256,5266042,293,24205,50000,2025-04-10,2025-04-04,6,review_candidate
5283807,5263783,348,21247,35000,2025-04-04,2025-03-29,6,review_candidate
5283946,5269032,351,24283,20000,2025-04-11,2025-04-10,1,review_candidate
5284098,5265062,23587,17647,250000,2025-03-31,2025-03-26,5,review_candidate
5284925,5285145,337,24166,25000,2025-04-16,2025-04-14,2,review_candidate
5285465,5288197,337,24114,25000,2025-04-19,2025-04-21,2,review_candidate
5286077,5283822,22864,20577,82996,2025-04-21,2025-04-18,3,review_candidate
5286570,5311279,21133,24134,50000,2025-04-23,2025-04-22,1,review_candidate
5287141,5284710,21691,24129,12500,2025-04-24,2025-04-21,3,review_candidate
5287266,5284768,17502,20646,200000,2025-04-25,2025-04-21,4,review_candidate
5287590,5219884,21691,348,100000,2025-02-26,2025-02-21,5,review_candidate
5287612,5284004,5208,24146,25000,2025-04-21,2025-04-17,4,review_candidate
5287684,5293220,5207,24124,300000,2025-04-27,2025-04-24,3,review_candidate
5287791,5285914,16131,24073,35000,2025-04-28,2025-04-21,7,review_candidate
5287854,5285912,16131,24268,50000,2025-04-22,2025-04-17,5,review_candidate
5288414,5284342,304,22860,100000,2025-04-23,2025-04-18,5,review_candidate
5288418,5293228,5207,22860,150000,2025-04-28,2025-04-24,4,review_candidate
5288511,5293245,5207,24129,100000,2025-04-28,2025-04-24,4,review_candidate
5288639,5286130,328,24297,150000,2025-04-25,2025-04-22,3,review_candidate
5288650,5284837,291,24238,15000,2025-04-25,2025-04-21,4,review_candidate
5292407,5299996,142,24114,100000,2025-04-28,2025-04-24,4,review_candidate
5292445,5299983,142,20577,25000,2025-04-25,2025-04-24,1,review_candidate
5293130,5294545,5534,24118,50000,2025-04-30,2025-04-27,3,review_candidate
5293137,5293230,5207,24222,100000,2025-04-28,2025-04-24,4,review_candidate
5293146,5293226,5207,18455,100000,2025-04-28,2025-04-24,4,review_candidate
5293174,5300006,142,21217,25000,2025-04-26,2025-04-24,2,review_candidate
5293181,5293216,5207,22609,300000,2025-04-28,2025-04-24,4,review_candidate
5293185,5302405,142,22609,250000,2025-04-30,2025-04-29,1,review_candidate
5295322,5286172,4572,24098,100000,2025-04-25,2025-04-23,2,review_candidate
5295350,5294543,5534,24084,75000,2025-04-30,2025-04-27,3,review_candidate
5295934,5294540,5534,22339,75000,2025-05-01,2025-04-27,4,review_candidate
5296548,5288458,23339,24303,131096,2025-05-02,2025-04-28,4,review_candidate
5296666,5300516,23285,22206,500000,2025-05-01,2025-04-28,3,review_candidate
5296944,5300411,5207,24115,150000,2025-05-01,2025-04-24,7,review_candidate
5299545,5299992,142,24267,161000,2025-04-27,2025-04-24,3,review_candidate
5300173,5287417,17668,4792,100000,2025-05-02,2025-04-25,7,review_candidate
5300230,5299989,142,22607,100000,2025-04-30,2025-04-24,6,review_candidate
5300240,5296474,23285,24124,100000,2025-05-05,2025-04-28,7,review_candidate
5300255,5299985,142,24105,100000,2025-04-29,2025-04-24,5,review_candidate
5300259,5292388,19788,24105,35000,2025-04-29,2025-04-23,6,review_candidate
5300323,5299991,142,24150,25000,2025-04-28,2025-04-24,4,review_candidate
5302049,5304678,23140,24114,50000,2025-05-02,2025-05-04,2,review_candidate
5302051,5293225,5207,24123,300000,2025-04-28,2025-04-24,4,review_candidate
5302656,5302402,142,22843,100000,2025-04-30,2025-04-29,1,review_candidate
5303054,5296491,23285,24166,150000,2025-05-06,2025-04-30,6,review_candidate
5304501,5299981,142,24222,25000,2025-04-30,2025-04-24,6,review_candidate
5304775,5287878,245,24143,250000,2025-05-01,2025-04-24,7,review_candidate
5304815,5304139,416,24083,250000,2025-05-01,2025-04-29,2,review_candidate
5304870,5304137,416,24272,250000,2025-05-01,2025-04-29,2,review_candidate
5304941,5296489,23285,24105,150000,2025-05-06,2025-04-30,6,review_candidate
5305367,5304138,416,24240,250000,2025-05-01,2025-04-29,2,review_candidate
5305371,5304140,416,24274,250000,2025-05-01,2025-04-29,2,review_candidate
5305869,5299080,23228,24283,25000,2025-05-07,2025-05-05,2,review_candidate
5306079,5306794,21687,24297,250000,2025-05-08,2025-05-05,3,review_candidate
5306095,5296471,23285,24178,500000,2025-05-03,2025-04-28,5,review_candidate
5306791,5304064,23285,22860,150000,2025-05-10,2025-05-06,4,review_candidate
5306800,5299081,23228,24293,25000,2025-05-07,2025-05-05,2,review_candidate
5306926,5300212,5207,24150,100000,2025-05-06,2025-05-01,5,review_candidate
5306964,5306014,14961,24108,650000,2025-05-12,2025-05-05,7,review_candidate
5307109,5296483,23285,24114,150000,2025-05-05,2025-04-28,7,review_candidate
5307482,5304069,23285,24147,100000,2025-05-13,2025-05-06,7,review_candidate
5307689,5304065,20344,21290,25000,2025-04-28,2025-04-25,3,review_candidate
5307941,5315474,16719,24281,50000,2025-05-08,2025-05-01,7,review_candidate
5308927,5311202,14515,24315,25000,2025-05-14,2025-05-08,6,review_candidate
5309036,5296475,23285,24234,100000,2025-05-02,2025-04-28,4,review_candidate
5309106,5294136,22772,24220,10000,2025-05-06,2025-04-29,7,review_candidate
5309129,5307003,299,24220,25000,2025-05-09,2025-05-12,3,review_candidate
5309176,5310891,21927,24255,10500,2025-05-15,2025-05-09,6,review_candidate
5309272,5310610,21099,24139,25000,2025-05-12,2025-05-13,1,review_candidate
5309673,5306855,5207,17824,100000,2025-05-12,2025-05-08,4,review_candidate
5309695,5307944,24046,18466,100000,2025-05-14,2025-05-12,2,review_candidate
5309856,5305330,12987,12986,120835282,2025-05-16,2025-05-15,1,review_candidate
5309980,5306699,20287,24166,15000,2025-05-14,2025-05-12,2,review_candidate
5310143,5293222,5207,24278,100000,2025-04-22,2025-04-24,2,review_candidate
5310583,5329530,24123,22609,250000,2025-05-14,2025-05-15,1,review_candidate
5310652,5306530,23285,24099,100000,2025-05-13,2025-05-09,4,review_candidate
5311140,5312231,23285,24139,200000,2025-05-20,2025-05-19,1,review_candidate
5311144,5312232,23285,24098,300000,2025-05-20,2025-05-19,1,review_candidate
5311253,5307939,19050,22941,500000,2025-05-17,2025-05-13,4,review_candidate
5311354,5312230,23285,24123,150000,2025-05-20,2025-05-19,1,review_candidate
5311505,5310702,416,24083,500000,2025-05-15,2025-05-13,2,review_candidate
5311560,5306255,333,24083,25000,2025-05-16,2025-05-10,6,review_candidate
5311896,5306532,23285,24131,50000,2025-05-16,2025-05-09,7,review_candidate
5311938,5308565,23285,24118,300000,2025-05-19,2025-05-13,6,review_candidate
5311984,5310700,416,24272,500000,2025-05-15,2025-05-13,2,review_candidate
5311985,5306257,333,24272,25000,2025-05-16,2025-05-10,6,review_candidate
5312061,5313089,20505,20646,100000,2025-05-22,2025-05-20,2,review_candidate
5312358,5310701,416,24240,500000,2025-05-15,2025-05-13,2,review_candidate
5312359,5306256,333,24240,25000,2025-05-16,2025-05-10,6,review_candidate
5312361,5310703,416,24274,500000,2025-05-15,2025-05-13,2,review_candidate
5312362,5306254,333,24274,25000,2025-05-16,2025-05-10,6,review_candidate
5315437,5318233,19763,18888,100000,2025-05-26,2025-05-27,1,review_candidate
5317438,5316958,298,20646,100000,2025-06-02,2025-05-30,3,review_candidate
5317869,5309323,24123,22609,350000,2025-05-14,2025-05-13,1,review_candidate
5317953,5319134,191,17647,750000,2025-06-02,2025-05-27,6,review_candidate
5320026,5328359,20290,353,50000,2025-05-23,2025-05-27,4,review_candidate
5321698,5315034,4792,348,50000,2025-06-02,2025-05-27,6,review_candidate
5321796,5321489,3889,24376,125000,2025-06-15,2025-06-13,2,review_candidate
5327402,5320992,4893,24376,100000,2025-06-17,2025-06-12,5,review_candidate
5329532,5320073,24079,24123,42000,2025-06-17,2025-06-10,7,review_candidate
5335803,5344935,1430,353,150000,2025-06-24,2025-06-17,7,review_candidate
5337210,5336888,19763,16738,30000,2025-07-08,2025-07-02,6,review_candidate
5345984,5348253,20136,348,100000,2025-07-17,2025-07-14,3,review_candidate
5346582,5356806,19369,353,50000,2025-07-10,2025-07-07,3,review_candidate
5346583,5332009,15483,353,50000,2025-07-10,2025-07-03,7,review_candidate
5347214,5441577,21156,23739,20000,2025-07-23,2025-07-25,2,review_candidate
5348492,5347420,3428,17892,150000,2025-07-25,2025-07-24,1,review_candidate
5349698,5348216,5214,1579,486000,2025-07-08,2025-07-03,5,review_candidate
5349703,5339277,4572,1579,1292700,2025-07-14,2025-07-11,3,review_candidate
5350015,5336486,21164,21123,400000,2025-06-30,2025-07-01,1,review_candidate
5351089,5346051,134,15984,500000,2025-07-22,2025-07-21,1,review_candidate
5351242,5369720,21678,4792,100000,2025-07-30,2025-07-25,5,review_candidate
5351268,5344406,12986,21678,500000,2025-07-21,2025-07-17,4,review_candidate
5351644,5347404,3428,23228,150000,2025-07-30,2025-07-24,6,review_candidate
5352475,5351500,3428,19050,200000,2025-07-31,2025-07-30,1,review_candidate
5358273,5365017,21727,348,100000,2025-07-23,2025-07-18,5,review_candidate
5358584,5348092,2480,5208,100000,2025-08-01,2025-07-25,7,review_candidate
5358692,5366519,353,335,300000,2025-08-04,2025-08-01,3,review_candidate
5358883,5357071,126,17892,500000,2025-08-06,2025-08-05,1,review_candidate
5364626,5357720,4572,5208,1000000,2025-08-11,2025-08-07,4,review_candidate
5364681,5365399,21156,18726,50000,2025-08-13,2025-08-09,4,review_candidate
5364926,5357718,4572,20771,250000,2025-08-11,2025-08-07,4,review_candidate
5365003,5363663,229,14364,500000,2025-08-12,2025-08-05,7,review_candidate
5365059,5363099,4572,20136,1000000,2025-08-13,2025-08-11,2,review_candidate
5365592,5363270,3428,20255,100000,2025-08-15,2025-08-11,4,review_candidate
5366006,5363272,3428,23253,100000,2025-08-18,2025-08-11,7,review_candidate
5367226,5365892,126,3420,500000,2025-08-20,2025-08-18,2,review_candidate
5367414,5373247,275,23228,100000,2025-08-21,2025-08-19,2,review_candidate
5367967,5367383,3428,21575,100000,2025-08-21,2025-08-20,1,review_candidate
5369391,5383681,102,17892,100000,2025-08-23,2025-08-20,3,review_candidate
5369676,5370048,4,22854,100000,2025-08-25,2025-08-22,3,review_candidate
5369868,5383680,102,23253,100000,2025-08-25,2025-08-20,5,review_candidate
5370763,5366218,117,20610,75000,2025-08-18,2025-08-12,6,review_candidate
5370765,5373246,275,20610,500000,2025-08-20,2025-08-19,1,review_candidate
5370771,5376437,161,20610,250000,2025-08-22,2025-08-18,4,review_candidate
5370772,5379480,20369,20610,100000,2025-08-22,2025-08-18,4,review_candidate
5370854,5365288,133,19778,100000,2025-08-14,2025-08-13,1,review_candidate
5370907,5381570,19000,18409,19215,2025-08-21,2025-08-19,2,review_candidate
5371022,5366518,353,314,144600,2025-08-04,2025-08-01,3,review_candidate
5374880,5370634,12986,20610,100000,2025-09-02,2025-08-26,7,review_candidate
5375170,5373250,275,21729,250000,2025-08-26,2025-08-19,7,review_candidate
5375177,5370051,4,21729,150000,2025-08-27,2025-08-22,5,review_candidate
5375224,5370095,117,20022,75000,2025-09-02,2025-08-26,7,review_candidate
5375986,5383679,102,15377,150000,2025-08-27,2025-08-20,7,review_candidate
5376332,5371152,16541,20790,250000,2025-09-03,2025-08-28,6,review_candidate
5376400,5376443,161,21757,500000,2025-09-03,2025-08-28,6,review_candidate
5377400,5370633,12986,4792,1000000,2025-09-02,2025-08-26,7,review_candidate
5379071,5377402,3816,5208,1000000,2025-09-08,2025-09-04,4,review_candidate
5379683,5381372,15519,18726,100000,2025-09-11,2025-09-09,2,review_candidate
5380021,5378348,17668,314,13000,2025-09-10,2025-09-07,3,review_candidate
5381470,5382670,16233,24463,200000,2025-09-15,2025-09-12,3,review_candidate
5381676,5381061,18526,20790,50000,2025-09-11,2025-09-05,6,review_candidate
5383125,5381923,3598,24463,50000,2025-09-17,2025-09-16,1,review_candidate
5383523,5397685,4395,20597,3000000,2025-09-17,2025-09-11,6,review_candidate
5384410,5381373,15519,19995,100000,2025-09-17,2025-09-12,5,review_candidate
5385023,5385144,21672,21336,50000,2025-09-17,2025-09-19,2,review_candidate
5385154,5381585,19000,23866,15500,2025-08-25,2025-08-21,4,review_candidate
5385161,5381584,19000,23578,19132,2025-08-25,2025-08-21,4,review_candidate
5385372,5381582,19000,22806,21920,2025-08-22,2025-08-21,1,review_candidate
5385840,5376436,161,20377,150000,2025-08-22,2025-08-18,4,review_candidate
5385854,5386939,17458,18726,50000,2025-09-22,2025-09-17,5,review_candidate
5386267,5386940,17458,19995,25000,2025-09-20,2025-09-17,3,review_candidate
5386655,5383658,16480,20771,2150000,2025-09-24,2025-09-18,6,review_candidate
5386988,5383686,102,23787,50000,2025-09-22,2025-09-18,4,review_candidate
5387737,5383427,3591,22680,500000,2025-09-18,2025-09-16,2,review_candidate
5388045,5406682,60,24394,150000,2025-09-24,2025-09-23,1,review_candidate
5388310,5397361,15577,6106,150000,2025-09-25,2025-09-19,6,review_candidate
5397096,5387694,12986,14046,500000,2025-09-29,2025-09-26,3,review_candidate
5397257,5387692,12986,5208,500000,2025-09-29,2025-09-25,4,review_candidate
5397295,5383418,3591,23199,50000,2025-09-17,2025-09-15,2,review_candidate
5399377,5397396,3591,24149,100000,2025-09-26,2025-09-22,4,review_candidate
5400251,5397356,20882,24404,25000,2025-10-03,2025-09-30,3,review_candidate
5401020,5399742,18396,1471,10000000,2025-10-06,2025-10-03,3,review_candidate
5401084,5412273,18888,20771,25000,2025-10-06,2025-10-07,1,review_candidate
5401094,5405696,2069,2070,1400000,2025-10-07,2025-10-08,1,review_candidate
5401155,5428799,18396,17890,100000,2025-10-06,2025-10-07,1,review_candidate
5405202,5399084,180,18284,100000,2025-10-03,2025-09-30,3,review_candidate
5405405,5383687,102,14651,35000,2025-09-23,2025-09-18,5,review_candidate
5405702,5399631,618,22280,250000,2025-10-04,2025-09-29,5,review_candidate
5405982,5406055,125,3420,100000,2025-10-10,2025-10-06,4,review_candidate
5405983,5410149,275,3420,250000,2025-10-08,2025-10-06,2,review_candidate
5406124,5405846,3889,2690,750000,2025-10-09,2025-10-08,1,review_candidate
5406348,5406887,4,17892,150000,2025-10-11,2025-10-07,4,review_candidate
5406359,5410151,275,19050,250000,2025-10-10,2025-10-06,4,review_candidate
5406367,5410148,275,22854,100000,2025-10-10,2025-10-06,4,review_candidate
5407149,5405636,153,18396,250000,2025-10-10,2025-10-06,4,review_candidate
5407151,5405623,2717,18396,500000,2025-10-10,2025-10-06,4,review_candidate
5407152,5405618,126,18396,500000,2025-10-10,2025-10-06,4,review_candidate
5407576,5405319,17469,1524,5000000,2025-10-14,2025-10-08,6,review_candidate
5407588,5405624,2717,21729,250000,2025-10-07,2025-10-07,0,review_candidate
5407588,5405632,2717,21729,250000,2025-10-07,2025-10-09,2,review_candidate
5407860,5399570,19844,21655,15000,2025-10-07,2025-10-02,5,review_candidate
5408322,5410167,275,20272,250000,2025-10-09,2025-10-06,3,review_candidate
5408894,5425395,18744,17890,101500,2025-10-15,2025-10-10,5,review_candidate
5408942,5406890,4,21839,200000,2025-10-16,2025-10-09,7,review_candidate
5408986,5410168,275,5208,500000,2025-10-08,2025-10-06,2,review_candidate
5409420,5406889,4,19463,400000,2025-10-14,2025-10-07,7,review_candidate
5409439,5417706,161,23228,300000,2025-10-16,2025-10-10,6,review_candidate
5410011,5410185,2690,24485,500000,2025-10-17,2025-10-15,2,review_candidate
5410343,5412153,4,23253,100000,2025-10-16,2025-10-14,2,review_candidate
5410345,5406954,3428,23142,200000,2025-10-17,2025-10-13,4,review_candidate
5410374,5412151,4,20217,100000,2025-10-16,2025-10-14,2,review_candidate
5410389,5408927,126,20022,250000,2025-10-17,2025-10-16,1,review_candidate
5410390,5412154,4,20022,100000,2025-10-17,2025-10-14,3,review_candidate
5411300,5409294,3428,18284,100000,2025-10-20,2025-10-16,4,review_candidate
5411345,5408046,126,19751,250000,2025-10-20,2025-10-15,5,review_candidate
5411351,5409442,51,19763,150000,2025-10-15,2025-10-13,2,review_candidate
5411725,5406888,4,21903,100000,2025-10-14,2025-10-07,7,review_candidate
5412249,5406132,2690,22032,500000,2025-10-14,2025-10-07,7,review_candidate
5412250,5405563,5458,22032,250000,2025-10-14,2025-10-07,7,review_candidate
5412334,5409145,15577,17890,250000,2025-10-20,2025-10-16,4,review_candidate
5412457,5414496,19844,4792,50000,2025-10-06,2025-10-02,4,review_candidate
5412463,5421922,54,4792,500000,2025-10-06,2025-10-03,3,review_candidate
5412555,5410150,275,21678,100000,2025-10-08,2025-10-06,2,review_candidate
5412566,5398142,4572,1579,1292700,2025-10-06,2025-10-02,4,review_candidate
5412586,5435397,5214,1579,486000,2025-10-21,2025-10-17,4,review_candidate
5413184,5405607,126,4792,1000000,2025-10-09,2025-10-06,3,review_candidate
5413214,5398200,18888,4792,50000,2025-10-03,2025-09-30,3,review_candidate
5413447,5433504,15519,4792,500000,2025-10-10,2025-10-12,2,review_candidate
5413465,5401066,197,4792,1000000,2025-10-10,2025-10-07,3,review_candidate
5414012,5406891,4,21729,150000,2025-10-14,2025-10-10,4,review_candidate
5414014,5411956,133,21729,200000,2025-10-14,2025-10-09,5,review_candidate
5414015,5431271,10,21729,100000,2025-10-14,2025-10-09,5,review_candidate
5414120,5407813,20341,20771,100000,2025-10-17,2025-10-13,4,review_candidate
5414122,5409186,20376,20771,25000,2025-10-17,2025-10-14,3,review_candidate
5414224,5406949,2717,21757,150000,2025-10-20,2025-10-13,7,review_candidate
5414225,5406943,126,21757,250000,2025-10-20,2025-10-13,7,review_candidate
5414492,5412152,4,23142,100000,2025-10-22,2025-10-17,5,review_candidate
5414622,5415959,22667,353,27500,2025-10-08,2025-10-13,5,review_candidate
5414625,5411350,19763,353,82500,2025-10-09,2025-10-10,1,review_candidate
5414626,5421992,18462,353,43000,2025-10-10,2025-10-14,4,review_candidate
5414627,5406216,18375,353,150000,2025-10-14,2025-10-08,6,review_candidate
5414800,5405875,26,21575,50000,2025-10-09,2025-10-08,1,review_candidate
5414802,5421908,54,21575,100000,2025-10-09,2025-10-03,6,review_candidate
5414803,5405883,20096,21575,50000,2025-10-09,2025-10-08,1,review_candidate
5414804,5405610,126,21575,250000,2025-10-09,2025-10-08,1,review_candidate
5414810,5410155,275,21575,250000,2025-10-09,2025-10-06,3,review_candidate
5415037,5410726,5458,2690,250000,2025-10-23,2025-10-20,3,review_candidate
5415140,5417697,18968,24404,50000,2025-10-22,2025-10-20,2,review_candidate
5415364,5412039,154,20217,250000,2025-10-24,2025-10-21,3,review_candidate
5415365,5433264,17654,20217,100000,2025-10-24,2025-10-17,7,review_candidate
5415382,5414719,2069,4792,1000000,2025-10-22,2025-10-17,5,review_candidate
5416206,5433265,17654,17890,100000,2025-10-24,2025-10-17,7,review_candidate
5416301,5411465,134,19050,500000,2025-10-22,2025-10-21,1,review_candidate
5416322,5429328,191,20022,250000,2025-10-24,2025-10-23,1,review_candidate
5416322,5429329,191,20022,250000,2025-10-24,2025-10-23,1,review_candidate
5416338,5416464,4,22133,100000,2025-10-27,2025-10-21,6,review_candidate
5416402,5405606,126,14046,500000,2025-10-09,2025-10-06,3,review_candidate
5417027,5432949,6165,21544,100000,2025-10-26,2025-10-22,4,review_candidate
5417095,5422746,275,17890,151500,2025-10-27,2025-10-22,5,review_candidate
5417273,5411542,23253,379,50000,2025-10-27,2025-10-21,6,review_candidate
5417951,5406061,125,16719,150000,2025-10-10,2025-10-06,4,review_candidate
5417984,5410172,275,19463,250000,2025-10-20,2025-10-15,5,review_candidate
5421650,5412032,154,23228,250000,2025-10-28,2025-10-21,7,review_candidate
5421717,5412034,154,22854,100000,2025-10-28,2025-10-21,7,review_candidate
5422377,5429328,191,20022,250000,2025-10-30,2025-10-23,7,review_candidate
5422377,5429329,191,20022,250000,2025-10-30,2025-10-23,7,review_candidate
5422617,5442244,14041,20255,250000,2025-10-30,2025-10-27,3,review_candidate
5423168,5423773,23249,22958,50000,2025-10-27,2025-10-24,3,review_candidate
5423820,5422379,51,17890,101500,2025-10-30,2025-10-28,2,review_candidate
5425159,5430768,17638,11927,100000,2025-10-20,2025-10-15,5,review_candidate
5425409,5422414,19763,1524,5000000,2025-10-29,2025-10-28,1,review_candidate
5425586,5432506,24074,24452,25000,2025-10-29,2025-10-24,5,review_candidate
5426428,5432033,16015,21544,25000,2025-10-31,2025-10-27,4,review_candidate
5426525,5414690,2069,6032,100000,2025-10-28,2025-10-21,7,review_candidate
5426526,5423867,20477,6032,150000,2025-10-31,2025-10-30,1,review_candidate
5427016,5444289,161,17890,300000,2025-11-01,2025-10-30,2,review_candidate
5427823,5414968,5534,4792,1000000,2025-10-31,2025-10-24,7,review_candidate
5427987,5432948,6165,18888,200000,2025-10-25,2025-10-22,3,review_candidate
5428485,5437533,18661,353,27500,2025-10-16,2025-10-17,1,review_candidate
5428488,5425406,18744,353,100000,2025-10-22,2025-10-23,1,review_candidate
5428514,5426389,126,15984,500000,2025-11-03,2025-10-31,3,review_candidate
5428600,5444291,161,20209,200000,2025-11-03,2025-10-30,4,review_candidate
5428606,5423851,2480,20209,100000,2025-11-03,2025-10-31,3,review_candidate
5428608,5422750,275,20209,250000,2025-11-03,2025-10-29,5,review_candidate
5428893,5423849,2480,17890,150000,2025-11-04,2025-10-31,4,review_candidate
5429054,5410174,275,4680,250000,2025-10-21,2025-10-15,6,review_candidate
5429055,5411294,126,4680,250000,2025-10-21,2025-10-20,1,review_candidate
5431005,5421589,18401,20287,350000,2025-11-03,2025-10-28,6,review_candidate
5431072,5410164,275,20136,500000,2025-10-09,2025-10-06,3,review_candidate
5431303,5431306,22854,24542,50000,2025-11-06,2025-11-07,1,review_candidate
5431404,5437448,117,17892,100000,2025-11-08,2025-11-04,4,review_candidate
5431459,5431458,22249,18441,180000,2025-11-09,2025-11-03,6,review_candidate
5431461,5429830,126,19763,500000,2025-11-07,2025-11-05,2,review_candidate
5431490,5439218,13914,17890,200000,2025-11-07,2025-11-03,4,review_candidate
5431727,5429125,24452,21883,10100,2025-11-06,2025-11-03,3,review_candidate
5431728,5451427,23275,21883,10100,2025-11-06,2025-11-03,3,review_candidate
5432139,5426397,24129,18888,10100,2025-11-06,2025-10-31,6,review_candidate
5432424,5456731,147,22854,100000,2025-11-10,2025-11-08,2,review_candidate
5432436,5429654,4893,24463,50000,2025-11-10,2025-11-05,5,review_candidate
5432470,5431457,19151,24542,500000,2025-11-10,2025-11-04,6,review_candidate
5432502,5432947,6165,24457,300000,2025-10-27,2025-10-22,5,review_candidate
5432510,5429123,24452,24074,10100,2025-11-10,2025-11-03,7,review_candidate
5432711,5427564,4,24400,150000,2025-11-03,2025-10-27,7,review_candidate
5432757,5431462,19763,24400,100000,2025-11-08,2025-11-09,1,review_candidate
5432760,5439220,13914,24400,100000,2025-11-07,2025-11-03,4,review_candidate
5432939,5428923,20217,379,80000,2025-11-10,2025-11-05,5,review_candidate
5432999,5442270,14041,20022,150000,2025-11-12,2025-11-06,6,review_candidate
5433199,5416572,19763,24397,100000,2025-10-26,2025-10-27,1,review_candidate
5433204,5432544,22251,24397,50000,2025-10-25,2025-10-29,4,review_candidate
5433211,5422381,51,24397,100000,2025-10-30,2025-10-28,2,review_candidate
5433256,5456495,22251,18375,25000,2025-11-10,2025-11-14,4,review_candidate
5433515,5442268,14041,22854,200000,2025-11-11,2025-11-06,5,review_candidate
5433516,5442269,14041,23228,250000,2025-11-12,2025-11-06,6,review_candidate
5433832,5444227,16719,4792,50000,2025-11-03,2025-10-30,4,review_candidate
5434699,5456494,22251,1686,25000,2025-11-10,2025-11-17,7,review_candidate
5434700,5429823,2480,1686,100000,2025-11-10,2025-11-06,4,review_candidate
5434704,5433717,275,1686,250000,2025-11-10,2025-11-03,7,review_candidate
5434713,5428972,19751,19995,50000,2025-11-08,2025-11-04,4,review_candidate
5434786,5442256,14041,17469,200000,2025-11-12,2025-11-06,6,review_candidate
5435161,5432622,126,3420,150000,2025-11-14,2025-11-11,3,review_candidate
5435314,5411293,126,19369,250000,2025-10-24,2025-10-20,4,review_candidate
5435382,5429831,126,15348,500000,2025-11-10,2025-11-06,4,review_candidate
5435505,5433751,275,23142,100000,2025-11-14,2025-11-11,3,review_candidate
5435532,5439215,13914,19763,500000,2025-11-10,2025-11-03,7,review_candidate
5435548,5446146,191,20255,250000,2025-11-14,2025-11-12,2,review_candidate
5435549,5432620,126,20255,250000,2025-11-15,2025-11-11,4,review_candidate
5435604,5432830,17458,12940,50000,2025-11-14,2025-11-10,4,review_candidate
5435678,5449635,51,23238,100000,2025-11-12,2025-11-06,6,review_candidate
5435935,5433482,21823,23238,100000,2025-11-17,2025-11-11,6,review_candidate
5436025,5452937,21727,24400,100000,2025-11-14,2025-11-11,3,review_candidate
5437588,5433816,126,21437,250000,2025-11-17,2025-11-13,4,review_candidate
5437591,5446151,191,23253,250000,2025-11-13,2025-11-12,1,review_candidate
5437792,5430549,21823,379,85000,2025-11-13,2025-11-07,6,review_candidate
5437793,5446152,191,379,175000,2025-11-17,2025-11-12,5,review_candidate
5437969,5431372,17668,353,100000,2025-11-14,2025-11-08,6,review_candidate
5438202,5433507,15519,12940,100000,2025-11-18,2025-11-12,6,review_candidate
5438226,5446153,191,23228,500000,2025-11-17,2025-11-12,5,review_candidate
5438389,5435626,51,20217,100000,2025-11-19,2025-11-13,6,review_candidate
5439317,5445605,618,23355,20000,2025-11-15,2025-11-13,2,review_candidate
5439384,5442521,4,21729,100000,2025-11-07,2025-11-06,1,review_candidate
5439393,5433716,275,21729,100000,2025-11-07,2025-11-03,4,review_candidate
5439394,5456730,147,21729,100000,2025-11-07,2025-11-08,1,review_candidate
5439417,5445160,14575,21729,100000,2025-11-13,2025-11-06,7,review_candidate
5439941,5441160,2069,4792,200000,2025-11-20,2025-11-21,1,review_candidate
5440914,5440120,306,24509,20000,2025-11-21,2025-11-20,1,review_candidate
5440936,5441973,23249,21437,25000,2025-11-21,2025-11-24,3,review_candidate
5441276,5456997,3428,24575,1000000,2025-11-16,2025-11-14,2,review_candidate
5441917,5456728,147,21575,100000,2025-11-13,2025-11-08,5,review_candidate
5442122,5464143,416,23142,150000,2025-11-24,2025-11-20,4,review_candidate
5442585,5438388,20217,21892,150000,2025-11-21,2025-11-18,3,review_candidate
5442619,5429653,4893,24536,50000,2025-11-12,2025-11-05,7,review_candidate
5442775,5410173,275,20099,100000,2025-10-20,2025-10-15,5,review_candidate
5443015,5438279,19151,23238,100000,2025-11-24,2025-11-18,6,review_candidate
5443036,5444230,16719,24457,25000,2025-11-01,2025-10-30,2,review_candidate
5443075,5439542,21678,21883,100000,2025-11-21,2025-11-17,4,review_candidate
5443385,5422753,126,20610,500000,2025-10-30,2025-10-29,1,review_candidate
5443575,5496073,135,16757,250000,2025-10-29,2025-10-28,1,review_candidate
5443578,5420678,2480,16757,100000,2025-10-29,2025-10-28,1,review_candidate
5444259,5427563,4,16719,250000,2025-10-28,2025-10-27,1,review_candidate
5444267,5429326,191,16719,500000,2025-11-03,2025-10-27,7,review_candidate
5444349,5433735,12986,18821,500000,2025-11-17,2025-11-12,5,review_candidate
5444365,5429822,2480,18821,100000,2025-11-10,2025-11-06,4,review_candidate
5444366,5433718,275,18821,100000,2025-11-10,2025-11-03,7,review_candidate
5444368,5444292,161,18821,200000,2025-11-10,2025-11-04,6,review_candidate
5444531,5439216,13914,19463,100000,2025-11-07,2025-11-03,4,review_candidate
5444564,5448038,16588,18397,100000,2025-11-20,2025-11-15,5,review_candidate
5445884,5429694,12986,18744,500000,2025-11-10,2025-11-06,4,review_candidate
5445887,5443410,54,18744,250000,2025-11-06,2025-10-31,6,review_candidate
5445890,5423848,2480,18744,200000,2025-11-06,2025-10-31,6,review_candidate
5445901,5442531,4,18744,100000,2025-11-12,2025-11-06,6,review_candidate
5449521,5437451,117,15483,50000,2025-11-10,2025-11-04,6,review_candidate
5449641,5453066,175,19050,1000000,2025-11-26,2025-11-25,1,review_candidate
5451383,5439214,13914,22699,100000,2025-11-07,2025-11-03,4,review_candidate
5451998,5464134,416,23228,150000,2025-11-26,2025-11-20,6,review_candidate
5452322,5453142,3591,20246,250000,2025-12-02,2025-12-01,1,review_candidate
5452617,5448035,2070,5089,250000,2025-12-04,2025-12-02,2,review_candidate
5452871,5453067,175,21729,100000,2025-11-28,2025-11-25,3,review_candidate
5452939,5439217,13914,21727,100000,2025-11-07,2025-11-03,4,review_candidate
5452967,5433736,12986,20136,500000,2025-11-17,2025-11-12,5,review_candidate
5453194,5443209,20376,20882,25000,2025-11-24,2025-11-18,6,review_candidate
5456449,5448034,2070,24463,100000,2025-12-05,2025-12-02,3,review_candidate
5456472,5447896,2793,23238,200000,2025-12-04,2025-12-01,3,review_candidate
5456853,5448033,2070,18837,250000,2025-12-07,2025-12-02,5,review_candidate
5456866,5479035,23249,23238,105000,2025-12-08,2025-12-12,4,review_candidate
5457051,5442023,19763,23787,100000,2025-11-24,2025-11-23,1,review_candidate
5457056,5459559,19466,23787,50000,2025-12-08,2025-12-04,4,review_candidate
5457417,5479581,161,21839,200000,2025-12-09,2025-12-05,4,review_candidate
5457753,5466857,13619,21823,100000,2025-12-08,2025-12-09,1,review_candidate
5458418,5457952,12986,4792,1000000,2025-12-08,2025-12-04,4,review_candidate
5458459,5452689,197,23228,500000,2025-12-09,2025-12-05,4,review_candidate
5458579,5474138,4,17469,100000,2025-12-08,2025-12-05,3,review_candidate
5458584,5453266,2480,17469,200000,2025-12-08,2025-12-05,3,review_candidate
5458589,5479558,161,17469,300000,2025-12-08,2025-12-05,3,review_candidate
5458593,5472202,191,17469,500000,2025-12-08,2025-12-02,6,review_candidate
5458678,5452882,10,20022,50000,2025-12-09,2025-12-03,6,review_candidate
5458679,5459713,26,20022,50000,2025-12-09,2025-12-07,2,review_candidate
5458850,5452188,275,22699,100000,2025-12-08,2025-12-03,5,review_candidate
5458852,5452895,10,22699,50000,2025-12-08,2025-12-03,5,review_candidate
5458853,5472189,191,22699,250000,2025-12-08,2025-12-02,6,review_candidate
5458997,5479580,161,16459,500000,2025-12-08,2025-12-05,3,review_candidate
5459000,5459715,26,16459,50000,2025-12-08,2025-12-07,1,review_candidate
5459104,5466856,13619,23228,125000,2025-12-08,2025-12-09,1,review_candidate
5459117,5449709,147,23228,100000,2025-12-08,2025-12-03,5,review_candidate
5459172,5459714,26,21903,50000,2025-12-10,2025-12-07,3,review_candidate
5459177,5479577,161,21903,200000,2025-12-10,2025-12-05,5,review_candidate
5459569,5446416,51,19463,150000,2025-12-01,2025-11-25,6,review_candidate
5459606,5455093,2480,19463,100000,2025-12-08,2025-12-05,3,review_candidate
5459613,5456771,4572,19466,500000,2025-12-10,2025-12-08,2,review_candidate
5459680,5479575,161,20290,150000,2025-12-10,2025-12-05,5,review_candidate
5459711,5462036,21094,23277,259500,2025-12-11,2025-12-05,6,review_candidate
5459737,5464886,13914,23228,250000,2025-12-11,2025-12-04,7,review_candidate
5459822,5474147,4,5458,100000,2025-12-11,2025-12-08,3,review_candidate
5460026,5457814,275,20255,100000,2025-12-12,2025-12-05,7,review_candidate
5460028,5459334,2480,20255,50000,2025-12-12,2025-12-11,1,review_candidate
5460430,5432621,126,18375,250000,2025-11-14,2025-11-11,3,review_candidate
5460534,5457856,275,24397,100000,2025-12-08,2025-12-05,3,review_candidate
5460721,5432633,126,23262,100000,2025-11-14,2025-11-11,3,review_candidate
5460734,5452185,275,23262,100000,2025-12-03,2025-11-26,7,review_candidate
5461087,5479256,102,15984,75000,2025-12-09,2025-12-02,7,review_candidate
5461201,5466479,228,15984,150000,2025-12-11,2025-12-10,1,review_candidate
5462201,5459325,12986,17995,100000,2025-12-13,2025-12-11,2,review_candidate
5462238,5462024,21094,24537,59700,2025-12-08,2025-12-05,3,review_candidate
5462327,5447564,19466,18441,50000,2025-12-04,2025-12-01,3,review_candidate
5462408,5459231,51,15984,150000,2025-12-09,2025-12-08,1,review_candidate
5462411,5459314,12986,17469,1000000,2025-12-13,2025-12-11,2,review_candidate
5462487,5479076,260,23208,87500,2025-12-10,2025-12-05,5,review_candidate
5462532,5479072,260,23365,87500,2025-12-10,2025-12-05,5,review_candidate
5462717,5479585,161,23253,100000,2025-12-15,2025-12-10,5,review_candidate
5462731,5463089,126,20022,250000,2025-12-15,2025-12-12,3,review_candidate
5462850,5459337,12986,17625,500000,2025-12-15,2025-12-11,4,review_candidate
5462853,5479565,161,17625,200000,2025-12-08,2025-12-05,3,review_candidate
5462855,5456374,2480,17625,150000,2025-12-08,2025-12-05,3,review_candidate
5462856,5472220,191,17625,250000,2025-12-08,2025-12-02,6,review_candidate
5462934,5474148,4,19050,100000,2025-12-15,2025-12-08,7,review_candidate
5462936,5466854,13619,19050,75000,2025-12-15,2025-12-09,6,review_candidate
5463097,5474151,4,17890,100000,2025-12-16,2025-12-15,1,review_candidate
5463414,5459706,17623,11927,100000,2025-12-15,2025-12-10,5,review_candidate
5463423,5462804,3428,11927,100000,2025-12-15,2025-12-11,4,review_candidate
5463781,5458789,19242,20203,75000,2025-12-12,2025-12-10,2,review_candidate
5463810,5459311,12986,18375,100000,2025-12-15,2025-12-11,4,review_candidate
5463886,5467986,23077,20778,50000,2025-12-16,2025-12-15,1,review_candidate
5463903,5459317,12986,19751,100000,2025-12-16,2025-12-11,5,review_candidate
5463935,5474150,4,23228,100000,2025-12-16,2025-12-11,5,review_candidate
5463936,5459219,2480,23228,150000,2025-12-16,2025-12-11,5,review_candidate
5463951,5472191,191,17668,250000,2025-12-08,2025-12-02,6,review_candidate
5464311,5616667,39,17945,500000,2025-12-15,2025-12-09,6,review_candidate
5464364,5460671,3591,5724,50000,2025-12-15,2025-12-10,5,review_candidate
5464367,5459331,12986,21691,100000,2025-12-15,2025-12-11,4,review_candidate
5464395,5459232,51,16459,100000,2025-12-15,2025-12-08,7,review_candidate
5464398,5459320,12986,16459,1000000,2025-12-15,2025-12-11,4,review_candidate
5464407,5459217,2480,16459,100000,2025-12-12,2025-12-11,1,review_candidate
5464607,5456734,126,3420,1000000,2025-12-08,2025-12-04,4,review_candidate
5464617,5693199,11,3420,100000,2025-12-08,2025-12-03,5,review_candidate
5464635,5445758,22854,20597,50000,2025-12-02,2025-11-26,6,review_candidate
5464944,5459091,17892,14183,100000,2025-12-11,2025-12-09,2,review_candidate
5465167,5465289,5208,353,250000,2025-12-11,2025-12-05,6,review_candidate
5465189,5459712,26,23161,50000,2025-12-09,2025-12-07,2,review_candidate
5465190,5456786,16428,23161,100000,2025-12-09,2025-12-05,4,review_candidate
5465191,5452899,10,23161,50000,2025-12-09,2025-12-03,6,review_candidate
5465192,5456793,2480,23161,100000,2025-12-09,2025-12-08,1,review_candidate
5465235,5459326,12986,18661,100000,2025-12-15,2025-12-11,4,review_candidate
5466282,5452632,197,5208,250000,2025-12-10,2025-12-05,5,review_candidate
5466330,5462463,154,23228,100000,2025-12-18,2025-12-12,6,review_candidate
5466438,5459301,12986,1686,100000,2025-12-13,2025-12-11,2,review_candidate
5466446,5472205,191,19151,250000,2025-12-08,2025-12-02,6,review_candidate
5466743,5471509,2069,15377,100000,2025-12-11,2025-12-06,5,review_candidate
5467422,5459340,12986,23103,100000,2025-12-15,2025-12-11,4,review_candidate
5467430,5453284,2480,23103,100000,2025-12-08,2025-12-05,3,review_candidate
5467451,5456772,4572,18744,500000,2025-12-10,2025-12-08,2,review_candidate
5467637,5472217,191,19778,250000,2025-12-08,2025-12-03,5,review_candidate
5467651,5459336,12986,19778,100000,2025-12-15,2025-12-11,4,review_candidate
5467821,5484774,20290,22249,50000,2025-12-19,2025-12-15,4,review_candidate
5467837,5457865,275,21757,100000,2025-12-12,2025-12-08,4,review_candidate
5467946,5466406,19151,19050,1500000,2025-12-18,2025-12-19,1,review_candidate
5471581,5464197,125,17469,100000,2025-12-18,2025-12-17,1,review_candidate
5471682,5495972,16409,23118,50000,2025-12-20,2025-12-16,4,review_candidate
5473555,5514057,23249,24625,250000,2025-12-22,2025-12-23,1,review_candidate
5473596,5452696,197,16719,500000,2025-12-10,2025-12-05,5,review_candidate
5473599,5466510,163,16719,50000,2025-12-15,2025-12-10,5,review_candidate
5473615,5465156,4016,16719,100000,2025-12-16,2025-12-15,1,review_candidate
5473627,5466472,228,16719,100000,2025-12-16,2025-12-10,6,review_candidate
5473629,5466495,4556,16719,150000,2025-12-16,2025-12-10,6,review_candidate
5473639,5463804,4572,16719,500000,2025-12-19,2025-12-16,3,review_candidate
5473831,5459303,12986,23140,100000,2025-12-15,2025-12-11,4,review_candidate
5473886,5459332,12986,5152,100000,2025-12-08,2025-12-11,3,review_candidate
5474108,5479265,102,14046,250000,2025-12-09,2025-12-08,1,review_candidate
5479241,5486295,19763,4792,100000,2025-12-22,2025-12-19,3,review_candidate
5479242,5467991,1686,4792,50000,2025-12-22,2025-12-19,3,review_candidate
5479406,5468003,51,20610,150000,2025-12-20,2025-12-18,2,review_candidate
5479425,5457860,275,18462,100000,2025-12-08,2025-12-05,3,review_candidate
5479427,5479569,161,18462,200000,2025-12-10,2025-12-05,5,review_candidate
5479428,5459294,12986,18462,100000,2025-12-15,2025-12-11,4,review_candidate
5479537,5466507,163,4680,50000,2025-12-04,2025-12-03,1,review_candidate
5479545,5452675,197,4680,250000,2025-12-10,2025-12-05,5,review_candidate
5479550,5459305,12986,4680,100000,2025-12-15,2025-12-11,4,review_candidate
5481032,5473812,23140,21883,50000,2025-12-14,2025-12-11,3,review_candidate
5481081,5459299,12986,21775,100000,2025-12-14,2025-12-11,3,review_candidate
5481177,5463806,4572,17890,500000,2025-12-19,2025-12-16,3,review_candidate
5481191,5495974,16409,21757,50000,2025-12-23,2025-12-16,7,review_candidate
5482167,5472072,126,15984,500000,2025-12-29,2025-12-22,7,review_candidate
5482182,5459339,12986,16690,100000,2025-12-15,2025-12-11,4,review_candidate
5482184,5453268,2480,16690,100000,2025-12-08,2025-12-05,3,review_candidate
5482241,5530603,18401,24563,25000,2025-12-29,2025-12-24,5,review_candidate
5482342,5459323,12986,21678,500000,2025-12-15,2025-12-11,4,review_candidate
5482721,5459330,12986,16812,100000,2025-12-15,2025-12-11,4,review_candidate
5483095,5447012,21878,20287,35000,2025-12-04,2025-11-30,4,review_candidate
5483153,5464199,197,21694,100000,2025-12-22,2025-12-17,5,review_candidate
5483626,5479271,102,20209,100000,2025-12-19,2025-12-18,1,review_candidate
5484711,5488322,13619,16508,75000,2025-12-22,2025-12-23,1,review_candidate
5484734,5456770,4572,18821,500000,2025-12-10,2025-12-08,2,review_candidate
5484752,5479556,161,20136,150000,2025-12-19,2025-12-18,1,review_candidate
5484787,5474141,4,20290,100000,2025-12-12,2025-12-08,4,review_candidate
5484791,5459300,12986,20290,500000,2025-12-15,2025-12-11,4,review_candidate
5484797,5457862,275,20290,100000,2025-12-08,2025-12-05,3,review_candidate
5484890,5459338,12986,23262,100000,2025-12-15,2025-12-11,4,review_candidate
5484891,5452107,3674,15348,50000,2025-12-08,2025-12-03,5,review_candidate
5484897,5453285,2480,15348,100000,2025-12-08,2025-12-05,3,review_candidate
5484907,5472208,191,15348,250000,2025-12-08,2025-12-02,6,review_candidate
5485332,5487660,20099,18441,75000,2025-12-30,2025-12-31,1,review_candidate
5486269,5479573,161,19763,200000,2025-12-09,2025-12-05,4,review_candidate
5486271,5453267,2480,19763,150000,2025-12-09,2025-12-05,4,review_candidate
5486273,5474139,4,19763,100000,2025-12-09,2025-12-05,4,review_candidate
5486280,5456768,4572,19763,1000000,2025-12-09,2025-12-08,1,review_candidate
5486467,5473995,24461,24575,20000,2025-12-25,2025-12-22,3,review_candidate
5487154,5529283,15145,2352,200000,2025-12-29,2025-12-23,6,review_candidate
5487445,5491230,18396,2352,250000,2026-01-02,2025-12-29,4,review_candidate
5487529,5459307,12986,19763,500000,2025-12-15,2025-12-11,4,review_candidate
5490705,5487008,17668,1524,3000000,2026-01-05,2026-01-02,3,review_candidate
5490811,5463938,23228,20935,20000,2025-12-23,2025-12-17,6,review_candidate
5491082,5483728,21823,23238,700000,2026-01-05,2025-12-30,6,review_candidate
5491084,5482825,197,18284,250000,2026-01-05,2025-12-29,7,review_candidate
5491690,5494058,16015,353,50000,2025-12-22,2025-12-15,7,review_candidate
5491847,5456375,2480,21694,100000,2025-12-08,2025-12-05,3,review_candidate
5491984,5483357,197,17890,500000,2026-01-05,2025-12-29,7,review_candidate
5493059,5483358,197,5208,30000,2026-01-05,2025-12-29,7,review_candidate
5494011,5494451,135,5208,500000,2025-12-23,2025-12-17,6,review_candidate
5494026,5491258,18396,335,250000,2026-01-02,2025-12-29,4,review_candidate
5494035,5459308,12986,19466,100000,2025-12-15,2025-12-11,4,review_candidate
5494067,5459329,12986,16015,100000,2025-12-15,2025-12-11,4,review_candidate
5494279,5459312,12986,19369,100000,2025-12-15,2025-12-11,4,review_candidate
5494284,5457851,275,24400,100000,2025-12-08,2025-12-05,3,review_candidate
5494289,5483053,197,24400,100000,2026-01-05,2025-12-29,7,review_candidate
5494330,5459310,12986,21727,100000,2025-12-15,2025-12-11,4,review_candidate
5494332,5495973,16409,21727,50000,2025-12-11,2025-12-16,5,review_candidate
5495665,5479267,102,15103,250000,2025-12-09,2025-12-08,1,review_candidate
5495997,5517108,3094,1686,100000,2026-01-06,2025-12-30,7,review_candidate
5497365,5456777,4572,1579,861800,2025-12-15,2025-12-08,7,review_candidate
5497381,5474229,12986,23750,2000000,2025-12-30,2025-12-23,7,review_candidate
5497576,5501257,3428,24463,100000,2026-01-08,2026-01-05,3,review_candidate
5497861,5459297,12986,22699,100000,2025-12-15,2025-12-11,4,review_candidate
5497863,5464200,197,22699,100000,2025-12-22,2025-12-17,5,review_candidate
5497914,5497731,125,21437,50000,2026-01-07,2026-01-05,2,review_candidate
5498008,5459716,26,24397,50000,2025-12-13,2025-12-07,6,review_candidate
5498021,5494407,126,24463,50000,2026-01-09,2026-01-06,3,review_candidate
5498060,5456769,4572,16757,500000,2025-12-10,2025-12-08,2,review_candidate
5498066,5459304,12986,16757,500000,2025-12-15,2025-12-11,4,review_candidate
5500567,5616672,39,18396,250000,2026-01-06,2026-01-05,1,review_candidate
5500683,5479607,221,18888,70290,2025-12-30,2025-12-23,7,review_candidate
5501209,5459321,12986,15483,100000,2025-12-15,2025-12-11,4,review_candidate
5502341,5483355,197,23142,250000,2025-12-31,2025-12-29,2,review_candidate
5502476,5495739,23792,24639,468526,2026-01-12,2026-01-07,5,review_candidate
5507097,5517101,3094,4792,500000,2026-01-02,2025-12-30,3,review_candidate
5507516,5526934,23249,23238,500000,2026-01-15,2026-01-13,2,review_candidate
5508518,5517105,3094,18744,200000,2026-01-06,2025-12-30,7,review_candidate
5508623,5482192,197,16508,250000,2026-01-05,2025-12-29,7,review_candidate
5508813,5497706,126,21691,250000,2026-01-09,2026-01-08,1,review_candidate
5510908,5509370,6165,24457,2500000,2026-01-08,2026-01-07,1,review_candidate
5511258,5466858,13619,21729,125000,2025-12-23,2025-12-18,5,review_candidate
5512462,5529479,19420,17625,100000,2026-01-06,2026-01-05,1,review_candidate
5512479,5504792,4,17625,100000,2026-01-09,2026-01-06,3,review_candidate
5512486,5519916,125,21823,50000,2026-01-20,2026-01-15,5,review_candidate
5512496,5535934,133,19050,2500000,2026-01-15,2026-01-14,1,review_candidate
5512947,5514032,17469,1524,7000000,2026-01-16,2026-01-22,6,review_candidate
5513053,5518429,20376,1471,2500000,2026-01-20,2026-01-14,6,review_candidate
5513066,5464195,197,19778,250000,2025-12-22,2025-12-17,5,review_candidate
5513617,5502614,21437,23778,25000,2026-01-20,2026-01-13,7,review_candidate
5513662,5503505,5208,353,250000,2026-01-15,2026-01-12,3,review_candidate
5514097,5462713,17220,5528,450000,2025-12-19,2025-12-15,4,review_candidate
5514120,5506082,10,19763,100000,2026-01-20,2026-01-15,5,review_candidate
5514129,5519920,125,19763,50000,2026-01-20,2026-01-15,5,review_candidate
5514293,5512325,20136,22639,50000,2026-01-21,2026-01-15,6,review_candidate
5514830,5517107,3094,14515,100000,2026-01-06,2025-12-30,7,review_candidate
5514833,5502972,175,19463,100000,2026-01-05,2026-01-04,1,review_candidate
5514862,5526167,18396,19463,50000,2026-01-19,2026-01-15,4,review_candidate
5515034,5535936,133,21437,100000,2026-01-23,2026-01-20,3,review_candidate
5515038,5518499,51,21437,100000,2026-01-23,2026-01-22,1,review_candidate
5515310,5515238,20477,24542,150000,2026-01-24,2026-01-20,4,review_candidate
5515330,5526112,2069,15984,100000,2026-01-22,2026-01-21,1,review_candidate
5515381,5513520,193,17892,200000,2026-01-24,2026-01-20,4,review_candidate
5515383,5512788,135,17892,100000,2026-01-24,2026-01-21,3,review_candidate
5515389,5535935,133,17892,100000,2026-01-24,2026-01-20,4,review_candidate
5517696,5528675,14041,21839,100000,2026-01-26,2026-01-23,3,review_candidate
5517745,5528690,14041,20217,100000,2026-01-26,2026-01-23,3,review_candidate
5517753,5528515,4,23118,100000,2026-01-26,2026-01-22,4,review_candidate
5517755,5528669,14041,23118,100000,2026-01-26,2026-01-23,3,review_candidate
5517760,5528681,14041,23423,200000,2026-01-26,2026-01-23,3,review_candidate
5517761,5528660,14041,21437,100000,2026-01-26,2026-01-23,3,review_candidate
5517795,5514173,135,22133,100000,2026-01-22,2026-01-21,1,review_candidate
5518024,5514721,171,19763,75000,2026-01-26,2026-01-20,6,review_candidate
5518027,5527280,21691,22639,25000,2026-01-26,2026-01-20,6,review_candidate
5518047,5511395,51,18284,100000,2026-01-26,2026-01-19,7,review_candidate
5518051,5528667,14041,18284,100000,2026-01-26,2026-01-23,3,review_candidate
5518181,5514176,135,17890,300000,2026-01-26,2026-01-23,3,review_candidate
5518264,5519080,16719,17945,50000,2026-01-06,2026-01-05,1,review_candidate
5518352,5528516,4,23228,100000,2026-01-26,2026-01-22,4,review_candidate
5518355,5519922,125,23228,100000,2026-01-26,2026-01-22,4,review_candidate
5518356,5518501,51,23228,150000,2026-01-26,2026-01-22,4,review_candidate
5518358,5512781,135,23228,200000,2026-01-26,2026-01-21,5,review_candidate
5518359,5535941,133,23228,100000,2026-01-26,2026-01-20,6,review_candidate
5518401,5528663,14041,23071,100000,2026-01-27,2026-01-23,4,review_candidate
5518434,5528658,14041,22133,100000,2026-01-25,2026-01-23,2,review_candidate
5518471,5533276,191,19050,250000,2026-01-26,2026-01-21,5,review_candidate
5519342,5528307,19151,19050,1500000,2026-01-26,2026-01-25,1,review_candidate
5519421,5549856,275,19768,500000,2026-01-21,2026-01-26,5,review_candidate
5519507,5528687,14041,21903,100000,2026-01-26,2026-01-23,3,review_candidate
5519513,5511396,51,21903,100000,2026-01-21,2026-01-19,2,review_candidate
5519810,5616677,39,4680,50000,2026-01-06,2026-01-05,1,review_candidate
5519812,5512386,161,4680,150000,2026-01-06,2026-01-05,1,review_candidate
5519813,5517106,3094,4680,100000,2026-01-06,2025-12-30,7,review_candidate
5520036,5513739,51,19751,100000,2026-01-26,2026-01-21,5,review_candidate
5520043,5517852,4,21729,100000,2026-01-23,2026-01-22,1,review_candidate
5520047,5519926,125,21729,100000,2026-01-23,2026-01-22,1,review_candidate
5520048,5518500,51,21729,150000,2026-01-23,2026-01-22,1,review_candidate
5520056,5512783,135,21729,100000,2026-01-23,2026-01-21,2,review_candidate
5520110,5518485,3889,17326,50000,2026-01-15,2026-01-09,6,review_candidate
5520674,5549853,275,17469,100000,2026-01-27,2026-01-26,1,review_candidate
5520679,5616670,39,17469,500000,2026-01-27,2026-01-22,5,review_candidate
5520680,5528522,4,17469,100000,2026-01-28,2026-01-22,6,review_candidate
5520681,5528694,14041,17469,1000000,2026-01-28,2026-01-23,5,review_candidate
5520696,5528685,14041,17892,100000,2026-01-28,2026-01-23,5,review_candidate
5520780,5519925,125,20255,150000,2026-01-29,2026-01-22,7,review_candidate
5520782,5519924,125,20022,50000,2026-01-29,2026-01-22,7,review_candidate
5520783,5528689,14041,20022,250000,2026-01-29,2026-01-23,6,review_candidate
5521020,5519894,17638,19763,300000,2026-01-28,2026-01-27,1,review_candidate
5523091,5616678,39,23262,100000,2026-01-26,2026-01-22,4,review_candidate
5523628,5528695,14041,19763,1000000,2026-01-29,2026-01-23,6,review_candidate
5523629,5534276,13914,19763,250000,2026-01-29,2026-01-23,6,review_candidate
5523630,5519569,3674,19763,100000,2026-01-29,2026-01-28,1,review_candidate
5523740,5519927,125,17890,100000,2026-01-29,2026-01-26,3,review_candidate
5523748,5518200,13619,23142,75000,2026-01-29,2026-01-26,3,review_candidate
5523876,5513974,4572,18888,500000,2026-01-28,2026-01-22,6,review_candidate
5523877,5528703,14041,18888,250000,2026-01-28,2026-01-23,5,review_candidate
5524113,5513740,51,15519,50000,2026-01-28,2026-01-21,7,review_candidate
5524114,5528521,4,15519,100000,2026-01-28,2026-01-22,6,review_candidate
5524139,5512385,161,18821,100000,2026-01-06,2026-01-05,1,review_candidate
5524150,5518215,13619,18821,75000,2026-01-29,2026-01-26,3,review_candidate
5524151,5519340,51,18821,150000,2026-01-29,2026-01-27,2,review_candidate
5524152,5519929,125,16719,75000,2026-01-29,2026-01-26,3,review_candidate
5524873,5517138,1686,1471,2500000,2026-01-29,2026-01-26,3,review_candidate
5525031,5518198,13619,19763,125000,2026-01-30,2026-01-26,4,review_candidate
5525046,5519175,125,19151,50000,2026-01-22,2026-01-15,7,review_candidate
5525081,5518496,51,15377,150000,2026-01-27,2026-01-22,5,review_candidate
5525082,5512782,135,15377,200000,2026-01-27,2026-01-21,6,review_candidate
5525214,5528705,14041,20272,100000,2026-01-28,2026-01-23,5,review_candidate
5525215,5519923,125,20272,60000,2026-01-28,2026-01-22,6,review_candidate
5525238,5528673,14041,17017,100000,2026-01-28,2026-01-23,5,review_candidate
5525374,5515142,17892,24663,250000,2026-01-27,2026-01-22,5,review_candidate
5525721,5528520,4,20377,100000,2026-01-28,2026-01-22,6,review_candidate
5525725,5528702,14041,20377,100000,2026-01-28,2026-01-23,5,review_candidate
5525742,5534277,13914,20377,100000,2026-01-28,2026-01-23,5,review_candidate
5525824,5516944,134,5152,100000,2026-01-31,2026-01-26,5,review_candidate
5525924,5529734,15808,20209,250000,2026-01-30,2026-01-29,1,review_candidate
5526014,5519899,17638,21903,250000,2026-02-01,2026-01-27,5,review_candidate
5526020,5529732,15808,21903,200000,2026-02-01,2026-01-29,3,review_candidate
5526103,5528671,14041,19151,100000,2026-01-30,2026-01-23,7,review_candidate
5526104,5528656,14041,15984,200000,2026-01-28,2026-01-23,5,review_candidate
5526106,5528692,14041,20209,200000,2026-01-28,2026-01-23,5,review_candidate
5526201,5512044,126,18396,500000,2026-01-21,2026-01-20,1,review_candidate
5526240,5512391,161,18396,500000,2026-01-21,2026-01-20,1,review_candidate
5526251,5519182,125,18396,100000,2026-01-21,2026-01-15,6,review_candidate
5526263,5519895,17638,18396,150000,2026-01-21,2026-01-27,6,review_candidate
5526292,5518213,13619,20099,125000,2026-01-31,2026-01-26,5,review_candidate
5526298,5529737,15808,20099,250000,2026-01-31,2026-01-29,2,review_candidate
5526334,5518196,13619,17469,125000,2026-01-31,2026-01-27,4,review_candidate
5526365,5523825,3428,17892,150000,2026-02-01,2026-01-30,2,review_candidate
5526381,5534278,13914,20144,100000,2026-01-30,2026-01-23,7,review_candidate
5526386,5528652,14041,20144,200000,2026-01-30,2026-01-23,7,review_candidate
5526820,5616679,39,20610,100000,2026-01-23,2026-01-22,1,review_candidate
5526842,5528618,130,20610,100000,2026-01-23,2026-01-21,2,review_candidate
5526940,5518204,13619,4680,125000,2026-01-30,2026-01-26,4,review_candidate
5526949,5528517,4,23464,100000,2026-01-20,2026-01-22,2,review_candidate
5526966,5536705,126,18744,250000,2026-01-20,2026-01-27,7,review_candidate
5526992,5528665,14041,23249,100000,2026-01-28,2026-01-23,5,review_candidate
5527003,5513742,51,18375,150000,2026-01-22,2026-01-21,1,review_candidate
5527027,5537587,20369,16812,100000,2026-01-23,2026-01-16,7,review_candidate
5527031,5616682,39,16812,50000,2026-01-26,2026-01-22,4,review_candidate
5527036,5528514,4,16812,150000,2026-01-30,2026-01-28,2,review_candidate
5527040,5537593,161,16459,100000,2026-01-29,2026-01-23,6,review_candidate
5527043,5528289,3099,16459,250000,2026-01-29,2026-01-26,3,review_candidate
5527076,5534275,13914,24397,100000,2026-01-28,2026-01-23,5,review_candidate
5527088,5519339,51,14046,150000,2026-01-29,2026-01-27,2,review_candidate
5527146,5519176,125,20136,100000,2026-01-21,2026-01-15,6,review_candidate
5527179,5518202,13619,20136,125000,2026-01-29,2026-01-26,3,review_candidate
5527198,5513787,126,19463,250000,2026-01-23,2026-01-21,2,review_candidate
5527203,5519934,125,19463,100000,2026-01-29,2026-01-28,1,review_candidate
5527340,5518214,13619,18462,125000,2026-01-29,2026-01-26,3,review_candidate
5527344,5519341,51,16757,150000,2026-01-30,2026-01-27,3,review_candidate
5527417,5517848,12986,21694,100000,2026-01-28,2026-01-26,2,review_candidate
5527421,5616681,39,21694,150000,2026-01-26,2026-01-22,4,review_candidate
5527422,5537602,161,21694,100000,2026-01-26,2026-01-23,3,review_candidate
5527476,5526165,18396,19369,50000,2026-01-16,2026-01-15,1,review_candidate
5527501,5528701,14041,15483,100000,2026-01-23,2026-01-23,0,review_candidate
5527502,5528518,4,21727,100000,2026-01-26,2026-01-22,4,review_candidate
5527503,5528701,14041,15483,100000,2026-01-26,2026-01-23,3,review_candidate
5527510,5537598,161,21727,100000,2026-01-26,2026-01-23,3,review_candidate
5527512,5536706,126,21727,250000,2026-01-29,2026-01-27,2,review_candidate
5527529,5518203,13619,17625,125000,2026-01-29,2026-01-26,3,review_candidate
5527621,5524635,23704,20790,100000,2026-01-26,2026-01-23,3,review_candidate
5527840,5580491,4016,16015,100000,2026-01-30,2026-01-27,3,review_candidate
5528170,5538793,125,5208,50000,2026-02-02,2026-01-28,5,review_candidate
5528172,5518497,51,21575,100000,2026-01-23,2026-01-22,1,review_candidate
5528195,5528677,14041,21575,100000,2026-01-28,2026-01-23,5,review_candidate
5528201,5518212,13619,21575,100000,2026-01-30,2026-01-26,4,review_candidate
5528249,5519931,125,17995,25000,2026-01-27,2026-01-26,1,review_candidate
5528346,5518201,13619,20209,100000,2026-02-01,2026-01-26,6,review_candidate
5528379,5523847,154,19050,200000,2026-01-31,2026-01-30,1,review_candidate
5528476,5518486,3889,23071,30000,2026-01-30,2026-01-27,3,review_candidate
5528786,5513780,126,23161,250000,2026-01-28,2026-01-21,7,review_candidate
5528795,5528654,14041,22032,200000,2026-01-28,2026-01-23,5,review_candidate
5528796,5528231,2690,22032,350000,2026-01-28,2026-01-22,6,review_candidate
5529399,5514154,21625,17629,87500,2026-01-28,2026-01-23,5,review_candidate
5529452,5528679,14041,21729,1000000,2026-01-28,2026-01-23,5,review_candidate
5529453,5537606,161,21729,200000,2026-01-28,2026-01-23,5,review_candidate
5529458,5529735,15808,21729,250000,2026-01-30,2026-01-29,1,review_candidate
5529535,5501254,80,5724,100000,2026-01-16,2026-01-12,4,review_candidate
5529753,5520711,21775,1524,700000,2026-01-29,2026-01-28,1,review_candidate
5529754,5529975,17995,1524,750000,2026-01-29,2026-02-03,5,review_candidate
5529755,5520037,19751,1524,1000000,2026-01-29,2026-01-28,1,review_candidate
5529826,5529878,24129,20506,10100,2026-02-02,2026-01-30,3,review_candidate
5530596,5529731,15808,21757,200000,2026-02-03,2026-01-29,5,review_candidate
5530988,5528503,23256,21727,35000,2026-01-09,2026-01-07,2,review_candidate
5531070,5560582,15103,19768,250000,2026-02-05,2026-02-02,3,review_candidate
5531238,5529069,23159,24573,114006,2026-02-02,2026-02-01,1,review_candidate
5532345,5556791,3591,19768,25000,2026-02-07,2026-02-03,4,review_candidate
5532346,5529444,18012,19768,20000,2026-02-06,2026-02-04,2,review_candidate
5532382,5528284,15377,2690,2000000,2026-02-05,2026-02-02,3,review_candidate
5532529,5514158,21625,23365,50000,2026-01-28,2026-01-23,5,review_candidate
5534894,5561952,18671,24489,100000,2026-02-10,2026-02-04,6,review_candidate
5535650,5553895,21486,22958,250000,2026-02-09,2026-02-06,3,review_candidate
5537099,5504738,20287,24074,15000,2026-01-13,2026-01-07,6,review_candidate
5537175,5560634,16738,19768,250000,2026-02-12,2026-02-10,2,review_candidate
5539044,5560633,18744,17890,250000,2026-02-16,2026-02-10,6,review_candidate
5541114,5514161,21625,23199,50000,2026-01-28,2026-01-23,5,review_candidate
5547221,5561697,3917,19768,50000,2026-02-19,2026-02-16,3,review_candidate
5547934,5539779,17895,23340,25000,2026-02-19,2026-02-17,2,review_candidate
5548632,5547294,15519,24559,100000,2026-02-19,2026-02-20,1,review_candidate
5548740,5548517,22772,24574,200000,2026-02-23,2026-02-20,3,review_candidate
5548820,5534706,14268,22001,25000,2026-02-02,2026-01-26,7,review_candidate
5550307,5548015,347,24775,500000,2026-02-24,2026-02-22,2,review_candidate
5550335,5571710,6165,18441,200000,2026-02-20,2026-02-17,3,review_candidate
5550540,5547299,21156,24559,10500,2026-02-24,2026-02-20,4,review_candidate
5553587,5579337,3219,23787,40000,2026-02-25,2026-02-20,5,review_candidate
5554015,5528704,14041,24457,100000,2026-01-28,2026-01-23,5,review_candidate
5554406,5572377,20935,24463,50000,2026-02-25,2026-02-27,2,review_candidate
5555599,5557501,21968,24616,80000,2026-02-27,2026-02-24,3,review_candidate
5555650,5540808,20376,20102,25000,2026-02-23,2026-02-19,4,review_candidate
5556928,5573284,191,24463,50000,2026-02-25,2026-02-23,2,review_candidate
5556945,5540010,20790,329,70000,2026-02-17,2026-02-15,2,review_candidate
5557368,5548519,22772,24622,250000,2026-02-23,2026-02-20,3,review_candidate
5559686,5553608,21823,24273,300000,2026-02-27,2026-02-25,2,review_candidate
5563849,5559801,15577,14651,100000,2026-03-06,2026-03-03,3,review_candidate
5563945,5572256,221,12940,450290,2026-03-06,2026-03-03,3,review_candidate
5563946,5596913,102,6032,25000,2026-03-06,2026-03-02,4,review_candidate
5563947,5572253,221,6032,150290,2026-03-06,2026-03-03,3,review_candidate
5564377,5559802,15577,19768,100000,2026-03-07,2026-03-03,4,review_candidate
5564378,5572254,221,19768,300290,2026-03-07,2026-03-03,4,review_candidate
5572395,5572145,23834,22860,139511,2026-02-27,2026-02-23,4,review_candidate
5573201,5589366,3591,24292,50000,2026-03-06,2026-03-02,4,review_candidate
5574568,5590116,24494,6032,150000,2026-03-11,2026-03-09,2,review_candidate
5574641,5586160,20099,19768,125000,2026-03-10,2026-03-11,1,review_candidate
5575380,5573290,80,22639,50000,2026-03-13,2026-03-11,2,review_candidate
5575535,5571486,20022,24848,100000,2026-03-12,2026-03-09,3,review_candidate
5575628,5575101,17623,24542,25000,2026-03-13,2026-03-12,1,review_candidate
5575806,5616666,39,19768,1000000,2026-03-13,2026-03-12,1,review_candidate
5575834,5559799,15577,21519,25000,2026-03-09,2026-03-03,6,review_candidate
5576573,5578924,161,19768,250000,2026-03-12,2026-03-10,2,review_candidate
5576774,5573599,12986,3420,100000,2026-03-14,2026-03-12,2,review_candidate
5576980,5559800,15577,18888,100000,2026-03-10,2026-03-03,7,review_candidate
5576983,5598841,21690,18888,100000,2026-03-10,2026-03-04,6,review_candidate
5577001,5573292,80,18888,50000,2026-03-13,2026-03-11,2,review_candidate
5577021,5559803,15577,24457,50000,2026-03-10,2026-03-03,7,review_candidate
5577108,5586376,23849,21883,25000,2026-03-13,2026-03-10,3,review_candidate
5577295,5537105,20477,24726,350000,2026-02-17,2026-02-12,5,review_candidate
5577620,5590117,24494,22001,150000,2026-03-16,2026-03-09,7,review_candidate
5577933,5573602,12986,4792,5000000,2026-03-16,2026-03-12,4,review_candidate
5578024,5616179,167,20778,75000,2026-03-16,2026-03-12,4,review_candidate
5578145,5573617,3428,24542,100000,2026-03-16,2026-03-12,4,review_candidate
5578210,5578925,161,17890,250000,2026-03-16,2026-03-10,6,review_candidate
5578211,5612263,15577,17890,100000,2026-03-16,2026-03-10,6,review_candidate
5578212,5584427,20136,17890,2500000,2026-03-16,2026-03-12,4,review_candidate
5578287,5576167,1686,18726,50000,2026-03-15,2026-03-14,1,review_candidate
5578288,5572065,19751,18726,50000,2026-03-15,2026-03-10,5,review_candidate
5578839,5572905,4893,21699,50000,2026-03-16,2026-03-11,5,review_candidate
5579631,5622823,113,24761,700000,2026-03-18,2026-03-16,2,review_candidate
5579713,5573616,3428,19050,1000000,2026-03-16,2026-03-12,4,review_candidate
5579715,5622824,113,24616,400000,2026-03-18,2026-03-16,2,review_candidate
5580086,5621074,20369,3420,100000,2026-03-18,2026-03-13,5,review_candidate
5580219,5576610,21903,18284,250000,2026-03-18,2026-03-15,3,review_candidate
5580675,5564833,134,20246,500000,2026-03-16,2026-03-09,7,review_candidate
5580782,5573283,80,19463,100000,2026-03-13,2026-03-11,2,review_candidate
5580783,5572943,126,19463,750000,2026-03-13,2026-03-11,2,review_candidate
5580870,5621263,14041,4792,1500000,2026-03-19,2026-03-18,1,review_candidate
5581698,5589306,299,24574,50000,2026-03-19,2026-03-20,1,review_candidate
5584037,5576786,3420,24647,50000,2026-03-19,2026-03-12,7,review_candidate
5584067,5575100,17623,11927,100000,2026-03-16,2026-03-12,4,review_candidate
5584080,5621071,20369,20217,100000,2026-03-20,2026-03-13,7,review_candidate
5584178,5589765,2690,22280,500000,2026-03-13,2026-03-12,1,review_candidate
5584206,5578561,20255,24622,1000000,2026-03-20,2026-03-17,3,review_candidate
5584383,5571709,6165,20882,250000,2026-02-20,2026-02-17,3,review_candidate
5584391,5573288,80,20882,50000,2026-03-13,2026-03-11,2,review_candidate
5584493,5578064,24129,18455,25000,2026-03-19,2026-03-16,3,review_candidate
5584647,5575103,17623,21602,30000,2026-03-19,2026-03-12,7,review_candidate
5584656,5601629,6165,21544,900000,2026-03-20,2026-03-16,4,review_candidate
5584779,5580474,4,24485,500000,2026-03-21,2026-03-18,3,review_candidate
5584864,5540823,5208,24572,30000,2026-02-21,2026-02-19,2,review_candidate
5584865,5579339,3219,24572,150000,2026-02-23,2026-02-20,3,review_candidate
5584875,5580473,4,24539,300000,2026-03-21,2026-03-18,3,review_candidate
5584949,5578056,24129,14651,10100,2026-03-18,2026-03-16,2,review_candidate
5585202,5578584,5458,21699,400000,2026-03-22,2026-03-17,5,review_candidate
5585543,5625609,16131,18888,75000,2026-03-20,2026-03-17,3,review_candidate
5585651,5573498,21544,21976,50000,2026-03-18,2026-03-11,7,review_candidate
5585722,5622826,113,24446,400000,2026-03-19,2026-03-16,3,review_candidate
5585779,5573600,12986,21883,100000,2026-03-16,2026-03-12,4,review_candidate
5585802,5622825,113,21883,500000,2026-03-19,2026-03-16,3,review_candidate
5586287,5597528,20272,19050,100000,2026-03-23,2026-03-19,4,review_candidate
5586296,5589270,19763,21206,60300,2026-03-22,2026-03-23,1,review_candidate
5586509,5573299,80,20102,50000,2026-03-13,2026-03-11,2,review_candidate
5586855,5595695,21717,23238,5000000,2026-03-23,2026-03-18,5,review_candidate
5588912,5595694,21717,24485,5000000,2026-03-24,2026-03-18,6,review_candidate
5588936,5597536,20272,24542,50000,2026-03-23,2026-03-19,4,review_candidate
5589023,5553611,21823,329,180000,2026-02-27,2026-02-25,2,review_candidate
5589108,5586867,19151,329,600000,2026-03-23,2026-03-21,2,review_candidate
5589212,5612799,191,5458,250000,2026-03-24,2026-03-18,6,review_candidate
5589213,5612784,191,17668,250000,2026-03-24,2026-03-20,4,review_candidate
5589239,5612816,191,19778,500000,2026-03-23,2026-03-18,5,review_candidate
5589439,5612807,191,16508,250000,2026-03-23,2026-03-18,5,review_candidate
5589532,5612804,191,18284,250000,2026-03-24,2026-03-20,4,review_candidate
5589540,5612809,191,22854,250000,2026-03-24,2026-03-20,4,review_candidate
5589541,5612818,191,23228,500000,2026-03-24,2026-03-20,4,review_candidate
5589551,5612787,191,23423,250000,2026-03-24,2026-03-20,4,review_candidate
5589564,5612792,191,19768,1000000,2026-03-24,2026-03-20,4,review_candidate
5589589,5580479,4,17890,500000,2026-03-24,2026-03-18,6,review_candidate
5589625,5580480,4,21839,500000,2026-03-25,2026-03-18,7,review_candidate
5589965,5612782,191,24463,50000,2026-03-24,2026-03-18,6,review_candidate
5590034,5585046,18895,24798,500000,2026-03-23,2026-03-22,1,review_candidate
5590071,5591589,17096,23787,50000,2026-03-13,2026-03-09,4,review_candidate
5590229,5589374,3591,24767,500000,2026-03-25,2026-03-23,2,review_candidate
5590612,5584429,20136,348,100000,2026-03-16,2026-03-12,4,review_candidate
5590672,5610174,16738,19768,250000,2026-03-25,2026-03-23,2,review_candidate
5590673,5595588,275,19768,500000,2026-03-25,2026-03-23,2,review_candidate
5591322,5597550,20272,24795,100000,2026-03-26,2026-03-19,7,review_candidate
5591439,5590098,18672,14651,100000,2026-03-26,2026-03-23,3,review_candidate
5591453,5625613,16131,24074,75000,2026-03-20,2026-03-17,3,review_candidate
5591500,5612265,15577,17890,250000,2026-03-26,2026-03-20,6,review_candidate
5591608,5586138,21437,23071,250000,2026-03-26,2026-03-23,3,review_candidate
5591731,5623070,20502,18726,100000,2026-03-26,2026-03-19,7,review_candidate
5591743,5615934,191,20255,250000,2026-03-27,2026-03-20,7,review_candidate
5591744,5612810,191,20022,500000,2026-03-27,2026-03-20,7,review_candidate
5591901,5623071,20502,24365,100000,2026-03-24,2026-03-19,5,review_candidate
5592289,5589025,17017,24848,1000000,2026-03-17,2026-03-13,4,review_candidate
5592473,5623939,16178,19995,150000,2026-03-28,2026-03-25,3,review_candidate
5592549,5585058,18901,18770,11796,2026-03-29,2026-03-22,7,review_candidate
5592689,5623937,16178,18726,150000,2026-03-29,2026-03-25,4,review_candidate
5592703,5595589,275,17890,1000000,2026-03-28,2026-03-23,5,review_candidate
5592721,5590216,18462,18888,25000,2026-03-24,2026-03-20,4,review_candidate
5592742,5612267,15577,18888,100000,2026-03-26,2026-03-20,6,review_candidate
5593015,5601178,348,21698,25000,2026-03-29,2026-03-29,0,review_candidate
5594651,5589611,17892,24863,100000,2026-03-27,2026-03-24,3,review_candidate
5594656,5591410,21437,24863,200000,2026-03-30,2026-03-26,4,review_candidate
5595795,5623935,16178,3420,700000,2026-03-30,2026-03-25,5,review_candidate
5595797,5595594,275,3420,250000,2026-03-28,2026-03-23,5,review_candidate
5595798,5596919,102,3420,100000,2026-03-28,2026-03-23,5,review_candidate
5595833,5535937,163,19763,100000,2026-01-23,2026-01-19,4,review_candidate
5595836,5601149,348,22639,50000,2026-03-31,2026-03-27,4,review_candidate
5596552,5591876,22854,21823,500000,2026-03-30,2026-03-27,3,review_candidate
5596853,5573598,12986,24854,1000000,2026-03-16,2026-03-12,4,review_candidate
5596872,5619933,20099,24854,50000,2026-03-31,2026-04-02,2,review_candidate
5597069,5637409,3219,20290,500000,2026-03-19,2026-03-16,3,review_candidate
5597103,5606778,2352,20102,500000,2026-03-27,2026-03-23,4,review_candidate
5597191,5559490,14935,20631,100000,2026-03-05,2026-02-26,7,review_candidate
5597201,5590115,24494,20631,150000,2026-03-16,2026-03-09,7,review_candidate
5597289,5578568,20255,21488,500000,2026-03-23,2026-03-17,6,review_candidate
5597427,5597541,20272,24848,50000,2026-04-01,2026-03-25,7,review_candidate
5597441,5622727,24494,24505,150000,2026-03-30,2026-04-02,3,review_candidate
5597546,5597539,20272,21699,100000,2026-03-30,2026-03-25,5,review_candidate
5597682,5583904,21437,24663,50000,2026-03-25,2026-03-19,6,review_candidate
5597842,5593210,4572,3420,1000000,2026-04-02,2026-03-30,3,review_candidate
5597847,5597049,126,3420,500000,2026-04-02,2026-03-30,3,review_candidate
5598598,5595593,275,5152,100000,2026-03-25,2026-03-23,2,review_candidate
5599145,5612812,191,24537,100000,2026-03-24,2026-03-18,6,review_candidate
5599639,5619932,20099,1471,1500000,2026-03-31,2026-04-02,2,review_candidate
5599800,5566938,5785,24371,500000,2026-03-13,2026-03-09,4,review_candidate
5599806,5612819,191,17625,250000,2026-03-23,2026-03-18,5,review_candidate
5600053,5597936,3889,20790,75000,2026-03-31,2026-03-26,5,review_candidate
5600068,5623069,20502,14364,100000,2026-03-25,2026-03-19,6,review_candidate
5600081,5625160,4395,14364,1500000,2026-04-01,2026-03-25,7,review_candidate
5600359,5606768,133,24791,100000,2026-04-03,2026-03-30,4,review_candidate
5600422,5596752,2070,23277,100000,2026-04-02,2026-03-31,2,review_candidate
5600646,5612780,191,24472,100000,2026-03-24,2026-03-18,6,review_candidate
5600935,5613293,18396,17890,1250000,2026-04-03,2026-03-31,3,review_candidate
5600936,5593209,4572,17890,500000,2026-04-03,2026-03-30,4,review_candidate
5601003,5623938,16178,18888,35000,2026-03-31,2026-03-25,6,review_candidate
5601058,5593208,4572,18888,500000,2026-04-03,2026-03-30,4,review_candidate
5601330,5597538,20272,21892,200000,2026-03-30,2026-03-25,5,review_candidate
5601441,5577767,20217,23161,250000,2026-03-19,2026-03-16,3,review_candidate
5601452,5592457,20217,24622,250000,2026-04-03,2026-03-29,5,review_candidate
5601535,5573007,17502,21842,50000,2026-03-16,2026-03-11,5,review_candidate
5601575,5593207,4572,19768,1000000,2026-04-04,2026-03-30,5,review_candidate
5601591,5601514,20209,24613,100000,2026-04-06,2026-04-02,4,review_candidate
5601604,5598478,3917,3420,100000,2026-04-04,2026-03-31,4,review_candidate
5601802,5593106,3865,21823,2000000,2026-04-06,2026-03-30,7,review_candidate
5601803,5595584,20217,21823,500000,2026-04-06,2026-03-31,6,review_candidate
5601803,5621449,20217,21823,500000,2026-04-06,2026-04-13,7,review_candidate
5606255,5622724,24494,6032,250000,2026-04-06,2026-04-02,4,review_candidate
5606321,5598113,16480,19763,500000,2026-04-06,2026-04-02,4,review_candidate
5606435,5623426,21819,14651,500000,2026-04-06,2026-04-01,5,review_candidate
5606726,5606767,133,23071,100000,2026-04-05,2026-03-30,6,review_candidate
5607350,5610182,16459,21914,100000,2026-04-07,2026-04-01,6,review_candidate
5610140,5579874,12986,18555,2500000,2026-03-23,2026-03-18,5,review_candidate
5610196,5598104,16480,16459,100000,2026-04-06,2026-04-02,4,review_candidate
5610260,5572942,126,21727,750000,2026-03-13,2026-03-11,2,review_candidate
5610263,5612800,191,21727,250000,2026-03-23,2026-03-18,5,review_candidate
5610268,5580478,4,21727,250000,2026-03-23,2026-03-18,5,review_candidate
5610270,5595590,275,21727,500000,2026-03-27,2026-03-23,4,review_candidate
5610681,5627180,125,17890,500000,2026-04-07,2026-04-08,1,review_candidate
5610684,5621085,161,17890,1000000,2026-04-07,2026-04-06,1,review_candidate
5610685,5612454,126,17890,500000,2026-04-07,2026-04-06,1,review_candidate
5610686,5601943,154,17890,200000,2026-04-07,2026-04-06,1,review_candidate
5610687,5610447,51,17890,150000,2026-04-07,2026-04-06,1,review_candidate
5610688,5621289,13920,17890,50000,2026-04-07,2026-04-03,4,review_candidate
5611001,5600598,2690,22032,350000,2026-03-30,2026-03-25,5,review_candidate
5611014,5600601,2690,22032,700000,2026-04-07,2026-04-01,6,review_candidate
5611058,5596757,2070,24595,100000,2026-04-02,2026-03-31,2,review_candidate
5611089,5579354,229,24845,500000,2026-03-13,2026-03-09,4,review_candidate
5611224,5593224,4572,1579,851600,2026-04-02,2026-03-30,3,review_candidate
5612055,5624600,14575,17945,50000,2026-04-01,2026-03-31,1,review_candidate
5612064,5612820,191,23464,250000,2026-03-23,2026-03-18,5,review_candidate
5612069,5612637,275,23464,100000,2026-04-06,2026-04-02,4,review_candidate
5612087,5598117,16480,18744,250000,2026-04-06,2026-04-02,4,review_candidate
5612131,5598108,16480,21678,100000,2026-04-06,2026-04-02,4,review_candidate
5612164,5595595,275,18661,500000,2026-03-27,2026-03-23,4,review_candidate
5612165,5598116,16480,18661,500000,2026-04-06,2026-04-02,4,review_candidate
5612399,5583965,23378,18455,25000,2026-03-23,2026-03-20,3,review_candidate
5612498,5612813,191,24400,250000,2026-03-23,2026-03-18,5,review_candidate
5612514,5580477,4,19463,500000,2026-03-23,2026-03-18,5,review_candidate
5612515,5612796,191,19463,500000,2026-03-23,2026-03-18,5,review_candidate
5612538,5596742,10,19463,100000,2026-04-06,2026-04-01,5,review_candidate
5612541,5612632,275,19463,100000,2026-04-06,2026-04-02,4,review_candidate
5612542,5627178,125,19463,250000,2026-04-06,2026-04-08,2,review_candidate
5613016,5598105,22854,24622,100000,2026-04-08,2026-04-02,6,review_candidate
5613017,5601742,22772,24622,150000,2026-04-08,2026-04-06,2,review_candidate
5613372,5625488,221,21767,300290,2026-04-08,2026-04-02,6,review_candidate
5613376,5598103,16480,19751,100000,2026-04-08,2026-04-02,6,review_candidate
5614702,5625492,221,17890,500290,2026-04-09,2026-04-02,7,review_candidate
5614712,5612672,3428,20022,250000,2026-04-09,2026-04-08,1,review_candidate
5614717,5598096,16480,17995,100000,2026-04-09,2026-04-02,7,review_candidate
5615438,5592984,22748,21700,200000,2026-03-24,2026-03-25,1,review_candidate
5615482,5600106,21575,21700,100000,2026-04-07,2026-04-01,6,review_candidate
5615678,5613266,163,3420,50000,2026-04-10,2026-04-07,3,review_candidate
5616338,5601741,22772,24574,50000,2026-04-08,2026-04-06,2,review_candidate
5616559,5573596,12986,24806,100000,2026-03-16,2026-03-12,4,review_candidate
5616579,5597062,20290,16812,50000,2026-03-19,2026-03-14,5,review_candidate
5616593,5606316,19763,16812,500000,2026-04-06,2026-04-04,2,review_candidate
5616791,5595591,275,24397,500000,2026-03-24,2026-03-23,1,review_candidate
5616844,5593219,4572,14046,2500000,2026-03-29,2026-03-30,1,review_candidate
5617126,5595586,275,5208,500000,2026-03-23,2026-03-19,4,review_candidate
5618613,5621086,16719,19768,250000,2026-04-09,2026-04-02,7,review_candidate
5619000,5612634,275,20377,100000,2026-04-06,2026-04-02,4,review_candidate
5619003,5597052,10,20377,100000,2026-04-06,2026-04-01,5,review_candidate
5619061,5601150,348,24484,50000,2026-03-29,2026-03-27,2,review_candidate
5619144,5601740,22772,15684,50000,2026-04-10,2026-04-06,4,review_candidate
5619278,5599569,260,23208,35000,2026-04-06,2026-04-02,4,review_candidate
5619379,5625493,221,24457,50290,2026-04-08,2026-04-02,6,review_candidate
5619514,5625516,3087,21883,100000,2026-04-06,2026-04-02,4,review_candidate
5620001,5601739,22772,21976,100000,2026-04-09,2026-04-06,3,review_candidate
5620041,5613131,16428,21839,200000,2026-04-13,2026-04-08,5,review_candidate
5620044,5619456,191,21839,500000,2026-04-13,2026-04-08,5,review_candidate
5620101,5597937,3889,14183,100000,2026-04-06,2026-04-02,4,review_candidate
5620103,5597960,14531,14183,50000,2026-04-06,2026-04-02,4,review_candidate
5620255,5625100,24388,21770,350000,2026-04-09,2026-04-08,1,review_candidate
5620917,5623074,20502,24365,500000,2026-04-09,2026-04-03,6,review_candidate
5620947,5612635,275,22699,100000,2026-04-06,2026-04-02,4,review_candidate
5621042,5601624,6165,18968,250000,2026-03-18,2026-03-16,2,review_candidate
5621123,5612805,191,16719,500000,2026-03-22,2026-03-17,5,review_candidate
5621339,5613132,16428,3420,200000,2026-04-13,2026-04-08,5,review_candidate
5621342,5619452,191,3420,500000,2026-04-13,2026-04-08,5,review_candidate
5621396,5625161,4395,24640,300000,2026-03-31,2026-03-25,6,review_candidate
5621409,5595789,80,24640,100000,2026-04-07,2026-03-31,7,review_candidate
5621607,5651436,175,24855,1900000,2026-04-13,2026-04-10,3,review_candidate
5621700,5601942,154,17892,150000,2026-04-09,2026-04-06,3,review_candidate
5622337,5625384,5214,12940,1000000,2026-04-13,2026-04-09,4,review_candidate
5622416,5613142,16428,24791,150000,2026-04-13,2026-04-08,5,review_candidate
5622521,5625125,20136,24572,30000,2026-04-08,2026-04-07,1,review_candidate
5622561,5601170,348,24572,50000,2026-03-29,2026-03-27,2,review_candidate
5622684,5618237,126,20255,500000,2026-04-13,2026-04-09,4,review_candidate
5623085,5580319,134,18375,250000,2026-03-26,2026-03-19,7,review_candidate
5623252,5600495,18895,24616,25000,2026-04-09,2026-04-05,4,review_candidate
5623262,5612988,2352,24616,250000,2026-04-12,2026-04-08,4,review_candidate
5623745,5598079,16480,20287,500000,2026-04-06,2026-04-02,4,review_candidate
5623923,5625624,16131,18441,500000,2026-04-14,2026-04-07,7,review_candidate
5623933,5623427,21819,18441,500000,2026-04-06,2026-04-01,5,review_candidate
5623947,5595786,80,18441,50000,2026-04-06,2026-03-30,7,review_candidate
5623949,5621698,18284,24863,250000,2026-04-14,2026-04-13,1,review_candidate
5623950,5619458,191,17892,250000,2026-04-14,2026-04-08,6,review_candidate
5623960,5621290,13920,24613,75000,2026-04-06,2026-04-03,3,review_candidate
5624264,5622316,3591,24766,250000,2026-04-13,2026-04-09,4,review_candidate
5625080,5612638,275,17625,500000,2026-04-13,2026-04-08,5,review_candidate
5625103,5598076,16480,18555,500000,2026-04-06,2026-04-02,4,review_candidate
5625154,5612440,153,4792,650000,2026-04-13,2026-04-07,6,review_candidate
5625404,5626805,3698,19463,25000,2026-04-09,2026-04-14,5,review_candidate
5625437,5606320,19763,18821,50000,2026-04-08,2026-04-04,4,review_candidate
5625438,5598100,16480,18821,100000,2026-04-06,2026-04-02,4,review_candidate
5625456,5598110,16480,23140,100000,2026-04-06,2026-04-02,4,review_candidate
5625477,5627176,125,21727,100000,2026-04-06,2026-04-08,2,review_candidate
5625479,5597051,10,21727,100000,2026-04-06,2026-04-01,5,review_candidate
5625484,5613082,3674,21727,150000,2026-04-13,2026-04-08,5,review_candidate
5625574,5622309,3591,18397,100000,2026-03-31,2026-03-29,2,review_candidate
5625587,5594740,16953,18397,50000,2026-04-03,2026-03-30,4,review_candidate
5625639,5612636,275,24400,100000,2026-04-06,2026-04-02,4,review_candidate
5625642,5610161,20096,15348,50000,2026-04-09,2026-04-06,3,review_candidate
5625644,5612457,126,15348,500000,2026-04-09,2026-04-06,3,review_candidate
5625740,5612633,275,16508,100000,2026-04-06,2026-04-02,4,review_candidate
5625815,5598112,16480,20290,250000,2026-04-06,2026-04-02,4,review_candidate
5626003,5626017,21094,24537,500000,2026-04-08,2026-04-07,1,review_candidate
5626570,5616668,39,19995,1000000,2026-04-13,2026-04-09,4,review_candidate
5626828,5613213,4556,17890,100000,2026-04-14,2026-04-09,5,review_candidate
5626837,5627188,125,21839,100000,2026-04-15,2026-04-13,2,review_candidate
5626838,5615277,187,17890,50000,2026-04-14,2026-04-09,5,review_candidate
5626983,5627193,4747,19050,1000000,2026-04-13,2026-04-14,1,review_candidate
5627017,5625494,221,14364,250290,2026-04-08,2026-04-02,6,review_candidate
5627344,5626018,21094,24472,500000,2026-04-08,2026-04-07,1,review_candidate
5627408,5618236,126,18744,500000,2026-04-13,2026-04-09,4,review_candidate
5627718,5606719,18895,17090,20000,2026-04-11,2026-04-07,4,review_candidate
5628314,5618238,126,20144,100000,2026-04-16,2026-04-10,6,review_candidate
5628342,5614161,23228,24848,1000000,2026-04-14,2026-04-09,5,review_candidate
5628489,5622835,113,18455,100000,2026-04-16,2026-04-14,2,review_candidate
5629652,5625165,142,24761,1000000,2026-04-15,2026-04-14,1,review_candidate
5629783,5613140,16428,21892,150000,2026-04-15,2026-04-08,7,review_candidate
5629794,5613144,16428,20246,150000,2026-04-15,2026-04-08,7,review_candidate
5629795,5627985,26,19768,100000,2026-04-14,2026-04-13,1,review_candidate
5629800,5620941,54,19768,250000,2026-04-14,2026-04-09,5,review_candidate
5629801,5621107,161,19768,750000,2026-04-14,2026-04-13,1,review_candidate
5629991,5634060,193,1524,41500,2026-04-17,2026-04-14,3,review_candidate
5630015,5612624,2352,24798,500000,2026-04-13,2026-04-08,5,review_candidate
5630280,5622830,113,24452,200000,2026-04-16,2026-04-14,2,review_candidate
5631344,5622829,113,19751,100000,2026-04-17,2026-04-14,3,review_candidate
5631436,5642880,21903,21699,50000,2026-04-17,2026-04-24,7,review_candidate
5631443,5627190,125,19768,100000,2026-04-15,2026-04-13,2,review_candidate
5632114,5632649,306,24509,100000,2026-04-19,2026-04-20,1,review_candidate
5632135,5631512,152,17890,1000000,2026-04-18,2026-04-13,5,review_candidate
5632137,5634704,21953,17890,500000,2026-04-18,2026-04-14,4,review_candidate
5632232,5632313,6165,24457,3000000,2026-04-15,2026-04-14,1,review_candidate
5632233,5621115,16719,24457,100000,2026-04-15,2026-04-13,2,review_candidate
5632378,5625162,142,21883,690000,2026-04-15,2026-04-14,1,review_candidate
5632471,5630275,24452,24831,25000,2026-04-17,2026-04-15,2,review_candidate
5632651,5620967,12848,11927,1000000,2026-04-13,2026-04-08,5,review_candidate
5632680,5629777,117,3420,150000,2026-04-20,2026-04-15,5,review_candidate
5632952,5621448,20217,24863,250000,2026-04-20,2026-04-13,7,review_candidate
5632957,5635892,18385,24863,250000,2026-04-20,2026-04-15,5,review_candidate
5633191,5631511,152,24400,250000,2026-04-16,2026-04-13,3,review_candidate
5633428,5642833,17469,1524,10000000,2026-04-20,2026-04-22,2,review_candidate
5633460,5632518,20376,24616,100000,2026-04-20,2026-04-16,4,review_candidate
5633529,5626861,17654,24726,2500000,2026-04-13,2026-04-08,5,review_candidate
5633633,5637491,21150,24382,20000,2026-04-18,2026-04-15,3,review_candidate
5633858,5625369,16073,15684,100000,2026-04-17,2026-04-13,4,review_candidate
5633893,5628583,161,19995,200000,2026-04-20,2026-04-16,4,review_candidate
5633894,5636462,275,19995,100000,2026-04-20,2026-04-16,4,review_candidate
5633978,5632578,191,24791,1000000,2026-04-20,2026-04-15,5,review_candidate
5633979,5632984,23249,24791,100000,2026-04-20,2026-04-17,3,review_candidate
5633993,5635938,21575,24463,100000,2026-04-20,2026-04-16,4,review_candidate
5634155,5632048,1686,18726,50000,2026-04-19,2026-04-18,1,review_candidate
5634160,5635472,349,379,250000,2026-04-20,2026-04-22,2,review_candidate
5634220,5633498,21819,19768,500000,2026-04-20,2026-04-16,4,review_candidate
5634229,5635339,22249,24572,50000,2026-04-21,2026-04-18,3,review_candidate
5634252,5629640,126,24613,350000,2026-04-18,2026-04-15,3,review_candidate
5634315,5620321,39,21694,100000,2026-04-16,2026-04-13,3,review_candidate
5634557,5601178,348,21698,25000,2026-03-29,2026-03-29,0,review_candidate
5634685,5618112,117,18661,100000,2026-04-14,2026-04-08,6,review_candidate
5634688,5620320,39,18661,250000,2026-04-16,2026-04-13,3,review_candidate
5634830,5622832,113,18555,200000,2026-04-16,2026-04-14,2,review_candidate
5634896,5629639,126,20209,500000,2026-04-18,2026-04-15,3,review_candidate
5635119,5597047,126,17892,250000,2026-04-03,2026-03-31,3,review_candidate
5635241,5632791,20272,21892,100000,2026-04-17,2026-04-15,2,review_candidate
5635687,5630223,14012,22680,500000,2026-04-16,2026-04-13,3,review_candidate
5635708,5631513,152,21727,250000,2026-04-15,2026-04-13,2,review_candidate
5635715,5626889,3698,21727,25000,2026-04-15,2026-04-14,1,review_candidate
5635721,5613215,4556,21727,100000,2026-04-15,2026-04-09,6,review_candidate
5635723,5615276,187,21727,50000,2026-04-15,2026-04-09,6,review_candidate
5636137,5630307,5785,24633,50000,2026-04-22,2026-04-17,5,review_candidate
5636138,5641376,17638,18284,150000,2026-04-22,2026-04-20,2,review_candidate
5636435,5635607,21150,21655,30000,2026-04-20,2026-04-15,5,review_candidate
5636608,5635212,5458,21699,500000,2026-04-23,2026-04-22,1,review_candidate
5636619,5636459,275,19466,100000,2026-04-17,2026-04-16,1,review_candidate
5637796,5641383,17638,17890,150000,2026-04-23,2026-04-20,3,review_candidate
5637797,5635345,2480,17890,250000,2026-04-23,2026-04-22,1,review_candidate
5637799,5630397,66,17890,250000,2026-04-23,2026-04-17,6,review_candidate
5637801,5641901,16459,17890,100000,2026-04-23,2026-04-20,3,review_candidate
5637824,5635942,21575,24791,100000,2026-04-23,2026-04-16,7,review_candidate
5637976,5630305,5785,14183,1500000,2026-04-24,2026-04-17,7,review_candidate
5638015,5627222,21575,24663,100000,2026-04-15,2026-04-09,6,review_candidate
5638070,5630029,16459,353,200000,2026-04-23,2026-04-16,7,review_candidate
5638098,5622398,22854,24663,200000,2026-04-17,2026-04-13,4,review_candidate
5638334,5641332,142,24761,1150000,2026-04-21,2026-04-20,1,review_candidate
5638400,5636674,229,20597,250000,2026-04-20,2026-04-16,4,review_candidate
5638416,5633499,21819,20597,500000,2026-04-20,2026-04-16,4,review_candidate
5638545,5619956,338,22280,50000,2026-04-20,2026-04-13,7,review_candidate
5638550,5630399,66,1471,250000,2026-04-23,2026-04-17,6,review_candidate
5638905,5635613,21150,24365,30000,2026-04-21,2026-04-16,5,review_candidate
5638911,5634136,20610,24365,25000,2026-04-24,2026-04-21,3,review_candidate
5639173,5646258,5207,19768,2000000,2026-04-24,2026-04-23,1,review_candidate
5639232,5636677,229,24845,110000,2026-04-23,2026-04-16,7,review_candidate
5639275,5636368,12986,19995,250000,2026-04-25,2026-04-23,2,review_candidate
5639276,5635160,19751,19995,100000,2026-04-25,2026-04-21,4,review_candidate
5639341,5641382,17638,20209,500000,2026-04-23,2026-04-20,3,review_candidate
5639342,5635317,2480,20209,100000,2026-04-23,2026-04-22,1,review_candidate
5639349,5636465,275,20209,250000,2026-04-23,2026-04-21,2,review_candidate
5639388,5645580,14942,24539,250000,2026-04-25,2026-04-22,3,review_candidate
5639429,5639479,11927,307,200000,2026-04-23,2026-04-22,1,review_candidate
5639430,5641059,19351,307,200000,2026-04-23,2026-04-22,1,review_candidate
5639491,5633500,21819,24640,500000,2026-04-23,2026-04-17,6,review_candidate
5639514,5643153,102,22023,25000,2026-04-25,2026-04-21,4,review_candidate
5640179,5634575,221,17890,500290,2026-04-25,2026-04-21,4,review_candidate
5640181,5636666,16981,17890,150000,2026-04-25,2026-04-22,3,review_candidate
5640685,5629382,24362,24969,510000,2026-04-20,2026-04-16,4,review_candidate
5640692,5641377,17638,17668,150000,2026-04-23,2026-04-20,3,review_candidate
5640714,5636055,298,23423,150000,2026-04-25,2026-04-22,3,review_candidate
5640751,5641374,17638,21757,250000,2026-04-23,2026-04-20,3,review_candidate
5640897,5629399,21437,24650,150000,2026-04-23,2026-04-16,7,review_candidate
5640940,5632666,11927,416,400000,2026-04-20,2026-04-15,5,review_candidate
5641005,5635333,2480,3420,150000,2026-04-25,2026-04-22,3,review_candidate
5641307,5636374,12986,4792,10000000,2026-04-27,2026-04-23,4,review_candidate
5641587,5636371,12986,18821,500000,2026-04-27,2026-04-23,4,review_candidate
5641906,5635158,19751,1524,1000000,2026-04-27,2026-04-21,6,review_candidate
5642220,5635941,18396,1471,2500000,2026-04-27,2026-04-22,5,review_candidate
5642260,5636466,275,20287,100000,2026-04-23,2026-04-21,2,review_candidate
5642263,5636369,12986,20287,2000000,2026-04-27,2026-04-23,4,review_candidate
5642333,5642789,193,22680,250000,2026-04-24,2026-04-21,3,review_candidate
5642360,5636670,229,14364,250000,2026-04-23,2026-04-16,7,review_candidate
5642362,5633501,21819,14364,500000,2026-04-23,2026-04-17,6,review_candidate
5642365,5637403,3219,14364,150000,2026-04-23,2026-04-17,6,review_candidate
5642901,5642306,13,23071,100000,2026-04-28,2026-04-22,6,review_candidate
5642976,5643149,102,14651,60000,2026-04-24,2026-04-21,3,review_candidate
5643052,5636467,275,17945,100000,2026-04-23,2026-04-21,2,review_candidate
5643377,5635406,21823,21861,250000,2026-04-23,2026-04-21,2,review_candidate
5643435,5634135,20610,21655,25000,2026-04-23,2026-04-21,2,review_candidate
5643454,5635944,21575,19050,250000,2026-04-28,2026-04-22,6,review_candidate
5643518,5639335,17892,24539,100000,2026-04-28,2026-04-24,4,review_candidate
5643532,5661241,212,24696,50000,2026-04-28,2026-04-27,1,review_candidate
5643535,5658692,20272,23423,100000,2026-04-28,2026-05-02,4,review_candidate
5643551,5643151,102,24457,25000,2026-04-28,2026-04-21,7,review_candidate
5643673,5644003,4,23228,500000,2026-04-28,2026-04-27,1,review_candidate
5643673,5650719,4,23228,500000,2026-04-28,2026-04-27,1,review_candidate
5643725,5629776,135,24663,200000,2026-04-24,2026-04-17,7,review_candidate
5643781,5638751,117,20144,100000,2026-04-25,2026-04-21,4,review_candidate
5643856,5642676,16541,20790,1000000,2026-04-28,2026-04-27,1,review_candidate
5643981,5643142,102,20597,60000,2026-04-27,2026-04-21,6,review_candidate
5644055,5650446,17469,1524,5000000,2026-04-28,2026-04-30,2,review_candidate
5644056,5640656,19763,1524,15500000,2026-04-29,2026-04-26,3,review_candidate
5644104,5636370,12986,24854,6767414,2026-04-27,2026-04-23,4,review_candidate
5644219,5640431,13914,21727,500000,2026-04-27,2026-04-23,4,review_candidate
5644247,5640429,13914,19463,500000,2026-04-27,2026-04-23,4,review_candidate
5645147,5640436,13914,24400,200000,2026-04-27,2026-04-23,4,review_candidate
5645635,5635804,3428,24863,200000,2026-04-26,2026-04-22,4,review_candidate
5645637,5639337,17892,24863,300000,2026-04-26,2026-04-24,2,review_candidate
5645640,5640428,13914,24863,250000,2026-04-29,2026-04-23,6,review_candidate
5645751,5643338,19369,24521,25000,2026-04-27,2026-04-22,5,review_candidate
5645877,5644000,4,20255,100000,2026-04-29,2026-04-27,2,review_candidate
5645877,5650720,4,20255,100000,2026-04-29,2026-04-27,2,review_candidate
5646093,5641210,197,3420,250000,2026-04-30,2026-04-27,3,review_candidate
5646260,5645993,126,23423,250000,2026-04-30,2026-04-29,1,review_candidate
5646571,5643997,4,18661,100000,2026-04-28,2026-04-23,5,review_candidate
5646575,5635340,2480,18661,100000,2026-04-23,2026-04-22,1,review_candidate
5646579,5635744,10,18661,100000,2026-04-23,2026-04-22,1,review_candidate
5647230,5636749,1869,23028,25000,2026-04-29,2026-04-23,6,review_candidate
5647236,5634572,221,21655,150290,2026-04-24,2026-04-21,3,review_candidate
5647406,5653524,39,1686,500000,2026-04-30,2026-04-29,1,review_candidate
5647407,5645976,275,1686,250000,2026-04-30,2026-04-29,1,review_candidate
5647411,5646245,4016,1686,100000,2026-04-30,2026-04-28,2,review_candidate
5647414,5650222,2731,1686,25000,2026-04-30,2026-04-27,3,review_candidate
5647470,5640433,13914,17890,250000,2026-04-28,2026-04-23,5,review_candidate
5647471,5642003,171,17890,35000,2026-04-28,2026-04-23,5,review_candidate
5647474,5640617,153,17890,100000,2026-04-28,2026-04-24,4,review_candidate
5647475,5641194,197,17890,250000,2026-04-28,2026-04-27,1,review_candidate
5647476,5638282,18375,17890,50000,2026-04-28,2026-04-24,4,review_candidate
5648006,5641312,19000,24045,11892,2026-04-24,2026-04-27,3,review_candidate
5648018,5643835,33,24761,1000000,2026-05-01,2026-04-28,3,review_candidate
5648036,5642781,18895,24798,350000,2026-05-01,2026-04-28,3,review_candidate
5648162,5638026,126,19768,500000,2026-04-28,2026-04-24,4,review_candidate
5648194,5652225,14041,19768,100000,2026-05-01,2026-04-28,3,review_candidate
5648199,5641205,197,19768,100000,2026-05-01,2026-04-27,4,review_candidate
5648362,5652229,14041,14651,100000,2026-05-01,2026-04-28,3,review_candidate
5648371,5634567,221,18441,150290,2026-04-27,2026-04-21,6,review_candidate
5648374,5643147,102,18441,25000,2026-04-28,2026-04-21,7,review_candidate
5648392,5636372,12986,20209,250000,2026-04-28,2026-04-23,5,review_candidate
5648393,5637820,51,20209,150000,2026-04-28,2026-04-23,5,review_candidate
5648399,5640434,13914,20209,250000,2026-04-30,2026-04-23,7,review_candidate
5648514,5650724,4,21729,500000,2026-05-01,2026-04-27,4,review_candidate
5648586,5652227,14041,24791,100000,2026-05-01,2026-04-28,3,review_candidate
5648640,5634574,221,5152,500290,2026-04-27,2026-04-21,6,review_candidate
5648701,5657872,19151,19050,1500000,2026-05-01,2026-04-30,1,review_candidate
5648794,5641207,197,24848,100000,2026-05-02,2026-04-27,5,review_candidate
5648796,5641204,197,21699,250000,2026-05-02,2026-04-27,5,review_candidate
5649068,5667718,60,18726,135000,2026-05-03,2026-05-01,2,review_candidate
5649072,5652223,14041,19751,100000,2026-05-03,2026-04-28,5,review_candidate
5649158,5636748,1869,23365,25000,2026-04-28,2026-04-23,5,review_candidate
5649184,5653625,21690,18888,50000,2026-05-02,2026-04-29,3,review_candidate
5649199,5636747,1869,23208,25000,2026-04-28,2026-04-23,5,review_candidate
5649308,5651827,21819,24457,500000,2026-05-01,2026-04-28,3,review_candidate
5649350,5642890,23228,24848,700000,2026-05-02,2026-04-28,4,review_candidate
5649388,5643832,33,20258,50300,2026-05-04,2026-04-28,6,review_candidate
5649665,5649527,191,20022,250000,2026-05-04,2026-04-27,7,review_candidate
5649667,5650725,4,20022,100000,2026-05-04,2026-04-27,7,review_candidate
5649705,5643651,3674,3420,100000,2026-05-01,2026-04-27,4,review_candidate
5649757,5652222,14041,17668,250000,2026-05-01,2026-04-28,3,review_candidate
5649793,5653569,3917,17890,100000,2026-05-03,2026-04-29,4,review_candidate
5649796,5652219,14041,17890,200000,2026-05-03,2026-04-28,5,review_candidate
5649799,5651825,21819,17890,500000,2026-05-03,2026-04-28,5,review_candidate
5649800,5643058,21819,18888,300000,2026-04-28,2026-04-24,4,review_candidate
5649802,5637410,2480,18888,50000,2026-04-28,2026-04-23,5,review_candidate
5649880,5647504,3931,21839,100000,2026-05-04,2026-04-30,4,review_candidate
5650059,5650384,20709,23140,25000,2026-04-29,2026-04-22,7,review_candidate
5650129,5643839,33,20102,500300,2026-05-01,2026-04-28,3,review_candidate
5650290,5640427,13914,24397,100000,2026-04-27,2026-04-23,4,review_candidate
5650295,5651191,23723,24397,15000,2026-05-01,2026-04-27,4,review_candidate
5650339,5643657,3674,17625,200000,2026-05-01,2026-04-27,4,review_candidate
5650418,5653528,39,20287,1000000,2026-05-04,2026-04-29,5,review_candidate
5650603,5652472,618,22909,192000,2026-05-04,2026-05-01,3,review_candidate
5650712,5653529,39,25011,4000000,2026-05-02,2026-05-01,1,review_candidate
5650733,5647503,3931,3420,250000,2026-05-04,2026-04-30,4,review_candidate
5650750,5650073,3087,24484,100000,2026-05-02,2026-04-28,4,review_candidate
5650772,5643837,33,24484,150300,2026-05-04,2026-04-28,6,review_candidate
5650772,5653094,33,24484,150300,2026-05-04,2026-04-30,4,review_candidate
5650775,5643870,4213,24484,50000,2026-05-04,2026-04-29,5,review_candidate
5650884,5652221,14041,18396,1000000,2026-05-04,2026-04-28,6,review_candidate
5650888,5647492,3931,18396,500000,2026-05-04,2026-04-30,4,review_candidate
5650936,5649526,191,19768,500000,2026-05-01,2026-04-27,4,review_candidate
5651134,5652218,14041,24485,200000,2026-05-05,2026-04-28,7,review_candidate
5651241,5652182,161,1686,100000,2026-05-02,2026-04-30,2,review_candidate
5651265,5647493,3931,1686,250000,2026-05-04,2026-04-30,4,review_candidate
5651519,5643652,3674,20144,100000,2026-05-03,2026-04-27,6,review_candidate
5651521,5641206,197,20144,250000,2026-05-03,2026-04-27,6,review_candidate
5651612,5658639,3591,17890,100000,2026-05-05,2026-05-02,3,review_candidate
5651615,5649644,133,17890,100000,2026-05-05,2026-04-28,7,review_candidate
5651619,5658754,13,17890,100000,2026-05-05,2026-05-02,3,review_candidate
5651768,5640437,13914,23464,100000,2026-04-29,2026-04-23,6,review_candidate
5651779,5648657,5152,1524,2500000,2026-05-04,2026-04-29,5,review_candidate
5651832,5634264,2480,21819,1100000,2026-04-28,2026-04-21,7,review_candidate
5652152,5647505,3931,20290,100000,2026-05-04,2026-04-30,4,review_candidate
5652360,5640432,13914,24613,200000,2026-04-28,2026-04-23,5,review_candidate
5652438,5667715,60,21771,135000,2026-05-05,2026-05-01,4,review_candidate
5653163,5651834,22471,24621,100000,2026-05-04,2026-04-28,6,review_candidate
5653178,5643491,17892,22958,100000,2026-05-01,2026-04-24,7,review_candidate
5653204,5649650,228,20022,150000,2026-05-06,2026-04-29,7,review_candidate
5653213,5654804,17638,19768,100000,2026-05-05,2026-04-30,5,review_candidate
5653224,5648215,15255,19768,100000,2026-05-06,2026-04-30,6,review_candidate
5653368,5640553,20709,24761,25000,2026-04-21,2026-04-22,1,review_candidate
5653449,5647496,3931,18744,250000,2026-05-04,2026-04-30,4,review_candidate
5653489,5640552,20709,20287,10100,2026-04-21,2026-04-22,1,review_candidate
5653767,5641190,197,16508,250000,2026-04-30,2026-04-27,3,review_candidate
5653773,5647500,3931,16508,250000,2026-05-04,2026-04-30,4,review_candidate
5653777,5653527,39,16508,527200,2026-05-04,2026-04-29,5,review_candidate
5653779,5643645,3674,16508,100000,2026-05-04,2026-04-27,7,review_candidate
5653825,5643830,33,18555,1500000,2026-05-01,2026-04-28,3,review_candidate
5653832,5641193,197,19463,250000,2026-04-30,2026-04-27,3,review_candidate
5653833,5640619,153,19463,100000,2026-04-30,2026-04-24,6,review_candidate
5653860,5643655,3674,19463,200000,2026-05-02,2026-04-27,5,review_candidate
5654312,5661380,16588,18441,50000,2026-04-30,2026-05-06,6,review_candidate
5654564,5651523,142,24446,300000,2026-04-30,2026-04-28,2,review_candidate
5654594,5657701,20209,1471,1000000,2026-05-07,2026-05-06,1,review_candidate
5654673,5648057,19778,24967,50000,2026-05-06,2026-05-01,5,review_candidate
5654837,5643838,33,20506,50300,2026-05-01,2026-04-28,3,review_candidate
5656048,5658768,13,19463,100000,2026-05-06,2026-05-02,4,review_candidate
5656049,5660184,4,19463,500000,2026-05-07,2026-05-04,3,review_candidate
5656081,5665014,19151,19050,1000000,2026-05-07,2026-05-04,3,review_candidate
5656380,5653088,33,24521,500000,2026-05-07,2026-05-05,2,review_candidate
5656538,5651746,54,20790,100000,2026-05-05,2026-04-28,7,review_candidate
5656539,5652224,14041,20790,100000,2026-05-05,2026-04-28,7,review_candidate
5656693,5658320,23704,24650,300000,2026-05-07,2026-05-02,5,review_candidate
5656738,5653089,33,18726,250000,2026-05-08,2026-05-05,3,review_candidate
5656860,5643368,16719,353,200000,2026-05-04,2026-04-27,7,review_candidate
5656861,5648132,1471,353,3532500,2026-05-05,2026-05-01,4,review_candidate
5657064,5643648,3674,18661,100000,2026-05-01,2026-04-27,4,review_candidate
5657066,5647502,3931,18661,250000,2026-05-07,2026-04-30,7,review_candidate
5657067,5653100,33,18661,450000,2026-05-07,2026-05-05,2,review_candidate
5657070,5649648,228,18661,150000,2026-05-06,2026-04-29,7,review_candidate
5657436,5656032,23140,16812,25000,2026-05-08,2026-05-07,1,review_candidate
5657458,5660755,2352,24761,2500000,2026-05-07,2026-05-06,1,review_candidate
5657501,5652684,113,24616,200000,2026-05-08,2026-05-05,3,review_candidate
5657572,5660086,20136,1471,1000000,2026-05-08,2026-05-07,1,review_candidate
5657665,5643414,2480,18397,100000,2026-05-04,2026-04-28,6,review_candidate
5657878,5655991,24439,24681,150000,2026-05-06,2026-05-04,2,review_candidate
5657916,5646000,126,24613,150000,2026-05-05,2026-04-30,5,review_candidate
5657943,5655995,24439,24679,150000,2026-05-06,2026-05-04,2,review_candidate
5658500,5656434,16882,23355,500000,2026-05-09,2026-05-08,1,review_candidate
5658530,5647501,3931,19763,250000,2026-05-05,2026-04-30,5,review_candidate
5658690,5659858,13920,19768,75000,2026-05-09,2026-05-06,3,review_candidate
5658944,5646265,3428,2690,250000,2026-05-02,2026-04-28,4,review_candidate
5659163,5657659,161,17890,1000000,2026-05-09,2026-05-08,1,review_candidate
5659299,5645992,126,20246,250000,2026-05-04,2026-04-29,5,review_candidate
5659299,5656528,126,20246,250000,2026-05-04,2026-05-07,3,review_candidate
5659315,5652220,14041,20246,200000,2026-05-05,2026-04-28,7,review_candidate
5659319,5658638,3591,20246,250000,2026-05-05,2026-05-02,3,review_candidate
5659366,5643876,4213,20258,100000,2026-05-06,2026-04-29,7,review_candidate
5659751,5652606,11,3420,100000,2026-05-11,2026-05-06,5,review_candidate
5659755,5653279,125,3420,250000,2026-05-09,2026-05-04,5,review_candidate
5659786,5647498,3931,20610,250000,2026-05-04,2026-04-30,4,review_candidate
5659837,5653278,125,24791,50000,2026-05-11,2026-05-04,7,review_candidate
5659912,5646184,2480,20882,25000,2026-05-04,2026-04-30,4,review_candidate
5659937,5659599,163,13997,50000,2026-05-05,2026-05-06,1,review_candidate
5659941,5645978,275,13997,100000,2026-05-05,2026-04-29,6,review_candidate
5659953,5661253,16719,16623,200000,2026-05-08,2026-05-05,3,review_candidate
5659959,5649117,1670,16623,20000,2026-05-11,2026-05-04,7,review_candidate
5660094,5659600,163,20136,50000,2026-05-05,2026-05-06,1,review_candidate
5660100,5645977,275,20136,250000,2026-05-05,2026-04-29,6,review_candidate
5660101,5646243,4016,20136,100000,2026-05-05,2026-04-28,7,review_candidate
5660108,5652192,161,20136,500000,2026-05-05,2026-05-04,1,review_candidate
5660146,5660238,5528,20102,154966,2026-05-11,2026-05-07,4,review_candidate
5660242,5652688,113,5528,1000000,2026-05-08,2026-05-05,3,review_candidate
5660315,5652228,14041,18441,100000,2026-05-04,2026-04-28,6,review_candidate
5660359,5652190,161,17469,500000,2026-05-06,2026-05-04,2,review_candidate
5660362,5654510,17220,24521,150000,2026-05-11,2026-05-06,5,review_candidate
5660797,5657687,24371,24365,100000,2026-05-11,2026-05-07,4,review_candidate
5660839,5660754,2352,24365,250000,2026-05-11,2026-05-06,5,review_candidate
5660848,5654234,5214,24365,600000,2026-05-11,2026-05-06,5,review_candidate
5660897,5663441,14041,19768,200000,2026-05-11,2026-05-07,4,review_candidate
5660909,5656836,125,17469,100000,2026-05-12,2026-05-07,5,review_candidate
5661278,5645979,275,14515,100000,2026-05-05,2026-04-29,6,review_candidate
5661286,5654547,17220,19995,250000,2026-05-10,2026-05-06,4,review_candidate
5661338,5657153,142,25011,900000,2026-05-08,2026-05-06,2,review_candidate
5661368,5648061,19778,24484,25000,2026-05-08,2026-05-01,7,review_candidate
5661392,5650950,22854,342,50000,2026-05-08,2026-05-05,3,review_candidate
5661404,5656828,125,17892,100000,2026-05-12,2026-05-07,5,review_candidate
5661660,5658818,2069,379,250000,2026-05-12,2026-05-06,6,review_candidate
5661717,5659094,191,24542,1000000,2026-05-08,2026-05-04,4,review_candidate
5661792,5658929,12916,19050,50000,2026-05-12,2026-05-06,6,review_candidate
5662023,5649824,10,15577,60000,2026-05-07,2026-04-30,7,review_candidate
5662223,5651996,21878,18821,20000,2026-05-07,2026-05-03,4,review_candidate
5662234,5654545,17220,18821,100000,2026-05-09,2026-05-06,3,review_candidate
5662263,5662183,33,16015,100000,2026-05-12,2026-05-11,1,review_candidate
5662288,5659602,133,19463,200000,2026-05-12,2026-05-11,1,review_candidate
5662294,5662187,33,19463,100000,2026-05-12,2026-05-11,1,review_candidate
5662295,5662184,33,16508,100000,2026-05-12,2026-05-11,1,review_candidate
5662676,5663966,60,19995,210000,2026-05-13,2026-05-11,2,review_candidate
5662714,5662978,191,19768,2000000,2026-05-13,2026-05-11,2,review_candidate
5662715,5662022,15577,19768,100000,2026-05-13,2026-05-08,5,review_candidate
5662717,5659991,24829,19768,20000,2026-05-13,2026-05-08,5,review_candidate
5662994,5663669,19555,17890,200000,2026-05-13,2026-05-08,5,review_candidate
5663323,5657131,142,24761,1945000,2026-05-07,2026-05-06,1,review_candidate
5663333,5662188,33,16812,450000,2026-05-12,2026-05-11,1,review_candidate
5663384,5654546,17220,24397,250000,2026-05-11,2026-05-06,5,review_candidate
5663491,5660557,4572,18555,2500000,2026-05-14,2026-05-11,3,review_candidate
5663504,5659651,3428,23238,250000,2026-05-14,2026-05-11,3,review_candidate
5663704,5654512,17220,21678,100000,2026-05-11,2026-05-06,5,review_candidate
5663769,5642411,24287,21827,250000,2026-04-29,2026-04-22,7,review_candidate
5663806,5656512,3073,24726,3000000,2026-05-14,2026-05-08,6,review_candidate
5664013,5660549,5207,17890,500000,2026-05-14,2026-05-07,7,review_candidate
5664014,5661049,4572,17890,1000000,2026-05-14,2026-05-11,3,review_candidate
5664047,5661127,2480,23253,150000,2026-05-14,2026-05-12,2,review_candidate
5664197,5660211,618,24605,200000,2026-05-12,2026-05-07,5,review_candidate
5664230,5663127,23386,24485,29249,2026-05-15,2026-05-14,1,review_candidate
5664538,5658637,21757,1524,700000,2026-05-11,2026-05-06,5,review_candidate
5664542,5665376,2069,18744,200000,2026-05-15,2026-05-09,6,review_candidate
5664584,5654540,17220,24616,100000,2026-05-09,2026-05-06,3,review_candidate
5664640,5657937,24679,24388,150000,2026-05-05,2026-05-04,1,review_candidate
5664646,5665497,2069,18397,250000,2026-05-15,2026-05-11,4,review_candidate
5664779,5661031,4572,16623,250000,2026-05-14,2026-05-11,3,review_candidate
5664853,5663345,16459,19995,100000,2026-05-14,2026-05-12,2,review_candidate
5664981,5662977,191,21602,200000,2026-05-15,2026-05-11,4,review_candidate
5665013,5669676,24463,21094,200000,2026-05-08,2026-05-14,6,review_candidate
5665065,5663096,4747,22958,250000,2026-05-11,2026-05-07,4,review_candidate
5665254,5665500,2069,23787,100000,2026-05-15,2026-05-11,4,review_candidate
5665258,5656928,3428,21575,200000,2026-05-11,2026-05-08,3,review_candidate
5665283,5665041,19151,20597,200000,2026-05-11,2026-05-05,6,review_candidate
5665290,5665397,2069,20597,200000,2026-05-15,2026-05-11,4,review_candidate
5665326,5657702,20209,24613,100000,2026-05-14,2026-05-07,7,review_candidate
5665403,5665498,2069,14651,150000,2026-05-15,2026-05-09,6,review_candidate
5665552,5663151,12986,24639,200000,2026-05-17,2026-05-14,3,review_candidate
5665696,5663453,20309,24484,66700,2026-05-15,2026-05-12,3,review_candidate
5665714,5669178,39,25011,1500000,2026-05-15,2026-05-13,2,review_candidate
5665715,5663571,142,25011,600000,2026-05-15,2026-05-12,3,review_candidate
5665808,5654548,17220,24446,500000,2026-05-11,2026-05-06,5,review_candidate
5666027,5663457,20309,21883,50000,2026-05-15,2026-05-12,3,review_candidate
5666028,5662181,33,21883,500000,2026-05-15,2026-05-12,3,review_candidate
5666264,5653039,21717,20246,1500000,2026-05-11,2026-05-05,6,review_candidate
5666268,5656528,126,20246,250000,2026-05-11,2026-05-07,4,review_candidate
5666282,5662976,191,20246,250000,2026-05-15,2026-05-11,4,review_candidate
5666310,5657462,23253,14183,200000,2026-05-14,2026-05-08,6,review_candidate
5666341,5671945,20272,24647,50000,2026-05-14,2026-05-15,1,review_candidate
5666343,5655988,2480,24640,50000,2026-05-11,2026-05-07,4,review_candidate
5666378,5665396,2069,24640,150000,2026-05-15,2026-05-11,4,review_candidate
5666470,5661406,17892,24791,100000,2026-05-16,2026-05-12,4,review_candidate
5666472,5662550,3889,21700,50000,2026-05-14,2026-05-13,1,review_candidate
5666558,5665365,2069,21727,200000,2026-05-15,2026-05-09,6,review_candidate
5666561,5661250,161,18821,100000,2026-05-12,2026-05-11,1,review_candidate
5666610,5665147,51,19768,50000,2026-05-17,2026-05-15,2,review_candidate
5666615,5661053,4572,19768,500000,2026-05-17,2026-05-11,6,review_candidate
5666748,5662549,3889,24663,50000,2026-05-18,2026-05-13,5,review_candidate
5666781,5665374,2069,20144,200000,2026-05-15,2026-05-09,6,review_candidate
5667122,5661051,4572,18744,1000000,2026-05-16,2026-05-11,5,review_candidate
5667308,5661627,26,4792,200000,2026-05-13,2026-05-11,2,review_candidate
5667309,5662695,51,4792,100000,2026-05-13,2026-05-12,1,review_candidate
5667311,5663671,19555,4792,500000,2026-05-13,2026-05-08,5,review_candidate
5667313,5668149,14490,4792,250000,2026-05-13,2026-05-12,1,review_candidate
5667394,5660559,4572,20882,100000,2026-05-14,2026-05-11,3,review_candidate
5667443,5664272,113,24446,300000,2026-05-18,2026-05-15,3,review_candidate
5667503,5663353,21819,18888,200000,2026-05-18,2026-05-13,5,review_candidate
5667622,5665360,2069,17890,500000,2026-05-15,2026-05-09,6,review_candidate
5667625,5662979,191,17890,1000000,2026-05-15,2026-05-11,4,review_candidate
5667690,5661046,4572,18441,100000,2026-05-18,2026-05-11,7,review_candidate
5667699,5660938,4572,20209,250000,2026-05-18,2026-05-11,7,review_candidate
5667760,5657132,142,21883,510000,2026-05-12,2026-05-07,5,review_candidate
5667888,5665398,2069,14364,200000,2026-05-15,2026-05-11,4,review_candidate
5667962,5663455,20309,21698,33300,2026-05-18,2026-05-12,6,review_candidate
5668053,5665361,2069,19463,200000,2026-05-15,2026-05-09,6,review_candidate
5668093,5654549,17220,17945,150000,2026-05-12,2026-05-06,6,review_candidate
5668175,5654265,26,23423,50000,2026-05-11,2026-05-06,5,review_candidate
5668263,5656167,304,24365,100000,2026-05-14,2026-05-07,7,review_candidate
5668418,5661047,4572,5208,2500000,2026-05-14,2026-05-11,3,review_candidate
5668658,5669676,24463,21094,200000,2026-05-19,2026-05-14,5,review_candidate
5668679,5697503,22471,24621,100000,2026-05-19,2026-05-18,1,review_candidate
5668836,5660555,4572,1579,851600,2026-05-14,2026-05-11,3,review_candidate
5668865,5660552,12986,21883,500000,2026-05-14,2026-05-12,2,review_candidate
5668871,5668204,142,21883,150000,2026-05-18,2026-05-14,4,review_candidate
5669576,5665364,2069,23161,200000,2026-05-15,2026-05-09,6,review_candidate
5669629,5656834,20597,294,25000,2026-05-15,2026-05-08,7,review_candidate
5669642,5663580,142,21883,500000,2026-05-13,2026-05-12,1,review_candidate
5669671,5664262,2793,24463,100000,2026-05-19,2026-05-15,4,review_candidate
5670139,5666060,20376,21757,50000,2026-05-19,2026-05-16,3,review_candidate
5670166,5663253,17220,24761,300000,2026-05-20,2026-05-14,6,review_candidate
5670393,5666055,20376,24616,50000,2026-05-18,2026-05-14,4,review_candidate
5670423,5665363,2069,19778,200000,2026-05-15,2026-05-09,6,review_candidate
5670443,5666159,5528,24452,154966,2026-05-18,2026-05-15,3,review_candidate
5670467,5665501,2069,23578,25000,2026-05-15,2026-05-11,4,review_candidate
5670507,5665368,2069,17625,150000,2026-05-15,2026-05-09,6,review_candidate
5670512,5661041,4572,18968,100000,2026-05-14,2026-05-11,3,review_candidate
5670527,5668203,142,18555,250000,2026-05-15,2026-05-14,1,review_candidate
5670917,5651520,18895,24808,20000,2026-05-08,2026-05-05,3,review_candidate
5671767,5669180,39,18821,250000,2026-05-21,2026-05-18,3,review_candidate
5671768,5667997,17668,18821,25000,2026-05-22,2026-05-19,3,review_candidate
5671916,5671324,126,19763,500000,2026-05-22,2026-05-21,1,review_candidate
5672977,5670274,19280,24967,10100,2026-05-21,2026-05-19,2,review_candidate
5673043,5669181,39,24446,250000,2026-05-20,2026-05-18,2,review_candidate
5674685,5705472,3591,4792,150000,2026-05-27,2026-05-31,4,review_candidate
5678044,5674760,3889,24510,75000,2026-05-22,2026-05-20,2,review_candidate
5678186,5663576,14012,21206,30000,2026-05-08,2026-05-07,1,review_candidate
5678772,5681248,4,24485,200000,2026-05-30,2026-05-28,2,review_candidate
5678792,5678805,15409,25020,124900,2026-05-29,2026-05-30,1,review_candidate
5679265,5673449,4572,24457,250000,2026-05-31,2026-05-26,5,review_candidate
5679364,5678138,21839,24406,300000,2026-06-01,2026-05-29,3,review_candidate
5679550,5673202,15616,24622,122384,2026-05-26,2026-05-22,4,review_candidate
5679608,5678090,22748,24969,72663,2026-05-29,2026-05-28,1,review_candidate
5679807,5678823,17890,1471,7494070,2026-05-22,2026-05-20,2,review_candidate
5679828,5677829,18396,20287,1000000,2026-05-25,2026-05-26,1,review_candidate
5679956,5671661,249,24770,300000,2026-05-28,2026-05-22,6,review_candidate
5680154,5697141,298,23423,100000,2026-06-01,2026-05-27,5,review_candidate
5680406,5700104,17638,19763,250000,2026-06-01,2026-05-28,4,review_candidate
5681422,5697143,298,19050,100000,2026-06-03,2026-05-27,7,review_candidate
5682038,5685434,117,1686,150000,2026-06-04,2026-06-01,3,review_candidate
5682153,5686370,14268,12940,100000,2026-06-05,2026-05-29,7,review_candidate
5683286,5686546,142,21883,250000,2026-06-01,2026-05-28,4,review_candidate
5683334,5687925,16719,24521,500000,2026-06-05,2026-06-01,4,review_candidate
5683360,5611986,15103,24572,50000,2026-03-15,2026-03-11,4,review_candidate
5683375,5683232,21602,24542,241280,2026-06-06,2026-06-05,1,review_candidate
5683877,5703739,20209,24613,200000,2026-06-04,2026-06-03,1,review_candidate
5684249,5681668,23228,24485,1500000,2026-06-08,2026-06-04,4,review_candidate
5684325,5664023,321,21903,50000,2026-05-21,2026-05-14,7,review_candidate
5684560,5673668,19463,353,200000,2026-05-27,2026-05-21,6,review_candidate
5684575,5679123,17892,21352,100000,2026-05-31,2026-05-28,3,review_candidate
5684685,5700677,24371,20377,50000,2026-06-08,2026-06-01,7,review_candidate
5684692,5699898,275,20377,250000,2026-06-08,2026-06-04,4,review_candidate
5684709,5622833,113,24559,200000,2026-04-17,2026-04-14,3,review_candidate
5684710,5686134,19763,20377,250000,2026-06-08,2026-06-09,1,review_candidate
5685175,5700679,24371,24382,50000,2026-06-05,2026-06-01,4,review_candidate
5686879,5683251,51,18396,250000,2026-06-11,2026-06-05,6,review_candidate
5686882,5699904,275,18396,1000000,2026-06-08,2026-06-04,4,review_candidate
5686889,5683965,133,18396,500000,2026-06-08,2026-06-03,5,review_candidate
5686894,5681916,125,18396,100000,2026-06-08,2026-06-04,4,review_candidate
5687147,5683251,51,18396,250000,2026-06-08,2026-06-05,3,review_candidate
5687544,5697142,298,24510,100000,2026-06-02,2026-05-27,6,review_candidate
5687940,5692959,18888,20102,22400,2026-06-01,2026-05-29,3,review_candidate
5690129,5697852,117,17469,250000,2026-06-16,2026-06-18,2,review_candidate
5693722,5693900,2690,22032,350000,2026-06-05,2026-06-01,4,review_candidate
5693880,5699178,16459,24521,100000,2026-06-19,2026-06-15,4,review_candidate
5694020,5700096,17638,21678,150000,2026-05-28,2026-05-28,0,review_candidate
5694028,5700096,17638,21678,150000,2026-05-25,2026-05-28,3,review_candidate
5694240,5686320,320,25024,60000,2026-06-15,2026-06-12,3,review_candidate
5694476,5677816,20377,21842,50000,2026-05-25,2026-05-27,2,review_candidate
5697018,5697236,19763,22194,50000,2026-06-19,2026-06-20,1,review_candidate
5697198,5699179,16459,17995,100000,2026-06-21,2026-06-15,6,review_candidate
5698710,5697900,191,24814,250000,2026-06-15,2026-06-09,6,review_candidate
5699186,5681439,51,16459,100000,2026-06-01,2026-06-02,1,review_candidate
5699334,5697851,11,24791,100000,2026-06-24,2026-06-22,2,review_candidate
5699347,5697856,11,5458,100000,2026-06-24,2026-06-22,2,review_candidate
5699366,5701834,126,21839,250000,2026-06-25,2026-06-24,1,review_candidate
5699367,5699917,275,21839,100000,2026-06-25,2026-06-24,1,review_candidate
5699368,5710065,133,21839,500000,2026-06-25,2026-06-24,1,review_candidate
5699371,5697855,11,21839,100000,2026-06-25,2026-06-22,3,review_candidate
5700091,5693906,2690,22280,500000,2026-06-16,2026-06-11,5,review_candidate
5700449,5699896,275,21694,250000,2026-06-01,2026-05-28,4,review_candidate
5700549,5699908,275,18744,250000,2026-06-22,2026-06-18,4,review_candidate
5700550,5713690,4,18744,100000,2026-06-22,2026-06-24,2,review_candidate
5700718,5700614,5214,1579,182200,2026-06-22,2026-06-22,0,review_candidate
5700718,5700615,5214,1579,182200,2026-06-22,2026-06-22,0,review_candidate
5700719,5700614,5214,1579,182200,2026-06-22,2026-06-22,0,review_candidate
5700719,5700615,5214,1579,182200,2026-06-22,2026-06-22,0,review_candidate
5700720,5690192,4572,1579,425800,2026-06-22,2026-06-17,5,review_candidate
5701760,5699108,12986,4792,25000000,2026-06-25,2026-06-24,1,review_candidate
5701773,5699899,4572,4792,40000000,2026-06-26,2026-06-25,1,review_candidate
5701975,5693992,21678,17643,25000,2026-06-04,2026-06-08,4,review_candidate
5702394,5700045,26,19995,50000,2026-06-24,2026-06-21,3,review_candidate
5703328,5699880,19742,21084,32000,2026-06-28,2026-06-25,3,review_candidate
5703342,5703985,175,24791,500000,2026-06-26,2026-06-25,1,review_candidate
5703699,5733444,22699,24613,50000,2026-06-29,2026-06-25,4,review_candidate
5703732,5701833,126,20209,500000,2026-06-23,2026-06-22,1,review_candidate
5703797,5725957,3781,5152,50000,2026-06-27,2026-06-26,1,review_candidate
5703988,5713691,4,21575,100000,2026-06-25,2026-06-24,1,review_candidate
5703989,5697853,11,21575,100000,2026-06-25,2026-06-22,3,review_candidate
5703990,5710062,163,21575,50000,2026-06-25,2026-06-24,1,review_candidate
5703995,5701018,51,23228,150000,2026-06-30,2026-06-25,5,review_candidate
5703996,5710688,125,23228,100000,2026-06-30,2026-06-24,6,review_candidate
5704395,5698460,4572,23432,250000,2026-06-26,2026-06-23,3,review_candidate
5704481,5703731,20209,20287,50000,2026-06-23,2026-06-22,1,review_candidate
5704506,5699106,18401,20287,100000,2026-06-29,2026-06-24,5,review_candidate
5705904,5686976,23238,24510,500000,2026-06-18,2026-06-13,5,review_candidate
5705908,5697847,11,24510,100000,2026-06-25,2026-06-22,3,review_candidate
5705918,5710067,133,24510,500000,2026-06-25,2026-06-24,1,review_candidate
5706311,5699914,275,24650,100000,2026-06-29,2026-06-24,5,review_candidate
5706912,5713684,102,18396,250000,2026-06-26,2026-06-19,7,review_candidate
5707159,5697846,11,21861,100000,2026-06-25,2026-06-22,3,review_candidate
5707163,5699912,275,21861,100000,2026-06-25,2026-06-24,1,review_candidate
5707189,5699916,275,24521,100000,2026-07-01,2026-06-24,7,review_candidate
5707218,5701844,19369,353,10000,2026-06-22,2026-06-15,7,review_candidate
5707220,5704646,4792,353,10000000,2026-06-30,2026-06-29,1,review_candidate
5707238,5703484,23238,24273,300000,2026-06-30,2026-06-29,1,review_candidate
5707266,5733497,22392,24952,50000,2026-06-29,2026-06-23,6,review_candidate
5708019,5708543,19763,17995,100000,2026-07-02,2026-06-26,6,review_candidate
5708079,5735524,161,23228,500000,2026-07-02,2026-06-29,3,review_candidate
5708704,5687516,20258,24572,200000,2026-06-09,2026-06-11,2,review_candidate
5709521,5702435,21156,18726,100000,2026-07-03,2026-06-27,6,review_candidate
5709798,5709724,17892,24510,300000,2026-07-02,2026-06-26,6,review_candidate
5709805,5705774,51,24650,100000,2026-07-03,2026-06-30,3,review_candidate
5710075,5725959,3781,20099,50000,2026-07-01,2026-06-26,5,review_candidate
5710162,5723410,21717,24485,1500000,2026-07-07,2026-06-30,7,review_candidate
5710862,5735345,353,339,91300,2026-07-08,2026-07-03,5,review_candidate
5711076,5708735,18441,22194,10100,2026-07-08,2026-07-03,5,review_candidate
5712329,5697854,11,17892,100000,2026-06-26,2026-06-22,4,review_candidate
5712373,5699910,275,17892,100000,2026-06-26,2026-06-24,2,review_candidate
5712374,5786993,147,17892,100000,2026-06-26,2026-06-24,2,review_candidate
5716396,5708736,18441,24572,50000,2026-07-04,2026-07-03,1,review_candidate
5716524,5726332,314,17668,200000,2026-07-10,2026-07-07,3,review_candidate
5717800,5725955,3781,18821,50000,2026-06-29,2026-06-26,3,review_candidate
5718110,5735410,4,19763,100000,2026-07-08,2026-07-06,2,review_candidate
5718738,5723137,347,15984,200000,2026-07-09,2026-07-06,3,review_candidate
5718781,5717456,21727,24521,50000,2026-07-13,2026-07-06,7,review_candidate
5718941,5705758,18895,21842,300000,2026-07-06,2026-07-01,5,review_candidate
5719786,5706989,17997,4792,150000,2026-07-06,2026-07-01,5,review_candidate
5721483,5737435,307,19050,500000,2026-07-13,2026-07-07,6,review_candidate
5721688,5721074,191,17890,500000,2026-06-30,2026-06-25,5,review_candidate
5721797,5732064,51,1471,250000,2026-07-13,2026-07-08,5,review_candidate
5721893,5735340,353,337,60000,2026-07-08,2026-07-03,5,review_candidate
5721968,5739641,275,17625,500000,2026-07-09,2026-07-08,1,review_candidate
5721969,5735545,161,17625,250000,2026-07-09,2026-07-08,1,review_candidate
5721970,5726487,175,17625,100000,2026-07-09,2026-07-07,2,review_candidate
5722776,5721945,17625,1524,4000000,2026-07-08,2026-07-07,1,review_candidate
5722778,5718506,21775,1524,700000,2026-07-13,2026-07-09,4,review_candidate
5722779,5718038,17995,1524,400000,2026-07-15,2026-07-11,4,review_candidate
5726109,5721465,4573,20290,106200,2026-07-02,2026-07-09,7,review_candidate
5726645,5739646,275,23228,500000,2026-07-16,2026-07-13,3,review_candidate
5726646,5760727,163,23228,50000,2026-07-16,2026-07-15,1,review_candidate
5727553,5769942,3591,24510,250000,2026-07-17,2026-07-20,3,review_candidate
5727569,5765803,17638,22133,250000,2026-07-17,2026-07-14,3,review_candidate
5728534,5723419,21717,23238,1500000,2026-07-18,2026-07-15,3,review_candidate
5728694,5717708,5214,19995,250000,2026-07-06,2026-07-01,5,review_candidate
5729084,5735343,353,291,66072,2026-07-10,2026-07-03,7,review_candidate
5729151,5735554,161,20209,250000,2026-07-16,2026-07-14,2,review_candidate
5732093,5727307,18895,21842,100000,2026-07-20,2026-07-17,3,review_candidate
5732121,5721952,17625,1524,1000000,2026-07-16,2026-07-14,2,review_candidate
5732124,5726100,20290,1524,1000000,2026-07-16,2026-07-13,3,review_candidate
5732148,5709950,21914,24808,100000,2026-07-06,2026-06-30,6,review_candidate
5732231,5718029,18895,18821,400000,2026-07-15,2026-07-11,4,review_candidate
5732262,5735542,161,20136,250000,2026-07-09,2026-07-08,1,review_candidate
5732267,5739642,275,20136,500000,2026-07-09,2026-07-08,1,review_candidate
5732270,5726489,175,20136,100000,2026-07-09,2026-07-07,2,review_candidate
5732537,5699182,16459,24613,100000,2026-06-29,2026-06-23,6,review_candidate
5733477,5722541,33,18744,1500000,2026-07-13,2026-07-09,4,review_candidate
5733753,5727550,4572,1579,425800,2026-07-20,2026-07-17,3,review_candidate
5735158,5733685,24693,12688,100000,2026-07-22,2026-07-19,3,review_candidate
5735660,5709686,20209,20377,100000,2026-07-06,2026-07-01,5,review_candidate
5735716,5710191,197,20246,250000,2026-07-08,2026-07-07,1,review_candidate
5735718,5710774,126,20246,500000,2026-07-08,2026-07-07,1,review_candidate
5735719,5726490,175,20246,500000,2026-07-08,2026-07-07,1,review_candidate
5735734,5733682,16428,24485,1000000,2026-07-24,2026-07-22,2,review_candidate
5735809,5726579,21437,16986,500000,2026-07-23,2026-07-16,7,review_candidate
5735839,5765067,39,16690,100000,2026-07-20,2026-07-15,5,review_candidate
5735883,5706896,3781,16459,50000,2026-06-29,2026-06-26,3,review_candidate
5735886,5735547,161,16459,1000000,2026-07-13,2026-07-10,3,review_candidate
5735892,5698470,4572,24397,250000,2026-06-26,2026-06-23,3,review_candidate
5735980,5722568,33,21694,350000,2026-07-13,2026-07-09,4,review_candidate
5735993,5771051,4572,21694,1000000,2026-07-23,2026-07-16,7,review_candidate
5736080,5700988,23142,22032,250000,2026-07-01,2026-06-26,5,review_candidate
5737138,5752643,24382,24365,40000,2026-07-16,2026-07-15,1,review_candidate
5737229,5737438,19151,19050,2500000,2026-07-24,2026-07-25,1,review_candidate
5737570,5773809,4556,21729,250000,2026-07-17,2026-07-15,2,review_candidate
5737584,5739645,275,21729,500000,2026-07-17,2026-07-13,4,review_candidate
5737605,5760726,163,21729,50000,2026-07-17,2026-07-15,2,review_candidate
5737719,5705696,24293,25042,110934,2026-07-02,2026-06-30,2,review_candidate
5737723,5729140,197,17668,250000,2026-07-21,2026-07-19,2,review_candidate
5738229,5765061,39,21775,100000,2026-07-17,2026-07-15,2,review_candidate
5738469,5761248,18703,21839,25000,2026-07-27,2026-07-23,4,review_candidate
5738805,5729511,3674,18396,500000,2026-07-24,2026-07-20,4,review_candidate
5738846,5735643,17469,1524,5000000,2026-07-23,2026-07-22,1,review_candidate
5738849,5733644,19751,1524,1000000,2026-07-27,2026-07-20,7,review_candidate
5738869,5729509,3674,1471,500000,2026-07-23,2026-07-20,3,review_candidate
5738881,5735544,23140,23028,25000,2026-06-25,2026-06-25,0,review_candidate
5738925,5735544,23140,23028,25000,2026-06-25,2026-06-25,0,review_candidate
5739015,5765806,17638,23118,100000,2026-07-27,2026-07-21,6,review_candidate
5739186,5737384,17458,18726,50000,2026-07-27,2026-07-25,2,review_candidate
5739213,5768293,175,19050,4032100,2026-07-24,2026-07-21,3,review_candidate
5739236,5755508,2690,21488,1500000,2026-07-28,2026-07-23,5,review_candidate
5745129,5733410,2717,15984,100000,2026-07-24,2026-07-21,3,review_candidate
5745130,5733412,126,15984,500000,2026-07-24,2026-07-21,3,review_candidate
5745623,5766491,33,4792,25000000,2026-07-29,2026-07-28,1,review_candidate
5747010,5745122,24365,24952,70000,2026-07-31,2026-07-28,3,review_candidate
5747052,5744784,2480,17469,300000,2026-07-30,2026-07-29,1,review_candidate
5747413,5705731,18895,20287,300000,2026-07-06,2026-07-01,5,review_candidate
5747453,5770258,20376,20287,500000,2026-07-31,2026-07-28,3,review_candidate
5747609,5703791,21578,252,58302,2026-07-02,2026-06-29,3,review_candidate
5747697,5757964,23285,22066,500000,2026-07-30,2026-08-04,5,review_candidate
5747910,5733440,2480,19763,250000,2026-07-22,2026-07-21,1,review_candidate
5747913,5743677,126,19763,1000000,2026-07-28,2026-07-27,1,review_candidate
5747915,5743667,2717,19763,250000,2026-07-28,2026-07-27,1,review_candidate
5747926,5721547,193,23228,250000,2026-07-16,2026-07-09,7,review_candidate
5751879,5765805,17638,18284,250000,2026-07-27,2026-07-21,6,review_candidate
5751968,5745181,22216,19050,125570,2026-08-03,2026-07-30,4,review_candidate
5751983,5743680,21717,24791,4000000,2026-08-03,2026-07-29,5,review_candidate
5752306,5765078,39,17995,100000,2026-08-04,2026-07-29,6,review_candidate
5753162,5739643,275,20610,400000,2026-07-13,2026-07-08,5,review_candidate
5753164,5722536,33,20610,500000,2026-07-17,2026-07-13,4,review_candidate
5753166,5764788,19555,20610,100000,2026-07-18,2026-07-14,4,review_candidate
5754243,5752087,197,17995,50000,2026-08-05,2026-08-04,1,review_candidate
5754298,5760687,117,23228,100000,2026-08-05,2026-07-30,6,review_candidate
5754828,5784257,24727,24510,50000,2026-08-05,2026-08-02,3,review_candidate
5754890,5766498,33,4792,15000000,2026-08-06,2026-08-12,6,review_candidate
5754890,5766499,33,4792,15000000,2026-08-06,2026-08-06,0,review_candidate
5754918,5760249,21691,24521,25000,2026-07-31,2026-07-29,2,review_candidate
5754962,5751865,19763,24521,250000,2026-08-02,2026-07-30,3,review_candidate
5755174,5732516,19763,24572,30000,2026-07-19,2026-07-15,4,review_candidate
5755184,5728498,21698,24572,50000,2026-07-19,2026-07-17,2,review_candidate
5755362,5765079,39,18284,100000,2026-08-06,2026-08-03,3,review_candidate
5755367,5748297,16953,17995,50000,2026-08-06,2026-08-02,4,review_candidate
5755369,5708081,23228,2690,5000000,2026-07-07,2026-07-02,5,review_candidate
5755450,5735717,17668,314,15000,2026-07-29,2026-07-24,5,review_candidate
5755485,5751798,12986,17469,1000000,2026-08-06,2026-08-03,3,review_candidate
5755638,5759462,19369,353,10000,2026-07-21,2026-07-15,6,review_candidate
5755643,5742587,14046,353,2500000,2026-07-28,2026-07-23,5,review_candidate
5755722,5801860,4,24485,100000,2026-08-07,2026-08-06,1,review_candidate
5755728,5761261,51,24485,200000,2026-08-07,2026-08-06,1,review_candidate
5755739,5744842,23238,379,50000,2026-08-05,2026-07-29,7,review_candidate
5755743,5751804,12986,24521,100000,2026-08-07,2026-08-03,4,review_candidate
5755845,5784506,22251,1524,50000,2026-08-04,2026-08-10,6,review_candidate
5755922,5758662,20376,1471,1000000,2026-08-05,2026-08-04,1,review_candidate
5755928,5751791,12986,16757,1000000,2026-08-06,2026-08-03,3,review_candidate
5755969,5717434,19466,25083,20000,2026-07-15,2026-07-09,6,review_candidate
5757794,5751806,12986,5208,500000,2026-08-06,2026-08-03,3,review_candidate
5757830,5726000,4572,17625,500000,2026-07-23,2026-07-16,7,review_candidate
5757914,5769979,3591,15132,60300,2026-08-03,2026-07-27,7,review_candidate
5758023,5751788,12986,19763,1000000,2026-08-07,2026-08-03,4,review_candidate
5758079,5774539,12986,17668,100000,2026-08-08,2026-08-06,2,review_candidate
5758106,5716547,5458,24855,200000,2026-07-17,2026-07-10,7,review_candidate
5758132,5752142,19774,23526,20000,2026-08-07,2026-08-04,3,review_candidate
5758140,5752979,274,17469,50000,2026-08-08,2026-08-04,4,review_candidate
5758141,5752975,4328,17469,50000,2026-08-08,2026-08-04,4,review_candidate
5758152,5760250,21691,19995,50000,2026-08-07,2026-08-04,3,review_candidate
5758231,5801862,4,21903,100000,2026-08-09,2026-08-06,3,review_candidate
5758233,5761262,51,21903,150000,2026-08-09,2026-08-06,3,review_candidate
5758365,5774509,12986,19751,100000,2026-08-08,2026-08-06,2,review_candidate
5758366,5765080,39,19751,250000,2026-08-08,2026-08-03,5,review_candidate
5758796,5767456,4573,24967,106200,2026-08-04,2026-08-05,1,review_candidate
5758841,5787497,2717,24650,100000,2026-08-03,2026-08-02,1,review_candidate
5758876,5745158,126,24650,250000,2026-08-03,2026-07-30,4,review_candidate
5759480,5751795,12986,18821,1000000,2026-08-06,2026-08-03,3,review_candidate
5759538,5747719,19242,18821,28239,2026-08-06,2026-07-31,6,review_candidate
5759580,5753068,2717,15348,100000,2026-08-07,2026-08-05,2,review_candidate
5759581,5753000,126,15348,250000,2026-08-07,2026-08-05,2,review_candidate
5760254,5732066,51,21691,250000,2026-07-20,2026-07-17,3,review_candidate
5760256,5774536,12986,21691,100000,2026-08-10,2026-08-06,4,review_candidate
5760263,5755366,17995,1524,600000,2026-08-10,2026-08-06,4,review_candidate
5760543,5755793,2717,18396,500000,2026-08-07,2026-08-06,1,review_candidate
5760544,5751807,12986,18396,1000000,2026-08-07,2026-08-03,4,review_candidate
5760700,5774076,12986,20099,100000,2026-08-10,2026-08-06,4,review_candidate
5760907,5735556,161,21861,200000,2026-07-27,2026-07-23,4,review_candidate
5760912,5787499,2717,21861,100000,2026-07-30,2026-08-02,3,review_candidate
5761226,5760371,18396,19466,100000,2026-08-10,2026-08-06,4,review_candidate
5761229,5774495,12986,19466,100000,2026-08-10,2026-08-06,4,review_candidate
5761239,5773921,18441,18397,10100,2026-08-10,2026-08-05,5,review_candidate
5761265,5755263,3428,23228,500000,2026-08-11,2026-08-06,5,review_candidate
5761460,5765900,26,24521,50000,2026-08-11,2026-08-10,1,review_candidate
5761466,5769067,126,24521,100000,2026-08-11,2026-08-13,2,review_candidate
5761470,5790435,22700,24521,50000,2026-08-11,2026-08-06,5,review_candidate
5761536,5765082,39,1686,100000,2026-08-10,2026-08-07,3,review_candidate
5761537,5774257,12986,1686,100000,2026-08-10,2026-08-06,4,review_candidate
5761795,5774522,12986,3420,100000,2026-08-11,2026-08-06,5,review_candidate
5761904,5760537,18396,21842,100000,2026-08-10,2026-08-06,4,review_candidate
5762047,5774073,12986,18462,100000,2026-08-10,2026-08-06,4,review_candidate
5762309,5760373,18396,21694,50000,2026-08-10,2026-08-06,4,review_candidate
5762310,5774564,12986,21694,100000,2026-08-10,2026-08-06,4,review_candidate
5762311,5752972,4328,21694,25000,2026-08-10,2026-08-04,6,review_candidate
5762465,5774258,12986,23140,100000,2026-08-10,2026-08-06,4,review_candidate
5762500,5751790,12986,20290,1000000,2026-08-06,2026-08-03,3,review_candidate
5762501,5774530,12986,20136,100000,2026-08-10,2026-08-06,4,review_candidate
5762552,5748065,1686,20287,100000,2026-08-03,2026-07-31,3,review_candidate
5762561,5747718,19242,20287,20000,2026-08-06,2026-07-31,6,review_candidate
5762566,5774251,12986,20287,100000,2026-08-10,2026-08-06,4,review_candidate
5763206,5747815,18895,24816,100000,2026-08-05,2026-08-01,4,review_candidate
5763218,5762483,20136,24816,100000,2026-08-07,2026-08-06,1,review_candidate
5763227,5760370,18396,24816,100000,2026-08-10,2026-08-06,4,review_candidate
5763233,5755179,1686,24816,50000,2026-08-10,2026-08-06,4,review_candidate
5763465,5786996,147,24510,100000,2026-08-12,2026-08-10,2,review_candidate
5763467,5755765,101,24510,50000,2026-08-12,2026-08-05,7,review_candidate
5764712,5755758,101,24791,50000,2026-08-12,2026-08-05,7,review_candidate
5764713,5786995,147,24791,100000,2026-08-12,2026-08-10,2,review_candidate
5764753,5755259,3428,23253,500000,2026-08-12,2026-08-06,6,review_candidate
5764828,5774524,12986,17995,100000,2026-08-13,2026-08-06,7,review_candidate
5764831,5759321,126,17995,100000,2026-08-13,2026-08-10,3,review_candidate
5764833,5791068,3917,17995,50000,2026-08-13,2026-08-07,6,review_candidate
5764859,5752980,274,19763,50000,2026-08-11,2026-08-04,7,review_candidate
5764860,5752976,4328,19763,50000,2026-08-11,2026-08-04,7,review_candidate
5764912,5781276,161,23228,500000,2026-08-12,2026-08-10,2,review_candidate
5765588,5766965,24761,25066,25000,2026-08-02,2026-07-28,5,review_candidate
5765911,5781284,161,3420,200000,2026-08-13,2026-08-12,1,review_candidate
5766050,5760688,117,21729,100000,2026-08-06,2026-07-30,7,review_candidate
5766068,5755797,2717,21729,250000,2026-08-07,2026-08-06,1,review_candidate
5766076,5755705,126,21729,750000,2026-08-07,2026-08-06,1,review_candidate
5766614,5759575,15348,19995,100000,2026-08-10,2026-08-06,4,review_candidate
5766675,5774559,12986,20610,100000,2026-08-10,2026-08-06,4,review_candidate
5766678,5755795,2717,20610,200000,2026-08-10,2026-08-06,4,review_candidate
5766708,5745156,126,16690,100000,2026-07-31,2026-07-30,1,review_candidate
5766712,5748273,16953,16690,25000,2026-08-05,2026-08-02,3,review_candidate
5766714,5774560,12986,16690,100000,2026-08-10,2026-08-06,4,review_candidate
5766846,5753341,5208,306,50000,2026-08-10,2026-08-04,6,review_candidate
5767146,5758188,306,22022,100000,2026-08-05,2026-08-07,2,review_candidate
5767209,5760368,18396,22066,500000,2026-08-13,2026-08-06,7,review_candidate
5767326,5764839,16953,17469,100000,2026-08-15,2026-08-13,2,review_candidate
5767327,5766521,33,19751,500000,2026-08-15,2026-08-11,4,review_candidate
5767328,5766522,33,18726,600000,2026-08-15,2026-08-11,4,review_candidate
5767477,5774557,12986,21883,100000,2026-08-10,2026-08-06,4,review_candidate
5767523,5774507,12986,20376,100000,2026-08-10,2026-08-06,4,review_candidate
5768151,5760369,18396,18821,250000,2026-08-10,2026-08-06,4,review_candidate
5768155,5790250,16178,18821,50000,2026-08-13,2026-08-10,3,review_candidate
5768728,5790254,16178,20099,50000,2026-08-17,2026-08-10,7,review_candidate
5768729,5766520,33,20099,500000,2026-08-17,2026-08-11,6,review_candidate
5769049,5771192,4747,24485,300000,2026-08-19,2026-08-21,2,review_candidate
5769193,5793892,21575,21839,50000,2026-08-19,2026-08-18,1,review_candidate
5769218,5801858,4,21575,250000,2026-08-10,2026-08-06,4,review_candidate
5769322,5763708,197,21575,200000,2026-08-17,2026-08-12,5,review_candidate
5769400,5786393,3591,23423,100000,2026-08-19,2026-08-17,2,review_candidate
5769518,5774534,12986,16812,100000,2026-08-10,2026-08-06,4,review_candidate
5769525,5761249,18703,24397,25000,2026-08-05,2026-08-04,1,review_candidate
5769526,5760539,18396,24397,50000,2026-08-07,2026-08-06,1,review_candidate
5769535,5765068,39,21691,200000,2026-07-20,2026-07-15,5,review_candidate
5769556,5771190,4747,24539,200000,2026-08-19,2026-08-21,2,review_candidate
5769766,5790265,16178,16508,125000,2026-08-13,2026-08-10,3,review_candidate
5769968,5773658,21903,23238,1300000,2026-08-19,2026-08-20,1,review_candidate
5769996,5735629,5089,21094,100000,2026-07-23,2026-07-22,1,review_candidate
5769997,5744843,23238,21094,200000,2026-07-30,2026-07-29,1,review_candidate
5770121,5780763,133,19050,2500000,2026-08-13,2026-08-07,6,review_candidate
5770342,5759327,154,23228,100000,2026-08-12,2026-08-10,2,review_candidate
5770343,5786997,147,23228,100000,2026-08-12,2026-08-10,2,review_candidate
5770357,5771191,4747,24510,250000,2026-08-17,2026-08-21,4,review_candidate
5770436,5794159,18555,353,5500000,2026-08-14,2026-08-10,4,review_candidate
5770521,5765836,51,2690,200000,2026-08-19,2026-08-12,7,review_candidate
5770628,5766628,2307,17469,1000000,2026-08-20,2026-08-14,6,review_candidate
5770652,5768195,3428,23142,250000,2026-08-20,2026-08-17,3,review_candidate
5770719,5766632,2307,22066,750000,2026-08-20,2026-08-14,6,review_candidate
5770753,5768188,23965,20217,20000,2026-08-20,2026-08-17,3,review_candidate
5770758,5768181,23965,22854,20000,2026-08-20,2026-08-17,3,review_candidate
5770759,5802257,102,24791,250000,2026-08-20,2026-08-14,6,review_candidate
5770761,5781069,275,23253,500000,2026-08-20,2026-08-18,2,review_candidate
5770923,5774537,12986,5152,100000,2026-08-10,2026-08-06,4,review_candidate
5770924,5766654,2307,5152,100000,2026-08-20,2026-08-14,6,review_candidate
5771130,5768347,3428,19050,2500000,2026-08-20,2026-08-18,2,review_candidate
5771781,5766622,2307,4792,2000000,2026-08-20,2026-08-14,6,review_candidate
5771787,5812872,24400,4792,50000,2026-08-21,2026-08-20,1,review_candidate
5771795,5752977,274,23103,25000,2026-08-10,2026-08-04,6,review_candidate
5771796,5774563,12986,23103,100000,2026-08-10,2026-08-06,4,review_candidate
5771831,5766498,33,4792,15000000,2026-08-12,2026-08-12,0,review_candidate
5771831,5766499,33,4792,15000000,2026-08-12,2026-08-06,6,review_candidate
5771904,5765064,39,22699,250000,2026-07-22,2026-07-15,7,review_candidate
5771912,5774074,12986,22699,100000,2026-08-10,2026-08-06,4,review_candidate
5772729,5773966,17995,1524,500000,2026-08-19,2026-08-21,2,review_candidate
5772729,5773967,17995,1524,500000,2026-08-19,2026-08-21,2,review_candidate
5772730,5773966,17995,1524,500000,2026-08-19,2026-08-21,2,review_candidate
5772730,5773967,17995,1524,500000,2026-08-19,2026-08-21,2,review_candidate
5772966,5766518,33,21159,350000,2026-08-14,2026-08-11,3,review_candidate
5773001,5781065,275,1471,1000000,2026-08-20,2026-08-18,2,review_candidate
5773001,5781068,275,1471,1000000,2026-08-20,2026-08-18,2,review_candidate
5773002,5781065,275,1471,1000000,2026-08-20,2026-08-18,2,review_candidate
5773002,5781068,275,1471,1000000,2026-08-20,2026-08-18,2,review_candidate
5773047,5766635,2307,20287,500000,2026-08-20,2026-08-14,6,review_candidate
5773092,5802256,102,23228,500000,2026-08-21,2026-08-14,7,review_candidate
5773101,5766638,2307,24521,500000,2026-08-20,2026-08-14,6,review_candidate
5773125,5767991,11,20217,100000,2026-08-20,2026-08-17,3,review_candidate
5773151,5774512,12986,14515,100000,2026-08-10,2026-08-06,4,review_candidate
5773152,5790259,16178,14515,50000,2026-08-13,2026-08-10,3,review_candidate
5773294,5766648,2307,19751,200000,2026-08-21,2026-08-14,7,review_candidate
5773648,5780764,133,17892,100000,2026-08-14,2026-08-07,7,review_candidate
5773649,5763710,197,17892,250000,2026-08-14,2026-08-12,2,review_candidate
5773650,5769080,2717,17892,100000,2026-08-14,2026-08-13,1,review_candidate
5773690,5790248,16178,1686,50000,2026-08-13,2026-08-10,3,review_candidate
5773691,5777961,171,1686,25000,2026-08-17,2026-08-10,7,review_candidate
5773817,5763704,197,24855,100000,2026-08-13,2026-08-12,1,review_candidate
5773958,5773779,24859,18726,20000,2026-08-23,2026-08-16,7,review_candidate
5773959,5773695,1686,18726,50000,2026-08-23,2026-08-22,1,review_candidate
5773968,5766561,33,17995,500000,2026-08-17,2026-08-11,6,review_candidate
5774221,5774214,12986,21775,100000,2026-08-11,2026-08-06,5,review_candidate
5774224,5790271,16178,21775,50000,2026-08-17,2026-08-10,7,review_candidate
5774260,5780063,1869,23365,10000,2026-08-17,2026-08-11,6,review_candidate
5774295,5780062,1869,23208,10000,2026-08-17,2026-08-11,6,review_candidate
5774425,5790258,16178,20376,100000,2026-08-17,2026-08-10,7,review_candidate
5774426,5766559,33,20376,500000,2026-08-17,2026-08-11,6,review_candidate
5774746,5768278,17890,24608,100000,2026-08-20,2026-08-18,2,review_candidate
5774874,5766625,2307,19763,1500000,2026-08-21,2026-08-14,7,review_candidate
5774980,5766631,2307,24905,750000,2026-08-20,2026-08-14,6,review_candidate
5775054,5790266,16178,23140,75000,2026-08-13,2026-08-10,3,review_candidate
5775089,5766636,2307,23140,750000,2026-08-20,2026-08-14,6,review_candidate
5775106,5770288,19751,1524,1000000,2026-08-24,2026-08-19,5,review_candidate
5775130,5769114,20344,15132,30000,2026-08-21,2026-08-19,2,review_candidate
5775153,5766644,2307,24397,250000,2026-08-20,2026-08-14,6,review_candidate
5775164,5774543,12986,19778,100000,2026-08-10,2026-08-06,4,review_candidate
5775167,5766642,2307,19778,350000,2026-08-20,2026-08-14,6,review_candidate
5775178,5766630,2307,21694,750000,2026-08-20,2026-08-14,6,review_candidate
5775180,5781060,275,21694,250000,2026-08-20,2026-08-18,2,review_candidate
5775203,5768299,17890,24613,100000,2026-08-20,2026-08-18,2,review_candidate
5775204,5766633,2307,24613,750000,2026-08-20,2026-08-14,6,review_candidate
5775364,5810611,21717,24510,1000000,2026-08-24,2026-08-18,6,review_candidate
5775589,5739649,275,21757,400000,2026-07-28,2026-07-22,6,review_candidate
5775978,5765875,51,20209,100000,2026-08-17,2026-08-13,4,review_candidate
5775981,5790253,16178,20209,50000,2026-08-17,2026-08-10,7,review_candidate
5775991,5800514,191,15984,2000000,2026-08-21,2026-08-20,1,review_candidate
5776000,5791071,3917,15984,100000,2026-08-14,2026-08-07,7,review_candidate
5776001,5763713,197,15984,250000,2026-08-14,2026-08-12,2,review_candidate
5776002,5759331,154,15984,100000,2026-08-14,2026-08-10,4,review_candidate
5776003,5771196,4747,15984,250000,2026-08-19,2026-08-21,2,review_candidate
5776097,5807183,4,20246,500000,2026-08-13,2026-08-12,1,review_candidate
5776103,5802258,102,20246,250000,2026-08-20,2026-08-14,6,review_candidate
5776104,5786394,3591,20246,100000,2026-08-20,2026-08-17,3,review_candidate
5776110,5763702,197,23161,100000,2026-08-13,2026-08-12,1,review_candidate
5776114,5780685,228,23161,150000,2026-08-20,2026-08-19,1,review_candidate
5776115,5814049,4,23161,150000,2026-08-20,2026-08-19,1,review_candidate
5776122,5773228,126,23161,250000,2026-08-21,2026-08-20,1,review_candidate
5776124,5801757,21437,16986,100000,2026-08-14,2026-08-10,4,review_candidate
5776153,5763701,197,21861,250000,2026-08-17,2026-08-12,5,review_candidate
5776252,5774763,80,24521,150000,2026-08-26,2026-08-24,2,review_candidate
5776451,5751792,12986,18744,1000000,2026-08-06,2026-08-03,3,review_candidate
5776456,5766626,2307,18744,1500000,2026-08-20,2026-08-14,6,review_candidate
5776457,5781064,275,18744,1500000,2026-08-20,2026-08-18,2,review_candidate
5776609,5751800,12986,21678,1000000,2026-08-06,2026-08-03,3,review_candidate
5776611,5752974,4328,21678,25000,2026-08-10,2026-08-04,6,review_candidate
5776612,5790278,16178,21678,50000,2026-08-13,2026-08-10,3,review_candidate
5776625,5773229,51,21678,150000,2026-08-21,2026-08-17,4,review_candidate
5776626,5766657,2307,21678,50000,2026-08-20,2026-08-14,6,review_candidate
5777315,5774527,12986,18661,100000,2026-08-10,2026-08-06,4,review_candidate
5777318,5790286,16178,18661,75000,2026-08-13,2026-08-10,3,review_candidate
5777348,5794288,5208,25049,60300,2026-08-21,2026-08-20,1,review_candidate
5777928,5751799,12986,16459,1000000,2026-08-06,2026-08-03,3,review_candidate
5777937,5752973,4328,16459,25000,2026-08-10,2026-08-04,6,review_candidate
5777939,5766562,33,16459,500000,2026-08-14,2026-08-11,3,review_candidate
5777941,5781041,275,16459,500000,2026-08-17,2026-08-12,5,review_candidate
5777944,5766650,2307,16459,100000,2026-08-20,2026-08-14,6,review_candidate
5777949,5819332,152,16459,50000,2026-08-25,2026-08-24,1,review_candidate
5778227,5774532,12986,16015,100000,2026-08-10,2026-08-06,4,review_candidate
5778229,5790275,16178,16015,100000,2026-08-13,2026-08-10,3,review_candidate
5778231,5766653,2307,16015,100000,2026-08-20,2026-08-14,6,review_candidate
5778232,5766637,2307,16508,500000,2026-08-20,2026-08-14,6,review_candidate
5778518,5776272,126,19751,100000,2026-08-26,2026-08-24,2,review_candidate
5778518,5780176,126,19751,100000,2026-08-26,2026-08-21,5,review_candidate
5779903,5769057,126,22133,100000,2026-08-26,2026-08-19,7,review_candidate
5780045,5807182,4,22032,750000,2026-08-18,2026-08-12,6,review_candidate
5780048,5768295,175,22032,500000,2026-08-18,2026-08-13,5,review_candidate
5780049,5763716,197,22032,250000,2026-08-18,2026-08-12,6,review_candidate
5780093,5766634,2307,24761,500000,2026-08-20,2026-08-14,6,review_candidate
5780094,5803877,24085,24761,281328,2026-08-24,2026-08-18,6,review_candidate
5780491,5790633,22392,24382,25000,2026-08-24,2026-08-20,4,review_candidate
5780514,5774756,80,24710,250000,2026-08-27,2026-08-24,3,review_candidate
5781049,5774757,80,17995,150000,2026-08-27,2026-08-24,3,review_candidate
5781117,5807177,4,21729,1000000,2026-08-13,2026-08-12,1,review_candidate
5781119,5781278,161,21729,500000,2026-08-13,2026-08-10,3,review_candidate
5781135,5796881,152,24485,250000,2026-08-28,2026-08-25,3,review_candidate
5781320,5766627,2307,18821,1000000,2026-08-20,2026-08-14,6,review_candidate
5781323,5801134,20376,18821,100000,2026-08-27,2026-08-25,2,review_candidate
5781326,5774776,80,18821,150000,2026-08-25,2026-08-24,1,review_candidate
5781380,5751793,12986,14046,500000,2026-08-06,2026-08-03,3,review_candidate
5781411,5782384,221,14364,250290,2026-08-21,2026-08-20,1,review_candidate
5781531,5769117,20344,23611,25000,2026-08-21,2026-08-19,2,review_candidate
5781833,5774533,12986,16719,100000,2026-08-10,2026-08-06,4,review_candidate
5782378,5801159,2069,24485,500000,2026-08-28,2026-08-26,2,review_candidate
5784218,5787001,147,24485,100000,2026-08-28,2026-08-24,4,review_candidate
5784273,5790525,125,24485,500000,2026-08-28,2026-08-26,2,review_candidate
5784307,5790220,229,24521,250000,2026-08-27,2026-08-21,6,review_candidate
5784320,5776272,126,19751,100000,2026-08-28,2026-08-24,4,review_candidate
5784320,5780176,126,19751,100000,2026-08-28,2026-08-21,7,review_candidate
5784321,5791073,3917,19751,100000,2026-08-28,2026-08-25,3,review_candidate
5784418,5771189,4747,19050,3000000,2026-08-24,2026-08-21,3,review_candidate
5784463,5773037,20287,16291,50000,2026-08-28,2026-08-21,7,review_candidate
5784640,5775422,23077,18726,75000,2026-08-29,2026-08-22,7,review_candidate
5784901,5800851,291,22108,60000,2026-08-25,2026-08-24,1,review_candidate
5785275,5774753,80,21883,100000,2026-08-25,2026-08-24,1,review_candidate
5785936,5786343,126,23253,250000,2026-08-31,2026-08-28,3,review_candidate
5785937,5786351,2717,23253,250000,2026-08-31,2026-08-28,3,review_candidate
5785961,5795749,17654,22854,100000,2026-08-31,2026-08-24,7,review_candidate
5785974,5768191,23965,15984,20000,2026-08-20,2026-08-17,3,review_candidate
5785980,5795748,17654,23142,50000,2026-08-31,2026-08-24,7,review_candidate
5786014,5766560,33,24563,350000,2026-08-14,2026-08-11,3,review_candidate
5786225,5748241,16953,4680,50000,2026-08-05,2026-08-02,3,review_candidate
5786226,5774486,12986,4680,100000,2026-08-10,2026-08-06,4,review_candidate
5786227,5766647,2307,4680,250000,2026-08-20,2026-08-14,6,review_candidate
5786573,5790520,125,15984,200000,2026-08-28,2026-08-26,2,review_candidate
5786583,5795753,17654,15984,50000,2026-08-31,2026-08-24,7,review_candidate
5786588,5820795,17017,24855,1000000,2026-08-28,2026-08-27,1,review_candidate
5787007,5824333,171,19751,25000,2026-08-31,2026-08-28,3,review_candidate
5787697,5795711,5410,23238,500000,2026-09-01,2026-08-26,6,review_candidate
5787700,5795522,5410,23228,200000,2026-09-01,2026-08-26,6,review_candidate
5787720,5824335,171,19763,25000,2026-08-31,2026-08-28,3,review_candidate
5787750,5775121,80,19995,100000,2026-08-28,2026-08-24,4,review_candidate
5787768,5800163,5214,24710,200000,2026-09-01,2026-08-27,5,review_candidate
5787800,5760650,2070,21770,100000,2026-08-18,2026-08-11,7,review_candidate
5787937,5795770,13,21839,100000,2026-09-02,2026-08-26,7,review_candidate
5788146,5787088,274,17668,25000,2026-09-02,2026-08-31,2,review_candidate
5788309,5787215,4328,23423,25000,2026-09-02,2026-08-31,2,review_candidate
5788343,5787218,4328,23118,25000,2026-09-02,2026-08-31,2,review_candidate
5789462,5773621,18895,21757,50000,2026-08-26,2026-08-22,4,review_candidate
5789667,5814058,4,23142,150000,2026-09-02,2026-08-31,2,review_candidate
5789668,5787209,4328,23142,50000,2026-09-02,2026-08-31,2,review_candidate
5789672,5787052,274,23253,50000,2026-09-02,2026-08-31,2,review_candidate
5789680,5787009,274,22854,50000,2026-09-02,2026-08-31,2,review_candidate
5789694,5787057,274,20217,25000,2026-09-02,2026-08-31,2,review_candidate
5789744,5787102,274,18284,25000,2026-09-02,2026-08-31,2,review_candidate
5789753,5787181,274,23228,50000,2026-09-02,2026-08-31,2,review_candidate
5789900,5787227,4328,21839,25000,2026-09-03,2026-08-31,3,review_candidate
5789901,5787113,274,21839,25000,2026-09-03,2026-08-31,3,review_candidate
5789985,5790515,125,17892,250000,2026-09-01,2026-08-25,7,review_candidate
5790037,5787115,274,17995,25000,2026-09-02,2026-08-31,2,review_candidate
5790195,5795520,5410,2690,500000,2026-09-01,2026-08-26,6,review_candidate
5790480,5775614,17995,1524,750000,2026-08-27,2026-08-25,2,review_candidate
5790501,5780609,17668,1524,500000,2026-08-31,2026-08-28,3,review_candidate
5790584,5774504,12986,18375,100000,2026-08-10,2026-08-06,4,review_candidate
5790770,5830212,18821,22066,50000,2026-09-02,2026-09-01,1,review_candidate
5790906,5795440,4573,24315,106200,2026-08-19,2026-08-21,2,review_candidate
5791010,5793125,19369,353,10000,2026-08-25,2026-08-18,7,review_candidate
5791130,5768766,17890,21664,100000,2026-08-21,2026-08-19,2,review_candidate
5791164,5773922,18441,24794,10100,2026-08-10,2026-08-05,5,review_candidate
5793075,5785893,17220,4792,1000000,2026-09-03,2026-08-31,3,review_candidate
5793117,5751794,12986,19463,100000,2026-08-06,2026-08-03,3,review_candidate
5793120,5790274,16178,19463,50000,2026-08-13,2026-08-10,3,review_candidate
5793134,5760538,18396,19369,50000,2026-08-10,2026-08-06,4,review_candidate
5793136,5774505,12986,19369,100000,2026-08-10,2026-08-06,4,review_candidate
5793637,5786823,17892,19050,300000,2026-09-03,2026-08-28,6,review_candidate
5793689,5775346,20096,21903,50000,2026-08-31,2026-08-24,7,review_candidate
5793709,5790551,125,22854,250000,2026-09-02,2026-08-31,2,review_candidate
5793710,5795709,5410,22854,250000,2026-09-02,2026-08-26,7,review_candidate
5793821,5787013,274,1686,50000,2026-09-03,2026-08-31,3,review_candidate
5793833,5752178,17890,23939,500000,2026-08-06,2026-08-04,2,review_candidate
5793930,5787212,4328,1686,50000,2026-09-03,2026-08-31,3,review_candidate
5793935,5781071,275,21575,250000,2026-09-01,2026-08-26,6,review_candidate
5794081,5793401,197,24696,100000,2026-09-04,2026-09-03,1,review_candidate
5794176,5751789,12986,18555,500000,2026-08-06,2026-08-03,3,review_candidate
5794194,5774497,12986,21727,100000,2026-08-10,2026-08-06,4,review_candidate
5794198,5755791,2717,21727,100000,2026-08-08,2026-08-06,2,review_candidate
5794200,5755703,126,21727,250000,2026-08-08,2026-08-06,2,review_candidate
5794201,5790272,16178,21727,50000,2026-08-13,2026-08-10,3,review_candidate
5794222,5787214,4328,21727,25000,2026-09-03,2026-08-31,3,review_candidate
5794230,5787231,4328,23140,25000,2026-09-03,2026-08-31,3,review_candidate
5794231,5787095,274,23140,25000,2026-09-03,2026-08-31,3,review_candidate
5794254,5774550,12986,17625,100000,2026-08-10,2026-08-06,4,review_candidate
5794256,5790277,16178,17625,100000,2026-08-13,2026-08-10,3,review_candidate
5794261,5766629,2307,19466,750000,2026-08-20,2026-08-14,6,review_candidate
5794271,5776273,126,17625,250000,2026-08-31,2026-08-26,5,review_candidate
5794272,5787242,4328,17625,50000,2026-09-03,2026-08-31,3,review_candidate
5794274,5787184,274,17625,50000,2026-09-03,2026-08-31,3,review_candidate
5794276,5787039,274,19466,50000,2026-09-03,2026-08-31,3,review_candidate
5794438,5774555,12986,23262,100000,2026-08-10,2026-08-06,4,review_candidate
5794443,5787062,274,23262,25000,2026-09-03,2026-08-31,3,review_candidate
5794455,5769120,20344,21290,25000,2026-08-21,2026-08-19,2,review_candidate
5794739,5790534,125,5208,250000,2026-08-31,2026-08-26,5,review_candidate
5795030,5801695,19050,20522,100000,2026-09-04,2026-08-28,7,review_candidate
5795031,5808329,20246,20522,15000,2026-09-04,2026-08-28,7,review_candidate
5795092,5761131,307,21437,500000,2026-08-04,2026-07-30,5,review_candidate
5795114,5814053,4,15984,500000,2026-08-24,2026-08-20,4,review_candidate
5795121,5814057,4,17892,200000,2026-09-04,2026-08-31,4,review_candidate
5795197,5795777,13,17668,100000,2026-08-31,2026-08-26,5,review_candidate
5795382,5787119,274,20022,25000,2026-09-05,2026-08-31,5,review_candidate
5795385,5790516,126,20022,250000,2026-09-05,2026-09-03,2,review_candidate
5795386,5790710,2717,20022,150000,2026-09-05,2026-09-03,2,review_candidate
5795707,5773920,18441,24572,50000,2026-08-08,2026-08-05,3,review_candidate
5796639,5771193,4747,22280,100000,2026-08-21,2026-08-20,1,review_candidate
5796861,5790209,2690,379,100000,2026-09-04,2026-08-28,7,review_candidate
5799911,5802637,24749,326,75000,2026-09-08,2026-09-03,5,review_candidate
5799933,5790714,2717,20217,200000,2026-09-08,2026-09-03,5,review_candidate
5799934,5790518,126,20217,250000,2026-09-08,2026-09-03,5,review_candidate
5799938,5790063,3674,20217,100000,2026-09-08,2026-09-03,5,review_candidate
5799970,5795024,51,23071,150000,2026-09-08,2026-09-02,6,review_candidate
5799971,5816271,21044,25168,20000,2026-09-08,2026-09-02,6,review_candidate
5799973,5787068,274,22133,25000,2026-08-30,2026-08-31,1,review_candidate
5799974,5795754,17654,22133,50000,2026-08-31,2026-08-24,7,review_candidate
5800106,5751796,12986,15255,500000,2026-08-06,2026-08-03,3,review_candidate
5800136,5787208,4328,20099,50000,2026-09-05,2026-08-31,5,review_candidate
5800151,5774510,12986,15483,100000,2026-08-10,2026-08-06,4,review_candidate
5800152,5752978,274,15483,25000,2026-08-10,2026-08-04,6,review_candidate
5800154,5790279,16178,15483,50000,2026-08-13,2026-08-10,3,review_candidate
5800242,5790262,16178,15348,100000,2026-08-13,2026-08-10,3,review_candidate
5800258,5787185,274,15348,25000,2026-09-03,2026-08-31,3,review_candidate
5800400,5787233,4328,18396,50000,2026-09-05,2026-08-31,5,review_candidate
5800401,5787120,274,18396,50000,2026-09-05,2026-08-31,5,review_candidate
5800426,5801177,19804,19050,1000000,2026-09-04,2026-09-01,3,review_candidate
5800465,5796883,152,20377,100000,2026-08-31,2026-08-25,6,review_candidate
5800893,5807575,16934,19763,50000,2026-09-08,2026-09-01,7,review_candidate
5801034,5781072,275,19151,250000,2026-08-28,2026-08-26,2,review_candidate
5801460,5774528,12986,13997,100000,2026-08-10,2026-08-06,4,review_candidate
5801557,5786397,3591,23012,500000,2026-08-19,2026-08-17,2,review_candidate
5801558,5781042,275,18462,400000,2026-08-17,2026-08-12,5,review_candidate
5801562,5811939,33,18462,250000,2026-08-20,2026-08-18,2,review_candidate
5801847,5760025,5208,24572,25000,2026-08-12,2026-08-10,2,review_candidate
5802139,5773230,2717,24663,100000,2026-08-25,2026-08-20,5,review_candidate
5802196,5813601,133,24663,100000,2026-08-25,2026-08-18,7,review_candidate
5802199,5773226,126,24663,100000,2026-08-25,2026-08-20,5,review_candidate
5802375,5801143,20376,24816,100000,2026-08-27,2026-08-25,2,review_candidate
5802443,5790288,16178,16623,75000,2026-08-13,2026-08-10,3,review_candidate
5803237,5787219,4328,23464,25000,2026-09-03,2026-08-31,3,review_candidate
5803584,5832010,3591,14651,100000,2026-08-31,2026-08-26,5,review_candidate
5803598,5829581,6165,14651,500000,2026-09-09,2026-09-08,1,review_candidate
5803599,5793598,17890,14651,100000,2026-09-08,2026-09-04,4,review_candidate
5803802,5793600,17890,18397,100000,2026-09-08,2026-09-04,4,review_candidate
5803824,5829577,6165,18397,500000,2026-09-09,2026-09-08,1,review_candidate
5804351,5795016,2793,20022,350000,2026-09-06,2026-09-03,3,review_candidate
5804450,5801571,135,21839,300000,2026-09-11,2026-09-09,2,review_candidate
5806139,5766652,2307,16690,100000,2026-08-20,2026-08-14,6,review_candidate
5806265,5787116,274,22699,25000,2026-09-03,2026-08-31,3,review_candidate
5806501,5787044,274,18375,50000,2026-09-03,2026-08-31,3,review_candidate
5806510,5787234,4328,18744,50000,2026-09-03,2026-08-31,3,review_candidate
5806511,5787179,274,18744,50000,2026-09-03,2026-08-31,3,review_candidate
5806659,5786809,20209,24613,300000,2026-08-24,2026-08-23,1,review_candidate
5806808,5808036,20376,22066,100000,2026-09-10,2026-09-08,2,review_candidate
5806816,5829576,6165,21664,200000,2026-09-09,2026-09-08,1,review_candidate
5806909,5790252,16178,20136,200000,2026-08-13,2026-08-10,3,review_candidate
5806912,5787236,4328,20136,50000,2026-09-03,2026-08-31,3,review_candidate
5806913,5787180,274,20136,50000,2026-09-03,2026-08-31,3,review_candidate
5806916,5766563,33,15022,500000,2026-08-14,2026-08-11,3,review_candidate
5807094,5796859,16428,24485,1500000,2026-09-12,2026-09-08,4,review_candidate
5807288,5780450,18284,25270,100000,2026-08-27,2026-08-26,1,review_candidate
5807569,5824096,221,24521,200290,2026-09-11,2026-09-04,7,review_candidate
5808440,5794069,23238,21892,1000000,2026-09-08,2026-09-04,4,review_candidate
5808475,5813702,4747,22032,500000,2026-09-01,2026-08-26,6,review_candidate
5808484,5813463,5214,25125,200000,2026-09-14,2026-09-10,4,review_candidate
5808729,5819018,2069,24542,100000,2026-09-14,2026-09-11,3,review_candidate
5808889,5793757,19751,1524,1000000,2026-09-08,2026-09-04,4,review_candidate
5808904,5770931,5152,1524,2800000,2026-08-15,2026-08-14,1,review_candidate
5808984,5773082,26,16508,50000,2026-08-22,2026-08-20,2,review_candidate
5808986,5780684,228,16508,150000,2026-08-22,2026-08-19,3,review_candidate
5808998,5787094,126,16508,250000,2026-09-03,2026-09-01,2,review_candidate
5810609,5809687,21437,23238,500000,2026-09-14,2026-09-15,1,review_candidate
5811298,5775113,80,14364,100000,2026-08-31,2026-08-24,7,review_candidate
5811308,5829578,6165,14364,500000,2026-09-09,2026-09-08,1,review_candidate
5812181,5801577,135,23228,2000000,2026-09-15,2026-09-09,6,review_candidate
5812461,5829585,6165,25050,400000,2026-09-10,2026-09-08,2,review_candidate
5812697,5814055,4,21729,250000,2026-08-28,2026-08-21,7,review_candidate
5812701,5771010,197,21729,500000,2026-08-28,2026-08-21,7,review_candidate
5812703,5773236,51,21729,250000,2026-08-28,2026-08-21,7,review_candidate
5812704,5787000,147,21729,100000,2026-08-28,2026-08-24,4,review_candidate
5812708,5795719,5410,21729,200000,2026-09-02,2026-08-26,7,review_candidate
5812712,5787241,4328,21729,50000,2026-09-04,2026-08-31,4,review_candidate
5812715,5787183,274,21729,50000,2026-09-04,2026-08-31,4,review_candidate
5812735,5830231,18821,353,2500000,2026-09-14,2026-09-14,0,review_candidate
5812735,5830237,18821,353,2500000,2026-09-14,2026-09-21,7,review_candidate
5812757,5801368,135,21729,2000000,2026-09-15,2026-09-09,6,review_candidate
5812763,5812600,23965,21729,25000,2026-09-15,2026-09-14,1,review_candidate
5813092,5760651,134,18396,500000,2026-08-17,2026-08-11,6,review_candidate
5813356,5819793,22226,24517,50000,2026-09-16,2026-09-17,1,review_candidate
5813739,5812575,175,21839,500000,2026-09-17,2026-09-15,2,review_candidate
5813851,5775112,80,17629,35000,2026-08-31,2026-08-24,7,review_candidate
5814084,5787083,274,20272,25000,2026-09-04,2026-08-31,4,review_candidate
5814138,5769112,20344,21206,30000,2026-08-21,2026-08-19,2,review_candidate
5814219,5775114,80,24608,25000,2026-08-31,2026-08-24,7,review_candidate
5814221,5829582,6165,24608,200000,2026-09-09,2026-09-08,1,review_candidate
5814222,5799969,4572,24608,100000,2026-09-11,2026-09-08,3,review_candidate
5814383,5766639,2307,20290,500000,2026-08-20,2026-08-14,6,review_candidate
5814385,5781262,223,20290,1000000,2026-08-26,2026-08-24,2,review_candidate
5814801,5788401,16409,21757,100000,2026-09-01,2026-08-25,7,review_candidate
5814832,5787217,4328,21757,25000,2026-09-02,2026-08-31,2,review_candidate
5814835,5803830,17502,21757,50000,2026-09-14,2026-09-10,4,review_candidate
5816291,5813674,4747,21839,500000,2026-09-18,2026-09-17,1,review_candidate
5816293,5813363,134,21839,300000,2026-09-18,2026-09-17,1,review_candidate
5816341,5774506,20258,24572,50000,2026-08-24,2026-08-23,1,review_candidate
5816388,5808038,20376,21842,100000,2026-09-10,2026-09-08,2,review_candidate
5816389,5799966,4572,21842,250000,2026-09-11,2026-09-08,3,review_candidate
5816480,5781263,223,24993,1000000,2026-08-26,2026-08-24,2,review_candidate
5816657,5766655,2307,21691,50000,2026-08-20,2026-08-14,6,review_candidate
5816802,5801128,20376,20287,500000,2026-08-28,2026-08-25,3,review_candidate
5816834,5789896,22023,20287,50000,2026-09-08,2026-09-01,7,review_candidate
5816846,5799968,4572,20287,250000,2026-09-10,2026-09-08,2,review_candidate
5816866,5811442,18895,20287,250000,2026-09-18,2026-09-15,3,review_candidate
5817015,5803629,18762,20376,25000,2026-09-16,2026-09-10,6,review_candidate
5817101,5809660,17654,20217,100000,2026-09-18,2026-09-14,4,review_candidate
5817102,5832005,4,20217,100000,2026-09-18,2026-09-15,3,review_candidate
5817323,5809664,17654,19050,300000,2026-09-18,2026-09-14,4,review_candidate
5817351,5813767,2717,21437,100000,2026-09-19,2026-09-17,2,review_candidate
5817387,5813769,2717,18284,100000,2026-09-19,2026-09-17,2,review_candidate
5817528,5818062,291,24710,100000,2026-09-18,2026-09-17,1,review_candidate
5817550,5813749,5067,24485,2500000,2026-09-20,2026-09-17,3,review_candidate
5817551,5812576,175,24485,500000,2026-09-20,2026-09-15,5,review_candidate
5817552,5812528,23228,24485,5000000,2026-09-20,2026-09-16,4,review_candidate
5817917,5832006,4,20022,100000,2026-09-20,2026-09-15,5,review_candidate
5817929,5813766,2717,20255,100000,2026-09-20,2026-09-17,3,review_candidate
5818723,5824099,221,24692,50290,2026-09-10,2026-09-04,6,review_candidate
5818969,5813768,2717,21839,200000,2026-09-21,2026-09-17,4,review_candidate
5819451,5832016,3591,24791,50000,2026-09-21,2026-09-17,4,review_candidate
5819718,5831055,117,20217,100000,2026-09-21,2026-09-17,4,review_candidate
5819722,5832017,3591,25193,68500,2026-09-21,2026-09-17,4,review_candidate
5819838,5795636,24283,25081,15339,2026-09-10,2026-09-06,4,review_candidate
5819846,5813736,5067,18284,100000,2026-09-22,2026-09-17,5,review_candidate
5819904,5795639,20443,25190,240542,2026-09-10,2026-09-04,6,review_candidate
5820366,5812965,154,21575,100000,2026-09-15,2026-09-14,1,review_candidate
5820367,5812188,126,21575,250000,2026-09-15,2026-09-14,1,review_candidate
5820382,5809662,17654,21575,50000,2026-09-21,2026-09-14,7,review_candidate
5820799,5814080,23071,319,200000,2026-09-18,2026-09-11,7,review_candidate
5820837,5832004,4,23253,100000,2026-09-22,2026-09-15,7,review_candidate
5821554,5812431,351,19050,250000,2026-09-21,2026-09-14,7,review_candidate
5821556,5830041,20610,24382,50000,2026-09-21,2026-09-14,7,review_candidate
5821950,5813685,4747,21352,200000,2026-09-22,2026-09-17,5,review_candidate
5823990,5813679,4747,23228,500000,2026-09-22,2026-09-17,5,review_candidate
5824308,5813366,134,24791,300000,2026-09-23,2026-09-17,6,review_candidate
5824636,5814101,17668,314,25000,2026-09-21,2026-09-17,4,review_candidate
5827885,5812959,154,18396,500000,2026-09-21,2026-09-14,7,review_candidate
5827888,5813428,16480,18396,500000,2026-09-21,2026-09-17,4,review_candidate
5827889,5820510,125,18396,450000,2026-09-21,2026-09-17,4,review_candidate
5828062,5830231,18821,353,2500000,2026-09-21,2026-09-14,7,review_candidate
5828062,5830237,18821,353,2500000,2026-09-21,2026-09-21,0,review_candidate
5828453,5813763,2717,24485,100000,2026-09-24,2026-09-17,7,review_candidate
5828674,5808185,19763,24397,500000,2026-09-13,2026-09-10,3,review_candidate
5828742,5812845,4572,14364,700000,2026-09-21,2026-09-16,5,review_candidate
5828745,5812854,126,19778,500000,2026-09-18,2026-09-16,2,review_candidate
5828747,5812991,26,19778,50000,2026-09-18,2026-09-15,3,review_candidate
5828751,5812497,197,19778,500000,2026-09-21,2026-09-16,5,review_candidate
5828811,5807373,24129,25123,25000,2026-09-17,2026-09-12,5,review_candidate
5829009,5813164,20344,18397,25000,2026-09-12,2026-09-16,4,review_candidate
5829166,5814358,20290,24905,100000,2026-08-25,2026-08-21,4,review_candidate
5829985,5795195,351,22748,100000,2026-09-10,2026-09-04,6,review_candidate
5829995,5818961,4572,17469,1000000,2026-09-24,2026-09-21,3,review_candidate
5830052,5787040,274,20610,50000,2026-09-03,2026-08-31,3,review_candidate
5830193,5775461,7665,23262,100000,2026-08-31,2026-08-24,7,review_candidate
5830194,5795715,5410,23262,100000,2026-08-27,2026-08-26,1,review_candidate
5830195,5795757,17654,23262,100000,2026-08-27,2026-08-24,3,review_candidate
5830277,5787207,4328,18821,50000,2026-09-03,2026-08-31,3,review_candidate
5830278,5775096,80,15109,35000,2026-08-28,2026-08-24,4,review_candidate
5830281,5795025,51,18821,150000,2026-09-08,2026-09-04,4,review_candidate
5830287,5799979,21625,15109,35000,2026-09-11,2026-09-08,3,review_candidate
5830671,5787100,274,18661,25000,2026-09-03,2026-08-31,3,review_candidate
5830731,5790056,3674,21678,100000,2026-09-08,2026-09-03,5,review_candidate
5830755,5829580,6165,25049,60300,2026-09-09,2026-09-08,1,review_candidate
5830909,5807672,346,14594,25000,2026-09-16,2026-09-14,2,review_candidate
5830915,5813765,2717,20246,100000,2026-09-21,2026-09-17,4,review_candidate
5831169,5809688,21437,16986,100000,2026-09-18,2026-09-15,3,review_candidate
5831221,5832107,133,23161,100000,2026-09-24,2026-09-22,2,review_candidate
5831295,5819785,12986,19995,100000,2026-09-24,2026-09-21,3,review_candidate
5831296,5831283,15519,19995,500000,2026-09-24,2026-09-20,4,review_candidate
5831457,5820783,23249,21437,90250,2026-09-25,2026-09-18,7,review_candidate
5831631,5821783,134,24485,500000,2026-09-26,2026-09-23,3,review_candidate
