committee_id,name,records,cash_contributions_cents,cash_payments_cents,unidentified_cash_cents,committee_sourced_cash_cents,loans_received_cents,inkind_cents
4792,Friends of Tina Kotek,9386,1279350447,531493916,60725639,374893215,0,18151470
19050,Friends of Christine Drazan,7318,1092129312,1008943096,30701532,133498647,0,12164580
23285,Building a Stronger Oregon,22441,1066859462,103796985,31946916,0,0,0
21717,Bring Balance to Salem PAC,184,405128180,123066140,46129,0,0,0
1524,"Future PAC, House Builders",957,257336588,106100440,369748,233807840,0,3704159
24693,Dudley for Oregon,823,248248157,244423346,1206107,150000,0,7737655
12986,Oregon Nurses Political Action Committee,203,239238064,155040925,0,120835282,0,0
4572,Local 48 Electricians PAC,33353,196580570,191763434,30334287,0,0,0
353,Democratic Party of Oregon,540,188882331,144737906,58370,140381691,0,8596770
33,Citizen Action for Political Education,18714,179872621,134235749,154120686,0,0,0
22185,Community Safety Coalition,240,153691289,151457640,608000,0,0,0
1471,SDLF,807,148776467,96623653,76397,130174070,0,4357960
23238,Evergreen PAC,596,126961236,119462509,115320,76760000,0,2194324
5208,Friends of Tobias Read,2238,119010678,69688895,30358429,11742500,0,4989751
24485,Hicks for Senate,634,118939077,93825473,599033,84379249,0,13091590
4,AGC Committee for Action,230,100678570,109233705,10000,0,0,0
191,Oregon Realtors Political Action Committee,2792,91574574,72510931,68706178,0,0,7260300
5207,Stand for Children Oregon PAC,112,88618009,26445753,46000,0,0,3313138
22032,Tracy Cramer PAC,331,85272043,44380636,552067,77653500,0,6459000
275,Oregon Health Care Association PAC,5642,85039978,44837330,5297127,0,0,0
126,Oregon Beverage PAC,371,80583488,110725556,41800,0,0,0
142,OEA-PAC,4956,74529671,31119632,66943777,136200,0,0
2690,The Leadership Fund,454,73882953,58970268,187949,30978394,0,4265411
221,Plumbers & Steamfitters PAC,9007,71856129,31345956,57236851,0,0,0
4213,SEIU Local 49 COPE Fund,7060,70749999,48801014,61287003,0,0,0
23228,Starr Leadership Fund,497,67386538,43142986,65000,29125000,0,30000
21823,Ed Diehl for Oregon,930,65081080,81863145,4464600,7095580,19000000,1487459
18396,Friends of Rob Wagner,723,63891700,84500678,270900,40564000,0,525385
161,Oregon Hospital Political Action Committee,477,62705800,53404039,137400,0,0,0
5677,Libraries Yes! Committee,11,62000000,84500,0,0,0,0
24304,Oregon REALTORS Political Action Committee 2,261,61669215,927372,61610049,0,0,0
19763,Friends of Ben Bowman,387,57696000,50839439,139400,22075000,0,1528727
39,Oregon Trial Lawyers Association PAC,5214,56226034,27548115,4781292,1800000,0,0
416,Oregon Right to Life PAC,2130,56222277,82164744,40569805,400000,0,0
21729,Committee to Elect Lucetta Elmer,703,52824226,43551280,361200,25156000,0,461870
18397,Friends of Pam Treece,632,52268490,34976821,874900,12694490,0,198696
24542,Pelroy for Commissioner,725,50498896,34945254,734954,11123328,0,791980
21094,Marion Polk First PAC,392,48792671,52322738,530600,4285600,0,1580500
24791,Hege for Oregon,239,47919510,37979499,267010,41385000,0,13681000
17890,Friends of Janeen Sollman,445,47675680,58138892,577000,30147780,0,25604488
24726,Protect Our County,62,45465000,44876724,10000,19450000,0,124976
23750,Equal Rights for All Petition,605,44896363,41539650,326000,2100000,0,80096769
10,Oregon Business & Industry Candidate PAC,502,42821000,13815089,2811500,0,0,285000
14046,Friends of Dan Rayfield,444,40495978,23345366,349878,6300000,0,0
17469,Friends of Julie Fahey,268,40492250,39148656,132200,21325000,0,25175
18726,Heather Buch for Oregon,1384,40287271,24410468,4725334,6094637,0,2635874
24510,Max Sherman for Oregon,415,40276728,37886915,581228,35725000,1720000,15761590
19151,Friends of Shelly Boshart Davis,725,36562299,32957893,750959,9030000,0,3232697
2069,Oregonians for Affordable Housing,321,36367993,39385662,1881000,500000,0,25000
1579,Oregonians to Maintain Community Standards,312,35628400,34069074,31300,12638400,0,0
152,Grocery Retail PAC,104,35459400,12360707,5000,16129400,0,25373
2189,Oregon Family Council PAC,1162,34839816,48899265,31138616,0,0,0
20246,Courtney Bangs PAC,322,33796379,32872607,462024,21800000,0,12548530
2352,Oregon League of Conservation Voters PAC,256,33095448,27711768,1512179,800000,0,0
197,Oregon Soft Drink PAC,88,33009200,20730000,10000,0,0,0
18821,Friends of Deb Patterson,781,32517729,21522074,2389800,16738529,0,6162509
22155,Clean Energy for Oregon PAC,28,32500000,3625594,0,0,0,0
18555,CS for OR,215,31357600,29233177,408500,27029000,0,0
135,Oregon Council of NECA Chapters,1970,31250790,39057033,1242873,0,0,0
16459,Friends of Rob Nosse,561,31206555,31624777,826805,11071350,0,735098
20102,Friends of Nafisa Fai,846,30084466,29006291,2202400,8367666,0,7274962
20597,Ben West for Oregon,376,29147000,28498049,227000,5860000,0,5090379
23295,Eli for Portland,571,28568115,5567273,4567615,0,0,0
20287,Elect Virginia Stapleton,723,28289800,20605184,1808500,13918100,0,8815743
21839,Mannix for Oregon PAC,408,28117298,26782008,475852,17450000,0,8903127
23208,Teacher Tiffany for the People,1264,27780922,14690849,4809057,157500,0,45058
19463,Friends of Daniel Nguyen,495,27723900,28467998,407500,11775000,0,522957
3428,Oregon Neighborhood Store Association Political Action Committee,231,26790000,40448244,0,0,0,0
54,Dentists of Oregon PAC,2016,26284500,15758326,1338000,0,0,0
20610,Team Broadman,592,26157600,20877634,75100,11825000,0,1711543
3816,Iron Workers District Council of the Pacific Northwest,117,25994417,18155132,2400,0,0,0
19768,Friends of Ashley Hartmeier-Prigg,432,25404090,25927243,913700,19295290,0,1013825
18744,Kayse Jama for Oregon,301,25318000,24385705,78000,20000000,0,126204
193,ORLAPAC,1304,24413821,33422307,900183,975000,0,12820351
23365,Friends of Mitch Green,1038,24057786,13464966,4027390,257500,0,40336
23028,Angelita for Portland,821,23961867,9258131,3854627,247500,0,104997
24825,Eugene Clean Energy Fund,156,23441600,19141107,236500,0,0,4326936
24539,Stephanie for Oregon,302,23237029,19167245,234707,3800000,0,65493
16428,Jobs Political Action Committee,26,22525000,8054800,0,0,0,0
16719,Friends of Mark Meek,351,22455728,16883230,40000,9800728,0,3646767
18888,Gonzalez for Oregon,829,22388689,24066103,2130699,5690390,0,25000
154,Oregon Forest Industries Council Political Action Committee,201,22150000,17131578,0,0,0,53821
24365,Friends of Jamie Collins,876,21726716,21335832,2356126,2005000,310000,1559220
2480,Portland General Electric Employee Candidate Assistance Fund,110,21000000,15325000,0,0,0,0
21883,Tammy for Oregon,1074,20987177,20771135,2656835,7270166,0,10900452
14041,Equitable Housing PAC,116,20760000,21315003,0,0,0,0
3420,Committee to Re-Elect Greg Smith,1160,20687790,25955582,77500,13170290,0,128355
15984,Friends of Jeff Helfrich,700,20621835,21461017,1648335,10595000,0,20150
125,Oregon Bankers PAC,488,20242914,11715539,436629,0,0,3735911
21757,Cyrus for Oregon,474,19982531,11027060,1521731,9915290,0,18238528
16131,Color PAC,99,19724020,19708413,30000,6550000,0,0
15808,Coalition for a Healthy Oregon PAC,53,19701300,7722998,0,1000000,0,0
20136,Kate Lieber for State Senate,323,19462100,28669336,100,9925000,0,55048
51,Credit Union Legislative Action Fund,194,19452233,19090300,5350,0,0,105000
14961,Community Action Network,55,19450191,15686430,0,206444,500000,0
24376,No Gas Hikes,37,19430000,812929,55000,325000,0,0
20220,Friends of Danielle Bethell,777,19375593,29403462,1401285,234303,0,2188680
24761,Myrna for Oregon,428,19221425,18127112,1050150,14571328,0,24466934
21727,Friends of Hai Pham,207,19195500,13400057,10500,9010000,0,121017
3674,Oregon PERS Retirees PAC,347,19155325,24502115,16767325,0,0,0
16480,Oregon Laborers Political Action Committee,50,19114084,19042409,2,0,0,0
15109,Novick for Portland,465,19089399,2928507,3520399,70000,0,49800
22066,Friends for Denise Krause,450,19034963,9057204,2236783,5100000,0,19920415
23434,Yes On IP28,2182,18780459,23024937,712979,0,2500000,0
2307,Oregon School Employees Association - Voice of Involved Classified Employees,41,18600000,17802500,0,0,0,0
18466,Portlanders for Safe and Healthy Schools,147,18400000,18261990,120000,980000,0,1879300
175,Oregon Nurseries Political Action Committee,367,18327874,20136095,272386,0,0,0
6165,Portland Metropolitan Association of Realtors PAC,206,17980246,22219552,14367756,0,0,0
24663,Claire for Oregon,318,17943350,14112962,761150,4670000,0,473340
3073,Oregon Business & Industry Issues PAC,87,17900000,18224591,0,250000,0,285000
20377,Friends of Em Levy ,434,17727732,12864773,192335,8600000,0,3362985
5214,International Brotherhood of Electrical Workers Local 280 PAC,502,17587805,15989716,17257977,100000,0,0
133,Oregon Automobile Dealers Association - Political Action Committee,361,17572500,21925400,0,0,0,204000
17892,Werner for Oregon,748,17512624,15550296,367384,7945000,0,0
17629,Friends of Eric Zimmerman,437,17304300,1781845,2400600,421300,0,37710
23199,Friends of Olivia,470,17237645,2669123,3222500,200000,0,0
16508,Friends of Paul Evans,885,17159383,15138683,616629,5787200,0,315870
24897,Kellie Torres for Portland,287,17036100,3430402,2849800,0,0,0
113,American Federation of Teachers- Oregon Candidate Political Action Committee,42,16950000,7809553,0,0,0,0
17625,Tawna Sanchez for Oregon,280,16710000,22507607,25000,8610000,0,156800
24993,Go Portland Go,145,16635500,8184153,135500,1000000,0,0
20771,Portlanders for Parks,179,16401367,17261774,187500,6145000,0,2384455
23302,Oregon Moves,97,16384882,6081740,284882,0,0,0
21602,David Loveall for Commissioner,159,16165909,16176052,172855,5780000,0,821500
17999,Equal Rights For All,467,16052900,18128551,2325400,200000,0,2202813
21655,Morgan Loves Oregon,678,15831580,11346638,2717600,535580,0,280157
21206,Friends of Julia Brim-Edwards,514,15679000,7854146,1774000,687400,0,1199766
14364,Friends of Paul Savas,316,15604580,9942608,583500,6685580,0,215200
20217,Mark Owens for Oregon,321,15241719,13414524,85375,4195000,0,533467
22958,Andrew Morrison for Oregon,206,15231841,9204133,172500,1412642,22000,2260000
21694,Wise PAC,279,14811900,7184433,817700,6055000,0,594462
19778,Ricki for Oregon,368,14715800,10541246,212200,7900000,0,2369342
23277,Friends of Julie Hoy,388,14636600,14258084,728600,1945500,400000,6682336
24613,Friends of Hank Sanders,583,14594000,10757781,1059700,4970000,10000,2364630
24397,Committee to Elect Sue Rieke Smith,265,14497411,10820069,315500,9973811,2400000,4458251
5528,Oregon Working Families Party,738,14367385,15748755,2058198,2020000,0,6434492
21819,Portland Alliance PAC,64,14290000,14229333,0,2450000,0,0
23253,Mike McLane for Oregon,425,14225000,16955233,45000,7050000,0,539353
23012,Vote Vasquez,49,14114500,163507,164500,3000000,0,0
20209,Friends of Lisa Reynolds,339,13822600,11101560,242900,8210000,0,100000
20290,Dacia for Oregon,365,13805400,16899025,150200,7106200,0,0
21437,Friends of Virgle Osborne,687,13559000,12610728,322500,3251500,0,430000
314,Jackson County Democratic Central Committee,1476,13545600,11825202,2668300,277600,0,3842948
16623,Friends of Sonya Fischer,346,13528789,13460239,1128099,1235290,0,215900
24494,LIFT Lane,92,13469000,12194174,419000,350000,0,0
16986,Friends of Chris Boice,210,13332000,8443906,129500,1200000,29000,36910
379,Oregon Republican Party,298,13283977,15791515,89527,3775000,0,372780
17220,OFNHP AFT 5017 Political Action Committee,186,13146870,8590903,510600,0,0,500
14183,Citizens for Tony DeBone,326,13074785,12968530,757280,3120000,0,1795113
21771,Ryan Ceniga for Commissioner,176,12935500,11226886,200500,2885000,0,671610
23355,Friends of Rob Imhoff,465,12877074,11148795,367986,870000,0,2385836
21575,Friends of Anna Scharf ,505,12814831,13433252,102331,5875000,0,76075
24371,Friends of Rick Russell,551,12758690,11804567,1415100,1105290,500000,231475
15348,Gomberg for State Rep,314,12634516,15657759,1214700,4055290,0,20050
24789,Savage for Judge,377,12401600,7199739,916100,150000,0,606134
20022,Friends of Vikki,208,12206141,11614167,125271,5967256,0,1483466
24384,PMAR SDC,21,12138149,24887,12118149,20000,0,0
19351,Friends of Tom Kress,149,11967500,13304316,85000,200000,0,0
24457,Friends of Alex Phan,393,11952490,9730391,990500,7156990,0,219100
24342,Tripp for Oregon,92,11880267,11880267,103917,0,0,323135
25186,Yes for Eugene Clean Energy Fund,63,11760000,974442,99000,10000000,0,856934
24430,Sober PDX Fund,29,11750000,7401090,0,0,0,0
22854,Friends of Todd Nash,322,11678872,11044171,7875,4290341,0,1628888
20376,Friends of Khanh Pham,998,11659800,26098543,1462000,825000,0,161000
24855,Amanda for Oregon,161,11484666,7980566,105686,6050000,10000,0
18837,Colm Willis for Oregon,299,11403000,6798197,436000,250000,0,80000
24767,Laura Rowan for Judge,231,11367900,8800220,517900,650000,0,569319
24816,Bassett for Oregon,364,11183300,4375244,1735500,1162600,0,3444200
21903,Friends of Emily McIntire,354,11181286,8463506,19606,5686680,0,82726
16178,SMART Local 16 PAC,179,11066055,18201866,10773370,0,0,0
266,Oregon Truck PAC,421,11064455,9499574,1799469,150000,0,0
24521,Sugar for Oregon,411,10985280,5042064,1211900,6100290,0,7823051
24575,Right to Vote on the Gas Tax PAC,175,10939870,10939870,1107400,2017170,0,11438262
20477,Eugene REALTORS for Community,141,10874132,11039088,3434387,0,0,0
24382,Vote4Sabbadini,771,10848599,10314158,2800099,145000,0,912250
2717,Oregon Fuels Association PAC,138,10825030,9794000,420233,0,0,0
24783,Jo Perini-Abbott for Judge,267,10580000,11291524,869500,400000,1000000,1025226
11927,Friends of Tim Freeman,152,10527500,10756054,20000,2300000,0,377515
22860,Page for Progress,358,10512027,10511328,892000,2429527,50000,3463029
23411,Jeremy Beausoleil Smith for Portland City Council,475,10322700,6405823,1660700,0,295000,0
23140,Lesly Munoz for Oregon,393,10197206,9117848,718001,3700000,0,10609546
5785,Central Oregon Association of Realtors PAC,1269,10135581,7571950,7808699,331574,0,0
24650,Tibbetts for Oregon,235,10113265,8340779,473900,1825000,500000,771152
23249,Alek for Oregon,651,10069149,10124984,2688901,1241348,0,0
6610,Friends of Chemeketa,80,10030000,10393671,115000,500000,0,552752
102,Natural Gas Political Action Committee,109,10000000,19958795,0,0,0,0
17638,AllCare Physicians PAC,54,10000000,9357707,0,0,0,0
24766,Casalino for Judge,159,9665426,10985613,369000,450000,0,231913
12940,Committee to Elect Sean VanGordon,458,9647092,10669222,645417,1767790,330000,60000
18661,Jason for Bend,228,9637790,9162982,45000,5150290,0,0
4747,NUCA of Oregon & SW Washington PAC-Northwest Utility Contractors Association PAC,215,9615913,8800000,457750,500000,0,526040
24854,Friends of Cristian,113,9234114,9190610,261500,8367414,0,10517013
18441,Friends of Felicita,503,9147380,9187003,817490,3620490,0,415408
15377,Friends of David Brock Smith,463,9136500,14052445,146500,1650000,0,23750
18403,Renew LO Schools Levy,142,9136000,10012198,401000,50000,0,0
23071,Yunker for State Representative,297,9129500,8490939,414500,4175000,0,527964
17647,Friends Of Mt. Hood Community College,164,9111600,17253186,136500,1375000,0,630731
22280,Angela for Oregon,465,9018882,7156429,640382,4000000,500000,2872184
24214,Yes for Salem Livability,100,8975374,8928896,471000,750000,0,466050
324,Democratic Party of Lane County,1528,8958953,16604483,1522850,974500,0,1503609
16757,Kathleen Taylor for Oregon,137,8905500,3982250,5500,5150000,0,0
21352,Summers for Oregon,205,8773900,6019519,78980,300000,0,3837898
21701,Care for our Seniors,1266,8701342,2218992,2993180,0,0,0
15132,Friends of Sharon Meieran,286,8698750,3286461,1317300,90300,0,136927
20255,Dick Anderson for Oregon,100,8696090,6987768,2600,4550000,0,0
18284,Friends of Kim Wallan,96,8605000,5488014,35000,4275000,0,0
21486,Heart of Main Street PAC,264,8562625,10619911,0,566501,0,710000
176,Oregon Optometric Public Affairs Council,499,8503941,7596651,317603,0,0,0
22133,Court Boice for Oregon,412,8449376,5178872,184776,2545000,0,0
19995,Elect Kori Rodley,318,8198400,6411616,601600,4855000,0,8880750
21678,Friends of Travis Nelson,313,8102800,11352309,597200,4400000,0,0
20790,Friends of Angelita Sanchez,238,8096658,8264083,493658,2675000,150000,2746939
117,America's Electric Cooperatives PAC - Oregon,139,8094237,4912197,286104,0,0,0
22699,Committee to Elect April Dobson,189,8070000,3591579,16000,5100000,0,215200
16015,Mark Gamba for Oregon,244,8066200,8422681,766700,1250000,0,0
24463,Committee to Elect John Swanson,408,8059715,8095232,1288429,1340000,0,1318088
20144,Friends of Jami Cate,198,7915600,10285970,1348100,2650000,0,454515
22680,Oregon Election Reform Coalition,77,7902500,8343246,52500,4625000,0,500000
348,Washington County Democratic Central Committee,1804,7894947,21454980,1760747,1694000,0,367456
20203,Vanessa Nordyke for Mayor,456,7801352,7394724,2210552,680000,0,472194
1686,Friends for Floyd Prozanski,124,7740000,8075613,15000,4975000,0,0
5152,Friends of Nancy Nathanson,260,7726690,9203267,761200,2200290,0,11792
13914,The Doctors Company Oregon Political Action Committee,615,7613328,7803600,2393225,0,0,0
25011,Oregon Survivors United for Accountability,16,7600000,7543336,0,7600000,0,0
15577,Washington County Chamber PAC,80,7580000,4609503,15000,260000,0,0
23901,Building Power for Communities of Color PAC,3,7500000,37500,0,0,0,0
20272,Friends of Bobby Levy,178,7465882,5409421,243500,2430000,0,25000
21827,Friends for Sue Piazza,175,7450000,2245211,254000,2250000,700000,140785
24446,WAZPAC,405,7444500,7346705,1026500,3350000,300000,1126715
14651,Friends of Steve Callaway,218,7404499,5148866,521899,2605100,0,136897
22572,Oregonians Activated for Climate PAC,174,7395165,6955433,437400,1047764,0,44966
66,Foresight Ophthalmology Political Action Committee,122,7341400,5296543,40000,0,0,0
25040,Evenstar for Portland,292,7337447,2204700,1090347,0,0,0
24121,Voters Against Forever Fees,29,7289719,6506091,31059,0,0,287500
260,Portland Association of Teachers PAC,651,7213608,9204848,6250045,0,0,0
24439,TRAILS PAC,229,7184982,2699858,944700,25782,0,808934
24711,Hagedorn for Judge,332,7179500,5334741,1100000,0,0,448300
23142,Linthicum for Oregon,378,7148000,7573521,310500,3175000,0,0
229,Local #1159 FirePAC,304,7068341,9195247,6721359,0,0,0
24526,Fixing Multnomah County,92,7014600,7008512,133600,0,0,0
18895,Committee to Elect Jeff Golden,270,7012900,5021519,613600,0,0,0
21123,Community for Salem-Keizer Schools,118,6976376,7087504,332500,5442876,0,0
23787,Building A Better Tigard,109,6912795,6724845,10000,390000,0,24755
23103,Friends of Willy Chotzen,182,6847411,6542323,455500,2075000,0,75979
16690,Friends of Tom Andersen,363,6713300,9804720,834800,1245000,0,457381
134,Oregon Concrete & Aggregate Producers Association PAC,42,6673061,7200000,0,500000,0,0
23161,Friends of Matt Bunch,156,6655000,6090243,95000,4500000,350000,75300
5446,Oregon Family Council Issues PAC,171,6633911,11076319,6323911,0,0,0
19466,Friends of Courtney Neron,305,6622400,3413795,533000,3627500,0,0
24640,Diana Helm for County Commissioner,103,6560000,6792649,75000,2125000,5000000,22150
24273,Noemi Legaspi PAC,186,6518521,3884577,184760,5200000,0,27064526
24797,Diane Sykes for Judge,275,6508475,5019145,501000,0,836682,507745
5089,Kevin Cameron for Oregon,118,6503500,3077882,58500,600000,0,124054
18703,OR ASCA PAC,72,6500000,7137262,10000,0,0,0
23423,Darcey for Oregon PAC,277,6498610,6876003,185858,2885000,600000,72423
24400,Mari for Oregon,155,6494700,2658401,203800,2075000,0,110000
332,Marion County Democratic Central Committee,1126,6398921,9256339,1555175,66099,600000,1660098
24763,Right to Vote on the Gas Tax PAC,57,6357435,6386435,156000,6201435,0,8356095
4395,Police Officers Lobbying in Common Effort,82,6339224,6280356,692724,0,0,0
24388,Livability Oregon,196,6337750,7282493,226900,3205500,0,861250
16812,Friends of Susan McLain,223,6231100,9315971,196000,2400000,0,519505
23578,Wilsonville Voices United,105,6150132,5576775,349500,44132,0,3036920
299,Democratic Party of Coos County,1224,6011585,8534971,1624282,233203,0,1572668
24432,Creekside Quarter,38,6000000,5771102,0,500000,0,3252500
24404,Friends of HV Community,88,5981660,4167324,27500,604060,0,0
6106,Washington County Safe Communities,53,5975000,8204268,0,150000,0,0
2452,International Union of Operating Engineers Local 701 Misc PAC,231,5965461,190000,4514126,1000000,0,0
223,Portland Metro Fire Fighters PAC,228,5928150,3924040,5763475,0,0,0
20631,Friends of John Barofsky,157,5889940,5773106,312650,1000290,500000,966089
24770,Yes for Canby's Neighborhood Schools,143,5842000,7645852,402000,300000,0,932346
24595,Friends of Chris Cummings,141,5828800,3155970,250800,1508000,10000,2772384
3931,Corrections Political Action Committee,64,5809200,8050000,0,0,0,0
6032,Friends of Mike Clark,125,5785580,3736324,45000,2035580,0,150000
25103,Friends of Jayne for Portland,174,5783700,2036874,874200,0,0,11000
21691,Nathan Sosa for Oregon,134,5782500,6492991,37500,2250000,0,74499
24798,Moro for Oregon,187,5724337,5706846,324700,1534637,0,493930
293,Clackamas County Democratic Central Committee,901,5695203,9501825,1113946,638947,0,526937
24670,David Medina For Oregon,214,5682500,6215906,919500,0,2000000,0
18375,Friends of James Manning,145,5631500,5199890,17500,2904000,0,215200
23057,Feed Oregon PAC,9,5624000,0,10000,564000,0,0
20309,Washington County Ignite,24,5600000,7395248,0,100000,0,0
4167,Keep Portland Safe PAC,75,5578630,3935064,5473630,0,0,0
24616,Friends of David Osborn,310,5547755,5546576,1064000,1255000,0,885722
21861,Farrington for Oregon,151,5491100,4308911,421100,1250000,0,0
19751,Friends of Lisa Fragala,151,5485600,5987665,131000,3475000,0,60050
3917,SMACNA PAC,96,5434500,3057738,24500,0,0,0
18672,Friends of Kevin Barton,136,5378500,1082092,293500,125000,0,0
5458,Friends of Fred Girod,71,5370000,8517654,0,1420000,0,0
24710,Joanna Robinson for Oregon,361,5368669,1093527,1047219,1050000,0,210145
24362,Fields for Yamhill County,199,5331975,6563647,257533,575000,1500000,2355219
17654,Oregonians for Food & Shelter PAC,93,5307500,5318000,507500,0,0,0
25027,Hermiston for Opportunity,51,5202000,5084591,2000,0,0,0
23118,Harbick for Oregon,123,5182500,2328869,60000,2025000,0,0
24863,Friends of Adam Dean,51,5147549,5038517,67500,2650000,0,19980
24696,Ken Jackola for Oregon,121,5135000,4948183,137500,270000,300000,127653
20778,Libraries for Everyone - Vote Yes,210,5127750,5259241,1054400,125000,0,299542
20099,Campos for Oregon,245,5107355,4961474,13039,3189316,0,0
5067,ChamberPAC,21,5100000,4381197,0,0,0,0
24681,Friends for Neyssa-sary Change,371,5069100,5069200,973800,150000,0,2140418
25154,Broken Trust Javadi PAC,11,5000000,4940150,0,5000000,10000,0
3094,Amalgamated Transit Union 757 Political Fund,43,5000000,6153000,0,0,0,0
17995,Elect Zach Hudson,101,4989554,4732509,141764,4125290,0,71100
21159,Comunidad Con Maria,267,4981800,4460126,775200,2422500,0,211762
24393,Friends of Brendan Murphy,79,4972200,3391929,137000,200000,0,0
24622,Friends of Troy Cribbins,119,4959215,5895402,147809,2522384,1050000,252799
18925,Committee to Elect Daniel Bonham,111,4940000,8464662,0,3300000,0,0
25049,Friends of Serena Cruz,177,4896530,2175582,600930,145600,0,80729
23696,Coalition for Portland’s Future,14,4872885,5646312,0,4872885,0,55000
20522,Young Republicans of Oregon,615,4862957,3055542,803009,1346700,0,1741258
24074,Friends of Mai Vang,421,4860500,4227308,687400,350100,200000,1270887
347,Wasco County Republican Central Committee,388,4835302,8697321,267442,198190,0,4079608
5667,Rogue Valley Association of Realtors Political Action Committee,445,4807084,1678496,3178640,0,0,0
217,ParkPAC,147,4767400,7370319,295000,0,0,0
298,Columbia County Republican Central Committee,399,4745000,7995776,318000,212000,0,297500
17668,Committee to Elect Pam Marsh,249,4733800,7043880,48800,2875000,0,0
24563,Friends of Sara Duncan,284,4730325,4193618,1033825,1720000,250000,190348
4680,Sara Gelser Blouin for State Senate,167,4673200,3570968,404700,2575000,0,20075
228,Professional Adjusters Interested In Democracy,140,4672367,5176900,127167,0,0,150000
21699,Friends of Beth Jones,95,4638478,4708721,210238,3700000,0,2697510
5410,Oregon Cattle PAC,129,4612515,7851885,1192515,0,0,0
16882,Central Oregon Small Business PAC,273,4605000,2900000,25000,0,0,0
350,Yamhill County Democrats,1531,4524150,6251245,1447550,0,0,1405364
24638,Ty Rupert for Sheriff,140,4512380,3533202,139385,0,5500,294420
21023,United for Portland Action Fund,12,4506133,4886500,6133,0,0,55000
21544,Voices for Catherine McMullen,626,4429440,3425024,841640,1025000,0,446489
16409,Oregon Society of Anesthesiologists PAC,53,4411000,2112412,4351000,0,0,0
25030,We Care for Oregon,10,4400000,4356017,0,2200000,0,0
169,Oregon Manufactured Housing Political Support Committee,113,4390000,157500,53000,0,0,0
23058,Community Budgeting for All,221,4335244,2384501,312678,75000,0,595767
24848,Bryan Starr for Oregon,67,4329763,4329763,126308,3150000,0,1062700
24679,Linder for Oregon,338,4282800,4282800,1110300,150000,0,2010242
23824,Yes for Tigard-Tualatin Schools,46,4221918,3552636,30563,100000,0,0
21700,Friends of Kit Johnston,83,4207500,2111052,97500,450000,0,276700
21842,Rachel for Oregon,256,4205308,2365779,544618,1400390,190000,2765493
2829,Oregon Refuse and Recycling Association PAC,56,4192474,1096144,7474,0,0,0
24661,Tom Sollitt for Portland City Council District 3,95,4189200,920853,681900,0,0,0
24461,Wilson for Springfield,113,4184344,3136652,111646,1000000,600000,2700000
22941,Albany First PAC,54,4163787,4271200,113787,1000000,0,55000
25190,James Rhodes for Sheriff,70,4158042,5455570,247500,290542,4000000,36583
24108,Friends of Jeff Cooper,66,4145000,4175000,95000,650000,0,21000
23412,Noah Robinson for Oregon Senate,128,4078740,820049,1137740,350000,0,0
24113,Friends of the Polk County Fairgrounds,75,4068000,2010050,113000,0,0,355125
24572,Friends of Rachel Philip,213,4061467,2485147,532868,1515000,0,525583
22127,Candidate Identification and Support Committee (CISC PAC),223,4050144,2325394,222590,250000,0,0
3099,Oregon Nurse Anesthetist PAC,1187,4007500,4304760,1055500,0,0,0
24459,Committee to Elect Athena Aguiar,517,3951167,2888024,1707467,100000,0,94674
13619,Oregon Aging & Disability Services Political Action Committee,44,3950000,3925000,0,0,0,0
11,Orloggers PAC,181,3948623,3500000,98623,0,0,720000
307,Douglas County Republican Central Committee,987,3925875,13999354,179500,600000,0,150000
25123,Yes for Our Hillsboro Schools,44,3923321,67415,85721,720000,0,6024
15483,Friends of Thuy Tran,159,3893800,3913623,904900,975000,0,0
24750,Behre for Judge,198,3840000,3849500,799100,75000,0,808344
24755,Dougherty For Judge,81,3830000,3483826,95000,0,0,0
17643,Friends of Teresa Alonso Leon,196,3771700,3664651,697500,485000,0,16757
315,Jackson County Republican Central Committee,772,3764230,10451663,497326,0,0,8287408
23826,Rural Independent PAC,157,3704700,479485,533200,0,0,102875
24822,Pencil PAC,68,3700000,3070740,0,0,0,0
24610,Cannon Beach Sustainable Dunes Coalition,31,3610000,3610000,10000,0,0,36669
3598,Low Income Dental Political Action Committee,33,3610000,4650000,20000,0,0,0
15255,Friends of Elizabeth Steiner,197,3609500,12180079,79500,675000,0,0
24973,Esther for Portland,136,3581900,1342629,490400,0,0,87500
24882,Bitzer For Klamath,62,3577500,2787663,57500,100000,0,270000
16073,Oregon Coast Electrical PAC,660,3562014,3255000,2628139,0,0,0
335,Multnomah County Democratic Central Committee,619,3539100,3873582,693000,1800000,0,343348
21892,Adam4Oregon,105,3530000,2371289,195000,2800000,0,2651000
24193,Virginia La Forte for School Board,113,3518100,4717280,385100,1410000,1400000,769854
12848,Douglas County Physicians PAC,8,3510000,1531178,10000,0,0,0
618,Deschutes County Republican Central Committee,1659,3509242,14790300,655426,27500,0,588989
24868,Katina for Judge,129,3508145,3509374,267500,0,0,1071356
23799,Defeat the Costly Tax on Sales,15,3500000,166866186,0,0,0,0
24826,Citizens for Schools and Community ,100,3477458,3373375,79510,0,0,554551
24905,Welsh for Oregon,161,3403313,2351786,424199,1575000,0,9136413
24716,Almquist for Judge,99,3377500,3198503,242500,0,0,3522800
3889,Taxpayers Association of Oregon PAC,323,3362000,4469275,1714500,0,0,0
306,Douglas County Democratic Central Committee,808,3350038,3567928,820385,269795,0,659684
24573,Yes on Measure 20-373,346,3340102,3395611,733496,314006,0,621300
24676,Don't Gerrymander Deschutes,47,3338500,557220,115000,1533500,0,0
21775,Chaichi for Oregon,252,3333344,3407792,243944,825000,0,0
147,Oregon Farm Bureau Political Action Committee,78,3323967,2497100,1806967,0,0,0
24099,Friends of Rashelle,239,3322300,3461088,1069800,1400000,0,1533363
21639,Helping Oregon Racing & Supporting Equines,18,3300000,3937093,0,0,0,0
23464,Team Shannon Jones Isadore,72,3292500,2365347,5000,1762500,0,710000
24537,Manny for Salem,105,3270371,3280371,241771,1283600,10000,2391155
21488,Michele Stroh for Senate,97,3267541,2393971,256855,2700000,0,911000
24452,Blayne for Oregon,261,3262666,3255834,672400,614966,0,1176247
23981,Native Vote Oregon,20,3250000,4070123,0,0,0,0
24851,Jenn for Eugene,135,3202333,1996955,401733,375000,0,47975
245,Salem Fire PAC,32,3186176,3075000,3186176,0,0,0
24959,Pendleton Together PAC,41,3161533,1260600,20000,71533,0,0
18462,Friends of Andrea Valderrama,135,3075000,4125270,0,2225000,0,0
23262,Sarah 4 OR House,82,3053100,2361668,28100,1475000,0,22550
24076,CPR PAC,115,3042772,2386551,114416,142000,0,40000
17945,Charles Gallia for Oregon,152,3040200,3040200,358000,1625000,0,535979
4016,American Council of Engineering Companies - Oregon PAC,97,3035000,3671761,10000,0,0,0
349,Washington County Republican Central Committee,815,3029638,7325375,429375,0,0,4040150
25258,Deschutes For All,76,3027200,1138005,17200,350000,0,488961
24949,Rural Oregon Prosperity Engine PAC,5,3017714,2186463,0,1500000,0,0
24504,Alex for Judge,116,3010100,7706530,133500,0,4046022,80000
20882,Ashton for Metro,134,3009600,4023901,281500,1395000,0,0
14944,ABC Merit Shop Contractor PAC,90,2995000,2784797,30000,25000,0,194500
24605,Friends of Lauren Connally,99,2993691,2312852,116430,834661,0,1010425
13,Oregon Rental Housing Key PAC,108,2975500,3556165,490500,0,0,0
21336,Citizens for a Safer Linn County,61,2975000,2047351,85000,330000,0,37600
24808,Friends of Roy Kaufmann for HD18,186,2971511,2945268,720500,170000,280000,100000
171,Oregon Medical PAC,160,2959125,2176300,2691825,0,0,0
22609,Committee to Elect Kina Chadwick,87,2915000,2347215,255000,2275000,0,584385
23643,Oregon Coalition for an Environmental Rights Amendment,202,2910077,2809954,335865,1015307,0,0
22001,Friends of Greg Evans,77,2907500,2671875,20000,900000,0,2819550
14515,Friends of Chris Gorsek,167,2890264,4512642,12764,450000,0,0
3865,Oregon Firearms Federation PAC,212,2875800,5695800,2465800,0,0,0
22909,Friends of Chet Wamboldt,168,2870750,2978279,76150,517000,0,670086
24849,Jindal for Judge,99,2830000,3364945,435000,0,550000,275719
24098,Friends of Karin Stark,165,2819001,2851046,567500,1010401,0,502339
2109,Fire Fighters Political Action Committee,138,2809245,697880,2779290,0,0,0
21788,Jessica George Community Fund,9,2800000,111500,0,0,0,0
19369,Friends of Jules Walters,71,2795700,3327253,28500,1525000,0,0
24155,Concerned Citizens for Bay Area Hospital,30,2790000,2782718,0,0,0,0
22772,South Coast Forward,110,2780948,2618539,192834,250000,0,0
319,Josephine County Republican Central Committee,551,2773301,8238103,173801,400000,0,709461
3219,Professional Firefighters PAC ,38,2759364,2948535,2759364,0,0,0
24073,Friends of Syed Qasim,178,2754800,2705464,132200,680000,0,919023
294,Clackamas County Republican Party,932,2751012,8263415,925674,640900,0,2194265
20784,Travis Stovall Committee,71,2745100,484929,120000,1050000,0,0
24702,Lisa Gambee for Wasco County Commission,181,2741000,1743655,364500,409500,0,482136
24814,Oregon Prosperity Action Fund,13,2700000,2660178,0,2250000,0,0
108,"NW Oregon Labor Council, Comm on Pol Ed Dept",38,2626435,1221300,0,0,0,10000
21623,Friends of Shannon Singleton,222,2603400,1825470,576700,60300,0,30700
24642,Benham for Oregon,120,2593307,2553764,111444,0,0,3797316
337,Polk County Democratic Central Committee,896,2577334,3428663,1010539,160000,0,393096
153,Oregon Food Political Action Committee,21,2550000,3222356,0,0,0,0
24217,Save Gladstone Schools,154,2545300,1515579,206000,375000,0,50000
21770,Committee to Elect Jeremy Gordon,275,2539959,2716204,324325,590000,52224,274580
291,Benton County Democratic Central Committee,787,2538082,3596054,843419,286072,0,372496
17240,Progressive Salem,536,2524000,2633076,866500,650000,0,0
23849,Friends of Smart Growth,128,2516500,2588925,217500,0,0,27400
12844,Oregon Climate PAC,8,2500000,2561089,0,0,0,0
20369,Sustainable Agriculture and Energy Political Action Committee,17,2500000,848178,0,0,0,0
20502,Liuna Local 737 Political Action,19,2500000,2618500,0,0,0,0
22023,Linda Nishioka for Salem,166,2497900,2616883,637800,340000,850000,75694
24647,Torrie Philippi-Griggs for Morrow County Commissioner ,99,2472106,2180564,78375,806615,170000,624440
17734,Association of Engineering Employees of Oregon PAC,154,2465246,1901521,2393641,0,0,129000
312,Hood River County Democrats,374,2431955,2047529,796455,20000,0,233425
328,Linn County Democratic Central Committee,867,2420634,1954342,765289,88345,0,260494
6104,People for Libraries,63,2415000,7149581,225000,50000,0,0
24909,Peter for Judge,124,2400327,2917106,340517,0,550000,135000
24126,Re-elect Julie Weismann to LCC Board,43,2375077,2375077,65077,0,0,122500
17090,Rogue Valley Transit Now,58,2374100,3034599,144000,245000,0,0
24559,Ky for District 7,231,2372987,2398733,377077,310500,0,62484
22639,Friends of Miles Palacios,138,2352400,2130348,208000,885100,0,66600
80,Joint Council of Teamsters No. 37 Political Fund,642,2338506,9642664,1127485,0,0,0
24484,Evelyn for Oregon,220,2328700,2331839,498100,457000,0,441032
24287,Terry Tipsord Memorial PAC,11,2286295,2276401,0,2286295,0,0
21914,Committee to Elect Charlie Conrad,122,2270700,1974306,342600,100000,0,3757
24915,Re-elect Judge Amit Kapoor,100,2263700,2176743,323500,0,0,144313
16291,Friends of Micki Varney,152,2259702,1561892,461202,415000,300000,345485
342,Umatilla County Republican Central Committee,248,2257376,5156635,427992,200000,2435600,37159
18455,Friends of Mark Watson,144,2239975,2282444,323975,442500,0,545736
19051,The Committee To Re-Elect Rick Dyer,46,2228064,2149332,7500,590564,0,0
24501,Elect Isabella Lee Tibbetts,127,2227525,1157140,417025,1025000,0,15000
313,Hood River County Republican Central Committee,325,2218519,3318441,180443,0,0,2042983
24084,Friends of Dr. Truong,170,2218192,2422168,300500,441792,80000,1097182
25218,Thaddeus Betz for Judge,40,2210000,148833,195000,0,0,0
101,National Federation of Independent Business Oregon Political Action Committee,56,2207500,1125000,55000,0,0,0
14942,IEC Oregon Merit Shop Electrical PAC,89,2200000,1361160,0,320000,0,0
19555,OregonBioPAC,27,2192500,1610159,27500,0,0,0
7665,Oregon WheatPAC,219,2173100,1521223,1748100,0,0,0
25080,FRIENDS OF NATHAN ONG NORRIS,210,2147599,1727602,697200,0,0,61810
23959,We Need Steve,183,2113500,1942972,168500,0,50000,10698
339,Tillamook County Democratic Central Committee,491,2109149,1736316,594199,121300,0,249378
24124,Reelect Judy Newman,127,2097200,2091830,422600,400000,0,100292
24518,Seeger HD52,146,2089000,929551,442000,0,0,212250
24081,Neighbors Across the Region,97,2080824,1863478,34500,81324,0,0
13997,Friends of Lew Frederick,201,2078000,2172176,75500,1225000,300000,0
24477,Friends of Deanna Gwyn,81,2072800,2072800,151300,941500,0,2114804
24444,Restore Jo Co PAC #1,155,2069000,2180200,982000,0,0,319095
25125,COMMITTEE TO ELECT JILL CUADROS,55,2041600,659204,97500,200000,125000,398200
24608,Friends of Titonian,107,2032900,546643,198500,1345000,0,289084
24875,HRV Residents for Parks and Recreation,182,2027256,1920180,150715,0,0,137763
24472,Betsy for Salem,74,2014600,2012719,153600,1171000,0,2401370
23134,Team NWP,341,2004752,3164069,785652,170000,0,10000
24692,Committee to Elect James McLaughlin for Sheriff,82,1990290,1569272,40000,50290,0,0
25021,Friends of Callee Ackland,127,1978200,729988,358100,135100,200000,87925
21156,Oregon for Austin Folnagy,128,1968500,1651523,230900,645000,0,1196393
23944,Friends of Columbia 911,33,1965502,1953838,60000,320502,0,0
24594,Mary Dirksen for Oregon,118,1959900,1164896,139900,675000,10000,318698
16953,Humane Voters Oregon PAC,55,1939500,661976,104500,0,0,0
22118,Friends of John Nielsen,92,1939000,1407649,79000,150000,960000,65500
19000,Polity PAC,148,1919200,4667048,36737,1862463,0,0
23969,Oregon’s Future,18,1915528,1419000,5000,10528,0,0
24143,Friends of Deanna Garcia,70,1911000,1911000,103500,800000,0,4135475
2070,Mid-Valley Affordable Housing Coalition,10,1900000,1500000,0,1400000,0,0
17326,Vote Honl,157,1894500,2419500,714500,150000,500000,298593
163,Oregon Telecommunications Association PAC,45,1875000,1510000,0,0,0,207500
25071,Clark4Ward1,85,1867000,1175279,142500,0,220000,47500
24270,Eugene Save Our Services,108,1859844,1145872,171425,0,0,0
23939,Friends of Brian Schimmel,79,1851600,657026,80000,500000,0,0
23304,Love Where You Live,270,1843026,1360068,487526,250000,15000,100000
5534,Willamette Women Democrats PAC,86,1835900,1700000,581400,0,0,423327
22512,Kipperlyn For Community,173,1833183,1042442,228067,15000,0,108754
24093,Friends of Kasey Adler,77,1830000,1830000,85000,250000,0,133800
25177,Hession for Judge,20,1827500,42362,52500,0,0,0
20077,Friends of Claire Hall,70,1820500,1806984,283000,350000,100000,0
24564,Tom Doman for Harney County ,54,1819470,1711048,15240,0,0,0
21664,Friends of Ivette Pantoja,60,1790100,434489,94600,1160200,0,178334
25105,O'Neil for Sheriff,48,1785000,74787,155000,350000,0,1625000
25046,Cannon Beach Sustainable Dunes Coalition,18,1766579,0,30000,1431579,0,0
17824,Sami For Oregon,219,1760400,1639099,447400,989000,0,195750
24967,Friends of Teo Ramirez,238,1758166,1025762,440165,216300,0,68232
24105,Friends of Lisa Harnisch,109,1753500,1977607,373500,485000,130000,3524839
24749,Friends of Cristen Don,164,1731500,1517058,557500,0,0,410475
25120,Sportsmen for Oregon PAC,30,1722500,1228492,25000,0,0,0
14121,Umpqua Valley Republican Women's PAC,18,1700000,1750000,0,0,0,58000
3087,Basic Rights PAC,253,1689425,2163788,973200,67125,0,0
24784,Keep Wilsonville Voting,93,1669674,1456255,113000,208785,0,118260
14931,IAFF L2557 PAC,24,1669601,1500,0,0,0,0
25042,Friends of Chehalem Parks PAC,20,1669046,1482381,42500,110934,0,0
21429,Protect Kids PAC,15,1638709,1612600,2176,886533,0,0
24844,Crary For Oregon State Senate,26,1635000,1110703,10000,0,0,0
21290,Friends of Herman Greene,84,1632500,848817,96000,100000,0,641466
24800,Yema Measho for Judge,86,1632000,1609911,246000,0,0,143200
22242,Friends of Janine Gladfelter,35,1631200,734286,35000,506200,620000,27474
18016,Friends of Jim Doherty ,128,1630113,3629476,45822,14985,2580410,229000
20310,Vote Judge Adrian Brown,100,1625400,7458341,179000,50000,6500000,252508
15519,Friends of John Lively,26,1625000,1630000,0,750000,0,0
329,Linn County Republican Central Committee,396,1616785,3402280,239953,1000000,0,900
304,Deschutes Democrats,357,1610000,3810478,715500,0,0,0
25083,Friends of Adrienne Scritsmier,66,1606079,999881,248700,132379,0,68660
21598,AFSCME Values in Practice PAC,55,1597764,27526,1591389,0,0,7500
19148,Re-elect Mary Faith Bell for Tillamook County Commissioner,39,1591454,508662,474727,0,0,0
24794,Elect Cathie Rigby,149,1571523,1465781,290000,645100,90000,449818
24799,Neese for Judge,96,1564400,2672147,341900,0,1010000,83800
23611,Elect Nabil,106,1547100,342513,648900,25000,1000000,0
24717,Elect Judge Michelle Bartov,96,1532800,3806295,215000,75000,3500000,137400
24448,Friends and Farmers for Bernards,94,1524000,817731,281500,0,0,208800
20646,Don't Bail on the Jail,17,1510000,1670800,10000,900000,100000,0
24001,Youth PAC,22,1500000,1312920,0,0,0,0
24396,MCI-15 Hold Government Accountable for Property Crimes,5,1500000,50500,0,0,0,0
24609,Friends of HD-9,6,1500000,73500,0,0,0,0
24149,Elect Jerry Cole,104,1480000,1307188,127500,350000,0,335785
318,Josephine County Democratic Central Committee,556,1472436,2302762,766626,0,0,38045
24994,Spencer Todd for Judge,28,1471500,605626,46500,0,0,0
333,Marion County Republican Central Committee,176,1470183,2788361,428938,12500,0,141915
23340,Munson Leadership PAC,190,1466072,1382888,344300,55572,580870,634275
351,Yamhill County Republican Party,349,1456031,4569673,172725,0,0,406472
24619,Lake Oswego Fire Station Rebuild PAC,68,1442500,1442500,105000,0,0,8576
302,Curry County Democratic Central Committee,393,1441721,1017670,704721,0,0,35500
24584,Friends of John Wilson ,175,1440100,1418847,587700,0,0,57800
24694,Friends of Chad Parker,76,1433569,941313,98569,150000,0,0
24173,Jordan Rooklyn for Ashland Schools,104,1431728,1192508,858000,68728,80000,0
24069,Friends of Jesse Maldonado,205,1417828,844805,499828,360000,0,890786
24482,Value Oregon Trail Education,98,1417500,1014556,25000,0,0,2297
24827,Yes for Willamalane,35,1416600,1416205,41500,0,0,26413
24102,Friends of Kris Schendel,39,1416200,1290159,83700,750000,0,5000
24611,Fix Marion County PAC,153,1407400,972870,443400,0,0,66480
20860,Annessa Hartman for Oregon,142,1400200,3251771,50200,325000,0,0
24643,Jasmine for the People,103,1391500,1385856,272700,35500,0,25000
24240,Jennifer Parker PAC,50,1389500,1389500,34500,925000,0,4374666
24272,Anthony Mitchell PAC,44,1387500,1387500,12500,1175000,0,4103691
23778,Friends of Ciatta Thompson ,87,1383445,924803,121000,25000,5000,476705
21960,Friends of Elise Yarnell Hollamon,43,1369408,46782,207000,177408,0,0
24406,End the Death Tax PAC,89,1365962,6197177,220546,300000,4950000,2510425
24083,Jason Kroker PAC,59,1360000,1360000,35000,775000,0,4630591
24812,Rosa Rice 4 UC Commissioner,76,1350898,1212157,159148,0,0,147898
24918,Whitney Rilee for Baker County Commissioner,72,1350200,938357,110200,0,0,61699
23525,Friends of Jenny Kamprath,44,1343000,742973,133000,0,0,516106
24110,Kris McLaughlin for GAPS Board,83,1339388,1029184,298100,82188,0,89800
20506,Friends of Anthony Martin,169,1337800,1489160,340400,292100,0,775947
22748,Town and Country PAC,49,1330000,2464483,0,100000,0,0
24274,Jeremiah Radka PAC,41,1325000,1325000,0,1175000,0,4103691
24520,Friends of Coos County Republicans,145,1317024,1743777,195483,0,100000,108292
24881,Friends of Bryan Guiney,91,1314500,1128079,364500,100000,0,201365
22236,Future Portland PAC,73,1314000,732964,134000,0,0,4741
24345,Friends of Ayla,177,1313500,1322000,278500,0,0,390000
23132,Friends of Umatilla County District 1 Firefighters,94,1310000,625193,558000,0,0,0
24075,Friends of Jorge Sanchez Bautista,155,1306400,1212067,559500,370000,0,2571258
24625,Republicans against Tyranny,38,1301636,1155718,418500,478136,0,0
21706,ReElect Colleen Roberts,50,1300000,984592,70000,250000,0,12200
21976,Committee to Elect Julie Brecke,77,1297067,1427617,361267,250000,0,250000
4556,Surplus Line Insurance PAC,47,1292000,1575000,60000,0,0,960000
22607,Oregon CARES,107,1291441,1545001,80000,540390,0,213603
18866,Scarfo for Union County,36,1285963,723601,105015,500000,200000,108900
5049,Bend Fire Fighters Association PAC Fund,21,1282068,42500,1282068,0,0,0
24166,Mel Fuller for School Board,121,1281300,1266694,527000,225000,0,3022212
326,Lincoln County Democratic Central Committee,529,1275900,1980552,491400,150000,0,1499699
24574,Osborn for Coos County,99,1275163,1235219,171354,325000,0,403523
24876,Friends of Jim Bernard,51,1273500,1273500,53500,350000,0,0
19710,McMinnville Professional Firefighters PAC,259,1273086,0,751086,0,0,0
24147,Steph for Our Schools,84,1270300,1260204,280300,375000,0,2083441
24775,Friends of John Grant,42,1260800,859350,62000,750000,10000,5200
24804,Heidi Brown for Judge,97,1260000,1252000,355000,0,0,286000
24517,Friends of Kathryn Osborne,124,1242000,750301,202000,350000,2500,48000
19280,East County Rising PAC,58,1239500,3303626,29500,50000,0,0
274,Veterinarians Organized to Elect PAC,75,1235000,1425000,560000,0,0,0
16981,Hillsboro Professional Fire Fighters PAC,47,1228864,900000,1228864,0,0,0
22874,Baker County Republican Women,259,1228464,1672846,376270,0,0,823940
24139,Friends of Eric McGuire,75,1223000,1223000,140500,725000,0,521338
24829,NW Oregon Unity in Action,51,1218500,283216,86400,0,0,33595
249,School Employees Exercising Democracy,24,1200000,1250000,0,0,0,0
3591,Betsy PAC,95,1200000,8027039,0,0,0,0
130,Oregon Certified Public Accountants Legislative Action Committee,99,1194400,975000,634400,0,0,0
21358,Elect Mark Jones,94,1189088,1267160,92398,0,300000,175380
24612,Mullen for Portland,127,1188800,878154,750300,0,0,0
290,Baker County Republican Central Committee,181,1186486,2786640,16486,0,0,2670070
23704,Friends of Gap Road,81,1182500,838356,67500,0,0,0
24806,Darla Mead for Oregon,76,1175000,319315,130000,870000,0,424300
25175,Friends of Mitch Pace for Sheriff,20,1175000,1009988,2000,0,0,0
14490,Oregon Technology PAC,30,1170000,1346950,30000,0,0,0
2988,Dairy PAC,38,1163500,74224,38500,0,0,0
24431,Susan for Josephine,171,1160218,1859924,371818,0,700000,107995
24429,Heylin for Deschutes,79,1155957,767003,162458,0,0,67280
14575,ChiroPAC,189,1144500,1252687,222000,0,0,0
24266,Yes on 29-184,65,1141500,937935,131500,0,0,103236
24118,Friends of Calli Ross,91,1131200,1131200,199500,430000,0,145731
25064,Friends of Karim Delgado,89,1128544,515206,306583,125000,0,40000
18770,Committee to Elect Kevin Stine,105,1126896,932148,114900,11796,0,0
25048,Joshua for Gresham,42,1111000,455200,126000,500000,0,0
18968,Christine Lewis for Metro,29,1107500,244634,62500,550000,0,33020
25144,Neighbors for Chelsea Alionar,35,1107300,44999,168000,450000,0,0
24370,IP 45 The People's Right to a Healthy Environment,21,1105300,1105300,55300,1000000,0,0
20675,WinWithWantz,64,1097500,447424,185000,0,0,65000
21164,Pueblo con Karina,68,1095700,501693,223000,70000,0,2998562
24123,Ross for Education,46,1095205,1443219,84500,866000,0,957662
24839,Newberg Dundee Schools Levy,84,1091066,1086284,118500,0,0,2500
13774,Family Physicians of Oregon PAC,89,1090500,1122990,225000,0,0,0
25152,Ryan Eichelberger PAC,20,1085000,143730,45000,0,0,0
3161,Oregon Winegrowers PAC,19,1082213,105497,29500,0,0,0
10367,The Good Government Council,68,1078653,270000,927500,126153,0,0
24801,Elect Urness,36,1078000,754742,88000,500000,0,0
25285,Protect Our City Services,11,1065000,0,15000,1000000,0,120000
20366,Friends of Boomer Wright,84,1060000,5201767,10000,200000,0,0
622,Libertarian Party of Oregon,118,1059850,667185,356750,0,0,0
24297,stephanieforgaps,62,1059500,865836,29500,915000,0,329680
24704,ELECT BILL HARVEY,52,1052000,1052000,97000,0,0,24569
25253,Yes for Silver Falls Schools,18,1051688,0,17614,0,0,0
24571,Julie for County Commissioner,67,1047500,1057175,47500,0,0,0
16589,Friends of Pat Malone,103,1042100,2084650,464000,0,725000,56950
69,Friends of Naturopathic Medicine ,47,1041000,126874,164000,0,0,0
59,Eugene Education Association - PAC,30,1038546,180000,1038546,0,0,0
4573,Gresham Professional Firefighters PAC,78,1033674,524800,956972,0,0,0
5926,Community in Support of NC12,51,1032000,494270,12000,0,0,24690
22194,Citizens to Elect Yi-Kang Hu,78,1019500,101463,117500,170200,0,185000
24762,Friends of Mike Brosius,63,1006000,2486804,196000,0,2000000,52200
24046,Friends of Christy Splitt,143,1005300,1422749,520300,150000,0,1994063
24066,#ENDVBM,118,1000430,1757692,93845,0,0,6337
15684,Committee to Re-elect John Sweet,13,1000000,1484756,0,350000,500000,0
19804,Oregon Seafood PAC,14,1000000,1260500,0,0,0,0
21160,Yamhill County Ag PAC,25,1000000,617770,0,0,0,40000
25176,Friends of Neil Tunmore,24,995000,27125,20000,0,0,0
24927,Friends of Mark Norman,20,985996,56596,10000,0,0,2400000
24888,Friends of Bri Williams,155,983900,293617,578600,0,0,0
16738,Ken Helm for Oregon,94,982000,2456699,2000,280000,0,0
23432,Jennifer Massey for Mayor,21,980580,18750,0,830580,0,0
16541,Hayden for Oregon,72,975000,5946511,0,325000,0,0
24114,Community For Angelo,76,972700,903262,157500,410000,0,2865174
24057,Curry Citizens for Law Enforcement,19,971059,950814,20000,452059,0,0
25003,Peren for Lake Oswego,106,963900,235914,271000,26000,0,209865
20331,Melanie For Bend,72,960100,477869,136100,79000,0,25000
17017,Committee to Elect Rick Lewis,38,960000,2642017,10000,100000,0,0
23292,LeslieforOregon,91,958580,849063,312580,0,250000,410000
24292,Mitra 4 Clatsop County,88,948000,944714,138000,215000,0,17500
24747,Jeremy Dumire for Curry County Commissioner,85,937500,788215,32500,0,30000,0
22095,Justus For Baker County,50,932500,566766,30000,0,0,250062
346,Wasco County Democratic Central Committee,130,928000,927796,368000,0,0,8360
24129,Friends of Katie Rhyne,96,926675,777704,281525,212500,0,609035
24707,Elana for Bend,109,926100,318607,397900,0,0,0
18871,Oregon Smart Growth PAC,62,925000,755000,0,0,0,0
765,Pacific Green Party of Oregon,235,920600,744177,677900,0,0,0
24796,Citizens for Will DelPlato,67,917500,177874,117500,0,100000,0
22206,Rust for LCC,48,916900,768589,56900,525000,0,970761
21852,Phil Brady for Wasco County,38,914150,489724,84150,0,0,65000
24639,Safe Water Strong Smiles,31,913211,913211,34685,668526,0,19200
21100,Friends of Karen Perez-Da Silva,82,911500,653367,326000,210000,0,478807
24178,Education Forward Committee for Devon Lawson,97,903553,925122,114058,500000,0,1537404
21223,Yes for a Safe Clackamas County,26,900000,1248560,0,0,0,81100
24961,Taxpayers of Josephine County,7,900000,898370,0,600000,5000,0
3,AG-PAC,5,900000,16150,0,0,0,0
25081,Protect Heritage Parks,75,898439,301434,157500,15339,0,743104
24621,Cory Miller for Commissioner,78,897900,922082,157900,200000,24182,0
24218,Great Tillamook Schools,20,890000,779204,35000,0,0,0
24859,Thomas Hiura for West Lane,49,889300,649345,104900,0,55000,0
24314,DITCHVOTEBYMAILPAC,53,884895,740510,54290,0,0,0
22251,The Public Health PAC,442,883368,235080,264076,0,0,0
24188,Citizens for a Safer Albany,10,880000,583584,10000,250000,0,0
14024,Redmond Firefighters Association,53,877708,0,822880,0,0,0
24580,Rand PAC,89,875000,1571216,100000,0,750000,0
23311,Friends of Todd Vaughn,31,873365,871885,42500,0,0,0
24790,Ben Fisher for Oregon,50,863700,860402,203600,100000,0,83317
24665,Dave for Salem,92,863100,1322156,193000,100000,500000,173148
345,Wallowa County Republican Central Committee,175,860500,1352652,381600,0,0,256418
23455,Friends of Will,58,858500,192425,148000,0,0,64200
1869,PAC 483,34,852100,849265,152100,0,0,0
24962,LoPilato for City Council,66,850800,683640,170800,0,0,81915
24651,Nicole for Portland District 3,104,836500,834822,286500,0,0,0
24390,Bob Zybach for Lane County,137,833633,839544,137581,0,5911,0
5041,Crook County Democratic Central Committee,379,832183,1860779,282520,50000,0,358613
23739,Friends of Tai Pruce-Zimmerman,83,822300,903030,144300,20000,100000,25000
24115,Partners for Proctor,60,819900,637493,148900,250000,0,745866
25148,Friends of Dorian Russell,106,819300,331625,167500,0,0,0
15409,Elect Kelley Minty ,59,805100,1304095,90000,50000,0,179598
24566,It's Black & White with CJ,61,803900,672864,178900,0,0,37333
23965,Better Public Education PAC,15,800000,320000,0,0,0,0
4301,Wildfire Suppression PAC,6,800000,752105,0,0,0,0
24068,Friends of Pradnya Patil,59,790500,239223,105000,195000,0,67500
300,Coos County Republican Central Committee,140,787724,1136064,103702,10322,0,336100
15823,Oregon Faith and Freedom Coalition PAC,52,784835,345000,460835,0,0,0
25153,Friends of Sue Garino,18,784770,247263,54770,0,0,0
23406,Friends of Colene Martin,44,782500,1239974,57500,0,750000,460073
19036,Friends of CM Hall,71,778800,29371,490900,0,0,68200
22249,Bold Beaverton PAC,80,775200,818585,290000,150000,0,0
24818,Friends of SCS Fire District,23,775000,734681,0,0,0,0
24845,Sandy Area Citizens for Better Fire and Emergency Services,15,770000,766550,10000,610000,0,0
22471,Oregon West PAC,10,750000,752875,0,0,0,0
24803,Lee for MultCo Judge,51,749000,554705,134000,0,0,0
24877,Vote Belesiu,49,747600,720142,77500,0,0,60000
24969,No Tax YamCo PAC,15,745163,742115,32500,712663,0,0
24481,Elect Mika Bair,33,744000,61444,29000,0,0,0
24834,Good Governance Corvallis,60,740500,365474,45000,0,0,24810
24369,Keep Wilsonville Voting PAC,40,735000,720000,30000,30000,0,37287
24303,Citizens For Lebanon,32,729042,100146,135500,131096,0,0
24933,Friends of Lane Extension,30,728501,610750,123001,0,0,0
24587,Friends of Wes curtiss,64,725399,2571811,10000,0,0,119110
21768,Elect Kellie Jo Smith,39,718000,443768,33000,0,0,283333
24134,Thessen for 4J,66,717100,590156,146800,361000,0,806508
18844,Friends of Jennifer Yeh,52,706926,627773,66026,25000,0,0
24189,Elect Erin Hatch for Beaverton School Board,93,701300,706495,341300,0,0,474966
325,Lane County Republican Central Committee,913,701042,8229690,238000,100000,0,41200
25211,Garcia for Council 2026,12,701000,30474,1000,100000,0,133333
164,Oregon Insurance Political Action Committee,69,700500,304228,102000,0,0,0
25172,Nate for Judge,8,700500,375000,500,0,0,0
20337,Friends of Suzanne Weber,57,700000,658900,32500,550000,0,0
25128,Citizens for a Safe St. Helens,9,700000,43000,0,700000,0,0
25133,Zohra for Judge,14,700000,277220,0,0,0,0
21217,Friends of Kirsten Wyatt,64,697102,785534,235000,72002,0,125000
24248,Friends of Maygan Hiatt,49,695000,697209,30000,0,10000,0
24221,A Fair Share for Tourism,22,692216,512286,500,691716,0,0
22058,Chuck in 2026,80,688300,1145525,148500,0,475000,316973
23159,Protect Lane County Watersheds,90,685800,1063645,119600,191900,0,0
25151,Daniel Lofy for Mayor,32,681000,70600,16000,0,0,0
24530,Cole Chase For Judge,42,670800,2284055,20000,0,1600000,0
24896,Committee to Elect Mark Simmons,20,670057,570057,0,20057,0,631382
24137,Samantha for Community,44,667000,463370,207000,60000,0,0
17619,Curtis Landers for Lincoln County,75,665700,1051611,270700,125000,0,767339
23352,Patria PAC,47,664573,626002,39573,0,0,0
21777,Friends of Simone Rede,85,660578,253286,258078,0,0,44394
24795,Rawley Bigsby for County Commissioner,46,655938,628448,105875,100000,0,300000
22339,Katherine Lupton for Office,32,653498,1131431,29385,75000,0,45000
23989,Esperanza PAC,9,650000,631083,0,150000,0,0
25050,Nick for Milwaukie,16,650000,100915,30000,500000,0,72840
5724,Friends of Martha Schrader,43,650000,921422,0,400000,400000,0
24136,Friends of April Olson,36,645600,463647,175500,110100,0,0
24601,ELECT CURRY COMMISSIONER LYNN COKER,52,645540,559926,19570,0,0,1026926
24372,Committee to Elect Brad O'Dell Douglas County Sheriff,9,645151,25000,10000,620151,0,0
22022,Elect Bret Cecil,131,644518,685465,207918,100000,0,0
24832,Astoria Housing for All,75,637600,637600,43500,0,0,0
24514,Friends of Nicole Pexton,66,633500,156234,187500,0,0,40412
24831,David Kearns for Council,62,626742,197686,131342,25000,0,0
24471,Believe in Beltz,112,620161,633706,294070,40000,50000,151232
19649,Oregon Psychiatric Physicians PAC,65,620000,535838,105000,0,0,0
257,Standard Insurance Company Political Action Committee (State),91,616392,0,230890,0,0,0
24268,Friends of Yessica Hardin Mercado,57,609675,378543,102025,392500,0,374360
23674,Portland for All PAC,27,601210,737798,142500,158710,0,0
292,Benton County Republican Central Committee,303,600526,1264065,185434,0,0,1619
6724,Grants Pass Firefighters for 17-97,2,600000,0,600000,0,0,0
15022,Safety and Justice PAC,20,595000,41000,45000,500000,0,0
25209,Friends of the Dunes at Cannon Beach - No on 4-243,13,593000,172247,23000,0,0,52900
23256,OCBH Policy Action Committee,243,592232,503190,148862,0,0,0
24241,Claudia for Kids,39,592193,503395,92025,100000,0,7493
25006,Friends of David Sharyan,47,591844,231065,55135,0,0,6756
20258,Friends of John Dugger,58,590466,946460,174865,175300,0,171709
24326,Friends of Rudie Watzig,27,588000,582614,73000,0,0,18211
21812,Friends of Casey Miller,64,587500,325417,107500,0,0,286958
25066,Friends of Diana Jackson,51,585200,176826,111050,25000,0,50000
21516,Friends of Nicole,27,582800,53522,0,0,0,55000
19567,Protect the Portland Clean Energy Fund,18,581100,615887,46000,0,0,0
21249,Friends of Aaron Woods,32,575000,2526110,0,200000,0,0
25199,Friends of Heather Ramsey,32,574000,262836,154000,0,0,0
22493,Friends of the MACRD,79,570100,533599,96500,0,0,99502
24394,Building a Safer Springfield PAC,9,570000,570000,0,570000,5500,0
320,Klamath County Democratic Central Committee,306,569500,864482,371800,16000,0,4194
17370,Youth Activities and Academics Levy,26,568728,572148,15000,208728,0,5000
25160,Keir For Portland,31,567015,317151,307015,0,0,0
22310,Battleground Oregon PAC,76,563500,551570,298500,0,0,0
24960,Friends of Sean Davis,31,563400,320249,83400,0,0,2158
22108,Corvallis Education Matters,9,560777,120000,777,60000,0,80000
24203,Tom for Siuslaw Schools,47,554600,431498,89600,50000,0,46666
22221,Friends of Bob Kaplan,35,548500,70781,178500,0,0,0
24627,Friends of Alexi Miller,60,544400,497707,68000,0,0,80000
4100,Bar Pilots of the Columbia River Political Committee,104,540000,183573,77500,0,0,0
23266,Republican Unity Caucus ,14,539720,235845,4000,0,0,8004
25188,Elect Judge Kara Brooks,25,537500,489662,42500,50000,1000000,0
23443,Rejeana For Oregon,67,536000,353003,135000,100000,0,0
24090,Rob Galanakis for PPS,57,535090,520944,292000,0,0,0
338,POLK COUNTY REPUBLICAN CENTRAL COMMITTEE,294,533907,1240489,120610,0,0,346187
23435,Think Spink,84,531500,484115,131500,0,10000,5000
295,Clatsop County Democratic Central Committee,167,527650,677782,119150,80000,0,58176
24623,Elect Mark Adams,8,527500,4500,20000,0,0,0
24633,Tana West for Assessor Committee,54,525000,460611,50000,50000,900000,0
24928,Gordon for Oregon,28,522500,501706,87500,0,0,0
24505,Friends of Eric Dziura,39,522100,522100,32100,300000,33000,0
24020,We The People,120,521420,585581,51320,0,0,0
19517,Lift Every Voice Oregon,162,520100,971744,207100,0,0,70000
25132,Friends of Bre Irish,45,516500,144981,176400,0,0,50000
25121,Dunes City Property Rights Coalition PAC,21,515896,506575,20000,0,0,0
20500,Move Oregons Border,158,515483,647272,219983,0,0,0
24835,Chad Hansen for Commissioner,16,515240,174300,5240,0,100000,0
19829,Friends of Ariel Mendez,24,515000,341779,35000,275000,0,0
24332,Defend Oregon’s Democracy,11,514876,514876,0,14876,0,5589
24072,Tiger PAC,17,514465,514465,0,0,0,0
24673,Keep Oregon's Border,13,510841,11499,15700,0,0,0
24145,Friends Of Brandon Affolter,47,510500,496421,270500,0,0,104635
24176,Amber Langworthy 4 School BD,61,510000,510784,181500,0,25525,106685
24753,Dan Johnson for Baker County Commissioner,22,508356,145049,73356,0,0,0
22229,Robert Jay Patrick,27,507680,194764,109340,20000,0,0
19971,Universal Preschool Now,39,504802,184137,4802,0,0,0
14935,ORLA Local Action Committee,25,500000,244916,0,0,0,0
22376,Sixth Congressional District Republican Party,5,500000,500000,0,0,0,25500
24529,Local Control & Safety PAC,5,500000,0,0,0,0,3098125
15705,Clark for City Council,44,499745,131000,250000,79745,0,0
24952,Friends of Bobbi Cummiskey,82,499000,497124,160000,120000,0,41500
24823,May and Done,23,497500,549101,27500,0,50000,55870
2963,Oregon Orthopedic Political Action Committee,61,495000,403649,70000,0,0,0
25024,Friends of Sally-Ann,43,493500,373842,83500,60000,0,82400
24549,Maddie for Deschutes,64,491901,78201,24969,0,0,751400
24858,Chris Lynch for Oregon,66,490248,342892,30900,0,0,0
25234,Neighbors for Wilsonville,32,488500,459894,148500,0,0,42505
24163,Friends of Andy Byerley,82,483258,483258,307400,0,0,161613
24709,Friends of Darcy LaPier,13,477705,477705,27705,450000,0,20600
22265,Keri for Clerk,44,477500,138106,32500,300000,0,8400
24414,Friends of Baker County,30,474450,474420,44450,150000,0,2120
21698,Teater Campaign,40,465367,444490,133367,83300,0,259639
21594,Multnomah County Republican Central Committee,394,464619,971509,179119,0,0,2500
24205,Kara Clark 4 Kids,49,462500,373860,82500,100000,10500,177500
21084,Friends of Alfredo Moreno,81,460806,619913,77806,188200,0,0
25115,Friends of Yousef,43,451500,88992,136000,25000,0,4000
944,Communities for Oregonians With Disabilities,45,450000,1005943,360000,0,0,0
26,Cable Operators Political Action Committee,50,448566,2564302,0,0,0,45000
24234,Donald Easton for 4J Board,45,447500,371433,62500,100000,0,657581
25210,Jennie Hill for Wilsonville,31,441000,45600,55000,0,0,14883
24256,Corrie Gant for Bandon Schools,43,439942,454889,131554,100000,0,40193
21767,Dana for Oregon,55,439790,462485,94500,300290,10000,0
18634,Friends of Tillamook Bay Fire & Rescue,20,435300,0,150300,0,0,0
4583,Umatilla County Democratic Central Committee,102,431001,484617,128001,0,0,15610
24981,Friends of Val Pratt,32,431000,69460,106000,0,0,31036
19135,Friends of Patti Adair,43,430000,382014,40000,0,0,0
24315,TogetherWithHeather,43,427787,42802,84623,241200,0,216225
24278,Friends of Sandra for Medford School Board,28,427500,241793,7500,375000,0,485726
24677,Yes for Riverdale Schools,36,426336,426336,35000,16336,0,183317
25208,King 4 Coos,17,425000,132581,30000,0,0,0
24222,Friends of Heidi Chang,30,423500,176355,133500,125000,0,2550
24079,Friends of Jennifer Lynch,61,422500,418111,87500,25000,0,50815
19,"BikePAC of Oregon, Inc",40,422000,227843,51000,0,0,0
19521,Maughan for Mayor,45,416200,187089,121100,0,0,26884
24972,Corcoran for Portland,67,409500,237579,249500,0,0,0
283,Women's Investment Network Political Action Committee,56,404000,34315,64000,0,0,29600
3781,Oregon Pharmacists Fund,61,403850,604847,218500,0,0,0
24850,Mike Flinn for Judge,45,403500,403500,33500,0,0,0
15330,Friends of Jessica Vega Pederson,58,401100,294044,82500,0,0,51625
17997,Oregon SolarPAC,14,400000,425600,0,0,0,0
18671,Jody's PAC,12,400000,466978,0,0,0,0
24427,Let Us Paddle PAC,163,399144,419093,224144,100000,50000,127819
24606,Wilkerson for Sheriff,16,391000,0,16000,100000,50000,250000
24146,Angela Zbikowski for Medford School Board,48,387000,310093,112000,225000,0,801476
16138,Nature for All,27,386025,381539,113900,56325,0,0
24509,Andrew J Rosales Commissioner Election Committee ,73,383000,221258,165500,120000,0,17400
14531,Oregon Small Business Association PAC,34,382600,851843,347600,0,0,0
25201,Friends of Mike Kapigian,10,382000,39300,22000,0,0,23600
21555,Friends of Paul Romero for Senate District 1,41,380308,871432,30308,0,580000,170277
1322,Asian American Coalition,5,380300,0,20000,0,0,0
24311,Dr. John Uno Hospital Board PAC,29,376722,376722,0,126722,0,656933
22754,Carolyn for Oregon,27,373500,198739,73500,0,0,73000
3698,NAIFA-Oregon PAC,79,371080,405337,182080,0,0,0
23122,We Love WLWV Schools,23,370000,620953,20000,0,0,493912
24943,Friends of Ann Walker,52,367480,131803,53000,0,31000,59400
25237,Kap for Mayor,22,365000,49014,100000,25000,0,5200
303,Curry County Republican Central Committee,442,360000,3706021,0,0,0,0
25107,Friends of Tony Robertson,22,355100,15128,60000,0,0,6000
24293,Friends of Ty Darby,31,351800,406237,39800,25000,0,179100
24813,Cheri for Lincoln County,78,350100,753822,15000,0,500000,453625
18385,Law Enforcement for Responsible Public Safety,10,350000,1061365,0,0,0,0
21690,Unidos we are Together,17,350000,404428,0,0,0,0
24361,Elect Judge Ryan O'Connor,11,350000,314450,0,0,0,10000
24493,Sheridan Professional Firefighters PAC,25,349400,197885,84600,0,0,0
24291,Voters for Erin McMullen,17,344000,0,144000,0,0,30000
4221,TrooperPAC,55,342940,120035,271440,0,0,0
20935,Community Oriented Public Servants PAC,74,342500,579576,92500,80000,0,0
25204,Astoria Housing for All PAC,40,341305,237792,143500,72705,100000,0
25192,Friends of Elise Josephson,31,335800,79467,55400,0,0,3893
21301,Friends of Erica Fuller,96,335500,668497,109400,211100,0,149210
24260,Courtney Elwell PAC,26,335000,335000,35000,300000,0,659019
25232,Jim Forrester for Astoria City Council Ward1,15,335000,13200,20000,0,0,0
16965,Lisa Batey for Milwaukie,36,333500,28057,93500,0,0,96787
25136,Raun Atkinson for Judge,14,332500,0,27500,0,0,72850
17209,ClayForChange Committee,22,330941,118525,90941,0,100000,0
24150,Ryan Pitz for OC Schools,68,326700,326700,171200,125000,0,49000
24830,Sweet Home Citizens for Safe & Fiscally Sound Schools,26,325954,325954,41500,0,0,363
23349,Keith Wilson for Mayor,70,325500,457389,20000,0,0,0
25246,Dave Workman for Mayor of Lebanon,10,325000,306250,10000,0,0,0
25146,Linda for Ashland,36,321340,169143,113200,73140,0,25728
20577,Friends of Kelly Sloop,34,317206,214208,43220,107996,0,150000
25251,Tom Brownson For Mayor Of Astoria,16,316464,135617,21174,0,0,45000
24327,We the People of Sweet Home PAC,21,315000,315000,65000,50000,0,3800
24295,Friends of Heather Ray,31,314500,468347,114500,0,160000,0
25193,Laura Parker for Astoria Mayor,18,313500,133847,20000,68500,0,172600
24227,Friends of Sara Epstein,43,313000,313000,62900,150100,0,198573
24540,Pro-Animal Action Fund,29,311630,15840,172158,0,0,0
24191,K.I.D.S. Committee,41,310317,310451,20317,0,0,296829
23986,One Union County,34,310000,872028,10000,0,0,0
24777,Caruana for Bend,31,308000,262559,105500,0,0,0
24169,Friends of Kyle Duyck,15,307600,306770,12600,0,0,0
21329,Amanda for Oregon,35,305400,228048,72100,110000,0,179210
3860,Oral and Maxillofacial Surgeons Political Action Committee of Oregon,29,305111,0,111,0,0,0
24085,Oregon Working Families Party Small Donor PAC,7,304661,282016,23333,281328,0,0
24243,Jensen for SWOCC #2,19,304000,304000,24000,150000,0,0
25052,Citizens to Elect Bill Monahan,32,304000,338308,44000,0,500000,30228
24948,Friends of Lyndi Reichenbach,30,303000,176415,33000,200000,0,0
12821,Committee to Elect Dirk Rohne,9,300000,267100,25000,150000,0,0
24239,Lonnie Benham PAC,20,300000,300000,0,300000,0,666078
316,Jefferson County Democratic Central Committee,234,300000,313214,214500,0,0,43875
24207,Gaffney for Ashland Schools,38,298000,347999,47000,0,200000,17400
24281,Michael Vasquez for Oregon,22,298000,232200,58000,150000,0,40000
25035,Friends of Patrick Walsh,40,295000,201984,165000,100000,0,0
24277,Jeremy Skinner for SOCC Board,30,292500,162140,97500,75000,0,0
24502,The Oregon Way PAC,28,292500,445806,55000,162500,0,15000
24922,Friends of Rhiannon Henkels PAC,22,291500,275348,91500,0,0,0
14922,Libraries for Our Community,6,290000,0,10000,0,0,40800
22707,Friends of Danny,39,290000,16716,122500,25000,0,0
24089,Friends of Mike,52,290000,676557,122500,40000,500000,249299
17895,Committee to Elect Dennis Linthicum,119,289500,1851439,74500,0,0,0
13156,The Roseburg Area Chamber Political Action Committee (13156),50,287000,217840,270500,0,0,0
24732,Friends of Nichole Biechler,47,285525,283381,32725,0,0,152940
24958,Going Deep for Oregon,72,285114,279857,142238,0,16100,100000
25250,Bernadette for Bend,32,283306,105189,68625,65597,5500,0
18374,Morrow County Republican Party PAC,26,282578,204080,53078,0,0,0
24911,Sierrah Williams for Senate District 6,59,281517,78982,156417,0,0,186434
24966,Friends of Matthias Hallett for District 3,81,281224,227464,132066,0,4500,0
15103,Beaverton Area Chamber of Commerce PAC,11,280000,407767,30000,250000,0,0
22667,Friends of Carl Fisher,56,276900,487351,133000,35000,0,11085
21615,Friends of Steve Loosley,17,275000,430,25000,50000,0,14749
24095,Marcy Hermens for GAPS School Board,46,275000,274537,90000,0,0,263003
24878,Randall Fryer for Representative,36,272500,2197375,10000,0,2600000,180000
24675,Vote for Beth Dittman,64,271500,258701,176500,0,25000,262000
24908,Mark for county clerk,25,271150,1096582,41150,0,900000,0
653,SEED PAC,55,270000,522680,120000,0,0,0
13428,Progressive Party,142,268638,348916,58000,0,0,10000
24786,Spurlock 4 Joco,16,267000,132166,77000,0,0,0
4327,Planned Parenthood PAC of Oregon,58,265026,123951,200026,0,0,0
24290,Friends of Sidney,25,265000,232639,50000,0,24000,50197
24267,Friends of Deanna Varner,34,261000,235733,50000,161000,0,530852
24283,Friends of Robert Smith,36,260000,270000,70000,45000,10000,64000
20490,Mark Shull USA,25,257000,1047417,69500,0,1000000,33166
20792,Friends of Jo Beaudreau,19,255000,233584,0,0,0,0
21044,Deschutes Citizens for law and order,16,255000,92300,15000,20000,0,2000
25191,Elect Belinda Strouth,24,255000,160094,55000,0,0,7400
24255,Friends of Jordan Wolfe,38,252100,256923,161500,10500,0,98885
24062,Friends of Andy De Mars,58,251027,271377,94500,56527,0,27500
23895,People Not Lane Politicians,7,250000,117102,0,0,0,0
24238,Friends of Bill Hays,19,250000,250000,10000,75000,0,55930
21173,Marcus for Oregon,28,249600,442297,65000,65000,0,350000
23430,Friends of Noah Ernst,35,246000,316331,160000,11000,0,0
21116,Friends of Hoa,41,245000,1208440,0,175000,500000,0
25022,Friends of Mallory Hiefield,27,245000,47075,80000,0,0,20000
24392,Wilsonville Forward,20,241000,72324,66000,0,0,21805
20200,Corvallis Professional Firefighters L2240 PAC,20,239000,0,0,0,0,0
25111,Josiah Dean for House 57,31,238200,88860,112000,20000,0,176902
24865,Friends of Autumn Sharp,25,237500,219950,132500,0,0,0
25029,Rank Dallas First,15,236500,0,63000,0,500000,0
24776,Juliet Britton for Judge,35,236000,103659,76000,25000,0,1854
21182,Friends of Michele Rosenbaum,25,235000,154201,60000,0,0,525617
24220,DeAnne Wiedenmann,47,232621,228885,42621,185000,0,0
24793,Spence for Judge,15,232500,157137,32500,0,0,0
24059,Friends of Aubrey Nichols,56,232305,234305,76500,35805,0,126348
24192,Friends of William Miller,21,225100,119702,10000,55000,0,149210
10087,Oregon Trail Democrats,68,222000,85374,193000,0,0,36995
22455,Advocates for Disability Supports,69,220010,479593,113010,0,0,60000
24489,Rick Steber for County Commissioner,22,220000,178310,35000,100000,50000,0
25075,Friends of Alexis Hammer,6,220000,0,50000,0,0,0
21247,Friends of Nancy Thomas ,24,219475,135404,84475,47500,0,757514
145,Oregon Faculties Political Action Committee,24,217008,0,215008,0,0,0
24727,Friends of Tillamook County United,80,216000,205864,79500,0,0,50000
23526,Milligan for Polk,10,210000,125000,5000,50000,0,0
24652,Committee to Elect Krista Van Veen for Hermiston City Council,27,207726,209080,31128,0,0,0
24309,Simone for School Board,43,206987,205744,150720,0,0,0
24300,Committee to Re-Elect Richard Stokoe,6,205000,205000,5000,100000,0,0
22652,Salazar for the People,30,202500,197980,32500,170000,0,500000
23774,Friends of Britta Mansfield,25,201000,168369,11000,100000,0,0
22359,Safe Oregon,5,200500,1620,500,200000,0,0
24341,Friends of Rebecca Descombes,4,200000,38000,0,0,0,3500
25062,Amigos de Mayra,6,200000,0,0,0,0,0
17,Beaverton Teachers Political Action Committee,2,199740,0,199740,0,0,0
21131,Luhui for Corvallis School Board,28,199100,183600,19000,100000,0,2025
297,Columbia County Democratic Central Committee,125,192500,418026,54000,50000,0,5000
24695,Greg Mead for Jefferson County Commissioner,42,190500,265054,125500,0,0,47500
25230,Friends of Colleen Busch,15,190000,64043,50000,0,0,0
22668,Heather for DDSD,30,187500,198395,27500,60000,0,149210
24846,Beverage for Union County,31,187500,836102,32500,0,730000,0
24407,Oregon Crimefighting PAC,21,183500,5136180,10000,120000,4950000,510000
23237,Friends of Terrence Hayes,30,182000,770888,72000,0,0,0
21355,Oregon Moms Union,65,181068,56655,33558,0,0,0
24307,Alex For Us,8,180000,16128,0,0,0,4112
25078,Friends of Dan Cushing,17,178069,56505,15000,0,0,0
3171,Oregon Association of Health Underwriters PAC,167,176400,136438,83100,0,0,0
180,Oregon Physical Therapy PAC,26,176000,135228,86000,0,0,0
24111,Friends of Tyler Ferrari,7,175500,0,45000,0,0,0
24133,Erin for Libraries,25,174425,140957,28025,0,0,0
24599,Friends of Fora,61,172500,171538,73000,52000,0,266305
24630,Friends of Sam Scull,49,172400,550283,97400,0,500000,20000
24682,Alex for Albany,25,168626,187666,60407,0,200000,0
22843,Friends of Anabel HM,17,166500,172209,51500,100000,0,0
25150,Vote Katie Russ,8,165000,21290,15000,50000,0,56500
25118,Friends of Melissa Adams,17,164698,5528,500,0,0,3006
21254,Shirley Olson,10,163123,11491,42500,0,0,0
25164,Savage for Mac,29,161037,112787,51380,0,0,0
24237,Jolliffe for School Board,11,160000,160000,40000,0,0,0
340,Tillamook County Republican Central Committee,76,158200,921394,3000,0,0,1550000
24323,Friends of Denise,36,156900,153569,57000,0,0,12375
24984,Committee for Brian Ayres,25,156000,144135,48000,0,0,0
5115,Oregon Financial Services Association PAC,23,155000,54000,5000,0,0,0
97,Mortgage Industry for Responsible Government,21,154000,354500,101000,0,0,2700
25202,Sonia Huntsman for Judge,18,153500,405422,53500,0,2500000,31100
19448,Committee to Elect Struthers,25,152600,77090,102500,0,0,21190
24199,Friends of Christi Lanz,36,152488,182042,50000,22488,0,130587
17782,Build Jobs PAC,14,150000,86500,0,0,0,11718
18142,Citizens to Elect Jason Snider,11,150000,155536,0,0,0,0
20012,North Coast First PAC,9,150000,69000,0,150000,0,0
25041,Chandler for Mayor,4,150000,0,0,0,0,0
25149,Friends of Mike Webb,14,150000,113240,50000,0,0,0
25166,"Newport for Safety, Streets, & Sustainable Spaces",10,150000,1400,55000,20000,0,0
25173,Adamson for Mayor,3,150000,31770,0,0,0,0
25159,Hampton for Newberg,15,148500,2890,83500,0,0,16833
21799,Ramycia for Albany,27,148000,65377,123000,0,0,0
24254,Katie Jalo for RAPRD 1,11,147500,2500,67500,50000,0,50000
25068,Fudge 4 Oregon,23,147500,160510,22500,0,60000,0
24669,The Very Rich Pay Their Fair Share,47,143650,154066,143650,0,0,100200
14594,Vote for Darcy Long,15,142500,6987,47500,45000,0,0
24536,Committee to Elect Carlos Barrientos,44,141975,946800,88975,50000,810000,0
24232,Friends of Christine Bader,28,138500,181498,48500,0,100000,0
25063,Rooted Oregon PAC,2,138083,50000,0,138083,0,0
14523,The Mother PAC,51,137702,1884431,36331,50000,0,2878447
21896,Friends of Will Lathrop,49,136600,494479,16600,120000,0,0
24310,Andrea Larson for School Board - FRSD,13,136500,135567,34000,0,0,0
24131,Thomas for David Douglas School District,31,135530,158530,8000,127530,0,188950
296,Clatsop County Republican Party,189,135500,786954,91000,0,0,0
25020,Elect Ashley Trushell,4,134900,124900,10000,124900,0,0
252,Oregon Sierra Club PAC,11,134302,29075,48500,58302,0,0
22786,Locals for Opportunity and Value in Education,13,132009,161376,0,132009,0,0
21876,Friends of Shannon Corr,25,130800,39258,77200,0,0,0
24328,Friends of Debbie BW,8,130000,130000,10000,0,0,50000
24473,Matt Lyon for Judge,39,130000,510044,30000,0,400000,4754
24907,In God We Trust Committee,11,130000,0,20000,0,0,74000
22041,Friends of Alan Stout,8,129525,262880,0,129525,0,0
23016,Friends of Durrell Kinsey Bey,3,127976,140500,0,127976,0,0
23408,Team EPG,24,127800,131510,69900,0,0,0
20069,Friends of Kamala Shugar,14,127500,118792,5000,0,0,0
24817,Casey Aldrich for Commissioner,9,127467,125000,77467,50000,0,98081
25070,Friends of Danielle Chambers,20,127300,12050,117300,0,0,57300
19960,Oregon Victory Fund,10,125000,126139,0,125000,0,0
22879,Kelly Doherty for Morrow County Commissioner,12,125000,294062,0,0,210000,0
24194,Dr. Mansfield for State Senate 2026,134,125000,195000,95000,0,70000,1315764
24224,Anna Huit for North Bend Schools,3,125000,0,5000,100000,0,0
18678,Friends of Kimberly Culbertson,19,123000,229589,3000,0,400000,0
20686,Friends of Roletto,15,122600,60263,32500,55000,0,0
23504,KJ4PDX,7,122500,133971,0,0,0,7000
23910,Working for a Better Portland,10,121500,199400,3500,118000,0,0
25116,Friends of Abigail Neilan,12,120988,20120,22338,0,0,0
24174,Friends of Celeste Jones,38,120894,120894,40000,55894,0,126350
25270,Friends of Alan Jackson,2,120000,0,0,100000,0,0
24979,Cristal Otero for City Council District 3,22,119000,6920,94000,0,0,0
25168,Raven4RedmondCityCouncil ,28,118159,94157,29115,20000,0,0
216,Advance Liberty,38,116500,642247,116500,0,0,0
25207,Yes for Mt. Angel Monitor Fire Committee,7,115000,0,65000,0,0,0
60,Lane Professional Firefighters Association,19,112950,630000,112950,0,0,0
167,People for Oregon Libraries Political Action Committee,24,112500,211665,62500,0,0,0
24551,KELL FOX FOR OREGON,7,111500,403,500,0,0,100000
2793,Oregonians in Action PAC,37,111306,1056025,91306,0,0,0
25279,Cody Marcum for Sheriff,4,110100,0,10100,0,0,0
21099,Friends of Barbie Minor,8,110000,102500,0,110000,0,0
21519,Kristine for Auditor,20,110000,78161,47500,25000,0,94465
24687,Mark Kujala PAC,10,110000,106220,0,0,0,0
25085,Reopen Lebanon Jail,5,110000,0,0,0,0,26000
23450,Friends of Theo Hathaway Saner,4,109826,130500,0,109826,0,0
24838,Uniting Newberg,79,109375,1031880,42400,0,300000,642900
21946,Shane Alderson for Baker County Commissioner,3,108356,60000,8356,0,0,0
24389,B.J. For Oregon,31,107200,1610,82200,0,0,2000
25158,Share Our Parks,7,105000,9094,15000,0,0,0
22822,Friends of Crystal Weston,21,103600,108401,23500,70000,0,25000
21657,Friends of Duncan Hwang,10,102000,66570,2000,0,0,0
24252,Theo for Schools,11,101000,0,76000,0,0,50000
12688,Committee to Elect Seth Crawford,26,100000,1125000,0,100000,900000,0
19455,Dan Kohler 4 Keizer,1,100000,0,0,0,0,0
19774,Rural Oregon Forward,3,100000,25000,0,100000,0,0
20341,Nolan for Metro,5,100000,254750,0,0,0,0
21091,Brian Fawcett for Port Commissioner,4,100000,25000,0,100000,0,1000
24992,Common Sense Klamath,1,100000,0,0,0,0,0
25045,Northwest Oregon ,8,100000,0,0,0,5000,50000
25102,Justin Ludwig for Florence,3,100000,37390,0,0,0,0
4328,Psychologists of Oregon Political Action Committee,35,100000,1100000,85000,0,0,0
23109,Linn For East Portland,4,98450,101500,0,98450,0,0
25259,GOTV OREGON PAC,19,96672,3702,49827,0,0,250000
23780,Friends of Evan Sorce,17,92500,40327,92500,0,0,0
25084,Friends of Allie Ball,29,92500,2100,92500,0,0,52272
24598,Deschutes Defend Our Democracy Coalition,22,91000,68932,21000,0,0,1492424
4871,Friends of Kim Thatcher,83,90705,210121,34705,0,0,0
20405,Friends of Nicole De Graff,21,90000,50480,40000,0,0,0
24442,Friends of Brandi Martindale,24,85960,75660,45360,0,0,0
13873,Coastal Conservation Oregon PAC,11,85000,61500,85000,0,0,0
24331,Put Out the Fires Waldport,6,85000,61150,50000,0,0,20000
23214,Friends of Christopher Olson,6,84784,99083,0,84784,0,0
24737,Supporters of Elvina Contla,7,84000,59467,14000,0,0,0
23828,Friends of Marchelle Paholsky,19,83200,31548,18200,0,0,200000
159,Oregon Gun Owners PAC,85,83000,511487,79000,0,0,0
321,Klamath County Republican Central Committee,96,83000,782726,73000,0,0,0
20028,Friends of Candace Avalos,110,80581,414639,54581,0,0,0
21583,Jason Pollock For Jefferson County Sheriff,10,80000,150399,20000,0,0,13287
22433,TAP ROOT POLITICAL ACTION COMMITTEE,6,80000,21129,15000,0,0,0
24538,Greater Oregon,20,80000,80000,60000,0,0,0
24778,Rafferty 4 County Commissioner,12,80000,64000,20000,0,0,91250
23848,Colvin for Council,18,78324,266154,28324,0,0,0
14377,Committee to Elect Loretta Smith,19,78300,47801,18000,0,0,0
24712,Friends of Michael Johnson,35,78200,53169,42200,0,0,0
20709,Friends of Nadia,83,77600,647376,7500,0,0,0
24672,Shady Cove Matters Political Action Committee,14,77000,69801,10000,0,0,469799
25032,Friends of Nick Hellmich,20,76000,70796,56000,0,0,11212
23220,Antiwar Oregon,35,75000,38876,25000,0,0,0
25087,Friends of Krestina Aziz for Gresham,8,74000,0,24000,0,0,0
24999,Matthew Nelson for Judge,15,70000,49450,20000,0,0,100000
25231,Samuel Denney For Roseburg City Council,14,70000,46826,20000,0,500000,18425
25241,Anderson for Sheriff,6,70000,2450,20000,0,0,0
21940,Friends of Valerie for Senate,27,69000,91629,13500,50000,32000,75000
25119,Elect Leisha Adams,14,68500,1320,68000,0,0,16833
23106,Save the Family Farm PAC,18,68285,60503,18285,0,0,3000
23108,Heroes on the Highway PAC,20,68108,31627,42698,0,0,5500
20023,Friends of Mingus Mapps,18,67878,128487,2500,65378,0,0
24956,Citizens for John Ezra Scheirman,12,67500,40250,17500,0,0,3400
25043,Libertarian Party of Linn County Central Committee ,5,67500,0,5500,0,0,0
24500,Oregonize to Win,1,66599,0,0,66599,0,0
23950,Friends of Briae Lewis,9,66000,44395,16000,50000,0,10980
18529,Maya Rabasa for 4j,17,65000,104884,0,35000,0,545081
18776,Friends of Dave Goldthorpe,7,64000,29897,14000,0,0,0
22197,Oregon Mental Health Providers PAC,20,62500,58922,42500,0,0,0
24824,Direct Democracy Factory PAC,1,62062,0,0,62062,0,0
24070,Friends of Jazzmin Reece,9,61500,53500,43000,18500,0,0
24614,Take Back Oregon ,36,60270,135270,20270,0,70000,65477
16588,Friends of Lacey Beaty,13,60000,1025000,10000,0,0,0
20503,Create Jobs Coalition,14,60000,32578,10000,0,0,41218
23513,Mike Marshall for Portland,12,60000,87048,0,0,0,0
23738,CB Citizens For Responsible Spending,7,60000,70008,0,60000,0,40000
24230,Friends of Lena Elbakshish,3,60000,0,10000,0,0,0
24615,Goldsmith 4 PDX,5,60000,33089,0,0,0,0
25155,Timber Town,3,60000,31550,10000,0,0,0
24462,Thrive PAC,12,58624,44140,4000,54624,0,0
3920,Oregon Professional Fire Fighters PAC,3,58400,500000,58400,0,0,0
18891,Friends of Beach Pace,35,57500,509905,10000,0,0,0
23376,Michael4PDX,2,56000,70000,0,56000,0,0
187,Professional Insurance Agents of Oregon PAC,5,55000,150000,5000,0,0,0
21574,Celinda A Timmons as Umatilla County Commissioner,3,55000,0,5000,0,0,30000
24583,UpRisePDX,13,55000,55000,20000,0,0,0
25147,Elect Brian Sjothun,3,55000,10250,0,0,0,0
331,Malheur County Republican Central Committee,54,54900,474038,36900,0,0,18311
23409,Dan Gilk for Portland,5,54580,57083,0,39580,0,0
21303,Friends of Michael Reyes,11,52500,143592,2500,35000,0,0
22863,Everyone for the Coast PAC,9,52500,53500,17500,10000,0,0
14268,Re-Elect Pat Farr for County Commissioner,40,50000,3080423,0,50000,0,0
16842,Committee to Elect Nick Card,6,50000,143976,0,0,0,0
20155,Randy Groves for Eugene,3,50000,100000,0,50000,0,0
23073,Friends of Steph Routh,30,50000,102869,0,0,0,0
23296,McKennon for Mayor,24,50000,57136,0,0,0,0
24187,Bernie Wang for Corvallis Schools,13,50000,79814,0,50000,50000,2025
24476,Friends of Umatilla Police Department,10,50000,22000,0,0,10000,0
24921,People First Josephine County,21,50000,50000,0,0,0,0
25350,Homes For Our Kids PAC,1,50000,0,0,0,0,0
20735,Friends of Vince Jones-Dixon,12,48500,48746,2500,46000,0,0
23722,Friends of Gabriel Velasquez,12,47599,40496,19900,27699,0,0
24714,Beard for Clerk,18,47500,31425,27500,0,31425,0
23658,Taxpayers Association of Oregon Portland PAC,14,45500,35000,45500,0,0,0
25089,Oregon Freedom Amendment,13,45500,25004,15000,0,10000,0
21105,Friends of Neelam Gupta,10,45000,31850,10000,35000,0,0
21524,Oregon Sex Workers Committee,21,45000,18282,10000,0,0,0
24931,Friends of Jennifer Murphy,19,45000,1225,20000,0,0,111000
24988,Friends of Baker City,8,45000,45000,0,0,0,1403065
24792,WLWV BAC-PAC,6,44700,39200,20000,24700,0,0
24011,Pragmatic Portland,7,44250,31875,0,19250,0,0
24425,Oregon for the People,8,43500,0,10000,0,0,0
17474,Defend Small Business PAC,4,42700,1798,5000,0,0,0
343,Union County Democratic Central Committee,5,42400,0,22400,0,0,20000
23673,Vote Before Tolls Committee,5,41200,8535,20540,0,0,0
20907,Oregon Labor Policy Network,5,40500,40500,0,40500,0,0
23800,Oregon Rebate PAC,82,40450,249814,36050,0,0,0
123,Oregon Association of Independent Accountants PAC,5,40000,0,40000,0,0,0
25141,Bill Vivian for HD 8,10,40000,50200,10000,0,50724,0
24833,Amanda Kassab for Oregon,6,39112,39112,17500,21612,0,0
24151,Hyndsight for All,11,37595,30223,16995,0,0,86324
19196,Friends of Stephanie Newton,10,37500,80561,37500,0,0,0
24366,Friends of Mary Pettenger,15,37500,36724,37500,0,0,105775
24045,Rural Reconnect,21,37392,37392,25500,11892,0,900000
23263,REX FOR PDX,15,37170,89469,11756,0,0,0
24869,Ross For Oregon,11,36525,1525,10500,0,0,0
22259,Partnership for Common Sense Government,8,36500,36500,0,36500,0,0
18518,Friends of Jessica Arzate,7,35000,5500,0,35000,0,149210
19340,Committee to Elect Henry Balensifer,2,35000,0,0,0,0,0
21108,Laurie Cremona Wagner for PCC Board,7,35000,114900,0,0,0,0
23783,Adam for Oregon,16,35000,102037,0,0,0,0
25278,Friends of James Nicita,8,35000,0,15000,0,0,0
25307,Scott Shaw for Monmouth,4,35000,0,20000,0,0,0
23963,Progreso Latino PAC,3,33000,33000,0,33000,0,0
17540,River PAC,8,32956,36693,5500,27456,0,0
21879,Friends of Mitch Parsons,5,32500,6637,2500,0,0,0
24377,Warm Springs Rising,8,32000,31620,32000,0,0,0
5587,David Douglas Community for Schools,7,31200,33542,10000,21200,0,0
20465,Friends of Clackamas County,9,31014,38583,0,31014,0,0
21625,IBEW Local 48 Small Donor PAC,6,30000,222500,0,30000,0,0
23332,Gresham United for Safety PAC,8,30000,107654,0,0,0,13366
24811,Joseph for Oregon,9,30000,27660,30000,0,5000,0
23158,Citizens for Responsible Government,23,29943,2199134,29943,0,0,0
23135,Friends of Jamie Dunphy,64,29800,100624,29800,0,0,0
23129,Lykins for Portland,17,29000,68328,0,29000,0,0
24299,Friends of Barnhart,5,27500,16000,27500,0,0,245979
23456,Friends of Lisa Freeman,9,27000,28178,0,0,0,0
23690,Elect Bob Simril for Change,5,26901,28331,0,26901,0,0
23866,Vote CGCC,7,25500,20000,10000,15500,0,0
20799,Marilyn Smith for City Council,1,25000,0,0,0,0,0
21597,VIA Oregon Coalition,13,25000,57208,25000,0,0,0
23723,Friends of Anne Shevlin,5,25000,50000,10000,15000,0,0
24313,David Russ is for US,7,25000,25000,5000,20000,0,0
3597,Oregon Family Farm Association PAC,10,25000,204500,0,0,0,0
23853,2024 Our Oregon Voter Guide,6,23884,86083,0,23884,0,0
16196,We're for a Constitutional Government,3,23000,1500,8000,0,0,0
24974,YamCo Community PAC,5,22500,28500,22500,0,10000,0
25170,Friends of Anna Warrington,7,22500,787,22500,0,0,8240
22157,Terry Duman PAC,4,22000,430,10000,0,0,0
22806,Friends of Greg McKelvey,3,21920,38500,0,21920,0,0
24666,Elect Tom Vialpando,11,21554,111554,1554,0,90000,0
21257,Cristian Salgado for Hillsboro,2,21000,0,1000,0,0,0
24506,Friends of Jonathan Abrahamsen,13,20730,55866,0,0,0,0
14954,Friends of Robert Lee,24,20000,695,20000,0,0,3500
18724,Friends of Stan Pulliam,9,20000,21335,0,0,0,0
20344,Dan Ryan for Portland,25,20000,829213,20000,0,0,0
21064,Oregon Veterans Association PAC,8,20000,19000,0,0,0,0
21658,The Committee to Elect Aubrey Olson,4,20000,10000,10000,0,0,5000
23107,Ratepayers Petition Committee,8,20000,12406,0,0,0,945
23686,Gun Rights First PAC,1,20000,0,0,0,0,0
24130,Friends of Holly Schiefelbein,3,20000,19500,0,0,0,32610
24208,Committee to Elect Thaddeus,7,20000,4000,0,0,0,0
25007,West Lane Patriots,8,20000,15830,0,0,0,35735
25224,Friends of Haylee Cole,5,20000,15430,20000,0,100000,0
22606,Eugene Tenant Alliance PAC,2,19800,690,19800,0,0,0
18409,Friends of Ana del Rocio,2,19215,24152,0,19215,0,0
23736,Nancy Works for Portland,5,19183,32483,0,0,0,0
23641,Cannon Beach Together,10,17000,161486,17000,0,0,0
23180,Friends of Sonja McKenzie,9,16084,20258,5000,11084,0,0
23897,Friends of Dr. Jeri,4,15765,22500,0,15765,0,0
21640,Team Tatom,10,15449,1602,15449,0,0,0
21124,Oregon Right to Life Action PAC,5,15250,84,15250,0,0,0
18911,Oregon Recovers PAC,5,15225,20500,0,15225,0,0
19552,Committee to Elect Tonya Graham,28,15022,75600,5000,0,0,3200
22977,Tillamook County Constitutional Values Committee,3,15000,2037,10000,0,0,0
23906,Kezia For Portland,8,15000,85105,0,0,0,90382
3934,Constitution Party of Oregon,4,15000,174500,15000,0,0,0
23067,Yes for Molalla,5,14959,23000,0,14959,0,0
20178,Laurie for Oregon,9,14070,185133,14070,0,0,0
18420,Friends of Moses Ross,6,13500,16000,0,13500,0,0
22492,Oregon Votes Yes,4,13032,23000,0,13032,0,0
24422,Committee to Recall Commissioner Patrick Hollinger,4,12750,3750,12750,0,0,0
22907,Bubba for Oregon,47,12540,403940,12540,0,0,105000
23374,Friends of Michelle Vlach-Ing,13,12500,537285,12500,0,10000,0
7308,Independent Party of Oregon,39,11400,884525,0,0,0,0
23117,Friends of David Burnell,3,11000,11000,0,11000,0,0
23236,Middleton for District 2,6,11000,23228,0,11000,0,0
24990,No Tax Clawback PAC,16,10500,10500,500,0,0,1866625
15803,Oregon's Sheriffs,10,10448,257448,0,0,0,0
17481,Friends of Jon Knapp,3,10000,10799,10000,0,0,0
17601,Ceasefire Oregon Gun Violence Prevention PAC,1,10000,0,10000,0,0,0
18826,Save Our Library PAC,10,10000,9000,10000,0,0,0
20117,Valerie Patoine for Assessor,2,10000,0,10000,0,0,0
20214,Oregonians For Medical Freedom PAC,13,10000,57723,10000,0,0,0
212,Osteopathic Political Action Committee,6,10000,52000,10000,0,0,0
21736,Leti Valle Moretti for Hood River County,3,10000,60000,10000,0,0,0
22563,Oregon Faith and Freedom PAC,6,10000,52839,10000,0,0,0
22577,"Oregonians for Love, Truth & Freedom",6,10000,108806,10000,0,0,0
23120,Friends of Meghan Moyer,15,10000,113356,10000,0,50000,0
23224,Jordan For State Senate,1,10000,0,10000,0,0,0
23372,HOME PAC,11,10000,88376,10000,0,0,0
23537,Nichols For Commissioner,4,10000,81390,10000,0,0,0
23710,Friends of Sameer Kanal,47,10000,197793,10000,0,0,0
24024,Seth Taylor,13,10000,3600,10000,0,0,0
24119,We the People of Sweet Home 2025,2,10000,10000,10000,0,0,0
24301,Brandon Saada PAC,9,10000,5850,10000,0,0,656933
24819,Recall SC Mayor Lena Richardson,11,10000,0,0,0,0,274918
24937,Elect Joe Steere,23,10000,291366,10000,0,420000,0
25295,YES FOR INDY,2,10000,0,10000,0,0,1999
253,Social Worker Political Action Committee,3,10000,5526,10000,0,0,0
22891,Santiago for Woodburn Kids,3,9000,9034,9000,0,0,0
24423,Committee to Recall Commissioner Jay Trost,4,8750,3750,8750,0,0,4000
13042,Citizens to Reelect Roy Rogers,3,7500,130000,7500,0,0,0
23173,Portlanders for Sarah Silkie,16,6629,83405,6629,0,0,0
16934,Community Health Advocates of Oregon,9,6530,232300,6530,0,0,0
24447,Keep Oregon Great PAC,8,6002,19000,6002,0,20000,0
25113,Friends of Kate Ristau,9,6000,0,6000,0,0,0
19374,Pixley for Sheriff,9,5954,140152,5954,0,0,0
22620,Friends of Lyndsie Leech,14,5500,26302,5500,0,0,0
24787,Dylan for Sweet Home,9,5205,9380,5205,0,10000,0
20007,Strengthening Central Oregon,30,5000,55200,5000,0,0,0
20340,Friends of Sam Adams,8,5000,165933,5000,0,0,0
22611,Friends of Matt Thornton,2,5000,175,5000,0,0,0
22708,Clackamas Strong,19,5000,26358,5000,0,0,79265
23830,McMorran for Mayor,4,5000,296,5000,0,0,0
24060,Friends of Sam Records,3,5000,5000,5000,0,0,0
25275,Wark for Mayor,3,5000,500,5000,0,0,0
6204,Supporters of Katherine Schacht,20,5000,0,5000,0,0,0
23656,Affordable Hood River County,11,4000,88112,4000,0,0,0
22934,Friends of Schira Nelson,1,3700,0,3700,0,0,0
12708,Union County Republican Central Committee,35,3000,216007,3000,0,0,0
21761,All Oregon Votes,22,2500,440247,2500,0,0,0
22568,Vote Before Tolls Committee,1,2500,0,2500,0,0,0
23587,Tipsord for Oregon,5,2500,2538425,2500,0,0,0
24308,Friends of Stacie,8,2500,12500,2500,0,10000,0
24078,Social Impact Committee,9,2300,2300,2300,0,0,0
23371,Ben4Portland,5,1950,96895,1950,0,0,0
19481,Friends of Aumsville PAC,21,1000,0,1000,0,0,0
24483,Elect Blech,19,1000,336800,0,0,3210000,0
15160,College Democrats of Oregon,4,800,32,800,0,0,0
23252,Elect Eliza Kashinsky,4,600,24,600,0,0,0
14459,Klamath Patriots Conservative PAC,1,500,0,500,0,0,0
14934,Klamath County Museum Supporters,1,500,0,500,0,0,0
16400,Klamath Public Safety,1,500,0,500,0,0,0
17671,Citizens to Elect Donnie Boyd,1,500,0,500,0,0,0
20706,Lake County Republican Central Committee,2,500,0,500,0,0,0
21402,Elect Ashley Wendt,1,500,0,500,0,0,0
21942,Elect Kevin Christman,1,500,0,500,0,0,0
2256,Second Congressional District - Republican Party,2,500,0,500,0,0,0
23094,Support District 9 Schools,1,500,0,500,0,0,0
2434,Fifth Congressional District Republican Party,4,500,0,500,0,0,5328
23631,Oregon Green Party Organizing Committee,36,138,7300,138,0,0,0
10967,Friends of Michael Dembrow,1,0,0,0,0,0,0
11487,Friends of Mark Hass,2,0,0,0,0,0,0
12493,Friends of Brent Barton,3,0,1817145,0,0,0,0
12511,Committee to Retain Justice Chris Garrett,3,0,305589,0,0,0,0
12514,Roberts for Clackamas,51,0,456978,0,0,0,0
12563,"Committee to elect Robert ""Bob"" Main Coos County Commissioner",1,0,0,0,0,0,0
12654,Rick Wesenberg for Douglas County District Attorney,20,0,56000,0,0,0,0
12845,Building Trades PAC,2,0,20000,0,0,0,0
12878,Friends of Allen Alley,1,0,53218,0,0,0,0
12916,Friends of Sherrie Sprenger,11,0,107750,0,0,0,0
12987,Nurses United Political Action Committee,7,0,120861042,0,0,0,0
13130,Defend Oregon,2,0,17500,0,0,0,0
1318,Medford Firefighters Association PAC,19,0,0,0,0,0,0
13649,American College of Cardiology - Oregon Chapter PAC,1,0,7500,0,0,0,0
13893,Shirley Craddick for METRO Councilor,6,0,135831,0,0,0,0
13920,Kitzhaber for Governor,14,0,1305524,0,0,0,0
13966,Henry Heimuller for Columbia County Commissioner Committee,3,0,0,0,0,0,0
13991,John Hutzler for Auditor,2,0,110000,0,0,0,0
14012,Three Rivers State PAC,32,0,4034681,0,0,0,0
14035,Friends of Mary Starrett,2,0,5688,0,0,0,0
14201,Friends of Bill Hansell,26,0,480562,0,0,0,0
1430,Rosenbaum for Senate (Diane),1,0,150000,0,0,0,0
14420,Clatsop Citizens for Good Government,1,0,50000,0,0,0,0
15145,Friends of Jennifer Williamson,5,0,392511,0,0,0,0
15406,Elect Ellen Rosenblum for Attorney General,19,0,769285,0,0,0,0
15425,Holton for Oregon,1,0,19500,0,0,0,0
15426,Friends of Jerry Willey,9,0,236233,0,0,0,0
15454,Friends of Doug Marteeny,4,0,156500,0,0,0,0
15476,Committee to Elect Bill Elfering,2,0,0,0,0,0,0
15497,Friends of Steve Newgard,10,0,299622,0,0,0,0
15529,Felton for District Attorney,1,0,0,0,0,0,0
15616,Friends of Melissa Cribbins,6,0,256584,0,0,0,0
15627,Tim Knopp for State Senate,12,0,198215,0,0,0,0
15878,Paul Aziz for Mayor,1,0,28342,0,0,0,0
15894,It's Still A Bad Idea Committee,3,0,39500,0,0,0,0
16014,Sally for Bend Mayor,6,0,1876,0,0,0,0
1602,Citizens for Ken Strobeck,1,0,125000,0,0,0,0
16061,Women's Leadership Coalition PAC,4,0,21500,0,0,0,0
16171,New Approach Oregon,3,0,79833,0,0,0,0
16192,Oregon for Matt Keating,2,0,0,0,0,0,38800
16233,Heard Leadership PAC,9,0,365676,0,0,0,0
16321,Ken Humberston for Clackamas County Commission,9,0,642527,0,0,0,0
16465,United Heritage Insurance Oregon Political Action Committee,1,0,0,0,0,0,0
16468,Q PAC,1,0,0,0,0,0,0
16471,Ladd Wiles for Judge,7,0,15100,0,0,0,0
16581,Judge Doug Tookey for Oregon Court of Appeals,3,0,0,0,0,0,317500
16609,Retain Judge Lininger Committee,7,0,240500,0,0,0,0
16678,Committee to Retain Judge Lagesen,3,0,0,0,0,0,337500
1670,Friends of Richard Devlin,5,0,125000,0,0,0,0
16813,Oregon Cannabis PAC,65,0,3880500,0,0,0,0
16881,Oregon Reagan PAC,1,0,0,0,0,0,0
16883,Oregon Freedom PAC,1,0,0,0,0,0,0
16902,Friends of Krisanna,1,0,10000,0,0,0,0
16918,Committee to Re-Elect District Attorney Kelsie McDaniel,1,0,0,0,0,0,0
17096,Elect Tom Anderson,6,0,62245,0,0,0,0
172,Pro-Choice Oregon PAC,2,0,20000,0,0,0,0
17202,Save Columbia County Jobs,2,0,20000,0,0,0,0
17254,Friends of Erin Landis,9,0,4500,0,0,0,0
17285,Friends of Amy Kohnstamm,1,0,25000,0,0,0,0
17349,Robert Keyser for Port Commission,2,0,12783,0,0,0,0
17431,Friends of Jeff Gudman,8,0,24000,0,0,0,0
17458,Friends of Chris Wig,6,0,290000,0,0,0,0
17485,Friends of Mark Garton,6,0,41482,0,0,0,0
17502,Magruder for County Commissioner,18,0,656835,0,0,0,0
17530,Friends of Sonya Carlson,1,0,0,0,0,0,6972
17537,Bob Niemeyer Campaign,8,0,277328,0,0,0,0
17623,Elect Derrick DeGroot,6,0,334507,0,0,0,0
17676,Fix Our Streets Portland,5,0,64583,0,0,0,0
17697,Friends of Sarah for Portland,1,0,0,0,0,0,0
17700,Xan Augerot for Commissioner,7,0,33419,0,0,0,0
17847,Committee to Elect Janelle Bynum,13,0,1042010,0,0,0,0
18012,Friends of Terri Preeg Riggsby,1,0,20000,0,0,0,0
18072,Friends of Angel Falconer,2,0,7000,0,0,0,0
18208,Thomson For Albany,1,0,0,0,0,0,0
18346,Jason Williams (Taxpayer Association of Oregon),22,0,1507881,0,0,0,0
18348,Northwest Ideas PAC,1,0,100000,0,0,0,0
18376,UCC Friends,8,0,19000,0,0,0,0
18401,Chris Hoy for Salem,8,0,1169200,0,0,0,0
18404,Friends of Lynn Peterson,1,0,5500,0,0,0,0
18439,Jamila for Portland Schools,1,0,0,0,0,0,0
18453,Friends of Annette Mattson,18,0,103500,0,0,0,0
18460,Friends of Erika Lopez,1,0,0,0,0,0,0
18526,Friends of Lindsay Berschauer,13,0,351124,0,0,0,0
18527,Friends of Helen Ying,1,0,0,0,0,0,0
18560,Coalition for Healthy Kids and Education,3,0,120416,0,0,0,0
18690,Oregonians for Clean Air,2,0,20000,0,0,0,0
18702,Auxier for Judge,18,0,14994,0,0,0,0
18718,PCC Forward,1,0,0,0,0,0,0
18748,Yes for Hillsboro Schools,4,0,28721,0,0,0,0
18758,NO TOLLS OREGON PAC,2,0,67819,0,0,0,0
18762,Friends of Susheela,13,0,295336,0,0,0,0
18825,Friends of Andrea Salinas,1,0,195739,0,0,0,0
18843,Yes for Healthcare,2,0,10000,0,0,0,0
18852,City Accountability,12,0,137458,0,0,0,0
18882,Campaign for Safe and Successful Children,2,0,20000,0,0,0,0
18901,Friends of Julian Bell,3,0,11796,0,0,0,0
18908,Friends of Jennifer Chapman,2,0,28089,0,0,0,0
18912,More Housing Now! Political Action Committee,2,0,20000,0,0,0,0
18950,Chrissy for Oregon,3,0,255500,0,0,0,0
18980,Committee to Elect Judge James C. Egan,4,0,32500,0,0,0,0
19005,Elect Kaety Jacobson,3,0,88425,0,0,0,0
19014,Kathy Proctor for Judge,1,0,0,0,0,0,0
19016,Lynn Findley for State Senate,11,0,219822,0,0,0,0
19022,Cheri for Oregon,4,0,56085,0,0,0,0
19025,Eileen Kiely for Oregon ,2,0,10000,0,0,0,0
19028,Better Oregon,7,0,19000,0,0,0,0
19052,"Brian Nava, Treasurer",2,0,0,0,0,0,5000
19128,Kulla For Oregon ,1,0,0,0,0,0,0
19134,Committee to Retain Justice Duncan,1,0,1500,0,0,0,0
19147,Friends of Zach Mulholland,1,0,20880,0,0,0,0
19181,SEIU 49 Political Action Fund,4,0,1120000,0,0,0,0
19242,Jackie for Oregon,11,0,514239,0,0,0,0
19311,Friends of Brandy Stone ,3,0,60000,0,0,400000,0
19328,Foster Homes of Healing Coalition,2,0,20000,0,0,0,0
19380,Friends of Roxanne Beltz,5,0,67350,0,0,0,0
19383,Citizens to Elect Marc Woodard,4,0,14896,0,0,0,0
19414,Friends of Shannon Cockayne,1,0,0,0,0,0,0
19417,Common Good Fund,2,0,20000,0,0,0,0
19420,Team Oregon Victory Fund,12,0,531350,0,0,0,0
19476,Friends of Michelle Steinhebel,1,0,2500,0,0,0,0
19478,No Cuts to Care PAC,1,0,10000,0,0,0,0
19512,Oregon Dermatology PAC,2,0,20000,0,0,0,0
19513,Massene Mboup for Lake Oswego,1,0,5500,0,0,0,0
19525,Yes for RSD Kids,5,0,103902,0,0,0,0
19528,Eddy's Community Power PAC,7,0,23035,0,0,0,0
19539,Alex for Albany,3,0,29200,0,0,0,0
19546,Southern Oregon Priorities,2,0,20000,0,0,0,0
19547,Yes for Warrenton Hammond Kids,2,0,20000,0,0,0,0
19585,Yes for Oregon City Schools,5,0,31350,0,0,0,0
19609,Dennis PAC,3,0,1410990,0,0,0,0
19613,Wendland For Lake Oswego City Council,1,0,250000,0,0,0,0
19645,Seniors for Health Care Choices PAC,4,0,2000,0,0,0,18000
19695,Friends of Paul Drechsler,1,0,66501,0,0,0,0
19735,Friends of Serin Bussell,1,0,19516,0,0,0,0
19742,Friends of Tya,5,0,95200,0,0,0,0
19752,Friends of See Eun,16,0,109569,0,0,0,0
19788,David Salinas for Oregon,4,0,140000,0,0,0,0
19811,Friends of Michelle DePass,16,0,297045,0,0,0,0
19844,Elect Laurie Trieger,61,0,480631,0,0,0,0
19856,Friends of Timothy Morris,1,0,22135,0,0,0,0
19870,Safe & Healthy HRC,1,0,28194,0,0,0,0
19875,Friends of Tiffani,3,0,36583,0,0,0,0
19946,Keep Sheriff Harrold,7,0,11000,0,0,0,0
19982,Keep Tigard Safe,1,0,0,0,0,0,2219
20000,Timber Unity PAC,34,0,267800,0,0,0,0
20001,John Wentworth for Clackamas County District Attorney,4,0,1600089,0,0,0,0
20009,Carmen for Portland,14,0,1111740,0,0,0,0
20018,Mike for DA,6,0,360619,0,0,0,0
20024,Yes for a Healthy Future,5,0,81183,0,0,0,0
20031,Elect Judge Heidi Moawad,1,0,0,0,0,0,0
20053,The Jackie Winters Leadership PAC,23,0,437245,0,0,0,0
20096,Oregon Wine Council PAC,27,0,1277245,0,0,0,0
20164,Protect Lane County Watersheds,1,0,0,0,0,0,0
20187,Friends of Bernadette Hansen,7,0,47000,0,0,0,0
20224,Friends of Angela Brandenburg,7,0,176089,0,0,0,0
20245,Yes for LCC Bond,4,0,3780,0,0,0,0
20274,Chang For Deschutes,7,0,27296,0,0,0,0
20293,Friends of Kerry Johnson,9,0,22250,0,0,10000,0
20324,Ernest Warren for Judge,4,0,5500,0,0,0,0
20357,Friends of Cameron Whitten,1,0,0,0,0,0,0
20361,IUEC Local 23 PAC,3,0,32500,0,0,0,0
20379,Friends of Mary Peveto,1,0,0,0,0,0,0
20404,Friends of Jeff Lang,1,0,62215,0,0,0,0
20418,Portland 2020 Vision,2,0,5500,0,0,0,0
20437,Re-elect Judge Marcia Buckley,24,0,65000,0,0,200000,0
20438,Clarke 4 Judge,4,0,62650,0,0,0,0
20443,Lynn Schoenfeld for Clackamas County Sheriff,10,0,263542,0,0,0,0
20487,Gerritt for Metro,7,0,87672,0,0,0,0
20491,No More Costly Walkouts,2,0,20000,0,0,0,0
20499,Committee to Elect Judge Jackie Kamins,3,0,0,0,0,0,315500
20505,Casey for Commissioner,17,0,873314,0,0,0,0
20543,Friends of Cal Mukumoto,3,0,77500,0,0,0,0
20564,Committee to Elect Gordon McCraw,1,0,28346,0,0,0,0
20576,Oregonians for 100% Clean Electricity,1,0,4300,0,0,0,0
20592,Art Robinson for Oregon Senate,17,0,75729,0,0,0,0
20604,Friends of Paul Henke,2,0,0,0,0,0,0
20616,Friends of Julia Hill,2,0,0,0,0,0,0
20638,JOCO Freedom Fund,4,0,9776,0,0,0,0
20661,Friends of Michael Newgard,7,0,246482,0,0,0,0
20674,Friends of Denyse for OC,7,0,135500,0,0,0,0
20676,Sparacino for Oregon,5,0,148125,0,0,0,0
20692,Friends of Rachel Verdick,3,0,24183,0,0,0,0
20717,Committee to Elect Paula Hyatt,2,0,19900,0,0,0,0
20725,Friends of Gabe Shepherd,3,0,0,0,0,0,0
20759,Our Jobs Our Voice PAC,20,0,60123,0,0,0,0
20768,Chalice Savage for City Council,1,0,25000,0,0,0,0
20776,Stop the Metro Wage Tax,2,0,2500,0,0,0,0
20787,OneLakeOswego,1,0,0,0,0,0,0
20836,"Kyle Juran for Keizer City Council, Inc.",1,0,10000,0,0,0,0
20878,Committee to Retain Judge Kersey,4,0,52487,0,0,0,0
20903,Oregon Progressives for Accountability PAC,6,0,25642,0,0,0,0
20910,Wedding for Council,1,0,200000,0,0,0,0
20966,People Not Politicians PAC,35,0,509292,0,0,0,0
20976,Jobs for Everyday Oregonians PAC,32,0,0,0,0,0,420000
20988,Team Jamie for Oregon,4,0,120000,0,0,0,0
20994,Dan for Wasco County,3,0,78974,0,0,0,0
21003,Wilsonville Home Team PAC,1,0,5583,0,0,0,0
21013,Robert Weinstein,1,0,40000,0,0,0,0
21033,Redmond Small Business PAC,1,0,0,0,0,0,0
21038,Represent Oregon PAC,2,0,20000,0,0,0,0
21051,Coalition to Save Portland,6,0,17538,0,0,0,0
21090,Oregon Liquor Stores PAC,2,0,0,0,0,0,12000
21126,Canby Development PAC,2,0,290000,0,0,0,0
21133,Tom Di Liberto for 4J,1,0,50000,0,0,0,0
21145,Joe Everton for Hillsboro,1,0,10197,0,0,0,0
21150,Friends of Megan Norris,11,0,1152855,0,0,0,0
21184,Pete Morse Committee,6,0,18000,0,0,0,0
21198,Friends of Gary Hollands,8,0,215083,0,0,0,0
21208,Oregon History PAC,11,0,20000,0,0,0,7418991
21209,Friends of Todd Jones,2,0,0,0,0,0,0
21221,ED300 PAC,1,0,8674,0,0,0,0
21239,Friends of Mike Slagle,1,0,1825,0,0,0,0
21245,Friends for Cathy Keathley,5,0,18500,0,0,0,0
21253,Friends of Maria Dauenhauer for School Board,1,0,0,0,0,0,0
21272,Friends of Julie Frediani,1,0,23350,0,0,0,0
21273,Friends of Rose Wilde,3,0,27600,0,0,0,4216
21291,Cascade Area Residents for Education,2,0,13392,0,0,0,0
21302,Shiratori for Oregon,2,0,62379,0,0,0,0
21306,Friends of Kelly Mason,2,0,37110,0,0,0,0
21343,Elect Dorothy Yetter,1,0,0,0,0,0,0
21366,Friends of Misha Hernandez,3,0,84637,0,0,0,0
21371,United 4 Education,1,0,0,0,0,0,0
21395,Friends of Keri Lopez,4,0,39279,0,0,0,0
21427,Constance Shimek Committee  to Elect for board position 2 NCRD,1,0,0,0,0,0,0
21503,Committee to Elect Glenn W. Wachter,5,0,63048,0,0,0,0
21578,LoveLOParks PAC,3,0,116604,0,0,0,0
21605,Friends of Rene Gonzalez,18,0,265012,0,0,0,0
21611,Friends of Lake Oswego Parks,2,0,20000,0,0,0,0
21613,Friends of Brian Decker,1,0,0,0,0,0,0
21632,Friends of Vadim,6,0,105204,0,0,0,0
21635,Save Lincoln County Jobs,1,0,7774,0,0,0,0
21644,James Hieb for Oregon,11,0,24500,0,0,30000,0
21672,Committee to Elect Michelle Duncan for Sheriff,22,0,111000,0,0,0,0
21677,Tenants Organizing Against Displacement,1,0,2000,0,0,0,0
21687,Linn United PAC,7,0,4401332,0,0,0,0
21702,Kevin for Oregon,2,0,9600,0,0,0,0
21716,Melissa for Oregon,1,0,4700,0,0,0,0
21722,Oregon Families for Boating PAC,7,0,1264767,0,0,0,0
21792,Friends of Doris Towery,1,0,11500,0,0,0,0
21815,Committee to Elect Robert Johnson,2,0,4000,0,0,0,0
21832,Friends of Ed Chin,7,0,19000,0,0,0,0
21833,Friends of Jesse Smith,4,0,53890,0,0,0,0
21848,Elect John West,21,0,2411711,0,0,3000000,0
21857,Re-Elect Mark Albertson,3,0,5000,0,0,100000,0
21874,IP 51 Sex Worker Rights Act,2,0,20000,0,0,0,0
21878,Friends of Rich Walsh,6,0,111600,0,0,0,0
21882,Duke for Oregon,29,0,30000,0,0,25000,0
21885,Oregonians for Ethics,3,0,20000,0,0,0,0
21891,Schools For All,2,0,0,0,0,0,0
21911,Friends of Benjamin Watts,6,0,71790,0,0,0,0
21927,Laity for Community,17,0,102865,0,0,0,14200
21949,Friends of Sandra Nelson,2,0,25954,0,0,0,0
21953,Flavors Hook Oregon Kids,18,0,1032161,0,0,0,0
21968,Mason for Oregon ,6,0,143838,0,0,0,0
2197,Oregon Republican First Congressional District Party,21,0,41300,0,0,0,0
21980,Michael J McNamee,1,0,5943,0,0,0,0
21995,Brent Barker for Oregon,11,0,161937,0,0,0,0
21996,Kaliko for Oregon,1,0,0,0,0,0,0
22012,Euwer for County Chair,2,0,0,0,0,0,60000
22025,VoteMary4Assessor,2,0,0,0,0,0,65000
22030,Friends of John Masterman,4,0,118701,0,0,0,0
22033,Victoria Ernst for District 24,2,0,38800,0,0,0,0
22071,Friends of Lisa Davidson,4,0,214977,0,0,0,0
22082,Friends of Gina Munster Moore,1,0,0,0,0,0,0
22092,Oregonians Are Ready ,4,0,1037500,0,0,0,0
22112,Independent Neighborhood Action,2,0,20000,0,0,0,0
22113,9 to 5 PAC,1,0,13252,0,0,0,0
22134,Rick Gray for the House,1,0,150000,0,0,0,0
22146,Remy for Mayor,28,0,348983,0,0,0,0
22148,Committee for Safety and Justice,20,0,173279,0,0,0,26800
22158,Portland United for Change,2,0,20000,0,0,0,0
22182,Protect Progress,2,0,77125,0,0,0,0
22191,Friends of Kathy Hyzy,3,0,6053,0,0,0,0
22216,Morry Jones for Silverton Mayor,9,0,149570,0,0,0,0
22226,Friends of Cat Zwicker,6,0,103906,0,0,0,0
22232,Committee to Elect Linda Adams,3,0,10728,0,0,0,0
22257,Friends of Kien,5,0,125000,0,0,0,0
22327,Oregonians United to End Slavery,2,0,27500,0,0,0,0
22333,2022 Our Oregon Voter Guide,1,0,23884,0,0,0,0
22366,Yes for Parks and Nature,3,0,82010,0,0,0,0
22371,Rick for Bend City Council,1,0,65597,0,0,0,0
22372,YES for Our Astoria Library,2,0,20000,0,0,0,0
22378,LIUNA Local 737 Small Dollar PAC,1,0,0,0,0,0,0
22392,Mike Riley for Bend,9,0,205089,0,0,0,0
22399,Salem-Keizer Education First,7,0,17663,0,0,0,0
22431,Ali for Lake O,1,0,5500,0,0,0,0
22454,Keep Oregon Affordable PAC,1,0,2309,0,0,0,0
22472,Oregonians for Ranked Choice Voting,2,0,20000,0,0,0,0
22531,Racial Justice Oregon Action,2,0,20000,0,0,0,0
22538,Vote4Balance,1,0,138083,0,0,0,0
22544,Portland Accountability PAC,3,0,21500,0,0,0,0
22546,Oregon Sportsmen Opposed to Gun Violence; Vote NO on 114,11,0,184250,0,0,0,0
22547,Steve Toschi for St. Helens,4,0,10500,0,0,0,0
22556,Friends of Octavio for Tualatin,7,0,250000,0,0,500000,0
22562,Hold Politicians Accountable,2,0,20000,0,0,0,0
22566,Camas Christian Coalition,5,0,41703,0,0,0,0
22600,All Oregon Votes IP-16,1,0,0,0,0,0,0
22618,Friends of Drae Charles,3,0,9868,0,0,0,0
22619,Douglas County Citizens for Sensible Schools,6,0,17000,0,0,0,0
22627,Elect Morgan Munro,4,0,82800,0,0,0,0
22640,Pioneer PAC,4,0,3000,0,0,0,9000
22641,Casity Troutt for Schools,4,0,4480,0,0,4000,0
22651,Friends of Justice Rajee,8,0,176837,0,0,0,0
22664,Kids for Success,1,0,747,0,0,0,0
22676,Huwe For Us,23,0,17922,0,0,0,0
22684,Sorber for Port,1,0,0,0,0,0,0
22685,Aimee Reiner and Friends,29,0,136915,0,0,0,175000
22694,Eugene for Energy Choice,6,0,120683,0,0,0,0
22695,Nicole For BLP Schools,1,0,0,0,0,0,0
22697,Angela for NCSD,15,0,107541,0,0,0,0
22700,Friends of Alex Halpern,1,0,50000,0,0,0,0
22724,Yes For Local Health Care ,4,0,209455,0,0,0,0
22730,Brenda Bounds for HRC,3,0,63039,0,0,0,0
22736,Cynthia for School Board,9,0,49600,0,0,0,0
22738,Stefanie Craft for Gresham-Barlow School District,1,0,0,0,0,0,0
22741,Courtneigh for NCSD,9,0,19000,0,0,0,0
22752,Committee to Elect Alex Dreher,8,0,75000,0,0,0,0
22761,Kelley Strawn for School Board,1,0,67876,0,0,0,0
22764,Shawn Farrens for Gresham-Barlow School Board,2,0,19250,0,0,0,0
22785,Farm and Wildlife Conservancy,3,0,65274,0,0,0,0
22787,Krissy for Kids,4,0,8126,0,0,0,0
22795,Committee to Elect Alex Tardif,1,0,34653,0,0,0,0
22805,Coalition for Gresham's Future,7,0,82389,0,0,0,0
22812,Friends of Matthew Smith,7,0,19000,0,0,0,0
22824,Tillamook County Retired Educators and Teachers,1,0,2000,0,0,0,0
22827,Terri for Hillsboro,1,0,49,0,0,0,0
22836,Friends of Erin Merz,1,0,5584,0,0,0,0
22845,Violet for School Board,2,0,1128,0,0,0,0
22864,Friends of Ajax Moody,5,0,130796,0,0,0,0
22895,Good Leadership for Josephine County,9,0,69434,0,0,0,0
22896,Gary PAC,11,0,28000,0,0,0,7500
22913,Holly Riegelmann 4 GBSD,4,0,7755,0,0,0,0
22935,Vote Dole,6,0,22000,0,0,0,0
22949,Friends of Taryne Saunders,3,0,27849,0,0,0,0
22957,Friends of Michael Williams,3,0,4002,0,0,4001,0
22969,the 503,3,0,21583,0,0,0,0
22978,Parents Rights in Education PAC,9,0,29000,0,0,0,688084
23014,Oregon People's Vote,6,0,43612,0,0,0,0
23019,Committee to Elect William Bailey Sheriff,3,0,27217,0,0,0,0
23022,Yes on Scappoose School District Efficiency Efforts PAC,5,0,5000,0,0,0,0
23024,Friends of Liz,7,0,60372,0,0,0,0
23027,UFCW 555 Initiative Support,2,0,20000,0,0,0,0
23038,Save the Grove PAC,8,0,49527,0,0,0,0
23040,Chris for Portland,6,0,14608,0,0,15000,0
23048,Friends of Elizabeth Case,3,0,0,0,0,0,0
23053,Defeat the Tax on Salem Workers - Ordinance Bill No. 12-23,2,0,173557,0,0,0,0
23055,Jesse Cornett for Portland City Council,3,0,24786,0,0,0,0
23059,Elect Sheriff Hunter,8,0,215000,0,0,0,0
23074,Friends of Rae Gordon,1,0,5583,0,0,0,0
23077,Kaarin for Mayor,18,0,452288,0,0,0,0
23079,Friends of Tony Morse,22,0,92622,0,0,0,0
23080,Rob Raschio for Oregon,5,0,156281,0,0,156281,0
23083,Transparent Elections for Grassroots Engagement 1,6,0,17923716,0,0,0,0
23086,Tina for Clackamas,19,0,31782,0,0,0,650519
23092,Friends of Sandeep Bali,4,0,6566,0,0,0,0
23095,Friends of Cheerful Amy ,1,0,19250,0,0,0,0
23096,Ender for East Portland,2,0,73493,0,0,0,0
23097,Committee to Elect Kent Vander Kamp Sheriff,7,0,32271,0,0,0,0
23100,Friends of DeMelo,5,0,18000,0,0,0,0
23111,Friends of Debbie Kitchin,5,0,50166,0,0,0,0
23119,Jackson County for All,4,0,120317,0,0,0,0
23138,Chris Barnett for County Commissioner,4,0,160000,0,0,160000,0
23144,Retain Judge Thanh H. Tran,1,0,1500,0,0,0,0
23154,Friends of Shane Matthews,20,0,117364,0,0,0,0
23160,Citizens for a Thriving Grant County,1,0,15104,0,0,0,0
23185,Friends of James Armstrong,6,0,47968,0,0,0,0
23186,Committee to Retain Justice Aruna Masih,1,0,2500,0,0,0,0
23194,Caprice for Sheriff,12,0,340257,0,0,0,0
23200,Mike DiNapoli for Portland,1,0,25995,0,0,0,0
23203,Matthew Tracey for Judge,1,0,3000,0,0,0,0
23204,Friends of John Toran,10,0,218083,0,0,0,0
23219,David Brown for Salem,7,0,239820,0,0,0,0
23240,Friends of Mariah Hudson,3,0,58742,0,0,0,130000
23242,Elect Scott Moore for Grant County Sheriff,1,0,45032,0,0,0,0
23246,Jonathan Tasini for City Council,2,0,14963,0,0,0,0
23257,Taneea for Mayor,1,0,500,0,0,0,0
23272,Friends of Kara Davis,1,0,1500,0,0,0,0
23273,Joe Furi for Portland,1,0,16875,0,0,0,0
23275,Mary Lou Gets Results,8,0,146427,0,0,0,0
23282,Carlson For Judge,6,0,107500,0,0,0,0
23289,Committee To Retain Sheriff John A Bowles,2,0,0,0,0,0,0
23293,YES for the Oregon Zoo,11,0,153825,0,0,0,0
23298,Friends of Martin Habekost,4,0,532872,0,0,0,0
23305,Brian Duty for Oregon,4,0,17782,0,0,0,0
23313,Neighbors for King City ,1,0,210000,0,0,0,0
23322,Friends of Bob Weinstein,4,0,1610,0,0,0,0
23324,Yes for North Plains,3,0,13955,0,0,0,0
23325,Recall King City Council,2,0,19889,0,0,0,0
23326,Jessie Burke's Positivity PAC,2,0,3000,0,0,0,0
23327,Friends of Peter Grabiel,2,0,9000,0,0,0,0
23331,Joshua Pond for DA,5,0,5000,0,0,0,0
23339,Yes for Lebanon Firefighters,6,0,143096,0,0,0,0
23354,Sam Elliott for Yamhill County Sheriff,10,0,82695,0,0,0,0
23362,Yes for Banks Schools,1,0,10000,0,0,0,0
23369,Persist with Park,10,0,110540,0,0,0,0
23375,KC LeDell for Judge,5,0,18652,0,0,0,0
23378,Elect Rob Harris,18,0,91804,0,0,0,0
23379,Grambo for Hillsboro,3,0,9459,0,0,0,0
23380,Warnes for Council,7,0,145371,0,0,0,0
23386,Friends of Alyssa,1,0,29249,0,0,0,0
23389,Stop Bigger Govt. PAC,2,0,94564,0,0,0,0
23395,Friends of Irvin M Brown,1,0,25000,0,0,0,0
23415,Blackwell for Springfield,7,0,20000,0,0,0,0
23440,Gina for Oregon,2,0,8577,0,0,0,0
23441,Friends of Marnie Glickman,6,0,416898,0,0,0,0
23458,Friends of Scott Hooper,13,0,949766,0,0,0,0
23459,Friends of Richard Chasm,1,0,0,0,0,0,0
23461,Yes for Estacada,3,0,38600,0,0,0,0
23465,Portland with Will,2,0,111395,0,0,0,0
23470,Viva for Portland,3,0,40131,0,0,0,0
23475,Chinese Americans United,2,0,6013,0,0,0,0
23487,Mitchell 4 Sheriff,42,0,63300,0,0,0,0
23491,Committee to Re-Elect Sheriff John Ward,1,0,452059,0,0,0,0
23498,Canning for Oregon,2,0,5000,0,0,0,0
23500,Darcy Jones for Commissioner,7,0,21000,0,0,0,0
23511,Marston for DA,1,0,130294,0,0,0,0
23514,Elect Dave Henslee,3,0,301000,0,0,0,0
23543,Friends of Jake Seavert,4,0,33194,0,0,0,0
23549,Friends of Alexandria,3,0,33000,0,0,0,0
23551,Morris for Mayor,18,0,60280,0,0,0,0
23579,Friends of Stacy Rejaian,4,0,26073,0,0,0,0
23581,Friends of Dan Loomis,21,0,82000,0,0,0,0
23582,Communities of Color for Inclusive Democracy,3,0,343816,0,0,0,0
23583,Shaina for Oregon AG,5,0,77695,0,0,0,0
23595,Luke for PDX,5,0,50766,0,0,0,0
23601,Christopher for Keizer,25,0,153868,0,0,0,0
23616,SUPPORT PUBLIC SAFETY,1,0,1543,0,0,0,0
23625,Friends of Dr. Carlos Richard,2,0,4150,0,0,0,28850
23651,Walker for Portland,3,0,8994,0,0,0,0
23657,Friends of Andrea,5,0,279351,0,0,0,0
23659,Progressive Voice for Oregon,7,0,602500,0,0,0,0
23667,Build the Bench Oregon,8,0,48000,0,0,0,0
23681,Friends of Ahlam Osman,6,0,26238,0,0,0,0
23687,Tyler Miller (Citizens For Responsible Public Safety),5,0,2990704,0,0,0,0
23692,Protect Democracy PAC,6,0,68250,0,0,0,0
23701,T.J. Reilly (Oregon Small Business Association),2,0,62600,0,0,0,0
23724,Friends of Shawn O'Neil,2,0,13166,0,0,0,0
23731,Committee to Elect Tyler Jasper,6,0,135300,0,0,0,0
23733,Landgraver for PDX,3,0,7500,0,0,0,0
23734,Marshall Loves Portland,1,0,83,0,0,0,0
23740,Friends of Saba Anvery,20,0,63715,0,0,0,0
23746,Yes for Clackamas Community College,4,0,44583,0,0,0,0
23752,Committee to Elect Virginia Camberos,1,0,5500,0,0,0,0
23764,Friends of Heidi Lueb,6,0,44679,0,0,45000,0
23767,Citizens for Tillamook County Public Safety Radio System,3,0,701862,0,0,0,0
23771,August Warren for HD2,3,0,7534,0,0,0,0
23773,Doug Clove for a Safe East Portland,5,0,147158,0,0,0,0
23775,Platt for Bend City Council,4,0,19250,0,0,0,0
23782,John Goldsmith 4 PDX,4,0,6998,0,0,0,0
23785,Busse For 33,4,0,8096,0,0,0,0
23789,Yes on 117,7,0,199301,0,0,0,0
23792,Healthy Teeth Hillsboro,4,0,569325,0,0,0,0
23803,Andy Davis for Oregon,3,0,32233,0,0,0,0
23808,Friends of Elizabeth Peters,24,0,113623,0,0,0,0
23810,Harrison Kass for Portland,4,0,41000,0,0,0,0
23812,Friends for Kayla Brown,8,0,24219,0,0,0,0
23816,Friends of Alan Lawyer,9,0,148503,0,0,0,0
23819,Committee to Recall John West,9,0,112033,0,0,0,0
23829,Oregon Workers,3,0,77500,0,0,0,0
23831,Friends of RCC,1,0,0,0,0,0,0
23832,Karyssa Dow for Oregon,1,0,10000,0,0,0,0
23833,Friends of Garrett West,54,0,162905,0,0,100000,4443
23834,Represent Deschutes,1,0,139511,0,0,0,0
23836,Friends of Jack,2,0,11243,0,0,0,0
23837,Conley for PDX,3,0,22583,0,0,0,0
23842,martin ward campaign political committee,1,0,10000,0,0,0,0
23845,Vote No on Gerrymandering,1,0,93839,0,0,0,0
23846,Team Chloe Mason,3,0,205000,0,0,0,0
23852,Mike McBride for Newberg,7,0,47318,0,0,0,0
23859,Committee to Elect Kevin Keating,4,0,278130,0,0,0,0
23864,Team Butler,2,0,7554,0,0,0,0
23868,Friends of David Ford,10,0,66775,0,0,0,0
23887,Nick Cerveny for City Council,10,0,59578,0,0,0,0
23890,Friends of Kevin Kreitman,5,0,133340,0,0,0,17200
23899,Concerned Election Officials,7,0,20000,0,0,0,0
23904,Trevor Lee for Albany,5,0,10124,0,0,0,13200
23908,Friends of Geoffrey Wunn,3,0,4312,0,0,0,0
23923,Mobilize Oregon Votes,3,0,77500,0,0,0,0
23954,Philips for Judge,2,0,67804,0,0,0,0
23955,North Plains 1st PAC,11,0,65022,0,0,0,0
23956,No Costly Mandates,2,0,20000,0,0,0,0
23970,Common Good PAC,1,0,83,0,0,0,0
23985,Vote Jon Curtis,8,0,20000,0,0,0,0
23990,Don't Rank Rene,3,0,168793,0,0,0,0
24009,Portland Voter Guide PAC,3,0,66500,0,0,0,0
24016,Fix Portland Now,7,0,864100,0,0,0,0
24026,MultCo for All,3,0,23000,0,0,0,0
24032,Committee to Elect Douglas Knauer,2,0,1037,0,0,0,0
24125,Friends of Nicole Quackenbush,4,0,0,0,0,0,45000
24156,Friends of Cheyla Breedlove,20,0,73300,0,0,75626,0
24157,Friends of Donovan Donnally,15,0,146400,0,0,146400,0
24251,Friends of Demus Martinez,16,0,0,0,0,0,1358005
24286,Miller for Scappoose,6,0,0,0,0,0,0
24340,Greg Alexander,2,0,124925,0,0,0,0
24428,Community Budgeting for All 2026,146,0,0,0,0,0,89731295
24445,Restore Jo Co PAC #2,16,0,0,0,0,0,567154
24511,Geneva Jackson,4,0,50109,0,0,0,0
24543,Voter Fairness IP 55,10,0,0,0,0,0,1240750
24544,Voter Fairness IP 56,10,0,0,0,0,0,1240750
24547,Friends of Angela,2,0,18690,0,0,50000,0
24635,Recall Hall,9,0,0,0,0,0,4315200
24688,IP YAM-002 Protect the Yamhelas Westsider Trail,11,0,0,0,0,0,113419
24689,IP YAM-003 Protect County Recreation and Trail Corridor Lands,11,0,0,0,0,0,113419
24703,Elect Judge Dozono,7,0,44000,0,0,50000,105000
24725,The Safra Campaign,1,0,0,0,0,0,0
24756,Enough is Enough,1,0,0,0,0,0,0
24807,Friends of David Bush,12,0,27750,0,0,50000,0
24815,Elect Judge Colleen Gilmartin,1,0,0,0,0,0,0
24913,Tracy Harrison (Friends of the Scappoose Public Library),3,0,372616,0,0,0,0
24939,IP YAM-004 Repeal Ordinance 948,4,0,0,0,0,0,87166
24989,PDX Ground Game,1,0,0,0,0,0,0
25008,IP 1PDX2026,42,0,0,0,0,0,155186798
25025,Lane County Votes,1,0,0,0,0,6000,0
25031,Justin for Judge,2,0,94,0,0,1000000,0
25036,Energy Workers Coalition,2,0,0,0,0,0,5690621
25038,Voices for All of Deschutes IP 9-2026,24,0,0,0,0,0,5775860
25044,Brant Walker (Canby Property LLC),2,0,122500,0,0,0,0
25047,David Twombly,5,0,499200,0,0,0,0
25057,Oregon No Queens,3,0,20000,0,0,50000,0
25072,La Pine Data Center Petition,1,0,0,0,0,0,0
25156,Yes on Your Two Cents PDX,5,0,0,0,0,0,4544577
25215,Cec Koontz for Monmouth's Future,1,0,0,0,0,0,0
25263,Keith Leitz for Judge,1,0,0,0,0,0,0
25298,Melody for North Plains,7,0,0,0,0,0,162703
25300,Friends of Don Weber,7,0,0,0,0,0,162703
25308,In Shining Armor,3,0,0,0,0,0,0
25309,Hutchison's Service PAC,1,0,0,0,0,0,60000
25323,Dailey 4 Dallas,6,0,34694,0,0,0,45000
25339,Matt Blancas for North Plains City Council,5,0,0,0,0,0,0
2731,CFM State PAC,7,0,230589,0,0,0,0
2894,Oregon Landscape Contractors Association PAC,7,0,19000,0,0,0,0
3082,Cemetery Association of Oregon PAC,5,0,17500,0,0,0,0
3100,Oregon Association of Broadcasters Political Action Committee,5,0,57000,0,0,0,0
3137,Plumbing & Mechanical Contractors Assoc. Political Action Fund,1,0,290290,0,0,0,0
327,Lincoln County Republican Central Committee,68,0,682797,0,0,0,0
3604,Committee to Elect Dr. Alan Bates,1,0,25000,0,0,0,0
4015,Accion Politica PCUNista PAC,2,0,910000,0,0,0,0
414,Oregon Funeral Directors Association PAC,7,0,0,0,0,0,59500
4247,Friends of Dave Hunt,3,0,1229,0,0,0,0
4318,Friends of Linda Flores,6,0,708976,0,0,0,0
4554,Building Owners and Managers BOMAPAC,2,0,503289,0,0,0,0
470,Peter Courtney for State Senate,5,0,3653013,0,0,0,0
4788,Paul Holvey for State Representative,12,0,307727,0,0,0,0
4831,Friends of Andy Olson,20,0,63073,0,0,0,0
4893,Boquist Leadership Fund,33,0,695855,0,0,0,0
4939,Oregon PA PAC,2,0,20000,0,0,0,0
4947,Protect Marriage Oregon,1,0,0,0,0,0,0
5405,Oregon Sportsmens Association PAC,10,0,191000,0,0,0,0
5425,Davis Wright Tremaine Client PAC (Oregon),1,0,100000,0,0,0,0
5486,American Federation of Teachers- Oregon Issue Political Action Committee,2,0,1000000,0,0,0,0
5493,Doctors for Healthy Communities,4,0,25500,0,0,0,0
5576,Commercial Association of Brokers PAC,4,0,59000,0,0,0,0
5719,Friends of Kathryn Harrington,5,0,11583,0,0,0,0
5788,Committee to Elect Scot Langton Deschutes County Assessor,6,0,0,0,0,0,0
6087,Hillsboro Committee,4,0,825260,0,0,0,0
6446,Yes for Beaverton Schools,4,0,25089,0,0,0,0
