receipt_id,payment_id,sender_id,recipient_id,amount_cents,receipt_date,payment_date,day_gap,match_status
5786561,5814069,4,19050,70000000,2026-08-31,2026-08-31,0,strict_unique_same_day
5751954,5751805,12986,4792,20000000,2026-08-03,2026-08-03,0,strict_unique_same_day
5764682,5763327,2352,4792,20000000,2026-08-12,2026-08-12,0,strict_unique_same_day
5806463,5803109,4213,4792,20000000,2026-09-09,2026-09-09,0,strict_unique_same_day
5735637,5743678,21717,24485,18000000,2026-07-23,2026-07-23,0,strict_unique_same_day
5479248,5479590,221,4792,10029000,2025-12-22,2025-12-22,0,strict_unique_same_day
5384089,5387847,20136,1471,10000000,2025-09-18,2025-09-18,0,strict_unique_same_day
5398219,5397987,4572,4792,10000000,2025-10-02,2025-10-02,0,strict_unique_same_day
5513055,5526962,18744,1471,10000000,2026-01-21,2026-01-21,0,strict_unique_same_day
5558058,5552857,4792,353,10000000,2026-02-24,2026-02-24,0,strict_unique_same_day
5704530,5686897,18396,1471,10000000,2026-06-10,2026-06-10,0,strict_unique_same_day
5738850,5777892,16459,1524,10000000,2026-07-27,2026-07-27,0,strict_unique_same_day
5746976,5751835,19763,1524,10000000,2026-07-30,2026-07-30,0,strict_unique_same_day
5790191,5786820,23228,2690,10000000,2026-08-31,2026-08-31,0,strict_unique_same_day
5791005,5772710,1524,353,10000000,2026-08-19,2026-08-19,0,strict_unique_same_day
5786306,5776445,18744,1471,7500000,2026-08-24,2026-08-24,0,strict_unique_same_day
5808473,5790193,2690,22032,7000000,2026-08-31,2026-08-31,0,strict_unique_same_day
5540205,5561299,24575,24763,6201435,2026-02-16,2026-02-16,0,strict_unique_same_day
5791007,5772996,1471,353,5400000,2026-08-20,2026-08-20,0,strict_unique_same_day
5610141,5625495,221,18555,5029000,2026-04-02,2026-04-02,0,strict_unique_same_day
5413476,5407488,3816,4792,5000000,2025-10-14,2025-10-14,0,strict_unique_same_day
5498267,5512443,17625,1524,5000000,2026-01-09,2026-01-09,0,strict_unique_same_day
5508821,5512926,20610,1471,5000000,2026-01-16,2026-01-16,0,strict_unique_same_day
5524840,5525032,19763,1524,5000000,2026-01-29,2026-01-29,0,strict_unique_same_day
5524847,5527138,15348,1524,5000000,2026-01-30,2026-01-30,0,strict_unique_same_day
5584402,5584428,20136,1471,5000000,2026-03-12,2026-03-12,0,strict_unique_same_day
5704320,5694192,18661,1524,5000000,2026-06-18,2026-06-18,0,strict_unique_same_day
5784372,5784371,23238,24510,5000000,2026-08-28,2026-08-28,0,strict_unique_same_day
5213818,5213836,21023,23696,4060000,2025-02-10,2025-02-10,0,strict_unique_same_day
5524837,5527014,16459,1524,4000000,2026-01-28,2026-01-28,0,strict_unique_same_day
5633430,5641891,16459,1524,4000000,2026-04-20,2026-04-20,0,strict_unique_same_day
5704319,5699176,16459,1524,4000000,2026-06-15,2026-06-15,0,strict_unique_same_day
5786923,5785922,23238,24791,4000000,2026-08-31,2026-08-31,0,strict_unique_same_day
5775110,5794163,21727,1524,3650000,2026-08-24,2026-08-24,0,strict_unique_same_day
5661712,5661628,14961,24542,3500000,2026-05-06,2026-05-06,0,strict_unique_same_day
5722775,5717460,21727,1524,3500000,2026-07-08,2026-07-08,0,strict_unique_same_day
5661636,5661630,14961,21602,3150000,2026-05-06,2026-05-06,0,strict_unique_same_day
5412096,5425676,17625,1524,3000000,2025-10-21,2025-10-21,0,strict_unique_same_day
5482557,5494320,21727,1524,3000000,2025-12-29,2025-12-29,0,strict_unique_same_day
5629989,5625638,15348,1524,3000000,2026-04-14,2026-04-14,0,strict_unique_same_day
5638441,5644018,20610,1471,3000000,2026-04-23,2026-04-23,0,strict_unique_same_day
5772728,5814355,20290,1524,3000000,2026-08-18,2026-08-18,0,strict_unique_same_day
5790463,5800226,15348,1524,3000000,2026-08-25,2026-08-25,0,strict_unique_same_day
5807113,5806944,23238,24791,3000000,2026-09-11,2026-09-11,0,strict_unique_same_day
5808292,5790194,2690,20246,3000000,2026-08-31,2026-08-31,0,strict_unique_same_day
5809453,5820363,21575,24510,3000000,2026-09-14,2026-09-14,0,strict_unique_same_day
5659300,5652456,14961,24542,2750000,2026-05-05,2026-05-05,0,strict_unique_same_day
5803910,5830218,18821,353,2600000,2026-09-03,2026-09-03,0,strict_unique_same_day
5311487,5311549,16178,18555,2500000,2025-05-19,2025-05-19,0,strict_unique_same_day
5407569,5405988,20290,1524,2500000,2025-10-06,2025-10-06,0,strict_unique_same_day
5490714,5514695,20290,1524,2500000,2026-01-05,2026-01-05,0,strict_unique_same_day
5497881,5508800,21691,1524,2500000,2026-01-09,2026-01-09,0,strict_unique_same_day
5599595,5599672,21691,1524,2500000,2026-04-01,2026-04-01,0,strict_unique_same_day
5657571,5658441,18396,1471,2500000,2026-05-08,2026-05-08,0,strict_unique_same_day
5660758,5649422,2352,24761,2500000,2026-04-28,2026-04-28,0,strict_unique_same_day
5664599,5661631,1686,1471,2500000,2026-05-12,2026-05-12,0,strict_unique_same_day
5667868,5671849,16719,1471,2500000,2026-05-18,2026-05-18,0,strict_unique_same_day
5693428,5701053,15255,353,2500000,2026-06-05,2026-06-05,0,strict_unique_same_day
5704526,5694643,16757,1471,2500000,2026-06-09,2026-06-09,0,strict_unique_same_day
5739215,5735956,3428,19050,2500000,2026-07-24,2026-07-24,0,strict_unique_same_day
5755997,5742883,4167,23012,2500000,2026-07-13,2026-07-13,0,strict_unique_same_day
5764667,5781272,161,4792,2500000,2026-08-10,2026-08-10,0,strict_unique_same_day
5770817,5770762,23238,25154,2500000,2026-08-20,2026-08-20,0,strict_unique_same_day
5775377,5810776,21717,25154,2500000,2026-08-24,2026-08-24,0,strict_unique_same_day
5791013,5781283,18821,353,2500000,2026-08-28,2026-08-28,0,strict_unique_same_day
5790482,5794236,17625,1524,2300000,2026-08-27,2026-08-27,0,strict_unique_same_day
5265095,5265066,23587,24287,2286295,2025-04-04,2025-04-04,0,strict_unique_same_day
5661305,5661251,161,25030,2200000,2026-05-12,2026-05-12,0,strict_unique_same_day
5294670,5300210,5207,21123,2000000,2025-04-30,2025-04-30,0,strict_unique_same_day
5524870,5526937,4680,1471,2000000,2026-01-30,2026-01-30,0,strict_unique_same_day
5616555,5625067,17625,1524,2000000,2026-04-09,2026-04-09,0,strict_unique_same_day
5661632,5661629,14961,21771,2000000,2026-05-06,2026-05-06,0,strict_unique_same_day
5667320,5668833,12844,4792,2000000,2026-05-15,2026-05-15,0,strict_unique_same_day
5678213,5683991,266,4792,2000000,2026-05-27,2026-05-27,0,strict_unique_same_day
5695794,5684751,126,4792,2000000,2026-06-08,2026-06-08,0,strict_unique_same_day
5695795,5683665,197,4792,2000000,2026-06-08,2026-06-08,0,strict_unique_same_day
5722774,5736115,18661,1524,2000000,2026-07-08,2026-07-08,0,strict_unique_same_day
5746547,5769945,1579,4792,2000000,2026-07-30,2026-07-30,0,strict_unique_same_day
5771788,5801157,2069,4792,2000000,2026-08-20,2026-08-20,0,strict_unique_same_day
5814679,5814686,23238,24510,1900000,2026-09-18,2026-09-18,0,strict_unique_same_day
5408389,5382477,12493,39,1800000,2025-09-17,2025-09-17,0,strict_unique_same_day
5647984,5646278,23103,1524,1700000,2026-04-29,2026-04-29,0,strict_unique_same_day
5830595,5829937,23238,24510,1700000,2026-09-25,2026-09-25,0,strict_unique_same_day
5524846,5526787,23103,1524,1600000,2026-01-30,2026-01-30,0,strict_unique_same_day
5738844,5733450,23103,1524,1600000,2026-07-21,2026-07-21,0,strict_unique_same_day
5187288,5187035,19050,23238,1500000,2025-01-10,2025-01-10,0,strict_unique_same_day
5387623,5388018,23228,2690,1500000,2025-09-26,2025-09-26,0,strict_unique_same_day
5387723,5387765,14012,22680,1500000,2025-08-28,2025-08-28,0,strict_unique_same_day
5415383,5429327,191,4792,1500000,2025-10-23,2025-10-23,0,strict_unique_same_day
5584184,5584506,19151,19050,1500000,2026-03-18,2026-03-18,0,strict_unique_same_day
5638440,5644071,18744,1471,1500000,2026-04-23,2026-04-23,0,strict_unique_same_day
5638548,5637596,20209,1471,1500000,2026-04-23,2026-04-23,0,strict_unique_same_day
5644054,5650667,20377,1524,1500000,2026-04-28,2026-04-28,0,strict_unique_same_day
5647892,5656432,16882,24949,1500000,2026-04-27,2026-04-27,0,strict_unique_same_day
5663542,5660544,4213,20102,1500000,2026-05-12,2026-05-12,0,strict_unique_same_day
5704529,5683450,20209,1471,1500000,2026-06-04,2026-06-04,0,strict_unique_same_day
5735713,5711424,23228,20246,1500000,2026-07-08,2026-07-08,0,strict_unique_same_day
5736091,5711425,23228,22032,1500000,2026-07-08,2026-07-08,0,strict_unique_same_day
5752421,5755503,2690,22280,1500000,2026-07-23,2026-07-23,0,strict_unique_same_day
5786363,5803634,14041,4792,1500000,2026-08-28,2026-08-28,0,strict_unique_same_day
5790506,5801552,18462,1524,1500000,2026-09-01,2026-09-01,0,strict_unique_same_day
5814045,5820357,21575,24273,1500000,2026-09-14,2026-09-14,0,strict_unique_same_day
5699157,5699156,24610,25046,1431579,2026-06-24,2026-06-24,0,strict_unique_same_day
5584332,5612117,21678,1524,1400000,2026-03-12,2026-03-12,0,strict_unique_same_day
5651778,5660190,23262,1524,1400000,2026-05-04,2026-05-04,0,strict_unique_same_day
5732114,5736131,21678,1524,1400000,2026-07-15,2026-07-15,0,strict_unique_same_day
5775109,5775177,21694,1524,1400000,2026-08-24,2026-08-24,0,strict_unique_same_day
5790503,5793126,19369,1524,1400000,2026-08-31,2026-08-31,0,strict_unique_same_day
5790464,5776585,21678,1524,1300000,2026-08-25,2026-08-25,0,strict_unique_same_day
5304634,5265962,4572,1579,1292700,2025-04-07,2025-04-07,0,strict_unique_same_day
5770948,5796410,23249,23238,1250000,2026-08-19,2026-08-19,0,strict_unique_same_day
5623235,5623428,21819,24814,1200000,2026-04-01,2026-04-01,0,strict_unique_same_day
5208306,5215675,20502,1579,1033200,2025-01-29,2025-01-29,0,strict_unique_same_day
5421238,5421233,24370,23643,1015307,2025-10-21,2025-10-21,0,strict_unique_same_day
5184547,5182092,19050,23238,1000000,2025-01-04,2025-01-04,0,strict_unique_same_day
5187180,5184774,4572,18396,1000000,2025-01-08,2025-01-08,0,strict_unique_same_day
5206058,5215198,17625,1524,1000000,2025-01-31,2025-01-31,0,strict_unique_same_day
5233203,5223660,4792,353,1000000,2025-02-27,2025-02-27,0,strict_unique_same_day
5281048,5278295,260,24099,1000000,2025-04-11,2025-04-11,0,strict_unique_same_day
5317643,5318595,23643,24370,1000000,2025-06-02,2025-06-02,0,strict_unique_same_day
5382791,5382792,19181,20771,1000000,2025-09-17,2025-09-17,0,strict_unique_same_day
5412459,5410152,275,4792,1000000,2025-10-06,2025-10-06,0,strict_unique_same_day
5413945,5416439,15255,4792,1000000,2025-10-21,2025-10-21,0,strict_unique_same_day
5458595,5456767,4572,17469,1000000,2025-12-08,2025-12-08,0,strict_unique_same_day
5471526,5616665,39,19768,1000000,2025-12-09,2025-12-09,0,strict_unique_same_day
5479499,5501206,15483,1524,1000000,2025-12-22,2025-12-22,0,strict_unique_same_day
5506677,5497359,1579,4792,1000000,2025-12-29,2025-12-29,0,strict_unique_same_day
5508812,5494446,20209,1471,1000000,2026-01-06,2026-01-06,0,strict_unique_same_day
5524861,5524126,18821,1471,1000000,2026-01-26,2026-01-26,0,strict_unique_same_day
5527535,5524144,16719,18821,1000000,2026-01-30,2026-01-30,0,strict_unique_same_day
5530590,5530091,5458,21699,1000000,2026-02-04,2026-02-04,0,strict_unique_same_day
5577298,5590113,24494,24726,1000000,2026-03-09,2026-03-09,0,strict_unique_same_day
5578432,5578402,175,19050,1000000,2026-03-13,2026-03-13,0,strict_unique_same_day
5586566,5601626,6165,18397,1000000,2026-03-16,2026-03-16,0,strict_unique_same_day
5601700,5591785,20136,18821,1000000,2026-03-23,2026-03-23,0,strict_unique_same_day
5621120,5591787,20136,16719,1000000,2026-03-23,2026-03-23,0,strict_unique_same_day
5625585,5623424,21819,18397,1000000,2026-04-01,2026-04-01,0,strict_unique_same_day
5635570,5632708,161,18744,1000000,2026-04-20,2026-04-20,0,strict_unique_same_day
5635693,5642188,14012,22680,1000000,2026-04-20,2026-04-20,0,strict_unique_same_day
5640743,5640604,14961,21602,1000000,2026-04-24,2026-04-24,0,strict_unique_same_day
5641909,5641378,17638,15808,1000000,2026-04-20,2026-04-20,0,strict_unique_same_day
5644074,5652200,14041,18744,1000000,2026-04-28,2026-04-28,0,strict_unique_same_day
5644445,5643872,4213,20102,1000000,2026-04-29,2026-04-29,0,strict_unique_same_day
5651314,5651291,14961,21602,1000000,2026-05-05,2026-05-05,0,strict_unique_same_day
5653419,5652194,161,14046,1000000,2026-05-04,2026-05-04,0,strict_unique_same_day
5660764,5660543,4213,24761,1000000,2026-05-12,2026-05-12,0,strict_unique_same_day
5663550,5663446,20309,20102,1000000,2026-05-12,2026-05-12,0,strict_unique_same_day
5668866,5668880,33,21883,1000000,2026-05-14,2026-05-14,0,strict_unique_same_day
5670186,5670299,18744,1471,1000000,2026-05-20,2026-05-20,0,strict_unique_same_day
5670416,5670312,24494,24726,1000000,2026-05-19,2026-05-19,0,strict_unique_same_day
5677830,5674662,126,18396,1000000,2026-05-27,2026-05-27,0,strict_unique_same_day
5686887,5698742,161,18396,1000000,2026-06-08,2026-06-08,0,strict_unique_same_day
5704322,5735859,16812,1524,1000000,2026-06-25,2026-06-25,0,strict_unique_same_day
5704465,5687901,20136,20287,1000000,2026-06-12,2026-06-12,0,strict_unique_same_day
5746969,5769499,16812,1524,1000000,2026-07-28,2026-07-28,0,strict_unique_same_day
5760267,5771901,22699,1524,1000000,2026-08-10,2026-08-10,0,strict_unique_same_day
5762498,5766850,229,20290,1000000,2026-08-05,2026-08-05,0,strict_unique_same_day
5764716,5764699,16428,21839,1000000,2026-08-13,2026-08-13,0,strict_unique_same_day
5770340,5807181,4,23228,1000000,2026-08-12,2026-08-12,0,strict_unique_same_day
5790481,5828696,19778,1524,1000000,2026-08-27,2026-08-27,0,strict_unique_same_day
5806806,5802246,314,22066,1000000,2026-09-09,2026-09-09,0,strict_unique_same_day
5809018,5820830,2690,22032,1000000,2026-09-09,2026-09-09,0,strict_unique_same_day
5809436,5812753,21729,24791,1000000,2026-09-14,2026-09-14,0,strict_unique_same_day
5816232,5829639,3094,4792,1000000,2026-09-16,2026-09-16,0,strict_unique_same_day
5816234,5813775,51,4792,1000000,2026-09-15,2026-09-15,0,strict_unique_same_day
5827882,5831630,126,18396,1000000,2026-09-21,2026-09-21,0,strict_unique_same_day
5829948,5831435,20217,23238,1000000,2026-09-25,2026-09-25,0,strict_unique_same_day
5309949,5319311,23969,24193,950000,2025-05-15,2025-05-15,0,strict_unique_same_day
5828667,5824093,221,24397,929000,2026-09-04,2026-09-04,0,strict_unique_same_day
5306945,5308589,4015,21123,900000,2025-05-12,2025-05-12,0,strict_unique_same_day
5647987,5648065,19778,1524,900000,2026-05-01,2026-05-01,0,strict_unique_same_day
5732119,5744754,19778,1524,850000,2026-07-16,2026-07-16,0,strict_unique_same_day
5382008,5382009,21023,23696,800000,2025-09-16,2025-09-16,0,strict_unique_same_day
5614141,5625619,16131,22860,800000,2026-04-07,2026-04-07,0,strict_unique_same_day
5698708,5694574,21819,24814,800000,2026-05-29,2026-05-29,0,strict_unique_same_day
5808887,5816966,16015,1524,800000,2026-09-03,2026-09-03,0,strict_unique_same_day
5464243,5467616,19778,1524,750000,2025-12-17,2025-12-17,0,strict_unique_same_day
5471582,5472071,126,17469,750000,2025-12-18,2025-12-18,0,strict_unique_same_day
5616818,5624207,102,1471,750000,2026-04-09,2026-04-09,0,strict_unique_same_day
5641326,5638592,22854,21823,750000,2026-04-24,2026-04-24,0,strict_unique_same_day
5643064,5643137,102,21819,750000,2026-04-21,2026-04-21,0,strict_unique_same_day
5757402,5760367,18396,4792,750000,2026-08-06,2026-08-06,0,strict_unique_same_day
5625119,5614371,24679,24388,725000,2026-04-03,2026-04-03,0,strict_unique_same_day
5625120,5614417,24681,24388,725000,2026-04-03,2026-04-03,0,strict_unique_same_day
5379317,5379295,1869,20771,700000,2025-09-09,2025-09-09,0,strict_unique_same_day
5497882,5497858,22699,1524,700000,2026-01-09,2026-01-09,0,strict_unique_same_day
5524838,5527335,18462,1524,700000,2026-01-28,2026-01-28,0,strict_unique_same_day
5524839,5527059,24397,1524,700000,2026-01-28,2026-01-28,0,strict_unique_same_day
5524844,5527833,16015,1524,700000,2026-01-29,2026-01-29,0,strict_unique_same_day
5524845,5530597,21757,1524,700000,2026-01-30,2026-01-30,0,strict_unique_same_day
5529751,5527367,21694,1524,700000,2026-01-30,2026-01-30,0,strict_unique_same_day
5529756,5527486,24400,1524,700000,2026-01-30,2026-01-30,0,strict_unique_same_day
5529757,5526763,16690,1524,700000,2026-01-30,2026-01-30,0,strict_unique_same_day
5616558,5629271,19369,1524,700000,2026-04-09,2026-04-09,0,strict_unique_same_day
5647986,5646279,16690,1524,700000,2026-04-30,2026-04-30,0,strict_unique_same_day
5651777,5652187,19369,1524,700000,2026-05-04,2026-05-04,0,strict_unique_same_day
5657391,5657369,22699,1524,700000,2026-05-07,2026-05-07,0,strict_unique_same_day
5670293,5670469,21694,1524,700000,2026-05-19,2026-05-19,0,strict_unique_same_day
5722769,5713767,24400,1524,700000,2026-07-01,2026-07-01,0,strict_unique_same_day
5747184,5778216,16015,1524,700000,2026-07-30,2026-07-30,0,strict_unique_same_day
5638576,5638591,24763,24575,667170,2026-04-22,2026-04-22,0,strict_unique_same_day
5623484,5625620,16131,21159,650000,2026-04-07,2026-04-07,0,strict_unique_same_day
5625739,5625621,16131,20102,650000,2026-04-07,2026-04-07,0,strict_unique_same_day
5746970,5769502,24397,1524,650000,2026-07-29,2026-07-29,0,strict_unique_same_day
5514613,5518992,24625,23238,600000,2026-01-23,2026-01-23,0,strict_unique_same_day
5529752,5527013,16812,1524,600000,2026-01-30,2026-01-30,0,strict_unique_same_day
5733504,5733491,24814,21819,600000,2026-06-23,2026-06-23,0,strict_unique_same_day
5775101,5775151,24397,1524,600000,2026-08-21,2026-08-21,0,strict_unique_same_day
5615989,5625623,16131,24794,550000,2026-04-07,2026-04-07,0,strict_unique_same_day
5622932,5625625,16131,24563,550000,2026-04-07,2026-04-07,0,strict_unique_same_day
5803801,5824092,221,18397,529000,2026-09-04,2026-09-04,0,strict_unique_same_day
5623773,5625622,16131,24501,525000,2026-04-07,2026-04-07,0,strict_unique_same_day
5184548,5182097,20217,23238,500000,2025-01-04,2025-01-04,0,strict_unique_same_day
5187197,5195353,2069,18396,500000,2025-01-10,2025-01-10,0,strict_unique_same_day
5187441,5194694,2069,17469,500000,2025-01-10,2025-01-10,0,strict_unique_same_day
5189747,5377479,22092,17625,500000,2025-01-12,2025-01-12,0,strict_unique_same_day
5192597,5195354,2069,18744,500000,2025-01-10,2025-01-10,0,strict_unique_same_day
5192602,5184775,4572,18744,500000,2025-01-08,2025-01-08,0,strict_unique_same_day
5192756,5208267,102,1524,500000,2025-01-07,2025-01-07,0,strict_unique_same_day
5195570,5377478,22092,20136,500000,2025-01-12,2025-01-12,0,strict_unique_same_day
5197394,5206049,15808,4792,500000,2025-01-07,2025-01-07,0,strict_unique_same_day
5197947,5198563,16459,1524,500000,2025-01-21,2025-01-21,0,strict_unique_same_day
5199712,5184690,18396,353,500000,2025-01-03,2025-01-03,0,strict_unique_same_day
5294653,5287389,24105,21123,500000,2025-04-24,2025-04-24,0,strict_unique_same_day
5305916,5304240,16541,2690,500000,2025-05-07,2025-05-07,0,strict_unique_same_day
5311965,5311986,24272,21094,500000,2025-05-16,2025-05-16,0,strict_unique_same_day
5311967,5312360,24240,21094,500000,2025-05-16,2025-05-16,0,strict_unique_same_day
5317471,5317507,16428,6610,500000,2025-06-02,2025-06-02,0,strict_unique_same_day
5353164,5352353,126,1686,500000,2025-08-01,2025-08-01,0,strict_unique_same_day
5363180,5358410,3428,2690,500000,2025-08-08,2025-08-08,0,strict_unique_same_day
5365514,5363662,229,20597,500000,2025-08-05,2025-08-05,0,strict_unique_same_day
5366166,5366496,126,17890,500000,2025-08-19,2025-08-19,0,strict_unique_same_day
5374343,5367032,5067,24432,500000,2025-08-20,2025-08-20,0,strict_unique_same_day
5398220,5406024,14041,4792,500000,2025-10-02,2025-10-02,0,strict_unique_same_day
5407591,5405617,126,21729,500000,2025-10-07,2025-10-07,0,strict_unique_same_day
5409424,5405611,126,19463,500000,2025-10-09,2025-10-09,0,strict_unique_same_day
5410272,5407724,126,20136,500000,2025-10-14,2025-10-14,0,strict_unique_same_day
5413766,5409444,51,4792,500000,2025-10-14,2025-10-14,0,strict_unique_same_day
5414115,5422831,4167,20771,500000,2025-10-15,2025-10-15,0,strict_unique_same_day
5415380,5414709,2069,4792,500000,2025-10-17,2025-10-17,0,strict_unique_same_day
5417959,5411296,2717,16719,500000,2025-10-20,2025-10-20,0,strict_unique_same_day
5417960,5411292,126,16719,500000,2025-10-20,2025-10-20,0,strict_unique_same_day
5421844,5425187,2690,15984,500000,2025-10-29,2025-10-29,0,strict_unique_same_day
5421932,5405353,22155,20610,500000,2025-10-06,2025-10-06,0,strict_unique_same_day
5435555,5435675,20366,24542,500000,2025-11-15,2025-11-15,0,strict_unique_same_day
5452877,5464293,12848,11927,500000,2025-11-18,2025-11-18,0,strict_unique_same_day
5459001,5456765,4572,16459,500000,2025-12-08,2025-12-08,0,strict_unique_same_day
5466412,5456739,2717,19151,500000,2025-12-08,2025-12-08,0,strict_unique_same_day
5491081,5491121,21437,23238,500000,2026-01-05,2026-01-05,0,strict_unique_same_day
5491848,5473553,126,21694,500000,2025-12-15,2025-12-15,0,strict_unique_same_day
5506668,5491925,16459,4792,500000,2025-12-23,2025-12-23,0,strict_unique_same_day
5512436,5530613,3917,18555,500000,2026-01-20,2026-01-20,0,strict_unique_same_day
5513671,5513585,20366,23238,500000,2026-01-22,2026-01-22,0,strict_unique_same_day
5515237,5515074,20217,23238,500000,2026-01-23,2026-01-23,0,strict_unique_same_day
5518454,5513968,4572,19768,500000,2026-01-22,2026-01-22,0,strict_unique_same_day
5519185,5519184,2690,24594,500000,2026-01-27,2026-01-27,0,strict_unique_same_day
5525133,5528790,23161,23238,500000,2026-01-30,2026-01-30,0,strict_unique_same_day
5535200,5530734,18401,17240,500000,2026-02-05,2026-02-05,0,strict_unique_same_day
5557083,5555739,5458,21699,500000,2026-02-26,2026-02-26,0,strict_unique_same_day
5560831,5548020,347,24801,500000,2026-02-22,2026-02-22,0,strict_unique_same_day
5573110,5571487,20022,21892,500000,2026-03-09,2026-03-09,0,strict_unique_same_day
5577301,5621262,14041,24726,500000,2026-03-13,2026-03-13,0,strict_unique_same_day
5578431,5578398,175,19050,500000,2026-03-13,2026-03-13,0,strict_unique_same_day
5584400,5590174,18375,1471,500000,2026-03-09,2026-03-09,0,strict_unique_same_day
5591780,5596924,102,1471,500000,2026-03-23,2026-03-23,0,strict_unique_same_day
5612516,5596921,102,19463,500000,2026-03-23,2026-03-23,0,strict_unique_same_day
5612534,5606313,19763,19463,500000,2026-04-04,2026-04-04,0,strict_unique_same_day
5618344,5618342,20366,21771,500000,2026-04-11,2026-04-11,0,strict_unique_same_day
5618993,5612458,126,20377,500000,2026-04-06,2026-04-06,0,strict_unique_same_day
5620946,5612455,126,22699,500000,2026-04-06,2026-04-06,0,strict_unique_same_day
5621608,5620920,19151,24855,500000,2026-04-10,2026-04-10,0,strict_unique_same_day
5622654,5612742,20366,24542,500000,2026-04-08,2026-04-08,0,strict_unique_same_day
5622916,5618240,126,20610,500000,2026-04-10,2026-04-10,0,strict_unique_same_day
5623015,5621113,16719,17945,500000,2026-04-13,2026-04-13,0,strict_unique_same_day
5625460,5622842,19763,23140,500000,2026-04-11,2026-04-11,0,strict_unique_same_day
5625480,5621081,161,21727,500000,2026-04-06,2026-04-06,0,strict_unique_same_day
5627426,5632312,6165,20882,500000,2026-04-14,2026-04-14,0,strict_unique_same_day
5634982,5651438,175,24855,500000,2026-04-21,2026-04-21,0,strict_unique_same_day
5635267,5636554,22471,18866,500000,2026-04-21,2026-04-21,0,strict_unique_same_day
5639340,5641904,15808,20209,500000,2026-04-23,2026-04-23,0,strict_unique_same_day
5642688,5642677,16541,24542,500000,2026-04-27,2026-04-27,0,strict_unique_same_day
5643276,5650283,23659,20102,500000,2026-04-27,2026-04-27,0,strict_unique_same_day
5644435,5652180,24001,20102,500000,2026-04-29,2026-04-29,0,strict_unique_same_day
5653774,5661287,23989,20102,500000,2026-05-05,2026-05-05,0,strict_unique_same_day
5653821,5643873,4213,18555,500000,2026-04-29,2026-04-29,0,strict_unique_same_day
5657390,5655992,15483,1524,500000,2026-05-01,2026-05-01,0,strict_unique_same_day
5657569,5659785,20610,1471,500000,2026-05-08,2026-05-08,0,strict_unique_same_day
5657662,5651830,21819,18397,500000,2026-05-05,2026-05-05,0,strict_unique_same_day
5659390,5656433,16882,14183,500000,2026-05-08,2026-05-08,0,strict_unique_same_day
5664644,5663354,21819,18397,500000,2026-05-14,2026-05-14,0,strict_unique_same_day
5665841,5661619,6165,18888,500000,2026-05-13,2026-05-13,0,strict_unique_same_day
5667624,5668159,14490,17890,500000,2026-05-15,2026-05-15,0,strict_unique_same_day
5668064,5668156,14490,19463,500000,2026-05-15,2026-05-15,0,strict_unique_same_day
5668215,5674180,17638,4792,500000,2026-05-19,2026-05-19,0,strict_unique_same_day
5672144,5669782,5458,21699,500000,2026-05-21,2026-05-21,0,strict_unique_same_day
5674684,5700095,54,4792,500000,2026-05-27,2026-05-27,0,strict_unique_same_day
5686883,5697899,191,18396,500000,2026-06-08,2026-06-08,0,strict_unique_same_day
5696399,5699177,16459,4792,500000,2026-06-15,2026-06-15,0,strict_unique_same_day
5699335,5710066,133,24791,500000,2026-06-24,2026-06-24,0,strict_unique_same_day
5701019,5701832,126,1686,500000,2026-06-25,2026-06-25,0,strict_unique_same_day
5704495,5733461,18744,20287,500000,2026-06-26,2026-06-26,0,strict_unique_same_day
5709745,5713737,14041,20610,500000,2026-07-01,2026-07-01,0,strict_unique_same_day
5742837,5742839,20217,23238,500000,2026-07-29,2026-07-29,0,strict_unique_same_day
5744770,5747634,19463,19778,500000,2026-07-20,2026-07-20,0,strict_unique_same_day
5745626,5781202,54,4792,500000,2026-07-29,2026-07-29,0,strict_unique_same_day
5748820,5756050,15577,14651,500000,2026-07-16,2026-07-16,0,strict_unique_same_day
5755844,5791048,3917,1524,500000,2026-08-07,2026-08-07,0,strict_unique_same_day
5756151,5747636,19463,21694,500000,2026-07-20,2026-07-20,0,strict_unique_same_day
5761095,5768609,23249,23238,500000,2026-08-11,2026-08-11,0,strict_unique_same_day
5761225,5756049,15577,18397,500000,2026-07-16,2026-07-16,0,strict_unique_same_day
5762269,5807176,4,21839,500000,2026-08-12,2026-08-12,0,strict_unique_same_day
5763464,5807180,4,24510,500000,2026-08-12,2026-08-12,0,strict_unique_same_day
5763477,5807178,4,24539,500000,2026-08-12,2026-08-12,0,strict_unique_same_day
5764717,5807179,4,24791,500000,2026-08-12,2026-08-12,0,strict_unique_same_day
5768771,5769969,23238,24539,500000,2026-08-19,2026-08-19,0,strict_unique_same_day
5769498,5747628,19463,24397,500000,2026-07-20,2026-07-20,0,strict_unique_same_day
5769564,5781273,161,5208,500000,2026-08-10,2026-08-10,0,strict_unique_same_day
5771832,5806242,15808,4792,500000,2026-08-13,2026-08-13,0,strict_unique_same_day
5773003,5786218,4680,1471,500000,2026-08-20,2026-08-20,0,strict_unique_same_day
5773004,5801445,13997,1471,500000,2026-08-20,2026-08-20,0,strict_unique_same_day
5777932,5754292,17220,16459,500000,2026-08-05,2026-08-05,0,strict_unique_same_day
5790198,5789683,22854,2690,500000,2026-09-01,2026-09-01,0,strict_unique_same_day
5801307,5801347,20217,23238,500000,2026-09-09,2026-09-09,0,strict_unique_same_day
5804340,5804273,23238,24510,500000,2026-09-11,2026-09-11,0,strict_unique_same_day
5806704,5808184,19763,24613,500000,2026-09-10,2026-09-10,0,strict_unique_same_day
5809435,5820354,21575,24791,500000,2026-09-14,2026-09-14,0,strict_unique_same_day
5811422,5812572,175,24510,500000,2026-09-14,2026-09-14,0,strict_unique_same_day
5816229,5830122,16459,4792,500000,2026-09-15,2026-09-15,0,strict_unique_same_day
5816340,5787942,19768,24572,500000,2026-08-23,2026-08-23,0,strict_unique_same_day
5816974,5813503,2352,16015,500000,2026-09-01,2026-09-01,0,strict_unique_same_day
5818769,5812756,21729,22958,500000,2026-09-14,2026-09-14,0,strict_unique_same_day
5829597,5820856,22854,19050,500000,2026-09-22,2026-09-22,0,strict_unique_same_day
5830091,5824103,221,24676,500000,2026-09-04,2026-09-04,0,strict_unique_same_day
5208298,5215685,5214,1579,486000,2025-01-27,2025-01-27,0,strict_unique_same_day
5481228,5479605,221,18726,450290,2025-12-23,2025-12-23,0,strict_unique_same_day
5311966,5312363,24274,21094,450000,2025-05-16,2025-05-16,0,strict_unique_same_day
5326554,5337860,23969,24193,400000,2025-06-19,2025-06-19,0,strict_unique_same_day
5584334,5616540,16812,1524,400000,2026-03-18,2026-03-18,0,strict_unique_same_day
5638439,5642173,14515,1471,400000,2026-04-20,2026-04-20,0,strict_unique_same_day
5667814,5667815,21848,24961,400000,2026-05-19,2026-05-19,0,strict_unique_same_day
5772961,5757423,5214,21159,400000,2026-08-04,2026-08-04,0,strict_unique_same_day
5774930,5757419,5214,24905,400000,2026-07-30,2026-07-30,0,strict_unique_same_day
5790504,5828652,24397,1524,400000,2026-08-31,2026-08-31,0,strict_unique_same_day
5795367,5795362,20366,24542,400000,2026-09-06,2026-09-06,0,strict_unique_same_day
5524871,5527000,18375,1471,380000,2026-01-30,2026-01-30,0,strict_unique_same_day
5293183,5329529,24123,22609,350000,2025-04-29,2025-04-29,0,strict_unique_same_day
5311959,5311641,24083,21094,350000,2025-05-16,2025-05-16,0,strict_unique_same_day
5405321,5405608,126,21823,350000,2025-10-08,2025-10-08,0,strict_unique_same_day
5666311,5667994,2690,22032,350000,2026-05-14,2026-05-14,0,strict_unique_same_day
5736087,5755372,2690,22032,350000,2026-07-01,2026-07-01,0,strict_unique_same_day
5764824,5770481,2690,22032,350000,2026-08-11,2026-08-11,0,strict_unique_same_day
5320436,5320182,24083,21429,348676,2025-06-10,2025-06-10,0,strict_unique_same_day
5372559,5378085,16015,22572,330000,2025-08-28,2025-08-28,0,strict_unique_same_day
5512958,5479599,221,18375,329000,2025-12-23,2025-12-23,0,strict_unique_same_day
5575127,5571456,24681,24388,325000,2026-02-26,2026-02-26,0,strict_unique_same_day
5575128,5566888,24679,24388,325000,2026-02-26,2026-02-26,0,strict_unique_same_day
5288411,5287300,23582,22860,307316,2025-04-25,2025-04-25,0,strict_unique_same_day
5636585,5634570,221,18821,300290,2026-04-21,2026-04-21,0,strict_unique_same_day
5187700,5187695,15984,23238,300000,2025-01-12,2025-01-12,0,strict_unique_same_day
5192750,5208318,1579,1524,300000,2025-01-10,2025-01-10,0,strict_unique_same_day
5293184,5310010,3087,22609,300000,2025-04-29,2025-04-29,0,strict_unique_same_day
5325883,5329010,24105,21123,300000,2025-05-29,2025-05-29,0,strict_unique_same_day
5325884,5318664,24114,21123,300000,2025-06-04,2025-06-04,0,strict_unique_same_day
5370232,5383683,102,5208,300000,2025-08-20,2025-08-20,0,strict_unique_same_day
5386651,5383692,102,20771,300000,2025-09-18,2025-09-18,0,strict_unique_same_day
5513040,5495880,16138,20771,300000,2026-01-05,2026-01-05,0,strict_unique_same_day
5638433,5643062,21819,20882,300000,2026-04-24,2026-04-24,0,strict_unique_same_day
5647571,5646262,21437,21823,300000,2026-04-30,2026-04-30,0,strict_unique_same_day
5665033,5664046,23228,21094,300000,2026-05-14,2026-05-14,0,strict_unique_same_day
5708719,5709685,20209,24613,300000,2026-07-01,2026-07-01,0,strict_unique_same_day
5713780,5706332,19351,16986,300000,2026-06-25,2026-06-25,0,strict_unique_same_day
5722780,5722618,16690,1524,300000,2026-07-15,2026-07-15,0,strict_unique_same_day
5736096,5721822,22854,22032,300000,2026-07-14,2026-07-14,0,strict_unique_same_day
5739007,5738935,23238,24791,300000,2026-07-27,2026-07-27,0,strict_unique_same_day
5755115,5733700,20209,24613,300000,2026-07-20,2026-07-20,0,strict_unique_same_day
5767173,5766519,33,16291,300000,2026-08-11,2026-08-11,0,strict_unique_same_day
5806258,5780178,126,22699,300000,2026-08-27,2026-08-27,0,strict_unique_same_day
5808893,5828654,24397,1524,300000,2026-09-08,2026-09-08,0,strict_unique_same_day
5809707,5812963,154,24791,300000,2026-09-14,2026-09-14,0,strict_unique_same_day
5811421,5812964,154,24510,300000,2026-09-14,2026-09-14,0,strict_unique_same_day
5817431,5794037,23238,21094,300000,2026-09-04,2026-09-04,0,strict_unique_same_day
5829610,5829629,20477,6032,300000,2026-09-23,2026-09-23,0,strict_unique_same_day
5790509,5806123,16690,1524,296340,2026-09-02,2026-09-02,0,strict_unique_same_day
5638665,5634568,221,16623,290290,2026-04-21,2026-04-21,0,strict_unique_same_day
5800038,5782392,221,23432,290290,2026-08-27,2026-08-27,0,strict_unique_same_day
5800040,5830183,3137,23432,290290,2026-08-27,2026-08-27,0,strict_unique_same_day
5800047,5824102,221,21757,290290,2026-09-04,2026-09-04,0,strict_unique_same_day
5801428,5782393,221,21842,290290,2026-08-27,2026-08-27,0,strict_unique_same_day
5803872,5803893,5528,24085,281328,2026-08-18,2026-08-18,0,strict_unique_same_day
5616816,5623032,4680,1471,280000,2026-04-08,2026-04-08,0,strict_unique_same_day
5629810,5635337,22249,19768,280000,2026-04-17,2026-04-17,0,strict_unique_same_day
5808890,5801554,18462,1524,280000,2026-09-08,2026-09-08,0,strict_unique_same_day
5320430,5320184,24272,21429,274456,2025-06-10,2025-06-10,0,strict_unique_same_day
5657521,5657346,24750,24783,270000,2026-05-08,2026-05-08,0,strict_unique_same_day
5320427,5320186,24240,21429,263401,2025-06-10,2025-06-10,0,strict_unique_same_day
5586454,5572255,221,18397,250290,2026-03-03,2026-03-03,0,strict_unique_same_day
5186692,5187327,51,3420,250000,2025-01-09,2025-01-09,0,strict_unique_same_day
5187181,5184839,2480,18396,250000,2025-01-08,2025-01-08,0,strict_unique_same_day
5187185,5187086,4,18396,250000,2025-01-08,2025-01-08,0,strict_unique_same_day
5187353,5187113,4,19050,250000,2025-01-09,2025-01-09,0,strict_unique_same_day
5187476,5187482,23118,23238,250000,2025-01-11,2025-01-11,0,strict_unique_same_day
5187821,5187250,21823,23238,250000,2025-01-11,2025-01-11,0,strict_unique_same_day
5192607,5187087,4,18744,250000,2025-01-08,2025-01-08,0,strict_unique_same_day
5192763,5208294,16813,1524,250000,2025-01-07,2025-01-07,0,strict_unique_same_day
5192774,5206053,54,1524,250000,2025-01-07,2025-01-07,0,strict_unique_same_day
5192897,5208296,16813,1471,250000,2025-01-07,2025-01-07,0,strict_unique_same_day
5192903,5208297,1579,1471,250000,2025-01-10,2025-01-10,0,strict_unique_same_day
5263259,5259358,21094,24274,250000,2025-03-28,2025-03-28,0,strict_unique_same_day
5266740,5259351,21094,24272,250000,2025-03-28,2025-03-28,0,strict_unique_same_day
5267403,5283865,19613,24093,250000,2025-04-02,2025-04-02,0,strict_unique_same_day
5271138,5282276,21094,24260,250000,2025-04-14,2025-04-14,0,strict_unique_same_day
5282242,5282277,21094,24273,250000,2025-04-14,2025-04-14,0,strict_unique_same_day
5284121,5282275,21094,24239,250000,2025-04-14,2025-04-14,0,strict_unique_same_day
5294661,5287280,19242,21123,250000,2025-04-25,2025-04-25,0,strict_unique_same_day
5303240,5310014,3087,22860,250000,2025-04-30,2025-04-30,0,strict_unique_same_day
5304830,5267593,314,24278,250000,2025-04-07,2025-04-07,0,strict_unique_same_day
5306944,5712735,142,21123,250000,2025-05-09,2025-05-09,0,strict_unique_same_day
5363962,5379074,14041,20610,250000,2025-08-13,2025-08-13,0,strict_unique_same_day
5364925,5375755,21819,20771,250000,2025-08-08,2025-08-08,0,strict_unique_same_day
5382723,5387764,14012,5724,250000,2025-08-28,2025-08-28,0,strict_unique_same_day
5405316,5405609,126,21839,250000,2025-10-08,2025-10-08,0,strict_unique_same_day
5405755,5417908,16719,18821,250000,2025-10-06,2025-10-06,0,strict_unique_same_day
5410199,5408845,19151,21336,250000,2025-10-15,2025-10-15,0,strict_unique_same_day
5410271,5417708,161,20136,250000,2025-10-10,2025-10-10,0,strict_unique_same_day
5410371,5408928,126,20217,250000,2025-10-16,2025-10-16,0,strict_unique_same_day
5411285,5431057,20136,5208,250000,2025-10-20,2025-10-20,0,strict_unique_same_day
5413776,5407328,2480,4792,250000,2025-10-14,2025-10-14,0,strict_unique_same_day
5414515,5408929,126,23253,250000,2025-10-16,2025-10-16,0,strict_unique_same_day
5425550,5406942,126,16459,250000,2025-10-13,2025-10-13,0,strict_unique_same_day
5435694,5442561,4,23228,250000,2025-11-13,2025-11-13,0,strict_unique_same_day
5439975,5448037,16588,19768,250000,2025-11-15,2025-11-15,0,strict_unique_same_day
5440400,5422751,126,23103,250000,2025-10-24,2025-10-24,0,strict_unique_same_day
5443574,5422747,275,16757,250000,2025-10-29,2025-10-29,0,strict_unique_same_day
5443576,5422752,126,16757,250000,2025-10-29,2025-10-29,0,strict_unique_same_day
5444265,5433715,275,16719,250000,2025-11-03,2025-11-03,0,strict_unique_same_day
5458279,5459666,20290,4792,250000,2025-12-04,2025-12-04,0,strict_unique_same_day
5458907,5479261,102,1524,250000,2025-12-02,2025-12-02,0,strict_unique_same_day
5460704,5453206,15577,18397,250000,2025-12-05,2025-12-05,0,strict_unique_same_day
5467453,5479270,102,18744,250000,2025-12-18,2025-12-18,0,strict_unique_same_day
5473594,5479266,102,16719,250000,2025-12-08,2025-12-08,0,strict_unique_same_day
5494448,5496590,126,20209,250000,2026-01-06,2026-01-06,0,strict_unique_same_day
5497986,5501560,54,1471,250000,2026-01-08,2026-01-08,0,strict_unique_same_day
5512466,5494505,275,17625,250000,2026-01-06,2026-01-06,0,strict_unique_same_day
5512942,5496580,126,20610,250000,2026-01-06,2026-01-06,0,strict_unique_same_day
5513816,5513822,23423,23238,250000,2026-01-22,2026-01-22,0,strict_unique_same_day
5514016,5513738,51,17469,250000,2026-01-21,2026-01-21,0,strict_unique_same_day
5514603,5513784,126,19778,250000,2026-01-20,2026-01-20,0,strict_unique_same_day
5515293,5497707,126,19768,250000,2026-01-09,2026-01-09,0,strict_unique_same_day
5523721,5527110,20136,19768,250000,2026-01-26,2026-01-26,0,strict_unique_same_day
5525028,5529728,15808,19763,250000,2026-01-29,2026-01-29,0,strict_unique_same_day
5527078,5524117,126,24397,250000,2026-01-28,2026-01-28,0,strict_unique_same_day
5527611,5529729,15808,4792,250000,2026-01-29,2026-01-29,0,strict_unique_same_day
5528167,5529726,15808,5208,250000,2026-01-29,2026-01-29,0,strict_unique_same_day
5530991,5519897,17638,21727,250000,2026-01-27,2026-01-27,0,strict_unique_same_day
5558486,5559940,23140,24761,250000,2026-03-02,2026-03-02,0,strict_unique_same_day
5573366,5589407,3591,24149,250000,2026-03-11,2026-03-11,0,strict_unique_same_day
5573882,5614006,17638,4792,250000,2026-03-10,2026-03-10,0,strict_unique_same_day
5578942,5513783,126,17625,250000,2026-01-20,2026-01-20,0,strict_unique_same_day
5590121,5596910,102,24494,250000,2026-03-02,2026-03-02,0,strict_unique_same_day
5597462,5600567,23249,23071,250000,2026-04-01,2026-04-01,0,strict_unique_same_day
5601713,5610184,16459,18821,250000,2026-04-01,2026-04-01,0,strict_unique_same_day
5610266,5596926,102,21727,250000,2026-03-23,2026-03-23,0,strict_unique_same_day
5610274,5624201,102,21727,250000,2026-04-02,2026-04-02,0,strict_unique_same_day
5616589,5624199,102,16812,250000,2026-04-02,2026-04-02,0,strict_unique_same_day
5616794,5624205,102,24397,250000,2026-04-02,2026-04-02,0,strict_unique_same_day
5622898,5622725,24494,20631,250000,2026-04-02,2026-04-02,0,strict_unique_same_day
5625442,5627430,16757,18821,250000,2026-04-09,2026-04-09,0,strict_unique_same_day
5625742,5612459,126,16508,250000,2026-04-06,2026-04-06,0,strict_unique_same_day
5640691,5638029,126,17668,250000,2026-04-23,2026-04-23,0,strict_unique_same_day
5646250,5646256,23228,24463,250000,2026-04-30,2026-04-30,0,strict_unique_same_day
5650082,5652139,16131,20102,250000,2026-04-28,2026-04-28,0,strict_unique_same_day
5654277,5663097,4747,24539,250000,2026-05-06,2026-05-06,0,strict_unique_same_day
5661501,5662692,51,17469,250000,2026-05-12,2026-05-12,0,strict_unique_same_day
5664638,5665477,24681,24388,250000,2026-05-13,2026-05-13,0,strict_unique_same_day
5666437,5671706,161,21757,250000,2026-05-15,2026-05-15,0,strict_unique_same_day
5685610,5684645,24761,23140,250000,2026-05-27,2026-05-27,0,strict_unique_same_day
5686622,5685425,4,17469,250000,2026-06-09,2026-06-09,0,strict_unique_same_day
5686881,5683967,228,18396,250000,2026-06-08,2026-06-08,0,strict_unique_same_day
5686890,5685421,4,18396,250000,2026-06-08,2026-06-08,0,strict_unique_same_day
5687779,5693551,33,21883,250000,2026-05-27,2026-05-27,0,strict_unique_same_day
5693709,5699907,275,23103,250000,2026-06-04,2026-06-04,0,strict_unique_same_day
5693731,5681251,4,20246,250000,2026-06-02,2026-06-02,0,strict_unique_same_day
5700548,5721077,191,18744,250000,2026-06-22,2026-06-22,0,strict_unique_same_day
5703343,5704023,21575,24791,250000,2026-06-26,2026-06-26,0,strict_unique_same_day
5709699,5738898,16719,20287,250000,2026-07-01,2026-07-01,0,strict_unique_same_day
5721867,5709739,20610,19829,250000,2026-07-02,2026-07-02,0,strict_unique_same_day
5737722,5733414,126,17668,250000,2026-07-21,2026-07-21,0,strict_unique_same_day
5755230,5776413,18744,22066,250000,2026-08-04,2026-08-04,0,strict_unique_same_day
5757887,5751960,51,20610,250000,2026-07-30,2026-07-30,0,strict_unique_same_day
5762314,5752995,126,21694,250000,2026-08-04,2026-08-04,0,strict_unique_same_day
5763169,5787560,18950,24816,250000,2026-07-27,2026-07-27,0,strict_unique_same_day
5769505,5743673,126,24397,250000,2026-07-28,2026-07-28,0,strict_unique_same_day
5770350,5763715,197,23228,250000,2026-08-12,2026-08-12,0,strict_unique_same_day
5775166,5802254,102,19778,250000,2026-08-14,2026-08-14,0,strict_unique_same_day
5775181,5793106,19463,24613,250000,2026-08-11,2026-08-11,0,strict_unique_same_day
5786219,5781178,20610,22066,250000,2026-08-28,2026-08-28,0,strict_unique_same_day
5791131,5803349,15577,21664,250000,2026-08-21,2026-08-21,0,strict_unique_same_day
5793786,5813693,4747,24650,250000,2026-08-31,2026-08-31,0,strict_unique_same_day
5800362,5800363,24693,25258,250000,2026-09-08,2026-09-08,0,strict_unique_same_day
5802365,5774773,80,24816,250000,2026-08-24,2026-08-24,0,strict_unique_same_day
5803785,5803641,14041,18397,250000,2026-08-28,2026-08-28,0,strict_unique_same_day
5808287,5813694,4747,20246,250000,2026-08-28,2026-08-28,0,strict_unique_same_day
5809710,5820452,125,24791,250000,2026-09-14,2026-09-14,0,strict_unique_same_day
5814839,5830121,16459,21757,250000,2026-09-15,2026-09-15,0,strict_unique_same_day
5816800,5781176,20610,20287,250000,2026-08-27,2026-08-27,0,strict_unique_same_day
5828739,5787960,197,19778,250000,2026-09-02,2026-09-02,0,strict_unique_same_day
5829969,5821779,134,17469,250000,2026-09-23,2026-09-23,0,strict_unique_same_day
5473554,5466313,23238,24625,228136,2025-12-18,2025-12-18,0,strict_unique_same_day
5701843,5702736,20376,22572,225000,2026-06-24,2026-06-24,0,strict_unique_same_day
5628477,5623431,21819,20771,220000,2026-04-09,2026-04-09,0,strict_unique_same_day
5198331,5191392,379,294,210000,2025-01-14,2025-01-14,0,strict_unique_same_day
5578419,5564104,21094,24537,210000,2026-02-27,2026-02-27,0,strict_unique_same_day
5539394,5539402,24369,24784,208785,2026-02-17,2026-02-17,0,strict_unique_same_day
5634697,5634561,221,18661,200290,2026-04-21,2026-04-21,0,strict_unique_same_day
5800262,5824088,221,15348,200290,2026-09-03,2026-09-03,0,strict_unique_same_day
5186807,5195350,2069,20610,200000,2025-01-10,2025-01-10,0,strict_unique_same_day
5186849,5197615,5207,13997,200000,2025-01-09,2025-01-09,0,strict_unique_same_day
5186946,5187038,4,16757,200000,2025-01-07,2025-01-07,0,strict_unique_same_day
5186949,5183997,135,16757,200000,2025-01-07,2025-01-07,0,strict_unique_same_day
5187622,5218713,266,19151,200000,2025-01-10,2025-01-10,0,strict_unique_same_day
5192606,5197589,5207,18744,200000,2025-01-09,2025-01-09,0,strict_unique_same_day
5192943,5187033,4,21249,200000,2025-01-07,2025-01-07,0,strict_unique_same_day
5195368,5208319,1579,18396,200000,2025-01-10,2025-01-10,0,strict_unique_same_day
5195522,5187091,4,20290,200000,2025-01-08,2025-01-08,0,strict_unique_same_day
5197076,5187090,4,19463,200000,2025-01-08,2025-01-08,0,strict_unique_same_day
5270304,5279203,102,24214,200000,2025-04-09,2025-04-09,0,strict_unique_same_day
5294654,5292642,24166,21123,200000,2025-04-24,2025-04-24,0,strict_unique_same_day
5328420,5329054,16459,17999,200000,2025-06-10,2025-06-10,0,strict_unique_same_day
5370836,5383676,102,19778,200000,2025-08-20,2025-08-20,0,strict_unique_same_day
5388386,5388106,20053,24393,200000,2025-09-25,2025-09-25,0,strict_unique_same_day
5397362,5383689,102,15577,200000,2025-09-18,2025-09-18,0,strict_unique_same_day
5452733,5435518,23159,24573,200000,2025-11-13,2025-11-13,0,strict_unique_same_day
5458583,5459238,51,17469,200000,2025-12-08,2025-12-08,0,strict_unique_same_day
5482236,5473804,5214,24563,200000,2025-12-22,2025-12-22,0,strict_unique_same_day
5491935,5479272,102,16459,200000,2025-12-18,2025-12-18,0,strict_unique_same_day
5497957,5473801,5214,21159,200000,2025-12-22,2025-12-22,0,strict_unique_same_day
5515334,5580456,4,15984,200000,2026-01-22,2026-01-22,0,strict_unique_same_day
5519101,5528693,14041,16719,200000,2026-01-23,2026-01-23,0,strict_unique_same_day
5526239,5528529,4,18396,200000,2026-01-21,2026-01-21,0,strict_unique_same_day
5527370,5512963,16459,21694,200000,2026-01-20,2026-01-20,0,strict_unique_same_day
5527511,5529730,15808,21727,200000,2026-01-29,2026-01-29,0,strict_unique_same_day
5527579,5529736,15808,21678,200000,2026-01-29,2026-01-29,0,strict_unique_same_day
5534862,5541745,5214,17643,200000,2026-02-09,2026-02-09,0,strict_unique_same_day
5541765,5561696,3917,18397,200000,2026-02-16,2026-02-16,0,strict_unique_same_day
5562770,5579481,24611,21159,200000,2026-02-23,2026-02-23,0,strict_unique_same_day
5575126,5569912,24566,24388,200000,2026-02-26,2026-02-26,0,strict_unique_same_day
5596874,5610183,16459,24854,200000,2026-04-01,2026-04-01,0,strict_unique_same_day
5616783,5610238,21727,24397,200000,2026-03-16,2026-03-16,0,strict_unique_same_day
5623463,5613134,16428,23071,200000,2026-04-08,2026-04-08,0,strict_unique_same_day
5632496,5630384,3428,20144,200000,2026-04-17,2026-04-17,0,strict_unique_same_day
5633572,5628582,161,20287,200000,2026-04-16,2026-04-16,0,strict_unique_same_day
5643319,5652217,14041,18397,200000,2026-04-28,2026-04-28,0,strict_unique_same_day
5645983,5645982,24483,24961,200000,2026-04-30,2026-04-30,0,strict_unique_same_day
5647999,5643060,21819,18968,200000,2026-04-24,2026-04-24,0,strict_unique_same_day
5650162,5652213,14041,18821,200000,2026-04-28,2026-04-28,0,strict_unique_same_day
5656698,5657893,618,22909,200000,2026-05-07,2026-05-07,0,strict_unique_same_day
5657725,5663670,19555,21727,200000,2026-05-08,2026-05-08,0,strict_unique_same_day
5659357,5658784,19804,20246,200000,2026-05-08,2026-05-08,0,strict_unique_same_day
5662268,5663668,19555,19463,200000,2026-05-08,2026-05-08,0,strict_unique_same_day
5716688,5726333,314,24948,200000,2026-07-07,2026-07-07,0,strict_unique_same_day
5721130,5732251,20136,18397,200000,2026-07-02,2026-07-02,0,strict_unique_same_day
5732491,5732069,20477,6032,200000,2026-07-20,2026-07-20,0,strict_unique_same_day
5735902,5735558,161,24397,200000,2026-07-23,2026-07-23,0,strict_unique_same_day
5753161,5735549,161,20610,200000,2026-07-10,2026-07-10,0,strict_unique_same_day
5765855,5747614,16719,24217,200000,2026-07-31,2026-07-31,0,strict_unique_same_day
5766196,5765832,51,23238,200000,2026-08-12,2026-08-12,0,strict_unique_same_day
5774749,5803348,15577,24608,200000,2026-08-21,2026-08-21,0,strict_unique_same_day
5774970,5777908,16459,24905,200000,2026-08-18,2026-08-18,0,strict_unique_same_day
5781228,5802600,24854,24806,200000,2026-08-17,2026-08-17,0,strict_unique_same_day
5789459,5777907,16459,21757,200000,2026-08-18,2026-08-18,0,strict_unique_same_day
5789545,5790256,16178,16757,200000,2026-08-10,2026-08-10,0,strict_unique_same_day
5801560,5777910,16459,18462,200000,2026-08-18,2026-08-18,0,strict_unique_same_day
5803593,5814119,16981,14651,200000,2026-09-02,2026-09-02,0,strict_unique_same_day
5809452,5820627,23249,24510,200000,2026-09-14,2026-09-14,0,strict_unique_same_day
5351127,5351126,24108,14961,189842,2025-07-30,2025-07-30,0,strict_unique_same_day
5571428,5541742,5214,1579,183900,2026-02-05,2026-02-05,0,strict_unique_same_day
5571446,5575132,5214,1579,183900,2026-03-06,2026-03-06,0,strict_unique_same_day
5700715,5700612,5214,1579,181700,2026-06-15,2026-06-15,0,strict_unique_same_day
5769949,5757416,5214,1579,181700,2026-07-20,2026-07-20,0,strict_unique_same_day
5567011,5564103,21094,24472,175000,2026-02-27,2026-02-27,0,strict_unique_same_day
5328846,5328383,16015,22572,167764,2025-06-26,2025-06-26,0,strict_unique_same_day
5239870,5218923,23990,23674,158710,2025-02-19,2025-02-19,0,strict_unique_same_day
5656451,5660237,5528,21883,154966,2026-05-07,2026-05-07,0,strict_unique_same_day
5559533,5559019,24300,24647,154500,2026-03-02,2026-03-02,0,strict_unique_same_day
5635336,5634573,221,20631,150290,2026-04-21,2026-04-21,0,strict_unique_same_day
5641586,5634565,221,24371,150290,2026-04-21,2026-04-21,0,strict_unique_same_day
5186139,5187324,51,20144,150000,2025-01-09,2025-01-09,0,strict_unique_same_day
5186163,5187104,4,23253,150000,2025-01-09,2025-01-09,0,strict_unique_same_day
5186891,5186157,51,16459,150000,2025-01-08,2025-01-08,0,strict_unique_same_day
5187259,5187110,4,18284,150000,2025-01-09,2025-01-09,0,strict_unique_same_day
5187307,5187105,4,23228,150000,2025-01-09,2025-01-09,0,strict_unique_same_day
5187311,5185639,2480,23228,150000,2025-01-09,2025-01-09,0,strict_unique_same_day
5187336,5187109,4,23423,150000,2025-01-09,2025-01-09,0,strict_unique_same_day
5187363,5185616,2480,19050,150000,2025-01-09,2025-01-09,0,strict_unique_same_day
5187674,5187102,4,20337,150000,2025-01-09,2025-01-09,0,strict_unique_same_day
5189740,5184838,2480,17625,150000,2025-01-08,2025-01-08,0,strict_unique_same_day
5190135,5187106,4,16541,150000,2025-01-09,2025-01-09,0,strict_unique_same_day
5192609,5208320,1579,18744,150000,2025-01-10,2025-01-10,0,strict_unique_same_day
5192616,5184832,2480,18744,150000,2025-01-08,2025-01-08,0,strict_unique_same_day
5192637,5184831,2480,23464,150000,2025-01-08,2025-01-08,0,strict_unique_same_day
5192667,5184812,2480,23103,150000,2025-01-08,2025-01-08,0,strict_unique_same_day
5192690,5184814,2480,22699,150000,2025-01-08,2025-01-08,0,strict_unique_same_day
5195567,5184119,2480,20136,150000,2025-01-07,2025-01-07,0,strict_unique_same_day
5197114,5184836,2480,23140,150000,2025-01-08,2025-01-08,0,strict_unique_same_day
5197379,5186148,51,16812,150000,2025-01-08,2025-01-08,0,strict_unique_same_day
5206572,5202808,4318,294,150000,2025-01-30,2025-01-30,0,strict_unique_same_day
5265816,5262953,59,24134,150000,2025-03-24,2025-03-24,0,strict_unique_same_day
5282746,5282272,21094,24272,150000,2025-04-14,2025-04-14,0,strict_unique_same_day
5283833,5282273,21094,24240,150000,2025-04-14,2025-04-14,0,strict_unique_same_day
5283855,5282274,21094,24274,150000,2025-04-14,2025-04-14,0,strict_unique_same_day
5283872,5284044,4,23412,150000,2025-04-16,2025-04-16,0,strict_unique_same_day
5284106,5279202,102,17647,150000,2025-04-09,2025-04-09,0,strict_unique_same_day
5299130,5296481,23285,24134,150000,2025-04-28,2025-04-28,0,strict_unique_same_day
5307789,5304958,5208,23989,150000,2025-05-05,2025-05-05,0,strict_unique_same_day
5409466,5409478,22874,24414,150000,2025-10-16,2025-10-16,0,strict_unique_same_day
5414144,5409446,51,21729,150000,2025-10-16,2025-10-16,0,strict_unique_same_day
5416658,5409449,51,5208,150000,2025-10-16,2025-10-16,0,strict_unique_same_day
5434261,5409445,51,15255,150000,2025-10-15,2025-10-15,0,strict_unique_same_day
5464394,5495969,16409,16459,150000,2025-12-16,2025-12-16,0,strict_unique_same_day
5466449,5466496,4556,19151,150000,2025-12-10,2025-12-10,0,strict_unique_same_day
5501422,5497705,126,24613,150000,2026-01-07,2026-01-07,0,strict_unique_same_day
5511460,5511397,51,23253,150000,2026-01-19,2026-01-19,0,strict_unique_same_day
5512454,5525355,228,17625,150000,2026-01-06,2026-01-06,0,strict_unique_same_day
5513068,5512284,102,19778,150000,2025-12-23,2025-12-23,0,strict_unique_same_day
5514118,5512048,2717,19763,150000,2026-01-20,2026-01-20,0,strict_unique_same_day
5514846,5525356,228,19463,150000,2026-01-06,2026-01-06,0,strict_unique_same_day
5515126,5513744,51,1686,150000,2026-01-21,2026-01-21,0,strict_unique_same_day
5526780,5540085,102,22699,150000,2026-01-26,2026-01-26,0,strict_unique_same_day
5527478,5540086,102,19369,150000,2026-01-26,2026-01-26,0,strict_unique_same_day
5528169,5554599,17638,5208,150000,2026-01-30,2026-01-30,0,strict_unique_same_day
5575149,5597183,20610,16719,150000,2026-03-11,2026-03-11,0,strict_unique_same_day
5575159,5597180,20610,18821,150000,2026-03-11,2026-03-11,0,strict_unique_same_day
5580807,5579352,229,23161,150000,2026-03-09,2026-03-09,0,strict_unique_same_day
5600046,5589992,16541,20790,150000,2026-03-25,2026-03-25,0,strict_unique_same_day
5612009,5623936,16178,17824,150000,2026-03-25,2026-03-25,0,strict_unique_same_day
5612215,5614007,17638,24854,150000,2026-04-01,2026-04-01,0,strict_unique_same_day
5623723,5623940,16178,20287,150000,2026-03-25,2026-03-25,0,strict_unique_same_day
5625478,5610444,51,21727,150000,2026-04-06,2026-04-06,0,strict_unique_same_day
5625744,5610446,51,16508,150000,2026-04-06,2026-04-06,0,strict_unique_same_day
5631445,5627228,10,19768,150000,2026-04-15,2026-04-15,0,strict_unique_same_day
5633005,5629805,17638,19463,150000,2026-04-14,2026-04-14,0,strict_unique_same_day
5635056,5635334,22249,18441,150000,2026-04-18,2026-04-18,0,strict_unique_same_day
5637795,5641907,15808,17890,150000,2026-04-23,2026-04-23,0,strict_unique_same_day
5647985,5650286,24397,1524,150000,2026-04-30,2026-04-30,0,strict_unique_same_day
5664636,5657834,24681,24388,150000,2026-05-05,2026-05-05,0,strict_unique_same_day
5669571,5665601,21486,23161,150000,2026-05-14,2026-05-14,0,strict_unique_same_day
5698791,5700101,17638,21727,150000,2026-05-28,2026-05-28,0,strict_unique_same_day
5706917,5703918,2829,18396,150000,2026-06-26,2026-06-26,0,strict_unique_same_day
5760456,5761263,51,18284,150000,2026-08-06,2026-08-06,0,strict_unique_same_day
5761096,5761120,24696,23238,150000,2026-08-11,2026-08-11,0,strict_unique_same_day
5761235,5791061,3917,18397,150000,2026-08-07,2026-08-07,0,strict_unique_same_day
5768454,5790282,16178,21694,150000,2026-08-10,2026-08-10,0,strict_unique_same_day
5775184,5790217,229,21694,150000,2026-08-21,2026-08-21,0,strict_unique_same_day
5775193,5774754,80,21694,150000,2026-08-24,2026-08-24,0,strict_unique_same_day
5778238,5794160,21727,16508,150000,2026-08-21,2026-08-21,0,strict_unique_same_day
5793146,5773235,51,19369,150000,2026-08-21,2026-08-21,0,strict_unique_same_day
5808597,5802242,314,24501,150000,2026-09-08,2026-09-08,0,strict_unique_same_day
5816861,5830043,20610,20287,150000,2026-09-15,2026-09-15,0,strict_unique_same_day
5819051,5812773,21729,24694,150000,2026-09-16,2026-09-16,0,strict_unique_same_day
5828803,5814121,16981,25123,150000,2026-09-15,2026-09-15,0,strict_unique_same_day
5456984,5456980,23352,24502,145000,2025-12-04,2025-12-04,0,strict_unique_same_day
5528595,5529285,15145,19000,142511,2026-02-03,2026-02-03,0,strict_unique_same_day
5700070,5700066,22538,25063,138083,2026-06-25,2026-06-25,0,strict_unique_same_day
5409894,5409887,23511,347,130294,2025-10-11,2025-10-11,0,strict_unique_same_day
5640682,5640992,22748,24969,130000,2026-04-20,2026-04-20,0,strict_unique_same_day
5661068,5661732,24750,24783,130000,2026-05-11,2026-05-11,0,strict_unique_same_day
5483106,5479601,221,20287,129000,2025-12-23,2025-12-23,0,strict_unique_same_day
5816830,5824094,221,20287,129000,2026-09-04,2026-09-04,0,strict_unique_same_day
5292643,5296347,23140,24139,125000,2025-04-25,2025-04-25,0,strict_unique_same_day
5533215,5562110,21094,24472,125000,2026-02-03,2026-02-03,0,strict_unique_same_day
5634316,5628578,161,21694,125000,2026-04-16,2026-04-16,0,strict_unique_same_day
5640338,5635707,19463,24457,125000,2026-04-20,2026-04-20,0,strict_unique_same_day
5801462,5790257,16178,13997,125000,2026-08-10,2026-08-10,0,strict_unique_same_day
5408179,5408175,21839,24407,120000,2025-10-15,2025-10-15,0,strict_unique_same_day
5524864,5526997,18375,1471,120000,2026-01-28,2026-01-28,0,strict_unique_same_day
5652142,5571469,24681,24388,118500,2026-03-09,2026-03-09,0,strict_unique_same_day
5652146,5566929,24679,24388,118500,2026-03-09,2026-03-09,0,strict_unique_same_day
5652150,5571324,24566,24388,118500,2026-03-09,2026-03-09,0,strict_unique_same_day
5242221,5229762,20505,298,112000,2025-03-07,2025-03-07,0,strict_unique_same_day
5824059,5825468,19000,23450,109826,2026-08-24,2026-08-24,0,strict_unique_same_day
5794278,5803685,22455,19466,107500,2026-09-04,2026-09-04,0,strict_unique_same_day
5828668,5803688,22455,24397,107500,2026-09-04,2026-09-04,0,strict_unique_same_day
5770752,5767455,4573,22242,106200,2026-08-14,2026-08-14,0,strict_unique_same_day
5534778,5562108,21094,24537,104700,2026-02-03,2026-02-03,0,strict_unique_same_day
5358420,5344819,22577,22786,102306,2025-07-17,2025-07-17,0,strict_unique_same_day
5498013,5479603,221,24397,100290,2025-12-23,2025-12-23,0,strict_unique_same_day
5186033,5184835,2480,17668,100000,2025-01-08,2025-01-08,0,strict_unique_same_day
5186674,5185635,2480,22854,100000,2025-01-09,2025-01-09,0,strict_unique_same_day
5186895,5184649,15808,16459,100000,2025-01-07,2025-01-07,0,strict_unique_same_day
5186960,5184134,2480,16757,100000,2025-01-07,2025-01-07,0,strict_unique_same_day
5187055,5185636,2480,21437,100000,2025-01-09,2025-01-09,0,strict_unique_same_day
5187056,5187326,51,21437,100000,2025-01-09,2025-01-09,0,strict_unique_same_day
5187254,5197610,5207,17469,100000,2025-01-09,2025-01-09,0,strict_unique_same_day
5187257,5185641,2480,18284,100000,2025-01-09,2025-01-09,0,strict_unique_same_day
5187258,5186767,3428,18284,100000,2025-01-09,2025-01-09,0,strict_unique_same_day
5187261,5187322,51,18284,100000,2025-01-09,2025-01-09,0,strict_unique_same_day
5187274,5187331,51,20366,100000,2025-01-10,2025-01-10,0,strict_unique_same_day
5187335,5185619,2480,23423,100000,2025-01-09,2025-01-09,0,strict_unique_same_day
5187348,5194693,2069,19751,100000,2025-01-10,2025-01-10,0,strict_unique_same_day
5187364,5187370,3889,19050,100000,2025-01-09,2025-01-09,0,strict_unique_same_day
5187475,5187483,23423,23238,100000,2025-01-11,2025-01-11,0,strict_unique_same_day
5187717,5187723,20366,23238,100000,2025-01-12,2025-01-12,0,strict_unique_same_day
5189642,5184837,2480,19466,100000,2025-01-08,2025-01-08,0,strict_unique_same_day
5189643,5186145,51,19466,100000,2025-01-08,2025-01-08,0,strict_unique_same_day
5189646,5187096,4,19466,100000,2025-01-08,2025-01-08,0,strict_unique_same_day
5191613,5184625,51,20099,100000,2025-01-07,2025-01-07,0,strict_unique_same_day
5192585,5185320,26,18744,100000,2025-01-08,2025-01-08,0,strict_unique_same_day
5192622,5184830,2480,16738,100000,2025-01-08,2025-01-08,0,strict_unique_same_day
5192633,5184644,15808,23464,100000,2025-01-07,2025-01-07,0,strict_unique_same_day
5192638,5187098,4,23464,100000,2025-01-08,2025-01-08,0,strict_unique_same_day
5192731,5187133,4016,1524,100000,2025-01-08,2025-01-08,0,strict_unique_same_day
5192736,5197590,5207,4680,100000,2025-01-09,2025-01-09,0,strict_unique_same_day
5192767,5208269,14575,1524,100000,2025-01-07,2025-01-07,0,strict_unique_same_day
5192848,5187094,4,19778,100000,2025-01-08,2025-01-08,0,strict_unique_same_day
5192850,5703452,153,19778,100000,2025-01-08,2025-01-08,0,strict_unique_same_day
5192855,5195107,228,19778,100000,2025-01-08,2025-01-08,0,strict_unique_same_day
5192858,5187093,4,21691,100000,2025-01-08,2025-01-08,0,strict_unique_same_day
5192934,5191477,161,18462,100000,2025-01-09,2025-01-09,0,strict_unique_same_day
5195564,5197611,5207,20136,100000,2025-01-09,2025-01-09,0,strict_unique_same_day
5196878,5204050,142,5208,100000,2025-01-06,2025-01-06,0,strict_unique_same_day
5196917,5187095,4,20860,100000,2025-01-08,2025-01-08,0,strict_unique_same_day
5196950,5184829,2480,16015,100000,2025-01-08,2025-01-08,0,strict_unique_same_day
5196965,5186760,3428,15377,100000,2025-01-09,2025-01-09,0,strict_unique_same_day
5196976,5185611,2480,15377,100000,2025-01-09,2025-01-09,0,strict_unique_same_day
5197104,5197602,5207,21116,100000,2025-01-09,2025-01-09,0,strict_unique_same_day
5197107,5184645,15808,23140,100000,2025-01-07,2025-01-07,0,strict_unique_same_day
5197109,5205978,66,23140,100000,2025-01-07,2025-01-07,0,strict_unique_same_day
5197115,5187099,4,23140,100000,2025-01-08,2025-01-08,0,strict_unique_same_day
5197414,5184833,2480,18661,100000,2025-01-08,2025-01-08,0,strict_unique_same_day
5197478,5198784,20610,22572,100000,2025-01-21,2025-01-21,0,strict_unique_same_day
5201487,5222514,21819,5208,100000,2025-01-27,2025-01-27,0,strict_unique_same_day
5204814,5223510,15406,4792,100000,2025-01-30,2025-01-30,0,strict_unique_same_day
5206086,5186153,51,21727,100000,2025-01-08,2025-01-08,0,strict_unique_same_day
5236534,5245345,16459,18466,100000,2025-03-04,2025-03-04,0,strict_unique_same_day
5244563,5221450,4572,298,100000,2025-02-25,2025-02-25,0,strict_unique_same_day
5259411,5259447,221,24098,100000,2025-03-20,2025-03-20,0,strict_unique_same_day
5259443,5247012,13920,24105,100000,2025-03-21,2025-03-21,0,strict_unique_same_day
5261799,5267030,23458,337,100000,2025-03-19,2025-03-19,0,strict_unique_same_day
5265842,5265822,24046,24075,100000,2025-04-06,2025-04-06,0,strict_unique_same_day
5284362,5284341,304,24115,100000,2025-04-18,2025-04-18,0,strict_unique_same_day
5285882,5283958,23219,21094,100000,2025-04-18,2025-04-18,0,strict_unique_same_day
5285953,5284128,20610,4792,100000,2025-04-18,2025-04-18,0,strict_unique_same_day
5300280,5310011,3087,24139,100000,2025-04-30,2025-04-30,0,strict_unique_same_day
5306897,5305782,18401,21123,100000,2025-05-09,2025-05-09,0,strict_unique_same_day
5309697,5318578,21819,18466,100000,2025-05-14,2025-05-14,0,strict_unique_same_day
5310582,5311117,21173,22609,100000,2025-05-14,2025-05-14,0,strict_unique_same_day
5311944,5312701,16131,22860,100000,2025-05-16,2025-05-16,0,strict_unique_same_day
5325882,5329002,24166,21123,100000,2025-05-29,2025-05-29,0,strict_unique_same_day
5351299,5363964,5425,18672,100000,2025-07-14,2025-07-14,0,strict_unique_same_day
5365497,5351646,126,18284,100000,2025-07-30,2025-07-30,0,strict_unique_same_day
5366656,5358411,3428,18925,100000,2025-08-08,2025-08-08,0,strict_unique_same_day
5370753,5370799,18348,13997,100000,2025-08-15,2025-08-15,0,strict_unique_same_day
5370855,5364729,147,19778,100000,2025-08-14,2025-08-14,0,strict_unique_same_day
5370856,5367273,4573,19778,100000,2025-08-14,2025-08-14,0,strict_unique_same_day
5373117,5383682,102,19369,100000,2025-08-20,2025-08-20,0,strict_unique_same_day
5373311,5363661,3598,16459,100000,2025-08-12,2025-08-12,0,strict_unique_same_day
5377726,5381189,19844,18726,100000,2025-09-04,2025-09-04,0,strict_unique_same_day
5378987,5381128,23077,18726,100000,2025-09-08,2025-09-08,0,strict_unique_same_day
5378997,5369983,23848,22118,100000,2025-08-13,2025-08-13,0,strict_unique_same_day
5383607,5383425,3591,20597,100000,2025-09-16,2025-09-16,0,strict_unique_same_day
5384061,5398197,18888,24457,100000,2025-09-19,2025-09-19,0,strict_unique_same_day
5398227,5406215,18375,4792,100000,2025-10-01,2025-10-01,0,strict_unique_same_day
5406155,5387225,3087,17824,100000,2025-09-18,2025-09-18,0,strict_unique_same_day
5409421,5411959,133,19463,100000,2025-10-09,2025-10-09,0,strict_unique_same_day
5410372,5408930,2717,20217,100000,2025-10-16,2025-10-16,0,strict_unique_same_day
5421804,5425506,16459,20771,100000,2025-10-24,2025-10-24,0,strict_unique_same_day
5430798,5409448,51,23103,100000,2025-10-16,2025-10-16,0,strict_unique_same_day
5430883,5444234,16719,17945,100000,2025-10-30,2025-10-30,0,strict_unique_same_day
5433201,5431206,21727,24397,100000,2025-10-27,2025-10-27,0,strict_unique_same_day
5435281,5442522,4,15984,100000,2025-11-13,2025-11-13,0,strict_unique_same_day
5435544,5442524,4,20255,100000,2025-11-13,2025-11-13,0,strict_unique_same_day
5437771,5435625,51,20022,100000,2025-11-13,2025-11-13,0,strict_unique_same_day
5439738,5452945,20136,4792,100000,2025-11-17,2025-11-17,0,strict_unique_same_day
5440954,5447269,24502,24537,100000,2025-11-20,2025-11-20,0,strict_unique_same_day
5443396,5445159,102,20610,100000,2025-11-11,2025-11-11,0,strict_unique_same_day
5444560,5452946,20136,18397,100000,2025-11-17,2025-11-17,0,strict_unique_same_day
5444565,5444255,16719,20860,100000,2025-11-24,2025-11-24,0,strict_unique_same_day
5445886,5446763,133,18744,100000,2025-11-06,2025-11-06,0,strict_unique_same_day
5445889,5443558,24430,18744,100000,2025-11-06,2025-11-06,0,strict_unique_same_day
5447581,5422378,51,19466,100000,2025-10-28,2025-10-28,0,strict_unique_same_day
5449288,5463573,171,4792,100000,2025-12-02,2025-12-02,0,strict_unique_same_day
5449826,5439304,20255,21488,100000,2025-11-19,2025-11-19,0,strict_unique_same_day
5452940,5445156,102,21727,100000,2025-11-11,2025-11-11,0,strict_unique_same_day
5457410,5456795,2480,21823,100000,2025-12-08,2025-12-08,0,strict_unique_same_day
5458775,5479259,102,1471,100000,2025-12-02,2025-12-02,0,strict_unique_same_day
5459006,5474142,4,16459,100000,2025-12-08,2025-12-08,0,strict_unique_same_day
5460732,5449711,147,23262,100000,2025-12-03,2025-12-03,0,strict_unique_same_day
5463764,5459092,17892,23355,100000,2025-12-09,2025-12-09,0,strict_unique_same_day
5464316,5467746,19181,20771,100000,2025-11-21,2025-11-21,0,strict_unique_same_day
5464903,5474144,4,23423,100000,2025-12-08,2025-12-08,0,strict_unique_same_day
5464907,5456787,2480,23423,100000,2025-12-08,2025-12-08,0,strict_unique_same_day
5465134,5474143,4,21437,100000,2025-12-08,2025-12-08,0,strict_unique_same_day
5466128,5495666,17638,5208,100000,2025-12-09,2025-12-09,0,strict_unique_same_day
5466442,5459230,51,19151,100000,2025-12-08,2025-12-08,0,strict_unique_same_day
5466527,5474146,4,15377,100000,2025-12-08,2025-12-08,0,strict_unique_same_day
5467735,5465231,18661,4792,100000,2025-12-18,2025-12-18,0,strict_unique_same_day
5467736,5479400,20610,4792,100000,2025-12-19,2025-12-19,0,strict_unique_same_day
5473607,5474153,4,16719,100000,2025-12-16,2025-12-16,0,strict_unique_same_day
5484899,5459239,51,15348,100000,2025-12-08,2025-12-08,0,strict_unique_same_day
5498076,5504782,4,16757,100000,2026-01-06,2026-01-06,0,strict_unique_same_day
5500432,5497901,51,20377,100000,2026-01-08,2026-01-08,0,strict_unique_same_day
5507104,5508750,18821,4792,100000,2026-01-08,2026-01-08,0,strict_unique_same_day
5508515,5504788,4,18744,100000,2026-01-06,2026-01-06,0,strict_unique_same_day
5512329,5504786,4,20136,100000,2026-01-06,2026-01-06,0,strict_unique_same_day
5512478,5530703,19555,17625,100000,2026-01-06,2026-01-06,0,strict_unique_same_day
5512847,5517849,4,21823,100000,2026-01-21,2026-01-21,0,strict_unique_same_day
5512937,5528648,14041,20610,100000,2026-01-05,2026-01-05,0,strict_unique_same_day
5512976,5528504,23256,16459,100000,2026-01-07,2026-01-07,0,strict_unique_same_day
5513078,5491932,16459,19778,100000,2026-01-06,2026-01-06,0,strict_unique_same_day
5514119,5517855,4,19763,100000,2026-01-20,2026-01-20,0,strict_unique_same_day
5514121,5535939,133,19763,100000,2026-01-20,2026-01-20,0,strict_unique_same_day
5514125,5524915,3591,19763,100000,2026-01-20,2026-01-20,0,strict_unique_same_day
5514126,5513198,51,19763,100000,2026-01-20,2026-01-20,0,strict_unique_same_day
5514859,5530705,19555,19463,100000,2026-01-06,2026-01-06,0,strict_unique_same_day
5515022,5537589,161,20610,100000,2026-01-23,2026-01-23,0,strict_unique_same_day
5515319,5514110,19763,22249,100000,2026-01-16,2026-01-16,0,strict_unique_same_day
5519806,5491758,2480,4680,100000,2026-01-06,2026-01-06,0,strict_unique_same_day
5523165,5491931,16459,23140,100000,2026-01-06,2026-01-06,0,strict_unique_same_day
5526783,5528699,14041,22699,100000,2026-01-23,2026-01-23,0,strict_unique_same_day
5526870,5491748,2480,13997,100000,2026-01-06,2026-01-06,0,strict_unique_same_day
5526871,5504783,4,13997,100000,2026-01-06,2026-01-06,0,strict_unique_same_day
5527022,5528700,14041,16459,100000,2026-01-23,2026-01-23,0,strict_unique_same_day
5527075,5527111,19463,24397,100000,2026-01-27,2026-01-27,0,strict_unique_same_day
5527124,5495900,16953,19466,100000,2026-01-06,2026-01-06,0,strict_unique_same_day
5527205,5528698,14041,19463,100000,2026-01-23,2026-01-23,0,strict_unique_same_day
5527287,5528696,14041,21691,100000,2026-01-23,2026-01-23,0,strict_unique_same_day
5527477,5513745,51,19369,100000,2026-01-21,2026-01-21,0,strict_unique_same_day
5527488,5491933,16459,24400,100000,2026-01-06,2026-01-06,0,strict_unique_same_day
5527504,5528697,14041,21727,100000,2026-01-23,2026-01-23,0,strict_unique_same_day
5527608,5527637,54,4792,100000,2026-01-30,2026-01-30,0,strict_unique_same_day
5527609,5529116,26,4792,100000,2026-01-29,2026-01-29,0,strict_unique_same_day
5527615,5527495,15483,4792,100000,2026-02-02,2026-02-02,0,strict_unique_same_day
5527624,5524624,2717,20790,100000,2026-01-30,2026-01-30,0,strict_unique_same_day
5538508,5538419,20209,24613,100000,2026-02-15,2026-02-15,0,strict_unique_same_day
5539374,5547747,321,23443,100000,2026-02-17,2026-02-17,0,strict_unique_same_day
5573192,5561953,18671,24292,100000,2026-02-23,2026-02-23,0,strict_unique_same_day
5573739,5590144,18672,24766,100000,2026-02-25,2026-02-25,0,strict_unique_same_day
5574577,5574576,23514,24882,100000,2026-03-12,2026-03-12,0,strict_unique_same_day
5579804,5625616,16131,24501,100000,2026-03-17,2026-03-17,0,strict_unique_same_day
5586446,5596915,102,18397,100000,2026-03-02,2026-03-02,0,strict_unique_same_day
5586455,5559805,15577,18397,100000,2026-03-03,2026-03-03,0,strict_unique_same_day
5586499,5612268,15577,18397,100000,2026-03-20,2026-03-20,0,strict_unique_same_day
5596516,5601130,348,18441,100000,2026-03-27,2026-03-27,0,strict_unique_same_day
5599816,5623072,20502,24371,100000,2026-03-19,2026-03-19,0,strict_unique_same_day
5601699,5610240,21727,18821,100000,2026-03-16,2026-03-16,0,strict_unique_same_day
5610119,5600940,348,20102,100000,2026-03-27,2026-03-27,0,strict_unique_same_day
5612068,5621101,161,23464,100000,2026-04-06,2026-04-06,0,strict_unique_same_day
5612398,5612270,15577,18455,100000,2026-03-20,2026-03-20,0,strict_unique_same_day
5612536,5601938,154,19463,100000,2026-04-06,2026-04-06,0,strict_unique_same_day
5613286,5592009,23731,17090,100000,2026-03-27,2026-03-27,0,strict_unique_same_day
5614116,5625617,16131,22860,100000,2026-03-17,2026-03-17,0,strict_unique_same_day
5614239,5621075,16719,19466,100000,2026-03-16,2026-03-16,0,strict_unique_same_day
5616798,5601936,154,24397,100000,2026-04-06,2026-04-06,0,strict_unique_same_day
5616799,5621097,161,24397,100000,2026-04-06,2026-04-06,0,strict_unique_same_day
5618994,5621099,161,20377,100000,2026-04-06,2026-04-06,0,strict_unique_same_day
5618996,5618099,4,20377,100000,2026-04-06,2026-04-06,0,strict_unique_same_day
5618999,5601941,154,20377,100000,2026-04-06,2026-04-06,0,strict_unique_same_day
5620944,5621095,161,22699,100000,2026-04-06,2026-04-06,0,strict_unique_same_day
5624110,5591849,15803,17619,100000,2026-03-27,2026-03-27,0,strict_unique_same_day
5625393,5621088,161,19463,100000,2026-04-06,2026-04-06,0,strict_unique_same_day
5625402,5613214,4556,19463,100000,2026-04-09,2026-04-09,0,strict_unique_same_day
5625482,5601937,154,21727,100000,2026-04-06,2026-04-06,0,strict_unique_same_day
5625633,5618100,4,24400,100000,2026-04-06,2026-04-06,0,strict_unique_same_day
5625637,5621091,161,24400,100000,2026-04-06,2026-04-06,0,strict_unique_same_day
5625726,5612084,18744,20102,100000,2026-04-06,2026-04-06,0,strict_unique_same_day
5625736,5621093,161,16508,100000,2026-04-06,2026-04-06,0,strict_unique_same_day
5626887,5651434,175,5458,100000,2026-04-15,2026-04-15,0,strict_unique_same_day
5630021,5632516,20376,24798,100000,2026-04-16,2026-04-16,0,strict_unique_same_day
5632380,5632517,20376,21883,100000,2026-04-16,2026-04-16,0,strict_unique_same_day
5633007,5636672,229,19463,100000,2026-04-16,2026-04-16,0,strict_unique_same_day
5634106,5629804,17638,17945,100000,2026-04-14,2026-04-14,0,strict_unique_same_day
5634251,5634890,20209,24613,100000,2026-04-19,2026-04-19,0,strict_unique_same_day
5634690,5633938,51,18661,100000,2026-04-16,2026-04-16,0,strict_unique_same_day
5634794,5641894,16459,23140,100000,2026-04-20,2026-04-20,0,strict_unique_same_day
5635571,5643156,102,24494,100000,2026-04-21,2026-04-21,0,strict_unique_same_day
5635699,5641896,16459,20102,100000,2026-04-20,2026-04-20,0,strict_unique_same_day
5637788,5636073,5534,22639,100000,2026-04-22,2026-04-22,0,strict_unique_same_day
5638066,5638280,18375,353,100000,2026-04-20,2026-04-20,0,strict_unique_same_day
5642329,5644149,24494,22680,100000,2026-04-22,2026-04-22,0,strict_unique_same_day
5642767,5637696,17892,22909,100000,2026-04-23,2026-04-23,0,strict_unique_same_day
5643537,5650726,4,23423,100000,2026-04-27,2026-04-27,0,strict_unique_same_day
5643792,5644230,20290,353,100000,2026-04-24,2026-04-24,0,strict_unique_same_day
5644186,5652208,14041,19778,100000,2026-04-28,2026-04-28,0,strict_unique_same_day
5644189,5650722,4,22032,100000,2026-04-27,2026-04-27,0,strict_unique_same_day
5645148,5643162,102,24400,100000,2026-04-27,2026-04-27,0,strict_unique_same_day
5645150,5652215,14041,24400,100000,2026-04-28,2026-04-28,0,strict_unique_same_day
5646290,5652202,14041,16690,100000,2026-04-28,2026-04-28,0,strict_unique_same_day
5646405,5652183,24001,24761,100000,2026-04-29,2026-04-29,0,strict_unique_same_day
5646532,5653506,20001,24766,100000,2026-04-29,2026-04-29,0,strict_unique_same_day
5646569,5652212,14041,18661,100000,2026-04-28,2026-04-28,0,strict_unique_same_day
5648071,5643342,23140,17643,100000,2026-04-27,2026-04-27,0,strict_unique_same_day
5650292,5652204,14041,24397,100000,2026-04-28,2026-04-28,0,strict_unique_same_day
5650330,5652216,14041,17625,100000,2026-04-28,2026-04-28,0,strict_unique_same_day
5651767,5652206,14041,23464,100000,2026-04-28,2026-04-28,0,strict_unique_same_day
5651771,5643042,54,4680,100000,2026-04-28,2026-04-28,0,strict_unique_same_day
5651806,5652134,16131,22860,100000,2026-04-28,2026-04-28,0,strict_unique_same_day
5652056,5650070,3087,20309,100000,2026-04-28,2026-04-28,0,strict_unique_same_day
5654263,5650504,20709,5528,100000,2026-04-28,2026-04-28,0,strict_unique_same_day
5654932,5652014,314,24501,100000,2026-05-05,2026-05-05,0,strict_unique_same_day
5659974,5667120,20502,16623,100000,2026-05-11,2026-05-11,0,strict_unique_same_day
5660851,5665166,21655,24365,100000,2026-05-11,2026-05-11,0,strict_unique_same_day
5662014,5663344,16459,20287,100000,2026-05-12,2026-05-12,0,strict_unique_same_day
5664639,5667123,20502,18397,100000,2026-05-11,2026-05-11,0,strict_unique_same_day
5670411,5673664,19463,24397,100000,2026-05-20,2026-05-20,0,strict_unique_same_day
5685453,5671709,161,23103,100000,2026-05-21,2026-05-21,0,strict_unique_same_day
5685606,5670795,24854,23140,100000,2026-05-20,2026-05-20,0,strict_unique_same_day
5685972,5698787,21727,5208,100000,2026-06-08,2026-06-08,0,strict_unique_same_day
5693710,5674663,126,23103,100000,2026-05-27,2026-05-27,0,strict_unique_same_day
5697498,5683968,228,22133,100000,2026-06-08,2026-06-08,0,strict_unique_same_day
5697500,5688307,14121,22133,100000,2026-06-10,2026-06-10,0,strict_unique_same_day
5698370,5716329,3591,23423,100000,2026-06-19,2026-06-19,0,strict_unique_same_day
5701801,5732237,20136,21842,100000,2026-06-23,2026-06-23,0,strict_unique_same_day
5703052,5698504,193,22133,100000,2026-06-23,2026-06-23,0,strict_unique_same_day
5704324,5713674,14575,1524,100000,2026-06-24,2026-06-24,0,strict_unique_same_day
5716428,5708545,19763,19778,100000,2026-06-26,2026-06-26,0,strict_unique_same_day
5735894,5726069,15348,24397,100000,2026-07-01,2026-07-01,0,strict_unique_same_day
5735992,5732065,51,21694,100000,2026-07-16,2026-07-16,0,strict_unique_same_day
5736027,5726331,314,24501,100000,2026-07-07,2026-07-07,0,strict_unique_same_day
5747446,5753148,20610,20287,100000,2026-07-28,2026-07-28,0,strict_unique_same_day
5747506,5739650,275,16508,100000,2026-07-22,2026-07-22,0,strict_unique_same_day
5747615,5777899,16459,16719,100000,2026-07-29,2026-07-29,0,strict_unique_same_day
5753317,5777898,16459,19466,100000,2026-07-28,2026-07-28,0,strict_unique_same_day
5754080,5769946,1579,5208,100000,2026-07-31,2026-07-31,0,strict_unique_same_day
5755675,5791950,3917,18375,100000,2026-08-07,2026-08-07,0,strict_unique_same_day
5756454,5790337,20224,25105,100000,2026-08-06,2026-08-06,0,strict_unique_same_day
5759433,5759574,15348,24613,100000,2026-08-06,2026-08-06,0,strict_unique_same_day
5760459,5801861,4,18284,100000,2026-08-06,2026-08-06,0,strict_unique_same_day
5760911,5745157,126,21861,100000,2026-07-30,2026-07-30,0,strict_unique_same_day
5762313,5752090,197,21694,100000,2026-08-04,2026-08-04,0,strict_unique_same_day
5762436,5777897,16459,23140,100000,2026-07-28,2026-07-28,0,strict_unique_same_day
5764686,5763700,197,23423,100000,2026-08-12,2026-08-12,0,strict_unique_same_day
5765692,5766852,229,25035,100000,2026-08-12,2026-08-12,0,strict_unique_same_day
5765693,5766854,229,24881,100000,2026-08-13,2026-08-13,0,strict_unique_same_day
5766677,5790260,16178,20610,100000,2026-08-10,2026-08-10,0,strict_unique_same_day
5769517,5777896,16459,24397,100000,2026-07-28,2026-07-28,0,strict_unique_same_day
5769519,5743670,2717,24397,100000,2026-07-28,2026-07-28,0,strict_unique_same_day
5770560,5760768,14183,19050,100000,2026-08-11,2026-08-11,0,strict_unique_same_day
5771098,5768003,11,22133,100000,2026-08-17,2026-08-17,0,strict_unique_same_day
5771911,5752095,197,22699,100000,2026-08-04,2026-08-04,0,strict_unique_same_day
5775157,5773233,51,24397,100000,2026-08-20,2026-08-20,0,strict_unique_same_day
5776111,5769083,2717,23161,100000,2026-08-13,2026-08-13,0,strict_unique_same_day
5780091,5776435,18744,24761,100000,2026-08-17,2026-08-17,0,strict_unique_same_day
5781229,5777906,16459,24806,100000,2026-08-18,2026-08-18,0,strict_unique_same_day
5786030,5813464,20502,24563,100000,2026-08-24,2026-08-24,0,strict_unique_same_day
5786933,5787228,14183,25258,100000,2026-08-11,2026-08-11,0,strict_unique_same_day
5789460,5794155,21727,21757,100000,2026-08-21,2026-08-21,0,strict_unique_same_day
5789461,5800223,15348,21757,100000,2026-08-24,2026-08-24,0,strict_unique_same_day
5790348,5752093,197,23103,100000,2026-08-04,2026-08-04,0,strict_unique_same_day
5791134,5814114,16981,21664,100000,2026-09-02,2026-09-02,0,strict_unique_same_day
5793130,5752091,197,19369,100000,2026-08-04,2026-08-04,0,strict_unique_same_day
5793140,5760873,126,19369,100000,2026-08-11,2026-08-11,0,strict_unique_same_day
5793696,5787675,3099,21903,100000,2026-09-01,2026-09-01,0,strict_unique_same_day
5794976,5795023,51,5208,100000,2026-09-03,2026-09-03,0,strict_unique_same_day
5801465,5773242,126,13997,100000,2026-08-20,2026-08-20,0,strict_unique_same_day
5801564,5760870,126,18462,100000,2026-08-11,2026-08-11,0,strict_unique_same_day
5802102,5785074,24838,23774,100000,2026-08-14,2026-08-14,0,strict_unique_same_day
5802351,5776437,18744,24816,100000,2026-08-17,2026-08-17,0,strict_unique_same_day
5803586,5814199,3219,14651,100000,2026-08-31,2026-08-31,0,strict_unique_same_day
5806259,5780179,2717,22699,100000,2026-08-27,2026-08-27,0,strict_unique_same_day
5809448,5812187,126,24696,100000,2026-09-14,2026-09-14,0,strict_unique_same_day
5811233,5812574,175,24539,100000,2026-09-14,2026-09-14,0,strict_unique_same_day
5811297,5814197,3219,14364,100000,2026-08-31,2026-08-31,0,strict_unique_same_day
5814220,5814116,16981,24608,100000,2026-09-02,2026-09-02,0,strict_unique_same_day
5814790,5793596,17890,21757,100000,2026-09-04,2026-09-04,0,strict_unique_same_day
5816675,5813466,20502,21159,100000,2026-08-24,2026-08-24,0,strict_unique_same_day
5816801,5830114,16459,20287,100000,2026-08-27,2026-08-27,0,strict_unique_same_day
5822986,5808853,134,22133,100000,2026-09-14,2026-09-14,0,strict_unique_same_day
5828669,5785689,12986,24397,100000,2026-08-27,2026-08-27,0,strict_unique_same_day
5828818,5821423,21727,25123,100000,2026-09-17,2026-09-17,0,strict_unique_same_day
5828968,5794167,21727,16719,100000,2026-08-27,2026-08-27,0,strict_unique_same_day
5824084,5825469,19000,23109,98450,2026-08-25,2026-08-25,0,strict_unique_same_day
5754198,5754197,23389,19051,90564,2026-08-05,2026-08-05,0,strict_unique_same_day
5598549,5623941,16178,17629,87500,2026-03-25,2026-03-25,0,strict_unique_same_day
5432938,5439414,21729,379,85000,2025-11-10,2025-11-10,0,strict_unique_same_day
5385114,5381592,19000,23214,84784,2025-08-25,2025-08-25,0,strict_unique_same_day
5265276,5263771,348,24129,80000,2025-03-29,2025-03-29,0,strict_unique_same_day
5268684,5263768,348,24268,80000,2025-03-29,2025-03-29,0,strict_unique_same_day
5282718,5263775,348,24073,80000,2025-03-29,2025-03-29,0,strict_unique_same_day
5288939,5285540,348,18455,80000,2025-04-15,2025-04-15,0,strict_unique_same_day
5336285,5344149,19005,15348,80000,2025-07-02,2025-07-02,0,strict_unique_same_day
5639185,5632945,24173,17370,80000,2026-04-20,2026-04-20,0,strict_unique_same_day
5305015,5287788,18453,17647,75000,2025-04-23,2025-04-23,0,strict_unique_same_day
5311056,5311002,24277,24243,75000,2025-05-20,2025-05-20,0,strict_unique_same_day
5311129,5307812,24001,24139,75000,2025-05-13,2025-05-13,0,strict_unique_same_day
5584396,5625611,16131,20882,75000,2026-03-17,2026-03-17,0,strict_unique_same_day
5586527,5625614,16131,20102,75000,2026-03-17,2026-03-17,0,strict_unique_same_day
5589053,5625612,16131,21159,75000,2026-03-17,2026-03-17,0,strict_unique_same_day
5590730,5625615,16131,24794,75000,2026-03-17,2026-03-17,0,strict_unique_same_day
5756160,5791057,3917,21694,75000,2026-08-07,2026-08-07,0,strict_unique_same_day
5759549,5791041,3917,18821,75000,2026-08-07,2026-08-07,0,strict_unique_same_day
5770588,5768296,175,19050,75000,2026-08-14,2026-08-14,0,strict_unique_same_day
5772967,5790293,16178,21159,75000,2026-08-10,2026-08-10,0,strict_unique_same_day
5776602,5791050,3917,21678,75000,2026-08-07,2026-08-07,0,strict_unique_same_day
5777929,5791052,3917,16459,75000,2026-08-07,2026-08-07,0,strict_unique_same_day
5777938,5790276,16178,16459,75000,2026-08-10,2026-08-10,0,strict_unique_same_day
5781827,5791043,3917,16719,75000,2026-08-07,2026-08-07,0,strict_unique_same_day
5786012,5790294,16178,24563,75000,2026-08-10,2026-08-10,0,strict_unique_same_day
5812606,5820829,2690,24594,75000,2026-09-09,2026-09-09,0,strict_unique_same_day
5369315,5369314,23142,17892,70000,2025-08-23,2025-08-23,0,strict_unique_same_day
5590103,5622963,24611,24563,70000,2026-03-20,2026-03-20,0,strict_unique_same_day
5284078,5283773,22182,3087,67125,2025-04-18,2025-04-18,0,strict_unique_same_day
5661987,5663451,20309,20506,66700,2026-05-12,2026-05-12,0,strict_unique_same_day
5191544,5186984,19695,21486,66501,2025-01-10,2025-01-10,0,strict_unique_same_day
5308939,5305368,23219,21094,65600,2025-05-08,2025-05-08,0,strict_unique_same_day
5818731,5818727,22371,25250,65597,2026-09-21,2026-09-21,0,strict_unique_same_day
5384188,5381581,19000,20023,65378,2025-08-22,2025-08-22,0,strict_unique_same_day
5353801,5353564,24155,24311,63583,2025-07-29,2025-07-29,0,strict_unique_same_day
5348795,5349669,24155,24311,63139,2025-06-30,2025-06-30,0,strict_unique_same_day
5755971,5742626,21302,25083,62379,2026-07-28,2026-07-28,0,strict_unique_same_day
5620988,5623974,20404,4792,62215,2026-04-13,2026-04-13,0,strict_unique_same_day
5560127,5560126,23800,24824,62062,2026-03-02,2026-03-02,0,strict_unique_same_day
5483180,5479609,221,17629,61300,2025-12-23,2025-12-23,0,strict_unique_same_day
5524728,5527862,5208,21206,60300,2026-01-29,2026-01-29,0,strict_unique_same_day
5555094,5561955,18671,21206,60300,2026-02-23,2026-02-23,0,strict_unique_same_day
5647958,5652210,14041,21206,60300,2026-04-28,2026-04-28,0,strict_unique_same_day
5648041,5636559,16131,21623,60300,2026-04-16,2026-04-16,0,strict_unique_same_day
5814142,5813467,20502,21206,60300,2026-08-24,2026-08-24,0,strict_unique_same_day
5265819,5244863,23641,23738,60000,2025-03-24,2025-03-24,0,strict_unique_same_day
5286945,5286132,328,24238,60000,2025-04-22,2025-04-22,0,strict_unique_same_day
5301732,5299988,19280,24315,60000,2025-04-28,2025-04-28,0,strict_unique_same_day
5540826,5561881,21678,17643,60000,2026-02-17,2026-02-17,0,strict_unique_same_day
5634407,5638851,19242,20203,60000,2026-04-20,2026-04-20,0,strict_unique_same_day
5664062,5665549,14268,6032,60000,2026-05-14,2026-05-14,0,strict_unique_same_day
5700811,5694310,337,16508,60000,2026-06-10,2026-06-10,0,strict_unique_same_day
5534779,5562107,21094,24537,59200,2026-02-03,2026-02-03,0,strict_unique_same_day
5384182,5381571,19000,24062,56527,2025-08-21,2025-08-21,0,strict_unique_same_day
5325768,5338261,19000,23376,56000,2025-06-18,2025-06-18,0,strict_unique_same_day
5384403,5381577,19000,24174,55894,2025-08-21,2025-08-21,0,strict_unique_same_day
5401255,5406006,22455,24462,54624,2025-09-23,2025-09-23,0,strict_unique_same_day
5659917,5653435,3420,24647,52115,2026-05-06,2026-05-06,0,strict_unique_same_day
5694425,5723006,19000,24599,52000,2026-06-15,2026-06-15,0,strict_unique_same_day
5348327,5348315,14201,22854,50341,2025-07-26,2025-07-26,0,strict_unique_same_day
5185609,5195331,163,21839,50000,2025-01-09,2025-01-09,0,strict_unique_same_day
5186165,5187328,51,23253,50000,2025-01-09,2025-01-09,0,strict_unique_same_day
5187174,5187134,4016,18396,50000,2025-01-08,2025-01-08,0,strict_unique_same_day
5187272,5197618,5207,20366,50000,2025-01-09,2025-01-09,0,strict_unique_same_day
5187313,5187329,51,23228,50000,2025-01-09,2025-01-09,0,strict_unique_same_day
5187718,5187724,19050,23238,50000,2025-01-12,2025-01-12,0,strict_unique_same_day
5192582,5195328,163,18744,50000,2025-01-07,2025-01-07,0,strict_unique_same_day
5192671,5199403,51,23103,50000,2025-01-08,2025-01-08,0,strict_unique_same_day
5192778,5208279,3917,1524,50000,2025-01-07,2025-01-07,0,strict_unique_same_day
5192871,5187135,4016,1471,50000,2025-01-08,2025-01-08,0,strict_unique_same_day
5192883,5208266,3917,1471,50000,2025-01-07,2025-01-07,0,strict_unique_same_day
5197111,5186151,51,23140,50000,2025-01-08,2025-01-08,0,strict_unique_same_day
5198559,5197543,23256,16459,50000,2025-01-07,2025-01-07,0,strict_unique_same_day
5199719,5202458,19763,18441,50000,2025-01-26,2025-01-26,0,strict_unique_same_day
5204847,5223511,15406,1524,50000,2025-01-30,2025-01-30,0,strict_unique_same_day
5204916,5223512,15406,1471,50000,2025-01-30,2025-01-30,0,strict_unique_same_day
5206085,5185328,20096,21727,50000,2025-01-08,2025-01-08,0,strict_unique_same_day
5224974,5219573,23140,24068,50000,2025-02-10,2025-02-10,0,strict_unique_same_day
5229546,5247575,23140,24099,50000,2025-02-25,2025-02-25,0,strict_unique_same_day
5259386,5259615,14515,17647,50000,2025-03-25,2025-03-25,0,strict_unique_same_day
5263319,5266329,23140,24139,50000,2025-03-28,2025-03-28,0,strict_unique_same_day
5264234,5259355,21094,24260,50000,2025-03-28,2025-03-28,0,strict_unique_same_day
5264654,5251725,21678,18466,50000,2025-03-25,2025-03-25,0,strict_unique_same_day
5265119,5259353,21094,24273,50000,2025-03-28,2025-03-28,0,strict_unique_same_day
5265301,5265597,22772,24256,50000,2025-04-01,2025-04-01,0,strict_unique_same_day
5267009,5264686,260,24147,50000,2025-04-01,2025-04-01,0,strict_unique_same_day
5267254,5264270,16131,24073,50000,2025-04-03,2025-04-03,0,strict_unique_same_day
5267394,5264684,260,24099,50000,2025-04-01,2025-04-01,0,strict_unique_same_day
5267430,5264267,16131,21301,50000,2025-04-03,2025-04-03,0,strict_unique_same_day
5267451,5264269,16131,24084,50000,2025-04-03,2025-04-03,0,strict_unique_same_day
5267528,5264258,16131,21131,50000,2025-04-03,2025-04-03,0,strict_unique_same_day
5269545,5265618,22772,24243,50000,2025-04-01,2025-04-01,0,strict_unique_same_day
5269770,5300155,18671,24292,50000,2025-04-04,2025-04-04,0,strict_unique_same_day
5270373,5281543,24059,22607,50000,2025-04-09,2025-04-09,0,strict_unique_same_day
5280896,5280876,18401,17240,50000,2025-04-15,2025-04-15,0,strict_unique_same_day
5282776,5308630,21690,24081,50000,2025-04-15,2025-04-15,0,strict_unique_same_day
5282812,5270384,16131,22609,50000,2025-04-10,2025-04-10,0,strict_unique_same_day
5283987,5284343,304,24254,50000,2025-04-18,2025-04-18,0,strict_unique_same_day
5284883,5287367,24163,22607,50000,2025-04-18,2025-04-18,0,strict_unique_same_day
5287384,5286302,19778,17647,50000,2025-04-23,2025-04-23,0,strict_unique_same_day
5292378,5299980,19280,24227,50000,2025-04-28,2025-04-28,0,strict_unique_same_day
5295332,5310013,3087,24098,50000,2025-04-30,2025-04-30,0,strict_unique_same_day
5296327,5296348,18821,24105,50000,2025-04-28,2025-04-28,0,strict_unique_same_day
5297025,5304681,23140,24073,50000,2025-05-04,2025-05-04,0,strict_unique_same_day
5297027,5305528,21099,24073,50000,2025-05-04,2025-05-04,0,strict_unique_same_day
5299706,5310012,3087,17824,50000,2025-04-30,2025-04-30,0,strict_unique_same_day
5300292,5299972,19280,21301,50000,2025-04-28,2025-04-28,0,strict_unique_same_day
5303064,5304672,23140,24098,50000,2025-05-04,2025-05-04,0,strict_unique_same_day
5304478,5315473,16719,24217,50000,2025-05-01,2025-05-01,0,strict_unique_same_day
5306891,5310003,18821,21123,50000,2025-05-09,2025-05-09,0,strict_unique_same_day
5307622,5307788,23989,24099,50000,2025-05-13,2025-05-13,0,strict_unique_same_day
5307798,5305011,17647,19280,50000,2025-05-07,2025-05-07,0,strict_unique_same_day
5308653,5307818,24001,22860,50000,2025-05-13,2025-05-13,0,strict_unique_same_day
5309877,5307815,24001,21301,50000,2025-05-13,2025-05-13,0,strict_unique_same_day
5310581,5307811,24001,22609,50000,2025-05-13,2025-05-13,0,strict_unique_same_day
5310651,5307816,24001,24099,50000,2025-05-13,2025-05-13,0,strict_unique_same_day
5311454,5311983,23352,24143,50000,2025-05-16,2025-05-16,0,strict_unique_same_day
5311899,5312725,24001,24227,50000,2025-05-16,2025-05-16,0,strict_unique_same_day
5312088,5311201,14515,17647,50000,2025-05-08,2025-05-08,0,strict_unique_same_day
5313494,5311127,24098,142,50000,2025-05-19,2025-05-19,0,strict_unique_same_day
5318590,5318559,20502,17629,50000,2025-05-05,2025-05-05,0,strict_unique_same_day
5318591,5318744,223,17629,50000,2025-05-19,2025-05-19,0,strict_unique_same_day
5349902,5367137,21691,4792,50000,2025-07-25,2025-07-25,0,strict_unique_same_day
5372555,5366573,14515,22572,50000,2025-08-12,2025-08-12,0,strict_unique_same_day
5379004,5377505,20377,22118,50000,2025-08-13,2025-08-13,0,strict_unique_same_day
5381374,5381190,19844,19995,50000,2025-09-12,2025-09-12,0,strict_unique_same_day
5381506,5389736,24046,20771,50000,2025-09-12,2025-09-12,0,strict_unique_same_day
5384702,5385916,193,19151,50000,2025-09-18,2025-09-18,0,strict_unique_same_day
5387575,5389686,21678,23134,50000,2025-09-24,2025-09-24,0,strict_unique_same_day
5399911,5400447,298,21823,50000,2025-10-04,2025-10-04,0,strict_unique_same_day
5400385,5407015,21690,20102,50000,2025-09-11,2025-09-11,0,strict_unique_same_day
5405750,5429061,171,20136,50000,2025-10-07,2025-10-07,0,strict_unique_same_day
5407480,5405976,1686,306,50000,2025-10-10,2025-10-10,0,strict_unique_same_day
5415138,5417946,16719,24404,50000,2025-10-22,2025-10-22,0,strict_unique_same_day
5426249,5429060,13920,23199,50000,2025-10-07,2025-10-07,0,strict_unique_same_day
5430867,5452920,18968,293,50000,2025-11-06,2025-11-06,0,strict_unique_same_day
5430975,5432034,16015,20287,50000,2025-10-27,2025-10-27,0,strict_unique_same_day
5432841,5432859,23423,23238,50000,2025-11-12,2025-11-12,0,strict_unique_same_day
5433200,5435220,21691,24397,50000,2025-10-27,2025-10-27,0,strict_unique_same_day
5434697,5433472,26,1686,50000,2025-11-10,2025-11-10,0,strict_unique_same_day
5435451,5452361,24046,20290,50000,2025-11-10,2025-11-10,0,strict_unique_same_day
5435680,5435596,21437,23238,50000,2025-11-14,2025-11-14,0,strict_unique_same_day
5443572,5422392,26,16757,50000,2025-10-29,2025-10-29,0,strict_unique_same_day
5443681,5423704,23140,17643,50000,2025-10-28,2025-10-28,0,strict_unique_same_day
5449556,5465510,18703,15483,50000,2025-11-20,2025-11-20,0,strict_unique_same_day
5451395,5465254,24166,24563,50000,2025-11-18,2025-11-18,0,strict_unique_same_day
5458932,5465514,18703,16459,50000,2025-11-20,2025-11-20,0,strict_unique_same_day
5458955,5483162,2731,16459,50000,2025-12-01,2025-12-01,0,strict_unique_same_day
5460720,5482719,13920,20102,50000,2025-12-03,2025-12-03,0,strict_unique_same_day
5460728,5452109,3674,23262,50000,2025-12-03,2025-12-03,0,strict_unique_same_day
5473703,5447572,19466,20860,50000,2025-12-01,2025-12-01,0,strict_unique_same_day
5483125,5512441,20988,24501,50000,2025-12-22,2025-12-22,0,strict_unique_same_day
5495782,5467614,19778,20882,50000,2025-12-17,2025-12-17,0,strict_unique_same_day
5505249,5505173,20674,24521,50000,2026-01-13,2026-01-13,0,strict_unique_same_day
5512952,5514722,171,20610,50000,2026-01-20,2026-01-20,0,strict_unique_same_day
5518195,5519511,18837,20220,50000,2026-01-26,2026-01-26,0,strict_unique_same_day
5521115,5521071,17469,18726,50000,2026-01-29,2026-01-29,0,strict_unique_same_day
5523738,5497427,22854,15409,50000,2026-01-08,2026-01-08,0,strict_unique_same_day
5526207,5517845,26,18396,50000,2026-01-21,2026-01-21,0,strict_unique_same_day
5527416,5530985,16813,21694,50000,2026-01-27,2026-01-27,0,strict_unique_same_day
5527525,5519930,125,17625,50000,2026-01-26,2026-01-26,0,strict_unique_same_day
5527616,5527487,24400,4792,50000,2026-02-02,2026-02-02,0,strict_unique_same_day
5557079,5560079,2069,21699,50000,2026-02-26,2026-02-26,0,strict_unique_same_day
5560691,5559968,16609,24717,50000,2026-02-02,2026-02-02,0,strict_unique_same_day
5562080,5562077,22874,24817,50000,2026-03-05,2026-03-05,0,strict_unique_same_day
5574857,5572237,16015,24616,50000,2026-03-10,2026-03-10,0,strict_unique_same_day
5578530,5597078,23140,24563,50000,2026-03-10,2026-03-10,0,strict_unique_same_day
5588962,5803045,321,17892,50000,2026-03-17,2026-03-17,0,strict_unique_same_day
5589049,5597075,23140,21159,50000,2026-03-10,2026-03-10,0,strict_unique_same_day
5592748,5601145,348,18888,50000,2026-03-27,2026-03-27,0,strict_unique_same_day
5601697,5590181,18375,18821,50000,2026-03-17,2026-03-17,0,strict_unique_same_day
5612053,5598521,14012,17945,50000,2026-03-31,2026-03-31,0,strict_unique_same_day
5612217,5612122,21678,24854,50000,2026-04-02,2026-04-02,0,strict_unique_same_day
5612310,5625094,20988,23134,50000,2026-03-23,2026-03-23,0,strict_unique_same_day
5612537,5610219,26,19463,50000,2026-04-06,2026-04-06,0,strict_unique_same_day
5612539,5610445,51,19463,50000,2026-04-06,2026-04-06,0,strict_unique_same_day
5613768,5598524,14012,16623,50000,2026-03-31,2026-03-31,0,strict_unique_same_day
5614134,5625522,3087,22860,50000,2026-04-02,2026-04-02,0,strict_unique_same_day
5616569,5620851,293,24806,50000,2026-03-31,2026-03-31,0,strict_unique_same_day
5616627,5625527,3087,24761,50000,2026-04-02,2026-04-02,0,strict_unique_same_day
5616782,5612496,24400,24397,50000,2026-03-16,2026-03-16,0,strict_unique_same_day
5623740,5625519,3087,20287,50000,2026-04-02,2026-04-02,0,strict_unique_same_day
5624328,5633188,16609,20310,50000,2026-04-13,2026-04-13,0,strict_unique_same_day
5625398,5615275,187,19463,50000,2026-04-09,2026-04-09,0,strict_unique_same_day
5625476,5610222,26,21727,50000,2026-04-06,2026-04-06,0,strict_unique_same_day
5625738,5610218,26,16508,50000,2026-04-06,2026-04-06,0,strict_unique_same_day
5634402,5638850,19242,24665,50000,2026-04-20,2026-04-20,0,strict_unique_same_day
5636584,5642189,14012,18821,50000,2026-04-20,2026-04-20,0,strict_unique_same_day
5643318,5643167,102,18397,50000,2026-04-28,2026-04-28,0,strict_unique_same_day
5644105,5643341,23140,24854,50000,2026-04-27,2026-04-27,0,strict_unique_same_day
5644444,5653624,21690,20102,50000,2026-04-29,2026-04-29,0,strict_unique_same_day
5645753,5650284,24928,24521,50000,2026-04-27,2026-04-27,0,strict_unique_same_day
5646570,5643869,4213,18661,50000,2026-04-29,2026-04-29,0,strict_unique_same_day
5646631,5653626,21690,4792,50000,2026-04-29,2026-04-29,0,strict_unique_same_day
5650085,5645146,24400,20102,50000,2026-04-28,2026-04-28,0,strict_unique_same_day
5650106,5647624,21678,20102,50000,2026-04-30,2026-04-30,0,strict_unique_same_day
5650326,5650220,2731,17625,50000,2026-04-27,2026-04-27,0,strict_unique_same_day
5651808,5650079,3087,22860,50000,2026-04-28,2026-04-28,0,strict_unique_same_day
5653469,5643877,4213,24452,50000,2026-04-29,2026-04-29,0,strict_unique_same_day
5653756,5659857,13920,20102,50000,2026-05-04,2026-05-04,0,strict_unique_same_day
5653761,5650056,23140,20102,50000,2026-05-04,2026-05-04,0,strict_unique_same_day
5655010,5650057,23140,23134,50000,2026-05-04,2026-05-04,0,strict_unique_same_day
5661747,5663701,21678,24750,50000,2026-05-12,2026-05-12,0,strict_unique_same_day
5661986,5660542,4213,20506,50000,2026-05-12,2026-05-12,0,strict_unique_same_day
5662013,5660199,20290,20287,50000,2026-05-11,2026-05-11,0,strict_unique_same_day
5663556,5662254,19463,20102,50000,2026-05-13,2026-05-13,0,strict_unique_same_day
5663876,5663448,20309,24452,50000,2026-05-12,2026-05-12,0,strict_unique_same_day
5664864,5658695,20272,24663,50000,2026-05-08,2026-05-08,0,strict_unique_same_day
5665085,5658694,20272,22280,50000,2026-05-08,2026-05-08,0,strict_unique_same_day
5666010,5666056,20376,21883,50000,2026-05-14,2026-05-14,0,strict_unique_same_day
5666659,5666724,20272,17326,50000,2026-05-14,2026-05-14,0,strict_unique_same_day
5668753,5690125,20203,17240,50000,2026-05-19,2026-05-19,0,strict_unique_same_day
5687835,5700231,16738,18397,50000,2026-05-27,2026-05-27,0,strict_unique_same_day
5687862,5701911,18555,18821,50000,2026-06-09,2026-06-09,0,strict_unique_same_day
5700775,5710411,20860,19466,50000,2026-06-08,2026-06-08,0,strict_unique_same_day
5701974,5687928,16719,17643,50000,2026-06-08,2026-06-08,0,strict_unique_same_day
5704485,5722835,21691,20287,50000,2026-06-24,2026-06-24,0,strict_unique_same_day
5704493,5726066,15348,20287,50000,2026-06-25,2026-06-25,0,strict_unique_same_day
5707153,5713702,292,21940,50000,2026-06-26,2026-06-26,0,strict_unique_same_day
5707981,5726064,20290,5208,50000,2026-06-22,2026-06-22,0,strict_unique_same_day
5717438,5589531,16953,19466,50000,2026-03-19,2026-03-19,0,strict_unique_same_day
5737986,5744789,24851,25021,50000,2026-07-25,2026-07-25,0,strict_unique_same_day
5739040,5737385,17458,25021,50000,2026-07-25,2026-07-25,0,strict_unique_same_day
5747430,5744756,19778,20287,50000,2026-07-16,2026-07-16,0,strict_unique_same_day
5751776,5760247,21691,24613,50000,2026-07-22,2026-07-22,0,strict_unique_same_day
5753229,5745145,19778,20784,50000,2026-07-16,2026-07-16,0,strict_unique_same_day
5755113,5776577,21678,24613,50000,2026-08-04,2026-08-04,0,strict_unique_same_day
5755856,5761534,1686,1524,50000,2026-08-06,2026-08-06,0,strict_unique_same_day
5757397,5757886,20610,4792,50000,2026-08-07,2026-08-07,0,strict_unique_same_day
5762312,5760728,163,21694,50000,2026-08-04,2026-08-04,0,strict_unique_same_day
5762497,5791952,3917,20136,50000,2026-08-07,2026-08-07,0,strict_unique_same_day
5763217,5757885,20610,24816,50000,2026-08-07,2026-08-07,0,strict_unique_same_day
5765287,5757883,20610,22066,50000,2026-08-07,2026-08-07,0,strict_unique_same_day
5765760,5763717,197,22133,50000,2026-08-12,2026-08-12,0,strict_unique_same_day
5766730,5790264,16178,16690,50000,2026-08-10,2026-08-10,0,strict_unique_same_day
5766981,5757884,20610,24761,50000,2026-08-07,2026-08-07,0,strict_unique_same_day
5767136,5795759,24851,18726,50000,2026-08-13,2026-08-13,0,strict_unique_same_day
5768176,5791063,3917,21206,50000,2026-08-07,2026-08-07,0,strict_unique_same_day
5769529,5790268,16178,24397,50000,2026-08-10,2026-08-10,0,strict_unique_same_day
5769536,5790270,16178,21691,50000,2026-08-10,2026-08-10,0,strict_unique_same_day
5771793,5791059,3917,23103,50000,2026-08-07,2026-08-07,0,strict_unique_same_day
5771908,5791054,3917,22699,50000,2026-08-07,2026-08-07,0,strict_unique_same_day
5774744,5803345,15577,24608,50000,2026-08-12,2026-08-12,0,strict_unique_same_day
5775165,5790284,16178,19778,50000,2026-08-10,2026-08-10,0,strict_unique_same_day
5775187,5800221,15348,21694,50000,2026-08-21,2026-08-21,0,strict_unique_same_day
5775197,5816646,21691,21694,50000,2026-08-24,2026-08-24,0,strict_unique_same_day
5775570,5774727,80,24967,50000,2026-08-24,2026-08-24,0,strict_unique_same_day
5777150,5764789,19000,25064,50000,2026-08-06,2026-08-06,0,strict_unique_same_day
5778474,5778459,24832,25204,50000,2026-08-17,2026-08-17,0,strict_unique_same_day
5781387,5790296,16178,14364,50000,2026-08-10,2026-08-10,0,strict_unique_same_day
5781458,5812874,24400,20102,50000,2026-08-24,2026-08-24,0,strict_unique_same_day
5786032,5774724,80,24563,50000,2026-08-24,2026-08-24,0,strict_unique_same_day
5787616,5774722,80,24789,50000,2026-08-24,2026-08-24,0,strict_unique_same_day
5787713,5789682,22854,24542,50000,2026-09-01,2026-09-01,0,strict_unique_same_day
5789464,5824332,171,21757,50000,2026-08-28,2026-08-28,0,strict_unique_same_day
5790589,5790249,16178,18375,50000,2026-08-10,2026-08-10,0,strict_unique_same_day
5790659,5774723,80,24767,50000,2026-08-24,2026-08-24,0,strict_unique_same_day
5791091,5814201,3219,25083,50000,2026-09-02,2026-09-02,0,strict_unique_same_day
5800240,5764832,16953,15348,50000,2026-08-13,2026-08-13,0,strict_unique_same_day
5801556,5790281,16178,18462,50000,2026-08-10,2026-08-10,0,strict_unique_same_day
5802409,5801078,20209,24816,50000,2026-08-31,2026-08-31,0,strict_unique_same_day
5802609,5816955,16609,25188,50000,2026-08-21,2026-08-21,0,strict_unique_same_day
5804557,5800235,15348,4792,50000,2026-09-04,2026-09-04,0,strict_unique_same_day
5806496,5830227,18821,18375,50000,2026-09-09,2026-09-09,0,strict_unique_same_day
5814094,5820459,125,23071,50000,2026-09-14,2026-09-14,0,strict_unique_same_day
5814140,5774734,80,21206,50000,2026-08-24,2026-08-24,0,strict_unique_same_day
5816677,5774726,80,21159,50000,2026-08-24,2026-08-24,0,strict_unique_same_day
5816810,5830206,18821,20287,50000,2026-08-31,2026-08-31,0,strict_unique_same_day
5821723,5819695,291,23950,50000,2026-09-22,2026-09-22,0,strict_unique_same_day
5828664,5830665,18661,24397,50000,2026-09-04,2026-09-04,0,strict_unique_same_day
5830128,5824331,171,16459,50000,2026-08-28,2026-08-28,0,strict_unique_same_day
5738911,5731965,17945,16719,45728,2026-07-20,2026-07-20,0,strict_unique_same_day
5659694,5656371,24538,21823,45580,2026-05-07,2026-05-07,0,strict_unique_same_day
5311346,5313157,24297,24110,41388,2025-05-20,2025-05-20,0,strict_unique_same_day
5718145,5735338,353,328,40900,2026-07-03,2026-07-03,0,strict_unique_same_day
5725940,5766839,24609,20907,40500,2026-07-16,2026-07-16,0,strict_unique_same_day
5219888,5235412,19369,24089,40000,2025-02-10,2025-02-10,0,strict_unique_same_day
5300271,5299982,19280,24131,40000,2025-04-28,2025-04-28,0,strict_unique_same_day
5307486,5307797,19280,24227,40000,2025-05-13,2025-05-13,0,strict_unique_same_day
5625551,5611988,15103,18397,40000,2026-04-01,2026-04-01,0,strict_unique_same_day
5656739,5665079,23352,24472,40000,2026-05-08,2026-05-08,0,strict_unique_same_day
5311919,5319740,19000,23409,39580,2025-05-21,2025-05-21,0,strict_unique_same_day
5412108,5412183,19000,24059,35805,2025-09-21,2025-09-21,0,strict_unique_same_day
5198565,5197548,23256,19050,35000,2025-01-09,2025-01-09,0,strict_unique_same_day
5260451,5263782,348,21084,35000,2025-03-29,2025-03-29,0,strict_unique_same_day
5267231,5264264,16131,24192,35000,2025-04-03,2025-04-03,0,strict_unique_same_day
5267336,5266328,16131,21329,35000,2025-04-03,2025-04-03,0,strict_unique_same_day
5267494,5263804,348,24068,35000,2025-03-30,2025-03-30,0,strict_unique_same_day
5278272,5264260,16131,17824,35000,2025-04-03,2025-04-03,0,strict_unique_same_day
5278537,5264271,16131,21105,35000,2025-04-03,2025-04-03,0,strict_unique_same_day
5278765,5264266,16131,18518,35000,2025-04-03,2025-04-03,0,strict_unique_same_day
5280705,5270382,16131,22822,35000,2025-04-09,2025-04-09,0,strict_unique_same_day
5282845,5270379,16131,24068,35000,2025-04-09,2025-04-09,0,strict_unique_same_day
5292405,5292379,19788,24114,35000,2025-04-23,2025-04-23,0,strict_unique_same_day
5473637,5505170,20674,16719,35000,2025-12-19,2025-12-19,0,strict_unique_same_day
5528310,5528506,23256,23423,35000,2026-01-28,2026-01-28,0,strict_unique_same_day
5589899,5589208,17668,17370,35000,2026-03-24,2026-03-24,0,strict_unique_same_day
5775524,5774728,80,23365,35000,2026-08-24,2026-08-24,0,strict_unique_same_day
5780289,5825467,19000,24452,35000,2026-08-24,2026-08-24,0,strict_unique_same_day
5409131,5412182,19000,23963,33000,2025-09-21,2025-09-21,0,strict_unique_same_day
5467623,5479332,22609,22860,32700,2025-11-25,2025-11-25,0,strict_unique_same_day
5533217,5562104,21094,24472,32000,2026-02-03,2026-02-03,0,strict_unique_same_day
5693163,5690229,18888,24457,31700,2026-05-29,2026-05-29,0,strict_unique_same_day
5347298,5344783,23014,23340,30572,2025-07-17,2025-07-17,0,strict_unique_same_day
5264653,5254747,20376,18466,30000,2025-03-25,2025-03-25,0,strict_unique_same_day
5267442,5254745,20376,24084,30000,2025-03-25,2025-03-25,0,strict_unique_same_day
5309892,5307490,24192,21329,30000,2025-05-09,2025-05-09,0,strict_unique_same_day
5406790,5410961,12916,21336,30000,2025-10-10,2025-10-10,0,strict_unique_same_day
5712719,5726072,20290,21694,30000,2026-06-25,2026-06-25,0,strict_unique_same_day
5325734,5320006,22566,22786,29703,2025-06-10,2025-06-10,0,strict_unique_same_day
5519808,5506224,19000,23129,29000,2025-12-29,2025-12-29,0,strict_unique_same_day
5809543,5824098,221,20331,29000,2026-09-04,2026-09-04,0,strict_unique_same_day
5464629,5462021,21094,24472,28500,2025-12-08,2025-12-08,0,strict_unique_same_day
5386045,5381586,19000,23722,27699,2025-08-25,2025-08-25,0,strict_unique_same_day
5384402,5381588,19000,24131,27430,2025-08-25,2025-08-25,0,strict_unique_same_day
5386044,5381589,19000,23690,26901,2025-08-25,2025-08-25,0,strict_unique_same_day
5201483,5197363,21678,17824,25000,2025-01-10,2025-01-10,0,strict_unique_same_day
5220173,5220167,5208,24084,25000,2025-02-20,2025-02-20,0,strict_unique_same_day
5224973,5218388,5208,24068,25000,2025-02-10,2025-02-10,0,strict_unique_same_day
5235837,5235416,19369,21217,25000,2025-03-04,2025-03-04,0,strict_unique_same_day
5264655,5259528,21657,18466,25000,2025-03-25,2025-03-25,0,strict_unique_same_day
5266205,5282399,18888,24268,25000,2025-04-01,2025-04-01,0,strict_unique_same_day
5266340,5263293,24163,22607,25000,2025-04-01,2025-04-01,0,strict_unique_same_day
5266962,5243691,5208,24079,25000,2025-03-17,2025-03-17,0,strict_unique_same_day
5267277,5266353,17285,24193,25000,2025-03-24,2025-03-24,0,strict_unique_same_day
5267436,5266347,21727,24084,25000,2025-03-22,2025-03-22,0,strict_unique_same_day
5267441,5266030,22651,24084,25000,2025-03-24,2025-03-24,0,strict_unique_same_day
5270375,5281306,24163,22607,25000,2025-04-09,2025-04-09,0,strict_unique_same_day
5285685,5285901,5208,18466,25000,2025-04-21,2025-04-21,0,strict_unique_same_day
5285903,5283584,23395,24214,25000,2025-04-15,2025-04-15,0,strict_unique_same_day
5296336,5305453,337,24105,25000,2025-05-01,2025-05-01,0,strict_unique_same_day
5306904,5309203,5208,21123,25000,2025-05-12,2025-05-12,0,strict_unique_same_day
5307523,5310609,21099,24098,25000,2025-05-13,2025-05-13,0,strict_unique_same_day
5307684,5310007,19875,21290,25000,2025-04-18,2025-04-18,0,strict_unique_same_day
5307691,5294690,21678,21290,25000,2025-04-30,2025-04-30,0,strict_unique_same_day
5309230,5310004,18821,24214,25000,2025-05-13,2025-05-13,0,strict_unique_same_day
5311138,5320115,20309,24098,25000,2025-05-16,2025-05-16,0,strict_unique_same_day
5312753,5313638,16508,24105,25000,2025-05-20,2025-05-20,0,strict_unique_same_day
5344095,5338260,19000,22668,25000,2025-06-16,2025-06-16,0,strict_unique_same_day
5381930,5380929,21503,24404,25000,2025-09-02,2025-09-02,0,strict_unique_same_day
5384184,5375065,24046,16131,25000,2025-08-22,2025-08-22,0,strict_unique_same_day
5386059,5406030,19369,22572,25000,2025-09-22,2025-09-22,0,strict_unique_same_day
5417651,5414148,20882,16138,25000,2025-10-15,2025-10-15,0,strict_unique_same_day
5421800,5416649,5208,20771,25000,2025-10-23,2025-10-23,0,strict_unique_same_day
5421943,5429063,171,20610,25000,2025-10-28,2025-10-28,0,strict_unique_same_day
5431583,5444338,18821,20203,25000,2025-11-08,2025-11-08,0,strict_unique_same_day
5437864,5438003,19763,18441,25000,2025-11-16,2025-11-16,0,strict_unique_same_day
5437930,5458914,20674,24521,25000,2025-11-11,2025-11-11,0,strict_unique_same_day
5437992,5452367,16508,20287,25000,2025-11-14,2025-11-14,0,strict_unique_same_day
5440028,5440083,23118,23238,25000,2025-11-20,2025-11-20,0,strict_unique_same_day
5441021,5443212,20376,18888,25000,2025-11-12,2025-11-12,0,strict_unique_same_day
5498074,5508794,21691,24608,25000,2026-01-05,2026-01-05,0,strict_unique_same_day
5554916,5529126,18453,21206,25000,2026-01-31,2026-01-31,0,strict_unique_same_day
5562686,5560683,24717,24750,25000,2026-02-23,2026-02-23,0,strict_unique_same_day
5562861,5561869,21678,24452,25000,2026-02-05,2026-02-05,0,strict_unique_same_day
5573106,5586375,23849,16812,25000,2026-03-10,2026-03-10,0,strict_unique_same_day
5579613,5586374,23849,24761,25000,2026-03-10,2026-03-10,0,strict_unique_same_day
5584022,5586378,23849,24452,25000,2026-03-10,2026-03-10,0,strict_unique_same_day
5585853,5591463,24074,16291,25000,2026-03-12,2026-03-12,0,strict_unique_same_day
5586504,5586377,23849,20102,25000,2026-03-10,2026-03-10,0,strict_unique_same_day
5589022,5560986,24650,329,25000,2026-02-27,2026-02-27,0,strict_unique_same_day
5590100,5559798,15577,18672,25000,2026-03-03,2026-03-03,0,strict_unique_same_day
5598812,5601179,348,20258,25000,2026-03-29,2026-03-29,0,strict_unique_same_day
5600713,5601694,18821,24665,25000,2026-04-01,2026-04-01,0,strict_unique_same_day
5601696,5599668,21691,18821,25000,2026-03-16,2026-03-16,0,strict_unique_same_day
5601698,5597056,20290,18821,25000,2026-03-17,2026-03-17,0,strict_unique_same_day
5613762,5625157,18762,16623,25000,2026-03-30,2026-03-30,0,strict_unique_same_day
5625031,5633186,16609,24717,25000,2026-04-13,2026-04-13,0,strict_unique_same_day
5626833,5626888,3698,17890,25000,2026-04-14,2026-04-14,0,strict_unique_same_day
5629611,5628016,18895,17370,25000,2026-04-16,2026-04-16,0,strict_unique_same_day
5633231,5635609,21150,24371,25000,2026-04-15,2026-04-15,0,strict_unique_same_day
5634109,5636692,12514,17945,25000,2026-04-16,2026-04-16,0,strict_unique_same_day
5638669,5644016,20224,16623,25000,2026-04-22,2026-04-22,0,strict_unique_same_day
5641584,5634134,20610,24371,25000,2026-04-21,2026-04-21,0,strict_unique_same_day
5642330,5643356,16015,22680,25000,2026-04-23,2026-04-23,0,strict_unique_same_day
5643196,5642007,171,18661,25000,2026-04-23,2026-04-23,0,strict_unique_same_day
5645170,5650226,2731,19466,25000,2026-04-27,2026-04-27,0,strict_unique_same_day
5650161,5650225,2731,18821,25000,2026-04-27,2026-04-27,0,strict_unique_same_day
5653759,5660189,21657,20102,25000,2026-05-04,2026-05-04,0,strict_unique_same_day
5663541,5662260,19466,20102,25000,2026-05-12,2026-05-12,0,strict_unique_same_day
5668750,5672289,24074,17240,25000,2026-05-19,2026-05-19,0,strict_unique_same_day
5693879,5678141,24665,17240,25000,2026-05-29,2026-05-29,0,strict_unique_same_day
5698197,5707555,5208,18726,25000,2026-06-19,2026-06-19,0,strict_unique_same_day
5707980,5723008,19000,5208,25000,2026-06-23,2026-06-23,0,strict_unique_same_day
5717799,5733352,171,18821,25000,2026-06-26,2026-06-26,0,strict_unique_same_day
5733479,5764797,18762,18744,25000,2026-07-16,2026-07-16,0,strict_unique_same_day
5735936,5760246,21691,24761,25000,2026-07-21,2026-07-21,0,strict_unique_same_day
5742870,5760245,21691,24905,25000,2026-07-21,2026-07-21,0,strict_unique_same_day
5743501,5764795,18762,25049,25000,2026-07-16,2026-07-16,0,strict_unique_same_day
5745380,5760248,21691,24608,25000,2026-07-28,2026-07-28,0,strict_unique_same_day
5757831,5764798,18762,17625,25000,2026-07-16,2026-07-16,0,strict_unique_same_day
5766673,5777958,171,20610,25000,2026-08-10,2026-08-10,0,strict_unique_same_day
5774760,5790625,22392,20331,25000,2026-08-04,2026-08-04,0,strict_unique_same_day
5776430,5790627,22392,19829,25000,2026-08-04,2026-08-04,0,strict_unique_same_day
5789463,5816957,16015,21757,25000,2026-08-27,2026-08-27,0,strict_unique_same_day
5790908,5773145,14515,24315,25000,2026-08-20,2026-08-20,0,strict_unique_same_day
5790911,5828697,19778,24315,25000,2026-08-27,2026-08-27,0,strict_unique_same_day
5806671,5794190,21727,24613,25000,2026-08-28,2026-08-28,0,strict_unique_same_day
5814325,5824087,14515,22066,25000,2026-09-17,2026-09-17,0,strict_unique_same_day
5824063,5786738,18441,16131,25000,2026-08-25,2026-08-25,0,strict_unique_same_day
5828725,5803829,17502,14364,25000,2026-09-10,2026-09-10,0,strict_unique_same_day
5243552,5219105,22333,23853,23884,2025-02-19,2025-02-19,0,strict_unique_same_day
5831054,5831024,24832,25204,22705,2026-09-24,2026-09-24,0,strict_unique_same_day
5384405,5381579,19000,24199,22488,2025-08-21,2025-08-21,0,strict_unique_same_day
5385172,5381583,19000,21217,22002,2025-08-25,2025-08-25,0,strict_unique_same_day
5658922,5656379,16233,23249,21348,2026-05-07,2026-05-07,0,strict_unique_same_day
5464634,5467897,21094,24472,20500,2025-12-16,2025-12-16,0,strict_unique_same_day
5281006,5280618,21678,21301,20000,2025-04-15,2025-04-15,0,strict_unique_same_day
5292681,5299969,19280,21329,20000,2025-04-28,2025-04-28,0,strict_unique_same_day
5300087,5299975,19280,24192,20000,2025-04-28,2025-04-28,0,strict_unique_same_day
5300092,5299984,19280,22668,20000,2025-04-28,2025-04-28,0,strict_unique_same_day
5326760,5319737,19000,5587,20000,2025-05-21,2025-05-21,0,strict_unique_same_day
5357314,5352095,6165,24384,20000,2025-07-07,2025-07-07,0,strict_unique_same_day
5365458,5363732,19742,18441,20000,2025-08-13,2025-08-13,0,strict_unique_same_day
5433560,5451975,618,14183,20000,2025-11-12,2025-11-12,0,strict_unique_same_day
5519098,5505175,20674,16719,20000,2026-01-13,2026-01-13,0,strict_unique_same_day
5546572,5540049,337,16291,20000,2026-01-26,2026-01-26,0,strict_unique_same_day
5554398,5553325,17895,24463,20000,2026-02-25,2026-02-25,0,strict_unique_same_day
5584394,5621046,13893,20882,20000,2026-03-13,2026-03-13,0,strict_unique_same_day
5616564,5612120,21678,24806,20000,2026-03-23,2026-03-23,0,strict_unique_same_day
5628497,5628372,21678,23134,20000,2026-04-09,2026-04-09,0,strict_unique_same_day
5704150,5692963,22257,21206,20000,2026-06-15,2026-06-15,0,strict_unique_same_day
5704469,5692964,22257,20287,20000,2026-06-15,2026-06-15,0,strict_unique_same_day
5708725,5692966,22257,24613,20000,2026-06-16,2026-06-16,0,strict_unique_same_day
5735937,5736134,21678,24761,20000,2026-07-22,2026-07-22,0,strict_unique_same_day
5745121,5781161,21655,24365,20000,2026-07-29,2026-07-29,0,strict_unique_same_day
5794134,5800217,15348,25166,20000,2026-08-18,2026-08-18,0,strict_unique_same_day
5814092,5812603,23965,23071,20000,2026-09-14,2026-09-14,0,strict_unique_same_day
5828848,5830919,21664,25123,20000,2026-09-23,2026-09-23,0,strict_unique_same_day
5386058,5381591,19000,24011,19250,2025-08-25,2025-08-25,0,strict_unique_same_day
5384253,5381575,19000,21960,18908,2025-08-21,2025-08-21,0,strict_unique_same_day
5385118,5381590,19000,24070,18500,2025-08-25,2025-08-25,0,strict_unique_same_day
5313515,5319739,19000,20465,17500,2025-05-21,2025-05-21,0,strict_unique_same_day
5460035,5463524,23352,24502,17500,2025-12-11,2025-12-11,0,strict_unique_same_day
5562767,5557933,18462,21159,17500,2026-02-20,2026-02-20,0,strict_unique_same_day
5674401,5678771,24709,20022,17256,2026-05-26,2026-05-26,0,strict_unique_same_day
5369659,5369651,23895,14961,16602,2025-08-25,2025-08-25,0,strict_unique_same_day
5396998,5412181,19000,24084,16292,2025-09-19,2025-09-19,0,strict_unique_same_day
5386056,5381587,19000,23897,15765,2025-08-25,2025-08-25,0,strict_unique_same_day
5337421,5338265,19000,17540,15500,2025-06-12,2025-06-12,0,strict_unique_same_day
5650365,5641320,19000,22607,15390,2026-04-27,2026-04-27,0,strict_unique_same_day
5650224,5641321,19000,18911,15225,2026-04-27,2026-04-27,0,strict_unique_same_day
5235716,5235796,18462,22668,15000,2025-02-28,2025-02-28,0,strict_unique_same_day
5268707,5267869,19742,24073,15000,2025-04-10,2025-04-10,0,strict_unique_same_day
5307365,5319733,19000,24292,15000,2025-05-12,2025-05-12,0,strict_unique_same_day
5427094,5506280,23808,24369,15000,2025-11-03,2025-11-03,0,strict_unique_same_day
5487222,5508746,18821,22023,15000,2026-01-02,2026-01-02,0,strict_unique_same_day
5491772,5524897,18455,20506,15000,2026-01-05,2026-01-05,0,strict_unique_same_day
5500417,5500544,24075,24484,15000,2026-01-07,2026-01-07,0,strict_unique_same_day
5634695,5634133,20610,18661,15000,2026-04-21,2026-04-21,0,strict_unique_same_day
5650432,5641319,19000,23067,14959,2026-04-27,2026-04-27,0,strict_unique_same_day
5650014,5641314,19000,24332,14876,2026-04-27,2026-04-27,0,strict_unique_same_day
5286273,5284284,18529,17824,14000,2025-04-19,2025-04-19,0,strict_unique_same_day
5650018,5641315,19000,20465,13514,2026-04-27,2026-04-27,0,strict_unique_same_day
5285630,5288343,19000,18420,13500,2025-04-21,2025-04-21,0,strict_unique_same_day
5245017,5219103,22113,19000,13252,2025-02-19,2025-02-19,0,strict_unique_same_day
5650013,5641323,19000,22492,13032,2026-04-27,2026-04-27,0,strict_unique_same_day
5649971,5641313,19000,23696,12885,2026-04-27,2026-04-27,0,strict_unique_same_day
5440999,5441360,20903,22958,12642,2025-11-17,2025-11-17,0,strict_unique_same_day
5763226,5761204,19466,24816,12600,2026-08-07,2026-08-07,0,strict_unique_same_day
5196879,5199717,353,5208,12500,2025-01-06,2025-01-06,0,strict_unique_same_day
5286385,5284712,21691,21247,12500,2025-04-21,2025-04-21,0,strict_unique_same_day
5288438,5284709,21691,18455,12500,2025-04-21,2025-04-21,0,strict_unique_same_day
5650159,5641317,19000,17540,11956,2026-04-27,2026-04-27,0,strict_unique_same_day
5357118,5344064,23458,19000,11600,2025-07-16,2025-07-16,0,strict_unique_same_day
5286569,5286581,18529,24134,11000,2025-04-23,2025-04-23,0,strict_unique_same_day
5761966,5723009,19000,23430,11000,2026-07-14,2026-07-14,0,strict_unique_same_day
5650223,5641322,19000,23969,10528,2026-04-27,2026-04-27,0,strict_unique_same_day
5533231,5533853,19844,24643,10500,2026-02-07,2026-02-07,0,strict_unique_same_day
5369293,5381580,19000,24098,10401,2025-08-22,2025-08-22,0,strict_unique_same_day
5791133,5814207,24608,21664,10200,2026-08-28,2026-08-28,0,strict_unique_same_day
5216848,5216887,20209,18441,10100,2025-02-08,2025-02-08,0,strict_unique_same_day
5283963,5284754,22668,24227,10100,2025-04-18,2025-04-18,0,strict_unique_same_day
5285836,5284753,22668,21301,10100,2025-04-18,2025-04-18,0,strict_unique_same_day
5287388,5284755,22668,24131,10100,2025-04-18,2025-04-18,0,strict_unique_same_day
5803784,5814210,24608,18397,10100,2026-08-28,2026-08-28,0,strict_unique_same_day
5327201,5322175,20376,24084,10000,2025-05-24,2025-05-24,0,strict_unique_same_day
5374363,5381573,19000,22863,10000,2025-08-21,2025-08-21,0,strict_unique_same_day
5646473,5652143,16131,24794,10000,2026-04-28,2026-04-28,0,strict_unique_same_day
5443016,5443102,21437,23238,5000,2025-11-25,2025-11-25,0,strict_unique_same_day
5465166,5447895,22667,353,3500,2025-12-01,2025-12-01,0,strict_unique_same_day
5326761,5338269,19000,5587,1200,2025-06-10,2025-06-10,0,strict_unique_same_day
