name,distinct_record_groups,records
UNITED STATES POSTAL SERVICE,74,259
OREGON SECRETARY OF STATE,62,266
USPS,50,181
COSTCO,46,264
FRED MEYER,45,113
US POSTAL SERVICE,45,93
STAPLES,37,186
WALMART,34,111
CANVA,33,169
AMAZON,28,369
SAFEWAY,27,106
ANEDOT,25,953
AMAZON.COM,24,469
MAILCHIMP,23,578
SQUARESPACE,23,290
ACTBLUE TECHNICAL SERVICES,22,1878
OFFICE DEPOT,22,93
OREGON SECRETARY OF STATE ELECTIONS DIVISION,22,147
COLUMBIA BANK,21,173
COSTCO WHOLESALE,21,79
WIX.COM,21,41
VISTAPRINT,20,110
MINUTEMAN PRESS,19,60
OREGON STATE FIRE FIGHTERS COUNCIL,19,30
SECRETARY OF STATE,19,45
UMPQUA BANK,19,171
WINRED,19,772
"ANEDOT, INC.",18,1157
FEDEX OFFICE,18,43
WASHINGTON COUNTY ELECTIONS,18,56
WINCO,18,45
DORCHESTER CONFERENCE,17,60
ACTBLUE,16,2790
GOOGLE,16,751
AT&T,15,67
GODADDY,15,59
HOLLYWOOD IMPRESS PRINTING,15,183
LYNN HOWLETT PHOTOGRAPHY,15,49
ALASKA AIRLINES,14,175
BEST BUY,14,37
CHEVRON,14,39
NORTHWEST HEALTH FOUNDATION,14,27
STATE FARM INSURANCE,14,31
VERIZON,14,56
CLACKAMAS COUNTY ELECTIONS,13,72
DAVITA,13,71
DESCHUTES COUNTY CLERK,13,27
DIAGEO NORTH AMERICA,13,50
GBAO,13,27
MOREL INK,13,317
OREGON BEVERAGE RECYCLING COOPERATIVE,13,132
SONYA FISCHER,13,38
STATE FARM FEDERAL PAC,13,49
VISTA PRINT,13,61
WINCO FOODS,13,19
WIX,13,65
AMERICAN CHEMISTRY COUNCIL,12,23
BNSF RAILWAY COMPANY,12,25
COMMUNITY LABOR ADMINISTRATIVE SERVICES,12,55
HOME DEPOT,12,47
JOHN MILLER,12,14
"SQUARESPACE, INC.",12,137
THE UPS STORE,12,20
UNITED AIRLINES,12,55
ALLSTATE INSURANCE COMPANY,11,36
C&E SYSTEMS,11,3563
FACEBOOK,11,371
HILTON GARDEN INN,11,27
JENNIFER JONAK,11,11
SIGNS ON THE CHEAP,11,24
SQUARE SPACE,11,34
THE HOME DEPOT,11,30
TILLAMOOK COUNTY CREAMERY ASSOCIATION,11,50
UNITED STATES POST OFFICE,11,19
ANHEUSER BUSCH,10,29
BI-MART,10,21
BRIDGEVIEW PRESS,10,139
CONSTANT CONTACT,10,184
COW CREEK BAND OF UMPQUA TRIBE OF INDIANS,10,16
FEDEX,10,27
GABRIEL SHEPHERD,10,26
GODADDY.COM,10,61
"NW PUBLIC AFFAIRS, LLC",10,21
OREGON DEPARTMENT OF REVENUE,10,47
OREGON EDUCATION ASSOCIATION,10,72
OREGON LEAGUE OF CONSERVATION VOTERS,10,31
OREGON OPERATORS MUTUAL BENEFIT CORPORATION,10,23
OUTFRONT MEDIA,10,22
SPRINGBOARD GROUP,10,16
TARGET,10,29
US POSTAL SERVICE (USPS),10,47
ZOOM,10,57
ACT BLUE,9,395
ADP,9,773
DAVID ANDERSON,9,31
EAGLE MAILING SERVICE,9,62
FIESTA EVENT INSURANCE,9,31
GOOGLE CLIENT SERVICES LLC,9,30
HAMPTON LUMBER,9,25
LIBERTY MUTUAL INSURANCE,9,18
MICHAEL JOHNSON,9,31
MICHAEL SMITH,9,37
OREGON AFSCME COUNCIL 75,9,38
"OREGON SECRETARY OF STATE, ELECTIONS DIVISION",9,17
SQUARE,9,64
THE STANDARD,9,23
US BANK,9,160
WEYERHAEUSER,9,16
AMERICAN AIRLINES,8,18
"ANEDOT, INC",8,613
BICOASTAL MEDIA,8,13
CHARTER COMMUNICATIONS,8,36
CITY OF PORTLAND,8,16
COMCAST,8,92
COMCAST CORPORATION,8,49
DAVID SMITH,8,29
DOLLAR TREE,8,17
ELI LILLY AND COMPANY,8,11
ELKHORN MEDIA GROUP,8,15
ERIC MCGUIRE,8,34
EXPEDIA,8,37
GO DADDY,8,51
GREG GOODMAN,8,11
GROCERY OUTLET,8,15
INTERNAL REVENUE SERVICE,8,18
JIM SCHEPPKE,8,86
JORDAN LEWIS,8,23
LARRY BLAKELY,8,31
MATTHEW SMITH,8,14
MN8 ENERGY LLC,8,16
OREGON NURSES ASSOCIATION,8,45
OREGON SECRETARY OF STATE - ELECTIONS DIVISION,8,20
PATTI ADAIR,8,24
RICHARD WITHNELL,8,38
UBER,8,113
WESTERN LIBERTY NETWORK,8,12
WIX.COM LTD,8,43
ZILLOW GROUP,8,10
ABBY'S LEGENDARY PIZZA,7,10
ALBERTSONS,7,13
ANEDOT INC.,7,660
BEST WESTERN,7,11
BLUEHOST,7,17
CALPORTLAND COMPANY,7,10
CHRISTINE VERNIER,7,22
CONFEDERATED TRIBES OF GRAND RONDE,7,29
COQUILLE INDIAN TRIBE,7,12
DAN LAVEY,7,12
DELTA AIRLINES,7,55
DEMOCRATIC PARTY OF OREGON - FEDERAL PAC,7,28
DOORDASH INC,7,15
ELIZABETH SAVAGE,7,33
FARRAH CHAICHI,7,27
FELICITA MONTEBLANCO,7,18
GALLATIN PUBLIC AFFAIRS,7,10
HELEN HELLER,7,20
HOMER WILLIAMS,7,24
INTERNATIONAL PAPER POLITICAL ACTION COMMITTEE,7,7
INTISAR STRATEGIES,7,114
JANE FONDA CLIMATE PAC,7,15
JANE PAULSON,7,10
LISA REYNOLDS,7,21
LUCY VINIS,7,31
MARION COUNTY CLERK,7,11
MARKET OF CHOICE,7,10
MCDONALDS,7,17
MICHAEL FULLER,7,19
NATIONAL ASSOCIATION OF REALTORS,7,598
NORTHWEST CHICKEN COUNCIL,7,8
OFFICE MAX,7,15
ONPOINT COMMUNITY CREDIT UNION,7,147
OREGON FREEDOM COALITION,7,33
OUR OREGON,7,13
RAI SERVICES COMPANY,7,28
REBECCA BRADVICA,7,21
REPUBLIC SERVICES,7,15
REYNOLDS SERVICES COMPANY,7,14
SIGNS.COM,7,21
TOM PETERS,7,18
UFCW LOCAL 555,7,46
UNION PACIFIC RAILROAD,7,12
UNITED STATES TREASURY,7,24
WESTERN STATES REGIONAL COUNCIL OF CARPENTERS,7,9
WEYERHAEUSER COMPANY,7,10
AARON BROWN,6,54
AIRBNB,6,16
AMAZON.COM SERVICES LLC,6,65
ASHLEY HARTMEIER-PRIGG,6,17
"AT&T SERVICES, INC.",6,19
AVISTA CORP,6,18
BIMART,6,6
BRIAN SMITH,6,31
CHEF'S STORE,6,18
CHRISTINA STEPHENSON,6,11
CHRISTINE KENNEDY,6,9
CITY OF SALEM,6,44
CONFEDERATED TRIBES OF THE UMATILLA INDIAN RESERVATION,6,34
DANA SULLIVAN,6,27
DAVID BROWN,6,10
DEMOCRATIC GOVERNORS ASSOCIATION,6,8
DEMOCRATIC PARTY OF OREGON FEDERAL PAC,6,41
DOUGLAS RIGGS,6,10
ERIC HUNTER,6,8
FAIR MARKET VALUE,6,408
FINANCIAL PEACE BOOKKEEPING,6,1380
GOOGLE ADS,6,53
GOOGLE LLC,6,117
HAI PHAM,6,9
HOLIDAY INN,6,9
HOLLYWOOD IMPRESS,6,24
INTISAR STRATEGIES LLC,6,172
JACKSON COUNTY CLERK,6,12
JAMES ANDERSON,6,8
JANELLE BYNUM FOR CONGRESS,6,12
JEAN LOFY,6,7
JEFF ANDERSON,6,27
JOHN BROWN,6,8
JOHNSON & JOHNSON PAC,6,12
LEE ANN DONALDSON,6,15
LEIF ECCLES,6,12
LOUIS CAPOZZI,6,18
LYFT,6,92
MARK CHILDS,6,6
MARK HINKLE,6,11
MATT MALETIS,6,24
MILES PALACIOS,6,15
NEXT UP ACTION FUND,6,37
NFIB OREGON POLITICAL ACTION COMMITTEE,6,6
NOBLE CONSULTING,6,78
NORTHWEST LABOR PRESS,6,27
NW PUBLIC AFFAIRS LLC,6,7
ORION DIGITAL MEDIA,6,121
PACIFIC POWER,6,34
PAUL BULLMAN,6,7
PORTLAND GENERAL ELECTRIC,6,66
"REPUBLIC SERVICES, INC.",6,14
RIVERMARK COMMUNITY CREDIT UNION,6,56
ROGER WORTHINGTON,6,14
RYAN JENNINGS,6,16
SECRETARY OF STATE - ELECTIONS DIVISION,6,13
"SQUARE, INC.",6,516
SQUARESPACE INC,6,35
STRIPE,6,1140
SUMMIT FINANCE NORTHWEST,6,54
TEMU,6,133
THE GREENBRIER COMPANIES,6,12
THOMAS BAKER,6,18
TOM D'AMORE,6,8
UNION PACIFIC RAILROAD COMPANY,6,25
UNITED STATES POSTAL SERVICE (USPS),6,8
UP RAILROAD COMPANY,6,37
USAA,6,23
USPS.COM,6,13
VAN TRUONG,6,13
WASTE MANAGEMENT,6,22
ZOOM VIDEO COMMUNICATIONS INC.,6,16
ADT LLC,5,9
ANDREA SALINAS,5,14
ANDRES OSWILL,5,10
ANDREW MORRISON,5,9
BACKYARD MEDIA,5,11
BANNER BANK,5,12
BANNER BUZZ,5,5
BENJAMIN GILBERT,5,20
BETTY REYNOLDS,5,10
BRIAN OBIE,5,6
BROOKE HILL,5,13
CALVIN BENNETT,5,32
CHARLES SWINDELLS,5,7
CHRIS BECK,5,7
CHRISTINE CHUTE,5,14
CITY OF EUGENE,5,8
CLIFF BENTZ FOR CONGRESS,5,18
CODY HOESLY,5,20
COLUMBIA DISTRIBUTING,5,56
COOS BAY PRINTING,5,14
COPY CATS,5,11
COSTCO WHSE,5,15
DANIEL FRYE,5,13
DARIN HARBICK,5,8
DAVID JOHNSON,5,15
DAVID MCDONALD,5,19
DAVID POWELL,5,15
DAVID ROSEN,5,24
DENISE FRISBEE,5,8
DIANE SYKES,5,28
DON VOLLUM,5,9
DONALD POWELL,5,22
"DOORDASH, INC",5,8
ED KING,5,8
ELI LILLY AND COMPANY & SUBSIDIARIES,5,15
ELISE JOSEPHSON,5,24
ELIZABETH CRONEN,5,15
ELIZABETH WARRINER,5,46
EMERGE OREGON,5,38
EMERSON LEVY,5,33
EVELYN KOCHER,5,12
"FAMILYCARE, INC",5,8
GILEAD SCIENCES INC,5,8
GOOGLE WORKSPACE,5,60
HAMPTON INN & SUITES,5,10
HARLAND CLARKE,5,22
HAYSTACK,5,62
HILARY UHLIG,5,12
HOBBY LOBBY,5,16
ILWU OREGON AREA DISTRICT COUNCIL,5,8
INTEL CORPORATION,5,14
INTUIT,5,78
IRIS HODGE,5,21
JAMES COLLINS,5,8
JAMES KELLY,5,16
JAMES MCLAUGHLIN,5,13
JEANNE MAGMER,5,9
JEFF MERKLEY FOR OREGON,5,16
JEFF REINGOLD,5,8
JENNIFER WAGNER,5,5
JOANNA PERINI-ABBOTT,5,12
JOHN COLETTI,5,5
JOHN DEVLIN,5,26
JOHN RUSSELL,5,8
JOHN WILSON,5,21
JON FRIEDMAN,5,26
JUBITZ CORPORATION,5,9
JULIA BRIM-EDWARDS,5,28
JUSTIN JOHNSON,5,7
KATHERINE LAM,5,5
KEITH DOZIER,5,6
KEITH WILSON,5,11
KELLY BOND,5,11
KEVIN SULLIVAN,5,31
KEY BANK,5,27
KITTY PIERCY,5,9
KROGER,5,21
LINDA NISHIOKA,5,25
LISA QUATTLEBAUM,5,20
LORI PIERCY,5,589
LOURDES SANCHEZ,5,8
MARCUS MUNDY,5,6
MARIA WITT,5,37
MARK WATSON,5,30
MAUREEN WOLF,5,13
MCDONALD'S,5,7
MCMENAMINS,5,12
MDU RESOURCES GROUP GOOD GOVERNMENT FUND,5,6
MELISSA BOBADILLA,5,21
MERCK SHARP & DOHME LLC,5,13
MICHAEL BROWN,5,13
MICHAEL COUGHLIN,5,9
MICHAEL MILLER,5,8
MICHAEL WISE,5,26
MICKI VARNEY,5,12
MOREL INK HOLDINGS,5,11
MOUNTAIN WEST INVESTMENT CORP,5,16
MPC INVESTMENT FUND INC,5,7
MT. HOOD OREGON RESORT,5,14
MULTNOMAH COUNTY ELECTIONS,5,15
NADIA HASAN,5,11
NATIONBUILDER,5,79
NEAL WEINGART,5,21
NELSON RESEARCH,5,25
NEW MEDIA NORTHWEST,5,75
"NEXT RENEWABLE FUELS, INC.",5,7
NICHOLAS GREENFIELD,5,23
NICOLE KALK,5,38
OFFICEMAX,5,22
OLIVIA CLARK,5,6
OREGON BUSINESS COUNCIL,5,9
OREGON SECRETARY OF STATE ELECTIONS,5,18
OSWEGO GRILL,5,8
OUTFRONT,5,9
PAYTEN KAYSNER,5,11
PCUN,5,11
PETER BECHEN,5,9
REBECCA HIRSCH,5,24
RICHARD ALLEN,5,19
RICHARD FOHS SOHN,5,7
RIVERHOUSE ON THE DESCHUTES,5,11
ROBERT BALL,5,7
ROBERT GROVER,5,13
ROBERT SMITH,5,12
ROBERT STOLL,5,6
ROBERT WAGNER,5,17
ROBERT WILLIAMS,5,21
RON COHEN,5,6
ROSS LIENHART,5,7
RYAN SMITH,5,29
RYAN TRIBBETT COMPANY,5,30
SABA ANVERY,5,13
SAIF,5,11
SANDY SCHUMACHER,5,5
SCALE TO WIN,5,38
SHELL OIL,5,20
SIERRA PACIFIC INDUSTRIES,5,19
SIGNS BY STOUT,5,29
STEVE SEAL,5,21
STEVEN SMITH,5,20
STICKER MULE,5,30
SUNRIVER RESORT,5,31
SUSAN COBB,5,17
SUSAN SMITH,5,11
T-MOBILE,5,34
TAXPAYERS ASSOCIATION OF OREGON,5,30
THOMAS KITANCEVSKI,5,5
THOMAS MELVILLE,5,24
TIM MILLER,5,5
TINA STUPASKY,5,23
TOM KELLY,5,16
TUMWATER VINEYARD,5,10
U.S. POSTAL SERVICE,5,27
UMATILLA COUNTY FAIR,5,8
UNITED FOOD & COMMERCIAL WORKERS UNION LOCAL 555,5,5
UPS STORE,5,20
VALERIE PRATT,5,19
VERIZON WIRELESS,5,36
VIRGINIA STAPLETON,5,17
WALMART INC.,5,8
WALMART.COM,5,13
WILLIAM MILLER,5,9
YAMHILL COUNTY CLERK,5,31
AARON PORTER,4,24
ABBOTT LABORATORIES EMPLOYEE PAC,4,11
ABIGAIL KIRSHY,4,4
ACE HARDWARE,4,5
ACLI POLITICAL ACTIVITY FUND,4,5
AL NIKNABARD,4,6
ALBERTSONS COMPANIES,4,6
ALBERTSONS SAFEWAY,4,23
ALEX JOHNSON,4,6
ALEXANDER PHAN,4,11
ALFREDO MORENO,4,10
ALTRIA CLIENT SERVICES LLC,4,59
"AMAZON.COM SERVICES, LLC",4,5
AMBER KINNEY,4,6
AMITY GIRT,4,7
"AMR HOLDCO, INC",4,7
ANGELA MARTIN,4,4
ANHEUSER BUSCH COMPANIES,4,4
ANHEUSER-BUSCH,4,7
ANNA SCHARF,4,23
ANNE SQUIER,4,8
BANNERS ON THE CHEAP,4,6
BARBARA FORD,4,8
BECKY TYMCHUK,4,11
BETTY HILDWEIN,4,17
BIG FROG,4,9
BNT PROMOTIONAL PRODUCTS,4,4
BONAMICI FOR CONGRESS,4,5
BONNIE RICHARDSON,4,25
BOOKING.COM,4,5
BRANDON WHITE,4,14
BRIAN DRETKE,4,18
BRIAN TAYLOR,4,33
BRYAN IVERSON,4,8
CALLEE ACKLAND,4,6
CAMERON JOHNSON,4,5
CAMPAIGN PARTNER,4,33
CANDI MCFEE,4,11
CANVA US INC,4,6
CAPITOL ACCOUNTING SERVICE,4,21
CARLSON SIGN,4,5
CASCADE NATURAL GAS,4,24
CASITY TROUTT,4,6
CATHERINE THOMASSON,4,18
CHIP SHIELDS,4,19
CHRIS GOSSARD,4,10
CHRIS JOHNSON,4,12
CHRISTOPHER JOHNSON,4,18
CITY OF PORTLAND SMALL DONOR ELECTIONS,4,11
CLARE HAMILL,4,4
CLATSOP COUNTY CLERK,4,6
COLLIN ERICKSON,4,18
COMMITTEE FOR A LIVABLE FUTURE,4,7
COQUILLE INDIAN TRIBE TRIBAL GOVERNMENT,4,5
CORVALLIS CUSTOM,4,8
COUNTRY MEDIA INC,4,13
CRAIG NICHOLS,4,21
CRYSTAL WESTON,4,5
CUSTOM INK,4,5
CYNTHIA SAWYER,4,30
DANIEL BERGER,4,34
DANIEL DZIUBA,4,21
DANIELLE SMITH,4,9
DAVID BROCK SMITH FOR OREGON,4,5
DAVID EVANS,4,6
DAVID FORD,4,23
DAVID NELSON,4,21
DAVID THOMPSON,4,16
DAVID WILSON,4,9
DEAN HURFORD,4,7
DEB FLAGAN,4,7
DEBORAH PATTERSON,4,18
DELTA AIR,4,6
DEREK JOHNSON,4,24
DIANE GREGOIRE,4,13
DICK SCHOUTEN,4,6
DIRECT DEMOCRACY FACTORY,4,6
DOMINIC BIGELOW,4,11
DON CORSON,4,11
DON MORISSETTE,4,7
"DOORDASH, INC.",4,28
DOUGLAS COUNTY FAIRGROUNDS,4,9
DRAPER DIGITAL COMMUNICATIONS LLC,4,58
DUNCAN WYSE,4,7
DWIGHT HOLTON,4,4
ED DIEHL,4,8
ELECTRONIC MANAGEMENT CORP (EMCO),4,36
ELEVATED CAMPAIGNS,4,30
ELIZABETH BATLAN,4,4
ELIZABETH JOHNSON,4,9
ELIZABETH WELCH,4,21
EMCO MAIL + PRINT,4,5
EMERY WANG,4,23
EMILY SIMON,4,4
EMPIRICAL MEDIA,4,15
EO MEDIA GROUP,4,11
ERIC ZIMMERMAN,4,10
ERIN OLSON,4,6
ETHAN SMITH,4,24
ETSY,4,9
EUGENE AREA CHAMBER OF COMMERCE,4,10
EVA BARTEN,4,11
EVERYTOWN FOR GUN SAFETY ACTION FUND,4,9
"FAMILYCARE, INC.",4,4
FAST SIGNS,4,6
FASTSIGNS,4,5
FLORENCE BARNHART,4,7
FRED MEYER FUEL,4,15
FREEDOM FOUNDATION,4,7
FRESENIUS MEDICAL CARE,4,17
GABE SHEPHERD,4,6
GARRETT WEST,4,7
GARY JOHNSON,4,21
"GATEWAY COMMUNICATIONS, INC.",4,26
"GEOTOLL, INC",4,5
GLIDE REVITALIZATION,4,4
GO UNION PRINTING,4,6
GRANTS PASS SNEAK PREVIEW,4,13
GREG ADDINGTON,4,5
GRETCHEN MILLER,4,6
GUN DENHART,4,7
HAMPTON INN,4,49
HELEN MARSTON,4,6
HILTON,4,5
HILTON HOTELS,4,11
HOLIDAY INN EXPRESS & SUITES,4,5
IDAHO POWER COMPANY,4,26
IMPRINT.COM,4,14
INK,4,86
INSTACART,4,10
INTERNATIONAL ASSOCIATION OF FIRE FIGHTERS,4,5
INTERNATIONAL PAPER PAC,4,4
INTERNATIONAL PAPER POLITICAL ACTION COMMITTEE (IP-PAC),4,4
"INTISAR STRATEGIES, LLC",4,49
IRZ CONSULTING LLC,4,4
ITHINK INK,4,68
JAMES FORSYTH,4,5
JAMES LABBE,4,37
JAMES MARTIN,4,15
JANE TITCHENAL,4,6
JASON POSNER,4,20
JASON RENAUD,4,4
JAY HUNT,4,6
JEFF HELFRICH,4,9
JEFF KOHNSTAMM,4,7
JEFFREY ANDERSON,4,37
JENNY JONAK,4,4
JIM LABBE,4,6
JIM MARK,4,5
JODY WISER,4,23
JOE PIUCCI,4,8
JOHN BAKER,4,9
JOHN BAROFSKY,4,11
JOHN CLARK,4,9
JOHN DAVIS,4,5
JOHN GILLETTE,4,5
JOHN GRANT,4,14
JOHN OGDEN,4,11
JOHN TAYLOR,4,10
JOHNNY EARL,4,13
JOHNSON & JOHNSON,4,8
JONATHAN BARTOV,4,6
JONATHAN SINGER,4,10
JOSEPH PIUCCI,4,20
JOSEPHINE ADAMSKI,4,22
JOY MARSHALL,4,18
JUAN CARLOS GONZALEZ,4,16
JUDITH NEWMAN,4,14
JUST YARD SIGNS,4,18
JUSTIN HARNISH,4,4
JUSTIN MORRIS,4,23
"KALSHI, INC.",4,5
KATHY GRAHAM,4,13
KATHY MOORE,4,7
KELLY ANDERSEN,4,22
KELLY JONES,4,20
KELVIN SIMON,4,6
KEVIN ALLTUCKER,4,9
KEVIN CHAMBERS,4,22
KEVIN CRONIN,4,6
KIM SCHMITH,4,5
KIMBERLY CULBERTSON,4,8
"KOCH INDUSTRIES, INC.",4,6
KYLE HANSEN,4,8
KYLE PROSEN,4,4
KYLER JONES,4,7
LAMAR ANDERSON,4,4
LAMAR WISE,4,11
LAURA ALLEN,4,9
LAURIE WIMMER,4,10
LAWNAE HUNTER,4,7
LEISHA ADAMS,4,11
LEWIS MEDIA GROUP,4,19
LISA CARROLL,4,4
LISA WILSON,4,7
LITHTEX PRINTING SOLUTIONS,4,20
LITTLE LOIS CAFE,4,41
LOVE CAMPAIGNS,4,42
LOWE'S,4,6
LOWELL MCKELVEY,4,26
"LYFT, INC.",4,11
MAIL CHIMP,4,43
MAN NINH,4,8
MARC FENTON,4,4
MARCUS SIS,4,10
MARGARET HALLOCK,4,10
MARK FITZ,4,15
MARK HANDRIS,4,6
MARK ROSENBAUM,4,7
MARSEA HART,4,4
MARTA VON BORSTEL,4,7
MARTHA SCHRADER,4,8
MARY NIKAS,4,41
MARY NOLAN,4,4
MATTHEW ELLIS,4,22
MATTHEW GOODMAN,4,7
MATTHIAS HAWKINS,4,4
MCDONALD JACOBS,4,6
MCDONALD'S CORPORATION,4,8
MEADOWLARK BOOKKEEPING,4,71
MELISSA POTTER,4,7
MERCY FOUNDATION,4,8
META PLATFORMS INC,4,57
MF MLG LLC,4,4
MICHAEL ALEXANDER,4,13
MICHAEL APPLEGATE,4,7
MICHAEL COOK,4,17
MICHAEL DAVIS,4,9
MICHAEL GREEN,4,21
MICHAEL RICHARDSON,4,6
MICHAEL SELVAGGIO,4,15
MICHELLE MILLER,4,15
"MODA PARTNERS, INC.",4,12
MOODY BUSINESS SOLUTIONS,4,16
MYRNA MUNOZ,4,5
MZURI WILDLIFE FOUNDATION,4,5
NADIA DAHAB,4,5
NATE LEVIN,4,6
NATHAN SOSA,4,25
NATIONAL CAUCUS OF ENVIRONMENTAL LEGISLATORS (NCEL),4,5
NEW PROGRESSIVE NETWORK,4,5
NGP VAN,4,17
NICHOLAS RESTAURANT,4,6
NIKE INC AND AFFILIATES,4,11
NORTHWEST OREGON LABOR COUNCIL,4,10
NW NATURAL,4,38
NW POLICY ADVOCATES/NGRC,4,5
NW PUBLIC AFFAIRS,4,4
OLIVE GARDEN,4,5
"OPPORTUNITY FINANCIAL, LLC",4,5
OREGON COAST TODAY,4,6
OREGON LIQUOR STORE,4,4
OREGON RESTAURANT & LODGING ASSOCIATION,4,7
OREGON SCHOOL EMPLOYEES ASSOCIATION,4,10
ORIENTAL TRADING COMPANY,4,9
PACIFIC OFFICE AUTOMATION,4,44
PACIFICSOURCE HEALTH PLANS,4,11
PAMELA TREECE,4,17
PARAGON SOLUTIONS,4,47
PAUL GALM,4,21
"PAYACTIV, INC.",4,6
PAYPAL,4,152
PFIZER INC.,4,18
PMI GLOBAL SERVICES INC,4,9
PMI GLOBAL SERVICES INC.,4,12
PMI US CORPORATE SERVICES,4,11
POLITICAL PARTY TAX CHECK-OFF,4,47
POLK COUNTY FAIR,4,14
PRONTO PRINT,4,37
PT STRATEGY LLC,4,44
PUBLIC STORAGE,4,38
RACHEL O'NEAL,4,9
RANDALL FRYER,4,10
RANDOLPH MILLER,4,13
REACH PROGRESS PBC,4,24
REGENCE,4,33
REPUBLICAN STATE LEADERSHIP COMMITTEE,4,13
RESIDENCE INN,4,5
RICHARD DRICK,4,8
ROB IMHOFF,4,17
ROBERT BEATTY-WALTERS,4,33
ROBERT BONAPARTE,4,5
ROBERT KLINE,4,22
ROBERT MELNICK,4,11
ROBERT MERRILL,4,15
ROBERT SCHROEDER,4,5
ROBERT SUTTON,4,9
ROGER SABBADINI,4,8
RON CHENG,4,5
RON SAUER,4,4
RUDY'S STEAKHOUSE,4,7
RYAN MOORE,4,20
RYAN WILSON,4,15
SALEM AREA CHAMBER OF COMMERCE,4,7
SALLY WANTZ,4,5
SANDY CHUNG,4,5
SARAH FITZGERALD,4,4
SCOTT WILLIAMS,4,5
SECRETARY OF STATE-ELECTIONS DIVISION,4,10
SIGNSONTHECHEAP.COM,4,6
SKYLAR CRUZ,4,6
SL LITHOGRAPH LLC,4,9
SNEAK PREVIEW,4,6
SOUTH COAST SHOPPER,4,8
SPRINGWATER PARTNERS,4,11
"SQUARE, INC",4,63
STEPHEN HUNTER,4,21
STEPHEN PIUCCI,4,26
STEVEN KORTH,4,6
STEVEN LEE,4,5
STRATEGIC MEDIA SERVICES,4,10
STUART COLLECTIVE,4,38
SUE HEIN,4,20
SUE RIEKE SMITH,4,6
SUMMIT BANK,4,10
SUMMIT STRATEGIES GOVERNMENT AFFAIRS LLC,4,13
SUZANNE BONAMICI,4,17
SYED QASIM,4,9
T MOBILE,4,6
"T-MOBILE USA, INC.",4,24
TALIA GUERRIERO,4,21
TERRY EMMERT,4,8
THE GRAND HOTEL SALEM,4,7
THE PIVOT GROUP,4,43
"THE PIVOT GROUP, INC.",4,10
THE SIGN CO,4,8
THE SOURCE WEEKLY,4,6
THOMAS JOHNSON,4,7
THOMAS ROGERS,4,21
TIM WILLIAMS,4,23
TIMOTHY KUZMA,4,5
TIMOTHY MORRIS,4,15
TONY DEFALCO,4,6
TRAVIS NELSON,4,8
TRIBAL DEMOCRACY PROJECT,4,52
TYLER STAGGS,4,20
UNITED HEALTH GROUP PAC,4,4
UNITEDHEALTH GROUP PAC,4,5
US MARKET,4,4
US POSTMASTER (USPS),4,6
VAL HOYLE FOR CONGRESS,4,14
VALLEY WEB PRINTING,4,11
VICTOR DODIER,4,41
WALTER WEYLER,4,4
WAYNE RICHARDS,4,5
WENDY SIMMONS,4,25
WILD RIVER PUB,4,5
WILLAMETTE HERITAGE CENTER,4,5
WILLAMETTE VALLEY BANK,4,37
WILLAMETTE VALLEY VINEYARDS,4,14
WILLIAM ADAMS,4,5
WILLIAM WILLITTS,4,7
WORDPRESS,4,6
YARD SIGN PLUS,4,9
YARD SIGNS PLUS,4,5
ZOOM VIDEO COMMUNICATIONS INC,4,14
AARON BAKER,3,22
AARON BLAKE,3,11
AARON JOHNSON,3,4
AARON LEWIS,3,4
AARON MARTIN,3,6
ABBYS LEGENDARY PIZZA,3,3
ABC PRINTERS INC,3,8
ABDISALAN MUSE,3,7
ABEL HERNANDEZ,3,12
ACTBLUE OREGON,3,94
"ACTBLUE, LLC",3,86
ACTION NETWORK,3,10
ACTIVE MEDIA PUBLISHING GROUP,3,11
ADAM BECKMANN,3,9
"ADP, INC.",3,63
ADRIAN BROWN,3,10
ADRIAN PRESSNALL,3,11
ADRIENNE MITCHELL,3,12
ADVANTAGE INC,3,4
AFSCME LOCAL 2067,3,5
AFT-OREGON,3,19
AIDAN BASSETT,3,11
AIRBNB INC,3,3
"AIRBNB, INC.",3,5
ALAN UNGER,3,5
ALBERTO GALLEGOS,3,6
"ALBERTSONS COMPANIES, INC.",3,4
ALEKSEY DOBROLEZHA,3,11
ALEX CASEBEER,3,4
ALEX LOPEZ,3,25
ALEXANDER BOEH,3,11
ALEXANDER HERBST,3,11
ALICE DALE,3,6
ALLEN HALLMARK,3,9
ALTRIA CLIENT SERVICES,3,6
AMANDA GREEN,3,4
"AMAZON.COM SERVICES, INC.",3,9
"AMAZON.COM, INC.",3,47
AMBER COOPER,3,7
AMERICAN PROPERTY CASUALTY INSURANCE ASSOCIATION,3,3
AMERICAN PROPERTY CASUALTY INSURANCE ASSOCIATION POLITICAL ACCOUNT,3,3
ANDREA SALINAS FOR OREGON,3,14
ANDREW COLAS,3,5
ANDREW FORTGANG,3,6
ANDREW HOAN,3,7
ANDREW KAZA,3,5
ANDREW ROWE,3,11
ANDREW SMITH,3,15
ANDREW STRUTHERS,3,16
ANDREY SERGEYCHUK,3,10
ANDY SAULTZ,3,4
ANDY STORMENT,3,6
ANEDOT INC,3,141
ANGELA BONILLA,3,12
ANGELA PEDERSON,3,21
ANGELA PLOWHEAD,3,5
ANITA CHAN,3,5
ANN ARMSTRONG,3,3
ANNA WILLIAMS,3,7
ANNE GOLDEN,3,5
ANNE MARIE LEVIS,3,5
ANNETTE CHRISTENSEN,3,6
ANNIE ELLISON,3,7
ANTHONY BROADMAN,3,23
ANTHONY CHOI,3,6
ANTHONY MARTIN,3,9
ANTHONY MEEKER,3,3
ANTHONY REESE,3,17
ANTHONY SIMPSON,3,11
ANTONY GARAY,3,11
APRIL SNELL,3,3
ARCO,3,3
ARDA ROC-PAC,3,5
ASHLAND CHAMBER OF COMMERCE,3,6
ASHLEY ROSENBAUM-DEPALO,3,22
ASHLEY VAUGHN,3,21
ATHENA AGUIAR,3,3
ATI INC. POLITICAL ACTION COMMITTEE,3,4
AUSTEN ANDERSON,3,8
AUSTIN WEGDAHL,3,5
AUTUMN SHREVE,3,3
AVISTA CORP.,3,5
AYLA HOFLER,3,8
BAILEY BECKWITH,3,10
BANK OF AMERICA,3,43
BARBARA DUDLEY,3,11
BARBIE BAKER,3,4
BARRE STOLL,3,3
BARRY JOHNSON-SMITH,3,4
BARRY WILLIAMS,3,4
BEAVER LEGAL CORPORATION,3,4
BELOVED CHEESECAKES,3,3
BEN BOWMAN,3,5
BEN COX,3,24
BEN VERHOEVEN,3,3
BENJAMIN PETERSON,3,20
BENJAMIN VANDER KOOI,3,3
BENNETT DALTON,3,19
BENTLEY'S GRILL,3,5
BETA MAIL,3,8
BETH CREIGHTON,3,5
BETH KEYSER,3,5
BEVERLY GUNSON,3,16
BI MART,3,7
BIFF TRABER,3,35
BILL RIECKE,3,10
BILL SCOTT,3,5
BILL TRENBEATH,3,9
BING WONG,3,6
BLACK BUTTE RANCH,3,21
BLAIR TOWNSEND,3,4
BLUE SPROCKET BROKERAGE,3,10
"BOARDMAN FOODS, INC.",3,4
BOBBIE DOLP,3,3
BOBBY LEVY,3,4
BONNIE SERKIN,3,6
BONNIE SMITH,3,38
BOTTLED LIGHTNING COLLECTIVE,3,51
BRANDIN HILL,3,9
BRENT BARTON,3,32
BRENT LAING,3,4
BRIAN DECKER,3,16
BRIAN DUTY,3,5
BRIAN MCGAHREN,3,7
BRIAN WILKINSON,3,4
BRIDGETOWN PRINTING COMPANY,3,11
BRITAIN MCGILL,3,10
BRUCE MORRISON,3,3
BRUCE TRACY,3,5
BRYAN SOHL,3,10
BUEL'S IMPRESSIONS PRINTING,3,34
BURNETT MEDIA GROUP LLC,3,53
"BUYING TIME, LLC",3,5
BYLLIEJO KELLEY,3,9
CADILLAC OF PORTLAND,3,3
CALENDLY,3,3
CAMERON STETLER,3,9
CAMILLE HALL,3,6
CANVA US INC.,3,6
CARDINAL SERVICES,3,45
CAREL DEWINKEL,3,6
CAROL HILDEBRAND,3,4
CAROL QUINN,3,8
CAROL TURNER,3,10
CAROL VEBER,3,3
CAROLYN DIXON,3,13
CAROLYN TOMEI,3,25
CARTER MACNICHOL,3,6
CASEY JONES,3,12
CATHERINE THOMAS,3,3
CENTRAL OREGON BUILDERS ASSOCIATION,3,23
CENTRO CULTURAL,3,4
CESAR LOPEZ,3,9
CESAR MENDOZA,3,8
CHAD WILLIAMS,3,14
CHAEL SONNEN,3,8
CHARLENE ZIDELL,3,6
CHARLES GALLIA,3,7
CHARLES ROBINOWITZ,3,19
CHARLES ROSS,3,4
CHARLES WIGGINS,3,9
CHARLEY GEE,3,19
CHARLIE HEALTH,3,6
CHARLIE HEALTH INC,3,3
CHEFSTORE,3,6
CHELSEA LAWSON,3,5
CHERYL BRADLEY,3,3
CHERYL HOCKADAY,3,4
CHERYL JOHNSON,3,19
CHRIS BONNER,3,6
CHRIS DUFFIN,3,3
CHRIS KARLIN,3,4
CHRIS NELSON,3,4
CHRIS SMITH,3,17
CHRISTIAN WALDIE,3,9
CHRISTINE COLLINS,3,3
CHRISTINE EBERHARDT,3,4
CHRISTINE IRWIN,3,3
CHRISTOPHER BAKER,3,5
CHRISTOPHER DAVIS,3,12
CHRISTOPHER FONTAINE,3,5
CHRISTOPHER HILDEBRAN,3,11
CHRISTOPHER KUHLMAN,3,20
CHRISTOPHER LARSEN,3,17
CHRISTOPHER LUEBKE,3,6
CHRISTOPHER NELSON,3,6
CHRISTOPHER SMITH,3,14
CHRISTOPHER WEST,3,4
CHUCK SHEKETOFF,3,28
CIRCLE K,3,5
CLACKAMAS COUNTY ELECTIONS DIVISION,3,3
CLAIRE LYNN,3,5
CLAIRE SYRETT,3,5
CLEAR FOCUS STRATEGIES,3,5
CLINTON TAPPER,3,20
CODY BERNE,3,20
CODY FLETCHER,3,11
COLLEEN ROBERTS,3,24
COLTEN PILKINGTON,3,11
COLTON KNIGHT,3,9
COMCAST CABLE,3,96
COMMUNITY LABOR ADMINISTRATIVE SERVICES INC.,3,40
CONNIE WHELCHEL,3,17
CONNOISSEUR MEDIA,3,6
CONNOR BJORNSTAD,3,10
CORNELIA GIBSON,3,20
COUNTRY MEDIA,3,3
COUNTRY MEDIA INC.,3,4
COURTYARD BY MARRIOTT,3,3
CROSSWATER STRATEGIES LLC,3,7
CRYSTAL DIXSON,3,4
CYNTHIA BETHELL,3,9
CYNTHIA BRANGER MUNOZ,3,19
DAMARI FILLEY,3,5
DAN NEAL,3,4
DAN SALTZMAN,3,5
DAN TOOZE,3,3
DAN VAN VACTOR,3,3
DANIEL BONHAM,3,20
DANIEL EDWARDS,3,11
DANIEL GARDNER,3,6
DANIEL HILL,3,22
DANIEL HOUF,3,3
DANIEL MARTINEZ,3,12
DANIEL MILLER,3,4
DANIEL NGUYEN,3,7
DANIEL SANTOS,3,3
DANIEL SMITH,3,11
DANIELLE BETHELL,3,4
DANIELLE CHAMBERS,3,5
DARCEY EDWARDS,3,4
DARRELL BRETT,3,4
DARRELL FULLER,3,3
DARRELL WARD,3,6
DARRIN FLEMING,3,10
DAVE HUNT,3,9
DAVE ROBERTSON,3,5
DAVID CAMPAGNA,3,5
DAVID COBURN,3,14
DAVID FARRELL,3,12
DAVID GARRETT,3,3
DAVID GOLDWYN,3,6
DAVID GOLUB,3,7
DAVID HIGGS,3,16
DAVID KNOWLES,3,7
DAVID LANE,3,26
DAVID MCNEEL,3,5
DAVID MEDINA,3,5
DAVID MOHRMAN,3,7
DAVID OSBORN,3,14
DAVID PARKER,3,11
DAVID PAULSON,3,16
DAVID SHAW,3,6
DAVID SULLIVAN,3,5
DAWN LESLEY,3,15
DEAN KLAUS,3,5
DEAN MOBERG,3,22
DEANA ENGLES,3,8
DEB GRUBA,3,11
DEBBIE KITCHIN,3,13
DEBBIE MEADOWS,3,28
DEBBIE MILLER,3,10
DEBORAH BROWN,3,3
DEBORAH FERRER,3,13
DELCY TIBBETTS,3,21
DELOITTE PAC,3,4
DEMOCRACY ENGINE,3,47
DEMOCRATIC PARTY OF OREGON,3,3
DENISE MILLER,3,11
DENNIS HITCHCOCK,3,22
DEREK LARWICK,3,21
DERRICK RAGAN,3,3
DESCHUTES COUNTY,3,4
DIANA STUART,3,3
DIANE GOODWIN,3,17
DIEGO THOMAS,3,11
DIGITAL MARKETING GROUP,3,10
DNL PROPERTIES,3,3
DOLLAR GENERAL,3,13
DON POWELL,3,4
DON POWERS,3,9
DONALD CLAEYS,3,9
DONNA BURKLO,3,4
DORCHESTER,3,9
DOUG MCKENZIE,3,4
DOUG WALKER,3,3
DOUGLAS DE WEESE,3,7
DOUGLAS FAST NET,3,65
DOUGLAS POWERS,3,10
DOWNTOWN DEVELOPMENT GROUP LLC,3,16
DRAKE HOOD,3,19
DRAPER DIGITAL COMMUNICATIONS,3,44
DREW COLEMAN,3,21
DROPBOX,3,5
DWIGHT SIMS,3,8
DYLAN FULTS,3,4
DYLAN HINSON,3,3
DYLAN HYDES,3,19
EAST COUNTY RISING ACTION FUND,3,50
EBAY,3,29
ECANVASSER,3,9
EDWARD GOEHRING,3,12
EDWARD KIMMI,3,7
EILEEN ALTSCHUL,3,21
EILEEN KIELY,3,4
ELAINE HARRIS,3,14
ELAINE LORTSCHER,3,31
ELAVON- C&E MERCHANT SERVICES,3,24
ELIAS LALANDE,3,6
ELIN MILLER,3,6
ELISABETH LYON,3,3
ELIZABETH GOODRICH,3,3
ELIZABETH HARRIS,3,4
ELIZABETH L COLON,3,11
ELLEN CRAINE,3,4
EMBASSY SUITES,3,3
EMILY KEIZER,3,15
EMMA JENSON,3,7
EMMERT INTERNATIONAL,3,8
ENGAGEMENT STRATEGIES OF OREGON,3,11
ENTERPRISE MOBILITY PAC,3,5
ENTERPRISE RENT-A-CAR,3,6
ERIC ANDERSON,3,5
ERIC BERGSTROM,3,3
ERIC FARM,3,3
ERIC NORMANDIN,3,11
ERIC ROSENFELD,3,5
ERIC STRID,3,7
ERIC SWANSON,3,3
ERIC SWENSON,3,4
ERICA NAITO-CAMPBELL,3,5
ERIK HELLENTHAL,3,7
ERIKA LEAF,3,10
ERIKA LOPEZ,3,4
ERIN CHRISTISON,3,19
ESTELLINA NAVE,3,8
EUGENE WEEKLY,3,17
EVELYN DUNCAN,3,14
FAIRFIELD INN,3,4
FAIRFIELD INN & SUITES,3,5
FED EX,3,5
FISCHER JEMISON,3,3
FIVERR,3,15
FRANCIA MIRABUNA,3,13
FRANK CAROPELO,3,9
FRANK FLANNERY,3,3
FRANK FOTI,3,6
FRANK TAUSSIG,3,12
FRANK WILSON,3,12
GABRIEL BIELLO,3,3
GABRIEL CHASE,3,4
GABRIEL MENDEZ,3,11
GABRIEL WATSON,3,14
GAIL GASSO,3,7
"GATEWAY COMMUNICATIONS, INC",3,5
GATHER + GIVE,3,5
GENENTECH,3,19
GENENTECH USA,3,17
GENETECH USA,3,12
GEORGE MCLEAN,3,7
GEORGE NORMAN,3,3
GEORGE PACKING COMPANY INC,3,7
GEOTOLL,3,4
GERARDO GOMEZ,3,11
GIBB EVANS,3,3
GIBSON P.C.,3,4
GILEAD SCIENCES INC.,3,3
"GILEAD SCIENCES, INC",3,4
"GILEAD SCIENCES, INC.",3,4
GINA SNIDER-EY,3,9
GINGER LARCOM,3,22
GLAXOSMITHKLINE LLC PAC (GSK PAC),3,4
GLENN LANCASTER,3,17
"GODADDY.COM, LLC",3,14
GOLDEN VALLEY BREWERY,3,3
GOOD GUYS SIGNS,3,5
GOOGLE INC.,3,28
GORDON FEIGHNER,3,4
GORDON KEANE,3,14
GORDON LAFER,3,11
GRACE CORCORAN,3,5
GRANT GARDNER,3,4
GREEN ADVOCACY PROJECT,3,3
GREG ASTLEY,3,3
GREG ELWELL,3,8
GREGORY HENDRIX,3,3
GREGORY MACPHERSON,3,7
GREGORY PRICE,3,18
GREGORY SPECHT,3,6
GREGORY WILLIAMS,3,3
GRETCHEN MANDEKOR,3,20
GROW OREGON,3,4
GUSTO,3,82
HADI NOUREDINE,3,4
HALA GORES,3,18
HANNAH HOWELL,3,4
HANNAH MIHLD,3,9
HANNAH MUNSON,3,6
HANNAH SOHL,3,6
HARBOR INDUSTRIAL SERVICES CORPORATION,3,9
HAU HAGEDORN,3,17
HAYDEN WATSON,3,4
HAZEL ALLEN,3,10
HEATHER MILLER,3,12
HECTOR MARTINEZ,3,4
HEIDI SAUSE,3,5
HELEN HARBIN,3,6
HELEN YING,3,3
HELENA BIRECKI,3,6
HERITAGE BANK,3,37
HERTZ,3,3
HILLSBORO ROTARY CLUB,3,8
HOLIDAY INN EXPRESS,3,4
HOLLY SCHIEFELBEIN,3,4
HOME GOODS,3,6
HOMEGOODS,3,4
HUNCH THEORY,3,17
HUSSEIN MEHDI,3,4
HYATT REGENCY,3,6
IDENTITY ZONE,3,4
INFUSED LLC,3,153
INTEL,3,7
INTUIT MAILCHIMP,3,18
ISAAC JUDD,3,7
JACE DORN,3,11
JACKSON GROUP PETERBILT - MEDFORD,3,3
JACOB MEXICAN,3,5
JACOB SEARLE,3,16
JAIN SEKULER,3,3
JAMES CLARK,3,22
JAMES GRIGGS,3,7
"JAMES KING, III",3,6
JAMES LEE,3,24
JAMES MILLER,3,9
JAMES SMITH,3,15
JAMES WALKER,3,4
JAMES WHEELER,3,11
JAMES WILLIAMS,3,10
JAN WESTON,3,3
JANET BAILEY,3,10
JANET PELROY,3,8
JASON DELEON,3,11
JASON KAFOURY,3,3
JASON SMITH,3,12
JASON WILLIAMS,3,4
JAY ZIDELL,3,5
JEAN MAURER,3,4
JEANICE CHIENG,3,3
JEFF BROWN,3,3
JEFF STONE,3,7
JEFF SWICKARD,3,27
JEFFERY PEFFERLE,3,11
JEFFREY ANDREWS,3,3
JEFFREY THOMPSON,3,3
JEFFREY YOUNG,3,15
JEFFRY SMITH,3,11
JEHAN YAHYA,3,4
JENNIFER BENAVIDEZ,3,6
JENNIFER HUNKING,3,3
JENNIFER KRAUEL,3,7
JENNIFER LYNCH,3,4
JENNIFER MIDDLETON,3,19
JENNIFER SCHUBERTH,3,20
JENNIFER SPRAGUE,3,15
JENNIFER YOCOM,3,12
JENNY HANSSON,3,6
JEREMY SMITH,3,7
JERRY WALKER,3,3
JESSE SMITH,3,5
JESSICA GEORGE,3,6
JESSICA MCBRIDE,3,4
JESSICA SNOOK,3,6
JESUS MARTINEZ,3,13
JO ANNE TROW,3,7
JOANNA ROBINSON,3,7
JOANNE STERN,3,3
JOHN BARTON,3,8
JOHN BENNETT,3,15
JOHN BRADLEY,3,3
JOHN BRENNEMAN,3,4
JOHN FOUGHT DESIGN LLC,3,4
JOHN LANG,3,4
JOHN LEWIS,3,3
JOHN LIMB,3,23
JOHN MURPHY,3,3
JOHN OBERST,3,3
JOHN ROBERTSON,3,3
JOHN SCHROEDER,3,4
JOHN SUGAR,3,7
JOHN SULLIVAN,3,3
JOHN SWANSON,3,10
JOHN THOMPSON,3,3
JOHN VON SCHLEGELL,3,3
JOJO BRESLIN,3,12
JON EDWARDS,3,4
JON P ANDERSON,3,6
JONATHAN TASINI,3,9
JORDAN MILLER,3,13
JORDAN RAMIS PC,3,13
JOSEPH BURNS,3,8
JOSEPH CRAIG,3,12
JOSEPH NGUYEN,3,3
JOSH KASHINSKY,3,3
JOSHUA HUNKING,3,3
JOSHUA STOUT,3,4
JOVANNA PATRICK,3,6
JOYCE FURLONG,3,13
JP ADVISORS LLC,3,5
JUAN MARTINEZ,3,4
JUAN RODRIGUEZ,3,16
JUDITH CLARK,3,9
JUDITH STIEGLER,3,7
JUDY NEWMAN,3,7
JUDY SNYDER,3,25
JULES BAILEY,3,12
JULES FOLNAGY,3,7
JULI ROWBERG,3,7
JULIE BROWN,3,10
JULIE CLARK,3,5
JULIE WEISMANN,3,4
JULIETTE'S HOUSE,3,7
JUNE KALKHOVEN,3,3
JUNE YOUNG,3,4
JUNO SUAREZ,3,12
JUSTIN DAVIS,3,8
JUSTIN GONZALES,3,12
JUSTINE GJURGEVICH,3,3
JUSTYARDSIGNS,3,3
KAFOURY & MCDOUGAL,3,9
KALEB EDWARDS,3,11
KALSHI,3,4
KALSHI INC.,3,10
KAMERON DELASHMUTT,3,5
KAREN CHURCH,3,9
KAREN GARST,3,4
KAREN MYERS,3,5
KAREN PACKER,3,13
KAREN PEREZ-DA SILVA,3,4
KAREN SPENCER,3,3
KARI CHISHOLM,3,4
KARI ROWELL,3,4
KASHANN KILSON,3,12
KATE LIEBER,3,4
KATELYN OLDHAM,3,20
KATHERINE GORDON,3,9
KATHERINE SHAMEY,3,7
KATHERINE TIPPENS WIPER,3,5
KATHLEEN DENNIS,3,12
KATHLEEN JONES-MCCANN,3,11
KATHLEEN LAMAR,3,8
KATHRYN STOCK,3,4
KATIE KAPUT,3,3
KEIL MUELLER,3,13
KEITH BAUER,3,5
KEITH ERVIN,3,5
KEIZER CHAMBER OF COMMERCE,3,6
KELLY KALKOFEN,3,6
KENNETH THRASHER,3,4
KERI LOPEZ,3,4
KERRY KUENZI,3,3
KEVIN BRAGUE,3,3
KEVIN LARSON,3,8
KEVIN TEATER,3,7
KIM THOMAS,3,3
KIMBERLY COLE,3,23
KIMBERLY COOPER,3,4
KIMBERLY TURNER,3,4
KIT JOHNSON,3,3
KNIFE RIVER,3,11
KNIFE RIVER CORPORATION - NORTHWEST,3,9
KORI RODLEY,3,9
KRISTEN BLISS,3,11
KRISTEN MCCALL,3,19
KRISTI CORNO,3,3
KURT VANDOR,3,11
KURT VERBOUT,3,5
KYLE FRERES,3,4
KYLE KROHN,3,4
KYLE SMITH,3,5
LA QUINTA INN,3,3
LACEY BEATY,3,3
LAMAR ADVERTISING,3,6
LANE COUNTY FAIR,3,8
LANE SHETTERLY,3,4
LANGDON FARMS GOLF CLUB,3,22
LARRENA OVERTON,3,6
LARRY DALKE,3,5
LARRY DUYCK FARMS,3,5
LARRY RAMSEY,3,3
LAURA DORN,3,29
LAURA HILLER,3,6
LAURA KALUR,3,17
LAURIE CHADWICK,3,28
LEONA CONSULTING,3,11
LES SCHWAB TIRES,3,3
LESLY MUNOZ,3,8
LIDONA WAGNER,3,21
LINCOLN COUNTY BOARD OF REALTORS,3,7
LINDA HANCHETT,3,23
LINDA HELLENTHAL,3,3
LINDA NEACE,3,3
LINDA TAYLOR,3,9
LISA CAINE,3,4
LISA HEINEMANN,3,6
LISA LAMPING,3,8
LISA NIELSEN,3,5
LITTLE MILL MEDIA,3,8
LUKA TSIORBA,3,11
LUKAS GESSNER,3,9
LUKE CONLEY,3,10
LUTHERAN COMMUNITY SERVICES NORTHWEST,3,4
LYDIA CHADWICK,3,10
LYNN F COKER,3,21
LYNN SCHOENFELD,3,3
MAI VANG,3,9
MAIN DISTINCTION,3,3
MANYA HELMAN,3,8
MARC GRAMBO,3,12
MARGARET BAUER,3,8
MARGARET DELACY,3,5
MARGARET HUMMON,3,4
MARIA GUERRA,3,3
MARIA HERNANDEZ,3,24
MARIAH HUDSON,3,3
MARILYN LANE,3,3
MARILYN SMITH,3,3
MARILYN SPRICK,3,3
MARK ANDERSON,3,7
MARK BURRIS,3,4
MARK DAVIS,3,3
MARK DESBROW,3,4
MARK DIVINE,3,11
MARK GOODMAN,3,6
MARK JOHNSON,3,7
MARK KELLER,3,3
MARK KNOWLES,3,9
MARK MEEK,3,3
MARK NEW,3,3
MARK OWENS,3,4
MARK RICHMAN,3,9
MARK SEXTON,3,4
MARK WIGG,3,4
MARLENE ACKER,3,10
MARLENE GILLIS,3,3
MARNIE GLICKMAN,3,5
MARRIOTT,3,4
MARTHA KAPP,3,15
MARTINEZ & SONS,3,17
MARVEN IPIL,3,9
MARVIN BURCH,3,3
MARY ANN RUDY,3,16
MARY DAVIES,3,6
MARY JOHNSON,3,13
MARY KING,3,26
MARY ORTON,3,8
MARY PEVETO,3,3
MARY SAYLER,3,9
MARY STARRETT,3,4
MARY WALSTON,3,44
MATHIAS LEHMAN-WINTERS,3,4
MATT BUNCH,3,4
MATT CHAPMAN,3,6
MATT KEATING,3,12
MATT MILLER,3,8
MATT SUMMERS,3,10
MATTHEW CLARK,3,6
MATTHEW COLOMA,3,11
MATTHEW JUBITZ,3,3
MATTHEW KEATING,3,6
MATTHEW WAND,3,7
MATTHEW WHITE,3,7
MAXWELL HAND,3,7
MAXWELL NELSON,3,11
MCKENZIE RIVER PAC,3,8
MEADOW OUTDOOR ADVERTISING,3,7
MELANI FULLER,3,16
MELISSA CRIBBINS,3,3
MICHAEL BRAINARD,3,9
MICHAEL GREENFIELD,3,3
MICHAEL HENDERSON,3,3
MICHAEL HOLLERN,3,4
MICHAEL JAMES,3,15
MICHAEL JONAS,3,4
MICHAEL JONES,3,10
MICHAEL KENNEDY,3,8
MICHAEL KLEPPE,3,8
MICHAEL LEWIS,3,6
MICHAEL LIU,3,7
MICHAEL MCMURRAY,3,24
MICHAEL MOORE,3,28
MICHAEL MORRIS,3,12
MICHAEL MORROW,3,3
MICHAEL POWELL,3,8
MICHAEL ROBINSON,3,12
MICHAEL THOMSON,3,3
MICHAEL WALSH,3,4
MICHAEL WARREN,3,34
MICHAEL WELSH,3,7
MICHAEL WHEELOCK,3,7
MICHAEL WILLIAMS,3,4
MICHELLE FREED,3,17
MICHELLE GIGUERE,3,7
MICHELLE PENNING,3,6
MICROSOFT,3,17
MIKE MCLANE,3,21
MIKE MCMURRAY,3,6
MIKE MILLER,3,7
MILLENNIUM GRAPHICS,3,14
MILLER NASH LLP,3,7
MINDY SASS,3,3
MIRIAM MARCANO,3,6
MITCHELL CLAUSEN,3,11
MITYMO CREATIVE,3,6
MODA PARTNERS INC,3,4
MOE PROPERTIES,3,6
MOLLY BOYLE,3,3
MONIQUE DESPAIN,3,4
MORGAN MUNRO,3,4
MULTIFAMILY NW,3,9
MULTNOMAH COUNTY ELECTIONS DIVISION,3,24
MURPHY COMPANY,3,8
MYRNA SALINAS,3,8
MYTIEN HUYNH,3,3
NABIL ZAGHLOUL,3,10
NAFISA FAI,3,4
NANCY BECKER,3,9
NANCY GREENMAN,3,11
NAOMI ANGIER,3,13
NATALIYA ZHYTARYUK,3,6
NATHAN ANDERSON,3,4
NATHAN HON,3,20
NATIONAL CONFERENCE OF STATE LEGISLATORS,3,5
NATIONAL CONFERENCE OF STATE LEGISLATURES,3,5
NEAL EBERLEIN,3,4
NETBRANDS MEDIA CORP,3,5
"NEXT RENEWABLE FUELS, INC",3,4
"NGP VAN - EVERYACTION, INC.",3,10
"NGP VAN, INC.",3,33
NICK GIDEONSE,3,14
NIKE INC. AND AFFILIATES,3,41
"NIKE, INC.",3,5
"NIKE, INC. AND AFFILIATES",3,9
NILS JENSEN,3,3
NINA CARLSON,3,3
NORM FRINK,3,10
NORMAN WILSON,3,71
NORTHWEST SELF STORAGE,3,55
NOVEMBER LLC,3,25
ODD MOES PIZZA,3,4
OFFICE DEPOT/OFFICE MAX,3,4
OPERATION 1776,3,26
OPTIMIST PRINTERS,3,7
OREGON AFSCME COUNCIL 75 POLITICAL SOFT,3,8
OREGON BUSINESS AND INDUSTRY,3,4
OREGON CAMPAIGN INSTITUTE,3,7
OREGON CAPITOL STORE,3,20
OREGON CATTLEMEN'S ASSOCIATION,3,5
OREGON COAST BANK,3,46
OREGON COMMUNITY CREDIT UNION,3,23
OREGON DATA,3,9
OREGON FEDERATION OF REPUBLICAN WOMEN,3,3
OREGON FOREST INDUSTRIES COUNCIL,3,18
OREGON HUNTER'S ASSOCIATION,3,6
OREGON JUDICIAL DEPARTMENT,3,4
OREGON MACHINISTS COUNCIL,3,5
OREGON REALTORS,3,22
OREGON SECRETARY OF STATE OFFICE,3,3
OREGON SECRETARY OF STATE-ELECTIONS DIVISION,3,5
OREGON SMALL BUSINESS ASSOCIATION,3,8
OREGON STATE CAPITOL FOUNDATION,3,3
OREGON STATE CREDIT UNION,3,11
OREGONIAN MEDIA GROUP,3,3
PAC/WEST RESOURCES CORPORATION,3,4
PACIFIC DIGITAL WORKS,3,25
PACIFICSOURCE,3,82
PAM ZWEIFEL,3,6
PAT FAHEY,3,6
PATRICIA HINE,3,28
PATRICIA KRIER,3,3
PATRICK NOFIELD,3,16
PAUL EVANS,3,16
PAUL HARMON,3,4
PAUL KRISSEL,3,17
PAUL SCHULZ,3,4
PAUL SHELDON,3,3
PAUL SNYDER,3,4
PAUL SOLOMON,3,6
PAUL THOMPSON,3,19
PAUL VAMES,3,18
"PAYPAL, INC.",3,19
PENS.COM,3,3
PETE SANDROCK,3,4
PETER HORAN,3,7
PETER JANCI,3,19
PETER MILLER,3,13
PETER POLYAKOV,3,11
PETER SAGE,3,4
PFIZER,3,5
"PFIZER, INC.",3,5
PHARMACEUTICAL CARE MANAGEMENT ASSOCIATION,3,3
PHIL CARVER,3,6
PHIL HENDERSON,3,12
PHILIP CHANG,3,6
PHILIP HAMM,3,7
PHILIP N BARNHART,3,7
PIP COMMUNICATIONS,3,14
PIP STAFFING AND SERVICES,3,8
"PLAID PANTRIES, INC.",3,10
PMI GLOBAL SERVICES,3,4
"PMI GLOBAL SERVICES, INC.",3,3
PNW PHRMA PAC,3,29
PNW STRATEGIES,3,99
"POLITOGY, LLC",3,12
POLITY STAFFING,3,12
PORTLAND FOR ALL,3,3
PORTLAND METRO CHAMBER,3,3
POWERS INTERACTIVE,3,8
PRAXIS POLITICAL LLC,3,85
PREMIER PRINTING SOLUTIONS,3,10
PREMIUM PROPERTIES LLC,3,3
QSL PRINT COMMUNICATIONS,3,10
RAGNAR RESEARCH PARTNERS LLC,3,13
RAMANA REDDY,3,6
RANDALL SPRICK,3,6
RAQUEL MOORE-GREEN,3,19
REBECCA GREEN,3,16
REBECCA TYMCHUK,3,9
REBECCA WHITNEY-SMITH,3,18
RED LION HOTEL,3,3
REGINA AYARS,3,15
RENEWING THE OREGON WAY,3,5
REX BURKHOLDER,3,5
RHETT FRASER,3,19
RIAN PECK,3,4
RICHARD BALDWIN,3,5
RICHARD KELLUM,3,3
RICHARD PATTERSON,3,6
RICHARD SHUGAR,3,4
RICHARD SOLOMON,3,4
RICK GUSTAFSON,3,3
RICK SCHLECHT,3,10
RIDGELARK STRATEGIES,3,18
ROBERT BARBER,3,3
ROBERT BENTLEY,3,8
ROBERT DICKINSON,3,8
ROBERT DOLTON,3,18
ROBERT GARDNER,3,9
ROBERT HARRISON,3,3
ROBERT MEYER,3,18
ROBERT MILLER,3,19
ROBERT WALSH,3,5
ROBERT WARREN,3,4
ROBERT WHITE,3,18
ROBIN BLOOMGARDEN,3,16
ROBIN LEE,3,35
ROBIN SELIG,3,3
ROCHELLE YUKICH,3,11
ROD RUNYON,3,5
RODNEY PARK,3,3
ROGER FONTES,3,17
ROGER MORSE,3,3
ROGER PETERSON,3,7
ROGUE CREDIT UNION,3,78
RONALD GLAUS,3,4
RONALD KELEMEN,3,4
RONALD L ADAMS,3,44
RONNIE HURTADO,3,9
ROSA COLQUITT,3,4
ROSEBURG HONDA,3,5
ROSELINDE KENNEDY,3,8
ROSEMARY SOUTHWOOD,3,13
ROTARY CLUB OF SUTHERLIN,3,4
ROTH'S FRESH MARKETS,3,5
RUMBLEUP,3,16
RUN! WEBSITE BUILDER,3,30
RUSS HUMBERSTON,3,5
RUTH JOHNSON,3,4
RYAN RINGER,3,3
RYANN REINHOFER,3,3
RYEANN HAWKINS,3,11
SAIF CORPORATION,3,16
SALEM BUSINESS JOURNAL,3,3
SALEM CHAMBER OF COMMERCE,3,3
SALLY HOLLEMON,3,9
SAM TYLER,3,12
SAMUEL GREEN,3,9
SANDRA HANSBERGER,3,9
SARA FOROSHANI,3,3
SARA GELSER BLOUIN,3,9
SARAH COLEMAN,3,3
SASSY ONION,3,13
SCHWAB CREATIVE,3,3
SCOT SULLIVAN,3,4
SCOTT COOPER,3,12
SCOTT GOODMAN,3,5
SCOTT HAWES,3,7
SCOTT HEGE,3,9
SCOTT KOCHER,3,19
SCOTT LUCAS,3,20
SCOTT MOORE,3,6
SCOTT PRATT,3,18
SCOTT STICE,3,6
SCOTT TAYLOR,3,11
SEAN COX,3,11
SEAN DUBOIS,3,19
SEAN DUNNING,3,6
SEAN NIKAS,3,4
SEAN SMITH,3,7
SELCO COMMUNITY CREDIT UNION,3,11
SETH CRAWFORD,3,6
SETH HENDERSON,3,7
SHAROLYN SMITH,3,4
SHARON LONEY,3,11
SHARON MEIERAN,3,10
SHARON ULOR,3,8
SHARON UNGERLEIDER,3,5
SHAWN BARGOUTI,3,4
SHAWN MENASHE,3,5
SHAYNE HAYES,3,11
SHEILA KELLEY,3,8
SHENOA PAYNE,3,18
SHERI BRADY,3,4
SHERI SCHOUTEN,3,24
SHERRIE SCHROEDER,3,3
SHIPPIN' SHACK,3,9
SHIRLEEN STAFFORD,3,9
SIDNEY DEBOER,3,6
SIGN STOP,3,6
SIGNROCKET.COM,3,6
SITEGROUND HOSTING,3,4
"SKYRIDGE STRATEGIES, LLC",3,5
SOUTH WASCO TIMES,3,5
SPACE AGE,3,28
SPACE AGE FUEL,3,6
SPENCER HAWKINS,3,9
SPENCER TODD,3,13
SQUARESPACE INC.,3,6
STACEY BOALS,3,18
STACEY REDING,3,4
STAN AMY,3,3
STANLEY BENGE,3,10
STANLEY SATTER,3,5
STATARA SOLUTIONS,3,11
STATE FARM,3,8
STATE OF OREGON,3,3
STATE OF OREGON EMPLOYMENT DEPARTMENT,3,5
STATEFARM FEDERAL PAC,3,6
STEPHANIE ENGELSMAN,3,6
STEPHEN BABSON,3,3
STEPHEN BROWN,3,4
STEPHEN GOODMAN,3,5
STEPHEN KAFOURY,3,3
STEPHEN KASSIS,3,5
STEVE GIBBS,3,5
STEVE MILLA,3,19
STEVE NAITO,3,3
STEVE PLATT,3,3
STEVEN DAVIS,3,24
STEVEN HILL,3,24
STEVEN MAURER,3,22
STUDIO B PHOTOGRAPHY,3,3
SUE KELLY,3,5
SUE MILLER,3,6
SUSAN BRANDT,3,9
SUSAN MCLAIN,3,7
SUSAN WILSON,3,3
SUZANNE TAYLOR,3,16
SWANSON GROUP,3,10
SWAY,3,8
TAI PRUCE-ZIMMERMAN,3,6
TANIA MANNERS,3,18
TAPESTRY COLLECTION BY HILTON,3,5
TATIANA AMREIN,3,3
THE BRIAN B OBIE REVOCABLE TRUST,3,4
THE CIGNA GROUP EMPLOYEE PAC,3,8
THE CONFEDERATED TRIBES OF THE COLVILLE RESERVATION,3,18
THE DOUGY CENTER,3,4
THE HONEYED GOAT,3,5
THE RALLY POINT,3,30
THE SIGN CO.,3,8
THOMAS BROWN,3,4
THOMAS IMESON,3,18
THOMAS JENKINS,3,8
THOMAS KILBANE,3,4
THOMAS MORAWSKI,3,8
TIFFANY EDWARDS,3,6
TIFFANY GRABENHORST,3,3
TIM EBLEN,3,17
TIM NAY,3,19
TIM TUTTLE,3,29
TIMOTHY BOYLE,3,14
TIMOTHY GRABE,3,3
TIMOTHY HAURY,3,3
TIMOTHY ROTE,3,17
TIMOTHY WALSH,3,15
TINA CALOS,3,8
TOBY BAYARD,3,12
TODD HUEGLI,3,18
TODD KEATHLEY,3,5
TODD NASH,3,7
TOM BOWERMAN,3,6
TOM SCHEUERMANN,3,7
TONY BERNAL,3,3
TRACEY KARSHNER,3,4
TRACI BRUMBLES,3,6
TRACY ASKINS,3,4
TRACY HONL,3,5
TRADER JOE'S,3,5
TRAVELERS,3,10
TRAVIS PRESTWICH,3,20
TRAVIS SMITH,3,10
TRELL ANDERSON,3,3
TREVOR FRIDERES,3,5
TREVOR GARNER,3,3
TREY ROSSER,3,3
TRISTAN PERROTTI,3,3
TRISTIN OLSON,3,11
TROY RONDEMA,3,11
TROY SMITH,3,11
TWEED STRATEGIES LLC,3,45
"TWEED STRATEGIES, LLC",3,33
TYE MARTIN,3,8
TYLER KING,3,12
"TYREE OIL, INC.",3,6
UBER EATS,3,5
"UBER TECHNOLOGIES, INC.",3,5
UGONNA ENYINNAYA,3,5
UMPQUA COMMUNITY COLLEGE FOUNDATION,3,6
UPP LIQUIDS,3,4
UPRINTING,3,10
US FOODS CHEF'S STORE,3,9
US POST OFFICE,3,5
USPS PO,3,7
VADIM MOZYRSKY,3,4
VANESSA NORDYKE,3,7
VB CONSULTING INC,3,27
VEIN CLINICS OF LAKE COUNTY LLC,3,3
VERONICA HENSLEY,3,4
VICKI GRIESINGER,3,3
VICTORIA BUTLER,3,11
VIKKI IVERSON,3,5
VSP VISION,3,14
WAL MART,3,3
WAL MART SUPER CENTER,3,6
WALMART SUPERCENTER,3,8
WALTER WALLS,3,11
WASTE CONNECTIONS,3,4
WAYMO LLC,3,4
WEGLOT,3,28
WELBEHEALTH,3,5
WELLS FARGO & CO EMPLOYEE PAC,3,4
WELLS FARGO BANK,3,63
WEYERHAEUSER NR COMPANY,3,3
WILCO FARM STORE,3,3
"WILD FERN CREATIVE, LLC",3,15
WILLAMETTE FAMILY MEDICAL CENTER INC.,3,3
WILLAMETTE WEEK,3,9
WILLIAM EPSTEIN,3,3
WILLIAM GUTHRIDGE,3,7
WILLIAM MACKE,3,5
WILLIAM MOORE,3,4
WILLIAM SCHUMACHER,3,11
WILLIAM SMALDONE,3,13
WILLIAM SMITH,3,10
WILSON MOTORS,3,3
WINNING MARK,3,27
WIX PAYMENTS,3,20
"WIX.COM, INC.",3,39
XAVIER PERAZA,3,11
XPRESS PRINTING,3,8
XPRESS PRINTING INC.,3,4
YAMHILL COUNTY FAIR,3,5
YAMHILL COUNTY REPUBLICAN WOMEN,3,3
YI-KANG HU,3,36
YOONA PARK,3,3
ZACHARY DAUGHERTY,3,14
ZACHARY ROBERTSON,3,11
ZAZZLE,3,4
ZEKE MCCONNAL,3,9
ZENZARI COPY & PRINT,3,95
ZILLOWGROUP,3,7
ZOOM VIDEO COMMUNICATIONS,3,30
ZOOM.US,3,8
115039 MARQUIS WILSONVILLE ASSISTED LIVING,2,18
119003 CHEHALEM SPRINGS SENIOR LIVING COMMUNITY,2,3
1859 PAC,2,2
214123 WEST HILLS VILLAGE,2,15
350EUG,2,3
4OVER,2,5
50 PLUS 1 STRATEGIES LLC,2,23
5:00 MARKETING,2,4
7C'S CONSULTING,2,33
960532 EAST PORTLAND CARE CENTER,2,19
961855 HOMEWOOD ASSISTED LIVING,2,17
961869 MENLO PARK POST ACUTE,2,19
961873 WILLOWBROOK POST ACUTE,2,15
961883	TIMBERLINE POST ACUTE,2,16
A TO Z PARTY RENTAL,2,7
A&I DISTRIBUTORS,2,2
AA TOWING AND AUTO WRECKING,2,3
AARON BENDER,2,2
AARON BYNUM,2,2
AARON CARTER,2,11
AARON CLARK,2,11
AARON DEAS,2,2
AARON DESHAW,2,21
AARON DUMBROW,2,3
AARON GARRETT,2,3
AARON GREENE,2,2
AARON HANSEL,2,5
AARON MC ELLIGOTT,2,11
AARON RUFENER,2,5
AARON TRAVIS,2,3
ABBY FARBER,2,4
ABBY KELLNER-RODE,2,3
ABC ANALYTICS,2,3
ABC PRINTERS INC.,2,18
ABDULLAH AL-MASRI,2,4
ACE GUFFEY,2,2
ACI,2,3
ACTBLUE LLC,2,70
ACTBLUE.COM,2,2
ACTION SOLUTIONS,2,3
ACTIONNETWORK.ORG,2,4
ACTIVE MEDIA,2,3
ACTIVE MEDIA INC,2,14
"ACTIVEHOURS, INC",2,2
ACUITY INSURANCE,2,4
ADAM CAMPBELL,2,3
ADAM CUNNINGHAM,2,3
ADAM DAVIS,2,3
ADAM FRENCH,2,5
ADAM LEVITT,2,2
ADAM PETERSON,2,7
ADAM RUTLEDGE,2,2
ADAM ST PIERRE,2,11
ADAM'S RIB SMOKEHOUSE,2,14
ADAMS RIB SMOKEHOUSE,2,6
ADELA MALDONADO DE HEREDIA,2,4
ADELAIDA LARSEN,2,3
ADOBE,2,4
ADOBE INC,2,32
ADOBE INC.,2,27
ADP EASYPAY,2,36
ADRIAN WESTMARK,2,3
ADRIANA REPPELL,2,2
ADRIENNE SCRITSMIER,2,8
ADT,2,2
"ADVANTAGE, INC.",2,4
ADVANTIS CREDIT UNION,2,20
AERIEL JOHNSON,2,5
AFFORDABLE FRAMING,2,5
AFSCME,2,2
AFSCME LOCAL 1724,2,3
AG-PAC EDUCATIONAL SERVICES ASSOCIATION,2,2
AHMAD MOHAMMAD,2,6
AHMED FARAG,2,2
AIDAN WILLIS,2,3
AILEEN KAYE,2,18
AINSLEY DOLTON,2,6
"AIRBNB, INC",2,2
AISLING COGHLAN,2,2
AJAX MOODY,2,2
AKASHA LAWRENCE SPENCE,2,2
AKROS MARKETING,2,2
AL JUBITZ,2,4
ALAN COMNES,2,2
ALAN DEBOER,2,6
ALAN HARTFORD,2,8
ALAN KARPINSKI,2,3
ALAN RASMUSSEN,2,3
ALANA GRAVES,2,4
ALANA MONACO,2,20
ALANDO SIMPSON,2,5
ALASKA AIR,2,14
ALBERT BEST,2,2
ALBERT DAVIS,2,11
ALBERT NEWNAM,2,6
ALBERTO ENRIQUEZ,2,6
ALBERTSONS SAFEWAY/ALBERTSONS COMPANIES,2,5
ALDRICH CPAS  AND  ADVISORS LLP,2,28
ALDRICH CPAS + ADVISORS LLP,2,4
ALE & CIDER HOUSE,2,3
ALEC ERICKSON,2,11
ALECIA SWAIN,2,2
ALEJANDRO ALVARADO,2,11
ALEKSANDR VDOVICH,2,9
ALEX BARRETT,2,11
ALEX CHRISTENSEN,2,11
"ALEX JOHNSON, II",2,3
ALEX MILLER,2,3
ALEX NGUYEN,2,7
ALEX PALERMO,2,5
ALEX SEABOLD,2,2
ALEX SMITH,2,13
ALEXANDER AGHDAEI,2,3
ALEXANDER CAMBIER,2,2
ALEXANDER DAY,2,10
ALEXANDER MILLER,2,2
ALEXANDER RICHARDS,2,4
ALEXANDER TINKER,2,2
ALEXANDER WAGGONER,2,4
ALEXANDRA COMMUNICATIONS,2,3
ALEXANDRA NUNEZ,2,12
ALEXANDRIA J PRAHL,2,7
ALEXANDRIA JOHNSON,2,2
ALEXIA BLALOCK,2,2
ALEXIS GONZALEZ,2,9
"ALEXIS TRACY, ,",2,5
ALFONSO PINEDA,2,5
ALFRED MCSWAIN,2,7
ALICE JOHNSON,2,2
ALICE POWELL,2,4
ALICE TAYLOR,2,2
ALICIA BEYMER,2,5
ALICIA HERNANDEZ,2,10
ALICIA SHOCKMAN,2,2
ALIEXPRESS,2,4
ALIN MIHALTAN,2,5
ALISA OWEN,2,17
ALISHA B CHAVEZ,2,7
ALISON KETTENHOFEN,2,20
ALISON RICHARD,2,2
ALISON WILEY,2,2
ALLAN CHASE,2,2
"ALLCARE MANAGEMENT SERVICES, LLC",2,2
ALLEN ALLEY,2,6
ALLEN HANCOCK,2,3
ALLEN HOLSTEIN,2,3
ALLEN M SOLOMON,2,6
ALLEN MEYER,2,5
ALLEN NEIL DOTSON,2,6
ALLEN REGNIER,2,5
ALLEN-VESTMENTS LLC,2,4
ALLIANCE FOR A SAFE OREGON,2,3
ALLIANCE FORGE CORPORATION,2,7
ALLISON HALL,2,2
ALLISON HANDLER,2,5
ALLISON YEE,2,6
ALLYSON TINGLE,2,3
ALMA NELSON,2,8
"ALTRIA CLIENT SERVICES, LLC",2,5
ALYSHA HENDERSON,2,8
ALYSSA VASQUEZ,2,8
ALYSSE FURUKAWA,2,16
AMADOR BUSTOS,2,2
AMAL JABER,2,4
AMANDA DRAKE,2,9
AMANDA FRITZ,2,9
AMANDA GALLEGOS,2,2
AMANDA HAWES,2,2
AMANDA HUSTED,2,6
AMANDA LARSON,2,3
AMANDA NEITZEL,2,8
AMANDA OAKLEY,2,9
AMANDA PAGE,2,5
AMANDA RAYFIELD,2,8
AMANDA SQUIEMPHEN-YAZZIE,2,2
AMAYE INTERNATIONAL RESTAURANT,2,2
AMAZON.COM SERVICES INC.,2,3
AMBER APARICIO,2,14
AMERICAN LEGISLATIVE EXCHANGE COUNCIL,2,4
AMERICAN PRINTING,2,3
AMERICAN PROPERTY CASUALTY INSURANCE ASSOCIATION PAC,2,2
AMERICAN PROPERTY CAUSALITY INSURANCE ASSOCIATION,2,2
AMGEN INC STATE PAC,2,5
AMGEN INC. STATE PAC,2,4
AMIE WEXLER,2,6
AMISA BUNYEMU,2,10
AMOS PERRY,2,6
AMTRAK,2,2
AMTRUST NORTH AMERICA,2,2
AMY BRUNING,2,32
AMY DUDLEY,2,14
AMY EVANS,2,3
AMY FULLER,2,3
AMY HARRIS,2,11
AMY HURLIMAN,2,11
AMY JONES,2,10
AMY NGUYEN,2,2
AMY NICHOLS,2,6
AMY RENALDS,2,2
AMY ROSSMAN,2,4
AMY RYAN,2,3
ANA BRADLEY BAUTISTA,2,7
ANABEL RUIZ PEINADO,2,2
ANASTASIA BROWN,2,8
ANASTASIA CLUM,2,8
ANASTASIYA DOTSENKO,2,6
ANDERS GAMBLE,2,3
ANDIE PETKUS PHOTOGRAPHY,2,9
ANDREA BRAUN,2,2
ANDREA FRASER,2,2
ANDREA OTTOMAN,2,8
ANDREA PETKUS,2,4
ANDREAS BLECH,2,9
ANDREW A MCHADDAD,2,9
ANDREW BESSMER,2,3
ANDREW BRIAN JANKE,2,7
ANDREW COOK,2,5
ANDREW CURRY,2,31
ANDREW DOWLING,2,10
ANDREW ELLIS,2,12
ANDREW ENGEL,2,3
ANDREW FERGUSON,2,2
ANDREW FISHER,2,14
ANDREW FLEMING,2,4
ANDREW GAUDIN,2,11
ANDREW GORDIAN,2,13
ANDREW GOSS,2,8
ANDREW HANSEN,2,9
ANDREW HARRIS,2,3
ANDREW HULL,2,24
ANDREW JEAN-MARIE COLAS,2,2
ANDREW KENDRICK,2,11
ANDREW KIPP,2,20
ANDREW LARSEN,2,10
ANDREW LAUERSDORF,2,3
ANDREW MATTO,2,18
ANDREW MILLER,2,2
ANDREW MUTH,2,7
ANDREW RAGEN,2,2
ANDREW REED,2,3
ANDREW ROSALES,2,15
ANDREW RUTTER,2,11
ANDREW SCHPAK,2,4
ANDREW SCOTT,2,12
ANDREW STROBEL,2,16
ANDREW TURNER,2,10
ANDREW WILSON,2,18
ANDR¿¿S OSWILL,2,2
ANDY GREEN,2,2
ANDY MARKER,2,2
ANDY MARTIN,2,2
ANDY SMITH,2,2
ANGEL FALCONER,2,4
ANGELA ARAGON,2,8
ANGELA BOOTHROYD,2,6
ANGELA BRANDENBURG,2,4
ANGELA E MITCHELL MCVAY,2,7
ANGELA JACKSON,2,2
ANGELA JAMES,2,6
ANGELA M BONILLA,2,10
ANGELA OWENS,2,2
ANGELA PILEGGI,2,3
ANGELA RICO,2,3
ANGELA SCHMIDT,2,2
ANGELA TODD,2,5
ANGELA TOY,2,2
ANGELA VANKRAUSE,2,3
ANGELA WILLIAMS,2,2
ANGELA ZBIKOWSKI,2,3
ANGELITA MORILLO,2,9
ANGELITA SANCHEZ,2,8
ANGLE MASTAGNI,2,4
ANHEUSER - BUSCH COMPANIES,2,3
"ANHEUSER-BUSCH COS., INC.",2,2
ANITA GREGORY,2,11
ANITA KING,2,3
ANITA ROBICHAUD,2,2
ANITA RODGERS,2,2
ANJA FELTON,2,5
ANKERIDGE DAIRY,2,4
ANN BARDACKE,2,3
ANN BAUER,2,2
ANN CROSBY,2,2
ANN MARIE MEHLUM,2,2
ANN TRONCO,2,4
ANNA BRAUN,2,2
ANNA MOSER,2,6
ANNA MUNSON,2,6
ANNA NGUYEN,2,3
ANNABELLA FEROGLIA,2,8
ANNE BATZER,2,4
ANNE BRIDGMAN,2,3
ANNE FOSTER,2,2
ANNE HENRY,2,6
ANNE KENNEDY,2,12
ANNE NAITO-CAMPBELL,2,3
ANNIE HERZ,2,3
ANNIE NARANJO-RIVERA,2,4
ANNIE WAYLAND,2,3
ANOEL RINALDI,2,3
ANTHONY BROWN,2,7
ANTHONY COOK,2,8
ANTHONY EDWARDS,2,12
ANTHONY ELFORD,2,2
ANTHONY MEDINA,2,5
ANTHONY PEPITONE,2,2
ANTHONY RAMOS,2,2
ANTHONY WILSON,2,6
ANTJE HOWARD,2,2
ANTOINETTE OLSON,2,8
ANTONIO GERMANN,2,15
ANTONIO SUAREZ,2,5
ANTUCO CONSULTING LLC,2,22
"ANTUCO CONSULTING, LLC",2,8
ANYELEY HALLOVA,2,7
APANO ACTION FUND,2,4
APOLINAR MONTERO-SANCHEZ,2,5
APOLINAR MONTERO-S¿¿NCHEZ,2,15
APPLE STORE,2,6
APRIL DAVIS,2,2
APRIL KENNARD,2,2
APRIL SWAIN,2,8
ARCADIS,2,2
ARCO GAS,2,2
ARELY OROPEZA,2,12
ARIANE LE CHEVALLIER,2,2
ARIF KAREEM,2,2
ARISTOTLE INTERNATIONAL INC,2,19
"ARISTOTLE INTERNATIONAL, INC./AMAZON.COM SERVICES LLC",2,3
ARLEE HALL,2,5
ARLEN STAMBACK,2,2
ARLENE QUIJANO,2,8
ARNE CHERKOSS,2,3
ARNULFO MARAVILLA,2,2
ARON CARLESON,2,4
ARON PLANCARTE,2,5
ARTEM BELONOZHKO,2,3
ARTHUR BAILEY,2,10
ARTHUR CLARK,2,20
ARTHUR HUNG,2,2
ARTIST PROOF COLLECTIVE,2,3
ARTURO VELASQUEZ LICONA,2,7
ASCENT SURGERY CENTER LLC,2,2
ASH GROVE CEMENT COMPANY,2,2
ASHER HEALTH AND WELLNESS PLLC,2,4
ASHLEE ALBIES,2,2
ASHLEE KOOP,2,6
ASHLEE RHODES,2,10
ASHLEY BRITTNER,2,6
ASHLEY WU,2,11
ASHLEY ZARELLI,2,2
ASI ARDEN SOLUTIONS INC.,2,2
ASON YOUNG,2,5
ASPEN LAKES GOLF COURSE,2,4
ASTORIA FORD,2,2
ATHENA CANJURA,2,3
ATONEMENT LUTHERAN CHURCH,2,5
AU NGUYEN,2,8
AUBREY SIDDIQUI-CLOUD,2,7
AUDREY RASCHEIN,2,2
AUDREY WEINTZ,2,8
AURORA SACKOS,2,6
AUSTIN BERG,2,8
AUSTIN CRAFT,2,5
AUSTIN DEPAOLO,2,33
AUSTIN EDDY,2,3
AUSTIN FOLNAGY,2,32
AUSTIN HENSON,2,2
AUSTIN MORELAND,2,10
AUSTIN VALTIERRA-SCHROEDER,2,11
AUSTIN WEICHLEIN,2,2
AUTHORIZE.NET,2,9
AVERY LECLAIR,2,10
AVINIR KISLENKO,2,5
AVIS CAR RENTAL,2,2
AVISTA,2,9
AVISTA CORPORATION,2,3
B BOND STARKER,2,3
B. BOND STARKER,2,2
"B.L.A.Q. YOUTH, INC.",2,2
BABY DOLL PIZZA,2,2
BAILEY WARD,2,2
BAJA FRESH MEXICAN GRILL,2,3
BAKERTILLY,2,4
BAMBUZA VIETNAM KITCHEN,2,2
BANDON DUNES GOLF RESORT,2,11
BARBARA BELLAMY,2,3
BARBARA CRAIG,2,5
BARBARA DAVIS,2,6
BARBARA ESCAMILLA,2,6
BARBARA FATE CUTHBERT,2,3
BARBARA FULLER,2,17
BARBARA GEORGE,2,23
BARBARA HAIKAL,2,17
BARBARA KANZ,2,7
BARBARA KENNY,2,18
BARBARA MYERS,2,12
BARBARA PALMER,2,2
BARBARA REYNOLDS,2,2
BARBARA RICHARD,2,4
BARBARA SMITH WARNER,2,2
BARBARA SPEARS,2,3
BARBARA STEDMAN,2,2
BARBARA TATE,2,4
BARBARA TERNUS,2,4
BARBARA WARNER,2,2
BARBARA WILSON,2,3
BARBARA WOODFORD,2,3
BARGREEN ELLINGSON,2,11
"BARRETT COLLABORATIVE, LLC",2,2
BARRIO CATERING,2,3
BARRY CAIN,2,2
BARRY EDWARDS,2,3
BARRY HENSON,2,2
BARRY JOHNSON SMITH,2,2
BARRY RABER,2,2
BART DICKSON,2,3
BASIC RIGHTS EDUCATION FUND,2,41
BAY AREA CHAMBER OF COMMERCE,2,3
BEACH PACE,2,2
BEATRICE DAVIS,2,2
BEATRICE MICHEL,2,4
BEAU JENSEN,2,5
BEAU KAPP,2,2
BEAU REITZ,2,4
BEAVERTON AREA CHAMBER OF COMMERCE,2,3
BEAVERTON HONDA,2,2
BEAVERTON NISSAN,2,2
BEAVERTON TOYOTA,2,2
BECK CAMERON,2,11
BECKI TROWBRIDGE,2,2
BEN SCHIMMOLLER,2,2
BEN WATTS,2,2
BEND PARK AND REC,2,2
BENDAGO KOPMAN,2,7
BENEFICIAL STATE BANK,2,62
BENJAMIN BROWN,2,3
BENJAMIN GREEN,2,11
BENJAMIN GRIEB,2,2
BENJAMIN NIELSEN,2,3
BENJAMIN PARKS,2,4
BENJAMIN PRAY,2,2
BENJAMIN ROCHE,2,17
BENJAMIN VANDERKOOI,2,2
BENJAMIN WATTS,2,2
BENTLEY'S,2,2
BERNARD WANG,2,2
BERNARD YOUNG,2,4
BERNICE FRANKLIN,2,4
BERNITA MATHER,2,3
BESS WILLS,2,9
BESSIE WILLS,2,2
BEST LITTLE ROADHOUSE,2,5
BEST WESTERN NEW OREGON,2,7
BEST WESTERN PLUS HOOD RIVER INN,2,4
BETH BERNARD,2,20
BETH ORCHARDS,2,2
BETSY BERGSTEIN,2,3
BETSY BERRY RIDDELL,2,6
BETSY HEGE,2,6
BETTER WORLD,2,9
BETTY CALDWELL,2,25
BETTY HART,2,3
BETTY IZUMI,2,2
BETTY MALONE,2,7
BETTY SPARKS,2,7
BEVERLY DELEONARDIS,2,6
BEVERLY HOEFFER,2,4
BEYOND TOXICS,2,5
BH SOCIAL REHAB HOLDINGS,2,3
BH SOCIAL REHAB HOLDINGS LLC,2,2
"BH SOCIAL REHABS HOLDINGS, LLC",2,6
BIGFOOT BEVERAGES,2,3
BILL BAGNALL,2,9
BILL KENNEMER,2,2
BILL.COM,2,27
BIN CHEN,2,3
BITA ZAVARI,2,2
BLACK MARKET GOURMET,2,4
BLAINE WILLSON,2,9
BLAIR STRUBLE,2,3
BLAIR WALTER,2,16
BLAKE ANDROFF,2,2
BLAKE ERVIN,2,5
BLAKE WHITNEY,2,7
BLANE BELVEAL,2,2
BLUE SPROCKET BROKERAGE LLC,2,9
"BLUFFTON FOOT AND ANKLE, LLC",2,3
BLYTHE ENGEN,2,2
BMS TECHNOLOGIES,2,23
BMW OF PORTLAND,2,2
BOB LEFEBER,2,2
BOB PALMER,2,4
BOB STANEK,2,2
BOB STRINGHAM,2,16
BOB THOMAS,2,3
BOB VANDIVER,2,3
BOB WEINSTEIN,2,4
BOBBIE REGAN,2,3
BODEN TWENGE,2,11
BON APPETIT,2,3
BOND STARKER,2,4
BONNIE HELPENSTELL,2,2
BONNIE KRAMER,2,3
BONNIE MACDONALD,2,2
BONNIE NEW,2,13
BONNIE REAGAN,2,10
BONNIE SEVERSON,2,7
"BOSHART TRUCKING, INC.",2,5
BOUNTIFUL FARMS NURSERY INC.,2,8
BRACKEN MCKEY,2,2
BRAD CHVATAL,2,2
BRAD FLOWERS,2,6
BRAD FULGHAM,2,6
BRADEN LACOMBE,2,5
BRADEN POMEROY,2,11
BRADFORD TAYLOR,2,4
BRADLEY CROUCH,2,5
BRADLEY HESTER,2,3
BRADLEY JUHL,2,7
BRADY PRIGG,2,2
BRADY WHITTAKER,2,4
BRANDI TUCK,2,12
BRANDIE FOSTER,2,4
BRANDON BALDOCK,2,11
BRANDON DAUN,2,11
BRANDON FISHER,2,9
BRANDON GUSTAVESON,2,6
BRANDON HOFFMAN,2,10
BRANDON HUNT,2,2
BRANDON MICHAUD,2,10
BRANDON SCHWINDT,2,2
BRANDY CLUCKEY,2,7
BRANDY STEELHAMMER,2,2
BRENDA APPLETON,2,3
BRENDA JOHNSON,2,2
BRENDAN MURPHY,2,4
BRENDAN SANCHEZ,2,4
BRENNAN SCHILLING,2,4
BRENNER & COMPANY LLP,2,5
BRENT BAGLIEN,2,2
BRENT BARKER,2,4
BRENT HUTCHINGS,2,2
BRENT SCHAFER,2,5
BRENT SHORES,2,11
BRENT TOLVSTAD,2,9
BRENTLEY BULLOCK,2,2
BRENTON WALDRUPE,2,6
BRET CECIL,2,17
BRETT ANDERSON,2,2
BRETT BAYLOR,2,5
BRETT BROWN,2,5
BRIAN ANDERSON,2,16
BRIAN AYRES,2,5
BRIAN BISHOP,2,3
BRIAN BURROUGH,2,11
BRIAN CONLEY,2,7
BRIAN COOK,2,3
BRIAN COTE,2,3
BRIAN DETMAN,2,6
BRIAN DOYLE,2,2
BRIAN FEENEY,2,3
BRIAN FLORES TORRES,2,3
BRIAN GRAY,2,7
BRIAN HACKETT,2,4
BRIAN HOOP,2,2
BRIAN JOHNSON,2,5
BRIAN JOHNSTON,2,3
BRIAN JONES,2,4
BRIAN LATHEN,2,18
BRIAN MCDONALD,2,12
BRIAN METCALFE,2,8
BRIAN MOORE,2,12
BRIAN REEDER,2,2
BRIAN RUST,2,2
BRIAN SCHMONSEES,2,2
BRIAN SCHUYLER,2,7
BRIAN STEWART,2,4
BRIAN WATKINS,2,2
BRIAN WILSON,2,16
BRIAN YOUNG,2,4
BRIANNA BURGIN,2,11
BRIANNA MURPHY,2,10
BRIC ARCHITECTURE INC,2,2
BRIDGER LANNING,2,2
BRIDGET BROOKS,2,3
BRIDGET JACKSON,2,2
BRIDGET O'MALLEY,2,2
BRIDGEVIEW SIGNS,2,4
BRISTOL MEYERS SQUIBB,2,2
"BRISTOL MEYERS SQUIBB/E.R. SQUIBB & SONS, LLC",2,4
BRISTOL MYERS SQUIBB,2,2
BRISTOL-MYERS SQUIBB COMPANY,2,5
BRITTANY JONES,2,2
BRITTON CONROY,2,3
BROCK HERRIGES,2,3
BROCK HOUSTON,2,6
BROOK REINHARD,2,2
BROOKE GELFAND,2,3
BROOKS GINGERICH,2,2
BRUCE ADAMS,2,4
BRUCE BAILEY,2,7
BRUCE BARRETT,2,2
BRUCE BARROW,2,2
BRUCE BOWEN,2,3
BRUCE CARSTENSEN,2,2
BRUCE DECKER,2,3
BRUCE DEVLIN,2,2
BRUCE ERICKSON,2,4
BRUCE HANNA,2,3
BRUCE HECHT,2,9
BRUCE HORWATH,2,10
BRUCE NGUYEN,2,2
BRUCE PETTET,2,2
BRUCE RUSSELL,2,5
BRUCE SCHERER,2,3
BRUCE STARR,2,21
BRUCE TUFTS,2,3
BRUCE VAN ZEE,2,2
BRYAN CONTRERAS MORENO,2,8
BRYAN STARR,2,3
BRYCE BOYLE,2,11
BRYCE KADING,2,11
BRYCE MCNATT,2,3
BRYCE WILLCOX,2,2
BRYNNA LORING,2,2
BRYSON BRANCH,2,4
BRYTTNIE MATSUO,2,5
BUICK GMC OF BEAVERTON,2,2
BUILDASIGN,2,2
BUILDING POWER FOR COMMUNITIES OF COLOR,2,5
BUMPERS BAR & GRILL,2,6
BURNETT MEDIA GROUP,2,63
BUSINESS FOR COMMUNITY,2,4
BUSINESSES FOR COMMUNITY,2,7
"BUZZ360, LLC",2,2
C.J. GRAVES,2,6
CADDY MCKEOWN,2,9
CADENCE WILLIAMS,2,2
CAITLYN BIENIAK,2,11
CALENDLY LLC,2,2
CALI CRAWFORD,2,11
CALLTIME.AI,2,29
"CAMAS CREEK, LLC",2,6
CAMERON CARTER,2,23
CAMERON CRONE,2,11
CAMERON EWRY,2,11
CAMERON FISCHER,2,5
CAMERON SMITH,2,3
CAMILO MONCADA,2,8
CAMPAIGN FOR EQUAL JUSTICE,2,2
CAMPAIGN HQ,2,7
CAMPAIGN NUCLEUS LLC,2,4
CAMPAIGN VERIFY,2,3
"CAMPAIGN VERIFY, INC.",2,2
CANBY-MOLALLA SPINE & SPORT,2,2
CANDACE AVALOS,2,3
CANDICE ANDERSON,2,3
CANDICE ERICKSON,2,3
CANVA INC.,2,9
CANVA PTY LTD,2,4
"CANVA US, INC.",2,4
"CANVA, INC",2,2
CANVA.COM,2,2
CAPITOL CHEVROLET,2,2
CAPITOL GIFT SHOP,2,15
CAPTIVATING PHOTOGRAPHY,2,2
CARA FISCHER,2,7
"CARDINAL SERVICES, INC.",2,25
CARINA PEREZ EUROPA,2,5
CARL BJERRE,2,10
CARL BYBEE,2,2
CARL CHRISTOFERSON,2,2
CARL D. JOHNSON TRUST,2,6
CARL FISHER CONSULTING LLC,2,19
CARL MACPHERSON,2,4
CARL RADAVICH,2,11
CARLA CHAMBERS,2,23
CARLA ROBERTSON,2,2
CARLA WIGLE,2,2
CARLENE BENSON,2,16
CARLOS BARRERA,2,2
CARLOS MARTINEZ,2,5
CARLOS OLIVA,2,5
CARLOS TUMAX,2,10
CARLTON NORTH,2,21
CARMA MORNARICH,2,2
CARMEN MATTHEWS,2,2
CAROL ACKERSON,2,2
CAROL BUTLER,2,2
CAROL CARLSON,2,9
CAROL CARPENTER,2,2
CAROL LEUTHOLD,2,8
CAROL LOUGHNER,2,3
CAROL NELSON,2,8
CAROL SHENK,2,2
CAROL SUZUKI,2,6
CAROL TRUEBA,2,12
CAROL WALLACE,2,8
CAROLE ALEXANDER,2,2
CAROLINE BORDUIN,2,5
CAROLYN JACKSON,2,2
CAROLYN JONES,2,4
CAROLYN KELLY,2,3
CAROLYN MAYERS,2,8
CAROLYN MILLER,2,23
CAROLYN NGUYEN,2,3
CAROLYN WOOD,2,5
CARRIE HUFFMAN,2,2
CARRIE JOHNSON,2,8
CARVANA LLC,2,4
"CARVANA, LLC",2,2
CARY THOMPSON,2,3
CASCADE CAMPAIGN COMPLIANCE,2,8
CASCADE HOME CENTER,2,5
"CASCADE TIMBER CONSULTING, INC.",2,4
CASEY ALDRICH,2,3
CASEY BROWN,2,7
CASEY HUSK,2,4
CASEY MANFRIN,2,3
CASEY PINK,2,2
CASEY TOLVSTAD,2,10
CASEY WESTLAKE,2,5
CASEY'S RESTAURANT,2,3
CASSANDRA HOLT,2,4
CASSANDRA HOWE,2,2
CASSI LEIGHT PETRUS,2,9
CAT ZWICKER,2,8
CATHERINE BRINER,2,2
CATHERINE CUMMINGS,2,6
CATHERINE DORNER,2,40
CATHERINE HOLLAND,2,2
CATHERINE O'BRIEN,2,3
CATHERINE REINHART,2,2
CATHERINE SIMARD,2,16
CATHERINE SMITH,2,21
CATHERINE SWEENEY,2,2
CATHERINE ZWICKER,2,3
CATHY A HUMMEL,2,3
CATHY HOWELL,2,13
CATHY KEATHLEY,2,2
CATHY SHERICK,2,2
CATHY TRAVIS,2,2
CAYSI ROBERTSON,2,3
CECELIA CAPUZZI,2,10
CECELIA GOODNIGHT,2,2
CEDAR HOUSE MEDIA,2,2
CEILAKHA SREY,2,11
CELINE FITZMAURICE,2,2
CENTRAL OREGON BUILDING & CONSTRUCTION TRADES COUNCIL,2,3
"CENTRAL OREGON ENT, LLC",2,5
CENTRAL PRINT & REPROGRAPHIC SERVICES,2,14
CENTRAL WILLAMETTE CREDIT UNION,2,4
CENTRO CULTURAL DE WASHINGTON COUNTY,2,4
CENTRO CULTURAL DEL CONDADO DE WASHINGTON,2,3
CERVANDO VELADOR,2,4
CHAD BINGHAM,2,4
CHAD HANSEN,2,2
CHAD INGENTHRON,2,9
CHAD NELSON,2,3
CHAD OLNEY,2,2
CHAD REINKENS,2,2
CHAD STAVLEY,2,18
CHAIM WOLIN,2,11
CHALICE SAVAGE,2,2
CHAMBERS CONSTRUCTION,2,2
CHAMPAGNE CREEK RANCH,2,3
CHANCE STOCK,2,5
CHANLY BOB,2,3
CHANTHA SENG,2,9
CHAPTERS LLC,2,2
CHARBONNEAU COUNTRY CLUB,2,2
CHARLES BRANEN,2,2
CHARLES BUBL,2,2
CHARLES BUTLER,2,8
CHARLES GAETZE,2,3
CHARLES HENDERSON,2,3
CHARLES J SWINDELLS,2,2
CHARLES MCGEE,2,4
CHARLES NUGENT,2,2
CHARLES SHIRTZ,2,11
CHARLES SMITH,2,10
CHARLES STERINGER,2,4
CHARLES SWANSON,2,24
CHARLES TARGETT,2,3
CHARLES TAUMAN,2,2
CHARLES WEBSTER,2,2
CHARLES WHITE,2,6
CHARLOTTE DUNCAN,2,29
CHARTER,2,3
CHASE ANDERSON,2,5
CHASE LEE,2,4
CHEHALEM CULTURAL CENTER,2,3
CHEHALIS KINDRED-NGUYEN,2,4
CHELSEA KING,2,6
CHEMEKETA COMMUNITY COLLEGE,2,2
CHERI BRUBAKER,2,4
CHERYL GRABHAM,2,3
CHERYL HOAR,2,2
CHERYL MYERS,2,3
CHERYL RANDALL,2,5
CHERYL WYBORNY,2,5
CHET PETERSEN,2,3
CHEVROLET GMC OF MADRAS,2,2
CHEYANNE BOEN,2,9
CHI NELSON PHOTOGRAPHY,2,3
CHIPOTLE,2,2
CHRIS ANDERSON,2,4
CHRIS BAYHAM,2,2
CHRIS BURTON,2,6
CHRIS CAZARES,2,7
CHRIS CUMMINGS,2,2
CHRIS DUSSIN,2,3
CHRIS MACK,2,3
CHRIS MAGANA,2,2
CHRIS MOUDRY,2,2
CHRIS ROBINSON,2,4
CHRIS TEBBEN,2,18
CHRIS THURSTON,2,2
CHRIS TURNER,2,18
CHRISTENSEN ELECTRIC COMPANY,2,32
CHRISTI GOODMAN,2,2
CHRISTIAN AGUINAGA,2,3
CHRISTIAN DANIELSEN,2,2
CHRISTIAN GASTON,2,2
CHRISTIAN HARKER,2,18
CHRISTIAN HONL,2,4
CHRISTIAN JORGENSEN,2,11
CHRISTIAN NOLKE,2,2
CHRISTIAN WIHTOL,2,3
CHRISTIANNE ANCHETA,2,5
CHRISTINA BLATCHFORD,2,2
CHRISTINA KLINE,2,2
CHRISTINA SMITH,2,3
CHRISTINA UTTER,2,5
CHRISTINE BOYD,2,2
CHRISTINE DAWSON,2,5
CHRISTINE DEMOLL,2,2
CHRISTINE DRAZAN,2,3
CHRISTINE ERGUIZA,2,8
CHRISTINE HERTZOG,2,2
CHRISTINE LEWIS,2,6
CHRISTINE MILES,2,3
CHRISTINE NOLF,2,3
CHRISTINE S BOYD,2,3
CHRISTOPHER BILSBORROW,2,5
CHRISTOPHER BURTON,2,11
CHRISTOPHER BUTLER,2,2
CHRISTOPHER CARPENTER,2,6
CHRISTOPHER CAUBLE,2,20
CHRISTOPHER CLARK,2,21
CHRISTOPHER COOPER,2,14
CHRISTOPHER COX,2,11
CHRISTOPHER CUNNINGHAM,2,5
CHRISTOPHER FRIEND,2,2
CHRISTOPHER GREENE,2,9
CHRISTOPHER GRIFFIN,2,6
CHRISTOPHER HILL,2,21
CHRISTOPHER HOLLAND,2,9
CHRISTOPHER HOY,2,8
CHRISTOPHER LAWSON,2,3
CHRISTOPHER LOPEZ,2,41
CHRISTOPHER MCCORMACK,2,2
CHRISTOPHER MOORE,2,4
CHRISTOPHER OLSON,2,3
CHRISTOPHER PAREN,2,11
CHRISTOPHER ROCKWOOD,2,6
CHRISTOPHER SALO,2,2
CHRISTOPHER SCHWEIZER,2,32
CHRISTOPHER STOHLER,2,7
CHRISTOPHER VANAKEN,2,11
CHRISTOPHER WARNER,2,11
CHRISTOPHER WARREN,2,5
CHRISTOPHER WHITE,2,18
CHRISTOPHER WILLIAMS,2,11
CHRISTOPHER WILSON,2,13
CHRISTOPHER WITTMAYER,2,8
CHRISTOPHER WOLFE,2,9
CHRISTOPHER WOOD,2,2
CHRISTY LEWIS,2,10
CHRYS MARTIN,2,3
CIARA MORRIS,2,2
CIATTA THOMPSON,2,9
CINDY BETHELL,2,27
CINDY FINCHER,2,5
CINDY JOHNSON,2,2
CINDY JONES,2,12
CINDY LACHESTER,2,6
CINDY REESE,2,2
CINDY ROBERT,2,5
CINDY SAWYER,2,3
CING NUAM,2,10
CITIZENS BANK,2,41
CITY OF INDEPENDENCE,2,2
CITY OF MEDFORD,2,3
CITY OF NORTH BEND,2,2
CITY OF PORTLAND OPEN AND ACCOUNTABLE ELECTIONS,2,3
CITY OF WINSTON,2,4
CJ MANN,2,5
CKG INC.,2,2
CLACKAMAS COUNTY BANK,2,39
CLACKAMAS COUNTY CLERK,2,4
CLACKAMAS WOMEN'S SERVICES,2,2
CLAIRE CORWIN KORDOSKY,2,7
CLAIRE CULMER,2,20
CLAIRE HALL,2,2
CLAIRE LAWRENCE,2,2
CLARA SILVA,2,5
"CLARENCE BISHOP, III",2,2
CLARK NELSON,2,8
CLATSOP COUNTY FAIR BOARD,2,5
CLATSOP DISTRIBUTING CO.,2,8
CLAUDIA BLACK,2,22
CLAUDIA CARMICHAEL,2,2
CLAUDIA MENDEZ HERNANDEZ,2,8
CLAY MCCASLIN,2,16
CLAY SULLIVAN,2,9
CLEARME.COM,2,3
CLIFF KOHLER,2,2
CLINT DECKER,2,6
CLINT NEWELL AUTO GROUP,2,2
CLINTON CARLSON,2,8
CLR PUBLISHING/NORTHWEST EXAMINER,2,3
CLYDE HOLLAND,2,2
CLYDE WOLF,2,3
CM HALL,2,2
CMG OREGON,2,4
CMG OREGON NEWSPAPERS,2,13
CMGEO OREGON LLC,2,4
CNA SURETY,2,3
COALITION OF COMMUNITIES OF COLOR,2,4
COAST BROADCASTING DBA KCST RADIO,2,5
COAST PRINTING & STATIONARY,2,12
COAST RADIO,2,8
COASTAL,2,2
COBALT CREATIVE DIGITAL MARKETING,2,2
COCHRAN ELECTRIC CO. INC.,2,44
CODY GRAHN,2,5
CODY GRAMS,2,11
CODY MARTIN,2,4
CODY MILLER,2,10
CODY THILL,2,10
COINBASE CORPORATION,2,3
COLBY BONNER,2,10
COLBY NYSETH,2,4
COLBY RADER,2,10
COLBY SUNDERLAND,2,4
COLDEN EAR NOSE THROAT  AND  ALLERGY LLC,2,3
COLE JOHNSON,2,2
COLE MARCHANT,2,5
COLENE MARTIN,2,7
COLETTE BOEHMER,2,3
COLIN MULLANE,2,4
COLLECTIVE ADVANTAGE STRATEGY LLC,2,21
COLLEEN IRWIN,2,7
COLTON CUNNINGHAM,2,5
COLTON MORRIS,2,6
COLUMBIA COUNTY ELECTIONS,2,3
COLUMBIA COUNTY FAIRGROUNDS,2,3
COLUMBIA GORGE FOOD BANK,2,2
COLUMBIA GORGE HOTEL,2,3
COLUMBIA RIVER HOTEL,2,4
COLUMBIA SPORTSWEAR COMPANY,2,3
COMCAST FINANCIAL AGENCY CORPORATION,2,6
COMFORT INN & SUITES,2,2
COMMERCIAL ASSOCIATION OF BROKERS,2,4
COMMON FIELDS,2,3
COMMUNITY FOR A THRIVING OREGON,2,2
COMMUNITY LABOR ADMIN MOBILIZE,2,7
COMMUNITY LABOR ADMINISTRATIVE SERVICE,2,6
COMMUNITY RIGHTS LANE COUNTY,2,3
CONDUIT PICTURES LLC,2,2
CONFEDERATED TRIBES OF THE GRAND RONDE,2,2
CONFEDERATED TRIBES OF THE UMATILLA RESERVATION,2,4
CONNIE KRUMMRICH,2,2
CONNIE PETERSON,2,8
CONNOR CLEMENTS,2,2
CONNOR HARRINGTON,2,10
CONNOR LENNON,2,6
CONSERVATIVE SOLUTIONS,2,30
CONVERTIZING LTD,2,2
COOS BAY CATALYST LLC,2,2
COOS COUNTY FAIR,2,4
COPY RITE PRINTING,2,5
COQUILLE INDIAN TRIBE - TRIBAL GOVERNMENT,2,2
CORBIN FORD,2,8
CORBY CAMPBELL,2,5
COREN M RAU,2,8
COREY RUDOLPH,2,2
CORINDA HANKINS ELLIOTT,2,3
CORNELIA LEVY-BENCHETON,2,3
CORNELL SPATACIAN,2,11
CORNERSTONE PROPERTY MANAGEMENT,2,2
CORY FAST,2,8
CORY JOHNSON,2,7
CORY MILLER,2,28
CORY RONDEMA,2,6
CORY WALL,2,6
COSTCO - CLACKAMAS,2,5
COSTCO WHOLESALE CORPORATION,2,3
"COUNTRY MEDIA, INC",2,3
COURT BOICE,2,2
COURTNEY ANGELI,2,5
COURTNEY BANGS,2,2
COURTNEY DILLARD,2,2
COURTNEY JESKO,2,11
COURTNEY VERONNEAU,2,5
COURTNEY VOSS,2,10
COUSINS COUNTRY INN,2,5
COZY TABERINA,2,2
CPH INSURANCE,2,2
CRAIG ANDERSON,2,15
CRAIG BORETZ,2,3
CRAIG JOHNSON,2,13
CRAIG MARKHAM,2,16
CRAIG PETERSON,2,2
CRAIG REEDER,2,2
CRAIG ROBERTS,2,3
CRAIG SMITH,2,6
CRAIG SPINKS,2,2
CRAIG WANICHEK,2,6
CRAIGSLIST CHARITABLE FUND,2,2
CRISTAL DEJARNAC,2,4
CRISTOBAL CORIA,2,11
CROOK COUNTY FAIRGROUNDS,2,3
CRYSTAL CASTLE GRAPHICS,2,3
CRYSTAL O'GRADY,2,2
CRYSTAL SHOJI,2,3
CURRENT ELECTRICAL CONSTRUCTION CO.,2,2
CURRY PUBLIC LIBRARY,2,4
CURT BLACKBURN,2,2
CURT MULLIN,2,16
CUSTOM PRINTS,2,2
CUTLER NELSON,2,5
CV LINENS,2,2
"CVS PHARMACY, INC.",2,2
CYNTHIA CONDON,2,3
CYNTHIA CRISTOFANI,2,2
CYNTHIA FISHER,2,2
CYNTHIA JACOBI,2,5
CYRUS JAVADI,2,3
DACIA GRAYBER,2,2
DAILY COURIER,2,3
DAILY RECEIPTS EARMARKED FOR NAR PORTION,2,167
DAILY RECEIPTS EARMARKED FOR PORTLAND METRO 7090,2,10
"DAILYPAY, LLC",2,4
DAISY DESIGN,2,4
DALE ANDERSON,2,12
DALE CLAUDEL,2,2
DALE EVERS,2,2
DALE FEIK,2,5
DALE HUSKEY,2,11
DALE RIDDLE,2,3
DALLAS CINEMA,2,2
DALLAS UNITED METHODIST CHURCH,2,2
DALLIN LEE,2,4
DALONY ARMSTRONG,2,10
DAMIAN IDIART,2,20
DAMIEN GANNAWAY,2,5
DAMIEN MUNSINGER,2,18
DAMIEN THORNE,2,5
DAN BATES,2,10
DAN DORRAN,2,2
DAN HARMON,2,3
DAN HOUF,2,2
DAN JARMAN,2,3
DAN MEEK,2,2
DAN PAHLISCH,2,2
DAN ROWAN,2,2
DAN RYAN,2,4
DAN WILSON,2,2
DANA DICKINSON,2,5
DANA FLEMING,2,3
DANA FOX,2,3
DANA HANSON,2,6
DANA HINDMAN-ALLEN,2,3
DANA MASON,2,2
DANA PETRE-MILLER,2,18
DANE KJORNES,2,11
DANELL GIUSTINA,2,5
DANIEL BRASE,2,3
DANIEL BROWN,2,2
DANIEL CAGE,2,2
DANIEL CLARK,2,3
DANIEL CORCORAN,2,8
DANIEL CUFFE,2,2
DANIEL DECILLIS,2,2
DANIEL DEUTSCH,2,6
DANIEL DEYOUNG,2,2
DANIEL DIAZ,2,3
DANIEL DORN,2,3
DANIEL FERNANDEZ,2,11
DANIEL G BONHAM,2,15
DANIEL GANDEE,2,2
DANIEL HAYES,2,2
DANIEL HENSON,2,4
DANIEL JOHNSON,2,11
DANIEL LEMLEY,2,11
DANIEL MENSHER,2,2
DANIEL MUMMEY,2,2
DANIEL RADATTI,2,2
DANIEL RAMOS HARVEY,2,4
DANIEL RAYFIELD,2,15
DANIEL ROWE,2,4
DANIEL SKOTTE,2,5
DANIEL WEST,2,5
DANIELLE NYE,2,6
DANIELLE ROSS,2,4
DANNELLE D STEVENS,2,8
DANNELLE STEVENS,2,11
DANNY JOHNSON,2,17
DANNY SHIELDS,2,11
DANNY WITHERS,2,3
DANU WINES,2,4
DARBY COLLINS,2,2
DARCI CIMINO,2,7
DARCY SEXSON,2,2
DARIN HENRY,2,2
DARIN SANDS,2,11
DARLENE CHIRMAN,2,6
DARLENE PASIECZNY,2,2
DARRELL SKONDIN,2,14
DARREN CLOW,2,3
DARREN SPARKS,2,7
DARRIN ORR,2,7
DARRIN WILSON,2,8
DARYL ROBISON,2,2
DAVE DAVIS,2,2
DAVE MCTEAGUE,2,2
DAVE SMITH,2,2
DAVID ANGELI,2,4
DAVID ASHBY,2,6
DAVID BARNETT,2,16
DAVID BARNEY,2,4
DAVID BASARGIN,2,11
DAVID BAUER,2,5
DAVID BENSON,2,2
DAVID BOONE,2,2
DAVID BURNETT,2,3
DAVID BURNS,2,8
DAVID CARLSON,2,2
DAVID CAUBLE,2,3
DAVID CONANT-NORVILLE,2,2
DAVID COSPER,2,8
DAVID DERBY,2,11
DAVID DOLAN,2,2
DAVID EFAW PRODUCTIONS,2,5
DAVID ELTON,2,4
DAVID ELTRINGHAM,2,6
DAVID EMAMI,2,2
"DAVID EVANS AND ASSOCIATES, INC.",2,2
DAVID FOX,2,2
DAVID FRYEFIELD,2,3
DAVID FUNK,2,5
DAVID G SUGAR,2,2
DAVID GARDNER,2,12
DAVID GRAY,2,4
DAVID GREMMELS,2,3
DAVID HAUN,2,9
DAVID HAZELL,2,3
DAVID HELMAN,2,3
DAVID HILLER,2,3
DAVID HOUGHTON,2,2
DAVID HUNTER,2,11
DAVID KANG,2,3
DAVID KASHUBA,2,3
DAVID KEYTE,2,2
DAVID LARSEN,2,2
DAVID LEONARD,2,3
DAVID LEVINE,2,4
DAVID LEVY,2,3
DAVID LINTHORST,2,18
DAVID LOHMAN,2,3
DAVID MCBRIDE,2,3
DAVID MEDFORD,2,3
DAVID MENSCHEL,2,5
DAVID MICHELSON,2,16
DAVID MILLER,2,2
DAVID MONTGOMERY,2,3
DAVID MOORE,2,2
DAVID NEWTON,2,11
DAVID NICHOLS,2,11
DAVID NOONER,2,3
DAVID NYGAARD,2,2
DAVID PASTOR,2,2
DAVID PAYNE,2,16
DAVID PERLENFEIN,2,2
DAVID PILE,2,4
DAVID PITTS,2,3
DAVID POLLOCK,2,2
DAVID RACO,2,6
DAVID RAMKU,2,2
DAVID RAMOS,2,4
DAVID ROBINSON,2,2
DAVID ROGERS,2,22
DAVID SHARYAN,2,4
DAVID SHEA,2,5
DAVID SIMPSON,2,2
DAVID SQUIRE,2,3
DAVID SUTTON,2,3
DAVID SWAN,2,11
DAVID THOMASON,2,2
DAVID TWOMBLY,2,2
DAVID VERNIER,2,4
DAVID WALLACE,2,7
DAVID WHITE,2,2
DAVID WISHART,2,9
DAVID WRIGHT,2,13
DAVID YOUNG,2,3
"DAVIS GLASS, INC.",2,2
DAVIS WRIGHT TREMAINE LLP,2,3
DAVITA INC.,2,2
DAWN BRANUM,2,9
DAWN MCCLASKEY,2,5
DAWN PATRICK,2,9
DAYNIGHT DONUTS,2,5
DEAN ALDRICH,2,14
DEAN CLARK,2,11
DEAN DUNCAN,2,10
DEAN MANNIX,2,11
DEAN WERTH,2,2
DEANNA FULLER,2,2
DEANNA SICKLER,2,4
DEB GAISFORD,2,18
DEB PATTERSON,2,20
DEBBIE PLAWNER,2,2
DEBBIE RADIE,2,13
DEBORAH BESSMER,2,3
DEBORAH BOOTHE-SCHMIDT,2,2
DEBORAH BUTLER,2,4
DEBORAH HOWARD,2,2
DEBORAH KAFOURY,2,2
DEBORAH KOZAR DUUS,2,3
DEBORAH LARSEN,2,2
DEBORAH MOLES,2,5
DEBORAH MURPHY,2,5
DEBORAH PIERCE,2,20
DEBRA BAKER,2,4
DEBRA BRIDGES,2,2
DEBRA COSTA,2,2
DEBRA DORITY,2,3
DEBRA GISRIEL,2,4
DEBRA JOB,2,6
DEBRA POUPARD,2,2
DEBRA STEGMAN,2,8
DEBRA VALENTINE,2,3
DEE BURCH,2,2
DEIDRE TOKIWA,2,6
DEINA UNDERHILL,2,11
DEL FOX,2,16
DELANEY DIXON,2,10
DELENE & CO.,2,2
DELOITTE POLITICAL ACTION COMMITTEE,2,9
DEMARA TANK,2,9
DEMOCRATIC LIEUTENANT GOVERNORS ASSOCIATION,2,7
DEMOCRATIC PARTY OF OREGON (FEC ID C00188367),2,2
DEMOCRATIC PARTY OF OREGON (FEDERAL PAC),2,5
DEMOCRATIC SOCIALISTS OF AMERICA,2,2
DEMOCRATS FOR EDUCATIONAL EQUITY,2,2
DEMOND WASHINGTON,2,8
DENA LOCKWOOD,2,12
DENISE CAIRE,2,17
DENISE JOHNSON,2,14
DENNIS BEETHAM,2,11
DENNIS DOHERTY,2,2
DENNIS GHELFI,2,6
DENNIS JOHNSON,2,5
DENNIS M HITCHCOCK,2,14
DENNIS MORGAN,2,4
DENNIS PAHLISCH,2,2
DENNIS RAMSEY,2,3
DENNIS SMITH,2,2
DENNIS TOOHEY,2,2
DENNIS TOWER,2,2
DENNIS YOUNG,2,11
DENYSE MCGRIFF,2,11
DEREK HYLTON,2,5
DEREK S JOHNSON,2,11
DEREK WILLIAMS,2,15
DERICK DICKENSON,2,5
DERRICK KITTS,2,19
"DESCHUTES BREWERY, INC.",2,3
DESCHUTES COUNTY FAIR & RODEO,2,4
DESIGN POINT INC,2,4
DESIRAE MCNUTT,2,2
DESIREE TERTROU,2,5
DESTINY GEORGE,2,3
DEVAN FAHSHOLZ,2,2
DEVANI SCHEIDLER,2,2
DEVCO MECHANICAL,2,3
DEVIN BRENNEKE,2,5
DEVIN LA BARRE,2,11
DEVIN MULLINS,2,2
DEVIN ROBINSON,2,20
DEVIN ZUPAN,2,6
DEVON NEALEY,2,11
DEVONTAE RATZLAFF,2,11
DEWANNA ZELLER,2,3
DIANA BIANCO,2,2
DIANA GORDON,2,4
DIANA HELM,2,2
DIANA REMPE,2,9
DIANE ANDRIKOPOULOS,2,6
DIANE COOK,2,4
DIANE DEAUTREMONT,2,3
DIANE DOCTOR,2,8
DIANE GRAYBER,2,14
DIANE HENKELS,2,2
DIANE KANE,2,14
DIANE PINKNEY,2,10
DIANE REICHENBERGER,2,2
DIANE ZHITLOVSKY,2,2
DICK HANNAH CHEVROLET,2,2
DICK HANNAH FORD,2,2
DIEDRA THOMPSON,2,2
DIEP NGUYEN,2,9
DIGITAL STRATEGY GROUP,2,20
DILLON KOPPLIEN,2,5
DIRT CHEAP SIGNS,2,2
DJ KELLY QUATTROCCHI,2,3
DJ KELLY-QUATTROCCHI,2,11
DMC CONSULTING LLC,2,3
DMITRY SHIRYAYEV,2,9
DND ELECTRICAL CONTRACTORS,2,2
DNL PROPERTIES LLC,2,3
DOCUSIGN,2,12
DOMAIN LISTINGS,2,2
DOMENIC TAMAYO,2,21
DOMINIC DEPIERO,2,13
DOMINIK COPPER,2,3
DOMONIC BIGGI,2,5
DON EPPERSON,2,8
DON GENSLER,2,3
"DON H JONES, JR.",2,12
DON REYNOLDS,2,2
DONA BOLT,2,6
DONALD BAILEY,2,5
DONALD DUTTON,2,4
DONALD EASTON,2,4
DONALD HILL,2,3
DONALD L LYCETT,2,5
DONALD MCCOY,2,10
DONALD ODERMOTT,2,3
DONALD OMAN,2,2
DONALD SCHIESS,2,2
DONAVON SINCLAIR,2,3
DONIELLA COX,2,5
DONNA ABELEIN,2,3
DONNA ANDREWS,2,5
DONNA HELISTE,2,6
DONNA HODGSON,2,3
DONNA LIPSCOMB,2,6
DONNA REID,2,2
DONNA ROSE,2,3
DONNA ROUTH,2,3
DONNA SCURLOCK,2,2
DONNA SILVERBERG,2,5
DONNA TYNER,2,2
DONORBOX,2,575
DONOVAN KOCH,2,5
DOORDASH,2,7
DORA HENRY,2,11
DOREEN DODGEN-MAGEE,2,6
DORIS MONGE LOPEZ,2,9
DOROTHY YETTER,2,4
DORRIE BOARD,2,2
DOUG BADGER,2,4
DOUG BROWN,2,5
DOUG CLOVE,2,3
DOUG FARREL,2,7
DOUG HEIKEN,2,3
DOUG RENEAU,2,2
DOUG SMITH,2,2
DOUGLAS ANGELL,2,19
DOUGLAS BARAK,2,2
"DOUGLAS BOVEE, MD",2,8
DOUGLAS CARLSON,2,11
DOUGLAS CONNORS,2,7
DOUGLAS GOE,2,4
DOUGLAS HALL,2,2
DOUGLAS LUSK,2,6
DOUGLAS WALKER,2,3
DOUGLAS WALTA,2,3
DOWNTOWN DEVELOPERS LLC,2,4
DPO.ORG,2,2
DR SALAMEH AND PARTNERS LLC,2,2
DRAKE MILLER,2,10
DREW JOHNSON,2,2
DREW S CASEY,2,3
DRU DRAPER,2,5
DRY HUMOR MARKETING,2,9
DUANE FROMHART,2,2
DUANE YOUNGER,2,3
DUC DESIGNED,2,4
DUNCAN MURRAY,2,2
DUNN CARNEY,2,13
DURETI GELGELU,2,2
DUSTIN EVERSON,2,2
DUSTIN LOFSTEDT,2,11
DUSTIN YARBROUGH,2,5
DUTCH BROS,2,2
DYLAN BOCHSLER,2,3
DYLAN CHRISTENSEN,2,5
DYLAN COMFORT,2,4
DYLAN DAHLE,2,4
DYLAN GUTHU,2,5
DYLAN SPENDAL,2,4
E. DOLLIE WOLVERTON,2,8
EADS BROADCASTING,2,3
EAGLE MAILING SERVICES,2,6
EAGLE NEWSPAPERS,2,3
EAGLE NEWSPAPERS INC,2,3
EARL CHRISTISON,2,10
EARNIN,2,2
EASTERN OREGON ECONOMIC SUMMIT,2,3
EBAY INC.,2,2
ECKM VENTURES,2,5
ED BAIR HAY PRODUCTS,2,2
ED KINGZETT,2,2
EDDIE PASSADORE,2,2
EDDIEE SOTO-ORTIZ,2,7
EDEN BROWN,2,2
EDIE OVERTURF,2,6
EDITH ZEPEDA,2,8
EDMS,2,3
EDUARDO SUBELMAN,2,2
EDWARD A ENGLISH,2,12
EDWARD COLBERT,2,3
EDWARD FARIA,2,9
EDWARD FARREN,2,3
EDWARD FREDENBURG,2,3
EDWARD LAMANNA-BRAMEL,2,9
EDWARD OLARA,2,8
EDWARD WARR,2,2
EDY DORSEN,2,6
EILEEN BRADY,2,3
EILEEN WENDE,2,3
EILIDH LOWERY,2,2
EINSTEIN BROTHERS BAGELS,2,3
EL TAPATIO,2,5
ELAINE FRANKLIN,2,5
ELAINE KELLEY,2,2
ELAINE KOSKELA,2,15
ELAINE REDNER,2,11
ELAINE SOMMER,2,2
ELAINE STEWART,2,7
ELAINE WOODS,2,14
ELEANOR PONOMAREFF,2,3
ELECT DEKEN LETINICH,2,3
ELECTRONIC MANAGEMENT CORPORATION (EMCO),2,7
ELEEZIA BLUE VAILUU,2,2
ELEVATE STRATEGIES,2,8
ELI ARNOLD,2,2
ELIN D MILLER,2,6
ELIN MILLER CONSULTING LLC,2,2
ELINOR GOLLAY,2,2
ELIOT SEKULER,2,8
ELIOTT THOMPSON,2,5
ELISA DOZONO,2,2
ELISA GOMEZ,2,8
ELISA VIVAR GARCIA,2,8
ELISE BOUNEFF,2,2
ELISSA WILSON,2,18
ELIZA KASHINSKY,2,7
ELIZABETH ADAMS,2,5
ELIZABETH ANDERSEN,2,9
ELIZABETH ANGEL,2,4
ELIZABETH BERNARD,2,3
ELIZABETH BLENZ-CLUCAS,2,14
ELIZABETH CASE,2,15
ELIZABETH CASIMIRO,2,2
ELIZABETH FOSTER,2,7
ELIZABETH FULLER,2,4
ELIZABETH HARKNESS,2,8
ELIZABETH HENDERSON,2,4
ELIZABETH INAYOSHI,2,17
ELIZABETH IRISH,2,5
ELIZABETH JONES,2,8
ELIZABETH MAZZARA MYERS,2,2
ELIZABETH MCKANNA,2,14
ELIZABETH REMLEY,2,5
ELIZABETH SMITH CURRIE,2,5
ELKHORN MEDIA,2,5
ELKIN YAZZIE,2,7
ELLEN LEE,2,2
ELLEN MILLER,2,13
ELLEN STAUDER,2,4
ELLEN TODRAS,2,2
ELLIE BOOTH,2,4
ELLIOT LEONARD,2,2
ELSA DURANTE,2,2
EM EASTERLY,2,2
EMBOLD CREDIT UNION,2,13
EMCO,2,16
EMILEE NEHRING,2,21
EMILY BLACK,2,2
EMILY HERBERT,2,9
EMILY MOON,2,4
EMILY TEMPLETON,2,16
EMILY WEST,2,3
EMMA HILL,2,13
EMMA MOORE-MONTGOMERY,2,2
EMMANUEL AQUINO,2,3
EMMANUEL MILLER,2,19
EMPIRICAL MEDIA LLC,2,41
ENTERPRISE,2,4
ENTERPRISE HOLDINGS INC PAC,2,3
"ENTERPRISE HOLDINGS, INC PAC",2,3
ENTERPRISE RENTAL,2,5
ENVIRONMENTAL CONTROLS CORP,2,35
ERIC BELL,2,3
ERIC DAHL,2,2
ERIC DISQUE,2,2
ERIC DZIURA,2,10
ERIC FLETCHER,2,6
ERIC HOLLINGSWORTH,2,7
ERIC JACOBSEN,2,3
ERIC JOHNSON,2,3
ERIC LEA,2,3
ERIC LINDAUER,2,2
ERIC OLSEN,2,2
ERIC PAINE,2,2
ERIC PEDERSEN,2,14
ERIC SAMUELS,2,5
ERIC SHERMAN,2,6
ERIC SMITH,2,12
ERIC SWIRIDOFF,2,2
ERIC THOMPSON,2,8
ERIC WITHERSPOON,2,5
ERICA FULLER,2,2
ERICA LOPEZ,2,4
ERICA LYON,2,2
ERICA PAHUA,2,11
ERICK PETERSEN,2,5
ERICKA SMITH,2,3
ERICKA THESSEN,2,4
ERIK ELMSHAUSER,2,5
ERIK FISHER,2,8
ERIK HOREIS,2,13
ERIK JENSEN,2,14
ERIK PARRISH,2,3
ERIK WARD,2,3
ERIKA SMITH,2,4
ERIN PETTIGREW,2,4
ERIN RAINEY,2,11
ERIN WARREN,2,2
ERNEST JENKS,2,18
ESTEBAN CRISTOBAL-LOPEZ,2,9
ESTEBAN TORRES RANGEL,2,17
ESTHER CHOO,2,2
ETC WRITING,2,2
ETHAN CARPENTER,2,9
ETHAN GRIMES,2,11
ETHAN KROW,2,2
ETHAN LUTZ,2,7
ETHAN MONCAYO,2,11
ETHAN ULRY,2,4
ETSY.COM,2,3
EUGENE DIRECT MAILING SERVICE INC. (EDMS INC.),2,31
EUGENE NEIGHBORS INC,2,2
EUSTOLIA HUSTLER,2,2
EVAN AREIAS,2,3
EVAN BARTHEL,2,2
EVAN BOWMAN,2,12
EVAN HADFIELD,2,11
EVAN LUDWICK,2,11
EVAN MANVEL,2,4
EVAN PURVES,2,7
EVAN WHITE,2,2
EVAN WICKERSHAM,2,4
EVELYN ORR,2,7
EVENT HELPER,2,2
EVENTBRITE,2,3
EVERGREEN HOSPITALITY DEVELOPMENT GROUP,2,5
EVONNE WOODS-QUESADA,2,8
EXPEDIA INC.,2,10
"EXPEDIA, INC.",2,8
EXPOSURE,2,2
EXTENDED STAY AMERICA,2,2
"EYES & EARS, LLC",2,6
"FACEBOOK, INC.",2,5
"FACEBOOK/META, INC.",2,12
FAIR SHARE GLEANERS,2,2
FAITH MORSE,2,18
FAMILY BUILDING BLOCKS,2,2
FAMILY FORWARD ACTION FUND,2,3
FAMILY FORWARD OREGON,2,4
FAMILY JUSTICE CENTER OF WASHINGTON COUNTY,2,2
FAMILYCARE,2,3
FAMILYCARE INC,2,2
FAMILYCARE INC.,2,6
FARIBA MUTSCHLER,2,2
FAROOQ NASSERZIAYEE,2,2
FAYZA SOHAIL,2,2
FELISA HAGINS,2,16
FELIX FLORES,2,8
FERNANDO SIERRA,2,11
FIGARO'S PIZZA,2,2
FIRST COMMUNITY CREDIT UNION,2,2
FIRST PRESBYTERIAN CHURCH,2,10
FIVE SEASONS MEDIA,2,5
FLAGS BY THE DOZEN,2,7
FLETCHER RAY,2,2
FLYWHEEL,2,3
FORKS AND CORKS CATERING,2,6
FORREST TOSHIKIAN,2,6
FOTO STUDIO EL SUENO,2,2
FRANCIS TROY,2,3
FRANCISCA SMITH,2,9
FRANCISCO CARRICA,2,8
FRANK HENNY & SONS NURSERY,2,3
FRANK LEE,2,16
FRANK LONERGAN,2,3
FRANK MCELROY,2,5
FRANK MORSE,2,3
FRANK ROE,2,2
FRANK TORRESY,2,2
FRED MEYERS,2,5
FRED YATES,2,3
FREDDY FLORES,2,10
FREDDY SAXTON,2,6
FREEBRIDGE BREWING,2,2
FRIENDS OF BASEBALL,2,2
FRIENDS OF COMMUNITY PARKS,2,4
FRIENDS OF NRA,2,2
FROELICK GALLERY INC.,2,2
FUITEN WEST LP,2,5
"G GROUP, LLC",2,2
GABE SHEPARD,2,2
GABRIEL BUEHLER,2,4
GABRIEL PYLES,2,5
GABRIEL SHIPMAN,2,11
GABRIEL WEAVER,2,3
GABRIELLE ROESCH-MCNALLY,2,3
GAIGE PHILLIPS,2,4
GAIL CULBERTSON,2,3
GAIL OBERST,2,5
GALE BORDE,2,3
GALEN BURKS,2,11
GAMBERETTI'S,2,11
GARETH WAUGH,2,3
GARETT HUEBNER,2,10
GARRETT FLEENOR,2,7
GARRETT HOLZWARTH,2,16
GARRETT JOHNSON,2,6
GARRY SMITH,2,36
GARY AGUIAR,2,11
GARY CARL,2,3
GARY FISKETJON,2,3
GARY HALL,2,4
GARY HOLLANDS,2,3
GARY LAHMAN,2,3
GARY MILLER,2,3
GARY MITTELSTAEDT,2,3
GARY NISHIOKA,2,2
GARY RICHARDSON,2,4
GARY THOLBERG,2,11
GARY THOMPSON,2,2
GARY WILDISH,2,6
GASLAMP INSURANCE SERVICES,2,2
GATEWAY COMMUNICATIONS,2,19
GAVIN BROWN,2,11
GAY GREGER,2,2
GAYLE PALMER,2,4
GAYLE SHELLER,2,12
GBAO STRATEGIES,2,10
GEICO,2,6
GENE MECHANIC,2,2
GENE PARKER,2,2
GENELLE HANKEN,2,11
GENENPAC,2,4
GENENTECH INC.,2,10
GENOA INGRAM,2,3
GEOFF NICHOLS,2,18
GEOFFREY PURCELL,2,2
GEORGE DAVIS,2,2
GEORGE DIAMOND,2,5
GEORGE DILLON,2,3
GEORGE FRIBANCE,2,3
GEORGE MIKESELL,2,2
GEORGE PACKING COMPANY INC.,2,8
GEORGE RHODES,2,3
GEORGE ROGATO,2,7
GEORGE VINCENT,2,2
GEORGE WALL,2,4
GEORGES KARAM,2,11
"GEOTOLL, INC.",2,11
GEPPETTO'S ITALIAN RESTAURANT,2,4
GERALD TAYLOR,2,5
GERARD MILDNER,2,4
GERRITT ROSENTHAL,2,7
GERRY LEHRBURGER,2,3
GIBSON PC,2,4
GINA COLE-PLASKER,2,5
GISI MARKETING GROUP,2,7
"GK MACHINE, INC.",2,2
GLACIER STRATEGIES INC.,2,26
GLADYS BLUM,2,4
GLENN HAYTER,2,2
GLENN KOTARA,2,3
GLIDE FFA ALUMNI,2,5
GLORIA BENNETT,2,2
GLORIA CABRERA,2,11
GLORIA OLSON,2,30
GO CREATIVE GROUP,2,13
GOBIGMEDIA LLC,2,11
GOCHENOUR PHOTOGRAPHY,2,2
"GODADDY OPERATING COMPANY, LLC",2,2
GOLF GARAGE,2,3
GOOD DAY EMBROIDERY,2,3
GOOD PARTY,2,2
GORDON ROOT,2,2
GORDON ZIMMERMAN,2,4
GORGE COUNTRY MEDIA,2,3
GOTPRINT,2,3
GRACE BENTLEY,2,10
GRACE KENNEDY,2,5
GRACE RIGSBY,2,2
GRADY AMAYA,2,4
GRAHAM KISLINGBURY,2,2
GRAMMARLY,2,3
GRAND HOTEL,2,2
GRAND HOTEL IN SALEM,2,5
GRANT HAMMERSLEY,2,2
GRANT HARTLEY,2,4
GRANT LABEAU,2,11
GRANT MCALLISTER,2,10
GRANT SCHOTT,2,4
GRANT VERMILLION,2,28
GRANT WALTER,2,11
GRANTS PASS ACTIVE CLUB,2,4
GRANTS PASS BROADCASTING,2,6
GRANTS PASS BROADCASTING CORP,2,2
GRANTS PASS TOYOTA,2,2
GRANTS PASS TRIBUNE,2,2
GRAZING FIELDS CHEESE,2,2
GREATER GIVING,2,15
GREEN DIAMOND RESOURCE COMPANY,2,4
GREG DAVIS,2,2
GREG ELLIS,2,5
GREG EVANS,2,2
GREG FITZ-GERALD,2,2
GREG GOODAM,2,2
GREG JAMES,2,5
GREG MALINOWSKI,2,5
GREG MOEN,2,2
GREG MOORE,2,2
GREG MORRILL,2,3
GREG SMITH,2,4
GREG WHISTLER,2,4
GREGG HENTON,2,33
GREGORY LAMBERT,2,2
GREGORY LORD,2,4
GREGORY LUCKEROTH,2,8
GREGORY LYLE SPECHT,2,2
GREGORY OGILVIE,2,9
GREGORY PEARSON,2,2
GREGORY S ARNTSON,2,2
GREGORY SORIANO,2,2
GREGORY TOSI,2,3
GREGORY VAN GORDON,2,4
GRESHAM AREA CHAMBER OF COMMERCE,2,3
GRESHAM FORD,2,3
GRESHAM TOYOTA,2,2
GRIFFIN DUNAGAN,2,4
GROCERY OUTLET BARGAIN MARKET,2,3
GUADALUPE VEGA,2,7
GUILLERMO RODRIGUEZ,2,4
GUITAR CENTER,2,3
GUY KENNERLY,2,3
GW PAC-C00333427,2,2
HAI NINH,2,2
HALEY EASLING,2,2
HALIE SYMMONS,2,8
HAMLEY STEAKHOUSE & SALOON,2,3
HAMMER DOWN FIREARMS,2,2
HAMPTON INN AND SUITES,2,4
HAMPTON INN AND SUITES BY HILTON,2,2
HANK MURROW,2,18
HANK SANDERS,2,24
HANS BERNARD,2,2
HANS WEST,2,3
HAPPY VALLEY BUSINESS ALLIANCE,2,2
HARBOR FREIGHT TOOLS,2,3
HARBOR INDUSTRIAL,2,2
HARBOR WHOLESALE FOODS,2,2
HARLEY HICKS,2,2
HARMER STEEL PRODUCTS CO.,2,2
HAROLD GELLER,2,3
HAROLD GOLDSTEIN,2,9
HARRIET MERRICK,2,3
HARRY ABRAHAM,2,2
HARRY WILSON,2,2
HARVEST MOON EXPERIENCE,2,3
HASINA WITTENBERG,2,4
HAYLEE COLE,2,2
HAYLEY KOSKELA,2,13
HAYWARD INN,2,3
HAZELNUT GROWERS OF OREGON,2,2
"HDR, INC. EMPLOYEE OWNERS PAC",2,2
HEALTHY COMMUNITIES INITIATIVE,2,7
HEALTHY COMMUNITY INITIATIVE,2,6
HEAT & FROST UNION LOCAL 36,2,8
HEATHER BRANN,2,3
HEATHER BUCH,2,8
HEATHER FARMER,2,11
HEATHER ISHAM,2,3
HEATHER JOHNSON,2,4
HEATHER MACDOWALL,2,2
HEATHER NELSON,2,2
HEATHER RENIE,2,3
HECTOR GARCIA,2,3
HEIDI BROWN,2,4
HEIDI HAGLER,2,5
HEIDI NAPIER,2,5
HENRY ALLEY,2,2
HENRY HEIMULLER,2,3
HENRY KAISER,2,2
HENRY LAZENBY,2,2
HENRY NGUYEN,2,7
HENRY SANDERS,2,2
HERB CREW,2,6
HERBERT B ROTHSCHILD,2,2
HERBERT ROTHSCHILD,2,2
"HERSCHEL GATES, JR.",2,5
HERZOG MEIER MAZDA,2,2
HIGH PERFORMANCE SIGNS,2,7
HIGH STREET ENTERTAINMENT,2,2
HIGHWAY HEAVY HAULING,2,13
HILARIO AVALOS DAMIAN,2,11
HILARY GARRETT,2,5
HILL WALKER,2,2
HILLSBORO HOPS,2,8
HILTON PORTLAND DOWNTOWN,2,4
HILVIA MOTA,2,11
HISMELIA CARDIER GUTIERREZ,2,6
HOA TRAN,2,3
HOLIDAY INN PORTLAND,2,3
HOLLI MORTON,2,5
HOLLY EYRE,2,2
HOLLY MICHAELS,2,11
HOLLY PENCE,2,9
HOLLY SHUTTA,2,17
HOLMAN HOTEL,2,2
HOME BUILDERS FOUNDATION,2,3
HOME2 SUITES,2,3
HONDA WORLD,2,2
HONEYBRINE CATERING,2,3
HONOLULU PSYCHIATRIC SERVICES LLC,2,2
HOOD RIVER INN,2,3
HOODVIEW NEWS,2,2
"HOOKER CREEK COMPANIES, LLC",2,2
HOPE HICKMAN,2,2
HOPE WINTER,2,2
HOSMER CHIROPRACTIC HEALTH LLC,2,2
HOSPITAL ASSOCIATION OF OREGON,2,20
HOTELS.COM,2,8
HOUSING OREGON,2,2
HP CIVIL INC,2,2
HUNTER COMMUNICATIONS,2,23
HUNTER CROSSWHITE,2,2
HUONG NGUYEN,2,3
"HUSTLE, INC.",2,8
HYATT REGENCY PORTLAND,2,4
HYIAH SIRAH,2,2
HYPE STRATEGIES,2,10
I LOVE MY FREEDOM,2,2
IAN DAYANAN,2,7
IAN ERICKSON,2,2
IAN HEFENEIDER,2,2
IAN SHAW,2,14
IAN TIMM,2,11
IAN TOVAR,2,8
IBRAHIM TURKI,2,2
ICY HART,2,10
IDAHO POWER,2,4
IDONATEPRO,2,25
"IES COMMERCIAL, INC.",2,2
IKE BOX,2,5
ILLAHE HILLS COUNTRY CLUB,2,2
ILLINOIS VALLEY NEWS,2,3
ILSE RAMIREZ DEL VALLE,2,4
ILYA SAMOYLENKO,2,10
"IMA FINANCIAL GROUP, INC.",2,9
IMELDA BASTIDA,2,8
IMPRINT,2,2
INDEPENDENCE CINEMA LLC,2,6
INDIAN CREEK GOLF COURSE,2,5
INDUSTRIAL COMMERCIAL ELECTRIC COMPANY,2,2
INSTAPRINT,2,3
INTEL POLITICAL ACTION COMMITTEE,2,2
"INTERLAKEN, INC.",2,6
INTERNATIONAL ASSOCIATION OF FIREFIGHTERS,2,4
INTERNATIONAL BROTHERHOOD OF ELECTRICAL WORKERS LOCAL 280 PA,2,2
INTERPROSE,2,3
INTERSTATE SPECIAL EVENTS,2,6
INTUIT QUICKBOOKS ONLINE,2,19
"IOKA FARMS, INC.",2,2
IRA VIRDEN,2,2
IRENE CROOK,2,10
IRISH PRIDE BOOSTER CLUB,2,2
IRON HORSE LLC,2,6
ISAAC DENNIS,2,6
ISAAC GUZMAN,2,6
ISAAC MCLENNAN,2,3
ISAAC WATT,2,11
ISAAC'S,2,3
ISSIAH GRIFFIN,2,7
IVAN BLOOMQUIST,2,11
IVAN RYMLYANSKYY,2,4
IVERSON MCGLASSON,2,2
IVETTE PANTOJA,2,6
IZABELLA MATTSON PHOTOGRAPHY LLC,2,3
J. DAVID BENNETT,2,3
J. RANDOLPH PICKETT,2,7
JACK CATTON,2,3
JACK DEKOVICH,2,18
JACK FRIEDMAN,2,2
JACK GRAY,2,6
JACK MCGOWAN,2,3
JACKIE PIERCE,2,3
JACKSON COUNTY,2,3
JACKSON HOUSE,2,2
JACKSON HOUSE CARES,2,2
JACKSON KIND,2,10
JACKSON KNIFONG,2,11
JACOB APENES,2,2
JACOB BALLIN,2,6
JACOB BULLOCK,2,4
JACOB CHAMBERLAIN,2,2
JACOB DANIELS,2,3
JACOB DOVE,2,4
JACOB HAASE,2,11
JACOB HOUZE,2,2
JACOB JACKSON,2,9
JACOB JONES,2,7
JACOB KACZANOWSKI,2,9
JACOB PERRY,2,7
JACOB ROEDER,2,10
JACOB SAVAGE,2,11
JACOB SHORE,2,17
JACOB SPAGNOLO,2,3
JACOB VANDEVER,2,3
JACOB VINATIERI,2,11
JACQUELINE MERCER,2,9
JACQUELINE PIERCE,2,2
JACQUELINE SWANSON,2,7
JADEN WATSON,2,10
JAGGER FULKS,2,9
JAIME ARREDONDO,2,3
JAIME MATHIS,2,3
JAIME SANDERS,2,33
JAIME SMITH,2,5
JAIMEE KING,2,8
JAIS FAULKNER,2,6
JAKE PELROY,2,2
JAKE SCHLACK,2,4
JAKE'S GRILL,2,4
JAKOB GARDNER,2,11
JAMES BABSON,2,11
JAMES BARTA,2,6
JAMES BECK,2,2
JAMES BISENIUS,2,5
JAMES C GRIGGS,2,3
JAMES DAVIS,2,23
JAMES DAWSON,2,11
JAMES DORNAN,2,20
JAMES DOUGLAS,2,2
JAMES FARLEY,2,7
JAMES FLYNN,2,5
JAMES FOSTER,2,5
JAMES FOX,2,2
JAMES FRIEDMAN,2,5
JAMES FUITEN,2,2
JAMES GILBERT,2,5
JAMES GREEN,2,10
JAMES HAMILTON,2,6
JAMES HEALY,2,4
JAMES HELWIG,2,4
JAMES HIEB,2,6
JAMES JORDAN,2,4
JAMES KRIEGSHAUSER,2,5
JAMES LARSON,2,3
JAMES LEACH,2,11
JAMES LUPO,2,2
JAMES MANNING,2,6
JAMES MOLITOR,2,6
JAMES NAGLE,2,11
JAMES NELSON,2,2
JAMES NEU,2,8
JAMES NGUYEN,2,2
JAMES O'NEILL,2,4
JAMES PASERO,2,3
JAMES PETERS,2,4
JAMES PLISKA,2,2
JAMES POWELL,2,5
JAMES RAMSEYER,2,2
JAMES RICE,2,3
JAMES RIEGELMANN,2,4
JAMES ROOT,2,2
JAMES ROSEN,2,11
JAMES RUSSELL,2,4
JAMES STEVENS,2,6
JAMES STRAUB,2,11
JAMES SULLIVAN,2,6
JAMES TERPENING,2,10
JAMES UNDERWOOD,2,2
JAMES W MCNEILIS MD LLC,2,2
JAMES WALSH,2,2
JAMES WATTS,2,3
JAMES WENTZIEN,2,2
JAMES WOOD,2,2
JAMES WORTH,2,6
JAMIE DIEHL,2,2
JAMIE DUNPHY,2,5
JAMIE HIATT,2,4
JAMIE THOMPSON,2,7
JAMIE ZIELINSKI,2,2
JAN BOHMAN,2,7
JAN COULTON,2,3
JAN KAPLAN,2,2
JAN MARTIN,2,22
JAN NAPACK,2,5
JAN WAINSCOTT,2,2
JANA CASTANARES,2,3
JANE BICQUETTE,2,2
JANE CEASE,2,9
JANE DEWHIRST,2,3
JANE DOWLING,2,2
JANE GILBERT,2,3
JANE SLAMA,2,2
JANEANNE ROCKWELL-KINCANON,2,4
JANEEN SOLLMAN,2,3
JANET BARNES,2,3
JANET BECK,2,3
JANET CARLSON,2,4
JANET FRAZIER,2,4
JANET LEE,2,7
JANET MITCHELL,2,2
JANET MURPHY,2,3
JANET ZUELKE,2,15
JANICE MASON,2,3
JANICE THOMPSON,2,2
JANIE MONNETTE,2,2
JANINE GLADFELTER,2,5
JANNA NELSON,2,2
JARED ADAMS,2,2
JARED ANDERSON,2,7
JARED HILL,2,8
JARETT STONE,2,7
JASLIN MOOHTAW,2,10
JASMYNE ROMERO-CLARK,2,11
JASON BAJUSCAK,2,2
JASON DAVIS,2,2
JASON FIELDS,2,26
JASON FITZPATRICK,2,2
JASON FREILINGER,2,4
JASON GEORGEDES,2,8
JASON GREEN,2,12
JASON HARRIS,2,2
JASON HEDAHL,2,2
JASON KINMAN,2,9
JASON KROPF,2,4
JASON LETT,2,4
JASON PARASCO,2,5
JASON STONE,2,6
JAVELINA,2,2
JAVIER GUTIERREZ,2,15
JAVIER SPYKER,2,2
JAY BOOTH,2,2
JAY HALADAY,2,3
JAY POST,2,12
JAY RASKIN,2,2
JAYSON CRISWELL,2,2
JEAN AVISON,2,3
JEAN BUTCHER,2,2
JEAN HELDSTAB,2,63
JEAN MARSH,2,3
JEANA FRAZZINI,2,18
JEANINE WENNING,2,16
JEANNE ATKINS,2,10
JEANNE DALTON,2,3
JEANNE SCHULTZ,2,2
JEFF ANDREWS,2,13
JEFF DENNY,2,4
JEFF HEATHERINGTON,2,3
JEFF HEILMAN,2,2
JEFF HOWELL,2,5
JEFF JENSEN,2,5
JEFF LANG,2,14
JEFF LARCOM,2,2
JEFF LEACH,2,3
JEFF MCKEOWN,2,2
JEFF PEACOCK,2,11
JEFF RENARD,2,5
JEFF SCRANTON,2,6
JEFF SMITH,2,2
JEFFERY JONES,2,13
JEFFERY MASON,2,11
JEFFREY BASSETT,2,4
JEFFREY BLUHM,2,5
JEFFREY BOLES,2,2
JEFFREY BOWERSOX,2,17
JEFFREY GOODMAN,2,5
JEFFREY HENNESSY,2,5
JEFFREY HILL,2,11
JEFFREY MCLELLAN,2,11
JEFFREY SMITH,2,12
JEFFREY THAYER,2,2
JEFFREY VANORMAN,2,2
JEFFREY WEITZEL,2,2
JEN RUSK,2,3
JEN SCHUBERTH,2,6
JENICA BEECHER,2,3
JENN BAKER,2,11
JENN LYNCH,2,5
JENNIFER BAYER,2,7
JENNIFER CAMOTA LUEBKE,2,2
JENNIFER CONNOLLY,2,11
JENNIFER COX,2,2
JENNIFER DAVIS,2,10
JENNIFER DEMOSS,2,9
"JENNIFER DESIGN, LLC",2,6
JENNIFER DORSEY,2,12
JENNIFER DRANE,2,2
JENNIFER DUNN,2,17
JENNIFER GLASCOE,2,8
JENNIFER GREENLEAF,2,3
JENNIFER HICKS,2,2
JENNIFER JOHNS,2,2
JENNIFER JOHNSON,2,3
JENNIFER K POTEGAL,2,7
JENNIFER L SCHAAKE,2,5
JENNIFER LINGARD,2,3
JENNIFER LITTLE,2,10
JENNIFER MARTIN,2,5
JENNIFER NEAHRING,2,4
JENNIFER NORMAN,2,3
JENNIFER PETERSON,2,3
JENNIFER PLAZA,2,2
JENNIFER RALEIGH,2,2
JENNIFER RUEDA,2,5
JENNIFER SAUNDERS,2,7
JENNIFER SCHNEIDER,2,2
JENNIFER SMITH,2,2
JENNIFER ULUM,2,5
JENNIFER VAN METER,2,11
JENNIFER WELLING,2,7
JENNY ABELING,2,2
JENNY BENNETT,2,3
JENNY DAVIS,2,3
JENNY ULUM,2,6
JENSINA HAWKINS,2,5
JERED GESLER,2,5
JEREMIAH ROSS,2,17
JEREMY GORDON,2,3
JEREMY GROVER,2,5
JEREMY HANSON,2,2
JEREMY HUTCHISON,2,5
JEREMY KATO,2,2
JEREMY MCKINNEY,2,10
JEREMY ROGERS,2,5
JEREMY STARR,2,4
JEREMY WILLIAMS,2,7
JEROME SIMNITT,2,4
JERRY COLE,2,23
JERRY NGUYEN,2,6
JERRY PUCKETT,2,5
JERRY RICCARDI,2,6
JERRY SILBERT,2,2
JES LARSON,2,2
JESS ROBERTS,2,6
JESSE MALDONADO,2,3
JESSICA ADAMSON,2,4
JESSICA CHARETTE,2,2
JESSICA COLBURN,2,2
JESSICA DEVLAEMINCK,2,2
JESSICA HUGHES,2,4
JESSICA LIRA,2,11
JESSICA MONCADA,2,8
JESSICA MORGAVI,2,4
JESSICA O'DONNELL,2,3
JESSICA PACHECO,2,15
JESSICA POST,2,5
JESSICA RICE,2,2
JESSICA VOODRE,2,2
JESSICA WARREN BONHAM,2,11
JESUS GARCIA,2,6
JESUS SANCHEZ CARMONA,2,9
JILL EILAND,2,7
JILL ENRIQUEZ,2,3
JILL RUSSEL,2,10
JILLANA POLLARD,2,2
JILLIONS GROUP LLC,2,11
JIM BARNETT,2,3
JIM BUNN,2,10
JIM DWYER,2,2
JIM EASTRIDGE,2,2
JIM FISHER VOLVO,2,2
JIM GILBERT,2,7
JIM MORSE,2,3
JIM PARKER,2,2
JIM TALT,2,3
JIN LAN,2,4
JO ANN HARDESTY,2,2
JO BROWN,2,2
JOAN DRABKIN,2,2
JOAN ERWERT,2,3
JOAN HAMILTON,2,2
JOANNA POSEY,2,17
JOANNA WILSON,2,4
JOANNE BECK,2,2
JOANNE MOSS,2,6
JOANNE TIMSHEL,2,14
JOCELYN BENSON FOR GOVERNOR,2,3
JOCELYN WARREN,2,14
JODEE CLARK LOMPA,2,4
JODI SATKO,2,2
JODIE PHILLIPS POLICH,2,19
JODY MILLER,2,3
JODY STAHANCYK,2,2
JOE BEDA,2,2
JOE BUCK,2,3
JOE CRAIG,2,2
"JOE GONYEA, III",2,2
JOE MUCH,2,3
JOE WILSON,2,6
JOEL BARKER,2,3
JOEL DIETZMAN,2,9
JOEL HUHTA,2,11
JOEL INMAN,2,3
JOEL KLINKHAMMER,2,11
JOEL PALMER HOUSE,2,3
JOEL RUMRILL,2,3
JOEY CURTIS,2,10
JOHANNA BRENNER,2,7
JOHANNA MILLEGAN,2,19
JOHN ALEXANDER,2,3
JOHN ALLCOTT,2,2
JOHN ALVIN,2,7
JOHN ANDERSON,2,4
JOHN ANDREWS,2,6
JOHN ATKINS,2,6
JOHN BARLOW,2,4
JOHN BARNES,2,11
JOHN BARRY,2,2
JOHN BETHENCOURT,2,11
JOHN BLANKFORT,2,7
JOHN C HELM,2,2
JOHN CALHOUN,2,15
JOHN CASALINO,2,4
JOHN COLWELL,2,5
JOHN CONVERY,2,11
JOHN COOK,2,2
JOHN COOPER,2,6
JOHN CRAWFORD,2,3
JOHN CROWDER,2,5
JOHN DUGGER,2,10
JOHN DUKE,2,2
JOHN DURBETAKI,2,10
JOHN E ESCHER,2,2
JOHN ESCHER,2,7
JOHN EVANS,2,12
JOHN FOSTER,2,19
JOHN FREUDENTHAL,2,5
JOHN GILL,2,2
JOHN GIST,2,7
JOHN GOLDSMITH,2,3
JOHN HALL,2,10
JOHN HAMMOND,2,6
JOHN HOFFMAN,2,2
JOHN HOLING,2,5
JOHN HORTON,2,9
JOHN HUDSON,2,3
JOHN JONES,2,9
JOHN LARGE,2,6
JOHN LENSSEN,2,8
JOHN LITTLETON,2,4
JOHN LUDLOW,2,4
JOHN LYMAN,2,2
JOHN MACISAAC,2,4
JOHN MCDONALD,2,5
JOHN MEAD,2,2
JOHN MONROE,2,10
JOHN MOORHEAD,2,2
JOHN MULLIN,2,28
JOHN NAU,2,3
JOHN NIELSEN,2,3
JOHN OGLE,2,2
JOHN OSWALD,2,2
JOHN PAFFORD,2,2
JOHN PARK,2,3
JOHN PICKETT,2,10
JOHN PINZELIK,2,18
JOHN PIROLO,2,3
JOHN POWELL,2,3
JOHN PRIES,2,2
JOHN RICHARDSON,2,2
JOHN ROBERTS,2,2
JOHN RUETER,2,3
JOHN SAVAGE,2,7
JOHN SCHLEINING,2,3
JOHN SCHROEDEL,2,2
JOHN SELKER,2,2
JOHN SIELING,2,5
JOHN SOMARAKIS,2,11
JOHN STANGEL,2,2
JOHN STILWELL,2,12
JOHN SWEET,2,2
JOHN VANDENBERG,2,3
JOHN VANDERMOSTEN,2,3
JOHN VANLANDINGHAM,2,3
JOHN W SWEET,2,3
JOHN WARTA,2,3
JOHN WASIELEWSKI,2,4
JOHN WEST,2,3
JOHN WHITE,2,3
JOHN WILLIAMS,2,2
JOHN WILLIS,2,2
JOHN WOLF,2,15
JOHN YOUNG,2,12
JOHN ZINTZ,2,3
JOHNELL BELL,2,3
JOHNSON & JOHNSON CORPORATE POLITICAL FUND,2,2
JON ANDERSON,2,8
JON BALL,2,2
JON DRAKE SNODGRASS,2,3
JON GUIDO,2,3
JON KINTNER,2,2
JON M. FRIEDMAN,2,11
JON OPPERUD,2,11
JON ORLOFF,2,2
JON PUGSLEY,2,36
JON ROBINSON,2,3
JON SCHRIEVER,2,2
JONAH KUBECKA,2,10
JONATHAN BACKER,2,2
JONATHAN CANNOY,2,4
JONATHAN CHENJERI,2,4
JONATHAN CHIN,2,9
JONATHAN CHUNHAN LEE,2,2
JONATHAN GRANT,2,8
JONATHAN LUFKIN,2,5
JONATHAN PHILLIPS,2,9
JONATHAN PULVERS,2,6
JONATHAN QUAST - GREENWAY,2,5
JONATHAN SMITH,2,8
JONATHAN TYGERT,2,11
JONATHON RUPP,2,7
JONNA PAHLISCH,2,2
JOON SEO,2,8
JORDAN COOPER,2,6
JORDAN DAVIS,2,3
JORDAN HOOPER,2,10
JORDAN MCFARLAND,2,11
JORDAN SCHNITZER,2,2
JORDAN TAYLOR,2,17
JORDAN VADNAIS,2,11
JORGE DURAN-ESTRADA,2,11
JORGE ORTIZ,2,11
JOSAFAT MARTINEZ HERNANDEZ,2,2
JOSE CHAVEZ GARCIA,2,5
JOSE HERNANDEZ,2,21
JOSE MAGANA,2,34
JOSE MUNOZ,2,17
JOSE ORTIZ,2,11
JOSE PONCE,2,12
JOSE RIVERA,2,6
JOSE ROMERO,2,2
JOSE RUIZ,2,15
JOSE VASQUEZ,2,9
JOSE VELASQUEZ,2,7
JOSEPH ARSENAULT,2,10
JOSEPH BUCK,2,3
JOSEPH CAMPBELL,2,6
JOSEPH CONCHELOS,2,6
JOSEPH DAVIS,2,4
JOSEPH ERICKSON,2,2
JOSEPH ESTES,2,6
JOSEPH M MILLS,2,4
JOSEPH MANSFIELD,2,2
JOSEPH MISSILDINE,2,11
JOSEPH PETRUSICH,2,3
JOSEPH STEELE,2,3
JOSEPH TENNANT,2,2
JOSEPH WERTH,2,8
JOSEPH WESTOVER,2,4
JOSEPH WILLIAMS,2,2
JOSEPHINE COUNTY CLERK,2,3
JOSEPHINE COUNTY FAIRGROUNDS,2,14
JOSEPHINE COUNTY RECORDING,2,2
JOSH ADKINS,2,2
JOSH BALLOCH,2,2
JOSH FOSTER,2,11
JOSH LAMBORN,2,2
JOSH LAMPLEY,2,5
JOSH PRULL,2,11
JOSH STELLMON,2,19
JOSHUA ABBOTT,2,9
JOSHUA ADKINS,2,3
JOSHUA BROWN,2,6
JOSHUA CALLAHAN,2,4
JOSHUA CARTER,2,11
JOSHUA CHILTON,2,5
JOSHUA CHRISTENSEN,2,2
JOSHUA FLAUCHER,2,3
JOSHUA GRAY,2,5
JOSHUA GREENBAUM,2,2
JOSHUA HARRISON,2,3
JOSHUA KARDON,2,2
JOSHUA LAWSON,2,13
JOSHUA MARTIN,2,6
JOSHUA MCCALLUM,2,2
JOSHUA MENDOZA,2,11
JOSHUA MILLER,2,6
JOSHUA PRAY,2,11
JOSHUA ROBINSON,2,8
JOSHUA ROSS,2,4
JOSHUA SAVAGE,2,9
JOSHUA WALLACE,2,6
JOSUEE HERNANDEZ,2,9
JOTH RICCI,2,3
JOVITA WANG,2,17
JOY ANDREWS,2,5
JOYCE ABRAMS,2,14
JOYCE BROWN,2,4
JOYCE CUTSFORTH,2,4
JOYCE MCGREEVY,2,9
JP MORGAN CHASE & CO. PAC,2,7
JPMORGAN CHASE & CO. PAC,2,3
JUAN ARAIZA,2,10
JUAN SANCHEZ,2,16
JUANITA KAMHOOT,2,15
JUANITA RAY,2,16
JUBITZ TRAVEL CENTER,2,4
JUDAH GARFINKLE,2,3
JUDITH AUDIN,2,19
JUDITH BOWMAN-KREITMEYER,2,4
JUDITH BOYD,2,3
JUDITH HUCK,2,5
JUDITH OSGOOD,2,3
JUDITH SUGG,2,2
JUDSON BROWN,2,2
JUDY BENNETT,2,4
JUDY BRAZEE,2,8
JUDY BURCHELL,2,2
JUDY PLUMERY,2,2
JUDY TEUFEL,2,4
JULENE QUINN,2,3
JULIA BABCOCK,2,2
JULIA BROWN,2,3
JULIA HARPER,2,2
JULIA INGRAM,2,8
JULIA MARROCCO,2,7
JULIA PETERSON,2,2
JULIAN BRYANT,2,8
JULIAN MULL,2,11
JULIANNA WALTERS,2,4
JULIE ADAMS,2,8
JULIE ASPINWALL-LAMBERTS,2,24
JULIE CHERRY,2,3
JULIE DANIEL,2,2
JULIE DAVIS,2,4
JULIE FITZGERALD,2,2
JULIE HAWKINS,2,24
JULIE HENZEL,2,2
JULIE HOY,2,3
JULIE IBRAHIM,2,10
JULIE KELLEHER,2,3
JULIE LEVINE,2,2
JULIE REDMAN,2,4
JULIE SPANIEL,2,2
JULIE STOTT,2,2
JULIE WADSWORTH,2,10
JULIE WANT,2,2
JULIE WILSON,2,15
JULIEANN PARK,2,2
JULIET SAFIER,2,9
JURISLAW LLP,2,4
"JUST YARD SIGNS, INC",2,2
JUSTICE RAJEE,2,11
JUSTIN ADAMS,2,3
JUSTIN ALTEMUS,2,5
JUSTIN CAPRARI,2,15
JUSTIN GOLDSMITH,2,2
JUSTIN GREEN,2,3
JUSTIN LANG,2,11
JUSTIN O'DELL,2,10
JUSTIN RESSEMAN,2,5
JUSTIN TORGERSON,2,4
JUSTINE RHO,2,3
JUSTYARDSIGNS.COM,2,4
JW MARRIOTT,2,5
K & E EXCAVATING INCORPORATED,2,3
K2 & COMPANY,2,4
KAIL HARBICK,2,2
KAISER PERMANENTE,2,19
KAITLYN MULLER,2,11
KALE GRAY,2,2
KALIKO CASTILLE,2,2
KANDIS NUNN,2,2
KAO SAECHAO,2,8
KARA FERRELL,2,4
KAREEN PERKINS,2,2
KARELIA STETZ-WATERS,2,2
KAREN BANKS,2,4
KAREN BOLIN,2,4
KAREN CONYNGHAM,2,4
KAREN COSTELLO,2,6
KAREN EDMISTEN,2,2
KAREN EMERSON,2,12
KAREN FRASCONE,2,3
KAREN FREEMAN,2,4
KAREN JOHNSON,2,2
KAREN JOHNSTON,2,2
KAREN JONES,2,4
KAREN KRAJCER,2,3
KAREN MARTINEZ,2,5
KAREN MCCLINTOCK,2,2
KAREN MURRAY,2,10
KAREN REDDICK YURKA,2,3
KAREN REED,2,4
KAREN ROGERS,2,11
KAREN ROSE,2,2
KAREN SCHMIDLIN,2,18
KAREN SIERADSKI,2,10
KAREN SPIES,2,3
KAREN STEELE,2,16
KAREN WALKER,2,3
KARI JOHNSON,2,10
KARI KOCH,2,2
KARI TUNSTILL,2,3
KARIN HANSEN,2,3
KARINA PETRUSICH,2,4
KARINE TROWBRIDGE,2,18
KARISSA SEARS,2,5
KARL ANUTA,2,19
KARLA CHAMBERS,2,4
KAROLINA NEWCOMBE,2,18
KARUNA NEUSTADT,2,2
KARYLE BUTCHER,2,3
KARYN KAPLAN,2,4
KARYN SCHULTZ,2,5
KASKO AMRAM,2,7
KATE STAFFORD,2,2
KATHARINE HYZY,2,3
KATHERINE HALE,2,10
KATHERINE ORWICK,2,11
KATHERINE RILEY,2,19
KATHERINE RUSSELL,2,3
KATHERINE SONODA,2,2
KATHERINE STAHRR,2,2
KATHERINE WATKINS,2,2
KATHERINE YOUNG,2,2
KATHLEEN BELLAIRS,2,3
KATHLEEN CONWAY,2,5
KATHLEEN FOSTER,2,4
KATHLEEN GORDON,2,5
KATHLEEN JESKEY,2,2
KATHLEEN KELLENBECK,2,2
KATHLEEN MACKRIS,2,2
KATHLEEN MCGRATH,2,12
KATHLEEN MCNEILL,2,3
KATHLEEN VOGE,2,6
KATHLEEN WILLIS,2,2
KATHLEEN WILMES,2,2
KATHRYN BURRUSS,2,2
KATHRYN CLARKE,2,8
KATHRYN DEBONE,2,3
KATHRYN HARRINGTON,2,25
KATHRYN HUBBARD,2,12
KATHRYN WILLIAMS,2,2
KATHY DAVIS,2,9
KATHY FAIRCLOTH,2,3
KATHY LINCOLN,2,2
KATHY MARTIN-WILLIS,2,5
KATHY MULDER,2,9
KATHY SABATIER,2,6
KATHY SHAMEY,2,2
KATHYE GREENE,2,12
KATIE BOSWELL,2,4
KATIE JEREMIAH,2,2
KATLIN GONDA,2,2
KATRINA NELSON,2,3
KAYLA GUTH,2,12
KAYLA POTTER,2,4
KAYLA ZAVALA,2,10
KAYLEE CARRICK,2,11
KAYLEY MENDENHALL,2,2
KCST RADIO,2,2
KEAHEMAHIE RIBUCA,2,7
KEATON SCAVONE,2,11
KEELER LAWSON,2,2
KEENAN NELSON,2,7
KEETA LAUDERDALE,2,2
KEITH BRANNEN,2,2
KEITH EDDINS,2,5
KEITH KETTERLING,2,20
KEITH LOVETT,2,2
KEITH MANLEY,2,4
KEITH VOIGT,2,2
"KELL, ALTERMAN & RUNSTEIN, LLP",2,2
KELLEN WAKE,2,11
KELLEY STRAWN,2,2
KELLIE FURR,2,17
KELLIE JO SMITH,2,3
KELLIE MENKE,2,2
KELLIE RYAN,2,16
KELLIE TORRES,2,5
KELLY DEWS,2,9
KELLY JANES,2,2
KELLY JOHNSON,2,13
KELLY OLIVER,2,2
KELLY ROSS,2,16
KELLY SHELTON,2,4
KELLY SMITH,2,8
KELLY WHITE,2,9
KEN BEESON,2,4
KEN HAYES,2,3
KEN MULENEX,2,2
KEN RANDALL,2,2
KEN WILKINS,2,14
KENDAL MEYERS,2,5
KENDALL BAUMAN,2,11
KENDALL MILLER,2,3
KENDRA HUGHES,2,6
KENDYL HAGUE,2,7
KENNETH FAWCETT,2,2
KENNETH HAMPTON,2,11
KENNETH HUMBERSTON,2,2
KENNETH RASMUSSEN,2,2
KENNETH SMITH,2,11
KENNETH ZIMMERMAN,2,2
KENT ANDERSON,2,5
KENT MADISON,2,2
KENT PURDY,2,3
KERRI HARTNETT,2,16
KERRY NUGENT,2,6
KERRY TYMCHUK,2,7
KESHAWN JOHNSON,2,11
KEVIN BARTON,2,3
KEVIN BOLING,2,4
KEVIN BOYER,2,22
KEVIN BUMATAY,2,3
KEVIN CAMERON,2,18
KEVIN CURRAN,2,4
KEVIN FOSTER,2,2
KEVIN GAGE,2,2
KEVIN GROVES,2,11
KEVIN GUILLEN,2,2
KEVIN KREITMAN,2,14
KEVIN MOORE,2,11
KEVIN NEELY,2,2
KEVIN P KEATING,2,2
KEVIN PISHION,2,3
KEVIN RIFE,2,2
KEVIN SHANLEY,2,5
KEVIN SMITH,2,2
KEVIN SPEER,2,3
KEVIN STINE,2,4
KEVIN SWEENEY,2,3
KEVIN THOMPSON,2,11
KEVIN VELAZQUEZ-RIOS,2,11
KEVIN WALSH,2,6
KEVIN WARREN,2,21
KEVIN WATTS,2,18
KEVIN WRIGHT,2,12
KEYBANK,2,12
KHANH PHAM,2,3
KIEN TRUONG,2,3
KIERSTEN LIPPS,2,6
KILEY DELGADO,2,2
KIM FORGA,2,10
KIM JOHNSON,2,2
KIM KIRK,2,2
KIM LARSEN,2,9
KIM MARSHALL,2,2
KIM RICE,2,9
KIM THATCHER,2,2
KIMBERLEE GRANT,2,2
KIMBERLEY ARSCOTT,2,17
KIMBERLY BOATWRIGHT,2,5
KIMBERLY BRANAM,2,2
KIMBERLY EBERT,2,10
KIMBERLY JONES,2,5
KIMBERLY MILLER,2,7
KIMBERLY RICE,2,7
KIMBERLY TAYLOR,2,4
KIMBERLY WALLAN,2,2
KIMBERLY WEINGART,2,23
KING CHEONG WONG,2,2
KIRBY MCINERNEY LLP,2,3
KIRK CARNAHAN,2,11
KIRK LEONARD,2,2
KIRK MAAG,2,2
KIRK MAKIN,2,2
KIRK MOUSER,2,4
KIRK SANDBURG,2,3
KIRK STROSAHL,2,2
KIRSTEN SQUITIERI,2,2
KIT JOHNSTON,2,3
KLAMATH BASIN HOME BUILDERS ASSOCIATION,2,6
KLAMATH COUNTY FAIRGROUNDS,2,3
KLAMATH FALLS SUBARU,2,2
"KLAMATH OPHTHALMOLOGY, PC DBA KLAMATH EYE CENTER",2,7
KME MONY,2,6
KNIGHTS INN,2,2
KNOPP & COMPANY,2,2
KNOPP & COMPANY LLC,2,2
KO-KWEL CASINO RESORT,2,4
KOBI,2,4
KOCH GA INC,2,5
KOCH GA INC.,2,5
KOCH INDUSTRIES,2,2
KOCH- GA INC,2,2
KOLE MCKINNON,2,11
KONDITOREI,2,9
KONNIE PERLENFEIN,2,2
KONNOR BURROUGHS,2,10
KRAIG O'CONNOR,2,3
KRISTEN CONNOR,2,2
KRISTEN DOWNEY,2,2
KRISTEN ROY MD PLLC,2,4
KRISTEN SCHUTTPELZ,2,2
KRISTEN SHEERAN,2,3
KRISTEN STAHL,2,4
KRISTI SMITH,2,3
KRISTI WILSON,2,3
KRISTIN HOUSTON,2,2
KRISTINE ADAMS-WANNBERG,2,8
KRISTOPHER VELASCO,2,7
KRYSTAL MCGARVEY,2,8
KSLM RADIO,2,11
KURT FERRE,2,5
KURT MCKNIGHT,2,2
KURT TANDAN,2,2
KURT ZARDER,2,11
KURTIS WASULA,2,11
KYLE AARON,2,3
KYLE CLARK,2,19
KYLE CURTIS,2,2
KYLE GEELAN,2,3
KYLE HARRIS,2,10
KYLE IZATT,2,3
KYLE KERN,2,2
KYLE LATHROP,2,10
KYLE LAVINE,2,11
KYLE LEWIS,2,12
KYLE RAINBOLT,2,5
KYLE VALENTINE,2,2
KYLIE GRUNOW,2,2
L2 INC,2,4
LA LONDE ELECTRIC,2,2
LA LOTERIA TACO SHOP,2,2
LA MARGARITA,2,3
LABORER'S LOCAL 737,2,13
LACH LITWER,2,4
LADD HENDERSON,2,4
LAJUANA DECKER,2,6
LAKE OSWEGO CHAMBER OF COMMERCE,2,5
LAKE TACO,2,2
LAMAR,2,5
LANA GRAFF,2,2
LANCE HAMEL,2,3
LANCE KILLIAN,2,2
LANCE LARSON,2,2
LANDON DAVIS,2,5
LANDON DULL,2,11
LANDON RUFENER,2,2
LANE COOS CURRY DOUGLAS BUILDING,2,4
LANE COOS CURRY DOUGLAS BUILDING TRADES COUNCIL,2,2
LANE SULLIVAN,2,11
LANGDON FARMS,2,8
LANGER FAMILY LLC,2,3
LANGSTON HAMILTON,2,10
LANI HAYWARD,2,2
LARISA MAUSELLE,2,5
LARRY BROWN,2,2
LARRY CARTER,2,4
LARRY DECKMAN,2,20
LARRY DICKSON,2,2
LARRY DUYCK,2,2
LARRY ETZEL,2,12
LARRY KEITH,2,2
LARRY LUDEKING,2,36
LARRY MILLER,2,3
LARRY REEVES,2,3
LARRY REYNOLDS,2,6
LARRY TURNER,2,6
LARRY VANDERVORT,2,5
LARS SEVERSON,2,4
LASER PRINT & COPY,2,2
LATINO NETWORK ACTION FUND,2,14
LAURA BUHL,2,10
LAURA EVERARD,2,4
LAURA GAMARRA,2,5
LAURA GILLPATRICK,2,4
LAURA HUGHES,2,5
LAURA L DORN,2,2
LAURA LATHAM,2,3
LAURA PARRISH,2,4
LAURA SCHLAFLY,2,10
LAURA THOMPSON,2,4
LAURA WIMMER,2,5
LAUREL MCLEOD,2,7
LAUREL SHOCKLEY,2,5
LAUREN BARNHART,2,18
LAUREN CLARKE,2,3
LAUREN CONNALLY,2,2
LAUREN LUCHT,2,2
LAUREN MENY,2,5
LAURIE HERBERHOLZ,2,8
LAURIE HOEFER,2,7
LAURIE KENDALL,2,2
LAURIE KIMMELL,2,9
LAW OFFICES OF PATRICK G. CADIZ,2,2
LAWRENCE BURKE,2,4
LAWRENCE SMITH,2,5
"LE CHEVALLIER STRATEGIES, LLC",2,2
LEAD LOCALLY PAC,2,2
LEADERSHIP FOR EDUCATIONAL EQUITY,2,3
LEADING LIGHT ADVISORS,2,3
LEAH RICH,2,2
LEANN HARRIS,2,5
LEAP AHEAD CENTER LLC,2,2
LEBANON CHAMBER OF COMMERCE,2,5
LEE ANN ERICKSON,2,8
LEE CURRAN,2,2
LEE DUDLEY,2,3
LEE JONES,2,4
LEE JURASEVICH,2,5
LEE WEINSTEIN,2,8
LEGACY STRATEGIES,2,4
LEIF LINDSETH,2,2
LEIGH SHELTON,2,4
LEMON LEAF THAI KITCHEN,2,3
LERON BROOKS,2,11
LES DAVIS,2,2
LESLIE COX,2,6
LESLIE DICOU,2,2
LESLIE DINSDALE,2,2
LESLIE FRANE,2,9
LESLIE GREEN,2,2
LESLIE KAY,2,3
LESLIE RUBINSTEIN,2,4
LESLIE WEAVER,2,2
LESLY MAGDALENA MUNOZ,2,12
LESTER FRIEDMAN,2,3
LEVERENZ & ASSOCIATES,2,6
LEVI KRAUTER,2,7
LEVI LEATHERBERRY,2,4
LEVI MARTIN,2,11
LEW FREDERICK,2,6
LEWIS BARNES,2,2
LEWIS BRANTLEY,2,4
LEWIS MCFARLAND,2,13
LEZEL AMES,2,11
LIAM FROST,2,4
LIBBY MCLAIN,2,2
LIBRA FORDE,2,2
LIESBETH MACK,2,11
LIL STINKER,2,2
LILIAN SANDER,2,3
LILIANA VALADEZ ALVAREZ,2,5
LILLIAN BUCKLIN,2,9
LINCOLN CITY CULTURAL CENTER,2,5
LINCOLN COUNTY CLERK,2,5
LINCOLN COUNTY HISTORICAL SOCIETY,2,5
LINDA AGUE,2,4
LINDA ANDREASON,2,2
LINDA BURGEL,2,3
LINDA CARNINE,2,10
LINDA CLOWERS,2,4
LINDA FEIK,2,3
LINDA HALLBERG,2,5
LINDA HARTLING,2,5
LINDA HOLCOMB,2,4
LINDA LARKIN,2,2
LINDA LEATHERS,2,7
LINDA LYNCH,2,7
LINDA MILLER,2,4
LINDA MOUNTS,2,11
LINDA NEUMANN,2,7
LINDA POLIER,2,3
LINDA PULLEN,2,2
LINDA QUINN,2,5
LINDA RAY-KEENEY,2,6
LINDA WEST,2,9
LINDA YORKE,2,2
LINDSAY BLACHLY,2,11
LINDSAY RAY,2,4
LINDSEY BURROWS,2,2
LINDSEY CULVER,2,12
LINDSEY HOEFT,2,3
LINKTREE,2,6
LINN COUNTY FAIR,2,3
LIONEL SANDOVAL,2,3
LISA ALLEN,2,5
LISA BATEY,2,10
LISA CARR,2,4
LISA EVANS,2,2
LISA FREEMAN,2,4
LISA FREY,2,2
LISA JOHNSON,2,5
LISA KIM,2,10
LISA LEDSON,2,3
LISA LUDWIG,2,3
LISA MALONEY,2,2
LISA MCCARTHY,2,6
LISA RAY,2,2
LISA RICE,2,3
LISA ROBLES MD LLC,2,2
LITHIA HONDA OF SALEM,2,2
LITHIA MERCEDES-BENZ OF PORTLAND,2,2
LITHIA MINI OF PORTLAND,2,2
LITHIA TOYOTA OF MEDFORD,2,2
LIUNA LOCAL 483,2,2
LIZ GOODRICH,2,3
LOGAN BLANEY,2,11
LOGAN GILLES,2,3
LOGAN OLDENBURG,2,6
LOGAN ST MARIE,2,11
LOGAN WALLAERT,2,3
LOIS SMITH,2,22
LOIS STARK,2,5
LOOKING GLASS MEDIA,2,2
LOOKOUT EUGENE-SPRINGFIELD,2,2
LORA MEISNER,2,5
LORELEI BENSEL,2,9
LOREN SMITH,2,2
LORENZO RIVERA PEREZ,2,2
LORI BOSHART,2,2
LORI BRIZEE,2,2
LORI DODSON,2,6
LORI EDWARDS-OLSON,2,7
LORI JOHNSON,2,2
LORI L PIERCY,2,49
LORI OLUND,2,2
LORI PAYNE,2,54
LORI STEGMANN,2,2
LORI STENSHOEL,2,3
LORIE FONTAINE,2,3
LORINDA GIELER,2,7
LORNE BULLING,2,2
LORRAINE JORGENSEN,2,4
LORRIE AMAYA,2,8
LORY UTZ,2,18
LOTUS MEDIA GROUP,2,7
LOUANN LUND,2,2
LOURDES SANCHEZ MARTE,2,2
"LOWE'S HOME CENTERS, LLC",2,2
LOWELL FORD,2,2
LOWES,2,6
LU ANN ANDERSON,2,31
LUCAS BELEZOS,2,11
LUCAS KOROTEEV,2,11
LUCAS RITTER,2,2
LUCETTA ELMER,2,11
LUCIANO DURAN,2,7
LUCINDA HAGE,2,2
LUCKY D'S,2,2
LUD CARLSON,2,5
LUIS AVILA MIS,2,6
LUKAS DANIEL,2,5
LUKE MCCARTHY,2,2
LUKE OWEN,2,11
LUKE PARDUE,2,8
LUMEN,2,2
LUMEN TECHNOLOGIES SERVICE GROUP LLC,2,8
"LUMEN TECHNOLOGIES SERVICE GROUP, LLC",2,17
LUPITA MAURER,2,2
LURA KIDNER-MIESEN,2,3
LYDIA HANSON,2,4
LYDIA J ANDERSON,2,5
LYDIA SHAFFER CASAS,2,10
LYND WIEMAN,2,2
LYNDA RHOTEN,2,8
LYNDSIE LEECH,2,7
LYNETTA RICHARDSON,2,3
LYNN FEEKIN,2,2
LYNN KAHLE,2,4
LYNN MARIE CHOWDHURY,2,15
LYNN PETERSON,2,13
LYNN WILSON,2,8
LYNNE SAXTON,2,2
LYUBOV SHIYENKOVA BAKHAR,2,7
M&W ELECTRIC INC.,2,28
MABEL HARRIS,2,2
MAC PRICHARD,2,2
MACLANE PARSON,2,4
MADE BY QUIP,2,5
MADE IN OREGON,2,2
MADELINE BISGYER,2,2
MADELYN ELDER,2,2
MADISON GROSSEN,2,9
MAGDALENA MUNOZ-RIVAS,2,2
MAGEDA ALHMDANY,2,8
MAGGIE RENAUD,2,5
MAI YEE YUAN,2,4
MAIDEN MARKETING LLC,2,10
"MAILCHIMP C/O THE ROCKET SCIENCE GROUP, LLC",2,11
MALCOLM MCIVER,2,5
MALETIS BEVERAGE,2,10
MALIKA EDDEN HILL,2,3
MANDATE MEDIA,2,30
MANU CHAUDHRY,2,3
MANUEL CASTANEDA,2,3
MANUEL MARTINEZ,2,5
MAPS CREDIT UNION,2,5
MARATHON PETROLEUM,2,2
MARATHON PETROLEUM CORP,2,5
MARC JOHNSTON,2,8
MARC NELSON,2,5
MARCIA DIER,2,4
MARCIA KELLEY,2,26
MARCIA SELZ,2,2
MARCOS GONZALEZ,2,8
MARCUS BREUER,2,2
MARCUS BURLEIGH,2,11
MARCUS STONES,2,2
MARDI SPITZER,2,3
MAREN REED,2,2
MARGARET CARTER,2,2
MARGARET DOHERTY,2,25
MARGARET GARMAN,2,4
MARGARET GARRETT,2,3
MARGARET KIRKPATRICK,2,3
MARGARET M RACZEK,2,6
MARGARET TODD,2,6
MARGIE PARIS,2,2
MARGUERITE BERNAL TRAVERSO,2,3
MARIA CABALLERO RUBIO,2,6
MARIA CHAVEZ-ZURITA,2,2
MARIA DE LEON,2,8
MARIA GARCIA VALDESPINOS,2,11
MARIA GUZMAN,2,6
MARIA IBARRA,2,10
MARIA MAURER,2,2
MARIA MORALES,2,9
MARIA POPE,2,2
MARIA RIVERA CEJA,2,11
MARIA RODRIGUEZ,2,4
MARIA SILVA MOLES,2,11
MARIAH ROSSI,2,5
MARIAN DRAKE,2,4
MARIANNA GROSSMAN,2,4
MARIANNE WALKER,2,4
MARIE CHRISTENSEN,2,11
MARIE GREENE,2,4
MARIE RHODEN,2,10
MARILYN COUCH,2,3
MARILYN EPSTEIN,2,2
MARILYN HAWKINS,2,4
MARILYN HEIKEN,2,19
MARILYN STUBBS,2,3
MARIO HERNANDEZ,2,2
MARIO RIQUELME,2,2
MARION CO CLERK,2,5
MARION COUNTY ELECTIONS,2,2
MARION COUNTY FAIR,2,3
MARISSA NEWMAN,2,8
MARITIDE BONAMI,2,8
MARK BIRGE,2,4
MARK BROWN,2,12
MARK COOPER,2,3
MARK DELAPP,2,3
MARK GINSBERG,2,4
MARK GREEN,2,4
MARK H WIGG,2,3
MARK HASSON,2,6
MARK JAMES,2,14
MARK KELLEY,2,4
MARK KILLE,2,2
MARK KRONQUIST,2,12
MARK LEECE,2,2
MARK LEROUX,2,2
MARK LEWIS,2,3
MARK NICHOLS,2,12
MARK O'DONNELL,2,4
MARK OELSCHLAGER,2,4
MARK PORTER,2,2
MARK RAWLINSON,2,2
MARK REAKSECKER,2,10
MARK ROGERS,2,12
MARK RUSSELL,2,3
MARK SMITH,2,22
MARK STOCKAMP,2,2
MARK WENDT,2,2
MARK WILK,2,2
MARK ZANMILLER,2,4
"MARKEE & ASSOCIATES, INC.",2,3
MARKOWITZ HERBOLD PC,2,7
MARKUS REICHART,2,2
MARLENE MEYER,2,2
MARLENE PARSONS,2,2
MARLENE WILSON,2,8
MARQUISS CRUZ,2,8
MARSHALL MCGRADY,2,5
MARTA POORE,2,2
MARTHA ALLBRITTEN,2,10
MARTHA ALVAREZ,2,3
MARTHA DRAGOVICH,2,3
MARTHA DRAGOVITCH,2,2
MARTHA GREGOR,2,6
MARTIN EVONS,2,2
MARTIN KEHOE,2,5
MARTIN KILLINGER,2,4
MARTIN MCMURDO,2,4
MARTIN NICHOLAS,2,3
MARTINEZ AND SONS,2,4
MARTY CAHILL,2,3
MARVIN KAPLAN,2,4
MARVIN MCGUIRE,2,5
MARY ADDAMS,2,2
MARY BEAMER,2,4
MARY BETH MILLER,2,3
MARY BLANKEVOORT,2,7
MARY BUSHEY,2,4
MARY CHALKIOPOULOS,2,2
MARY CHRISTENSEN,2,2
MARY COOKE,2,12
MARY DIRKSEN,2,4
MARY EMERSON,2,4
MARY EVERS,2,2
MARY FAY,2,2
MARY GILBERT,2,3
MARY HANSEN,2,2
MARY HUNTER,2,8
MARY INFANTE,2,9
MARY LEWIS,2,3
MARY LOU HUGHES,2,2
MARY LOU VIGNOLA,2,9
MARY LOUISE MCCLINTOCK,2,3
MARY MARGARET ZAMORA,2,4
MARY MARTIN,2,2
MARY MATTHEWS,2,7
MARY MEARS-HASKELL,2,14
MARY PICKETT,2,3
MARY RENAUD,2,13
MARY RIDGE,2,2
MARY ROBERTS,2,5
MARY ROSE,2,3
MARY RYAN,2,2
MARY SCURLOCK ADAMSON,2,2
MARY SKJELSET,2,10
MARY WAHL,2,2
MARY WILLIAMS,2,11
MARY YOUNG,2,2
MARYANN BARNEKOFF,2,2
MASON BENEKE,2,11
MASON RASK,2,11
MATHEW MERRICK,2,8
MATHEW ROBINSON,2,3
MATHIAS LEHMAN WINTERS,2,9
MATT ENGLISH,2,2
MATT SMITH,2,3
MATT SPRICK,2,3
MATT WAND,2,7
MATTHEW ALBERTSON,2,11
MATTHEW BELL,2,12
MATTHEW BERGIO,2,10
MATTHEW BROWN,2,2
MATTHEW CARON,2,11
MATTHEW CASH,2,18
MATTHEW CHAISSON,2,6
MATTHEW COLLINS,2,12
MATTHEW CONSER,2,4
MATTHEW DEAL,2,3
MATTHEW DENLEY,2,3
MATTHEW DOANE,2,17
MATTHEW DRAKE,2,5
MATTHEW FALCON,2,11
MATTHEW FISHER,2,13
MATTHEW HAWES,2,2
MATTHEW HODGE,2,10
MATTHEW JOHNSTON,2,4
MATTHEW KAPLAN,2,19
MATTHEW KEHOE,2,2
MATTHEW LOSCH,2,11
MATTHEW LYONS,2,6
MATTHEW MAIR,2,11
MATTHEW MCHENRY,2,2
MATTHEW NELSON,2,7
MATTHEW NOSACK,2,11
MATTHEW PREUSCH,2,2
MATTHEW ROBINSON,2,3
MATTHEW RODOCKER,2,7
MATTHEW SHELQUIST,2,11
MAUI MEYER,2,4
MAUREEN MILTENBERGER,2,2
MAUREEN P KENNY,2,7
MAUREEN TRAVERS,2,5
MAURICIO VILLARREAL,2,5
MAVRICK RASK,2,10
MAX BROWN,2,17
MAX FINNEY,2,2
MAX HIGBEE,2,2
MAX HIIVALA,2,11
MAX SHERMAN,2,21
MAXEWELL COLMENARES,2,6
MAXIMILIAN ROBB,2,3
MAXINE FOR CONGRESS,2,6
MAYRA LEDESMA,2,6
MAZEN MALIK,2,10
"MCDONALD EXCAVATING, INC.",2,3
MCFARLAND PRODUCTIONS,2,15
MCKAY'S MARKET,2,3
MCKENNA HOUDE,2,9
MCKESSON CORPORATION EMPLOYEE POLITICAL FUND,2,2
"MCKINSTRY CO, LLC",2,2
MEADOWLARK BOOKKEEPING LLC,2,37
MEDFORD SNEAK PREVIEW,2,2
"MEDIA ANALYSIS, INC",2,8
MEGAN HORNER,2,2
MEGAN JOHNSON,2,19
MEGAN MCMILLAN,2,2
MEGAN MOSELEY,2,2
MEGAN PERKINS,2,45
MEGAN SCHWARTZ,2,10
MEGHAN MCGUIRE,2,19
MEGHAN MOYER,2,2
MEGHAN OLSON,2,4
MEHDI GHAVAM,2,2
MEI GROUP; A MOORE EXCAVATION COMPANY,2,2
MEI YU,2,4
MELANIE GRANT,2,3
MELANIE PLAUT,2,4
MELANIE STRONG,2,2
MELINDA AVILA,2,2
MELINDA GRIER,2,5
MELISSA BARNES DHOLAKIA,2,4
MELISSA BIRD FOR CONGRESS,2,2
MELISSA GOFF,2,2
MELISSA HOPKINS,2,17
MELISSA JONES,2,18
MELISSA LAIRD,2,3
MELISSA MCGUIRE,2,5
MELODY LUELLING,2,8
MELODY MCMASTER,2,3
MELORA GOLDEN,2,3
MELROSE VINEYARDS,2,4
MELVIN MARK,2,3
"MERCK, SHARP & DOHME LLC",2,6
MEREDITH REYNOLDS,2,18
MERETE HOTEL MANAGEMENT,2,8
MERLO CORPORATION,2,5
MERRI WYATT,2,5
MERRIDY MCDANIEL,2,15
MERRY LOJKOVIC,2,4
META FACEBOOK,2,111
META PLATFORMS INC.,2,6
"META PLATFORMS, INC.",2,49
MIA BIRK,2,3
MIA NELSON,2,3
MICAH ROGERS,2,4
MICHAEL ADAMS,2,13
MICHAEL AGEE,2,2
MICHAEL ALLEHOFF,2,2
MICHAEL ARMSTRONG,2,12
MICHAEL AUSTIN,2,4
MICHAEL BEEBE,2,33
MICHAEL BENEDICT,2,3
MICHAEL BENNETT,2,12
MICHAEL BERGER,2,2
MICHAEL BERNERT,2,3
MICHAEL BLANKENSHIP,2,7
MICHAEL BOWERS,2,2
MICHAEL CAMPBELL,2,4
MICHAEL COLBACH,2,19
MICHAEL COLE,2,3
MICHAEL CURTIS,2,2
MICHAEL DARMSTADT,2,11
MICHAEL DEMBROW,2,4
MICHAEL DOHERTY,2,7
MICHAEL ECKERT,2,10
MICHAEL EISELE,2,4
MICHAEL ERICKSON,2,3
MICHAEL FARDELLA,2,2
MICHAEL FIELDMAN,2,3
MICHAEL FREESE,2,2
MICHAEL FUNKE,2,3
MICHAEL GREENE,2,13
MICHAEL GREENLICK,2,2
MICHAEL GRIMM,2,2
MICHAEL HALL,2,4
MICHAEL HANRATTY,2,5
MICHAEL HAYES,2,11
MICHAEL HUGHES,2,7
MICHAEL HUNTINGTON,2,4
MICHAEL IRWIN,2,6
MICHAEL JAMES-LONG,2,6
MICHAEL KEMPER,2,11
MICHAEL KERLINGER,2,5
MICHAEL KESSINGER,2,7
MICHAEL KING,2,2
MICHAEL KREKLAU,2,10
MICHAEL LEDERMAN,2,2
MICHAEL LEE,2,4
MICHAEL LIND,2,23
MICHAEL LONG,2,2
MICHAEL MARSH,2,2
MICHAEL MARTIN,2,10
MICHAEL MARTINEZ,2,9
MICHAEL MCCARTHY,2,3
MICHAEL MCCOY,2,8
MICHAEL MCHENRY,2,5
MICHAEL MCKEEL,2,5
MICHAEL MILCH,2,3
MICHAEL NORRIS,2,10
MICHAEL ODENTHAL,2,3
MICHAEL PATRICK,2,6
MICHAEL PETERSON,2,4
MICHAEL PUTNAM,2,2
MICHAEL QUILLEN,2,13
MICHAEL ROBERTS,2,9
MICHAEL SCOTT,2,12
MICHAEL SEPPA,2,2
MICHAEL SHERIDAN,2,2
MICHAEL SIMPSON,2,3
MICHAEL SIPE,2,4
MICHAEL SLAGLE,2,2
MICHAEL STRATTON,2,3
MICHAEL SUGAR,2,7
MICHAEL SULLIVAN,2,2
MICHAEL TENNANT,2,2
MICHAEL TIBBETTS,2,11
MICHAEL TOWN,2,2
MICHAEL TRIPP,2,3
MICHAEL VERNIER,2,4
MICHAEL WALKER,2,2
MICHAEL WEBER,2,11
MICHAEL WHITE,2,3
MICHAEL WILLIAMSON,2,2
MICHAEL WOOD,2,2
MICHAEL WRIGHT,2,12
MICHAEL'S,2,11
MICHAELS STORES,2,2
MICHAL OTTEN,2,7
MICHELE CASTRO RUFFIN,2,2
MICHELE GAMBURD,2,2
MICHELE KNOWLES,2,2
MICHELE MARTIN,2,4
MICHELE RUFFIN,2,4
MICHELE SEAL,2,2
MICHELE ZATARIAN,2,8
MICHELLE ATKINSON,2,2
MICHELLE BAKER,2,3
MICHELLE BARNES,2,4
MICHELLE BURROWS,2,2
MICHELLE CUNNINGHAM,2,3
MICHELLE EMMONS,2,2
MICHELLE FLETCHER,2,5
MICHELLE FRANKS,2,2
MICHELLE HOLMAN,2,4
MICHELLE JOHNSON,2,3
MICHELLE MILLA,2,6
MICHELLE PARNELL,2,2
MICHELLE PHILLIPS,2,10
MICHELLE SCHARDT,2,8
MICHELLE WILSON,2,12
MIGUEL MORGAN,2,3
MIGUEL MUNOZ,2,9
MIKAYLA NOVA,2,3
MIKE ANDERSON,2,5
MIKE BROSIUS,2,7
MIKE GUTZLER,2,20
MIKE HOLLERN,2,2
MIKE HUNTINGTON,2,6
MIKE MCCARTHY,2,4
MIKE PERHAM,2,21
MIKE REINEMER,2,9
MIKE RILEY,2,4
MIKE SCHMIDT,2,2
MIKE SLAGLE,2,5
MIKE SUNDBERG,2,2
MIKE THELIN,2,2
MIKE WEBB,2,2
MIKE WILLIAMS,2,5
MIKKI GILLETTE,2,2
MILESTONES CAMPAIGNS,2,4
MILWAUKEE TOOL,2,2
MIMI MADURO,2,2
MINH LUU,2,3
MINUTE MAN PRESS,2,3
MIRANDA CROWELL SEBLE,2,3
MIRELL SALINAS CHAVEZ,2,9
MIRIAM FRIEDMAN,2,2
MIRIAM REINHART,2,2
MIRIAM TORRES ORFILA,2,8
MISHA ISAAK,2,6
"MISSION CONTROL, INC.",2,36
MISTY BRAZELL,2,5
MITALI ROY,2,11
MITCH GREEN,2,7
MITCHELL ANDERSON,2,6
MITCHELL BRINKS,2,3
MITCHELL CHRISTIANSEN,2,5
MITCHELL DAILY,2,2
MITCHELL WILLIAMS,2,14
MIYASHA STERNOT,2,16
"MODA PARTNERS, INC",2,7
"MODA, INC.",2,2
MODERN WEB STUDIOS,2,27
MOE FARHOUD,2,4
MOHAMMED HAQUE,2,2
MOLLY BLACK-ZIEGLER,2,9
MOLLY MULLANE,2,11
MONA LINSTROMBERG,2,3
MONA TALLEY,2,11
MONICA KIRK,2,4
MONIQUE DESPAIN FOR CONGRESS,2,2
MONKEY ON THE RUN,2,3
MONMOUTH INDEPENDENCE CHAMBER OF COMMERCE,2,2
MONTANA LEWELLEN,2,4
MONY FARRELL,2,7
MORE INK,2,3
MORLEY HEGSTROM,2,5
MORLEY THOMAS LAW LLC,2,2
MORT BISHOP,2,5
MOTEL 6,2,2
MOTOLODGE PENDLETON,2,2
MOUNTAIN WEST INVESTMENT CORPORATION,2,5
MP PRINTING,2,5
MPG MARKETING & MAILING SERVICES,2,7
MT. HOOD MEADOWS LLC,2,2
MUKESH PATEL,2,3
MULTNOMAH ARTS CENTER,2,6
MULTNOMAH COUNTY,2,3
MULTNOMAH COUNTY CLERK'S OFFICE,2,2
MULTNOMAH MARKETING,2,5
MUNGO,2,3
MY KIDNEY CARE LLC,2,4
MYRA WILKINSON,2,3
N W POLICY ADVOCATES/NGRC,2,2
N.ROBERT STOLL,2,2
N8 EXCAVATION,2,3
NADEJDA TIMOFEEVA,2,8
NADEZHDA SERIK,2,8
NANCY BREEN,2,5
NANCY BROSKIE,2,9
NANCY COCKRELL,2,5
NANCY ELAINE BROSKIE,2,6
NANCY GOLDEN,2,4
NANCY HINNEN,2,2
NANCY JO LEWIS,2,13
NANCY MACMORRIS ADIX,2,18
NANCY MACMORRIS-ADIX,2,19
NANCY NATHANSON,2,2
NANCY NICHOLS,2,13
NANCY PETERSON,2,2
NANCY ROACH,2,19
NANCY STRACHAN,2,6
NANCY VARTANIAN,2,5
NANETTE LA DU,2,2
NANNETTE CARTER JAFRI,2,16
NANOLIX DIGITAL,2,2
NAOMI LEZPONA,2,3
NATALIA KUBAI,2,10
NATALIE CROWDER,2,3
NATALIE KAPUNIAI-RYAN,2,11
NATALIE WEBER,2,2
NATASHA ATKINSON,2,5
NATASHA DAVY,2,2
NATHAN ALBERTSON,2,2
NATHAN B CAMIT,2,5
NATHAN BRAXMEYER,2,2
NATHAN BURLESON,2,11
NATHAN CLINTON,2,3
NATHAN FRANKEL,2,2
NATHAN GALIZIA,2,11
NATHAN HENRY,2,3
NATHAN JONES,2,8
NATHAN MCCLEARY,2,3
NATHAN NAYMAN,2,7
NATHAN RUDD,2,2
NATHAN SASAKI,2,2
NATHAN SMITH,2,7
NATHAN SOLTZ,2,24
NATHAN THIXTON,2,21
NATHAN WINSTON,2,11
NATHANIEL BEED,2,11
NATHANIEL LESLIE,2,3
NATHANIEL ROLAND,2,2
NATHANIEL TOVAR,2,9
NATIONAL CAUCUS OF ENVIRONMENTAL LEGISLATORS,2,2
NATIONAL FEDERATION OF INDEPENDENT BUSINESS (NFIB),2,2
NCCI,2,3
"NCCI, INC.",2,7
NEELAM GUPTA,2,4
NEIL GOSSMAN,2,9
NEIL NEDELISKY,2,2
NEIL NELSON,2,3
NELLIE MCADAMS,2,13
NELSON HALL,2,9
NETWORK SOLUTIONS,2,5
NEUDORFER ENGINEERS,2,2
NEVILL ESCHEN,2,3
NEW AVENUES INK,2,3
NEW PROGRESSIVE NETWORK (DBA NEXTUP ACTION FUND),2,16
NEW SEASONS,2,2
NEW SEASONS MARKET,2,2
NEWSUN ENERGY LLC,2,7
NEXT RENEWABLE FUELS,2,2
NEXTERA ENERGY RESOURCE DEVELOPMENT,2,2
"NEXUS HEALTH, LLC",2,2
NGHI TO,2,3
NGP VAN EVERYACTION,2,2
"NGP VAN, INC",2,3
NIANG CING,2,2
NICHOLAS BRAMMER,2,2
NICHOLAS CALEB,2,2
NICHOLAS GOUDIE,2,11
NICHOLAS HARA,2,3
NICHOLAS HESS,2,4
NICHOLAS HOHENSEE,2,9
NICHOLAS O'NEILL,2,6
NICHOLAS PEDERSON,2,2
NICHOLAS SHEFSTAD,2,5
NICHOLAS SMITH,2,7
NICK DALEO,2,11
NICKOLE FLORY,2,8
NICOLE ABADIR-PRUITT,2,5
NICOLE BASSETT,2,3
NICOLE CALAWAY,2,5
NICOLE CHAISSON,2,9
NICOLE KNUDSEN MATHEWS,2,12
NICOLE QUACKENBUSH,2,5
NICOLE RUSH,2,20
NICOLE SCIALABBA,2,4
NIER COWAN,2,5
NIGHOWL CUSTOM APPAREL,2,3
NIGHTOWL CUSTOM APPAREL,2,4
NIHOLAS PEDERSON,2,7
NIK OVCHINNIKOV,2,2
NIKE,2,7
NIKE INC,2,9
NIKE INC.,2,14
"NIKE, INC AND AFFILIATES",2,4
NINJA TRANSFERS,2,8
NITA WIEBKE,2,3
NKENGE HARMON,2,2
NOAH MISAK,2,5
NOBLE CONSULTING LLC,2,14
NOEL CARLSON,2,3
NOEL PEIRCE,2,2
NOEMI CHI DE GONGORA,2,7
NORA LEIBOWITZ,2,2
NORI LA RUE,2,7
NORJMOO BATTULGA,2,3
NORM BAXTER,2,26
NORMAN GREGSON,2,3
NORMAN HARTWELL,2,5
NORMAN RALSTON,2,8
NORTH CLACKAMAS CHAMBER OF COMMERCE,2,7
NORTH PENINSULA REVIEW,2,4
NORTHERN PACIFIC PRINTING COMPANY LLC,2,4
NORTHWEST GROCERY RETAIL ASSOCIATION,2,2
NORTHWEST NATURAL GAS,2,37
NORTHWEST NATURAL GAS COMPANY,2,4
NORTHWEST REGIONAL ORGANIZING COALITION PAC,2,2
"NOVEMBER, INC.",2,28
NUGGET NEWSPAPER,2,5
NUGGET NEWSPAPER LLC,2,5
"NUMERO, INC.",2,33
NW INSURANCE COUNCIL,2,3
NW POLICY ADVOCATES,2,16
NY TIMES,2,10
OBDULIA GARFIAS,2,5
OBEARY SPIRES,2,5
OC SIGNS,2,2
OCTAVIA WILLIAMS,2,4
OCTAVIO GONZALEZ,2,6
OLDE STONE VILLAGE,2,3
OLEG SALFETNIKOV,2,9
OLIVER BRADY,2,5
OLIVIA RUSSELL,2,11
OLIVIA SMITH,2,3
OLSSON INDUSTRIAL ELECTRIC,2,6
ONPOINT CREDIT UNION,2,26
ONYX BOOKKEEPING,2,10
OPEN AI,2,4
OPSIS ARCHITECTURE,2,2
OPTIMUM PROPERTY MANAGEMENT,2,7
OR SECRETARY OF STATE,2,2
OREGON AFL-CIO,2,31
OREGON AFL-CIO POLITICAL FIELD FUND,2,3
OREGON AUTOMOBILE DEALERS ASSOCIATION,2,3
OREGON BEER & WINE ASSOCIATION,2,2
OREGON BEER & WINE DISTRIBUTORS ASSOCIATION,2,2
OREGON BUSINESS & INDUSTRY ASSOCIATION,2,5
OREGON CHINA COUNCIL,2,2
OREGON CITY BUSINESS ALLIANCE,2,3
OREGON CONVENTION CENTER,2,5
OREGON DAIRY FARMERS ASSOCIATION,2,3
OREGON DENTAL ASSOCIATION,2,7
OREGON EAGLE,2,2
OREGON EMPLOYMENT DEPARTMENT,2,3
"OREGON EXCELLENCE, LLC",2,24
OREGON EYE SURGERY CENTER,2,4
OREGON EYE SURGERY CENTER INC,2,3
OREGON FALLEN BADGE FOUNDATION,2,6
OREGON FARM BUREAU,2,2
OREGON FOOD BANK,2,19
OREGON FUTURES LAB,2,2
OREGON GARDEN RESORT,2,3
OREGON HISTORICAL SOCIETY,2,10
OREGON INDEPENDENT MEDICAL COALITION,2,2
OREGON LABOR CANDIDATE SCHOOL,2,9
"OREGON LABOR FEDERATION, AFL-CIO",2,7
OREGON NEIGHBORHOOD STORE ASSOCIATION,2,2
OREGON OPERATORS MUTUAL BENEFIT CORP,2,2
OREGON OPTOMETRIC PUBLIC AFFAIRS COUNCIL,2,3
OREGON PACIFIC BANK,2,3
OREGON PARKS AND RECREATION DEPARTMENT,2,2
OREGON RESTAURANT  & LODGING ASSOCIATION (ORLA),2,19
OREGON RESTAURANT AND LODGING ASSOCIATION,2,2
OREGON RIGHT TO LIFE EDUCATION FOUNDATION,2,4
OREGON SECRETARY OF STATE - ELECTIONS DIVISON,2,5
OREGON STATE CAPITOL STORE,2,16
OREGON STATE FIREFIGHTERS COUNCIL,2,3
OREGON STATE TREASURY,2,3
OREGON STATIONERS,2,23
"OREGON TERRITORIAL COUNCIL ON FURS, INC.",2,2
OREGON TRANSIT ASSOCIATION,2,2
OREGON TRAPPERS ASSOCIATION,2,2
OREGON WHEAT GROWERS LEAGUE,2,5
OREGON WOMEN FOR AGRICULTURE,2,2
OREGON WOMEN IN TIMBER,2,4
OREGONIANS FOR FOOD & SHELTER,2,2
OREGONLIVE,2,2
OREGONSAVES,2,22
OSVALDO BRAMBILA-VASQUEZ,2,11
OSWEGO HERITAGE COUNCIL,2,2
OTHER,2,33
OTIS GILLIS,2,13
OWEN BLAKE-KNIGHT,2,11
OXFORD SUITES,2,2
OXFORD SUITES HERMISTON,2,3
P.F. CHANG'S CHINA BISTRO,2,2
P2 PROMOTIONS,2,7
PAC/WEST LOBBY GROUP,2,4
PACIFIC LIFESTYLE HOMES,2,6
PACIFIC NORTH PRESS,2,2
PACIFIC PIONEER MARKET ANALYSIS,2,2
PACIFIC PIONEER MARKET ANALYSIS LLC,2,3
PACIFIC RIM COPY CENTER,2,9
PACIFIC SEAFOOD,2,3
PACIFIC SOURCE,2,5
PACIFIC STAINLESS PRODUCTS,2,2
"PACIFIC STAINLESS PRODUCTS, INC.",2,2
PACIFIC WEST BANK,2,3
PACIFICORP,2,11
PACIFICORP PACIFIC POWER/ROCKY MTN POWER,2,3
PACK SHIP & MORE,2,3
"PACNOR, LLC",2,2
PAIGE CHAMBERS,2,11
PAIGE MENDICINO,2,6
PAINTED HILLS NATURAL BEEF,2,9
PAM BERREYESA,2,2
PAM KNIFFIN,2,4
PAM TREECE,2,3
PAM WOJCIK,2,3
PAM ZIELINSKI,2,3
PAMELA BURBACK,2,3
PAMELA DAVID,2,2
PAMELA KELLER,2,4
PAMELA KNIFFIN,2,5
PAMELA MAHER,2,4
PAMELA MAYO PHILLIPS,2,3
PAMELA RUSSELL,2,2
PAMELA TAYLOR,2,40
PAPER & STRING,2,2
PARISA ANSARI,2,2
PARKE RAFFENSPERGER,2,2
PARKING NW,2,6
PARROTT CREEK CHILD & FAMILY SERVICES,2,2
PARTICIPATORY BUDGETING OREGON,2,86
PARTY MART,2,3
PARVIZ SAMIEE,2,4
PAT MCDONALD,2,12
PAT RESER,2,3
PAT TREPINA,2,11
PATHFINDER STRATEGIES LLC,2,10
PATRICIA BERNAT,2,5
PATRICIA BROWN,2,3
PATRICIA DEMPSEY,2,7
PATRICIA DOST,2,2
PATRICIA EVANS,2,3
PATRICIA FROBES,2,3
PATRICIA J RESER,2,3
PATRICIA JENSEN,2,4
PATRICIA JOHNSON,2,3
PATRICIA MATZIE,2,10
PATRICIA MAXWELL,2,2
PATRICIA MCCAIG,2,3
PATRICIA PARVIN,2,11
PATRICIA PHILPOT,2,3
PATRICIA SCHIEBER,2,4
PATRICIA SMITH,2,2
PATRICIA ZIMMERMAN,2,2
PATRICK AITCHISON,2,3
PATRICK ANGEL,2,18
"PATRICK CHRISTENSEN, JR.",2,5
PATRICK DAWSON,2,3
PATRICK FORAN,2,17
PATRICK ILER,2,3
PATRICK LUNSTEDT,2,9
PATRICK M MAGEE-JENKS,2,9
PATRICK MCCOY,2,11
PATRICK MYERS,2,6
PATRICK NEWTON,2,3
PATRICK WHITE-THOMPSON,2,11
PATROCINIA LOPEZ MORALES,2,9
PATSY ROGERS,2,13
PATTE SULLIVAN,2,2
PATTI ADAIR FOR CONGRESS,2,4
PATTI BARKIN,2,5
PATTY BUEHLER,2,2
PAUL AUBRY,2,2
PAUL BALMER,2,4
PAUL BEVERS,2,5
PAUL BOVARNICK,2,3
PAUL BROWN,2,2
PAUL E COMPTON,2,9
PAUL FISHER,2,7
PAUL FREED,2,6
PAUL GAY,2,12
PAUL HARRIS,2,5
PAUL HENKE,2,2
PAUL JONES,2,2
PAUL KIRSCH,2,2
PAUL KRUEGER,2,20
PAUL LANGNER,2,6
PAUL LOVING,2,2
PAUL MILNE,2,4
PAUL NEESE,2,3
PAUL NEWMAN,2,4
PAUL NIETFELD,2,3
PAUL NOLTE,2,2
PAUL RADU,2,2
PAUL SHEPROW,2,2
PAUL TIGAN,2,4
PAULA MINETTI,2,21
PAVLO POTSIKAILO,2,11
PAYA,2,35
"PAYPAL, INC",2,14
PDX WINE EVENTS,2,5
PEDRO BRITO MIRABENT,2,6
PEGGY BREY,2,2
PEGGY NAGAE,2,12
PEGGY SHIPPEN,2,2
PENCE CONTRACTORS,2,2
PENDULUM CREATIVE GROUP,2,3
PENNY RADER,2,7
PEOPLE'S BANK OF COMMERCE,2,3
PEPSICO,2,3
PEPSICO INC.,2,3
PEREN TIEMANN,2,2
PETE PERRY,2,2
PETER A BRAUN,2,3
PETER ANGEL,2,4
PETER B DINSDALE,2,2
PETER BISHOP,2,2
PETER BRAGDON,2,3
PETER DEFAZIO,2,9
PETER EDBERG,2,5
PETER GEISER,2,7
PETER GREENBERG,2,2
PETER HAINLEY,2,3
PETER HESS,2,18
PETER HOOVER,2,3
PETER JOHNSON,2,3
PETER KOEHLER,2,2
PETER MELROSE,2,7
PETER MILLET,2,8
PETER MOORE,2,10
PETER MORSE,2,3
PETER NORDBYE,2,2
PETER PASTRELL,2,4
PETER POBOR,2,9
PETER RUX,2,7
PETER STOTT,2,3
PETERSON CAT,2,3
PFIZER INC,2,18
"PFIZER, INC",2,3
PHARMACEUTICAL CARE MANAGEMENT ASSOCIATION (PCMA),2,2
PHIL CHANG,2,6
PHIL WOLFE,2,2
PHILIP BARNHART,2,11
PHILIP BRECKENRIDGE,2,10
PHILIP CARVER,2,6
PHILIP G HENDERSON,2,4
PHILIP GORMAN,2,6
PHILIP HENDERSON,2,12
PHILIP KALBERER,2,2
PHILIP KNIGHT,2,2
PHILIPP KUPFER,2,2
PHYLLIS MATHEWS,2,6
PILOT,2,7
PIONEER TRUST BANK,2,56
PIYAWEE RUENJINDA,2,3
PLANNED PARENTHOOD OF THE COLUMBIA WILLAMETTE,2,2
"PMI GLOBAL SERVICES, INC",2,2
POLITY STAFFING LLC,2,277
POLLY WOOD,2,3
PORTER FOLTZ,2,3
PORTER ORR,2,9
PORTER STEWART,2,11
PORTLAND AIRPORT,2,7
PORTLAND BUTTON WORKS,2,2
PORTLAND CLEAN AIR FUND,2,9
PORTLAND COMMUNITY COLLEGE,2,7
PORTLAND GENERAL ELECTRIC (PGE),2,38
PORTLAND MARRIOTT DOWNTOWN WATERFRONT,2,6
PORTLAND PARK SHUTTLE N FLY,2,2
PORTLAND PARKS & RECREATION,2,4
PORTLAND STATE UNIVERSITY FOUNDATION,2,2
POSTAL ANNEX,2,2
POSTAL CONNECTIONS,2,6
POSTMASTER,2,14
POWELL BUTTE COMMUNITY CENTER,2,2
POWELL'S CITY OF BOOKS,2,2
POWELL'S NURSERY,2,2
POWERS INTERACTIVE DIGITAL LLC,2,7
PRADNYA PATIL,2,5
PRAXIS POLITICAL,2,21
PREGAME INC,2,2
PRESTON HARE,2,7
PRESTON-WERNER REVOCABLE TRUST,2,6
PRICELINE.COM,2,4
PRIMAL PROPERTY MANAGEMENT,2,5
PRIME THERAPEUTICS LLC EMPLOYEE STATE PAC,2,3
PRINT PLACE,2,3
PRINTSYNC,2,3
PRISCILLA BERNARD WIEDEN,2,2
PRISE DESIGN GROUP,2,8
PROFESSIONAL ADJUSTERS,2,3
PROFESSIONAL CREDIT SERVICE,2,3
PRONTOPRINT,2,5
PROPERTIES NORTHWEST,2,3
PSI,2,2
"PT STRATEGY, LLC",2,14
"PUBLIC AFFAIRS COUNSEL, INC.",2,17
PUBLIC OPINION STRATEGIES,2,12
PUBLICHOUSE,2,3
PURE BUTTONS,2,2
"PURPLE STATE STRATEGIES, INC.",2,8
QUINLAN BRUNNER,2,4
QUINN CHAU,2,9
QUIP,2,6
QUIP/BLUE BUS,2,4
"R.D. OFFUTT COMPANY-NORTHWEST DBATHREEMILE CANYON FARMS, LLC",2,6
RACHAEL DUKE,2,2
RACHEL ARMITAGE,2,3
RACHEL BITECOFER,2,3
RACHEL G PHILIP,2,6
RACHEL HANSEN,2,12
RACHEL KORACH,2,2
RACHEL LAWSON,2,6
RACHEL STRUTHERS,2,11
RACHEL THORSETT,2,10
RACHELLE LOOSLEY,2,3
RADISSON HOTEL,2,2
RAE GORDON MUSIC LLC,2,2
RAFAEL FULGENCIO,2,2
RAHEL TSEGAY,2,11
RAINE GRIFFIN,2,4
RAINE MILLER,2,3
"RAISE MORE, INC.",2,2
RALPH CORTEZ,2,5
RALPH M SCARIANO,2,6
RALPH WISER,2,2
RAMIRO NAVARRO,2,3
RAMONA LEWIS,2,4
RAMSEY GREEN,2,2
RANDA BLANDING,2,3
RANDALL TOSH,2,3
RANDY ELMER,2,17
RANDY HARNISCH,2,7
RANDY KNOP,2,4
RANDY PAUL,2,21
RANDY SMITH,2,5
RASHELLE NEWMYER,2,2
RAY TERCEK,2,10
RAY'S PRINTSHOP,2,15
RAYMOND ALBANO,2,18
RAYMOND DAVIS,2,3
RAYMUNDO LAVARIEGA-RAMIREZ,2,8
RAZIB SHISHIR,2,3
REBECCA DAVIDSON-MCGOLDRICK,2,2
REBECCA GOEHRING,2,5
REBECCA HELM,2,18
REBECCA LEE,2,2
REBECCA TIEL,2,30
REBECCA WALLIS,2,9
REGINA PIRRUCCELLO,2,6
REGINALD P BREEZE,2,2
RELIABLE CREDIT ASSOCIATION,2,2
REMINGTON KLOS,2,9
RENAE JOSEPH,2,4
RENATO QUINTERO,2,14
RENE CORONA,2,4
RENEE RUDER,2,2
RENEWABLE HYDROGEN ALLIANCE,2,5
REPUBLIC SERVICES LE03-AWIN MANAGEMENT INC.,2,2
REPUBLIC SERVICES/LE03-AWIN MANAGEMENT INC.,2,5
REX HOLT,2,2
REX MILLER,2,2
REYNOLDS,2,6
REYNOLDS AMERICAN,2,2
RHETT DEWEY,2,5
RICARDO APODACA ESQUIVEL,2,10
RICH DUNCAN,2,3
RICH DUNCAN CONSTRUCTION INC,2,3
RICH HEANEY,2,7
RICHARD ABRAHAM,2,4
RICHARD AKERMAN,2,36
RICHARD ANDERSON,2,2
RICHARD BELL,2,2
RICHARD CEARNS,2,4
RICHARD CLARK,2,2
RICHARD CLOEPFIL,2,2
RICHARD COHEN,2,3
RICHARD DARST,2,2
RICHARD DAVIS,2,5
RICHARD DUNCAN,2,32
RICHARD EVERTS,2,42
RICHARD GETTMAN,2,2
RICHARD GRAY,2,6
RICHARD GUSTAFSON,2,2
RICHARD HOOD,2,7
RICHARD HUGHES,2,3
RICHARD KAISER,2,3
RICHARD LEWIS,2,3
RICHARD MAULDIN,2,5
RICHARD MEEKER,2,2
RICHARD MORREIRA,2,7
RICHARD OSBORN,2,7
RICHARD PERKINS,2,2
RICHARD PITT,2,2
RICHARD ROBERTS,2,24
RICHARD ROHL,2,2
RICHARD RUSSELL,2,2
RICHARD SOHN,2,2
RICHARD SOTO,2,5
RICHARD WATSON,2,7
RICHARD ZELLER,2,3
RICK DICE,2,4
RICK HARRIS,2,7
RICK JOHNS,2,2
RICK JOHNSON,2,2
RICK LARSON,2,6
RICK PAULSON,2,2
RICK RUSSELL,2,12
RICK SOHN,2,3
RICK WALLACE,2,6
RILEY WAUGH,2,9
RILIE ASHBY,2,11
RINGSIDE STEAKHOUSE,2,3
RINYA FRISBIE,2,23
RIO DAVIDSON,2,5
RION BOURGEOIS,2,2
RISING TIDE MEDIA GROUP,2,4
"RISING TIDE MEDIA GROUP, LLC",2,5
RITCHIE SHARP,2,11
RIVER WEST CHIROPRACTIC CLINIC,2,2
RIVERSIDE HIGH SCHOOL WRESTLING PROGRAM,2,2
RIVERVIEW BANK,2,21
ROB FRERES,2,13
ROB HARRIS,2,3
ROB MALETIS,2,2
ROB WAGNER,2,2
ROB ZAKO,2,6
ROBERT BAILEY,2,2
ROBERT BECKER,2,7
ROBERT BENNETT,2,4
ROBERT BENNINGTON,2,3
ROBERT BEST,2,9
ROBERT BLAKE,2,4
ROBERT BROOKS,2,12
ROBERT BULKLEY,2,2
ROBERT BUTTON,2,8
ROBERT CALO,2,2
ROBERT CARP,2,4
ROBERT CASTLEBERRY,2,3
ROBERT COE,2,11
ROBERT CORTRIGHT,2,5
ROBERT DANIELS,2,11
ROBERT DAVIS,2,2
ROBERT DOUGLAS,2,2
ROBERT DUGGER,2,2
ROBERT ECHENRODE,2,2
ROBERT EGGERS,2,2
ROBERT EGNER,2,7
ROBERT ERWIN,2,10
ROBERT GLASGOW,2,3
ROBERT GOOTEE,2,2
ROBERT GREEN,2,4
ROBERT H GIVEN,2,2
ROBERT HART,2,4
ROBERT HENDERSON,2,14
ROBERT HUSSEMAN,2,4
ROBERT HUSTON,2,3
ROBERT JOHNS,2,3
ROBERT JONES,2,3
ROBERT JOSSY,2,2
ROBERT JUSTUS,2,2
ROBERT KINGZETT,2,3
ROBERT L LEVY,2,5
ROBERT L LEVY REVOCABLE TRUST,2,2
ROBERT LE,2,17
ROBERT LEE,2,2
ROBERT LEWIS,2,3
ROBERT LIEUALLEN,2,3
ROBERT LONG,2,11
ROBERT LUSK,2,2
ROBERT MALETIS,2,2
ROBERT MALONEY,2,3
ROBERT MANS,2,2
ROBERT MCLYMAN,2,3
ROBERT ORR,2,3
ROBERT PALMER,2,2
ROBERT PATRICK,2,3
ROBERT PERRY,2,2
ROBERT PHILLIPS,2,14
ROBERT PIERCE,2,20
ROBERT PLATA,2,3
ROBERT QUILLIN,2,10
ROBERT R COE,2,3
ROBERT ROSE,2,2
ROBERT RUSSELL,2,3
ROBERT SACKS,2,2
ROBERT SINCLAIR,2,8
ROBERT STEWART,2,5
ROBERT STOCKENBERG,2,2
ROBERT TAYLOR,2,2
ROBERT THOMAS,2,3
ROBERT WEIR,2,12
ROBERT WHICKER,2,3
ROBERT WOOD,2,2
ROBERT WOODS,2,2
ROBERTA BOOTS,2,7
ROBERTA HEATH,2,10
ROBERTA KUEGLER,2,11
ROBERTA YAMBASU,2,7
ROBIN ATKINSON,2,4
ROBIN HENDERSON,2,2
ROBIN JOHNSON,2,3
ROBIN PRICE,2,3
ROBIN SIELAFF,2,4
ROBINSON BOOKS,2,9
ROBIXY LLC,2,4
ROBOCENT,2,2
ROBYN REBERS,2,2
ROCKY MOUNTAIN CONSTRUCTION,2,3
ROD BOUCHER,2,7
ROD JONES,2,3
ROE MOTORS,2,2
ROGER MARTIN,2,2
ROGER SHARP,2,10
ROGUE FEDERAL CREDIT UNION,2,9
"ROHL RESOURCES, INC.",2,3
ROMAN BURLACHENKO,2,10
RON KERNAN,2,6
RON MORGAN,2,12
RON SAXTON,2,3
RON TONKIN CHEVROLET,2,2
RON TYREE,2,2
RONALD ABRAMSON,2,6
RONALD GREEN,2,6
RONALD HOLMES,2,3
RONALD LYLES,2,11
RONALD MATHES,2,11
RONALD O DOAN,2,2
RONALD PACKHAM,2,3
RONALD TRUNNELL,2,21
RONALD TYREE,2,4
RONALD WARREN,2,7
RONALD WOLD,2,16
RONDA TROTMAN,2,3
RONNI LACROUTE,2,6
RONNIE WISE,2,6
ROSALYN SHIRACK,2,9
ROSARIO MEDINA,2,3
ROSBORO BUILDING BETTER,2,2
ROSCOE CARON,2,2
ROSE BUCHANAN,2,20
ROSE CHRISTIANSON,2,2
ROSEBURG FOREST PRODUCTS,2,2
ROSEBURG FOREST PRODUCTS CO. POLITICAL ACTION COMMITTEE,2,2
ROSETTA KOACH,2,17
ROSIE ACHORN-RUBENSTEIN,2,2
ROSS NAYLOR,2,9
ROSS ROSETTE,2,3
ROTH'S,2,2
ROXANNE BELTZ,2,9
RPD COMPANY,2,3
RU BUDHI,2,2
RUBY TRONCIN,2,2
RUDY WOLLRABE,2,11
RUN WEBSITE BUILDER,2,28
RUN!,2,2
RUSH ORDER TEES,2,2
RUSLAN BUZHDUGA,2,11
RUSSELL BARNETT,2,2
RUSSELL HATZ,2,2
RUSSELL JOHNSON,2,2
RYAN ALUMBAUGH,2,11
RYAN ANDERSEN,2,11
RYAN BAKER,2,22
RYAN BICKLER,2,18
RYAN BROWN,2,12
RYAN BUCHANAN,2,2
RYAN CAMPBELL,2,4
RYAN COBB,2,3
RYAN COLLIER,2,5
RYAN DEMPSTER,2,2
RYAN FISHER,2,5
RYAN HAZELBAKER,2,3
RYAN HEMPHILL,2,11
RYAN HICKMAN,2,10
RYAN HUEGE,2,4
RYAN KRAGERO,2,5
RYAN LUELLING,2,5
RYAN LUSCH,2,11
RYAN MEYERS,2,12
RYAN MOODY,2,2
RYAN RICHARDS,2,17
RYAN THOMAS,2,2
RYAN TRIBBETT,2,2
RYAN WAUPOOSE,2,4
RYNA MEHR,2,2
SABRINA SPINN,2,2
SADHANA SHENOY,2,2
SAFEWAY FUEL,2,3
SAHAAN MCKELVEY,2,2
SAI LINAH,2,4
SAID CERVANTES VARGAS,2,10
SALEM CONVENTION CENTER,2,6
SALEM POLICE EMPLOYEES UNION,2,6
SALISHAN COASTAL LODGE,2,3
SALLY BABCOCK,2,8
SALLY GRIFFIN,2,3
SALLY JAYNES,2,17
SALLY MIZE,2,3
SALLY RUSSELL,2,3
SALLY SPERB,2,5
SALTY'S,2,3
SALVATORE COLLURA,2,2
SAM FRIEDENBERG,2,5
SAMANTHA ALBAN,2,5
SAMANTHA BEBOUT,2,10
SAMANTHA LYNN,2,2
SAMEER KANAL,2,2
SAMER OBEID,2,8
SAMIRA GODIL,2,3
SAMIRA LOBBY,2,2
SAMUEL DIAZ,2,2
SAMUEL GALLI,2,8
SAMUEL METZ,2,13
SAMUEL NEWHALL,2,4
"SAN GEORGE ESTATES, LLC",2,3
SANDRA BOYCE,2,12
SANDRA COATES,2,2
SANDRA COMSTOCK,2,11
SANDRA FITZPATRICK,2,6
SANDRA MCDONOUGH,2,5
SANDRA ROUMAGOUX,2,2
SANDRO MUNOZ-ALVARDO,2,11
SANJAY NATARAJAN,2,2
SARA DUNCAN,2,10
SARA EPSTEIN,2,4
SARA FISCHER,2,6
SARA GUEST,2,2
SARA OGLE,2,2
SARA WINFIELD,2,5
SARAH AASERUDE,2,4
SARAH ARBUCKLE,2,6
SARAH CASE,2,3
SARAH CHICK,2,2
SARAH ERICKSON,2,4
SARAH FOSTER,2,8
SARAH HUNTER,2,2
SARAH KING,2,11
SARAH PRICE,2,3
SARAH REYNOLDS,2,3
SARAH ROBERTS,2,20
SARAH SCHROTT,2,4
SARAH SMITH,2,3
SARAH TOZIER,2,6
SARAH WETHERSON,2,3
SARO HENDRICKSON,2,2
SAVE OREGON'S LOCAL ECONOMY,2,2
SAVING GRACE HUMANE SOCIETY,2,2
SAWNEE SERVICES LLC,2,4
SAXENA WHITE PA,2,2
"SAYNE INVESTMENTS, LLC",2,2
SCALE-TO-WIN,2,7
"SCENIC VALLEY FARMS, LLC",2,2
SCOTT ALLAN,2,2
SCOTT BODYFELT,2,2
SCOTT BREWER,2,12
SCOTT CANTONWINE,2,3
SCOTT CAPITAL ADVISORS,2,19
SCOTT COE,2,3
SCOTT EATON,2,4
SCOTT FARRAR,2,7
SCOTT HAVENS,2,2
SCOTT HEALY,2,2
SCOTT HOLDINGS LLC,2,2
"SCOTT HOLDINGS, LLC",2,2
SCOTT HOWE,2,7
SCOTT LEE,2,2
SCOTT LEVIN,2,18
SCOTT LOOMIS,2,2
SCOTT NELSON,2,6
SCOTT PARRISH,2,4
SCOTT REICHLIN,2,8
SCOTT SCHULTZE,2,3
SCOTT SMITH,2,4
SCOTT SPECHT,2,11
SCOTT STANTON,2,12
SCOTT STUART,2,8
SEAN HASKELL,2,3
SEAN LOCKMAN,2,10
SEAN MORLAN,2,9
SEAN RICE,2,2
SEAN RIDDELL,2,18
SEASONED,2,3
"SECKORA CONSULTING, LLC",2,3
SECRETARY OF STATE ELECTIONS,2,2
SECURE STORAGE,2,19
SEIU COPE,2,48
SEIU LOCAL 503,2,7
SEIU LOCAL 503 OPEU,2,6
"SEIU LOCAL 503, OPEU",2,52
SELECT IMPRESSIONS,2,5
SERENA CRUZ,2,10
SERENA ST. CLAIR,2,2
SERGE CONNAN,2,11
SERGEI MIKULICH,2,9
SETH BINGMAN,2,5
SETH HOLLAND,2,2
SETH JACKSON,2,3
SETH ROOT,2,4
SETH SCHAEFER,2,2
SEVEN FEATHERS CASINO RESORT,2,15
"SFP-E, LLC",2,5
SHABNAM HEIDAR,2,8
SHAE SMITH,2,9
SHAHRIAR AHMED,2,6
SHAMUS FARRELL,2,11
SHANE DAVIS,2,18
SHANE SINCLAIR,2,6
SHANE WEBER,2,11
SHANNON CONLEY,2,25
SHANNON ISADORE,2,3
SHANNON JOHNSON,2,3
SHANNON JONES ISADORE,2,2
SHANNON KEITH,2,2
SHANNON PRIEM,2,7
SHANNON RUSSELL,2,2
SHANNON RUST,2,2
SHANNON TENNANT,2,2
SHARI NOLDGE,2,6
SHARON BASS,2,5
SHARON BRANNEN-SMITH,2,3
SHARON HARVEY,2,13
SHARYN MORTENSON,2,8
SHAUN RUBECK,2,3
SHAUNA ENGBRECHT,2,7
SHAVER TRANSPORTATION COMPANY,2,2
SHAWN BAIRD,2,2
SHAWN COLLINS,2,5
SHAWN PAUL,2,10
SHAWN VANSYCKLE,2,5
SHAWN WEBB,2,4
SHAWN WERELEY,2,13
SHAWNA HASEL,2,2
SHAYMAA ALQURIQCHEE,2,4
SHAZIA AMANI,2,10
"SHEHZAD JINNAH, , M",2,3
SHEILA BARNES,2,2
SHEILA BIRKENFELD,2,12
SHEILA LANTZ-WEDEL,2,3
SHEILA ROLEY,2,9
SHEILA WATSON,2,5
SHELL,2,4
SHELLEY KOLB,2,4
SHELLEY RICHARDS,2,2
SHELLY BOSHART DAVIS,2,30
SHELLY HUMMEL,2,5
SHELLY MCCARTHY,2,6
SHER SCHWARTZ,2,3
SHERATON,2,4
SHERON FRUEHAUF,2,3
SHERRIE LAND,2,6
SHERRIL MORTENSEN,2,3
SHERWOOD CHAMBER OF COMMERCE,2,2
SHIBIN LI,2,3
SHON SOLBERG,2,4
SHOP STRANGE,2,2
SHUTTERFLY,2,2
SIDE DOOR CAFE,2,3
SIERRA PLAGMANN,2,4
SIGN AGE,2,3
SIGN DUDE,2,5
SIGN ROCKET,2,4
SIGNED THE ARTIST,2,24
SIGNS NOW,2,5
SILVIA RAMIREZ,2,10
SIMONE REDE,2,2
SIRPA DUOOS,2,3
SISTERS CORPORATION,2,2
SITEGROUND,2,3
SITES BY SHANNON,2,5
SKY STEVENS-PURDY,2,2
SKYLINE VIDEO PRODUCTIONS,2,4
SKYRIDGE STRATEGIES LLC,2,5
SLETTIE JONES,2,2
SLOAN HEERMANCE,2,27
"SMITH GARDENS, INC.",2,8
SOMTHAWIN GRONGTHONG,2,14
SONJA CONNOR,2,4
SONYA NEAL,2,5
SOUTHERN WINE & SPIRITS,2,9
SOUTHWEST AIRLINES,2,7
SPECKS PRINTING,2,7
SPECTRUM,2,7
SPECTRUM REACH,2,8
SPENCER KELLY,2,16
SPENCER MANN,2,13
SPORTSMAN WAREHOUSE,2,2
SPRINGFIELD AREA CHAMBER OF COMMERCE,2,3
SPRINGFIELD EDUCATION FOUNDATION,2,2
SPRINGFIELD REALTORS,2,4
SPRINGWATER PARTNERS INC.,2,5
SPROUT CHINN,2,6
SQUARESPACE - SQSP,2,99
"SQUARESPACE, INC",2,7
SRIRAM RAMKRISHNA,2,2
STACEY MCCANN,2,6
STACIE WYSS-SCHOENBORN,2,2
STACY CLARK,2,4
STAN SATTER,2,3
STANLEY PENKIN,2,2
STAPLES INC,2,4
STASH MARTIN,2,10
STATE FARM FIRE AND CASUALTY COMPANY,2,6
STEFANIE BRIGHT,2,9
STELLYS DELI,2,2
STEPH ROUTH,2,8
STEPHANIE CARKIN,2,6
STEPHANIE CONNOR,2,2
STEPHANIE HOOPER,2,3
STEPHANIE HOWARD,2,2
STEPHANIE HUNTER,2,3
STEPHANIE MURPHY,2,3
STEPHANIE NEWTON,2,4
STEPHANIE NOLTE,2,9
STEPHANIE ROUTH,2,8
STEPHANIE SALVAGE,2,3
STEPHANIE WAGNER,2,2
STEPHEN ANDERSON,2,2
STEPHEN BRYAN,2,7
STEPHEN CAPUTO,2,2
STEPHEN CORCORAN,2,32
STEPHEN CREW,2,9
STEPHEN DILLARD,2,3
STEPHEN GOMEZ,2,9
STEPHEN GRIFFITH,2,2
STEPHEN HIRONS,2,3
STEPHEN HOWELL,2,5
STEPHEN KELLY,2,12
STEPHEN LAGOZZINO,2,2
STEPHEN MASSEY,2,4
STEPHEN MILLER,2,8
STEPHEN PELOQUIN,2,2
STEPHEN PERCY,2,2
STEPHEN PLATT,2,10
STEPHEN SMITH,2,7
STEPHEN SNIPES,2,2
STEPHEN SWAYZE,2,11
STEPHEN VEAL,2,37
STEPHEN VOORHEES,2,18
STEPHEN WATSON,2,2
STEPHEN ZAINA,2,7
STEPHEN ZIMMERMAN,2,2
STEVE CARSON,2,18
STEVE GORDON,2,3
STEVE HAMMERSON,2,6
STEVE LARSON,2,30
STEVE LOCKE,2,2
STEVE MCCALLION,2,4
STEVE NELSON,2,4
STEVE NYE,2,4
STEVE ROTI,2,2
STEVE WRIGHT,2,3
STEVE'S BUTTONS,2,3
STEVEN BRUCKNER,2,12
STEVEN COOK,2,8
STEVEN DEMAREST,2,6
STEVEN FELDKAMP,2,3
STEVEN FLETCHER,2,3
STEVEN GOLDBERG,2,2
STEVEN HOPKINS,2,10
STEVEN KASSEL,2,2
STEVEN KINNAN,2,4
STEVEN LIEN,2,7
STEVEN LITTLE,2,3
STEVEN MARTINEZ,2,9
STEVEN MILLER,2,3
STEVEN NOVICK,2,5
STEVEN PHILLIPS,2,5
STEVEN REHM,2,11
STEVEN RODGERS,2,11
STEVEN ROMEY,2,2
STEVEN ROSE,2,2
STEVEN RUTER,2,9
STEVEN RYAN,2,10
STEVEN SHIMOTAKAHARA,2,2
STEVEN STAPP,2,4
STEVEN VANGRUNSVEN,2,2
STEVEN WILSON,2,10
STEVEN YETT,2,2
STEWART PETERSON,2,3
STEWART WILLIAMS,2,2
STICKER NINJA,2,2
STIFF ARM LLC,2,4
STOLLER FAMILY ESTATE,2,2
STORYTELLERS DIGITAL LLC,2,2
STRAIGHT FROM NY PIZZA,2,4
STRATOS FLANDERS,2,3
STRIPE INC,2,15
"STRIPE, INC",2,258
"STRIPE, INC.",2,4
STRIPE.COM,2,427
SUBARU OF BEND,2,2
SUE DENSMORE,2,4
SUE MANDEVILLE,2,7
SUE O'HALLORAN,2,5
SUE PETERSEN,2,2
SUE PIAZZA,2,6
SUE WALKER,2,3
SUHAIL KHAN,2,11
SUMAN MALEMPATI,2,2
SUMMER LITTLE,2,10
SUMMER MCFARLAND,2,6
SUMMIT FINANCE NW,2,3
SUMMIT STRATEGIES GOVERNMENT AFFAIRS,2,2
SUMMITT STRATEGIES GOVERNMENT AFFAIRS LLC,2,2
SUPERIOR SANITATION,2,2
SUPERVINYL SIGNS AND BANNERS,2,4
SURYO WIBOWO,2,6
SUSAN ABRAMS,2,2
SUSAN ACKERMAN,2,2
SUSAN CONNOLLY,2,2
SUSAN CRAWFORD,2,2
SUSAN DUSSAULT,2,18
SUSAN FERNALD,2,14
SUSAN GIAQUINTO,2,2
SUSAN HERMRECK,2,2
SUSAN HOLT,2,6
SUSAN JOHNSON,2,2
SUSAN JONES,2,4
SUSAN KASS,2,3
SUSAN KEIL,2,2
SUSAN KING,2,2
SUSAN LEE,2,3
SUSAN LONG,2,3
SUSAN M DEERE,2,3
SUSAN ONIKAMA,2,42
SUSAN REEP,2,11
SUSAN REPP,2,2
SUSAN RIEKE SMITH,2,2
SUSAN SALAZAR,2,3
SUSAN SCHNITZER,2,3
SUSAN SHEPARDSON,2,2
SUSAN SKINNER,2,5
SUSAN SOUERS,2,5
SUSAN TATE,2,2
SUSAN TROCCOLO,2,7
SUSAN WATKINS,2,3
SUSAN WIDENER,2,45
SUSAN WOLLING,2,2
SUSANNA ABRAHAMSON,2,14
SUSANNA LEVIN,2,2
SUSANNA STEWART,2,2
SUSANNE ESCH,2,2
SUSANNE WATKINS,2,29
SUTHERLIN FFA,2,4
SUTHERLIN LAND LLC,2,2
SWAGIFY,2,2
SWANSON GROUP INC,2,3
"SWANSON GROUP, INC.",2,4
SWAY DC,2,9
"SWEENEY PROMOTIONS, INC.",2,4
SWICKARD HONDA,2,2
SYDNEY MONTANARO,2,3
SYED QASIMUDDIN,2,8
SYLVIA BLACK,2,16
SYRACUSE CULTURAL WORKERS,2,11
T-MOBILE USA INC.,2,10
TABORSPACE,2,3
TACEY HARP,2,9
TAMARA DAVENPORT,2,2
TAMI REBMAN,2,2
TAMMY CHANDLER,2,3
TAMSIN TAYLOR,2,6
TAN TAN CAFE & DELICATESSEN,2,4
TANNER MAYS,2,11
TAPROOT LOUNGE & CAFE,2,4
TARA BLACKINTON,2,7
TARA LAWRENCE,2,16
TAREN FEIST,2,15
TARYN BAZURTO,2,31
TATUM RODRIGUEZ,2,11
TAWNA SANCHEZ,2,8
TAWNYA KRAMER,2,9
TAYLOR GIBSON,2,3
TAYLOR GOODMAN,2,2
TAYLOR SMITH,2,7
TAZMAN MOFFETT,2,11
TED FERRY,2,4
TED GILBERT,2,3
TED KEENER,2,2
TED LABBE,2,3
TED MILLAR,2,3
TED REUTER,2,2
TEDDI CARBONNEAU,2,11
TELEFRIEND CONSULTING LLC,2,15
TELLY WIRTH,2,3
TEO RAMIREZ,2,4
TERENCE BARR,2,5
TERESA ALONSO LEON,2,3
TERESA BRANDON,2,2
TERESA HARRIS,2,9
TERESA OLSON,2,2
TERI BARICHELLO,2,2
TERI LUPOLI,2,2
TERI WINCHESTER,2,11
TERRANCE AARNIO,2,3
TERRELL GARRETT,2,3
TERRENCE BEAN,2,2
TERRENCE KUENZI,2,2
TERRI ANDERSON,2,3
TERRI BAARSTAD,2,3
TERRI FORAN,2,2
TERRY REYNOLDS,2,5
TERRY SCHMITZ,2,17
TERRY TOMENY,2,2
TERRYL KEMPLE,2,2
TESS GLADSTONE,2,3
TESS MILIO,2,5
TEXTEDLY,2,3
TEXTING FOR LESS,2,2
THATCH TOWLERTON,2,3
THAYER DESIGN BUILD,2,2
THE ASSOCIATED LIQUOR STORES OF OREGON,2,5
THE BARTON LAW FIRM P.C.,2,8
THE BAYARD REVOCABLE LIVING TRUST,2,3
THE BLACK PARENT INITIATIVE,2,2
THE BUSINESS JOURNALS,2,2
THE CAPITAL GRILLE,2,2
THE CATTLE-IST LLC,2,4
THE CIGNA GROUP EMPLOYEES PAC,2,2
THE CLARKE COMPANY LLC,2,8
THE COPY SHOP,2,8
THE DAILY WIRE,2,2
THE DOVER GROUP,2,7
THE FUND FOR PORTLAND PUBLIC SCHOOLS,2,2
THE GRAND AMERICA HOTEL,2,4
THE GRAND HOTEL,2,10
THE HOTEL SALEM,2,6
THE HOTEL ZAGS,2,3
THE ID ZONE,2,2
THE LAB STRATEGIES,2,17
THE M. MALETIS COMPANY,2,3
THE MAGA MALL,2,2
THE MAIL BOX STORE,2,5
THE MAKE-IT MARKET,2,8
THE MOUNTAIN BROADCASTING LLC,2,3
THE NEW ERA,2,4
THE OREGON CLINIC,2,2
THE PARTY STORE,2,3
THE PRINTING POST,2,5
THE REC,2,3
THE RETREAT AT SILVIES VALLEY RANCH,2,6
THE SOUTHEAST EXAMINER,2,3
THE STREET TRUST,2,2
THE WARREN,2,4
THE WILD HARE SALOON,2,3
THEODORE LABBE,2,2
THEODORE LYSTER,2,4
THERESA BUXTON,2,3
THERESA CUMMINGS,2,2
THERESA GIBNEY,2,2
THERESA HATTON,2,6
THERESA SNYDER,2,2
THERESE MACGREGOR,2,2
"THERON MCANDREW, II",2,6
THOMAS ABREGO,2,2
THOMAS BRENNEKE,2,3
THOMAS CLARK,2,7
THOMAS CODY,2,5
THOMAS CRAMER,2,2
THOMAS D'AMORE,2,22
THOMAS E NITCHER,2,2
THOMAS FINK,2,2
THOMAS HAMMER,2,17
THOMAS K WIMBERLY,2,2
THOMAS KARWAKI,2,2
THOMAS NGO,2,2
THOMAS OSBORNE,2,18
THOMAS RATCLIFFE,2,2
THOMAS RICHMOND,2,2
THOMAS ROHAN,2,10
THOMAS S HAMMER,2,4
THOMAS SMITH,2,4
THOMAS SPAULDING,2,3
THOMAS TROTTER,2,8
THOMAS VANDERZANDEN,2,8
THOMAS WALKER,2,17
THOMAS WILEY,2,3
THOMAS WIMMER,2,3
THOMAS ZELENKA,2,2
"THREEMILE CANYON FARMS, LLC",2,8
THUY TRAN,2,3
THUY VO,2,2
TIAJUANA HOWARD,2,3
TIFFANY BROWN,2,2
TIGNOR COFFEE LLC,2,2
TIKTOK,2,10
TILLAMOOK,2,2
TILLAMOOK COUNTY FARM BUREAU,2,2
TILLAMOOK COUNTY PIONEER,2,3
TIM DAVIS,2,2
TIM HAGEDORN,2,2
TIM JONES,2,14
TIM KNOPP,2,2
TIM MURPHY,2,2
TIM RUST,2,2
TIM TEES,2,4
"TIMBERLAND HELICOPTERS, INC.",2,3
TIMOTHY ARGUIJO,2,5
TIMOTHY BERNASEK,2,2
TIMOTHY BORMAN,2,2
TIMOTHY DAVIS,2,2
TIMOTHY DOBSON,2,2
TIMOTHY GALLO,2,2
TIMOTHY HALL,2,2
TIMOTHY HELFRICH,2,18
TIMOTHY NELSON,2,4
TIMOTHY QUENELLE,2,21
TIMOTHY S RAMEY,2,3
TIMOTHY SHANNON,2,2
TIMOTHY TREEN,2,2
TIMOTHY WILLIAMS,2,3
TIMUR ENDER,2,2
TINA CASTANARES,2,3
TINA GRIMES,2,5
TINA MARTIN,2,10
TINA ROBERTS,2,3
TIPOLO CONSULTING,2,16
TJ MAXX,2,2
TNHC OREGON LLC,2,2
TOBIAS READ,2,6
TODD ADAMS,2,10
TODD BAKER,2,2
TODD BAUMAN,2,3
TODD BECK,2,2
TODD FOSTER,2,7
TODD GOODING,2,6
TODD JOHNSON,2,6
TODD TAYLOR,2,2
TODD YOUNG,2,3
TOM ADAMS,2,16
TOM ANDERSEN,2,3
TOM ARCHER,2,2
TOM BARROWS,2,2
TOM DI LIBERTO,2,4
TOM DOLE,2,4
TOM GESSEL,2,2
TOM HAMMER,2,7
TOM HOFFERT,2,2
TOM HOPE,2,3
TOM MULFLUR,2,2
TOM OLIVER,2,2
TOM STERN,2,2
TOMASA CAN POOL,2,9
TOMMY LASTER,2,2
TONI ATKINS FOR GOVERNOR 2026,2,5
TONI MCDOUGALL,2,4
TONIA MORO,2,3
TONKIN HILLSBORO CHEVROLET,2,2
TONY DEBONE,2,5
TONYA GRAHAM,2,4
TONYA MCNEESE CHAFFEY,2,2
TORAN MILWAY,2,10
TORRIE PHILIPPI-GRIGGS,2,5
TOTAL MECHANICAL,2,2
TOUCHMARK,2,4
"TOWNSEND FARMS, INC.",2,5
TOYOTA OF PORTLAND,2,2
TRACI KIYAMA,2,3
TRACTOR SUPPLY CO,2,2
TRACY HUNTER,2,5
TRACY KARSHNER,2,2
TRADER JOES,2,5
"TRADEWINDS TRANSPORTATION, LLC",2,3
TRAVELERS INSURANCE,2,6
TRAVELERS PROPERTY CASUALTY,2,15
TRAVIS BEEDLE,2,4
TRAVIS COALMAN,2,7
TRAVIS EIVA,2,16
TRAVIS HUNT JR,2,8
TRAVIS JOHNSON,2,2
TRAVIS MEUWISSEN,2,6
TRAVIS SNYDER,2,2
TRAVIS TRUMBULL,2,3
TRENA JORDAN,2,8
TREVOR BRYAN,2,11
TREVOR COOPER,2,10
TREVOR JONES,2,12
TREVOR WHISMAN,2,11
TREY TAYLOR,2,5
TREY TAYLOR MUSIC,2,2
TRICIA MURPHY,2,5
TRILLIANT PROPERTY MANAGEMENT,2,34
TRIP.COM,2,2
TRIPP DIETRICH,2,3
TRISTAN ADAMS,2,10
TRIXIE BIGBY,2,4
TROY JONES,2,3
TROY SINN,2,3
TRUAX CORPORATION,2,4
TRUDY SARGENT,2,3
TUCKER BOUNDS,2,2
TUMWATER RESERVE,2,3
TWIN MOUNTAIN NEWS,2,4
TY RUPERT,2,2
TYLER BROWN,2,5
TYLER BUTLER,2,10
TYLER CLARKE,2,2
TYLER HUCK,2,3
TYLER MARTINEZ SCHROEDER,2,3
TYLER MESKERS,2,4
TYLER MILLER,2,3
TYLER WILSON,2,4
TYSEN MALCHOW,2,11
TYSON SALMON,2,14
U PRINTING,2,2
U S POST OFFICE,2,5
U S POSTAL SERVICE,2,3
UA 290 GENERAL OPERATING FUND,2,23
UBER TECHNOLOGIES,2,16
UBER TECHNOLOGIES INC,2,8
ULYSSES SHERMAN,2,3
UMATILLA ELECTRIC COOPERATIVE,2,2
UMPQUA FISHERY ENHANCEMENT DERBY,2,3
UMPQUA VALLEY REPUBLICAN WOMEN,2,5
UMPQUA VALLEY WINEGROWERS ASSOCIATION,2,5
UNFILTERED MEDIA GROUP,2,4
UNION COUNTY,2,2
UNION COUNTY FAIR ASSOCIATION,2,3
UNITED FOOD & COMMERCIAL WORKERS,2,3
UNITED FOOD AND COMMERCIAL WORKERS UNION LOCAL 555,2,14
UNITED FOR PORTLAND,2,3
UNITED STATES AUTOMOBILE ASSOCIATION (USAA),2,4
UNITED STATES POSTAL SERVICE - OREGON CITY,2,12
UNITED STRATEGIES & CONSULTING LLC,2,4
UNITEDHEALTH GROUP,2,2
UNTIDY ORIGINS LLC,2,67
UP/UNION PACIFIC RAILROAD COMPANY,2,3
UPS,2,2
UPTOWN DEVELOPERS LLC,2,5
URBAN DECANTER,2,2
URBAN LEAGUE OF PORTLAND,2,7
US CHEF'S STORE,2,6
US FOODS,2,6
US POSTMASTER,2,5
USPS - EAGLE POINT,2,2
USPS PO BOXES,2,5
USPS STAMP FULLFILLMENT SERVICES,2,4
UZ MARKETING,2,4
VAHID ESHRAGHI,2,2
VALERIE CLOSE,2,17
VALERIE DRAPER WOLDEIT,2,6
VALERIE GALLIC,2,3
VALERIE RUDOLPH,2,2
VALERIE TROYER,2,5
VALERIE TURNER,2,4
VALORIE BOUCHER,2,3
VALORIE WRINKLE,2,8
VAN LIEU,2,2
VANCE YOAKUM JR,2,3
VANY HO,2,7
VAWTER PARKER,2,6
VENTI'S CAFE,2,5
VENUS SMITH,2,2
VERA REZNICK,2,5
VERN KATZ,2,2
VERNON DAVIS,2,2
VERNON HUFFER,2,2
VERTEX PHARMACEUTICALS INC,2,4
VERTEX PHARMACEUTICALS INC.,2,8
VERTEX PHARMACEUTICALS INCORPORATED,2,4
VICKI BAKER,2,7
VICKI BOWERS,2,2
VICKI PARKER,2,2
VICKY FERNANDEZ,2,2
VICTOR MOLLOZZI,2,4
VICTOR RUSSELL,2,2
VICTOR SANTILLAN,2,11
VICTORIA JOHNSON,2,2
VICTORIA LARA,2,5
VICTORIA SKELLCERF,2,3
VINCENT BLANCO,2,16
VINCENT COLASURDO,2,2
VINH TRAN,2,5
VIRGINIA LA FORTE,2,4
VIRGINIA ROSS,2,3
VIRGLE OSBORNE,2,5
VOLKSWAGEN OF MCMINNVILLE,2,3
VOTERPING,2,3
VVM LLC,2,8
VY LE,2,11
W. SCOTT BARTLETT,2,10
WADE HILTS,2,2
WAJDI SAID,2,4
WAL-MART,2,12
WALDEN FOR CONGRESS INC,2,2
"WALDEN FOR CONGRESS, INC.",2,2
WALERY'S PREMIUM PIZZA,2,2
WALGREENS,2,2
WALL STREET SUITES,2,3
WALMART INC,2,2
WALMART SUPER CENTER,2,3
WALTER CHUCK,2,5
WANDA DAVIS,2,17
WARNER ALLEN,2,3
WARREN ROSENFELD,2,19
WARREN WONG,2,13
WASHINGTON COUNTY,2,2
WASHINGTON COUNTY CHAMBER OF COMMERCE,2,12
WASHINGTON COUNTY ELECTIONS DIVISION,2,4
"WASTE CONNECTIONS, INC.",2,2
WAYMEN DWINELL,2,11
WAYNE PURCELL,2,5
"WELBE HEALTH, LLC",2,2
WELLS FARGO,2,15
WELLS FARGO & CO. EMPLOYEE PAC,2,3
WENDELL WHITE,2,2
WENDY FLINT,2,3
WENDY MOGSTAD,2,2
WENDY SELDON,2,6
WENDY WATSON,2,2
WESLEY BUTLER,2,2
WESLEY ENRIGHT,2,7
WEST LANDS CONTRACTING INC,2,3
WEST LINN SALOON,2,2
WESTERN OREGON UNIVERSITY,2,6
WESTSIDE ECONOMIC ALLIANCE,2,3
WETZEL ESTATE,2,3
WHEELHOUSE NORTHWEST,2,4
WHITNEY BLACK,2,3
WHITNEY GOODMAN,2,3
WHITNEY NAGY,2,2
WHITNEY RIDEOUT,2,3
WHITNEY SMITH,2,3
WILD PEAR,2,6
WILD PEAR RESTAURANT & CATERING,2,3
WILDISH LAND CO.,2,12
WILDISH LAND COMPANY,2,4
WILDLIFE SAFARI,2,5
WILL ANDERSON,2,15
WILL LATHROP,2,2
WILLAMALANE PARK AND RECREATION DISTRICT,2,2
WILLAMETTE CHEVRON,2,4
WILLAMETTE DENTAL GROUP,2,3
"WILLAMETTE VALLEY VINEYARDS, INC.",2,6
WILLIAM BENNETT,2,4
WILLIAM BISKEY,2,5
WILLIAM CAMPBELL,2,4
WILLIAM DALTON,2,4
WILLIAM DOZIER,2,2
WILLIAM DURAN,2,8
WILLIAM FINNEY-JORDET,2,5
WILLIAM GALBRAITH,2,12
WILLIAM GAYLORD,2,3
WILLIAM HALL,2,13
WILLIAM HAYS,2,3
WILLIAM HENDRICKS,2,8
WILLIAM HOWE,2,2
WILLIAM KERR,2,12
WILLIAM LENNOX,2,2
WILLIAM LEWIS,2,6
WILLIAM LOCKMAN,2,2
WILLIAM MARN,2,2
WILLIAM MCLAIN,2,6
WILLIAM ORIGER,2,2
WILLIAM PALMQUIST,2,3
WILLIAM R HAYS,2,6
WILLIAM RASMUSSEN,2,3
WILLIAM SHERMAN,2,13
WILLIAM SHIELDS,2,11
WILLIAM WAGNER,2,4
WILLIAM WOLF,2,3
WILLIE DAVIS JR,2,13
WILLIE LEVENSON,2,2
WITHNELL MOTOR COMPANY,2,2
WIX.COM - WIXCOM,2,69
WIX.COM INC,2,7
"WIX.COM, INC",2,2
WOLFGANG DEMPKE,2,2
WOO PAYMENTS,2,4
WORKING FAMILIES PARTY OF OREGON- FEDERAL COMMITTEE,2,6
WORTHY BREWING,2,3
WRIGHT PUBLIC AFFAIRS,2,3
WUBBA'S,2,3
WYATT BUNCH,2,4
WYNN MCTAMMANY,2,6
WYNNE BROADCASTING,2,2
WYNNE WAKKILA,2,6
X,2,7
XFINITY/COMCAST,2,18
YADIRA SILVIA FIGUEROA,2,15
YAHAIRA BAUTISTA TZAB,2,10
YAQUINA SANITARY INC.,2,2
YEDA SONG,2,10
YEVGENIY DEGTYAREV,2,10
YOHANNES WOLDAY,2,2
YOLANDA FLORES,2,2
YOUTH BENEFIT GOLF TOURNAMENT (YBGT),2,2
YUAN ZHAO,2,2
YUSUF MUSSA,2,9
ZACAHARIAH MCMILLAN,2,5
ZACHARY BRUNOT,2,16
ZACHARY BUDWORTH,2,11
ZACHARY DAAR,2,11
ZACHARY DYNE,2,10
ZACHARY HUNT,2,6
ZACHARY LINE,2,11
ZACHARY SMITH,2,11
ZACHARY SURMACZ,2,3
ZACHARY WALKER,2,18
ZACHARY WHITE,2,6
ZACKARY HILL,2,6
ZACKRY NORTON,2,11
ZAHRA BALOCH,2,3
ZAK STONE PHOTOGRAPHY,2,3
ZAKI KAHL,2,4
ZAZZLE INC.,2,2
ZENECA INC,2,6
ZENECA INC.,2,2
ZILLOW INC,2,2
"ZILLOW, INC.",2,2
ZOHRA CAMPBELL,2,10
ZOOM COMMUNICATIONS,2,22
ZOOM COMMUNICATIONS INC,2,3
"ZOOM COMMUNICATIONS, INC.",2,3
"ZOOM VIDEO COMMUNICATIONS, INC.",2,2
ZUZANA CAMARA,2,4
