listing_id,name,match_key,medium,scope,urls,period,geography,doc_id,locator,observed_on
open-studios-2025-001,Katie Miranda,katiemiranda,Acrylic | Calligraphy | Jewelry | Oil | Painting,physical-medium-listed,https://www.katiemiranda.com;https://portlandopenstudios.com/2025/north.html;https://www.instagram.com/katiemirandastudios;https://www.tiktok.com/@katiemirandastudios;https://www.facebook.com/katiemirandastudios,2025 tour,Portland-area studio tour; production city unverified,open-studios-2025,Katie Miranda - Studio 1,2026-09-15
open-studios-2025-002,Philip Broussard,philipbroussard,Acrylic | Painting,physical-medium-listed,https://www.saatchiart.com/account/profile/170817;https://portlandopenstudios.com/2025/north.html;https://www.philbroussardfineart.com,2025 tour,Portland-area studio tour; production city unverified,open-studios-2025,Philip Broussard - Studio 2,2026-09-15
open-studios-2025-003,Lisa Ellis,lisaellis,Oil | Painting | Printmaking,physical-medium-listed,https://www.lisamarieellis.com;https://portlandopenstudios.com/2025/north.html;https://www.instagram.com/lisaellisart;https://www.instagram.com/ms_lisa_e_,2025 tour,Portland-area studio tour; production city unverified,open-studios-2025,Lisa Ellis - Studio 3,2026-09-15
open-studios-2025-004,Abby Williams,abbywilliams,Acrylic | Oil | Painting,physical-medium-listed,https://abbywilliams.studio;https://portlandopenstudios.com/2025/north.html;https://www.instagram.com/abbywilliams.studio,2025 tour,Portland-area studio tour; production city unverified,open-studios-2025,Abby Williams - Studio 4,2026-09-15
open-studios-2025-005,Sienna Cenere,siennacenere,Drawing | Mixed Media | Painting | Scratchboard,physical-medium-listed,https://siennaartstudios.com;https://portlandopenstudios.com/2025/north.html;https://www.instagram.com/siennaartstudios;https://www.patreon.com/numberism,2025 tour,Portland-area studio tour; production city unverified,open-studios-2025,Sienna Cenere - Studio 5,2026-09-15
open-studios-2025-006,Patricia Vrobel,patriciavrobel,Drawing | Oil | Painting | Paper,physical-medium-listed,https://www.instagram.com/pvrobelcreativestudio;https://portlandopenstudios.com/2025/north.html,2025 tour,Portland-area studio tour; production city unverified,open-studios-2025,Patricia Vrobel - Studio 6,2026-09-15
open-studios-2025-007,Chris Beanes,chrisbeanes,Acrylic | Painting,physical-medium-listed,https://www.instagram.com/chrisbeanes;https://portlandopenstudios.com/2025/north.html,2025 tour,Portland-area studio tour; production city unverified,open-studios-2025,Chris Beanes - Studio 7,2026-09-15
open-studios-2025-008,Tamara Goldsmith,tamaragoldsmith,Glass,physical-medium-listed,https://themagichourglass.com;https://portlandopenstudios.com/2025/north.html;https://www.instagram.com/magichourglass;https://www.reddit.com/user/lilyliver3d/submitted,2025 tour,Portland-area studio tour; production city unverified,open-studios-2025,Tamara Goldsmith - Studio 8,2026-09-15
open-studios-2025-009,Andrea Henning,andreahenning,Acrylic | Oil | Painting | Watercolor,physical-medium-listed,https://www.andreahenningart.com/shop-art;https://portlandopenstudios.com/2025/north.html;http://www.instagram.com/andreahenningart;https://www.facebook.com/andreahenningart,2025 tour,Portland-area studio tour; production city unverified,open-studios-2025,Andrea Henning - Studio 9,2026-09-15
open-studios-2025-010,Nathan Sandberg,nathansandberg,Glass,physical-medium-listed,https://www.nathansandberg.com;https://portlandopenstudios.com/2025/north.html;https://www.instagram.com/ongradestudio;https://www.facebook.com/ongradestudio,2025 tour,Portland-area studio tour; production city unverified,open-studios-2025,Nathan Sandberg - Studio 10,2026-09-15
open-studios-2025-011,Lucas Schwartz,lucasschwartz,Sculpture,physical-medium-listed,https://www.bureaudebureau.com;https://portlandopenstudios.com/2025/north.html;https://www.instagram.com/bureaudebureau,2025 tour,Portland-area studio tour; production city unverified,open-studios-2025,Lucas Schwartz - Studio 11,2026-09-15
open-studios-2025-012,Aremy Stewart,aremystewart,Acrylic | Painting,physical-medium-listed,https://www.aremystewart.com;https://portlandopenstudios.com/2025/north.html;https://www.instagram.com/aremyart,2025 tour,Portland-area studio tour; production city unverified,open-studios-2025,Aremy Stewart - Studio 12,2026-09-15
open-studios-2025-013,Robert Sumner,robertsumner,Acrylic | Painting | Printmaking,physical-medium-listed,https://rsumnerart.com;https://portlandopenstudios.com/2025/north.html;https://www.instagram.com/rsumnerart,2025 tour,Portland-area studio tour; production city unverified,open-studios-2025,Robert Sumner - Studio 13,2026-09-15
open-studios-2025-014,Spencer Williams,spencerwilliams,Acrylic | Glass | Painting | Steel,physical-medium-listed,https://www.artbyspencer.com;https://portlandopenstudios.com/2025/north.html;https://www.instagram.com/garage_of_industry,2025 tour,Portland-area studio tour; production city unverified,open-studios-2025,Spencer Williams - Studio 14,2026-09-15
open-studios-2025-015,Keaney Rathbun,keaneyrathbun,Acrylic | Drawing | Painting | Printmaking | Sculpture,physical-medium-listed,https://www.rkeaneyrathbun.com;https://portlandopenstudios.com/2025/north.html;https://www.instagram.com/keaneyrathbun;https://www.facebook.com/r.keaney.rathbun,2025 tour,Portland-area studio tour; production city unverified,open-studios-2025,Keaney Rathbun - Studio 15,2026-09-15
open-studios-2025-016,Marjorie Blume,marjorieblume,Acrylic | Collage | Drawing | Mixed Media | Painting | Paper,physical-medium-listed,http://www.marjorieblume.com;https://portlandopenstudios.com/2025/northwest.html;http://www.instagram.com/marjorieblume,2025 tour,Portland-area studio tour; production city unverified,open-studios-2025,Marjorie Blume - Studio 16,2026-09-15
open-studios-2025-017,Scott Conary,scottconary,Drawing | Oil | Painting,physical-medium-listed,https://www.scottconary.com;https://portlandopenstudios.com/2025/northwest.html;https://www.instagram.com/conaryart;https://www.facebook.com/scott.conary,2025 tour,Portland-area studio tour; production city unverified,open-studios-2025,Scott Conary - Studio 17,2026-09-15
open-studios-2025-018,Matthew Landkammer,matthewlandkammer,Oil | Painting,physical-medium-listed,http://landkammer.studio;https://portlandopenstudios.com/2025/northwest.html;https://www.instagram.com/landkammer.studio,2025 tour,Portland-area studio tour; production city unverified,open-studios-2025,Matthew Landkammer - Studio 18,2026-09-15
open-studios-2025-019,M. Aurora Oliva,mauroraoliva,Acrylic | Mixed Media | Painting,physical-medium-listed,https://www.auroraoliva.art;https://portlandopenstudios.com/2025/northwest.html;https://www.instagram.com/auroraolivart;https://auroraoliva.bsky.social,2025 tour,Portland-area studio tour; production city unverified,open-studios-2025,M. Aurora Oliva - Studio 19,2026-09-15
open-studios-2025-020,Lindsey Fox,lindseyfox,Drawing | Painting | Watercolor,physical-medium-listed,https://www.lefoxstudio.com;https://portlandopenstudios.com/2025/northwest.html;https://www.instagram.com/lefoxstudio,2025 tour,Portland-area studio tour; production city unverified,open-studios-2025,Lindsey Fox - Studio 20,2026-09-15
open-studios-2025-021,Felicia Murray,feliciamurray,Fabric | Fiber,physical-medium-listed,https://www.feliciajmurray.com;https://portlandopenstudios.com/2025/northwest.html;https://www.instagram.com/felicia_murray,2025 tour,Portland-area studio tour; production city unverified,open-studios-2025,Felicia Murray - Studio 21,2026-09-15
open-studios-2025-022,Paul and Kathryn Kramer Waters,paulandkathrynkramerwaters,Collage | Mixed Media | Mosaic | Paper | Sculpture,physical-medium-listed,https://www.behance.net/paulkwater058a;https://portlandopenstudios.com/2025/northwest.html;https://www.instagram.com/paulkramerwatersart/?hl=en;https://www.instagram.com/kathrynkramerwatersart;https://www.instagram.com/kathrynkramerwaterscats,2025 tour,Portland-area studio tour; production city unverified,open-studios-2025,Paul and Kathryn Kramer Waters - Studio 22,2026-09-15
open-studios-2025-023,Laura O'Brien,lauraobrien,Acrylic,physical-medium-listed,http://lauraobrienstudio.com;https://portlandopenstudios.com/2025/northwest.html;https://www.instagram.com/lauraobrienstudio,2025 tour,Portland-area studio tour; production city unverified,open-studios-2025,Laura O'Brien - Studio 23,2026-09-15
open-studios-2025-024,Stacy Kamin,stacykamin,Drawing | Oil | Painting | Watercolor,physical-medium-listed,http://www.stacykamin.com;https://portlandopenstudios.com/2025/northwest.html;https://www.instagram.com/stacykamin;https://www.facebook.com/stacy.kamin.7,2025 tour,Portland-area studio tour; production city unverified,open-studios-2025,Stacy Kamin - Studio 24,2026-09-15
open-studios-2025-025,Vickie Meguire,vickiemeguire,Drawing | Mixed Media | Paper | Printmaking,physical-medium-listed,https://www.vickiemeguire.com;https://portlandopenstudios.com/2025/northwest.html,2025 tour,Portland-area studio tour; production city unverified,open-studios-2025,Vickie Meguire - Studio 25,2026-09-15
open-studios-2025-026,Bernadette Little,bernadettelittle,Acrylic | Digital | Drawing | Ink | Mixed Media | Painting | Wood,physical-medium-listed,https://portlandopenstudios.com/2025/northwest.html;https://www.instagram.com/ycmb.studio,2025 tour,Portland-area studio tour; production city unverified,open-studios-2025,Bernadette Little - Studio 26,2026-09-15
open-studios-2025-027,Clara Arana,claraarana,Jewelry,physical-medium-listed,https://www.instagram.com/clararivasarana;https://portlandopenstudios.com/2025/southwest.html,2025 tour,Portland-area studio tour; production city unverified,open-studios-2025,Clara Arana - Studio 27,2026-09-15
open-studios-2025-028,David Trowbridge,davidtrowbridge,Acrylic | Painting,physical-medium-listed,https://paintdpt.com/home.html;https://portlandopenstudios.com/2025/southwest.html;https://www.instagram.com/paint_dpt,2025 tour,Portland-area studio tour; production city unverified,open-studios-2025,David Trowbridge - Studio 28,2026-09-15
open-studios-2025-029,Brenda Boylan,brendaboylan,Oil | Painting | Pastel,physical-medium-listed,https://www.brendaboylan.com;https://portlandopenstudios.com/2025/southwest.html;https://www.instagram.com/brendaboylanart,2025 tour,Portland-area studio tour; production city unverified,open-studios-2025,Brenda Boylan - Studio 29,2026-09-15
open-studios-2025-030,Dianne Jean Erickson,diannejeanerickson,Acrylic | Collage | Painting,physical-medium-listed,https://www.dianneerickson.com;https://portlandopenstudios.com/2025/southwest.html;https://www.instagram.com/thatencausticartist;https://www.facebook.com/dianne.erickson.96,2025 tour,Portland-area studio tour; production city unverified,open-studios-2025,Dianne Jean Erickson - Studio 30,2026-09-15
open-studios-2025-031,Wayne Harrel,wayneharrel,Sculpture | Wood | Wood Burning,physical-medium-listed,https://wayneharrel.com;https://portlandopenstudios.com/2025/southwest.html;https://www.instagram.com/whinkwayne,2025 tour,Portland-area studio tour; production city unverified,open-studios-2025,Wayne Harrel - Studio 31,2026-09-15
open-studios-2025-032,Andy Clift,andyclift,Ceramics | Ceramic Pottery | Photography | Sculpture,physical-medium-listed,https://clifthouse.com;https://portlandopenstudios.com/2025/southwest.html;https://www.instagram.com/clifthouse;https://facebook.com/clifthouse;https://www.youtube.com/@Claystation_Network,2025 tour,Portland-area studio tour; production city unverified,open-studios-2025,Andy Clift - Studio 32,2026-09-15
open-studios-2025-033,Jeffrey Fuchs,jeffreyfuchs,Acrylic | Painting,physical-medium-listed,https://www.jeffreyfuchsartist.com;https://portlandopenstudios.com/2025/southwest.html;https://www.instagram.com/jeff.fuchs9;https://www.facebook.com/jeff.fuchs.96,2025 tour,Portland-area studio tour; production city unverified,open-studios-2025,Jeffrey Fuchs - Studio 33,2026-09-15
open-studios-2025-034,Lulu Ludlum,lululudlum,Collage,physical-medium-listed,https://www.lululudlum.com;https://portlandopenstudios.com/2025/southwest.html;https://www.instagram.com/lululudlum,2025 tour,Portland-area studio tour; production city unverified,open-studios-2025,Lulu Ludlum - Studio 34,2026-09-15
open-studios-2025-035,Lacy Lowry,lacylowry,Acrylic | Mixed Media | Painting,physical-medium-listed,https://www.lacylowryart.com;https://portlandopenstudios.com/2025/southwest.html;https://www.instagram.com/lacylowry.art/#,2025 tour,Portland-area studio tour; production city unverified,open-studios-2025,Lacy Lowry - Studio 35,2026-09-15
open-studios-2025-036,Diane Russell,dianerussell,Drawing | Oil,physical-medium-listed,https://www.dianerussell.net;https://portlandopenstudios.com/2025/southwest.html;https://www.instagram.com/dianerussellart;https://www.facebook.com/dianerussellportraitartist,2025 tour,Portland-area studio tour; production city unverified,open-studios-2025,Diane Russell - Studio 36,2026-09-15
open-studios-2025-037,Shahrad Malekfazeli,shahradmalekfazeli,Drawing | Oil | Painting | Pastel,physical-medium-listed,https://www.instagram.com/shahrad_art?igsh=M2hnM3pyZmJseWc4&utm_source=qr;https://portlandopenstudios.com/2025/southwest.html;https://www.facebook.com/shahrad.malekfazeli/,2025 tour,Portland-area studio tour; production city unverified,open-studios-2025,Shahrad Malekfazeli - Studio 37,2026-09-15
open-studios-2025-038,Nicole de Picciotto,nicoledepicciotto,Acrylic | Drawing | Ink | Mixed Media | Oil | Painting | Pastel | Watercolor,physical-medium-listed,https://nicole-de-picciotto.square.site;https://portlandopenstudios.com/2025/southeast.html;https://www.instagram.com/nicole.d.art,2025 tour,Portland-area studio tour; production city unverified,open-studios-2025,Nicole de Picciotto - Studio 38,2026-09-15
open-studios-2025-039,Alison Dougherty,alisondougherty,Acrylic,physical-medium-listed,http://alisondougherty.com;https://portlandopenstudios.com/2025/southeast.html;http://www.instagram.com/alisondougherty.fineart,2025 tour,Portland-area studio tour; production city unverified,open-studios-2025,Alison Dougherty - Studio 39,2026-09-15
open-studios-2025-040,Thérèse Murdza,theresemurdza,Acrylic | Collage | Drawing | Mixed Media | Painting | Paper,physical-medium-listed,https://murdza.art;https://portlandopenstudios.com/2025/southeast.html;https://www.instagram.com/tmurdza.studioart;https://bsky.app/profile/murdza.bsky.social,2025 tour,Portland-area studio tour; production city unverified,open-studios-2025,Thérèse Murdza - Studio 40,2026-09-15
open-studios-2025-041,Anna Magruder,annamagruder,Oil | Painting,physical-medium-listed,https://www.annamagruder.com;https://portlandopenstudios.com/2025/southeast.html;https://www.instagram.com/anna.magruder_art.design,2025 tour,Portland-area studio tour; production city unverified,open-studios-2025,Anna Magruder - Studio 41,2026-09-15
open-studios-2025-042,Karrie Amiton,karrieamiton,Acrylic | Collage | Drawing | Oil | Painting | Watercolor,physical-medium-listed,http://www.karrieamiton.com;https://portlandopenstudios.com/2025/southeast.html,2025 tour,Portland-area studio tour; production city unverified,open-studios-2025,Karrie Amiton - Studio 42,2026-09-15
open-studios-2025-043,Sarah Heckles,sarahheckles,Collage | Mixed Media | Paper,physical-medium-listed,https://linktr.ee/sarahheckles;https://portlandopenstudios.com/2025/southeast.html;https://www.instagram.com/sarah.heckles,2025 tour,Portland-area studio tour; production city unverified,open-studios-2025,Sarah Heckles - Studio 43,2026-09-15
open-studios-2025-044,Steve Dehlinger,stevedehlinger,Acrylic | Drawing | Ink | Mixed Media | Painting | Watercolor,physical-medium-listed,https://www.arttoaster.com;https://portlandopenstudios.com/2025/southeast.html;https://www.instagram.com/stevedehlinger;https://www.facebook.com/sdehlinger,2025 tour,Portland-area studio tour; production city unverified,open-studios-2025,Steve Dehlinger - Studio 44,2026-09-15
open-studios-2025-045,Susanka Biernat,susankabiernat,Acrylic | Collage | Drawing | Fabric | Ink | Mixed Media | Oil | Painting | Pastel | Watercolor,physical-medium-listed,http://www.susankabiernat.art;https://portlandopenstudios.com/2025/southeast.html;https://www.instagram.com/susankabiernat;https://www.facebook.com/susankabiernat,2025 tour,Portland-area studio tour; production city unverified,open-studios-2025,Susanka Biernat - Studio 45,2026-09-15
open-studios-2025-046,Orquidia Violeta,orquidiavioleta,Collage | Embroidery | Fabric | Fiber,physical-medium-listed,https://orquidiavioleta.com;https://portlandopenstudios.com/2025/southeast.html;https://www.instagram.com/orquidia_violeta,2025 tour,Portland-area studio tour; production city unverified,open-studios-2025,Orquidia Violeta - Studio 46,2026-09-15
open-studios-2025-047,Carol Greiwe,carolgreiwe,Jewelry,physical-medium-listed,https://carolgreiwe.com;https://portlandopenstudios.com/2025/southeast.html;https://www.instagram.com/carolgreiwe,2025 tour,Portland-area studio tour; production city unverified,open-studios-2025,Carol Greiwe - Studio 47,2026-09-15
open-studios-2025-048,Amy Fields,amyfields,Ceramics | Ceramic Pottery,physical-medium-listed,http://www.amyfieldsceramics.com;https://portlandopenstudios.com/2025/southeast.html;https://www.instagram.com/13fields;https://www.facebook.com/amyfieldsceramics,2025 tour,Portland-area studio tour; production city unverified,open-studios-2025,Amy Fields - Studio 48,2026-09-15
open-studios-2025-049,Charles Piatt,charlespiatt,Ceramics | Ceramic Pottery,physical-medium-listed,https://piattpottery.com;https://portlandopenstudios.com/2025/southeast.html;https://piattpottery;https://www.facebook.com/charles-piatt-pottery-158221207537170,2025 tour,Portland-area studio tour; production city unverified,open-studios-2025,Charles Piatt - Studio 49,2026-09-15
open-studios-2025-050,Renee Hartig,reneehartig,Oil | Painting,physical-medium-listed,https://www.studiohartig.com;https://portlandopenstudios.com/2025/southeast.html;https://www.instagram.com/reneehartig;https://www.facebook.com/studiohartig,2025 tour,Portland-area studio tour; production city unverified,open-studios-2025,Renee Hartig - Studio 50,2026-09-15
open-studios-2025-051,Helen Kennedy,helenkennedy,Embroidery | Fabric | Fiber | Mixed Media,physical-medium-listed,https://www.htkennedy.com;https://portlandopenstudios.com/2025/southeast.html;https://www.instagram.com/pdxhelenk;https://www.facebook.com/helen.kennedy.503,2025 tour,Portland-area studio tour; production city unverified,open-studios-2025,Helen Kennedy - Studio 51,2026-09-15
open-studios-2025-052,Claudia Hollister,claudiahollister,Encaustic | Photography,physical-medium-listed,https://www.claudiahollister.com;https://portlandopenstudios.com/2025/southeast.html;https://www.instagram.com/claudiahollister,2025 tour,Portland-area studio tour; production city unverified,open-studios-2025,Claudia Hollister - Studio 52,2026-09-15
open-studios-2025-053,Toni Chiapelli,tonichiapelli,Acrylic | Oil | Painting | Photography | Watercolor,physical-medium-listed,https://www.tonichiapelli.com;https://portlandopenstudios.com/2025/southeast.html;https://www.facebook.com/chiapelliart,2025 tour,Portland-area studio tour; production city unverified,open-studios-2025,Toni Chiapelli - Studio 53,2026-09-15
open-studios-2025-054,James Stugart,jamesstugart,Drawing,physical-medium-listed,http://jamesstugart.com/drawing.html;https://portlandopenstudios.com/2025/southeast.html;https://www.instagram.com/iceovation;https://www.facebook.com/iceovation;https://www.youtube.com/@iceovation,2025 tour,Portland-area studio tour; production city unverified,open-studios-2025,James Stugart - Studio 54,2026-09-15
open-studios-2025-055,Lea K. Tawd,leaktawd,Mixed Media,physical-medium-listed,https://leaktawd.com;https://portlandopenstudios.com/2025/southeast.html;https://instagram.com/leaktawdartist;https://bsky.app/profile/leaktawdartist.bsky.social,2025 tour,Portland-area studio tour; production city unverified,open-studios-2025,Lea K. Tawd - Studio 55,2026-09-15
open-studios-2025-056,Chad Glazener,chadglazener,Acrylic | Mixed Media | Painting,physical-medium-listed,https://www.glazenerstudio.com;https://portlandopenstudios.com/2025/southeast.html;https://www.instagram.com/glazenerstudio;https://glazenerstudio.substack.com,2025 tour,Portland-area studio tour; production city unverified,open-studios-2025,Chad Glazener - Studio 56,2026-09-15
open-studios-2025-057,Rio Wrenn,riowrenn,Fabric | Fiber | Mixed Media | Painting | Sculpture | Watercolor,physical-medium-listed,https://rawtextiles.com;https://portlandopenstudios.com/2025/southeast.html;https://www.instagram.com/rio_wrenn;https://www.instagram.com/rawtextiles,2025 tour,Portland-area studio tour; production city unverified,open-studios-2025,Rio Wrenn - Studio 57,2026-09-15
open-studios-2025-058,Aaron McConnell,aaronmcconnell,Acrylic | Drawing | Ink | Mixed Media | Oil | Painting | Pastel | Watercolor,physical-medium-listed,https://www.aamcconnell.com;https://portlandopenstudios.com/2025/southeast.html;https://www.instagram.com/amcc_art;https://www.instagram.com/amc2life;https://www.facebook.com/aaronmccomix,2025 tour,Portland-area studio tour; production city unverified,open-studios-2025,Aaron McConnell - Studio 58,2026-09-15
open-studios-2025-059,Cedar Lee,cedarlee,Acrylic | Oil | Painting,physical-medium-listed,https://www.artbycedar.com;https://portlandopenstudios.com/2025/southeast.html;https://www.instagram.com/artbycedar;https://www.youtube.com/cedarlee;https://www.tiktok.com/@artbycedar,2025 tour,Portland-area studio tour; production city unverified,open-studios-2025,Cedar Lee - Studio 59,2026-09-15
open-studios-2025-060,Rachael Allen,rachaelallen,Acrylic | Painting | Sculpture,physical-medium-listed,https://www.rachaelallenart.com;https://portlandopenstudios.com/2025/southeast.html;https://www.instagram.com/rachaelallenfineart,2025 tour,Portland-area studio tour; production city unverified,open-studios-2025,Rachael Allen - Studio 60,2026-09-15
open-studios-2025-061,Josh Gates,joshgates,Acrylic | Oil | Painting,physical-medium-listed,https://www.joshgatesart.com;https://portlandopenstudios.com/2025/southeast.html;https://www.instagram.com/joshgatesart,2025 tour,Portland-area studio tour; production city unverified,open-studios-2025,Josh Gates - Studio 61,2026-09-15
open-studios-2025-062,Tess Myers,tessmyers,Drawing | Painting | Watercolor,physical-medium-listed,https://www.tessmyers.com;https://portlandopenstudios.com/2025/southeast.html;https://www.instagram.com/tesslacoiled_art,2025 tour,Portland-area studio tour; production city unverified,open-studios-2025,Tess Myers - Studio 62,2026-09-15
open-studios-2025-063,Joanne Radmilovich Kollman,joanneradmilovichkollman,Drawing | Oil,physical-medium-listed,https://www.radmilovichkollman.com;https://portlandopenstudios.com/2025/southeast.html;https://www.instagram.com/joannekollman,2025 tour,Portland-area studio tour; production city unverified,open-studios-2025,Joanne Radmilovich Kollman - Studio 63,2026-09-15
open-studios-2025-064,Laura Bender,laurabender,Acrylic | Collage | Mixed Media | Painting | Printmaking,physical-medium-listed,http://www.laurabenderart.com;https://portlandopenstudios.com/2025/southeast.html,2025 tour,Portland-area studio tour; production city unverified,open-studios-2025,Laura Bender - Studio 64,2026-09-15
open-studios-2025-065,Maile Sand,mailesand,Oil | Painting,physical-medium-listed,https://www.canopyartstudio.com;https://portlandopenstudios.com/2025/southeast.html;https://www.instagram.com//canopystudios;https://www.facebook.com/canopyartstudio,2025 tour,Portland-area studio tour; production city unverified,open-studios-2025,Maile Sand - Studio 65,2026-09-15
open-studios-2025-066,Steve Kleier,stevekleier,Painting,physical-medium-listed,https://www.instagram.com/stevekleier;https://portlandopenstudios.com/2025/southeast.html;https://www.facebook.com/steve.kleier.5,2025 tour,Portland-area studio tour; production city unverified,open-studios-2025,Steve Kleier - Studio 66,2026-09-15
open-studios-2025-067,Jonny Luczycki,jonnyluczycki,Oil | Painting,physical-medium-listed,http://www.luczycki.com;https://portlandopenstudios.com/2025/southeast.html;https://www.instagram.com/thenightpainter,2025 tour,Portland-area studio tour; production city unverified,open-studios-2025,Jonny Luczycki - Studio 67,2026-09-15
open-studios-2025-068,Laura Pritchard,laurapritchard,Pastel,physical-medium-listed,https://www.laurapritchardfineart.com;https://portlandopenstudios.com/2025/southeast.html;https://www.instagram.com/laurapritchard.pastels,2025 tour,Portland-area studio tour; production city unverified,open-studios-2025,Laura Pritchard - Studio 68,2026-09-15
open-studios-2025-069,Cary Sneider,carysneider,Oil | Painting | Pastel | Watercolor,physical-medium-listed,https://www.instagram.com/carysneider;https://portlandopenstudios.com/2025/southeast.html,2025 tour,Portland-area studio tour; production city unverified,open-studios-2025,Cary Sneider - Studio 69,2026-09-15
open-studios-2025-070,Monika Vitek,monikavitek,Acrylic | Ceramics | Ceramic Pottery | Jewelry | Mixed Media,physical-medium-listed,https://portlandopenstudios.com/2025/southeast.html;https://www.instagram.com/monikavitekceramics,2025 tour,Portland-area studio tour; production city unverified,open-studios-2025,Monika Vitek - Studio 70,2026-09-15
open-studios-2025-071,Rae Sheridan,raesheridan,Acrylic | Oil | Painting,physical-medium-listed,http://raesheridan.com;https://portlandopenstudios.com/2025/southeast.html;https://www.instagram.com/raesheridanart;https://www.youtube.com/@raesheridan,2025 tour,Portland-area studio tour; production city unverified,open-studios-2025,Rae Sheridan - Studio 71,2026-09-15
open-studios-2025-072,Simran Gleason,simrangleason,Oil | Painting,physical-medium-listed,http://art.net/simran;https://portlandopenstudios.com/2025/southeast.html;https://www.instagram.com/slowcamerapaparazzi;https://bsky.app/profile/slowcamera.bsky.social,2025 tour,Portland-area studio tour; production city unverified,open-studios-2025,Simran Gleason - Studio 72,2026-09-15
open-studios-2025-073,Hampton Rodriguez,hamptonrodriguez,Collage | Drawing | Mixed Media,physical-medium-listed,https://www.bohiostudioart.com;https://portlandopenstudios.com/2025/southeast.html;https://www.instagram.com/hampton_rodriguez/?hl=en;https://www.facebook.com/bohiostudio,2025 tour,Portland-area studio tour; production city unverified,open-studios-2025,Hampton Rodriguez - Studio 73,2026-09-15
open-studios-2025-074,Sarah Ferguson,sarahferguson,Mixed Media,physical-medium-listed,https://www.sarahferguson.art;https://portlandopenstudios.com/2025/southeast.html;https://www.instagram.com/sarah_ferguson.art,2025 tour,Portland-area studio tour; production city unverified,open-studios-2025,Sarah Ferguson - Studio 74,2026-09-15
open-studios-2025-075,Elena Markova,elenamarkova,Acrylic | Oil | Painting | Pastel | Printmaking,physical-medium-listed,https://markova.org;https://portlandopenstudios.com/2025/southeast.html;https://www.instagram.com/markovapainting;https://www.saatchiart.com/markova;https://www.facebook.com/elenamarkovafineart,2025 tour,Portland-area studio tour; production city unverified,open-studios-2025,Elena Markova - Studio 75,2026-09-15
open-studios-2025-076,Zhanna Tsytsyn,zhannatsytsyn,Mixed Media | Oil | Painting | Sculpture,physical-medium-listed,https://www.zhannatsytsyn.com;https://portlandopenstudios.com/2025/northeast.html;https://www.instagram.com/zhannavtsytsyn;https://www.youtube.com/@zhannatsytsyn,2025 tour,Portland-area studio tour; production city unverified,open-studios-2025,Zhanna Tsytsyn - Studio 76,2026-09-15
open-studios-2025-077,Val Hubbard,valhubbard,Acrylic | Mixed Media | Oil,physical-medium-listed,http://valhubbard.com;https://portlandopenstudios.com/2025/northeast.html;https://www.instagram.com/valhubbard;https://www.facebook.com/val.hubbard.50,2025 tour,Portland-area studio tour; production city unverified,open-studios-2025,Val Hubbard - Studio 77,2026-09-15
open-studios-2025-078,Nancy Brown,nancybrown,Acrylic | Collage | Painting,physical-medium-listed,https://www.paintingsbynancybrown.com;https://portlandopenstudios.com/2025/northeast.html;https://www.instagram.com/brownnancy77,2025 tour,Portland-area studio tour; production city unverified,open-studios-2025,Nancy Brown - Studio 78,2026-09-15
open-studios-2025-079,Pepe Moscoso,pepemoscoso,Collage | Mixed Media,physical-medium-listed,https://www.blindinsect.com/ppmoscoso;https://portlandopenstudios.com/2025/northeast.html;https://www.instagram.com/pepemoscosoart;https://www.facebook.com/pepemoscosoart,2025 tour,Portland-area studio tour; production city unverified,open-studios-2025,Pepe Moscoso - Studio 79,2026-09-15
open-studios-2025-080,Jennifer Brazelton,jenniferbrazelton,Ceramics | Ceramic Pottery | Mixed Media | Sculpture,physical-medium-listed,https://www.jenniferbrazelton.com;https://portlandopenstudios.com/2025/northeast.html;https://www.instagram.com/jennbrazelton;https://www.facebook.com/jennbrazeltonsculpture;https://bsky.app/profile/jenfren.bsky.social,2025 tour,Portland-area studio tour; production city unverified,open-studios-2025,Jennifer Brazelton - Studio 80,2026-09-15
open-studios-2025-081,Tom Michelson,tommichelson,Ceramics | Ceramic Pottery | Sculpture,physical-medium-listed,http://tomspeculiarpipes.com;https://portlandopenstudios.com/2025/northeast.html;https://www.instagram.com/tomspeculiarpipes,2025 tour,Portland-area studio tour; production city unverified,open-studios-2025,Tom Michelson - Studio 81,2026-09-15
open-studios-2025-082,Lynn Lustberg,lynnlustberg,Pastel,physical-medium-listed,https://www.instagram.com/lml_pastels;https://portlandopenstudios.com/2025/northeast.html,2025 tour,Portland-area studio tour; production city unverified,open-studios-2025,Lynn Lustberg - Studio 82,2026-09-15
open-studios-2025-083,Heather Kolbo,heatherkolbo,Wood | Mixed Media,physical-medium-listed,https://www.hkdesignpdx.com;https://portlandopenstudios.com/2025/northeast.html;https://www.instagram.com/hkdesignpdx,2025 tour,Portland-area studio tour; production city unverified,open-studios-2025,Heather Kolbo - Studio 83,2026-09-15
open-studios-2025-084,Samir Sankari,samirsankari,Metal | Sculpture | Steel | Stone,physical-medium-listed,https://www.sankarisculptures.com;https://portlandopenstudios.com/2025/northeast.html,2025 tour,Portland-area studio tour; production city unverified,open-studios-2025,Samir Sankari - Studio 84,2026-09-15
open-studios-2025-085,Emily Pratt,emilypratt,Mixed Media,physical-medium-listed,https://www.emilyjpratt.com/about;https://portlandopenstudios.com/2025/northeast.html;https://www.instagram.com/ms.emilyjpratt/?hl=en,2025 tour,Portland-area studio tour; production city unverified,open-studios-2025,Emily Pratt - Studio 85,2026-09-15
open-studios-2025-086,Shanon Playford,shanonplayford,Acrylic | Collage | Drawing | Mixed Media | Oil | Painting | Watercolor | Stone,physical-medium-listed,https://shanonplayford.com;https://portlandopenstudios.com/2025/northeast.html;https://www.instagram.com/shanon_playford;https://www.facebook.com/shanon.playford.art,2025 tour,Portland-area studio tour; production city unverified,open-studios-2025,Shanon Playford - Studio 86,2026-09-15
open-studios-2025-087,Lisa Laser,lisalaser,Acrylic | Cold Wax | Collage | Mixed Media | Oil | Painting | Sculpture,physical-medium-listed,https://lisalaserart.com;https://portlandopenstudios.com/2025/northeast.html;http://instagram.com/lisabunnylaser;https://lisabunnylaser.bsky.social,2025 tour,Portland-area studio tour; production city unverified,open-studios-2025,Lisa Laser - Studio 87,2026-09-15
open-studios-2025-088,Liz Borowski,lizborowski,Embroidery | Painting | Watercolor,physical-medium-listed,https://www.lizborowski.com;https://portlandopenstudios.com/2025/northeast.html;https://www.instagram.com/liz.borowski,2025 tour,Portland-area studio tour; production city unverified,open-studios-2025,Liz Borowski - Studio 88,2026-09-15
open-studios-2025-089,Anne Paris,anneparis,Acrylic | Assemblage | Collage | Encaustic | Mixed Media | Painting | Printmaking | Watercolor,physical-medium-listed,https://www.instagram.com/pdxpoet;https://portlandopenstudios.com/2025/northeast.html,2025 tour,Portland-area studio tour; production city unverified,open-studios-2025,Anne Paris - Studio 89,2026-09-15
open-studios-2025-090,Gesine Kratzner,gesinekratzner,Ceramics | Ceramic Pottery | Sculpture,physical-medium-listed,https://www.gesinekratzner.com;https://portlandopenstudios.com/2025/northeast.html;https://www.instagram.com/gesinekratzner;https://www.facebook.com/gesine.kratzner,2025 tour,Portland-area studio tour; production city unverified,open-studios-2025,Gesine Kratzner - Studio 90,2026-09-15
open-studios-2025-091,Lis Pardoe,lispardoe,Drawing | Oil | Pastel | Watercolor,physical-medium-listed,https://www.lispardoe.com;https://portlandopenstudios.com/2025/northeast.html;https://www.instagram.com/lispardoe;https://bsky.app/profile/lispardoe.bsky.social,2025 tour,Portland-area studio tour; production city unverified,open-studios-2025,Lis Pardoe - Studio 91,2026-09-15
open-studios-2025-092,Jerry Svoboda,jerrysvoboda,Acrylic | Drawing | Etching,physical-medium-listed,https://www.jerrysvoboda.com;https://portlandopenstudios.com/2025/northeast.html;https://www.instagram.com/jerrigger,2025 tour,Portland-area studio tour; production city unverified,open-studios-2025,Jerry Svoboda - Studio 92,2026-09-15
open-studios-2025-093,Jessica Bernert,jessicabernert,Oil | Painting,physical-medium-listed,http://www.pailart.com;https://portlandopenstudios.com/2025/northeast.html;https://www.instagram.com/pail.art;https://www.youtube.com/channel/ucymf5ensvy7zgxl9lgpo2yq,2025 tour,Portland-area studio tour; production city unverified,open-studios-2025,Jessica Bernert - Studio 93,2026-09-15
open-studios-2025-094,Carson Abbert,carsonabbert,Acrylic | Collage | Painting,physical-medium-listed,http://www.carsonabbert.com;https://portlandopenstudios.com/2025/northeast.html;https://www.instagram.com/carsonabbert,2025 tour,Portland-area studio tour; production city unverified,open-studios-2025,Carson Abbert - Studio 94,2026-09-15
open-studios-2025-095,Michael Kurz,michaelkurz,Oil | Painting,physical-medium-listed,https://www.michaelkurz.com;https://portlandopenstudios.com/2025/northeast.html;https://www.instagram.com/michaelkurzart,2025 tour,Portland-area studio tour; production city unverified,open-studios-2025,Michael Kurz - Studio 95,2026-09-15
open-studios-2025-096,Anne Mavor,annemavor,Fabric | Fiber | Printmaking,physical-medium-listed,https://www.annemavor.com;https://portlandopenstudios.com/2025/northeast.html;https://www.instagram.com/annemavor,2025 tour,Portland-area studio tour; production city unverified,open-studios-2025,Anne Mavor - Studio 96,2026-09-15
open-studios-2025-097,Erica Gibson,ericagibson,Assemblage | Ceramics | Mixed Media | Sculpture | Wood,physical-medium-listed,https://www.ericagibson.com;https://portlandopenstudios.com/2025/northeast.html;https://www.instagram.com/ericagibsonart,2025 tour,Portland-area studio tour; production city unverified,open-studios-2025,Erica Gibson - Studio 97,2026-09-15
open-studios-2025-098,Amy Drews,amydrews,Acrylic | Mixed Media,physical-medium-listed,https://amydrewsart.com;https://portlandopenstudios.com/2025/northeast.html;https://www.instagram.com/amydrewsart,2025 tour,Portland-area studio tour; production city unverified,open-studios-2025,Amy Drews - Studio 98,2026-09-15
open-studios-2025-099,Jennifer Foran,jenniferforan,Painting | Printmaking | Wood | Wood Burning,physical-medium-listed,https://www.jenniferlforan.com;https://portlandopenstudios.com/2025/northeast.html;https://www.instagram.com/jennifer_foran/?hl=en;https://www.facebook.com/jenniferlforan,2025 tour,Portland-area studio tour; production city unverified,open-studios-2025,Jennifer Foran - Studio 99,2026-09-15
open-studios-2025-100,Nancy Larson,nancylarson,Acrylic | Painting | Watercolor,physical-medium-listed,https://www.nancylarsonstudio.com;https://portlandopenstudios.com/2025/northeast.html;https://www.instagram.com/nancylarsonstudio,2025 tour,Portland-area studio tour; production city unverified,open-studios-2025,Nancy Larson - Studio 100,2026-09-15
open-studios-2025-101,Joyce Campbell,joycecampbell,Assemblage | Cement | Fabric | Metal | Mixed Media | Printmaking | Sculpture | Steel | Stone,physical-medium-listed,https://joycethemaker.com;https://portlandopenstudios.com/2025/northeast.html;https://www.instagram.com/joycethemaker;https://www.linkedin.com/in/campbelljoyce,2025 tour,Portland-area studio tour; production city unverified,open-studios-2025,Joyce Campbell - Studio 101,2026-09-15
open-studios-2025-102,Juli Vignola,julivignola,Fabric | Fiber,physical-medium-listed,https://juliraeart.com;https://portlandopenstudios.com/2025/northeast.html;https://www.instagram.com/juliraeart,2025 tour,Portland-area studio tour; production city unverified,open-studios-2025,Juli Vignola - Studio 102,2026-09-15
open-studios-2025-103,Bianca Youngers,biancayoungers,Acrylic | Painting,physical-medium-listed,https://www.biancayoungersart.com;https://portlandopenstudios.com/2025/northeast.html;https://www.instagram.com/biancayoungersart;https://www.facebook.com/profile.php?id=100090442013270,2025 tour,Portland-area studio tour; production city unverified,open-studios-2025,Bianca Youngers - Studio 103,2026-09-15
potters-directory-001,Afterglow,afterglow,Ceramics,physical-medium-listed,https://www.instagram.com/afterglow.pdx,Undated directory; not assigned to 2026,Regional exhibitors at a Portland venue; production city unverified,potters-directory,Afterglow,2026-09-15
potters-directory-002,AJPottery,ajpottery,Ceramics,physical-medium-listed,https://www.instagram.com/ajpottery,Undated directory; not assigned to 2026,Regional exhibitors at a Portland venue; production city unverified,potters-directory,AJPottery,2026-09-15
potters-directory-003,akari pottery,akaripottery,Ceramics,physical-medium-listed,https://www.instagram.com/akaripottery,Undated directory; not assigned to 2026,Regional exhibitors at a Portland venue; production city unverified,potters-directory,akari pottery,2026-09-15
potters-directory-004,Alan Higinbotham Pottery,alanhiginbothampottery,Ceramics,physical-medium-listed,https://www.instagram.com/higinbothampottery;https://higinbothampottery.com,Undated directory; not assigned to 2026,Regional exhibitors at a Portland venue; production city unverified,potters-directory,Alan Higinbotham Pottery,2026-09-15
potters-directory-005,Alissa Clark Clayworks,alissaclarkclayworks,Ceramics,physical-medium-listed,https://www.instagram.com/alissaiclark;https://www.facebook.com/alissaclarkclayworks.facebook.com,Undated directory; not assigned to 2026,Regional exhibitors at a Portland venue; production city unverified,potters-directory,Alissa Clark Clayworks,2026-09-15
potters-directory-006,Allan Kluber - Ceramics,allankluberceramics,Ceramics,physical-medium-listed,https://allankluberceramics.com,Undated directory; not assigned to 2026,Regional exhibitors at a Portland venue; production city unverified,potters-directory,Allan Kluber - Ceramics,2026-09-15
potters-directory-007,Amaati,amaati,Ceramics,physical-medium-listed,https://www.instagram.com/anshulatayal;https://www.facebook.com/Anshulaâs Amaati;https://anshula-tayal.squarespace.com,Undated directory; not assigned to 2026,Regional exhibitors at a Portland venue; production city unverified,potters-directory,Amaati,2026-09-15
potters-directory-008,Amy Fields Ceramics,amyfieldsceramics,Ceramics,physical-medium-listed,,Undated directory; not assigned to 2026,Regional exhibitors at a Portland venue; production city unverified,potters-directory,Amy Fields Ceramics,2026-09-15
potters-directory-009,Amy Hess,amyhess,Ceramics,physical-medium-listed,,Undated directory; not assigned to 2026,Regional exhibitors at a Portland venue; production city unverified,potters-directory,Amy Hess,2026-09-15
potters-directory-010,Ana Quinn,anaquinn,Ceramics,physical-medium-listed,,Undated directory; not assigned to 2026,Regional exhibitors at a Portland venue; production city unverified,potters-directory,Ana Quinn,2026-09-15
potters-directory-011,"Anderson, Jamie",andersonjamie,Ceramics,physical-medium-listed,,Undated directory; not assigned to 2026,Regional exhibitors at a Portland venue; production city unverified,potters-directory,"Anderson, Jamie",2026-09-15
potters-directory-012,"Anderson, Matt",andersonmatt,Ceramics,physical-medium-listed,,Undated directory; not assigned to 2026,Regional exhibitors at a Portland venue; production city unverified,potters-directory,"Anderson, Matt",2026-09-15
potters-directory-013,"Anderson, Maureen",andersonmaureen,Ceramics,physical-medium-listed,,Undated directory; not assigned to 2026,Regional exhibitors at a Portland venue; production city unverified,potters-directory,"Anderson, Maureen",2026-09-15
potters-directory-014,Anya Jackson Ceramics,anyajacksonceramics,Ceramics,physical-medium-listed,https://www.instagram.com/anyajacksonceramics,Undated directory; not assigned to 2026,Regional exhibitors at a Portland venue; production city unverified,potters-directory,Anya Jackson Ceramics,2026-09-15
potters-directory-015,Autumn Higgins,autumnhiggins,Ceramics,physical-medium-listed,,Undated directory; not assigned to 2026,Regional exhibitors at a Portland venue; production city unverified,potters-directory,Autumn Higgins,2026-09-15
potters-directory-016,Autumn Steam Ceramics,autumnsteamceramics,Ceramics,physical-medium-listed,https://www.instagram.com/autumnsteam;https://www.facebook.com/autumnsteamartist;https://Www.autumnsteam.com,Undated directory; not assigned to 2026,Regional exhibitors at a Portland venue; production city unverified,potters-directory,Autumn Steam Ceramics,2026-09-15
potters-directory-017,Beauchamp Ceramics,beauchampceramics,Ceramics,physical-medium-listed,https://www.instagram.com/BeauchampCeramics,Undated directory; not assigned to 2026,Regional exhibitors at a Portland venue; production city unverified,potters-directory,Beauchamp Ceramics,2026-09-15
potters-directory-018,Becky Clark,beckyclark,Ceramics,physical-medium-listed,,Undated directory; not assigned to 2026,Regional exhibitors at a Portland venue; production city unverified,potters-directory,Becky Clark,2026-09-15
potters-directory-019,Brad McLemore,bradmclemore,Ceramics,physical-medium-listed,,Undated directory; not assigned to 2026,Regional exhibitors at a Portland venue; production city unverified,potters-directory,Brad McLemore,2026-09-15
potters-directory-020,Bread + Butter Studios,breadbutterstudios,Ceramics,physical-medium-listed,https://www.instagram.com/karenrycheckartist;https://www.facebook.com/karenrycheckartist;https://breadandbutterstudios.com,Undated directory; not assigned to 2026,Regional exhibitors at a Portland venue; production city unverified,potters-directory,Bread + Butter Studios,2026-09-15
potters-directory-021,Brenda Scott,brendascott,Ceramics,physical-medium-listed,,Undated directory; not assigned to 2026,Regional exhibitors at a Portland venue; production city unverified,potters-directory,Brenda Scott,2026-09-15
potters-directory-022,Bryan Quintanilla,bryanquintanilla,Ceramics,physical-medium-listed,,Undated directory; not assigned to 2026,Regional exhibitors at a Portland venue; production city unverified,potters-directory,Bryan Quintanilla,2026-09-15
potters-directory-023,Butingan,butingan,Ceramics,physical-medium-listed,,Undated directory; not assigned to 2026,Regional exhibitors at a Portland venue; production city unverified,potters-directory,Butingan,2026-09-15
potters-directory-024,Campbell,campbell,Ceramics,physical-medium-listed,,Undated directory; not assigned to 2026,Regional exhibitors at a Portland venue; production city unverified,potters-directory,Campbell,2026-09-15
potters-directory-025,Carina Kooiman Studio,carinakooimanstudio,Ceramics,physical-medium-listed,https://www.instagram.com/carinakooiman;https://www.carinakooimanstudio.com,Undated directory; not assigned to 2026,Regional exhibitors at a Portland venue; production city unverified,potters-directory,Carina Kooiman Studio,2026-09-15
potters-directory-026,Carrot Flower Creative,carrotflowercreative,Ceramics,physical-medium-listed,https://www.instagram.com/carrot_flower_creative;https://www.facebook.com/carrotflowercreative;https://carrotflowercreative.com/,Undated directory; not assigned to 2026,Regional exhibitors at a Portland venue; production city unverified,potters-directory,Carrot Flower Creative,2026-09-15
potters-directory-027,Charlie Piatt Pottery,charliepiattpottery,Ceramics,physical-medium-listed,,Undated directory; not assigned to 2026,Regional exhibitors at a Portland venue; production city unverified,potters-directory,Charlie Piatt Pottery,2026-09-15
potters-directory-028,Chess,chess,Ceramics,physical-medium-listed,,Undated directory; not assigned to 2026,Regional exhibitors at a Portland venue; production city unverified,potters-directory,Chess,2026-09-15
potters-directory-029,Chris Baskin,chrisbaskin,Ceramics,physical-medium-listed,,Undated directory; not assigned to 2026,Regional exhibitors at a Portland venue; production city unverified,potters-directory,Chris Baskin,2026-09-15
potters-directory-030,Clay Art,clayart,Ceramics,physical-medium-listed,https://www.instagram.com/hollydesaillan.clay.art;https://hollydesaillanclay.art,Undated directory; not assigned to 2026,Regional exhibitors at a Portland venue; production city unverified,potters-directory,Clay Art,2026-09-15
potters-directory-031,Claybia,claybia,Ceramics,physical-medium-listed,https://www.instagram.com/claybia99;https://www.facebook.com/susan.m.cybele,Undated directory; not assigned to 2026,Regional exhibitors at a Portland venue; production city unverified,potters-directory,Claybia,2026-09-15
potters-directory-032,Cloud Cap Pottery,cloudcappottery,Ceramics,physical-medium-listed,https://www.instagram.com/cloud_cap_pottery,Undated directory; not assigned to 2026,Regional exhibitors at a Portland venue; production city unverified,potters-directory,Cloud Cap Pottery,2026-09-15
potters-directory-033,Cruciferous Ceramics,cruciferousceramics,Ceramics,physical-medium-listed,https://www.instagram.com/cruciferousceramics,Undated directory; not assigned to 2026,Regional exhibitors at a Portland venue; production city unverified,potters-directory,Cruciferous Ceramics,2026-09-15
potters-directory-034,Culley,culley,Ceramics,physical-medium-listed,,Undated directory; not assigned to 2026,Regional exhibitors at a Portland venue; production city unverified,potters-directory,Culley,2026-09-15
potters-directory-035,Dancing Tree Pottery,dancingtreepottery,Ceramics,physical-medium-listed,,Undated directory; not assigned to 2026,Regional exhibitors at a Portland venue; production city unverified,potters-directory,Dancing Tree Pottery,2026-09-15
potters-directory-036,David Louis,davidlouis,Ceramics,physical-medium-listed,,Undated directory; not assigned to 2026,Regional exhibitors at a Portland venue; production city unverified,potters-directory,David Louis,2026-09-15
potters-directory-037,Deborah Schneider,deborahschneider,Ceramics,physical-medium-listed,https://www.instagram.com/deborah_schneider_ceramics;https://www.facebook.com/deborahschneiderceramics;https://deborahschneiderceramics.com,Undated directory; not assigned to 2026,Regional exhibitors at a Portland venue; production city unverified,potters-directory,Deborah Schneider,2026-09-15
potters-directory-038,Debra Nelson,debranelson,Ceramics,physical-medium-listed,https://www.instagram.com/chehalemmtnpottery;https://www.facebook.com/DebiNelson1;https://chehalemmountainpottery.com,Undated directory; not assigned to 2026,Regional exhibitors at a Portland venue; production city unverified,potters-directory,Debra Nelson,2026-09-15
potters-directory-039,Future Relics Gallery,futurerelicsgallery,Ceramics,physical-medium-listed,https://www.instagram.com/FutureRelicsGallery;https://www.facebook.com/FutureRelicsPottery;https://http://FutureRelicsGallery.com,Undated directory; not assigned to 2026,Regional exhibitors at a Portland venue; production city unverified,potters-directory,Future Relics Gallery,2026-09-15
potters-directory-040,Debra Shapiro Art,debrashapiroart,Ceramics,physical-medium-listed,,Undated directory; not assigned to 2026,Regional exhibitors at a Portland venue; production city unverified,potters-directory,Debra Shapiro Art,2026-09-15
potters-directory-041,DeeDee & Shark,deedeeshark,Ceramics,physical-medium-listed,https://www.instagram.com/deedee_and_shark;https://deedeeandshark.com,Undated directory; not assigned to 2026,Regional exhibitors at a Portland venue; production city unverified,potters-directory,DeeDee & Shark,2026-09-15
potters-directory-042,Divine Pottery,divinepottery,Ceramics,physical-medium-listed,https://www.instagram.com/scotcameronbellceramics;https://scot cameron-bell.com,Undated directory; not assigned to 2026,Regional exhibitors at a Portland venue; production city unverified,potters-directory,Divine Pottery,2026-09-15
potters-directory-043,dkruegerbotanicart,dkruegerbotanicart,Ceramics,physical-medium-listed,https://www.instagram.com/dkruegerbotanicart;https://www.facebook.com/dkruegerbotanicart/professional_dashboard/?ref=profile_action;https://etsy.com/shop/dkruegerbotanicart?ref=seller-platform-mcnav,Undated directory; not assigned to 2026,Regional exhibitors at a Portland venue; production city unverified,potters-directory,dkruegerbotanicart,2026-09-15
potters-directory-044,Dong Wan Kim,dongwankim,Ceramics,physical-medium-listed,,Undated directory; not assigned to 2026,Regional exhibitors at a Portland venue; production city unverified,potters-directory,Dong Wan Kim,2026-09-15
potters-directory-045,Down the Road Clayworks,downtheroadclayworks,Ceramics,physical-medium-listed,https://www.instagram.com/downtheroadclayworks;https://www.facebook.com/downtheroadclayworks;https://downtheroadclay.works/,Undated directory; not assigned to 2026,Regional exhibitors at a Portland venue; production city unverified,potters-directory,Down the Road Clayworks,2026-09-15
potters-directory-046,Dwayne Sackey's stoneware and porcelain,dwaynesackeysstonewareandporcelain,Ceramics,physical-medium-listed,https://www.instagram.com/dwaynespots;https://dwaynesackey.com/,Undated directory; not assigned to 2026,Regional exhibitors at a Portland venue; production city unverified,potters-directory,Dwayne Sackey's stoneware and porcelain,2026-09-15
potters-directory-047,Elijah Pilkington,elijahpilkington,Ceramics,physical-medium-listed,,Undated directory; not assigned to 2026,Regional exhibitors at a Portland venue; production city unverified,potters-directory,Elijah Pilkington,2026-09-15
potters-directory-048,Elodie Massa,elodiemassa,Ceramics,physical-medium-listed,,Undated directory; not assigned to 2026,Regional exhibitors at a Portland venue; production city unverified,potters-directory,Elodie Massa,2026-09-15
potters-directory-049,Emily Grizzly Ceramics,emilygrizzlyceramics,Ceramics,physical-medium-listed,https://www.instagram.com/emilygrizzly;https://emilygrizzly.com,Undated directory; not assigned to 2026,Regional exhibitors at a Portland venue; production city unverified,potters-directory,Emily Grizzly Ceramics,2026-09-15
potters-directory-050,Erick Jensen,erickjensen,Ceramics,physical-medium-listed,,Undated directory; not assigned to 2026,Regional exhibitors at a Portland venue; production city unverified,potters-directory,Erick Jensen,2026-09-15
potters-directory-051,Erin the Forest,erintheforest,Ceramics,physical-medium-listed,https://www.instagram.com/erintheforest;https://Erinmarkee.com,Undated directory; not assigned to 2026,Regional exhibitors at a Portland venue; production city unverified,potters-directory,Erin the Forest,2026-09-15
potters-directory-052,Ernst,ernst,Ceramics,physical-medium-listed,,Undated directory; not assigned to 2026,Regional exhibitors at a Portland venue; production city unverified,potters-directory,Ernst,2026-09-15
potters-directory-053,Fonda Sanchez,fondasanchez,Ceramics,physical-medium-listed,,Undated directory; not assigned to 2026,Regional exhibitors at a Portland venue; production city unverified,potters-directory,Fonda Sanchez,2026-09-15
potters-directory-054,Free Ceramics,freeceramics,Ceramics,physical-medium-listed,https://https://freeceramics.com/about/emily-free-wilson/,Undated directory; not assigned to 2026,Regional exhibitors at a Portland venue; production city unverified,potters-directory,Free Ceramics,2026-09-15
potters-directory-055,Funktional Funk,funktionalfunk,Ceramics,physical-medium-listed,https://www.instagram.com/funktionalfunk;https://www.facebook.com/funktionalfunk;https://Etsy.com/funktionalfunkart,Undated directory; not assigned to 2026,Regional exhibitors at a Portland venue; production city unverified,potters-directory,Funktional Funk,2026-09-15
potters-directory-056,Gay's Pottery,gayspottery,Ceramics,physical-medium-listed,,Undated directory; not assigned to 2026,Regional exhibitors at a Portland venue; production city unverified,potters-directory,Gay's Pottery,2026-09-15
potters-directory-057,George Armantrout,georgearmantrout,Ceramics,physical-medium-listed,,Undated directory; not assigned to 2026,Regional exhibitors at a Portland venue; production city unverified,potters-directory,George Armantrout,2026-09-15
potters-directory-058,Georgine Longfellow,georginelongfellow,Ceramics,physical-medium-listed,,Undated directory; not assigned to 2026,Regional exhibitors at a Portland venue; production city unverified,potters-directory,Georgine Longfellow,2026-09-15
potters-directory-059,Halima Taylor,halimataylor,Ceramics,physical-medium-listed,,Undated directory; not assigned to 2026,Regional exhibitors at a Portland venue; production city unverified,potters-directory,Halima Taylor,2026-09-15
potters-directory-060,Happy Raku Fish,happyrakufish,Ceramics,physical-medium-listed,https://www.instagram.com/happyrakufish;https://www.facebook.com/happyrakufish;https://rakufish.com,Undated directory; not assigned to 2026,Regional exhibitors at a Portland venue; production city unverified,potters-directory,Happy Raku Fish,2026-09-15
potters-directory-061,Harriet Wentz,harrietwentz,Ceramics,physical-medium-listed,https://www.instagram.com/harrietwentz,Undated directory; not assigned to 2026,Regional exhibitors at a Portland venue; production city unverified,potters-directory,Harriet Wentz,2026-09-15
potters-directory-062,Heart Fire Sanctuary,heartfiresanctuary,Ceramics,physical-medium-listed,https://www.facebook.com/p/Heart-Fire-Sanctuary-100080369096663;https://heartfiresanctuary.org,Undated directory; not assigned to 2026,Regional exhibitors at a Portland venue; production city unverified,potters-directory,Heart Fire Sanctuary,2026-09-15
potters-directory-063,Heart Song Ceramics,heartsongceramics,Ceramics,physical-medium-listed,https://www.instagram.com/heartsongartspottery;https://www.facebook.com/Heart Song Arts Pottery;https://heart-song-arts-co.myshopify.com,Undated directory; not assigned to 2026,Regional exhibitors at a Portland venue; production city unverified,potters-directory,Heart Song Ceramics,2026-09-15
potters-directory-064,Heather Pedersen,heatherpedersen,Ceramics,physical-medium-listed,https://www.instagram.com/heather_pedersen,Undated directory; not assigned to 2026,Regional exhibitors at a Portland venue; production city unverified,potters-directory,Heather Pedersen,2026-09-15
potters-directory-065,Heirloom Ceramic Studio,heirloomceramicstudio,Ceramics,physical-medium-listed,https://www.instagram.com/heirloomceramicstudio;https://heirloomceramicstudio.com,Undated directory; not assigned to 2026,Regional exhibitors at a Portland venue; production city unverified,potters-directory,Heirloom Ceramic Studio,2026-09-15
potters-directory-066,Herbal Earth Pottery,herbalearthpottery,Ceramics,physical-medium-listed,https://www.instagram.com/herbal_earth_pottery,Undated directory; not assigned to 2026,Regional exhibitors at a Portland venue; production city unverified,potters-directory,Herbal Earth Pottery,2026-09-15
potters-directory-067,Homespun Ceramics,homespunceramics,Ceramics,physical-medium-listed,https://www.instagram.com/potter_by_gretchen,Undated directory; not assigned to 2026,Regional exhibitors at a Portland venue; production city unverified,potters-directory,Homespun Ceramics,2026-09-15
potters-directory-068,Hsin-Yi Huang,hsinyihuang,Ceramics,physical-medium-listed,https://www.hsinyihuang.com,Undated directory; not assigned to 2026,Regional exhibitors at a Portland venue; production city unverified,potters-directory,Hsin-Yi Huang,2026-09-15
potters-directory-069,Hui-Yung Kim,huiyungkim,Ceramics,physical-medium-listed,,Undated directory; not assigned to 2026,Regional exhibitors at a Portland venue; production city unverified,potters-directory,Hui-Yung Kim,2026-09-15
potters-directory-070,Human Ceramics,humanceramics,Ceramics,physical-medium-listed,https://www.instagram.com/human.ceramics;https://humanceramics.com,Undated directory; not assigned to 2026,Regional exhibitors at a Portland venue; production city unverified,potters-directory,Human Ceramics,2026-09-15
potters-directory-071,Icy Road Pottery,icyroadpottery,Ceramics,physical-medium-listed,https://www.instagram.com/icyroadpottery;https://icyroadpottery.com,Undated directory; not assigned to 2026,Regional exhibitors at a Portland venue; production city unverified,potters-directory,Icy Road Pottery,2026-09-15
potters-directory-072,Jami K LeBaron,jamiklebaron,Ceramics,physical-medium-listed,https://www.instagram.com/jklpottery;https://Jamilebaron.com,Undated directory; not assigned to 2026,Regional exhibitors at a Portland venue; production city unverified,potters-directory,Jami K LeBaron,2026-09-15
potters-directory-073,Jampdx,jampdx,Ceramics,physical-medium-listed,https://www.instagram.com/jampdx;https://www.facebook.com/jampdx;https://www.jampdx.com,Undated directory; not assigned to 2026,Regional exhibitors at a Portland venue; production city unverified,potters-directory,Jampdx,2026-09-15
potters-directory-074,Janet Buskirk,janetbuskirk,Ceramics,physical-medium-listed,https://www.instagram.com/buskirkjanet;https://www.facebook.com/janetbuskirk;https://JanetBuskirk.com,Undated directory; not assigned to 2026,Regional exhibitors at a Portland venue; production city unverified,potters-directory,Janet Buskirk,2026-09-15
potters-directory-075,Jared Jaffe,jaredjaffe,Ceramics,physical-medium-listed,,Undated directory; not assigned to 2026,Regional exhibitors at a Portland venue; production city unverified,potters-directory,Jared Jaffe,2026-09-15
potters-directory-076,Jeanette Zeis Ceramics,jeanettezeisceramics,Ceramics,physical-medium-listed,https://www.instagram.com/jeanettezeis;https://jeanettezeis.com,Undated directory; not assigned to 2026,Regional exhibitors at a Portland venue; production city unverified,potters-directory,Jeanette Zeis Ceramics,2026-09-15
potters-directory-077,Jeanne Kim,jeannekim,Ceramics,physical-medium-listed,,Undated directory; not assigned to 2026,Regional exhibitors at a Portland venue; production city unverified,potters-directory,Jeanne Kim,2026-09-15
potters-directory-078,Jennifer Hill Ceramics,jenniferhillceramics,Ceramics,physical-medium-listed,https://www.instagram.com/jenniferhillceramics;https://www.facebook.com/jennifer.hill.90226;https://jenniferhillceramics.com/,Undated directory; not assigned to 2026,Regional exhibitors at a Portland venue; production city unverified,potters-directory,Jennifer Hill Ceramics,2026-09-15
potters-directory-079,Jennifer Jasaitis,jenniferjasaitis,Ceramics,physical-medium-listed,,Undated directory; not assigned to 2026,Regional exhibitors at a Portland venue; production city unverified,potters-directory,Jennifer Jasaitis,2026-09-15
potters-directory-080,Jess Graff,jessgraff,Ceramics,physical-medium-listed,https://www.instagram.com/clay_bird_nest;https://www.facebook.com/art.jess.graff;https://Jess Graff.com,Undated directory; not assigned to 2026,Regional exhibitors at a Portland venue; production city unverified,potters-directory,Jess Graff,2026-09-15
potters-directory-081,Kaylin Rose Ceramics,kaylinroseceramics,Ceramics,physical-medium-listed,https://www.instagram.com/kaylinroseceramics,Undated directory; not assigned to 2026,Regional exhibitors at a Portland venue; production city unverified,potters-directory,Kaylin Rose Ceramics,2026-09-15
potters-directory-082,Jim Koudelka,jimkoudelka,Ceramics,physical-medium-listed,https://www.instagram.com/jimkoudelka;https://www.facebook.com/jim.koudelka.5;https://janetbuskirk.com,Undated directory; not assigned to 2026,Regional exhibitors at a Portland venue; production city unverified,potters-directory,Jim Koudelka,2026-09-15
potters-directory-083,Jimin Lee,jiminlee,Ceramics,physical-medium-listed,https://www.instagram.com/jm.leebluecloud,Undated directory; not assigned to 2026,Regional exhibitors at a Portland venue; production city unverified,potters-directory,Jimin Lee,2026-09-15
potters-directory-084,JM-A! Ceramics,jmaceramics,Ceramics,physical-medium-listed,https://www.instagram.com/jmaceramic;https://etsy.com/shop/JMACeramics,Undated directory; not assigned to 2026,Regional exhibitors at a Portland venue; production city unverified,potters-directory,JM-A! Ceramics,2026-09-15
potters-directory-085,jon king,jonking,Ceramics,physical-medium-listed,https://www.instagram.com/jonjking,Undated directory; not assigned to 2026,Regional exhibitors at a Portland venue; production city unverified,potters-directory,jon king,2026-09-15
potters-directory-086,Jordan King Ceramics,jordankingceramics,Ceramics,physical-medium-listed,https://jordankingceramics.com,Undated directory; not assigned to 2026,Regional exhibitors at a Portland venue; production city unverified,potters-directory,Jordan King Ceramics,2026-09-15
potters-directory-087,Joung Pak,joungpak,Ceramics,physical-medium-listed,https://www.instagram.com/joungpak,Undated directory; not assigned to 2026,Regional exhibitors at a Portland venue; production city unverified,potters-directory,Joung Pak,2026-09-15
potters-directory-088,JPak Pottery,jpakpottery,Ceramics,physical-medium-listed,https://www.instagram.com/jpak_pottery;https://www.facebook.com/JPakPottery;https://etsy.com/shop/JPakPottery,Undated directory; not assigned to 2026,Regional exhibitors at a Portland venue; production city unverified,potters-directory,JPak Pottery,2026-09-15
potters-directory-089,Julie Taylor,julietaylor,Ceramics,physical-medium-listed,,Undated directory; not assigned to 2026,Regional exhibitors at a Portland venue; production city unverified,potters-directory,Julie Taylor,2026-09-15
potters-directory-090,Karina Hodges,karinahodges,Ceramics,physical-medium-listed,,Undated directory; not assigned to 2026,Regional exhibitors at a Portland venue; production city unverified,potters-directory,Karina Hodges,2026-09-15
potters-directory-091,Kaye Blankenship,kayeblankenship,Ceramics,physical-medium-listed,https://www.instagram.com/eyak;https://kayeblankenship.com,Undated directory; not assigned to 2026,Regional exhibitors at a Portland venue; production city unverified,potters-directory,Kaye Blankenship,2026-09-15
potters-directory-092,Clara Lanyi Ceramics,claralanyiceramics,Ceramics,physical-medium-listed,https://www.instagram.com/claralanyiceramics;https://www.facebook.com/ClaraLanyiCeramics;https://claralanyi.com/,Undated directory; not assigned to 2026,Regional exhibitors at a Portland venue; production city unverified,potters-directory,Clara Lanyi Ceramics,2026-09-15
potters-directory-093,KeigKenzie Studio,keigkenziestudio,Ceramics,physical-medium-listed,https://www.instagram.com/keigkenziestudio;https://www.facebook.com/keigkenziestudio;https://keigkenzie-studio.square.site/,Undated directory; not assigned to 2026,Regional exhibitors at a Portland venue; production city unverified,potters-directory,KeigKenzie Studio,2026-09-15
potters-directory-094,Kenneth Roberts,kennethroberts,Ceramics,physical-medium-listed,https://www.instagram.com/kenclaypots,Undated directory; not assigned to 2026,Regional exhibitors at a Portland venue; production city unverified,potters-directory,Kenneth Roberts,2026-09-15
potters-directory-095,Kirsten Page Bennett,kirstenpagebennett,Ceramics,physical-medium-listed,https://www.instagram.com/kirstenpagebennett;https://www.facebook.com/Kirsten Page Bennett;https://etsy.com/shop/KirstenPageBennett,Undated directory; not assigned to 2026,Regional exhibitors at a Portland venue; production city unverified,potters-directory,Kirsten Page Bennett,2026-09-15
potters-directory-096,kmh ceramics,kmhceramics,Ceramics,physical-medium-listed,https://www.instagram.com/kmhceramics0619;https://www.facebook.com/kmhceramics0619;https://kmhceramics.square.site,Undated directory; not assigned to 2026,Regional exhibitors at a Portland venue; production city unverified,potters-directory,kmh ceramics,2026-09-15
potters-directory-097,Kristin Miller,kristinmiller,Ceramics,physical-medium-listed,https://www.instagram.com/wrm.o_ceramics,Undated directory; not assigned to 2026,Regional exhibitors at a Portland venue; production city unverified,potters-directory,Kristin Miller,2026-09-15
potters-directory-098,Kristine McNamara,kristinemcnamara,Ceramics,physical-medium-listed,https://www.instagram.com/kristinemcnamara;https://www.facebook.com/kristine.mcnamara.9;https://etsy.com/shop/mossandmudpies,Undated directory; not assigned to 2026,Regional exhibitors at a Portland venue; production city unverified,potters-directory,Kristine McNamara,2026-09-15
potters-directory-099,Momma Moos Pottery,mommamoospottery,Ceramics,physical-medium-listed,https://www.instagram.com/Mommamoospottery;https://etsy.com/mommamoospottery,Undated directory; not assigned to 2026,Regional exhibitors at a Portland venue; production city unverified,potters-directory,Momma Moos Pottery,2026-09-15
potters-directory-100,Larry Nelson,larrynelson,Ceramics,physical-medium-listed,https://www.instagram.com/nelson.larry;https://www.facebook.com/larry.nelson.12532;https://www.chehalemmountainpottery.com,Undated directory; not assigned to 2026,Regional exhibitors at a Portland venue; production city unverified,potters-directory,Larry Nelson,2026-09-15
potters-directory-101,Lauren Huie,laurenhuie,Ceramics,physical-medium-listed,,Undated directory; not assigned to 2026,Regional exhibitors at a Portland venue; production city unverified,potters-directory,Lauren Huie,2026-09-15
potters-directory-102,Linda Workman-Morelli,lindaworkmanmorelli,Ceramics,physical-medium-listed,https://www.twobearspottery.com,Undated directory; not assigned to 2026,Regional exhibitors at a Portland venue; production city unverified,potters-directory,Linda Workman-Morelli,2026-09-15
potters-directory-103,Little Wolf Pottery,littlewolfpottery,Ceramics,physical-medium-listed,https://www.instagram.com/littlewolfpottery;https://www.facebook.com/Little Wolf Pottery;https://littlewolfpotterypdx.etsy.com,Undated directory; not assigned to 2026,Regional exhibitors at a Portland venue; production city unverified,potters-directory,Little Wolf Pottery,2026-09-15
potters-directory-104,Lobsang Gyatso,lobsanggyatso,Ceramics,physical-medium-listed,,Undated directory; not assigned to 2026,Regional exhibitors at a Portland venue; production city unverified,potters-directory,Lobsang Gyatso,2026-09-15
potters-directory-105,MAC Ceramics,macceramics,Ceramics,physical-medium-listed,https://www.instagram.com/mac_monkey_ceramics,Undated directory; not assigned to 2026,Regional exhibitors at a Portland venue; production city unverified,potters-directory,MAC Ceramics,2026-09-15
potters-directory-106,Madame Mug,madamemug,Ceramics,physical-medium-listed,https://www.instagram.com/madamemug;https://madamemug.com,Undated directory; not assigned to 2026,Regional exhibitors at a Portland venue; production city unverified,potters-directory,Madame Mug,2026-09-15
potters-directory-107,Make Mine Pottery,makeminepottery,Ceramics,physical-medium-listed,https://www.facebook.com/MakeMinePottery;https://https://makeminepottery.weebly.com,Undated directory; not assigned to 2026,Regional exhibitors at a Portland venue; production city unverified,potters-directory,Make Mine Pottery,2026-09-15
potters-directory-108,Marlene Huntsinger,marlenehuntsinger,Ceramics,physical-medium-listed,,Undated directory; not assigned to 2026,Regional exhibitors at a Portland venue; production city unverified,potters-directory,Marlene Huntsinger,2026-09-15
potters-directory-109,Martin Kagan Sculptor,martinkagansculptor,Ceramics,physical-medium-listed,https://www.instagram.com/martinkaganusa;https://beforoureyes.com,Undated directory; not assigned to 2026,Regional exhibitors at a Portland venue; production city unverified,potters-directory,Martin Kagan Sculptor,2026-09-15
potters-directory-110,Masami's Ceramics,masamisceramics,Ceramics,physical-medium-listed,https://www.instagram.com/masamisceramics;https://etsy.com/shop/MasamisCeramics,Undated directory; not assigned to 2026,Regional exhibitors at a Portland venue; production city unverified,potters-directory,Masami's Ceramics,2026-09-15
potters-directory-111,Maya ceramics,mayaceramics,Ceramics,physical-medium-listed,https://www.instagram.com/veronica.arquilevich_guzman;https://www.facebook.com/mayaarquilevich;https://mayaceramicsandpaintings.com,Undated directory; not assigned to 2026,Regional exhibitors at a Portland venue; production city unverified,potters-directory,Maya ceramics,2026-09-15
potters-directory-112,Maya Elin Ceramics,mayaelinceramics,Ceramics,physical-medium-listed,https://www.instagram.com/maya.elin.1,Undated directory; not assigned to 2026,Regional exhibitors at a Portland venue; production city unverified,potters-directory,Maya Elin Ceramics,2026-09-15
potters-directory-113,Megan White,meganwhite,Ceramics,physical-medium-listed,,Undated directory; not assigned to 2026,Regional exhibitors at a Portland venue; production city unverified,potters-directory,Megan White,2026-09-15
potters-directory-114,Michael Fromm,michaelfromm,Ceramics,physical-medium-listed,,Undated directory; not assigned to 2026,Regional exhibitors at a Portland venue; production city unverified,potters-directory,Michael Fromm,2026-09-15
potters-directory-115,Michael Scrivens,michaelscrivens,Ceramics,physical-medium-listed,,Undated directory; not assigned to 2026,Regional exhibitors at a Portland venue; production city unverified,potters-directory,Michael Scrivens,2026-09-15
potters-directory-116,Mikalah Ball,mikalahball,Ceramics,physical-medium-listed,https://www.facebook.com/pdxpotsandcrafts,Undated directory; not assigned to 2026,Regional exhibitors at a Portland venue; production city unverified,potters-directory,Mikalah Ball,2026-09-15
potters-directory-117,mitz mess,mitzmess,Ceramics,physical-medium-listed,https://www.instagram.com/mitzmess;https://mitzmess.com,Undated directory; not assigned to 2026,Regional exhibitors at a Portland venue; production city unverified,potters-directory,mitz mess,2026-09-15
potters-directory-118,Mizzle Ceramics LLC,mizzleceramicsllc,Ceramics,physical-medium-listed,https://www.instagram.com/mizzle_ceramics;https://www.facebook.com/Mizzle Ceramics;https://mizzleceramics.com,Undated directory; not assigned to 2026,Regional exhibitors at a Portland venue; production city unverified,potters-directory,Mizzle Ceramics LLC,2026-09-15
potters-directory-119,Moko Hori,mokohori,Ceramics,physical-medium-listed,,Undated directory; not assigned to 2026,Regional exhibitors at a Portland venue; production city unverified,potters-directory,Moko Hori,2026-09-15
potters-directory-120,Mostly Handbuilt Pottery,mostlyhandbuiltpottery,Ceramics,physical-medium-listed,https://www.instagram.com/sandyvisse8212;https://sandyvisse.com,Undated directory; not assigned to 2026,Regional exhibitors at a Portland venue; production city unverified,potters-directory,Mostly Handbuilt Pottery,2026-09-15
potters-directory-121,Muddy Feet Pottery,muddyfeetpottery,Ceramics,physical-medium-listed,https://www.instagram.com/muddy_feet_pottery;https://Muddyfeetpottery.com,Undated directory; not assigned to 2026,Regional exhibitors at a Portland venue; production city unverified,potters-directory,Muddy Feet Pottery,2026-09-15
potters-directory-122,Mug.shops,mugshops,Ceramics,physical-medium-listed,https://www.instagram.com/Mug.shops,Undated directory; not assigned to 2026,Regional exhibitors at a Portland venue; production city unverified,potters-directory,Mug.shops,2026-09-15
potters-directory-123,Nancy Y Adams Clay Artist,nancyyadamsclayartist,Ceramics,physical-medium-listed,https://www.instagram.com/nabcyyadamsclayartist;https://nancyadams.net,Undated directory; not assigned to 2026,Regional exhibitors at a Portland venue; production city unverified,potters-directory,Nancy Y Adams Clay Artist,2026-09-15
potters-directory-124,Natalie Warrens,nataliewarrens,Ceramics,physical-medium-listed,https://https://www.nataliewarrens.com,Undated directory; not assigned to 2026,Regional exhibitors at a Portland venue; production city unverified,potters-directory,Natalie Warrens,2026-09-15
potters-directory-125,Nickolas Kesler,nickolaskesler,Ceramics,physical-medium-listed,,Undated directory; not assigned to 2026,Regional exhibitors at a Portland venue; production city unverified,potters-directory,Nickolas Kesler,2026-09-15
potters-directory-126,Nicole Hummel,nicolehummel,Ceramics,physical-medium-listed,,Undated directory; not assigned to 2026,Regional exhibitors at a Portland venue; production city unverified,potters-directory,Nicole Hummel,2026-09-15
potters-directory-127,Nora Brodnicki,norabrodnicki,Ceramics,physical-medium-listed,https://www.instagram.com/norabrodnicki;https://norabrodnicki.com,Undated directory; not assigned to 2026,Regional exhibitors at a Portland venue; production city unverified,potters-directory,Nora Brodnicki,2026-09-15
potters-directory-128,OakShire Pottery,oakshirepottery,Ceramics,physical-medium-listed,https://www.instagram.com/oakshirepottery;https://etsy.com/shop/oakshirepottery,Undated directory; not assigned to 2026,Regional exhibitors at a Portland venue; production city unverified,potters-directory,OakShire Pottery,2026-09-15
potters-directory-129,OH! Sullivan Studio,ohsullivanstudio,Ceramics,physical-medium-listed,,Undated directory; not assigned to 2026,Regional exhibitors at a Portland venue; production city unverified,potters-directory,OH! Sullivan Studio,2026-09-15
potters-directory-130,Old Devil Fine Wares,olddevilfinewares,Ceramics,physical-medium-listed,https://www.instagram.com/olddevilfinewares;https://www.facebook.com/OldDevilFineWares;https://olddevilfinewares.com,Undated directory; not assigned to 2026,Regional exhibitors at a Portland venue; production city unverified,potters-directory,Old Devil Fine Wares,2026-09-15
potters-directory-131,PBPottery,pbpottery,Ceramics,physical-medium-listed,https://www.facebook.com/pbpottery,Undated directory; not assigned to 2026,Regional exhibitors at a Portland venue; production city unverified,potters-directory,PBPottery,2026-09-15
potters-directory-132,Peter Alsen,peteralsen,Ceramics,physical-medium-listed,https://www.instagram.com/Peteralsenrakupottery;https://www.facebook.com/Peter Alsen Raku Pottery,Undated directory; not assigned to 2026,Regional exhibitors at a Portland venue; production city unverified,potters-directory,Peter Alsen,2026-09-15
potters-directory-133,Peter Meyer Ceramics,petermeyerceramics,Ceramics,physical-medium-listed,,Undated directory; not assigned to 2026,Regional exhibitors at a Portland venue; production city unverified,potters-directory,Peter Meyer Ceramics,2026-09-15
potters-directory-134,Planet Calvin Ceramics llc,planetcalvinceramicsllc,Ceramics,physical-medium-listed,https://www.instagram.com/planetcalvinceramics;https://planetcalvinceramics.com,Undated directory; not assigned to 2026,Regional exhibitors at a Portland venue; production city unverified,potters-directory,Planet Calvin Ceramics llc,2026-09-15
potters-directory-135,Portz Pottery,portzpottery,Ceramics,physical-medium-listed,https://www.instagram.com/portzpottery;https://www.facebook.com/portzpottery;https://portzpottery.com,Undated directory; not assigned to 2026,Regional exhibitors at a Portland venue; production city unverified,potters-directory,Portz Pottery,2026-09-15
potters-directory-136,Pottery By Carolyn,potterybycarolyn,Ceramics,physical-medium-listed,https://www.instagram.com/Carolynbulkley;https://potterybycarolyn.etsy.com/,Undated directory; not assigned to 2026,Regional exhibitors at a Portland venue; production city unverified,potters-directory,Pottery By Carolyn,2026-09-15
potters-directory-137,Pottery By Yvonne,potterybyyvonne,Ceramics,physical-medium-listed,https://www.instagram.com/potterybyyvonne;https://www.facebook.com/potterybyyvonne;https://potterybyyvonne.com,Undated directory; not assigned to 2026,Regional exhibitors at a Portland venue; production city unverified,potters-directory,Pottery By Yvonne,2026-09-15
potters-directory-138,Rabun Thompson,rabunthompson,Ceramics,physical-medium-listed,,Undated directory; not assigned to 2026,Regional exhibitors at a Portland venue; production city unverified,potters-directory,Rabun Thompson,2026-09-15
potters-directory-139,Rachel Green Pottery,rachelgreenpottery,Ceramics,physical-medium-listed,https://www.instagram.com/rachelgreenpottery;https://rachelgreenpottery.com/,Undated directory; not assigned to 2026,Regional exhibitors at a Portland venue; production city unverified,potters-directory,Rachel Green Pottery,2026-09-15
potters-directory-140,Rachel Rise,rachelrise,Ceramics,physical-medium-listed,https://www.instagram.com/rachelrise,Undated directory; not assigned to 2026,Regional exhibitors at a Portland venue; production city unverified,potters-directory,Rachel Rise,2026-09-15
potters-directory-141,Rain Dragon Studio,raindragonstudio,Ceramics,physical-medium-listed,https://www.instagram.com/raindragonstudio;https://www.facebook.com/raindragonstudio;https://raindragonstudio.com,Undated directory; not assigned to 2026,Regional exhibitors at a Portland venue; production city unverified,potters-directory,Rain Dragon Studio,2026-09-15
potters-directory-142,Rebecca Gerendasy Clay Art,rebeccagerendasyclayart,Ceramics,physical-medium-listed,https://www.instagram.com/rgerendasy;https://www.facebook.com/rebeccagerendasyart;https://rebeccagerendasy.com,Undated directory; not assigned to 2026,Regional exhibitors at a Portland venue; production city unverified,potters-directory,Rebecca Gerendasy Clay Art,2026-09-15
potters-directory-143,Ricia Parcher,riciaparcher,Ceramics,physical-medium-listed,,Undated directory; not assigned to 2026,Regional exhibitors at a Portland venue; production city unverified,potters-directory,Ricia Parcher,2026-09-15
potters-directory-144,Roberta Lampert,robertalampert,Ceramics,physical-medium-listed,https://www.instagram.com/robertalampert;https://www.facebook.com/roberta.lampert.5;https://robertalampert.com,Undated directory; not assigned to 2026,Regional exhibitors at a Portland venue; production city unverified,potters-directory,Roberta Lampert,2026-09-15
potters-directory-145,Robin McDonald,robinmcdonald,Ceramics,physical-medium-listed,https://www.instagram.com/robinmcdonalds.art,Undated directory; not assigned to 2026,Regional exhibitors at a Portland venue; production city unverified,potters-directory,Robin McDonald,2026-09-15
potters-directory-146,Rock Dogs,rockdogs,Ceramics,physical-medium-listed,https://www.instagram.com/iloverockdogs;https://www.facebook.com/rocky.jaeger.ceramics;https://iloverockdogs.com/,Undated directory; not assigned to 2026,Regional exhibitors at a Portland venue; production city unverified,potters-directory,Rock Dogs,2026-09-15
potters-directory-147,Ruby Farms Pottery,rubyfarmspottery,Ceramics,physical-medium-listed,https://www.instagram.com/rubyfarms;https://www.facebook.com/rubyfarmspottery;https://www.rubyfarms.net,Undated directory; not assigned to 2026,Regional exhibitors at a Portland venue; production city unverified,potters-directory,Ruby Farms Pottery,2026-09-15
potters-directory-148,Ryan Mason,ryanmason,Ceramics,physical-medium-listed,https://www.instagram.com/ryanmasontattoo;https://ryanmason.bigcartel.com,Undated directory; not assigned to 2026,Regional exhibitors at a Portland venue; production city unverified,potters-directory,Ryan Mason,2026-09-15
potters-directory-149,Samantha Aske,samanthaaske,Ceramics,physical-medium-listed,,Undated directory; not assigned to 2026,Regional exhibitors at a Portland venue; production city unverified,potters-directory,Samantha Aske,2026-09-15
potters-directory-150,Sassy Ceramics,sassyceramics,Ceramics,physical-medium-listed,https://etsy.com/shop/SassyCeramicsPDX,Undated directory; not assigned to 2026,Regional exhibitors at a Portland venue; production city unverified,potters-directory,Sassy Ceramics,2026-09-15
potters-directory-151,SAVI Clayworks,saviclayworks,Ceramics,physical-medium-listed,https://www.facebook.com/SAVIClayworkspottery,Undated directory; not assigned to 2026,Regional exhibitors at a Portland venue; production city unverified,potters-directory,SAVI Clayworks,2026-09-15
potters-directory-152,Sea Salt Art,seasaltart,Ceramics,physical-medium-listed,,Undated directory; not assigned to 2026,Regional exhibitors at a Portland venue; production city unverified,potters-directory,Sea Salt Art,2026-09-15
potters-directory-153,Seldom Scene Artworks,seldomsceneartworks,Ceramics,physical-medium-listed,,Undated directory; not assigned to 2026,Regional exhibitors at a Portland venue; production city unverified,potters-directory,Seldom Scene Artworks,2026-09-15
potters-directory-154,Slipstream Clay Studio,slipstreamclaystudio,Ceramics,physical-medium-listed,https://www.instagram.com/slipstream_clay;https://www.facebook.com/slipstreamclay;https://slipstreamclay.com,Undated directory; not assigned to 2026,Regional exhibitors at a Portland venue; production city unverified,potters-directory,Slipstream Clay Studio,2026-09-15
potters-directory-155,Soulmates Ceramics Studio LLC,soulmatesceramicsstudiollc,Ceramics,physical-medium-listed,https://www.instagram.com/soulmatesceramicsstudiollc;https://www.facebook.com/soulmatesceramics;https://soulmatesceramics.com,Undated directory; not assigned to 2026,Regional exhibitors at a Portland venue; production city unverified,potters-directory,Soulmates Ceramics Studio LLC,2026-09-15
potters-directory-156,Southbound Ceramics,southboundceramics,Ceramics,physical-medium-listed,,Undated directory; not assigned to 2026,Regional exhibitors at a Portland venue; production city unverified,potters-directory,Southbound Ceramics,2026-09-15
potters-directory-157,Sparnicht,sparnicht,Ceramics,physical-medium-listed,https://www.instagram.com/sparnicht_;https://www.sparnicht.com,Undated directory; not assigned to 2026,Regional exhibitors at a Portland venue; production city unverified,potters-directory,Sparnicht,2026-09-15
potters-directory-158,Steve Moellering,stevemoellering,Ceramics,physical-medium-listed,,Undated directory; not assigned to 2026,Regional exhibitors at a Portland venue; production city unverified,potters-directory,Steve Moellering,2026-09-15
potters-directory-159,StudioGwyneth,studiogwyneth,Ceramics,physical-medium-listed,https://www.instagram.com/gwynethmanley_art;https://gwynethmanley.com,Undated directory; not assigned to 2026,Regional exhibitors at a Portland venue; production city unverified,potters-directory,StudioGwyneth,2026-09-15
potters-directory-160,Suay Ceramics,suayceramics,Ceramics,physical-medium-listed,https://www.instagram.com/suayceramics;https://suayceramics.com,Undated directory; not assigned to 2026,Regional exhibitors at a Portland venue; production city unverified,potters-directory,Suay Ceramics,2026-09-15
potters-directory-161,Sybylla ceramic,sybyllaceramic,Ceramics,physical-medium-listed,https://www.instagram.com/sybyllaceramic;https://Sybyllaceramic.com,Undated directory; not assigned to 2026,Regional exhibitors at a Portland venue; production city unverified,potters-directory,Sybylla ceramic,2026-09-15
potters-directory-162,Tea Duong,teaduong,Ceramics,physical-medium-listed,https://www.instagram.com/teaduongpottery;https://www.facebook.com/teaduongpottery;https://teaduong.com,Undated directory; not assigned to 2026,Regional exhibitors at a Portland venue; production city unverified,potters-directory,Tea Duong,2026-09-15
potters-directory-163,Terrapin Pottery,terrapinpottery,Ceramics,physical-medium-listed,https://www.instagram.com/terrapinpotteryeugene,Undated directory; not assigned to 2026,Regional exhibitors at a Portland venue; production city unverified,potters-directory,Terrapin Pottery,2026-09-15
potters-directory-164,Truly Sarah Ceramics,trulysarahceramics,Ceramics,physical-medium-listed,https://www.instagram.com/trulysarahceramics;https://trulysarahceramics.com/,Undated directory; not assigned to 2026,Regional exhibitors at a Portland venue; production city unverified,potters-directory,Truly Sarah Ceramics,2026-09-15
potters-directory-165,Tryst Studios,tryststudios,Ceramics,physical-medium-listed,https://www.instagram.com/Tryststudios;https://Tryst-studios.com,Undated directory; not assigned to 2026,Regional exhibitors at a Portland venue; production city unverified,potters-directory,Tryst Studios,2026-09-15
potters-directory-166,Yellow Bird Pottery,yellowbirdpottery,Ceramics,physical-medium-listed,https://www.instagram.com/Yellow_Bird_Pottery;https://www.yellowbirdpottery.net,Undated directory; not assigned to 2026,Regional exhibitors at a Portland venue; production city unverified,potters-directory,Yellow Bird Pottery,2026-09-15
potters-directory-167,Ubuceramics,ubuceramics,Ceramics,physical-medium-listed,https://www.instagram.com/ubuceramics;https://ubuceramics.com,Undated directory; not assigned to 2026,Regional exhibitors at a Portland venue; production city unverified,potters-directory,Ubuceramics,2026-09-15
potters-directory-168,Vibrant Pottery,vibrantpottery,Ceramics,physical-medium-listed,https://www.instagram.com/vibrantpottery;https://www.facebook.com/vibrantpottery;https://vibrantpottery.com,Undated directory; not assigned to 2026,Regional exhibitors at a Portland venue; production city unverified,potters-directory,Vibrant Pottery,2026-09-15
potters-directory-169,Todd S Whitlock,toddswhitlock,Ceramics,physical-medium-listed,,Undated directory; not assigned to 2026,Regional exhibitors at a Portland venue; production city unverified,potters-directory,Todd S Whitlock,2026-09-15
potters-directory-170,Whistle Post Pottery,whistlepostpottery,Ceramics,physical-medium-listed,https://www.instagram.com/whistlepostpottery;https://whistlepostpottery.com,Undated directory; not assigned to 2026,Regional exhibitors at a Portland venue; production city unverified,potters-directory,Whistle Post Pottery,2026-09-15
potters-directory-171,Winkworx,winkworx,Ceramics,physical-medium-listed,https://www.instagram.com/Winkworxart,Undated directory; not assigned to 2026,Regional exhibitors at a Portland venue; production city unverified,potters-directory,Winkworx,2026-09-15
potters-directory-172,Zimmerdahl Productions,zimmerdahlproductions,Ceramics,physical-medium-listed,https://www.facebook.com/Sol-Zimmerdahl/100066580639876;https://www.zimmerdahlproductions.com,Undated directory; not assigned to 2026,Regional exhibitors at a Portland venue; production city unverified,potters-directory,Zimmerdahl Productions,2026-09-15
guilds-2026-001,Wayne Harrel,wayneharrel,GoOW – Guild of Oregon Woodworkers,physical-medium-listed,https://gatheringoftheguilds.com/listing/wayne-harrel-18w/,2026 exhibitor directory,Regional exhibitors at a Portland venue; production city unverified,guilds-2026,Wayne Harrel – 18W,2026-09-15
guilds-2026-002,Michael Barley,michaelbarley,PBS – Portland Bead Society,physical-medium-listed,https://gatheringoftheguilds.com/listing/michael-barley-13b/,2026 exhibitor directory,Regional exhibitors at a Portland venue; production city unverified,guilds-2026,Michael Barley – 13B,2026-09-15
guilds-2026-003,James Jones & Lani Ching,jamesjoneslaniching,PBS – Portland Bead Society,physical-medium-listed,https://gatheringoftheguilds.com/listing/james-jones-lani-ching-13b/,2026 exhibitor directory,Regional exhibitors at a Portland venue; production city unverified,guilds-2026,James Jones & Lani Ching – 13B,2026-09-15
guilds-2026-004,Steve Stegall,stevestegall,PBS – Portland Bead Society,physical-medium-listed,https://gatheringoftheguilds.com/listing/steve-stegall-12b/,2026 exhibitor directory,Regional exhibitors at a Portland venue; production city unverified,guilds-2026,Steve Stegall – 12B,2026-09-15
guilds-2026-005,Mitzi Fordyce,mitzifordyce,PBS – Portland Bead Society,physical-medium-listed,https://gatheringoftheguilds.com/listing/mitzi-fordyce-11b/,2026 exhibitor directory,Regional exhibitors at a Portland venue; production city unverified,guilds-2026,Mitzi Fordyce – 11B,2026-09-15
guilds-2026-006,Franky Rook,frankyrook,PBS – Portland Bead Society,physical-medium-listed,https://gatheringoftheguilds.com/listing/franky-rook-10b/,2026 exhibitor directory,Regional exhibitors at a Portland venue; production city unverified,guilds-2026,Franky Rook – 10B,2026-09-15
guilds-2026-007,Penn Poole,pennpoole,PBS – Portland Bead Society,physical-medium-listed,https://gatheringoftheguilds.com/listing/penn-poole-10b/,2026 exhibitor directory,Regional exhibitors at a Portland venue; production city unverified,guilds-2026,Penn Poole – 10B,2026-09-15
guilds-2026-008,Noelle Newton,noellenewton,PBS – Portland Bead Society,physical-medium-listed,https://gatheringoftheguilds.com/listing/noelle-newton-10b/,2026 exhibitor directory,Regional exhibitors at a Portland venue; production city unverified,guilds-2026,Noelle Newton – 10B,2026-09-15
guilds-2026-009,Calley Dodero,calleydodero,PBS – Portland Bead Society,physical-medium-listed,https://gatheringoftheguilds.com/listing/calley-dodero-9b/,2026 exhibitor directory,Regional exhibitors at a Portland venue; production city unverified,guilds-2026,Calley Dodero – 9B,2026-09-15
guilds-2026-010,Sue Sloan,suesloan,PBS – Portland Bead Society,physical-medium-listed,https://gatheringoftheguilds.com/listing/sue-sloan-9b/,2026 exhibitor directory,Regional exhibitors at a Portland venue; production city unverified,guilds-2026,Sue Sloan – 9B,2026-09-15
guilds-2026-011,Portland Bead Society Consignment Shop,portlandbeadsocietyconsignmentshop,PBS – Portland Bead Society,physical-medium-listed,https://gatheringoftheguilds.com/listing/portland-bead-society-consignment-shop-8b/,2026 exhibitor directory,Regional exhibitors at a Portland venue; production city unverified,guilds-2026,Portland Bead Society Consignment Shop – 8B,2026-09-15
guilds-2026-012,Amy Zhang,amyzhang,PBS – Portland Bead Society,physical-medium-listed,https://gatheringoftheguilds.com/listing/amy-zhang-7b/,2026 exhibitor directory,Regional exhibitors at a Portland venue; production city unverified,guilds-2026,Amy Zhang – 7B,2026-09-15
guilds-2026-013,Elaine Rank,elainerank,PBS – Portland Bead Society,physical-medium-listed,https://gatheringoftheguilds.com/listing/elaine-rank-6b/,2026 exhibitor directory,Regional exhibitors at a Portland venue; production city unverified,guilds-2026,Elaine Rank – 6B,2026-09-15
guilds-2026-014,JoAnne Lupton,joannelupton,PBS – Portland Bead Society,physical-medium-listed,https://gatheringoftheguilds.com/listing/joanne-lupton-5b/,2026 exhibitor directory,Regional exhibitors at a Portland venue; production city unverified,guilds-2026,JoAnne Lupton – 5B,2026-09-15
guilds-2026-015,Laura Jessup,laurajessup,PBS – Portland Bead Society,physical-medium-listed,https://gatheringoftheguilds.com/listing/laura-jessup-4b/,2026 exhibitor directory,Regional exhibitors at a Portland venue; production city unverified,guilds-2026,Laura Jessup – 4B,2026-09-15
guilds-2026-016,Nancy Gant,nancygant,PBS – Portland Bead Society,physical-medium-listed,https://gatheringoftheguilds.com/listing/nancy-gant-3b/,2026 exhibitor directory,Regional exhibitors at a Portland venue; production city unverified,guilds-2026,Nancy Gant – 3B,2026-09-15
guilds-2026-017,Lea McWhorter,leamcwhorter,PBS – Portland Bead Society,physical-medium-listed,https://gatheringoftheguilds.com/listing/lea-mcwhorter-2b/,2026 exhibitor directory,Regional exhibitors at a Portland venue; production city unverified,guilds-2026,Lea McWhorter – 2B,2026-09-15
guilds-2026-018,Karmen Schmidt,karmenschmidt,PBS – Portland Bead Society,physical-medium-listed,https://gatheringoftheguilds.com/listing/karmen-schmidt-1b/,2026 exhibitor directory,Regional exhibitors at a Portland venue; production city unverified,guilds-2026,Karmen Schmidt – 1B,2026-09-15
guilds-2026-019,Teresa Kaufman,teresakaufman,PNWGG – Pacific Northwest Glass Guild,physical-medium-listed,https://gatheringoftheguilds.com/listing/teresa-kaufman-3g-6g/,2026 exhibitor directory,Regional exhibitors at a Portland venue; production city unverified,guilds-2026,Teresa Kaufman – 3G-6G,2026-09-15
guilds-2026-020,Lyn Kennison,lynkennison,PNWGG – Pacific Northwest Glass Guild,physical-medium-listed,https://gatheringoftheguilds.com/listing/lyn-kennison-3g-6g/,2026 exhibitor directory,Regional exhibitors at a Portland venue; production city unverified,guilds-2026,Lyn Kennison – 3G-6G,2026-09-15
guilds-2026-021,Lesley Kelly,lesleykelly,PNWGG – Pacific Northwest Glass Guild,physical-medium-listed,https://gatheringoftheguilds.com/listing/lesley-kelly-3g-6g/,2026 exhibitor directory,Regional exhibitors at a Portland venue; production city unverified,guilds-2026,Lesley Kelly – 3G-6G,2026-09-15
guilds-2026-022,Johnathon Tardif,johnathontardif,PNWGG – Pacific Northwest Glass Guild,physical-medium-listed,https://gatheringoftheguilds.com/listing/johnathon-tardif-3g-6g/,2026 exhibitor directory,Regional exhibitors at a Portland venue; production city unverified,guilds-2026,Johnathon Tardif – 3G-6G,2026-09-15
guilds-2026-023,Daryle Ryder,daryleryder,PNWGG – Pacific Northwest Glass Guild,physical-medium-listed,https://gatheringoftheguilds.com/listing/daryle-ryder-3g-6g/,2026 exhibitor directory,Regional exhibitors at a Portland venue; production city unverified,guilds-2026,Daryle Ryder – 3G-6G,2026-09-15
guilds-2026-024,Pree Carpenter,preecarpenter,PNWGG – Pacific Northwest Glass Guild,physical-medium-listed,https://gatheringoftheguilds.com/listing/pree-carpenter-3g-6g/,2026 exhibitor directory,Regional exhibitors at a Portland venue; production city unverified,guilds-2026,Pree Carpenter – 3G-6G,2026-09-15
guilds-2026-025,Gordon Yutzy,gordonyutzy,PNWGG – Pacific Northwest Glass Guild,physical-medium-listed,https://gatheringoftheguilds.com/listing/gordon-yutzy-3g-6g/,2026 exhibitor directory,Regional exhibitors at a Portland venue; production city unverified,guilds-2026,Gordon Yutzy – 3G-6G,2026-09-15
guilds-2026-026,Linda Roman,lindaroman,PNWGG – Pacific Northwest Glass Guild,physical-medium-listed,https://gatheringoftheguilds.com/listing/linda-roman-3g-6g/,2026 exhibitor directory,Regional exhibitors at a Portland venue; production city unverified,guilds-2026,Linda Roman – 3G-6G,2026-09-15
guilds-2026-027,Barbara Kienle,barbarakienle,PNWGG – Pacific Northwest Glass Guild,physical-medium-listed,https://gatheringoftheguilds.com/listing/barbara-kienle-3g-6g/,2026 exhibitor directory,Regional exhibitors at a Portland venue; production city unverified,guilds-2026,Barbara Kienle – 3G-6G,2026-09-15
guilds-2026-028,Pacific NW Sculptors,pacificnwsculptors,PNWS – Pacific Northwest Sculptors,physical-medium-listed,https://gatheringoftheguilds.com/listing/pacific-nw-sculptors-s-08/,2026 exhibitor directory,Regional exhibitors at a Portland venue; production city unverified,guilds-2026,Pacific NW Sculptors – S-08,2026-09-15
guilds-2026-029,Pacific NW Sculptors,pacificnwsculptors,PNWS – Pacific Northwest Sculptors,physical-medium-listed,https://gatheringoftheguilds.com/listing/pacific-nw-sculptors-s-07/,2026 exhibitor directory,Regional exhibitors at a Portland venue; production city unverified,guilds-2026,Pacific NW Sculptors – S-07,2026-09-15
guilds-2026-030,Pacific NW Sculptors,pacificnwsculptors,PNWS – Pacific Northwest Sculptors,physical-medium-listed,https://gatheringoftheguilds.com/listing/pacific-nw-sculptors-s-06/,2026 exhibitor directory,Regional exhibitors at a Portland venue; production city unverified,guilds-2026,Pacific NW Sculptors – S-06,2026-09-15
guilds-2026-031,Pacific NW Sculptors,pacificnwsculptors,PNWS – Pacific Northwest Sculptors,physical-medium-listed,https://gatheringoftheguilds.com/listing/pacific-nw-sculptors-s-05/,2026 exhibitor directory,Regional exhibitors at a Portland venue; production city unverified,guilds-2026,Pacific NW Sculptors – S-05,2026-09-15
guilds-2026-032,Carole Murphy,carolemurphy,PNWS – Pacific Northwest Sculptors,physical-medium-listed,https://gatheringoftheguilds.com/listing/carole-murphy-s-04/,2026 exhibitor directory,Regional exhibitors at a Portland venue; production city unverified,guilds-2026,Carole Murphy – S-04,2026-09-15
guilds-2026-033,McAlister Merchant,mcalistermerchant,PNWS – Pacific Northwest Sculptors,physical-medium-listed,https://gatheringoftheguilds.com/listing/mcalister-merchant-s-03/,2026 exhibitor directory,Regional exhibitors at a Portland venue; production city unverified,guilds-2026,McAlister Merchant – S-03,2026-09-15
guilds-2026-034,Russ Ford,russford,PNWS – Pacific Northwest Sculptors,physical-medium-listed,https://gatheringoftheguilds.com/listing/russ-ford-s-03/,2026 exhibitor directory,Regional exhibitors at a Portland venue; production city unverified,guilds-2026,Russ Ford – S-03,2026-09-15
guilds-2026-035,Jenny Poston,jennyposton,PNWS – Pacific Northwest Sculptors,physical-medium-listed,https://gatheringoftheguilds.com/listing/jenny-poston-s-02/,2026 exhibitor directory,Regional exhibitors at a Portland venue; production city unverified,guilds-2026,Jenny Poston – S-02,2026-09-15
guilds-2026-036,Wayne Bunker,waynebunker,PNWS – Pacific Northwest Sculptors,physical-medium-listed,https://gatheringoftheguilds.com/listing/wayne-bunker-s-02/,2026 exhibitor directory,Regional exhibitors at a Portland venue; production city unverified,guilds-2026,Wayne Bunker – S-02,2026-09-15
guilds-2026-037,Leslie Crist,lesliecrist,PNWS – Pacific Northwest Sculptors,physical-medium-listed,https://gatheringoftheguilds.com/listing/leslie-crist-s-01/,2026 exhibitor directory,Regional exhibitors at a Portland venue; production city unverified,guilds-2026,Leslie Crist – S-01,2026-09-15
guilds-2026-038,Susan Jones,susanjones,PNWS – Pacific Northwest Sculptors,physical-medium-listed,https://gatheringoftheguilds.com/listing/susan-jones-s-01/,2026 exhibitor directory,Regional exhibitors at a Portland venue; production city unverified,guilds-2026,Susan Jones – S-01,2026-09-15
guilds-2026-039,Larry Wade,larrywade,GoOW – Guild of Oregon Woodworkers,physical-medium-listed,https://gatheringoftheguilds.com/listing/larry-wade-17-w/,2026 exhibitor directory,Regional exhibitors at a Portland venue; production city unverified,guilds-2026,Larry Wade – 17-W,2026-09-15
guilds-2026-040,Uli Kirchler,ulikirchler,GoOW – Guild of Oregon Woodworkers,physical-medium-listed,https://gatheringoftheguilds.com/listing/uli-kirchler-16-w/,2026 exhibitor directory,Regional exhibitors at a Portland venue; production city unverified,guilds-2026,Uli Kirchler – 16-W,2026-09-15
guilds-2026-041,Erik Swenson,erikswenson,GoOW – Guild of Oregon Woodworkers,physical-medium-listed,https://gatheringoftheguilds.com/listing/erik-swenson-15-w/,2026 exhibitor directory,Regional exhibitors at a Portland venue; production city unverified,guilds-2026,Erik Swenson – 15-W,2026-09-15
guilds-2026-042,John Beechwood,johnbeechwood,GoOW – Guild of Oregon Woodworkers,physical-medium-listed,https://gatheringoftheguilds.com/listing/john-beechwood-14-w/,2026 exhibitor directory,Regional exhibitors at a Portland venue; production city unverified,guilds-2026,John Beechwood – 14-W,2026-09-15
guilds-2026-043,Guild of Oregon Woodworkers,guildoforegonwoodworkers,GoOW – Guild of Oregon Woodworkers,physical-medium-listed,https://gatheringoftheguilds.com/listing/guild-of-oregon-woodworkers-13-w/,2026 exhibitor directory,Regional exhibitors at a Portland venue; production city unverified,guilds-2026,Guild of Oregon Woodworkers – 13-W,2026-09-15
guilds-2026-044,"Roger Moore, Sean Brown",rogermooreseanbrown,GoOW – Guild of Oregon Woodworkers,physical-medium-listed,https://gatheringoftheguilds.com/listing/roger-moore-sean-brown-12-w/,2026 exhibitor directory,Regional exhibitors at a Portland venue; production city unverified,guilds-2026,"Roger Moore, Sean Brown – 12-W",2026-09-15
guilds-2026-045,"Miguel Hernandez, Roger Crooks",miguelhernandezrogercrooks,GoOW – Guild of Oregon Woodworkers,physical-medium-listed,https://gatheringoftheguilds.com/listing/miguel-hernandez-roger-crooks-12-w/,2026 exhibitor directory,Regional exhibitors at a Portland venue; production city unverified,guilds-2026,"Miguel Hernandez, Roger Crooks – 12-W",2026-09-15
guilds-2026-046,"Danny Goodrich, Jason Bartlett- 12-W",dannygoodrichjasonbartlett12w,GoOW – Guild of Oregon Woodworkers,physical-medium-listed,https://gatheringoftheguilds.com/listing/danny-goodrich-jason-bartlett-12-w/,2026 exhibitor directory,Regional exhibitors at a Portland venue; production city unverified,guilds-2026,"Danny Goodrich, Jason Bartlett- 12-W",2026-09-15
guilds-2026-047,Jason Northwest Wood Turners Club,jasonnorthwestwoodturnersclub,GoOW – Guild of Oregon Woodworkers,physical-medium-listed,https://gatheringoftheguilds.com/listing/jason-northwest-wood-turners-club-12-w/,2026 exhibitor directory,Regional exhibitors at a Portland venue; production city unverified,guilds-2026,Jason Northwest Wood Turners Club – 12-W,2026-09-15
guilds-2026-048,Elton/Lu Peace,eltonlupeace,GoOW – Guild of Oregon Woodworkers,physical-medium-listed,https://gatheringoftheguilds.com/listing/elton-lu-peace-11-w/,2026 exhibitor directory,Regional exhibitors at a Portland venue; production city unverified,guilds-2026,Elton/Lu Peace – 11-W,2026-09-15
guilds-2026-049,Bill Karow,billkarow,GoOW – Guild of Oregon Woodworkers,physical-medium-listed,https://gatheringoftheguilds.com/listing/bill-karow-10-w/,2026 exhibitor directory,Regional exhibitors at a Portland venue; production city unverified,guilds-2026,Bill Karow – 10-W,2026-09-15
guilds-2026-050,Kevin Jesequel,kevinjesequel,GoOW – Guild of Oregon Woodworkers,physical-medium-listed,https://gatheringoftheguilds.com/listing/kevin-jesequel-10-w/,2026 exhibitor directory,Regional exhibitors at a Portland venue; production city unverified,guilds-2026,Kevin Jesequel – 10-W,2026-09-15
guilds-2026-051,Reuben Gershin,reubengershin,GoOW – Guild of Oregon Woodworkers,physical-medium-listed,https://gatheringoftheguilds.com/listing/reuben-gershin-9-w/,2026 exhibitor directory,Regional exhibitors at a Portland venue; production city unverified,guilds-2026,Reuben Gershin – 9-W,2026-09-15
guilds-2026-052,"Project Build, Toy Build & Member Sales",projectbuildtoybuildmembersales,GoOW – Guild of Oregon Woodworkers,physical-medium-listed,https://gatheringoftheguilds.com/listing/project-build-toy-build-member-sales-4-w-to-8-w/,2026 exhibitor directory,Regional exhibitors at a Portland venue; production city unverified,guilds-2026,"Project Build, Toy Build & Member Sales – 4-W to 8-W",2026-09-15
guilds-2026-053,"Joe Wheaton, Martin Vlachi",joewheatonmartinvlachi,GoOW – Guild of Oregon Woodworkers,physical-medium-listed,https://gatheringoftheguilds.com/listing/joe-martin-wheaton-vlachi-3-w/,2026 exhibitor directory,Regional exhibitors at a Portland venue; production city unverified,guilds-2026,"Joe Wheaton, Martin Vlachi – 3-W",2026-09-15
guilds-2026-054,Loren Wilson,lorenwilson,GoOW – Guild of Oregon Woodworkers,physical-medium-listed,https://gatheringoftheguilds.com/listing/loren-wilson-2-w/,2026 exhibitor directory,Regional exhibitors at a Portland venue; production city unverified,guilds-2026,Loren Wilson – 2-W,2026-09-15
guilds-2026-055,John Harden,johnharden,GoOW – Guild of Oregon Woodworkers,physical-medium-listed,https://gatheringoftheguilds.com/listing/john-harden-1-w/,2026 exhibitor directory,Regional exhibitors at a Portland venue; production city unverified,guilds-2026,John Harden – 1-W,2026-09-15
guilds-2026-056,Print Arts NW Booths 1P-3P,printartsnwbooths1p3p,PAN – Print Arts Northwest,physical-medium-listed,https://gatheringoftheguilds.com/listing/print-arts-nw-booths-1p-3p/,2026 exhibitor directory,Regional exhibitors at a Portland venue; production city unverified,guilds-2026,Print Arts NW Booths 1P-3P,2026-09-15
guilds-2026-057,CMAG Gallery & Education,cmaggalleryeducation,CMAG – Creative Metal Arts Guild,physical-medium-listed,https://gatheringoftheguilds.com/listing/cmag-gallery-education-booth-m22/,2026 exhibitor directory,Regional exhibitors at a Portland venue; production city unverified,guilds-2026,CMAG Gallery & Education – Booth M22,2026-09-15
guilds-2026-058,Donna Yutzy / Some Girls Jewelry,donnayutzysomegirlsjewelry,CMAG – Creative Metal Arts Guild,physical-medium-listed,https://gatheringoftheguilds.com/listing/donna-yutzy-some-girls-jewelry-booth-m27/,2026 exhibitor directory,Regional exhibitors at a Portland venue; production city unverified,guilds-2026,Donna Yutzy / Some Girls Jewelry – Booth M27,2026-09-15
guilds-2026-059,Mary Wong / Mary Wong Design,marywongmarywongdesign,CMAG – Creative Metal Arts Guild,physical-medium-listed,https://gatheringoftheguilds.com/listing/mary-wong-mary-wong-design-booth-m1/,2026 exhibitor directory,Regional exhibitors at a Portland venue; production city unverified,guilds-2026,Mary Wong / Mary Wong Design – Booth M1,2026-09-15
guilds-2026-060,Tai Vautier / Tai Vautier Jewelry,taivautiertaivautierjewelry,CMAG – Creative Metal Arts Guild,physical-medium-listed,https://gatheringoftheguilds.com/listing/tai-vautier-tai-vautier-jewelry-booth-m8/,2026 exhibitor directory,Regional exhibitors at a Portland venue; production city unverified,guilds-2026,Tai Vautier / Tai Vautier Jewelry – Booth M8,2026-09-15
guilds-2026-061,Deborah Spencer / Deborah Spencer Designs,deborahspencerdeborahspencerdesigns,CMAG – Creative Metal Arts Guild,physical-medium-listed,https://gatheringoftheguilds.com/listing/deborah-spencer-deborah-spencer-designs-booth-m2/,2026 exhibitor directory,Regional exhibitors at a Portland venue; production city unverified,guilds-2026,Deborah Spencer / Deborah Spencer Designs – Booth M2,2026-09-15
guilds-2026-062,Elisa Saucy / Saucy Jewelry,elisasaucysaucyjewelry,CMAG – Creative Metal Arts Guild,physical-medium-listed,https://gatheringoftheguilds.com/listing/elisa-saucy-saucy-jewelry-booth-m40/,2026 exhibitor directory,Regional exhibitors at a Portland venue; production city unverified,guilds-2026,Elisa Saucy / Saucy Jewelry – Booth M40,2026-09-15
guilds-2026-063,Morgan Rosenberg / M. Rose Studio,morganrosenbergmrosestudio,CMAG – Creative Metal Arts Guild,physical-medium-listed,https://gatheringoftheguilds.com/listing/morgan-rosenberg-m-rose-studio-booth-m33/,2026 exhibitor directory,Regional exhibitors at a Portland venue; production city unverified,guilds-2026,Morgan Rosenberg / M. Rose Studio – Booth M33,2026-09-15
guilds-2026-064,Sharon Rose / Tullias Jewels,sharonrosetulliasjewels,CMAG – Creative Metal Arts Guild,physical-medium-listed,https://gatheringoftheguilds.com/listing/sharon-rose-tullias-jewels-booth-m24/,2026 exhibitor directory,Regional exhibitors at a Portland venue; production city unverified,guilds-2026,Sharon Rose / Tullias Jewels – Booth M24,2026-09-15
guilds-2026-065,Sebastian Retana / Star Heart Creations,sebastianretanastarheartcreations,CMAG – Creative Metal Arts Guild,physical-medium-listed,https://gatheringoftheguilds.com/listing/sebastian-retana-star-heart-creations-booth-m12/,2026 exhibitor directory,Regional exhibitors at a Portland venue; production city unverified,guilds-2026,Sebastian Retana / Star Heart Creations – Booth M12,2026-09-15
guilds-2026-066,Jennifer Raney / Envy Designs Jewelry,jenniferraneyenvydesignsjewelry,CMAG – Creative Metal Arts Guild,physical-medium-listed,https://gatheringoftheguilds.com/listing/jennifer-raney-envy-designs-jewelry-booth-m11/,2026 exhibitor directory,Regional exhibitors at a Portland venue; production city unverified,guilds-2026,Jennifer Raney / Envy Designs Jewelry – Booth M11,2026-09-15
guilds-2026-067,Kari Phillips / Kari Phillips Jewelry,kariphillipskariphillipsjewelry,CMAG – Creative Metal Arts Guild,physical-medium-listed,https://gatheringoftheguilds.com/listing/kari-phillips-kari-phillips-jewelry-booth-m32/,2026 exhibitor directory,Regional exhibitors at a Portland venue; production city unverified,guilds-2026,Kari Phillips / Kari Phillips Jewelry – Booth M32,2026-09-15
guilds-2026-068,Robert L Peters / Silver Tide Jewelry,robertlpeterssilvertidejewelry,CMAG – Creative Metal Arts Guild,physical-medium-listed,https://gatheringoftheguilds.com/listing/robert-l-peters-silver-tide-jewelry-booth-m6/,2026 exhibitor directory,Regional exhibitors at a Portland venue; production city unverified,guilds-2026,Robert L Peters / Silver Tide Jewelry – Booth M6,2026-09-15
guilds-2026-069,Zak Pearson,zakpearson,CMAG – Creative Metal Arts Guild,physical-medium-listed,https://gatheringoftheguilds.com/listing/zak-pearson-booth-m26/,2026 exhibitor directory,Regional exhibitors at a Portland venue; production city unverified,guilds-2026,Zak Pearson – Booth M26,2026-09-15
guilds-2026-070,April Ottey,aprilottey,CMAG – Creative Metal Arts Guild,physical-medium-listed,https://gatheringoftheguilds.com/listing/april-ottey-booth-m45/,2026 exhibitor directory,Regional exhibitors at a Portland venue; production city unverified,guilds-2026,April Ottey – Booth M45,2026-09-15
guilds-2026-071,Rachel Morris / Eclectic Nature Jewelry & Design,rachelmorriseclecticnaturejewelrydesign,CMAG – Creative Metal Arts Guild,physical-medium-listed,https://gatheringoftheguilds.com/listing/rachel-morris-eclectic-nature-jewelry-design-booth-m29/,2026 exhibitor directory,Regional exhibitors at a Portland venue; production city unverified,guilds-2026,Rachel Morris / Eclectic Nature Jewelry & Design – Booth M29,2026-09-15
guilds-2026-072,Madeleine Moore,madeleinemoore,CMAG – Creative Metal Arts Guild,physical-medium-listed,https://gatheringoftheguilds.com/listing/madeleine-moore-booth-m17/,2026 exhibitor directory,Regional exhibitors at a Portland venue; production city unverified,guilds-2026,Madeleine Moore – Booth M17,2026-09-15
guilds-2026-073,Sarah Meranda / Magpie Mouse Studios,sarahmerandamagpiemousestudios,CMAG – Creative Metal Arts Guild,physical-medium-listed,https://gatheringoftheguilds.com/listing/sarah-meranda-magpie-mouse-studios-booth-m7/,2026 exhibitor directory,Regional exhibitors at a Portland venue; production city unverified,guilds-2026,Sarah Meranda / Magpie Mouse Studios – Booth M7,2026-09-15
guilds-2026-074,Carolyn McDonald / Pastelluna Design,carolynmcdonaldpastellunadesign,CMAG – Creative Metal Arts Guild,physical-medium-listed,https://gatheringoftheguilds.com/listing/carolyn-mcdonald-pastelluna-design-booth-m19/,2026 exhibitor directory,Regional exhibitors at a Portland venue; production city unverified,guilds-2026,Carolyn McDonald / Pastelluna Design – Booth M19,2026-09-15
guilds-2026-075,Patrick McCormick / PMC Jewelry,patrickmccormickpmcjewelry,CMAG – Creative Metal Arts Guild,physical-medium-listed,https://gatheringoftheguilds.com/listing/patrick-mccormick-pmc-jewelry-booth-m18/,2026 exhibitor directory,Regional exhibitors at a Portland venue; production city unverified,guilds-2026,Patrick McCormick / PMC Jewelry – Booth M18,2026-09-15
guilds-2026-076,Kathe Mai / Kathe Mai Designs,kathemaikathemaidesigns,CMAG – Creative Metal Arts Guild,physical-medium-listed,https://gatheringoftheguilds.com/listing/kathe-mai-kathe-mai-designs-booth-m3/,2026 exhibitor directory,Regional exhibitors at a Portland venue; production city unverified,guilds-2026,Kathe Mai / Kathe Mai Designs – Booth M3,2026-09-15
guilds-2026-077,Betsy Lehndorff / Silver Wear,betsylehndorffsilverwear,CMAG – Creative Metal Arts Guild,physical-medium-listed,https://gatheringoftheguilds.com/listing/betsy-lehndorff-silver-wear-booth-m31/,2026 exhibitor directory,Regional exhibitors at a Portland venue; production city unverified,guilds-2026,Betsy Lehndorff / Silver Wear – Booth M31,2026-09-15
guilds-2026-078,Vincent Larochelle / Designs LaRochelle,vincentlarochelledesignslarochelle,CMAG – Creative Metal Arts Guild,physical-medium-listed,https://gatheringoftheguilds.com/listing/vincent-larochelle-designs-larochelle-booth-m41/,2026 exhibitor directory,Regional exhibitors at a Portland venue; production city unverified,guilds-2026,Vincent Larochelle / Designs LaRochelle – Booth M41,2026-09-15
guilds-2026-079,Kathy Kovel / Magpie Metals Jewelry,kathykovelmagpiemetalsjewelry,CMAG – Creative Metal Arts Guild,physical-medium-listed,https://gatheringoftheguilds.com/listing/kathy-kovel-magpie-metals-jewelry-booth-m28/,2026 exhibitor directory,Regional exhibitors at a Portland venue; production city unverified,guilds-2026,Kathy Kovel / Magpie Metals Jewelry – Booth M28,2026-09-15
guilds-2026-080,Francesca Kennedy,francescakennedy,CMAG – Creative Metal Arts Guild,physical-medium-listed,https://gatheringoftheguilds.com/listing/francesca-kennedy-booth-m25/,2026 exhibitor directory,Regional exhibitors at a Portland venue; production city unverified,guilds-2026,Francesca Kennedy – Booth M25,2026-09-15
guilds-2026-081,Rhonda Johnson White,rhondajohnsonwhite,CMAG – Creative Metal Arts Guild,physical-medium-listed,https://gatheringoftheguilds.com/listing/rhonda-johnson-white-booth-m43/,2026 exhibitor directory,Regional exhibitors at a Portland venue; production city unverified,guilds-2026,Rhonda Johnson White – Booth M43,2026-09-15
guilds-2026-082,Anne Johnson / AJ Enamels,annejohnsonajenamels,CMAG – Creative Metal Arts Guild,physical-medium-listed,https://gatheringoftheguilds.com/listing/anne-johnson-aj-enamels-booth-m36/,2026 exhibitor directory,Regional exhibitors at a Portland venue; production city unverified,guilds-2026,Anne Johnson / AJ Enamels – Booth M36,2026-09-15
guilds-2026-083,Heather John / Heather John Jewelry,heatherjohnheatherjohnjewelry,CMAG – Creative Metal Arts Guild,physical-medium-listed,https://gatheringoftheguilds.com/listing/heather-john-heather-john-jewelry-booth-m14/,2026 exhibitor directory,Regional exhibitors at a Portland venue; production city unverified,guilds-2026,Heather John / Heather John Jewelry – Booth M14,2026-09-15
guilds-2026-084,Marty Hogan / Marty Hogan Jewelry,martyhoganmartyhoganjewelry,CMAG – Creative Metal Arts Guild,physical-medium-listed,https://gatheringoftheguilds.com/listing/marty-hogan-marty-hogan-jewelry-booth-m23/,2026 exhibitor directory,Regional exhibitors at a Portland venue; production city unverified,guilds-2026,Marty Hogan / Marty Hogan Jewelry – Booth M23,2026-09-15
guilds-2026-085,Ashley Heitzman / Ashley May Jewelry,ashleyheitzmanashleymayjewelry,CMAG – Creative Metal Arts Guild,physical-medium-listed,https://gatheringoftheguilds.com/listing/ashley-heitzman-ashley-may-jewelry-booth-m21/,2026 exhibitor directory,Regional exhibitors at a Portland venue; production city unverified,guilds-2026,Ashley Heitzman / Ashley May Jewelry – Booth M21,2026-09-15
guilds-2026-086,Michael Haynes / Metal & Stone,michaelhaynesmetalstone,CMAG – Creative Metal Arts Guild,physical-medium-listed,https://gatheringoftheguilds.com/listing/michael-haynes-metal-stone-booth-m37/,2026 exhibitor directory,Regional exhibitors at a Portland venue; production city unverified,guilds-2026,Michael Haynes / Metal & Stone – Booth M37,2026-09-15
guilds-2026-087,Serin Hale / Serindipity Design,serinhaleserindipitydesign,CMAG – Creative Metal Arts Guild,physical-medium-listed,https://gatheringoftheguilds.com/listing/serin-hale-serindipity-design-booth-m34/,2026 exhibitor directory,Regional exhibitors at a Portland venue; production city unverified,guilds-2026,Serin Hale / Serindipity Design – Booth M34,2026-09-15
guilds-2026-088,Amarette Gregor,amarettegregor,CMAG – Creative Metal Arts Guild,physical-medium-listed,https://gatheringoftheguilds.com/listing/amarette-gregor-booth-m44/,2026 exhibitor directory,Regional exhibitors at a Portland venue; production city unverified,guilds-2026,Amarette Gregor – Booth M44,2026-09-15
guilds-2026-089,Valerie Graham / Tiny Desk Designs,valeriegrahamtinydeskdesigns,CMAG – Creative Metal Arts Guild,physical-medium-listed,https://gatheringoftheguilds.com/listing/valerie-graham-tiny-desk-designs-booth-m30/,2026 exhibitor directory,Regional exhibitors at a Portland venue; production city unverified,guilds-2026,Valerie Graham / Tiny Desk Designs – Booth M30,2026-09-15
guilds-2026-090,Peggy Foy / Arcana Metalwork,peggyfoyarcanametalwork,CMAG – Creative Metal Arts Guild,physical-medium-listed,https://gatheringoftheguilds.com/listing/peggy-foy-arcana-metalwork-booth-m35/,2026 exhibitor directory,Regional exhibitors at a Portland venue; production city unverified,guilds-2026,Peggy Foy / Arcana Metalwork – Booth M35,2026-09-15
guilds-2026-091,Shelly Durica-Laiche / Indio Metal Arts,shellyduricalaicheindiometalarts,CMAG – Creative Metal Arts Guild,physical-medium-listed,https://gatheringoftheguilds.com/listing/shelly-durica-laiche-indio-metal-arts-booth-m13/,2026 exhibitor directory,Regional exhibitors at a Portland venue; production city unverified,guilds-2026,Shelly Durica-Laiche / Indio Metal Arts – Booth M13,2026-09-15
guilds-2026-092,Michael Dunne,michaeldunne,CMAG – Creative Metal Arts Guild,physical-medium-listed,https://gatheringoftheguilds.com/listing/michael-dunne-booth-m42/,2026 exhibitor directory,Regional exhibitors at a Portland venue; production city unverified,guilds-2026,Michael Dunne – Booth M42,2026-09-15
guilds-2026-093,Barbara Covey,barbaracovey,CMAG – Creative Metal Arts Guild,physical-medium-listed,https://gatheringoftheguilds.com/listing/barbara-covey-booth-m4/,2026 exhibitor directory,Regional exhibitors at a Portland venue; production city unverified,guilds-2026,Barbara Covey – Booth M4,2026-09-15
guilds-2026-094,Rebecca Bashara,rebeccabashara,CMAG – Creative Metal Arts Guild,physical-medium-listed,https://gatheringoftheguilds.com/listing/rebecca-bashara-booth-m38/,2026 exhibitor directory,Regional exhibitors at a Portland venue; production city unverified,guilds-2026,Rebecca Bashara – Booth M38,2026-09-15
guilds-2026-095,Kathleen Baker / KBaker Metalwork,kathleenbakerkbakermetalwork,CMAG – Creative Metal Arts Guild,physical-medium-listed,https://gatheringoftheguilds.com/listing/kathleen-baker-kbaker-metalwork-booth-m10/,2026 exhibitor directory,Regional exhibitors at a Portland venue; production city unverified,guilds-2026,Kathleen Baker / KBaker Metalwork – Booth M10,2026-09-15
guilds-2026-096,Mandy Allen / Mandy Allen Metal Arts,mandyallenmandyallenmetalarts,CMAG – Creative Metal Arts Guild,physical-medium-listed,https://gatheringoftheguilds.com/listing/mandy-allen-mandy-allen-metal-arts-booth-m5/,2026 exhibitor directory,Regional exhibitors at a Portland venue; production city unverified,guilds-2026,Mandy Allen / Mandy Allen Metal Arts – Booth M5,2026-09-15
guilds-2026-097,90/20 Studios,9020studios,CMAG – Creative Metal Arts Guild,physical-medium-listed,https://gatheringoftheguilds.com/listing/90-20-studios-m39/,2026 exhibitor directory,Regional exhibitors at a Portland venue; production city unverified,guilds-2026,90/20 Studios – M39,2026-09-15
guilds-2026-098,Jo Helgesen,johelgesen,PHG – Portland Handweavers Guild,physical-medium-listed,https://gatheringoftheguilds.com/listing/jo-helgesen-booths-9h-10h/,2026 exhibitor directory,Regional exhibitors at a Portland venue; production city unverified,guilds-2026,Jo Helgesen – Booths 9H & 10H,2026-09-15
guilds-2026-099,Wendy Edgar,wendyedgar,PHG – Portland Handweavers Guild,physical-medium-listed,https://gatheringoftheguilds.com/listing/wendy-edgar-booth-2h/,2026 exhibitor directory,Regional exhibitors at a Portland venue; production city unverified,guilds-2026,Wendy Edgar – Booth 2H,2026-09-15
guilds-2026-100,Teresa Ruch,teresaruch,PHG – Portland Handweavers Guild,physical-medium-listed,https://gatheringoftheguilds.com/listing/teresa-ruch-booth-7h/,2026 exhibitor directory,Regional exhibitors at a Portland venue; production city unverified,guilds-2026,Teresa Ruch – Booth 7H,2026-09-15
guilds-2026-101,Steve McGrath,stevemcgrath,PHG – Portland Handweavers Guild,physical-medium-listed,https://gatheringoftheguilds.com/listing/steve-mcgrath-5h/,2026 exhibitor directory,Regional exhibitors at a Portland venue; production city unverified,guilds-2026,Steve McGrath – 5H,2026-09-15
guilds-2026-102,Sarah McCully-Posner,sarahmccullyposner,PHG – Portland Handweavers Guild,physical-medium-listed,https://gatheringoftheguilds.com/listing/sarah-mccully-posner-booth-4h/,2026 exhibitor directory,Regional exhibitors at a Portland venue; production city unverified,guilds-2026,Sarah McCully-Posner – Booth 4H,2026-09-15
guilds-2026-103,Nicole Flood,nicoleflood,PHG – Portland Handweavers Guild,physical-medium-listed,https://gatheringoftheguilds.com/listing/nicole-flood-booth-3h/,2026 exhibitor directory,Regional exhibitors at a Portland venue; production city unverified,guilds-2026,Nicole Flood – Booth 3H,2026-09-15
guilds-2026-104,Leanne Streit,leannestreit,PHG – Portland Handweavers Guild,physical-medium-listed,https://gatheringoftheguilds.com/listing/leanne-streit-booth-14h/,2026 exhibitor directory,Regional exhibitors at a Portland venue; production city unverified,guilds-2026,Leanne Streit – Booth 14H,2026-09-15
guilds-2026-105,Lars Jensen,larsjensen,PHG – Portland Handweavers Guild,physical-medium-listed,https://gatheringoftheguilds.com/listing/lars-jensen-booth-12h/,2026 exhibitor directory,Regional exhibitors at a Portland venue; production city unverified,guilds-2026,Lars Jensen – Booth 12H,2026-09-15
guilds-2026-106,Katherine Ragghianti,katherineragghianti,PHG – Portland Handweavers Guild,physical-medium-listed,https://gatheringoftheguilds.com/listing/katherine-ragghianti-booth-13h/,2026 exhibitor directory,Regional exhibitors at a Portland venue; production city unverified,guilds-2026,Katherine Ragghianti – Booth 13H,2026-09-15
guilds-2026-107,Karin Graves,karingraves,PHG – Portland Handweavers Guild,physical-medium-listed,https://gatheringoftheguilds.com/listing/karin-graves-booth-15h/,2026 exhibitor directory,Regional exhibitors at a Portland venue; production city unverified,guilds-2026,Karin Graves – Booth 15H,2026-09-15
guilds-2026-108,Judilee Fitzhugh,judileefitzhugh,PHG – Portland Handweavers Guild,physical-medium-listed,https://gatheringoftheguilds.com/listing/judilee-fitzhugh-booths-9h-10h/,2026 exhibitor directory,Regional exhibitors at a Portland venue; production city unverified,guilds-2026,Judilee Fitzhugh – Booths 9H & 10H,2026-09-15
guilds-2026-109,Judee Moonbeam,judeemoonbeam,PHG – Portland Handweavers Guild,physical-medium-listed,https://gatheringoftheguilds.com/listing/judee-moonbeam-booth-6h/,2026 exhibitor directory,Regional exhibitors at a Portland venue; production city unverified,guilds-2026,Judee Moonbeam – Booth 6H,2026-09-15
guilds-2026-110,Isabel Stirling,isabelstirling,PHG – Portland Handweavers Guild,physical-medium-listed,https://gatheringoftheguilds.com/listing/isabel-stirling-booths-9h-10h/,2026 exhibitor directory,Regional exhibitors at a Portland venue; production city unverified,guilds-2026,Isabel Stirling – Booths 9H & 10H,2026-09-15
guilds-2026-111,Ilsa Perse,ilsaperse,PHG – Portland Handweavers Guild,physical-medium-listed,https://gatheringoftheguilds.com/listing/ilsa-perse-booths-9h-10h/,2026 exhibitor directory,Regional exhibitors at a Portland venue; production city unverified,guilds-2026,Ilsa Perse – Booths 9H & 10H,2026-09-15
guilds-2026-112,Eva Douthit,evadouthit,PHG – Portland Handweavers Guild,physical-medium-listed,https://gatheringoftheguilds.com/listing/eva-douthit-booths-9h-10h/,2026 exhibitor directory,Regional exhibitors at a Portland venue; production city unverified,guilds-2026,Eva Douthit – Booths 9H & 10H,2026-09-15
guilds-2026-113,Dorothy L Skea,dorothylskea,PHG – Portland Handweavers Guild,physical-medium-listed,https://gatheringoftheguilds.com/listing/dorothy-l-skea-booth-8h/,2026 exhibitor directory,Regional exhibitors at a Portland venue; production city unverified,guilds-2026,Dorothy L Skea – Booth 8H,2026-09-15
guilds-2026-114,Diane McKinnon,dianemckinnon,PHG – Portland Handweavers Guild,physical-medium-listed,https://gatheringoftheguilds.com/listing/diane-mckinnon-booth-11h/,2026 exhibitor directory,Regional exhibitors at a Portland venue; production city unverified,guilds-2026,Diane McKinnon – Booth 11H,2026-09-15
guilds-2026-115,Cassandra Lee,cassandralee,PHG – Portland Handweavers Guild,physical-medium-listed,https://gatheringoftheguilds.com/listing/cassandra-lee-booth-1h/,2026 exhibitor directory,Regional exhibitors at a Portland venue; production city unverified,guilds-2026,Cassandra Lee – Booth 1H,2026-09-15
market-directory-001,789 Custom Designs,789customdesigns,Craft directory; discipline not individually verified,needs-activity-review,https://789customdesigns.com/,Undated directory,Regional exhibitors at a Portland venue; production city unverified,market-directory,789 Custom Designs,2026-09-15
market-directory-002,A Little Sun,alittlesun,Craft directory; discipline not individually verified,needs-activity-review,https://www.etsy.com/shop/alittlesun/,Undated directory,Regional exhibitors at a Portland venue; production city unverified,market-directory,A Little Sun,2026-09-15
market-directory-003,Applied Arcana,appliedarcana,Craft directory; discipline not individually verified,needs-activity-review,https://www.appliedarcana.com,Undated directory,Regional exhibitors at a Portland venue; production city unverified,market-directory,Applied Arcana,2026-09-15
market-directory-004,Art by Kelly Shannon,artbykellyshannon,Craft directory; discipline not individually verified,needs-activity-review,https://www.artbykellyshannon.com,Undated directory,Regional exhibitors at a Portland venue; production city unverified,market-directory,Art by Kelly Shannon,2026-09-15
market-directory-005,Art of JR Slattum,artofjrslattum,Craft directory; discipline not individually verified,needs-activity-review,https://www.jrslattum.com,Undated directory,Regional exhibitors at a Portland venue; production city unverified,market-directory,Art of JR Slattum,2026-09-15
market-directory-006,Artsplosion,artsplosion,Craft directory; discipline not individually verified,needs-activity-review,https://www.facebook.com/artsplosionstudio/,Undated directory,Regional exhibitors at a Portland venue; production city unverified,market-directory,Artsplosion,2026-09-15
market-directory-007,Backseat Window,backseatwindow,Craft directory; discipline not individually verified,needs-activity-review,https://www.backseat-window.com/,Undated directory,Regional exhibitors at a Portland venue; production city unverified,market-directory,Backseat Window,2026-09-15
market-directory-008,Barbara Covey,barbaracovey,Craft directory; discipline not individually verified,needs-activity-review,http://barbaracovey.com,Undated directory,Regional exhibitors at a Portland venue; production city unverified,market-directory,Barbara Covey,2026-09-15
market-directory-009,BD Dombrowsky Art,bddombrowskyart,Craft directory; discipline not individually verified,needs-activity-review,https://www.monkeyartstar.com,Undated directory,Regional exhibitors at a Portland venue; production city unverified,market-directory,BD Dombrowsky Art,2026-09-15
market-directory-010,Be Good Monster,begoodmonster,Craft directory; discipline not individually verified,needs-activity-review,https://begoodmonster.com,Undated directory,Regional exhibitors at a Portland venue; production city unverified,market-directory,Be Good Monster,2026-09-15
market-directory-011,Beli Crochet,belicrochet,Craft directory; discipline not individually verified,needs-activity-review,https://linkbio.co/belizaperez,Undated directory,Regional exhibitors at a Portland venue; production city unverified,market-directory,Beli Crochet,2026-09-15
market-directory-012,Big Jalm,bigjalm,Craft directory; discipline not individually verified,needs-activity-review,https://Www.bigjalm.com,Undated directory,Regional exhibitors at a Portland venue; production city unverified,market-directory,Big Jalm,2026-09-15
market-directory-013,Bird Creek Whiskey,birdcreekwhiskey,Craft directory; discipline not individually verified,needs-activity-review,https://birdcreekwhiskey.com,Undated directory,Regional exhibitors at a Portland venue; production city unverified,market-directory,Bird Creek Whiskey,2026-09-15
market-directory-014,Black Line Creations,blacklinecreations,Craft directory; discipline not individually verified,needs-activity-review,https://blacklinecreations.com,Undated directory,Regional exhibitors at a Portland venue; production city unverified,market-directory,Black Line Creations,2026-09-15
market-directory-015,Black Zodiac Prints,blackzodiacprints,Craft directory; discipline not individually verified,needs-activity-review,https://black-zodiac.square.site/,Undated directory,Regional exhibitors at a Portland venue; production city unverified,market-directory,Black Zodiac Prints,2026-09-15
market-directory-016,Blind Coffee Roasters,blindcoffeeroasters,Craft directory; discipline not individually verified,needs-activity-review,https://www.blindcoffeeroasters.com/bcr/,Undated directory,Regional exhibitors at a Portland venue; production city unverified,market-directory,Blind Coffee Roasters,2026-09-15
market-directory-017,Body Rocks,bodyrocks,Craft directory; discipline not individually verified,needs-activity-review,https://www.bodyrocks.com/,Undated directory,Regional exhibitors at a Portland venue; production city unverified,market-directory,Body Rocks,2026-09-15
market-directory-018,Bollywood Henna Art,bollywoodhennaart,Craft directory; discipline not individually verified,needs-activity-review,https://www.facebook.com/bollywoodhenna,Undated directory,Regional exhibitors at a Portland venue; production city unverified,market-directory,Bollywood Henna Art,2026-09-15
market-directory-019,Bonus Pants,bonuspants,Craft directory; discipline not individually verified,needs-activity-review,https://www.etsy.com/shop/BonusPants,Undated directory,Regional exhibitors at a Portland venue; production city unverified,market-directory,Bonus Pants,2026-09-15
market-directory-020,Boss Jewelry & Bows,bossjewelrybows,Craft directory; discipline not individually verified,needs-activity-review,,Undated directory,Regional exhibitors at a Portland venue; production city unverified,market-directory,Boss Jewelry & Bows,2026-09-15
market-directory-021,Bridgetown Sparrow Ceramics,bridgetownsparrowceramics,Craft directory; discipline not individually verified,needs-activity-review,,Undated directory,Regional exhibitors at a Portland venue; production city unverified,market-directory,Bridgetown Sparrow Ceramics,2026-09-15
market-directory-022,Bright Moon Jewelry,brightmoonjewelry,Craft directory; discipline not individually verified,needs-activity-review,https://www.rubylane.com/shop/brightmoonjewelry,Undated directory,Regional exhibitors at a Portland venue; production city unverified,market-directory,Bright Moon Jewelry,2026-09-15
market-directory-023,Bunny Stitch,bunnystitch,Craft directory; discipline not individually verified,needs-activity-review,https://www.instagram.com/_bunnystitch?igsh=MWM3cnV2N241eXloNw%3D%3D&utm_source=qr,Undated directory,Regional exhibitors at a Portland venue; production city unverified,market-directory,Bunny Stitch,2026-09-15
market-directory-024,Cajun Mark's Art,cajunmarksart,Craft directory; discipline not individually verified,needs-activity-review,,Undated directory,Regional exhibitors at a Portland venue; production city unverified,market-directory,Cajun Mark's Art,2026-09-15
market-directory-025,Cardboard Army,cardboardarmy,Craft directory; discipline not individually verified,needs-activity-review,https://www.cardboardarmy.com/,Undated directory,Regional exhibitors at a Portland venue; production city unverified,market-directory,Cardboard Army,2026-09-15
market-directory-026,Caricatures by Preston,caricaturesbypreston,Craft directory; discipline not individually verified,needs-activity-review,https://www.instagram.com/cartoonspdx/?hl=en,Undated directory,Regional exhibitors at a Portland venue; production city unverified,market-directory,Caricatures by Preston,2026-09-15
market-directory-027,Closed Loop Woodworks,closedloopwoodworks,Craft directory; discipline not individually verified,needs-activity-review,https://closedloopwoodworks.com/site/,Undated directory,Regional exhibitors at a Portland venue; production city unverified,market-directory,Closed Loop Woodworks,2026-09-15
market-directory-028,CommonScents Soaps,commonscentssoaps,Craft directory; discipline not individually verified,needs-activity-review,,Undated directory,Regional exhibitors at a Portland venue; production city unverified,market-directory,CommonScents Soaps,2026-09-15
market-directory-029,Cozy Felt Land,cozyfeltland,Craft directory; discipline not individually verified,needs-activity-review,,Undated directory,Regional exhibitors at a Portland venue; production city unverified,market-directory,Cozy Felt Land,2026-09-15
market-directory-030,Crnch Art,crnchart,Craft directory; discipline not individually verified,needs-activity-review,https://crnchcartel.bigcartel.com/products,Undated directory,Regional exhibitors at a Portland venue; production city unverified,market-directory,Crnch Art,2026-09-15
market-directory-031,Custom Fleece,customfleece,Craft directory; discipline not individually verified,needs-activity-review,,Undated directory,Regional exhibitors at a Portland venue; production city unverified,market-directory,Custom Fleece,2026-09-15
market-directory-032,Cyclical Design,cyclicaldesign,Craft directory; discipline not individually verified,needs-activity-review,https://www.facebook.com/CyclicalDesign,Undated directory,Regional exhibitors at a Portland venue; production city unverified,market-directory,Cyclical Design,2026-09-15
market-directory-033,Dancing Cat,dancingcat,Craft directory; discipline not individually verified,needs-activity-review,,Undated directory,Regional exhibitors at a Portland venue; production city unverified,market-directory,Dancing Cat,2026-09-15
market-directory-034,Dark Forest USA,darkforestusa,Craft directory; discipline not individually verified,needs-activity-review,https://www.darkforestusa.com,Undated directory,Regional exhibitors at a Portland venue; production city unverified,market-directory,Dark Forest USA,2026-09-15
market-directory-035,David Cook Woodworking,davidcookwoodworking,Craft directory; discipline not individually verified,needs-activity-review,,Undated directory,Regional exhibitors at a Portland venue; production city unverified,market-directory,David Cook Woodworking,2026-09-15
market-directory-036,Death Cap Prints,deathcapprints,Craft directory; discipline not individually verified,needs-activity-review,https://www.deathcapprints.com,Undated directory,Regional exhibitors at a Portland venue; production city unverified,market-directory,Death Cap Prints,2026-09-15
market-directory-037,Do-Over Designs,dooverdesigns,Craft directory; discipline not individually verified,needs-activity-review,,Undated directory,Regional exhibitors at a Portland venue; production city unverified,market-directory,Do-Over Designs,2026-09-15
market-directory-038,Dream Shark,dreamshark,Craft directory; discipline not individually verified,needs-activity-review,https://www.dream-shark.com,Undated directory,Regional exhibitors at a Portland venue; production city unverified,market-directory,Dream Shark,2026-09-15
market-directory-039,Dreampillows,dreampillows,Craft directory; discipline not individually verified,needs-activity-review,,Undated directory,Regional exhibitors at a Portland venue; production city unverified,market-directory,Dreampillows,2026-09-15
market-directory-040,Drip Candle Goods,dripcandlegoods,Craft directory; discipline not individually verified,needs-activity-review,https://DripCandleGoods.com,Undated directory,Regional exhibitors at a Portland venue; production city unverified,market-directory,Drip Candle Goods,2026-09-15
market-directory-041,Dynabright Enterprises,dynabrightenterprises,Craft directory; discipline not individually verified,needs-activity-review,,Undated directory,Regional exhibitors at a Portland venue; production city unverified,market-directory,Dynabright Enterprises,2026-09-15
market-directory-042,Earthcrack Knives and Boards,earthcrackknivesandboards,Craft directory; discipline not individually verified,needs-activity-review,https://www.etsy.com/shop/Earthcrack,Undated directory,Regional exhibitors at a Portland venue; production city unverified,market-directory,Earthcrack Knives and Boards,2026-09-15
market-directory-043,Earthlights,earthlights,Craft directory; discipline not individually verified,needs-activity-review,,Undated directory,Regional exhibitors at a Portland venue; production city unverified,market-directory,Earthlights,2026-09-15
market-directory-044,Eclecto Studio,eclectostudio,Craft directory; discipline not individually verified,needs-activity-review,https://www.eclecto.com/product/beehive-petit,Undated directory,Regional exhibitors at a Portland venue; production city unverified,market-directory,Eclecto Studio,2026-09-15
market-directory-045,Ema Erikson Art,emaeriksonart,Craft directory; discipline not individually verified,needs-activity-review,https://emaerikson.com/,Undated directory,Regional exhibitors at a Portland venue; production city unverified,market-directory,Ema Erikson Art,2026-09-15
market-directory-046,Emma Marie Art,emmamarieart,Craft directory; discipline not individually verified,needs-activity-review,https://www.etsy.com/il-en/shop/emmageddieart,Undated directory,Regional exhibitors at a Portland venue; production city unverified,market-directory,Emma Marie Art,2026-09-15
market-directory-047,End of Daze,endofdaze,Craft directory; discipline not individually verified,needs-activity-review,https://store.jerreteague.com,Undated directory,Regional exhibitors at a Portland venue; production city unverified,market-directory,End of Daze,2026-09-15
market-directory-048,Enzo Ghersi,enzoghersi,Craft directory; discipline not individually verified,needs-activity-review,,Undated directory,Regional exhibitors at a Portland venue; production city unverified,market-directory,Enzo Ghersi,2026-09-15
market-directory-049,Erin Perkins Curet,erinperkinscuret,Craft directory; discipline not individually verified,needs-activity-review,https://erinperkinscuret.com/,Undated directory,Regional exhibitors at a Portland venue; production city unverified,market-directory,Erin Perkins Curet,2026-09-15
market-directory-050,Espresso Vampire Art,espressovampireart,Craft directory; discipline not individually verified,needs-activity-review,https://espressovampireart.square.site/,Undated directory,Regional exhibitors at a Portland venue; production city unverified,market-directory,Espresso Vampire Art,2026-09-15
market-directory-051,Farpoint Stoneware,farpointstoneware,Craft directory; discipline not individually verified,needs-activity-review,https://nickmolatore.com/index.html,Undated directory,Regional exhibitors at a Portland venue; production city unverified,market-directory,Farpoint Stoneware,2026-09-15
market-directory-052,Fishbone Pottery,fishbonepottery,Craft directory; discipline not individually verified,needs-activity-review,https://www.alignable.com/portland-or/fishbone-pottery,Undated directory,Regional exhibitors at a Portland venue; production city unverified,market-directory,Fishbone Pottery,2026-09-15
market-directory-053,Focus Pokus,focuspokus,Craft directory; discipline not individually verified,needs-activity-review,https://www.etsy.com/shop/focuspokuscreations/?etsrc=sdt,Undated directory,Regional exhibitors at a Portland venue; production city unverified,market-directory,Focus Pokus,2026-09-15
market-directory-054,Foundcrow Studio,foundcrowstudio,Craft directory; discipline not individually verified,needs-activity-review,,Undated directory,Regional exhibitors at a Portland venue; production city unverified,market-directory,Foundcrow Studio,2026-09-15
market-directory-055,Friends of Bree,friendsofbree,Craft directory; discipline not individually verified,needs-activity-review,https://www.etsy.com/shop/friendsofbree?ref=shop-header-name&listing_id=1556250124&from_page=listing,Undated directory,Regional exhibitors at a Portland venue; production city unverified,market-directory,Friends of Bree,2026-09-15
market-directory-056,Friton Design,fritondesign,Craft directory; discipline not individually verified,needs-activity-review,,Undated directory,Regional exhibitors at a Portland venue; production city unverified,market-directory,Friton Design,2026-09-15
market-directory-057,Fumiko's Fabric & Art,fumikosfabricart,Craft directory; discipline not individually verified,needs-activity-review,,Undated directory,Regional exhibitors at a Portland venue; production city unverified,market-directory,Fumiko's Fabric & Art,2026-09-15
market-directory-058,Gary Quay Photography,garyquayphotography,Craft directory; discipline not individually verified,needs-activity-review,https://quaygang.com/about/,Undated directory,Regional exhibitors at a Portland venue; production city unverified,market-directory,Gary Quay Photography,2026-09-15
market-directory-059,Gasp Yikes,gaspyikes,Craft directory; discipline not individually verified,needs-activity-review,https://www.instagram.com/gasp.yikes/,Undated directory,Regional exhibitors at a Portland venue; production city unverified,market-directory,Gasp Yikes,2026-09-15
market-directory-060,Gaulaba Illustrations,gaulabaillustrations,Craft directory; discipline not individually verified,needs-activity-review,https://www.etsy.com/shop/Gaulaba?dd_referrer=https%3A%2F%2Fwww.google.com%2F,Undated directory,Regional exhibitors at a Portland venue; production city unverified,market-directory,Gaulaba Illustrations,2026-09-15
market-directory-061,Gina Nash Art,ginanashart,Craft directory; discipline not individually verified,needs-activity-review,https://www.instagram.com/ginanash.art/?hl=en,Undated directory,Regional exhibitors at a Portland venue; production city unverified,market-directory,Gina Nash Art,2026-09-15
market-directory-062,Glass Onion Art,glassonionart,Craft directory; discipline not individually verified,needs-activity-review,,Undated directory,Regional exhibitors at a Portland venue; production city unverified,market-directory,Glass Onion Art,2026-09-15
market-directory-063,Glitter Ruby's Henna and Face Paint,glitterrubyshennaandfacepaint,Craft directory; discipline not individually verified,needs-activity-review,https://www.facebook.com/alahenna,Undated directory,Regional exhibitors at a Portland venue; production city unverified,market-directory,Glitter Ruby's Henna and Face Paint,2026-09-15
market-directory-064,Gourd Division,gourddivision,Craft directory; discipline not individually verified,needs-activity-review,https://www.facebook.com/GourdDivision/,Undated directory,Regional exhibitors at a Portland venue; production city unverified,market-directory,Gourd Division,2026-09-15
market-directory-065,Glass Studio Jah,glassstudiojah,Craft directory; discipline not individually verified,needs-activity-review,https://www.glassstudiojah.com/,Undated directory,Regional exhibitors at a Portland venue; production city unverified,market-directory,Glass Studio Jah,2026-09-15
market-directory-066,Gleaming Goods,gleaminggoods,Craft directory; discipline not individually verified,needs-activity-review,,Undated directory,Regional exhibitors at a Portland venue; production city unverified,market-directory,Gleaming Goods,2026-09-15
market-directory-067,Grace & Good,gracegood,Craft directory; discipline not individually verified,needs-activity-review,https://graceandgoodshop.com,Undated directory,Regional exhibitors at a Portland venue; production city unverified,market-directory,Grace & Good,2026-09-15
market-directory-068,Green Heart Herbal Co,greenheartherbalco,Craft directory; discipline not individually verified,needs-activity-review,https://www.ghherbalco.com,Undated directory,Regional exhibitors at a Portland venue; production city unverified,market-directory,Green Heart Herbal Co,2026-09-15
market-directory-069,Greenspace Candles/Domestic Bias,greenspacecandlesdomesticbias,Craft directory; discipline not individually verified,needs-activity-review,https://uncledougsews.com/,Undated directory,Regional exhibitors at a Portland venue; production city unverified,market-directory,Greenspace Candles/Domestic Bias,2026-09-15
market-directory-070,Grow Bag Recycled,growbagrecycled,Craft directory; discipline not individually verified,needs-activity-review,https://growbagrecycled.com/,Undated directory,Regional exhibitors at a Portland venue; production city unverified,market-directory,Grow Bag Recycled,2026-09-15
market-directory-071,Gypsy Camp Creations,gypsycampcreations,Craft directory; discipline not individually verified,needs-activity-review,http://gypsycampcreations.com,Undated directory,Regional exhibitors at a Portland venue; production city unverified,market-directory,Gypsy Camp Creations,2026-09-15
market-directory-072,Handmade by Celeste Noel,handmadebycelestenoel,Craft directory; discipline not individually verified,needs-activity-review,,Undated directory,Regional exhibitors at a Portland venue; production city unverified,market-directory,Handmade by Celeste Noel,2026-09-15
market-directory-073,Hieronymous,hieronymous,Craft directory; discipline not individually verified,needs-activity-review,,Undated directory,Regional exhibitors at a Portland venue; production city unverified,market-directory,Hieronymous,2026-09-15
market-directory-074,Homo Sum Creatives,homosumcreatives,Craft directory; discipline not individually verified,needs-activity-review,,Undated directory,Regional exhibitors at a Portland venue; production city unverified,market-directory,Homo Sum Creatives,2026-09-15
market-directory-075,Honest Wear & Tiny Trees,honestweartinytrees,Craft directory; discipline not individually verified,needs-activity-review,https://www.facebook.com/HonestWear/,Undated directory,Regional exhibitors at a Portland venue; production city unverified,market-directory,Honest Wear & Tiny Trees,2026-09-15
market-directory-076,I AM DARRAS,iamdarras,Craft directory; discipline not individually verified,needs-activity-review,,Undated directory,Regional exhibitors at a Portland venue; production city unverified,market-directory,I AM DARRAS,2026-09-15
market-directory-077,ICEovation,iceovation,Craft directory; discipline not individually verified,needs-activity-review,https://jamesstugart.com/index.html,Undated directory,Regional exhibitors at a Portland venue; production city unverified,market-directory,ICEovation,2026-09-15
market-directory-078,Illustrated Playing Cards,illustratedplayingcards,Craft directory; discipline not individually verified,needs-activity-review,https://www.illustratedplayingcards.com,Undated directory,Regional exhibitors at a Portland venue; production city unverified,market-directory,Illustrated Playing Cards,2026-09-15
market-directory-079,IN,in,Craft directory; discipline not individually verified,needs-activity-review,,Undated directory,Regional exhibitors at a Portland venue; production city unverified,market-directory,IN,2026-09-15
market-directory-080,It's About Rings,itsaboutrings,Craft directory; discipline not individually verified,needs-activity-review,,Undated directory,Regional exhibitors at a Portland venue; production city unverified,market-directory,It's About Rings,2026-09-15
market-directory-081,Jack Wray Studio,jackwraystudio,Craft directory; discipline not individually verified,needs-activity-review,https://www.jackwrayartist.com,Undated directory,Regional exhibitors at a Portland venue; production city unverified,market-directory,Jack Wray Studio,2026-09-15
market-directory-082,Jennifer Houser Glass,jenniferhouserglass,Craft directory; discipline not individually verified,needs-activity-review,,Undated directory,Regional exhibitors at a Portland venue; production city unverified,market-directory,Jennifer Houser Glass,2026-09-15
market-directory-083,Jewel's Essentials LLC,jewelsessentialsllc,Craft directory; discipline not individually verified,needs-activity-review,https://jewelsessentials.com/,Undated directory,Regional exhibitors at a Portland venue; production city unverified,market-directory,Jewel's Essentials LLC,2026-09-15
market-directory-084,Jezabel Adornment,jezabeladornment,Craft directory; discipline not individually verified,needs-activity-review,,Undated directory,Regional exhibitors at a Portland venue; production city unverified,market-directory,Jezabel Adornment,2026-09-15
market-directory-085,Joe Steen,joesteen,Craft directory; discipline not individually verified,needs-activity-review,,Undated directory,Regional exhibitors at a Portland venue; production city unverified,market-directory,Joe Steen,2026-09-15
market-directory-086,Josh Daily Art,joshdailyart,Craft directory; discipline not individually verified,needs-activity-review,https://www.joshdailyart.com,Undated directory,Regional exhibitors at a Portland venue; production city unverified,market-directory,Josh Daily Art,2026-09-15
market-directory-087,Jungle Televsion LLC,jungletelevsionllc,Craft directory; discipline not individually verified,needs-activity-review,https://www.jungtelly.com,Undated directory,Regional exhibitors at a Portland venue; production city unverified,market-directory,Jungle Televsion LLC,2026-09-15
market-directory-088,Kartpottery LLC,kartpotteryllc,Craft directory; discipline not individually verified,needs-activity-review,,Undated directory,Regional exhibitors at a Portland venue; production city unverified,market-directory,Kartpottery LLC,2026-09-15
market-directory-089,KT Rocks,ktrocks,Craft directory; discipline not individually verified,needs-activity-review,https://ktrocks.net,Undated directory,Regional exhibitors at a Portland venue; production city unverified,market-directory,KT Rocks,2026-09-15
market-directory-090,Fernwood Studio,fernwoodstudio,Craft directory; discipline not individually verified,needs-activity-review,https://fernwoodstudiopdx.com/,Undated directory,Regional exhibitors at a Portland venue; production city unverified,market-directory,Fernwood Studio,2026-09-15
market-directory-091,Kyle's Gallery,kylesgallery,Craft directory; discipline not individually verified,needs-activity-review,https://kylesgallery.com,Undated directory,Regional exhibitors at a Portland venue; production city unverified,market-directory,Kyle's Gallery,2026-09-15
market-directory-092,Last Night of Winter,lastnightofwinter,Craft directory; discipline not individually verified,needs-activity-review,,Undated directory,Regional exhibitors at a Portland venue; production city unverified,market-directory,Last Night of Winter,2026-09-15
market-directory-093,Le Beau Boxes,lebeauboxes,Craft directory; discipline not individually verified,needs-activity-review,,Undated directory,Regional exhibitors at a Portland venue; production city unverified,market-directory,Le Beau Boxes,2026-09-15
market-directory-094,Lepré Designs,lepredesigns,Craft directory; discipline not individually verified,needs-activity-review,https://www.etsy.com/shop/HandcraftedRecycled?ref=shop_sugg,Undated directory,Regional exhibitors at a Portland venue; production city unverified,market-directory,Lepré Designs,2026-09-15
market-directory-095,Lil' Planets,lilplanets,Craft directory; discipline not individually verified,needs-activity-review,https://lilplanets.com,Undated directory,Regional exhibitors at a Portland venue; production city unverified,market-directory,Lil' Planets,2026-09-15
market-directory-096,Little Bright Studio,littlebrightstudio,Craft directory; discipline not individually verified,needs-activity-review,,Undated directory,Regional exhibitors at a Portland venue; production city unverified,market-directory,Little Bright Studio,2026-09-15
market-directory-097,Love thy Wood,lovethywood,Craft directory; discipline not individually verified,needs-activity-review,https://lovethywood.square.site/,Undated directory,Regional exhibitors at a Portland venue; production city unverified,market-directory,Love thy Wood,2026-09-15
market-directory-098,Luna Luna Designs,lunalunadesigns,Craft directory; discipline not individually verified,needs-activity-review,,Undated directory,Regional exhibitors at a Portland venue; production city unverified,market-directory,Luna Luna Designs,2026-09-15
market-directory-099,Make Art PDX,makeartpdx,Craft directory; discipline not individually verified,needs-activity-review,,Undated directory,Regional exhibitors at a Portland venue; production city unverified,market-directory,Make Art PDX,2026-09-15
market-directory-100,"Mandy Allen, Metal Arts",mandyallenmetalarts,Craft directory; discipline not individually verified,needs-activity-review,https://allenmetalarts.com,Undated directory,Regional exhibitors at a Portland venue; production city unverified,market-directory,"Mandy Allen, Metal Arts",2026-09-15
market-directory-101,Marigold Art Studios,marigoldartstudios,Craft directory; discipline not individually verified,needs-activity-review,https://marigoldartstudios.com/,Undated directory,Regional exhibitors at a Portland venue; production city unverified,market-directory,Marigold Art Studios,2026-09-15
market-directory-102,Meghan Nutmeg,meghannutmeg,Craft directory; discipline not individually verified,needs-activity-review,https://meghannutmeg.com/,Undated directory,Regional exhibitors at a Portland venue; production city unverified,market-directory,Meghan Nutmeg,2026-09-15
market-directory-103,Mercedes Tabish Illustration,mercedestabishillustration,Craft directory; discipline not individually verified,needs-activity-review,https://www.mercedestabish.com/,Undated directory,Regional exhibitors at a Portland venue; production city unverified,market-directory,Mercedes Tabish Illustration,2026-09-15
market-directory-104,Michael's Rocks,michaelsrocks,Craft directory; discipline not individually verified,needs-activity-review,,Undated directory,Regional exhibitors at a Portland venue; production city unverified,market-directory,Michael's Rocks,2026-09-15
market-directory-105,Mitz Mess,mitzmess,Craft directory; discipline not individually verified,needs-activity-review,,Undated directory,Regional exhibitors at a Portland venue; production city unverified,market-directory,Mitz Mess,2026-09-15
market-directory-106,Mochi Mayhem,mochimayhem,Craft directory; discipline not individually verified,needs-activity-review,,Undated directory,Regional exhibitors at a Portland venue; production city unverified,market-directory,Mochi Mayhem,2026-09-15
market-directory-107,Momma B's Biscuits,mommabsbiscuits,Craft directory; discipline not individually verified,needs-activity-review,,Undated directory,Regional exhibitors at a Portland venue; production city unverified,market-directory,Momma B's Biscuits,2026-09-15
market-directory-108,Moon Light Lamp,moonlightlamp,Craft directory; discipline not individually verified,needs-activity-review,http://moonlightlampstore.com,Undated directory,Regional exhibitors at a Portland venue; production city unverified,market-directory,Moon Light Lamp,2026-09-15
market-directory-109,Moonstruck Designs,moonstruckdesigns,Craft directory; discipline not individually verified,needs-activity-review,https://moonstruckdesignspdx.com,Undated directory,Regional exhibitors at a Portland venue; production city unverified,market-directory,Moonstruck Designs,2026-09-15
market-directory-110,Mortar & Pestle,mortarpestle,Craft directory; discipline not individually verified,needs-activity-review,https://mortar-and-pestle.com,Undated directory,Regional exhibitors at a Portland venue; production city unverified,market-directory,Mortar & Pestle,2026-09-15
market-directory-111,Moth & Twig,mothtwig,Craft directory; discipline not individually verified,needs-activity-review,https://www.mothandtwig.com,Undated directory,Regional exhibitors at a Portland venue; production city unverified,market-directory,Moth & Twig,2026-09-15
market-directory-112,Mugwump,mugwump,Craft directory; discipline not individually verified,needs-activity-review,https://www.imugwump.com,Undated directory,Regional exhibitors at a Portland venue; production city unverified,market-directory,Mugwump,2026-09-15
market-directory-113,My Favorite Button,myfavoritebutton,Craft directory; discipline not individually verified,needs-activity-review,https://www.myfavoritebutton.com,Undated directory,Regional exhibitors at a Portland venue; production city unverified,market-directory,My Favorite Button,2026-09-15
market-directory-114,Nachtrab Glass Studio / Jim's Birdhouses,nachtrabglassstudiojimsbirdhouses,Craft directory; discipline not individually verified,needs-activity-review,http://ww7.nachtrabglass.com?usid=22&utid=2036476159,Undated directory,Regional exhibitors at a Portland venue; production city unverified,market-directory,Nachtrab Glass Studio / Jim's Birdhouses,2026-09-15
market-directory-115,Nancy Whitman Jewelry,nancywhitmanjewelry,Craft directory; discipline not individually verified,needs-activity-review,https://www.facebook.com/NancyWhitmanJewelry/,Undated directory,Regional exhibitors at a Portland venue; production city unverified,market-directory,Nancy Whitman Jewelry,2026-09-15
market-directory-116,Nicole Mark Photography,nicolemarkphotography,Craft directory; discipline not individually verified,needs-activity-review,https://linktr.ee/nicole_mark,Undated directory,Regional exhibitors at a Portland venue; production city unverified,market-directory,Nicole Mark Photography,2026-09-15
market-directory-117,Nil Organic Tea,nilorganictea,Craft directory; discipline not individually verified,needs-activity-review,https://nilorganictea.com,Undated directory,Regional exhibitors at a Portland venue; production city unverified,market-directory,Nil Organic Tea,2026-09-15
market-directory-118,Nina's Creations,ninascreations,Craft directory; discipline not individually verified,needs-activity-review,https://ninascreations.com,Undated directory,Regional exhibitors at a Portland venue; production city unverified,market-directory,Nina's Creations,2026-09-15
market-directory-119,Northwest Acid Test,northwestacidtest,Craft directory; discipline not individually verified,needs-activity-review,https://nwacidtest.square.site/,Undated directory,Regional exhibitors at a Portland venue; production city unverified,market-directory,Northwest Acid Test,2026-09-15
market-directory-120,Not Just Cheesecake,notjustcheesecake,Craft directory; discipline not individually verified,needs-activity-review,,Undated directory,Regional exhibitors at a Portland venue; production city unverified,market-directory,Not Just Cheesecake,2026-09-15
market-directory-121,Olander Earthworks,olanderearthworks,Craft directory; discipline not individually verified,needs-activity-review,https://www.olanderearthworks.com,Undated directory,Regional exhibitors at a Portland venue; production city unverified,market-directory,Olander Earthworks,2026-09-15
market-directory-122,Old Town Glass,oldtownglass,Craft directory; discipline not individually verified,needs-activity-review,,Undated directory,Regional exhibitors at a Portland venue; production city unverified,market-directory,Old Town Glass,2026-09-15
market-directory-123,Oregon Jewelry & Ornamental Works,oregonjewelryornamentalworks,Craft directory; discipline not individually verified,needs-activity-review,https://www.etsy.com/shop/oregonjewelry,Undated directory,Regional exhibitors at a Portland venue; production city unverified,market-directory,Oregon Jewelry & Ornamental Works,2026-09-15
market-directory-124,Out of the Closet Artwear,outoftheclosetartwear,Craft directory; discipline not individually verified,needs-activity-review,https://www.OutOfTheClosetArtwear.com,Undated directory,Regional exhibitors at a Portland venue; production city unverified,market-directory,Out of the Closet Artwear,2026-09-15
market-directory-125,Painting with Threads,paintingwiththreads,Craft directory; discipline not individually verified,needs-activity-review,https://www.youtube.com/watch?v=F3WNdKadzJU,Undated directory,Regional exhibitors at a Portland venue; production city unverified,market-directory,Painting with Threads,2026-09-15
market-directory-126,Panepento Jewelry Designs,panepentojewelrydesigns,Craft directory; discipline not individually verified,needs-activity-review,https://panepentojewelrydesigns.com,Undated directory,Regional exhibitors at a Portland venue; production city unverified,market-directory,Panepento Jewelry Designs,2026-09-15
market-directory-127,PDX Coasters,pdxcoasters,Craft directory; discipline not individually verified,needs-activity-review,https://pdxcoasters.com,Undated directory,Regional exhibitors at a Portland venue; production city unverified,market-directory,PDX Coasters,2026-09-15
market-directory-128,Penrose Candles,penrosecandles,Craft directory; discipline not individually verified,needs-activity-review,https://penrosecandles.com/,Undated directory,Regional exhibitors at a Portland venue; production city unverified,market-directory,Penrose Candles,2026-09-15
market-directory-129,Perfecto Glass Inc.,perfectoglassinc,Craft directory; discipline not individually verified,needs-activity-review,https://www.perfectoglassjewelry.com/,Undated directory,Regional exhibitors at a Portland venue; production city unverified,market-directory,Perfecto Glass Inc.,2026-09-15
market-directory-130,Peter Bluett Sculpture,peterbluettsculpture,Craft directory; discipline not individually verified,needs-activity-review,https://gettingtognomeyou.com,Undated directory,Regional exhibitors at a Portland venue; production city unverified,market-directory,Peter Bluett Sculpture,2026-09-15
market-directory-131,Peter McNamee Photography,petermcnameephotography,Craft directory; discipline not individually verified,needs-activity-review,,Undated directory,Regional exhibitors at a Portland venue; production city unverified,market-directory,Peter McNamee Photography,2026-09-15
market-directory-132,Pew Pew Zap LLC,pewpewzapllc,Craft directory; discipline not individually verified,needs-activity-review,https://pewpewzap.com,Undated directory,Regional exhibitors at a Portland venue; production city unverified,market-directory,Pew Pew Zap LLC,2026-09-15
market-directory-133,Phantom Creations Hats & Accessories,phantomcreationshatsaccessories,Craft directory; discipline not individually verified,needs-activity-review,,Undated directory,Regional exhibitors at a Portland venue; production city unverified,market-directory,Phantom Creations Hats & Accessories,2026-09-15
market-directory-134,Plata Del Sol Mixteco,platadelsolmixteco,Craft directory; discipline not individually verified,needs-activity-review,,Undated directory,Regional exhibitors at a Portland venue; production city unverified,market-directory,Plata Del Sol Mixteco,2026-09-15
market-directory-135,Queen of Cup,queenofcup,Craft directory; discipline not individually verified,needs-activity-review,https://www.queenofcup.com,Undated directory,Regional exhibitors at a Portland venue; production city unverified,market-directory,Queen of Cup,2026-09-15
market-directory-136,Radiographite: Art by John Shepard,radiographiteartbyjohnshepard,Craft directory; discipline not individually verified,needs-activity-review,,Undated directory,Regional exhibitors at a Portland venue; production city unverified,market-directory,Radiographite: Art by John Shepard,2026-09-15
market-directory-137,Rainbow's Cards on the Table,rainbowscardsonthetable,Craft directory; discipline not individually verified,needs-activity-review,https://alisarainbowangel.mypixieset.com/about/,Undated directory,Regional exhibitors at a Portland venue; production city unverified,market-directory,Rainbow's Cards on the Table,2026-09-15
market-directory-138,Ramblin' Leather Goods,ramblinleathergoods,Craft directory; discipline not individually verified,needs-activity-review,https://ramblinleathergoods.etsy.com,Undated directory,Regional exhibitors at a Portland venue; production city unverified,market-directory,Ramblin' Leather Goods,2026-09-15
market-directory-139,Renee Staeck,reneestaeck,Craft directory; discipline not individually verified,needs-activity-review,https://www.reneestaeck.com/,Undated directory,Regional exhibitors at a Portland venue; production city unverified,market-directory,Renee Staeck,2026-09-15
market-directory-140,Rich Glass Studio,richglassstudio,Craft directory; discipline not individually verified,needs-activity-review,https://richglassstudio.square.site,Undated directory,Regional exhibitors at a Portland venue; production city unverified,market-directory,Rich Glass Studio,2026-09-15
market-directory-141,Richard Lishner Photography,richardlishnerphotography,Craft directory; discipline not individually verified,needs-activity-review,https://www.richardlishnerphotography.com,Undated directory,Regional exhibitors at a Portland venue; production city unverified,market-directory,Richard Lishner Photography,2026-09-15
market-directory-142,Rileyville Soap,rileyvillesoap,Craft directory; discipline not individually verified,needs-activity-review,https://www.etsy.com/shop/RileyvilleSoap,Undated directory,Regional exhibitors at a Portland venue; production city unverified,market-directory,Rileyville Soap,2026-09-15
market-directory-143,Roads End Pottery,roadsendpottery,Craft directory; discipline not individually verified,needs-activity-review,https://www.facebook.com/roadsendpottery,Undated directory,Regional exhibitors at a Portland venue; production city unverified,market-directory,Roads End Pottery,2026-09-15
market-directory-144,Rogue Spirits Art,roguespiritsart,Craft directory; discipline not individually verified,needs-activity-review,,Undated directory,Regional exhibitors at a Portland venue; production city unverified,market-directory,Rogue Spirits Art,2026-09-15
market-directory-145,Rose Roots Design Studio,roserootsdesignstudio,Craft directory; discipline not individually verified,needs-activity-review,,Undated directory,Regional exhibitors at a Portland venue; production city unverified,market-directory,Rose Roots Design Studio,2026-09-15
market-directory-146,Saturday Sun,saturdaysun,Craft directory; discipline not individually verified,needs-activity-review,,Undated directory,Regional exhibitors at a Portland venue; production city unverified,market-directory,Saturday Sun,2026-09-15
market-directory-147,Secret Suncatcher,secretsuncatcher,Craft directory; discipline not individually verified,needs-activity-review,https://secretsuncatcher.com,Undated directory,Regional exhibitors at a Portland venue; production city unverified,market-directory,Secret Suncatcher,2026-09-15
market-directory-148,Seven Herons Studio,sevenheronsstudio,Craft directory; discipline not individually verified,needs-activity-review,,Undated directory,Regional exhibitors at a Portland venue; production city unverified,market-directory,Seven Herons Studio,2026-09-15
market-directory-149,Shane Reaney Studios,shanereaneystudios,Craft directory; discipline not individually verified,needs-activity-review,https://shanereaneystudios.com,Undated directory,Regional exhibitors at a Portland venue; production city unverified,market-directory,Shane Reaney Studios,2026-09-15
market-directory-150,Sherry Bingaman Textiles,sherrybingamantextiles,Craft directory; discipline not individually verified,needs-activity-review,https://www.etsy.com/shop/sherrybingaman,Undated directory,Regional exhibitors at a Portland venue; production city unverified,market-directory,Sherry Bingaman Textiles,2026-09-15
market-directory-151,Sienna Art Studios,siennaartstudios,Craft directory; discipline not individually verified,needs-activity-review,https://siennaartstudios.com,Undated directory,Regional exhibitors at a Portland venue; production city unverified,market-directory,Sienna Art Studios,2026-09-15
market-directory-152,Sig & Fairy's,sigfairys,Craft directory; discipline not individually verified,needs-activity-review,,Undated directory,Regional exhibitors at a Portland venue; production city unverified,market-directory,Sig & Fairy's,2026-09-15
market-directory-153,Silver Moon Creations,silvermooncreations,Craft directory; discipline not individually verified,needs-activity-review,https://www.silvermooncreations.com,Undated directory,Regional exhibitors at a Portland venue; production city unverified,market-directory,Silver Moon Creations,2026-09-15
market-directory-154,SilverWears,silverwears,Craft directory; discipline not individually verified,needs-activity-review,,Undated directory,Regional exhibitors at a Portland venue; production city unverified,market-directory,SilverWears,2026-09-15
market-directory-155,SimplySuncatchers,simplysuncatchers,Craft directory; discipline not individually verified,needs-activity-review,,Undated directory,Regional exhibitors at a Portland venue; production city unverified,market-directory,SimplySuncatchers,2026-09-15
market-directory-156,Sloss Pottery,slosspottery,Craft directory; discipline not individually verified,needs-activity-review,https://frenchbutterdish.com,Undated directory,Regional exhibitors at a Portland venue; production city unverified,market-directory,Sloss Pottery,2026-09-15
market-directory-157,Smilove Pottery,smilovepottery,Craft directory; discipline not individually verified,needs-activity-review,,Undated directory,Regional exhibitors at a Portland venue; production city unverified,market-directory,Smilove Pottery,2026-09-15
market-directory-158,Snailfern,snailfern,Craft directory; discipline not individually verified,needs-activity-review,,Undated directory,Regional exhibitors at a Portland venue; production city unverified,market-directory,Snailfern,2026-09-15
market-directory-159,Spellbound Talismans,spellboundtalismans,Craft directory; discipline not individually verified,needs-activity-review,,Undated directory,Regional exhibitors at a Portland venue; production city unverified,market-directory,Spellbound Talismans,2026-09-15
market-directory-160,Stephen Moellering,stephenmoellering,Craft directory; discipline not individually verified,needs-activity-review,,Undated directory,Regional exhibitors at a Portland venue; production city unverified,market-directory,Stephen Moellering,2026-09-15
market-directory-161,Soaring Heart Wood Art,soaringheartwoodart,Craft directory; discipline not individually verified,needs-activity-review,https://www.soaringheartwoodart.com/,Undated directory,Regional exhibitors at a Portland venue; production city unverified,market-directory,Soaring Heart Wood Art,2026-09-15
market-directory-162,Starkeep Studio,starkeepstudio,Craft directory; discipline not individually verified,needs-activity-review,https://www.starkeepstudio.com/,Undated directory,Regional exhibitors at a Portland venue; production city unverified,market-directory,Starkeep Studio,2026-09-15
market-directory-163,Sterling Silver Hoops,sterlingsilverhoops,Craft directory; discipline not individually verified,needs-activity-review,,Undated directory,Regional exhibitors at a Portland venue; production city unverified,market-directory,Sterling Silver Hoops,2026-09-15
market-directory-164,Studio Gwyneth,studiogwyneth,Craft directory; discipline not individually verified,needs-activity-review,https://www.gwynethmanley.com/,Undated directory,Regional exhibitors at a Portland venue; production city unverified,market-directory,Studio Gwyneth,2026-09-15
market-directory-165,Studio Rodi,studiorodi,Craft directory; discipline not individually verified,needs-activity-review,https://studiorodi.com/,Undated directory,Regional exhibitors at a Portland venue; production city unverified,market-directory,Studio Rodi,2026-09-15
market-directory-166,Sustained Designs,sustaineddesigns,Craft directory; discipline not individually verified,needs-activity-review,,Undated directory,Regional exhibitors at a Portland venue; production city unverified,market-directory,Sustained Designs,2026-09-15
market-directory-167,Sviatlana's Handmade Ceramics,sviatlanashandmadeceramics,Craft directory; discipline not individually verified,needs-activity-review,,Undated directory,Regional exhibitors at a Portland venue; production city unverified,market-directory,Sviatlana's Handmade Ceramics,2026-09-15
market-directory-168,Ten2Midnight Studios LLC,ten2midnightstudiosllc,Craft directory; discipline not individually verified,needs-activity-review,https://www.ten2midnightstudios.com,Undated directory,Regional exhibitors at a Portland venue; production city unverified,market-directory,Ten2Midnight Studios LLC,2026-09-15
market-directory-169,Tessmer's Studios,tessmersstudios,Craft directory; discipline not individually verified,needs-activity-review,https://www.facebook.com/tessmersstudios,Undated directory,Regional exhibitors at a Portland venue; production city unverified,market-directory,Tessmer's Studios,2026-09-15
market-directory-170,The Distracted Moon,thedistractedmoon,Craft directory; discipline not individually verified,needs-activity-review,,Undated directory,Regional exhibitors at a Portland venue; production city unverified,market-directory,The Distracted Moon,2026-09-15
market-directory-171,The Spectral Studio,thespectralstudio,Craft directory; discipline not individually verified,needs-activity-review,https://www.thespectralstudio.art,Undated directory,Regional exhibitors at a Portland venue; production city unverified,market-directory,The Spectral Studio,2026-09-15
market-directory-172,The Spoiled Cat,thespoiledcat,Craft directory; discipline not individually verified,needs-activity-review,https://www.thespoiledcat.com,Undated directory,Regional exhibitors at a Portland venue; production city unverified,market-directory,The Spoiled Cat,2026-09-15
market-directory-173,The Whisper of Whiskers,thewhisperofwhiskers,Craft directory; discipline not individually verified,needs-activity-review,,Undated directory,Regional exhibitors at a Portland venue; production city unverified,market-directory,The Whisper of Whiskers,2026-09-15
market-directory-174,This Cookie Is,thiscookieis,Craft directory; discipline not individually verified,needs-activity-review,,Undated directory,Regional exhibitors at a Portland venue; production city unverified,market-directory,This Cookie Is,2026-09-15
market-directory-175,Thomas Rude Studio,thomasrudestudio,Craft directory; discipline not individually verified,needs-activity-review,https://thomasrude.com,Undated directory,Regional exhibitors at a Portland venue; production city unverified,market-directory,Thomas Rude Studio,2026-09-15
market-directory-176,Thomas Sedlak,thomassedlak,Craft directory; discipline not individually verified,needs-activity-review,,Undated directory,Regional exhibitors at a Portland venue; production city unverified,market-directory,Thomas Sedlak,2026-09-15
market-directory-177,Tiana's Clay,tianasclay,Craft directory; discipline not individually verified,needs-activity-review,,Undated directory,Regional exhibitors at a Portland venue; production city unverified,market-directory,Tiana's Clay,2026-09-15
market-directory-178,Tobin Floom Fine Art,tobinfloomfineart,Craft directory; discipline not individually verified,needs-activity-review,https://tobinfloom.com,Undated directory,Regional exhibitors at a Portland venue; production city unverified,market-directory,Tobin Floom Fine Art,2026-09-15
market-directory-179,Tonya Gray Art Works,tonyagrayartworks,Craft directory; discipline not individually verified,needs-activity-review,https://www.tonyagrayartworks.com,Undated directory,Regional exhibitors at a Portland venue; production city unverified,market-directory,Tonya Gray Art Works,2026-09-15
market-directory-180,Touch the Sky Books & Jewelry,touchtheskybooksjewelry,Craft directory; discipline not individually verified,needs-activity-review,https://www.touchthesky.net,Undated directory,Regional exhibitors at a Portland venue; production city unverified,market-directory,Touch the Sky Books & Jewelry,2026-09-15
market-directory-181,Travel Tees,traveltees,Craft directory; discipline not individually verified,needs-activity-review,https://www.traveltees.co,Undated directory,Regional exhibitors at a Portland venue; production city unverified,market-directory,Travel Tees,2026-09-15
market-directory-182,Unspooned,unspooned,Craft directory; discipline not individually verified,needs-activity-review,,Undated directory,Regional exhibitors at a Portland venue; production city unverified,market-directory,Unspooned,2026-09-15
market-directory-183,Visions in Wood,visionsinwood,Craft directory; discipline not individually verified,needs-activity-review,,Undated directory,Regional exhibitors at a Portland venue; production city unverified,market-directory,Visions in Wood,2026-09-15
market-directory-184,Weird Sauce,weirdsauce,Craft directory; discipline not individually verified,needs-activity-review,,Undated directory,Regional exhibitors at a Portland venue; production city unverified,market-directory,Weird Sauce,2026-09-15
market-directory-185,What If Creations,whatifcreations,Craft directory; discipline not individually verified,needs-activity-review,https://whatifcreations.com,Undated directory,Regional exhibitors at a Portland venue; production city unverified,market-directory,What If Creations,2026-09-15
market-directory-186,Wild Life Soaps and Oils,wildlifesoapsandoils,Craft directory; discipline not individually verified,needs-activity-review,https://www.wildlifesoaps.com,Undated directory,Regional exhibitors at a Portland venue; production city unverified,market-directory,Wild Life Soaps and Oils,2026-09-15
market-directory-187,Wordy Plates,wordyplates,Craft directory; discipline not individually verified,needs-activity-review,,Undated directory,Regional exhibitors at a Portland venue; production city unverified,market-directory,Wordy Plates,2026-09-15
market-directory-188,You Are Here,youarehere,Craft directory; discipline not individually verified,needs-activity-review,https://www.matleyink.com,Undated directory,Regional exhibitors at a Portland venue; production city unverified,market-directory,You Are Here,2026-09-15
market-directory-189,Adina Cohen,adinacohen,Craft directory; discipline not individually verified,needs-activity-review,,Undated directory,Regional exhibitors at a Portland venue; production city unverified,market-directory,Adina Cohen,2026-09-15
market-directory-190,Artisans Ally,artisansally,Craft directory; discipline not individually verified,needs-activity-review,,Undated directory,Regional exhibitors at a Portland venue; production city unverified,market-directory,Artisans Ally,2026-09-15
market-directory-191,Axelsaywhat Art,axelsaywhatart,Craft directory; discipline not individually verified,needs-activity-review,,Undated directory,Regional exhibitors at a Portland venue; production city unverified,market-directory,Axelsaywhat Art,2026-09-15
market-directory-192,Bare Bee Botanicals,barebeebotanicals,Craft directory; discipline not individually verified,needs-activity-review,,Undated directory,Regional exhibitors at a Portland venue; production city unverified,market-directory,Bare Bee Botanicals,2026-09-15
market-directory-193,Carisa Serena,carisaserena,Craft directory; discipline not individually verified,needs-activity-review,,Undated directory,Regional exhibitors at a Portland venue; production city unverified,market-directory,Carisa Serena,2026-09-15
market-directory-194,Cell Phone Homes,cellphonehomes,Craft directory; discipline not individually verified,needs-activity-review,,Undated directory,Regional exhibitors at a Portland venue; production city unverified,market-directory,Cell Phone Homes,2026-09-15
market-directory-195,Emberloft Flavor Labs,emberloftflavorlabs,Craft directory; discipline not individually verified,needs-activity-review,,Undated directory,Regional exhibitors at a Portland venue; production city unverified,market-directory,Emberloft Flavor Labs,2026-09-15
market-directory-196,Frazzled Frog,frazzledfrog,Craft directory; discipline not individually verified,needs-activity-review,,Undated directory,Regional exhibitors at a Portland venue; production city unverified,market-directory,Frazzled Frog,2026-09-15
market-directory-197,Hat People,hatpeople,Craft directory; discipline not individually verified,needs-activity-review,,Undated directory,Regional exhibitors at a Portland venue; production city unverified,market-directory,Hat People,2026-09-15
market-directory-198,JewelryLush,jewelrylush,Craft directory; discipline not individually verified,needs-activity-review,,Undated directory,Regional exhibitors at a Portland venue; production city unverified,market-directory,JewelryLush,2026-09-15
market-directory-199,KalaCaroline,kalacaroline,Craft directory; discipline not individually verified,needs-activity-review,,Undated directory,Regional exhibitors at a Portland venue; production city unverified,market-directory,KalaCaroline,2026-09-15
market-directory-200,KOVA Pet Supplies,kovapetsupplies,Craft directory; discipline not individually verified,needs-activity-review,,Undated directory,Regional exhibitors at a Portland venue; production city unverified,market-directory,KOVA Pet Supplies,2026-09-15
market-directory-201,Merlux Jewelry,merluxjewelry,Craft directory; discipline not individually verified,needs-activity-review,,Undated directory,Regional exhibitors at a Portland venue; production city unverified,market-directory,Merlux Jewelry,2026-09-15
market-directory-202,miaseostudio,miaseostudio,Craft directory; discipline not individually verified,needs-activity-review,,Undated directory,Regional exhibitors at a Portland venue; production city unverified,market-directory,miaseostudio,2026-09-15
market-directory-203,moltwear,moltwear,Craft directory; discipline not individually verified,needs-activity-review,,Undated directory,Regional exhibitors at a Portland venue; production city unverified,market-directory,moltwear,2026-09-15
market-directory-204,Mr. Baklava,mrbaklava,Craft directory; discipline not individually verified,needs-activity-review,,Undated directory,Regional exhibitors at a Portland venue; production city unverified,market-directory,Mr. Baklava,2026-09-15
market-directory-205,Table No. 9,tableno9,Craft directory; discipline not individually verified,needs-activity-review,,Undated directory,Regional exhibitors at a Portland venue; production city unverified,market-directory,Table No. 9,2026-09-15
market-directory-206,The Mantis Variant book series,themantisvariantbookseries,Craft directory; discipline not individually verified,needs-activity-review,,Undated directory,Regional exhibitors at a Portland venue; production city unverified,market-directory,The Mantis Variant book series,2026-09-15
market-directory-207,Tommy Rocks,tommyrocks,Craft directory; discipline not individually verified,needs-activity-review,,Undated directory,Regional exhibitors at a Portland venue; production city unverified,market-directory,Tommy Rocks,2026-09-15
