slug,title,category,service_nature,family,authority,authority_confidence,scope_split_or_overlap,workflow_through_closeout,current_capability,current_classification,live_route,source_schema,default_disciplines,remaining_human_or_external_work,as_deployed_staff_effort_issue,as_deployed_staff_effort_full,as_deployed_zero_touch_issue,as_deployed_zero_touch_full,as_deployed_elapsed_reduction,tomorrow_use,tomorrow_staff_effort_issue,tomorrow_staff_effort_full,tomorrow_zero_touch_issue,tomorrow_zero_touch_full,tomorrow_elapsed_reduction,software_only_implementation,software_effort_models,software_staff_effort_issue,software_staff_effort_full,software_zero_touch_issue,software_zero_touch_full,software_elapsed_reduction,remaining_limits,missing_shared_implementation,impact_volume,impact_effort_and_delay,confidence,official_source_ids,official_source_urls,test_evidence
abandoned-vehicle-report,Abandoned Vehicle Report,reports,report/field service,Reports/field service,PBOT Parking Enforcement,Medium where official family source applies; otherwise catalog attribution only,PBOT enforcement; investigate ownership and removal criteria before field action.,Receive location/evidence -> triage/jurisdiction/duplicate check -> dispatch -> investigation/physical work -> verify/close and notify,Public form schema/route implemented; original pipeline fixture reaches human_review. Client upload object/string-array validation mismatch reproduced No default discipline assignment; manual triage required,partial,https://www.portlandpermits.org/apply/abandoned-vehicle-report,https://github.com/ekrolewicz6/portland-civic-labs/blob/23b4670d8d26b9093f6e401bb89d9d6f30d8506d/catalog/forms/reports/abandoned-vehicle-report.json,none,"Investigators, responders or maintenance crews perform and verify the work.",Unknown; no measured department use,Unknown; no measured department use,0 demonstrated authoritative completions; no City issuing adapter,0 demonstrated authoritative completions,Unknown; no matched outcome cohort,Guidance or supervised comparison only. Staff must verify rules and enter/complete official systems; real sensitive intake requires P0 fixes first.,Unknown; potential clerical benefit offset by duplicate entry,Unknown; field work and official-system work remain,0 via this app alone,0 via this app alone,Unknown; no proven critical-path reduction,"311/work-order integrations; asset and incident IDs; prioritization, duplicate matching and SLA/escalation.",unknown,Unknown empirically; conditional budgets unknown,Unknown empirically; conditional budgets unknown,Unknown case share; see path splits and remaining limits,0 for classes requiring staff inspection/merits decision; otherwise unknown,"Administrative queues/corrections may shrink; required waits, applicant work and physical work remain; no validated percentage","No outage, pothole or complaint is resolved merely because its form has been submitted.","P0 security/schema/state/payment correctness; official case/fee/document/notification adapters; durable jobs, recovery and audit; see backlog",No audited per-slug annual count; do not allocate broad official totals to this row,Family-specific models and shared volume sensitivity only; no additive per-form savings,High source wiring; medium workflow-family; low/unmeasured impact,O02,https://www.portland.gov/ppd/submit-and-pay-application-permit-type,evidence/catalog-verification.json#abandoned-vehicle-report
accessory-str-permit,Accessory Short-Term Rental (ASTR) Permit,businesses,permit/license or conditional exemption,Short-term rental,Portland PP&D; Type B land-use decision process,Medium where official family source applies; otherwise catalog attribution only,Overlaps short-term-rental; ASTR is not simply a separate accessory-versus-primary license.,Type A/B and legal bedrooms/residency -> notice and certification -> sampled inspection or conditional-use route -> fees/permit -> renewal/enforcement,Public form schema/route implemented; original pipeline fixture reaches human_review. No default discipline assignment; manual triage required,partial,https://www.portlandpermits.org/apply/accessory-str-permit,https://github.com/ekrolewicz6/portland-civic-labs/blob/23b4670d8d26b9093f6e401bb89d9d6f30d8506d/catalog/forms/businesses/accessory-str-permit.json,none,"Resident evidence, bureau verification, inspections where selected/required; Type B discretionary decision.",Unknown; no measured department use,Unknown; no measured department use,0 demonstrated authoritative completions; no City issuing adapter,0 demonstrated authoritative completions,Unknown; no matched outcome cohort,Guidance or supervised comparison only. Staff must verify rules and enter/complete official systems; real sensitive intake requires P0 fixes first.,Unknown; potential clerical benefit offset by duplicate entry,Unknown; field work and official-system work remain,0 via this app alone,0 via this app alone,Unknown; no proven critical-path reduction,Residency/bedroom registry; Type A certification and random inspection selection; Type B land-use link; notice and renewal service.,M2;M4,Unknown empirically; conditional budgets M2;M4,Unknown empirically; conditional budgets M2;M4,Unknown case share; see path splits and remaining limits,0 for classes requiring staff inspection/merits decision; otherwise unknown,"Administrative queues/corrections may shrink; required waits, applicant work and physical work remain; no validated percentage",Service guidance and administrative inspection rule must be reconciled operationally; do not assume every Type A needs inspection or none do.,"P0 security/schema/state/payment correctness; official case/fee/document/notification adapters; durable jobs, recovery and audit; see backlog",No audited per-slug annual count; do not allocate broad official totals to this row,Family-specific models and shared volume sensitivity only; no additive per-form savings,High source wiring; medium workflow-family; low/unmeasured impact,O37;O38,https://www.portland.gov/bds/astr-permits/before-you-apply;https://www.portland.gov/policies/environment-built/permitting-development-administrative-policies-procedures/enb-1302,evidence/catalog-verification.json#accessory-str-permit
address-change,Address Change Notification,updates,account update/registration,Account updates/registration,Agency named in schema; assignment not independently confirmed,Medium where official family source applies; otherwise catalog attribution only,Choose actual agencies/accounts; notification here does not update them.,Verify identity/authority -> validate requested update -> update authoritative systems -> confirmation and exceptions,Public form schema/route implemented; original pipeline fixture reaches human_review. No default discipline assignment; manual triage required,partial,https://www.portlandpermits.org/apply/address-change,https://github.com/ekrolewicz6/portland-civic-labs/blob/23b4670d8d26b9093f6e401bb89d9d6f30d8506d/catalog/forms/updates/address-change.json,none,Customer and owner agency; physical service transfer if needed.,Unknown; no measured department use,Unknown; no measured department use,0 demonstrated authoritative completions; no City issuing adapter,0 demonstrated authoritative completions,Unknown; no matched outcome cohort,Guidance or supervised comparison only. Staff must verify rules and enter/complete official systems; real sensitive intake requires P0 fixes first.,Unknown; potential clerical benefit offset by duplicate entry,Unknown; field work and official-system work remain,0 via this app alone,0 via this app alone,Unknown; no proven critical-path reduction,Account/identity matching; consent scope; exact agency API; audit and rollback.,unknown,Unknown empirically; conditional budgets unknown,Unknown empirically; conditional budgets unknown,Unknown case share; see path splits and remaining limits,0 for classes requiring staff inspection/merits decision; otherwise unknown,"Administrative queues/corrections may shrink; required waits, applicant work and physical work remain; no validated percentage",No single citywide address/contractor registry is proven connected; private/state registries may own the record.,"P0 security/schema/state/payment correctness; official case/fee/document/notification adapters; durable jobs, recovery and audit; see backlog",No audited per-slug annual count; do not allocate broad official totals to this row,Family-specific models and shared volume sensitivity only; no additive per-form savings,High source wiring; medium workflow-family; low/unmeasured impact,O44,https://www.portland.gov/revenue,evidence/catalog-verification.json#address-change
adu-permit,Accessory Dwelling Unit (ADU) Permit Application,permits,permit/license or conditional exemption,Residential construction,PP&D,Medium where official family source applies; otherwise catalog attribution only,Split detached new ADU from attached ADU and conversion; separate SDC waiver obligations.,Jurisdiction/legal use -> scope and zoning -> complete plans -> required disciplines/corrections -> preissuance fees/conditions -> building and linked trades -> staged inspections -> final/occupancy if applicable,"Public form schema/route implemented; original pipeline fixture reaches human_review. Pipeline expects absent document keys: site_plan, floor_plans",partial,https://www.portlandpermits.org/apply/adu-permit,https://github.com/ekrolewicz6/portland-civic-labs/blob/23b4670d8d26b9093f6e401bb89d9d6f30d8506d/catalog/forms/permits/adu-permit.json,zoning;structural;life_safety;water,Designer and applicant prepare plans; staff review judgment/engineering/site issues; inspectors verify constructed work.,Unknown; no measured department use,Unknown; no measured department use,0 demonstrated authoritative completions; no City issuing adapter,0 demonstrated authoritative completions,Unknown; no matched outcome cohort,Guidance or supervised comparison only. Staff must verify rules and enter/complete official systems; real sensitive intake requires P0 fixes first.,Unknown; potential clerical benefit offset by duplicate entry,Unknown; field work and official-system work remain,0 via this app alone,0 via this app alone,Unknown; no proven critical-path reduction,Structured project model; parcel geometry and prior conditions; code-version rules; document revision control; review and trade dependency graph; issue/inspection interfaces.,M2;M3,Unknown empirically; conditional budgets M2;M3,Unknown empirically; conditional budgets M2;M3,Unknown case share; see path splits and remaining limits,0 for classes requiring staff inspection/merits decision; otherwise unknown,"Administrative queues/corrections may shrink; required waits, applicant work and physical work remain; no validated percentage","New build, addition, alteration and conversion must be separate paths; physical conditions and professional design remain.","P0 security/schema/state/payment correctness; official case/fee/document/notification adapters; durable jobs, recovery and audit; see backlog",No audited per-slug annual count; do not allocate broad official totals to this row,Family-specific models and shared volume sensitivity only; no additive per-form savings,High source wiring; medium workflow-family; low/unmeasured impact,O02;O10;O11;O14,https://www.portland.gov/ppd/submit-and-pay-application-permit-type;https://www.portland.gov/ppd/residential-permitting/home-projects/accessory-dwelling-units;https://www.oregon.gov/bcd/codes-stand/Pages/ossc-adoption.aspx;https://www.portland.gov/permitimprovement/code-alignment-project,evidence/catalog-verification.json#adu-permit
amusement-devices-permit,Amusement Devices Permit,businesses,permit/license or conditional exemption,Business/regulatory licenses,Revenue Division,Medium where official family source applies; otherwise catalog attribution only,Device/site licensing path requires authority and current fee validation.,Identify licensing authority and scope -> identity/site/credential/background or safety checks -> external recommendations -> fee/license -> renewals/enforcement,Public form schema/route implemented; original pipeline fixture reaches human_review. No default discipline assignment; manual triage required,partial,https://www.portlandpermits.org/apply/amusement-devices-permit,https://github.com/ekrolewicz6/portland-civic-labs/blob/23b4670d8d26b9093f6e401bb89d9d6f30d8506d/catalog/forms/businesses/amusement-devices-permit.json,none,Regulator and external agencies determine eligibility; inspections/hearings depend on license.,Unknown; no measured department use,Unknown; no measured department use,0 demonstrated authoritative completions; no City issuing adapter,0 demonstrated authoritative completions,Unknown; no matched outcome cohort,Guidance or supervised comparison only. Staff must verify rules and enter/complete official systems; real sensitive intake requires P0 fixes first.,Unknown; potential clerical benefit offset by duplicate entry,Unknown; field work and official-system work remain,0 via this app alone,0 via this app alone,Unknown; no proven critical-path reduction,Per-license rule packs; license/background registries; renewal events and agency handoffs.,unknown,Unknown empirically; conditional budgets unknown,Unknown empirically; conditional budgets unknown,Unknown case share; see path splits and remaining limits,0 for classes requiring staff inspection/merits decision; otherwise unknown,"Administrative queues/corrections may shrink; required waits, applicant work and physical work remain; no validated percentage","Catalog labels are not evidence of City authority; OLCC, county and state permissions remain separate.","P0 security/schema/state/payment correctness; official case/fee/document/notification adapters; durable jobs, recovery and audit; see backlog",No audited per-slug annual count; do not allocate broad official totals to this row,Family-specific models and shared volume sensitivity only; no additive per-form savings,High source wiring; medium workflow-family; low/unmeasured impact,O40;O42;O43,https://multco.us/services/food-cart-license;https://www.portland.gov/ppd/cannabis;https://www.oregon.gov/olcc/marijuana/Pages/default.aspx,evidence/catalog-verification.json#amusement-devices-permit
annual-liquor-renewal,Annual Liquor License Renewal,businesses,permit/license or conditional exemption,Business/regulatory licenses,OLCC + applicable Portland local recommendation,Medium where official family source applies; otherwise catalog attribution only,City recommendation/renewal role versus OLCC license; do not count both as independent city issuance.,Identify licensing authority and scope -> identity/site/credential/background or safety checks -> external recommendations -> fee/license -> renewals/enforcement,Public form schema/route implemented; original pipeline fixture reaches human_review. No default discipline assignment; manual triage required,partial,https://www.portlandpermits.org/apply/annual-liquor-renewal,https://github.com/ekrolewicz6/portland-civic-labs/blob/23b4670d8d26b9093f6e401bb89d9d6f30d8506d/catalog/forms/businesses/annual-liquor-renewal.json,none,Regulator and external agencies determine eligibility; inspections/hearings depend on license.,Unknown; no measured department use,Unknown; no measured department use,0 demonstrated authoritative completions; no City issuing adapter,0 demonstrated authoritative completions,Unknown; no matched outcome cohort,Guidance or supervised comparison only. Staff must verify rules and enter/complete official systems; real sensitive intake requires P0 fixes first.,Unknown; potential clerical benefit offset by duplicate entry,Unknown; field work and official-system work remain,0 via this app alone,0 via this app alone,Unknown; no proven critical-path reduction,Per-license rule packs; license/background registries; renewal events and agency handoffs.,unknown,Unknown empirically; conditional budgets unknown,Unknown empirically; conditional budgets unknown,Unknown case share; see path splits and remaining limits,0 for classes requiring staff inspection/merits decision; otherwise unknown,"Administrative queues/corrections may shrink; required waits, applicant work and physical work remain; no validated percentage","Catalog labels are not evidence of City authority; OLCC, county and state permissions remain separate.","P0 security/schema/state/payment correctness; official case/fee/document/notification adapters; durable jobs, recovery and audit; see backlog",No audited per-slug annual count; do not allocate broad official totals to this row,Family-specific models and shared volume sensitivity only; no additive per-form savings,High source wiring; medium workflow-family; low/unmeasured impact,O40;O42;O43,https://multco.us/services/food-cart-license;https://www.portland.gov/ppd/cannabis;https://www.oregon.gov/olcc/marijuana/Pages/default.aspx,evidence/catalog-verification.json#annual-liquor-renewal
annual-parking-permit,Annual Parking Permit (Business / Nonprofit),transportation,permit/license or conditional exemption,Parking/access entitlement,PBOT,Medium where official family source applies; otherwise catalog attribution only,Business/nonprofit quota and employee eligibility differ from resident permits.,Zone/account/eligibility -> evidence and quota validation -> fee -> plate/permit/account activation -> renewal/cancellation,Public form schema/route implemented; original pipeline fixture reaches human_review. No default discipline assignment; manual triage required,partial,https://www.portlandpermits.org/apply/annual-parking-permit,https://github.com/ekrolewicz6/portland-civic-labs/blob/23b4670d8d26b9093f6e401bb89d9d6f30d8506d/catalog/forms/transportation/annual-parking-permit.json,none,Applicant residence/vehicle evidence; authority exceptions and enforcement.,Unknown; no measured department use,Unknown; no measured department use,0 demonstrated authoritative completions; no City issuing adapter,0 demonstrated authoritative completions,Unknown; no matched outcome cohort,Guidance or supervised comparison only. Staff must verify rules and enter/complete official systems; real sensitive intake requires P0 fixes first.,Unknown; potential clerical benefit offset by duplicate entry,Unknown; field work and official-system work remain,0 via this app alone,0 via this app alone,Unknown; no proven critical-path reduction,Live zones/quotas/plates; residency and benefits validation; permit ledger and enforcement-system sync.,M2,Unknown empirically; conditional budgets M2,Unknown empirically; conditional budgets M2,Unknown case share; see path splits and remaining limits,0 for classes requiring staff inspection/merits decision; otherwise unknown,"Administrative queues/corrections may shrink; required waits, applicant work and physical work remain; no validated percentage","Annual business, resident and income-qualified programs differ; disabled placards are a state/healthcare path.","P0 security/schema/state/payment correctness; official case/fee/document/notification adapters; durable jobs, recovery and audit; see backlog",No audited per-slug annual count; do not allocate broad official totals to this row,Family-specific models and shared volume sensitivity only; no additive per-form savings,High source wiring; medium workflow-family; low/unmeasured impact,O01;O41,https://www.portland.gov/ppd/devhub-faqs;https://www.oregon.gov/odot/dmv/pages/driverid/disparking.aspx,evidence/catalog-verification.json#annual-parking-permit
area-parking-permit,Area Parking Permit (Zone Permit),transportation,permit/license or conditional exemption,Parking/access entitlement,PBOT,Medium where official family source applies; otherwise catalog attribution only,"Overlaps resident zone permit; identify zone, plate, cap and household rules.",Zone/account/eligibility -> evidence and quota validation -> fee -> plate/permit/account activation -> renewal/cancellation,Public form schema/route implemented; original pipeline fixture reaches human_review. Client upload object/string-array validation mismatch reproduced No default discipline assignment; manual triage required,partial,https://www.portlandpermits.org/apply/area-parking-permit,https://github.com/ekrolewicz6/portland-civic-labs/blob/23b4670d8d26b9093f6e401bb89d9d6f30d8506d/catalog/forms/transportation/area-parking-permit.json,none,Applicant residence/vehicle evidence; authority exceptions and enforcement.,Unknown; no measured department use,Unknown; no measured department use,0 demonstrated authoritative completions; no City issuing adapter,0 demonstrated authoritative completions,Unknown; no matched outcome cohort,Guidance or supervised comparison only. Staff must verify rules and enter/complete official systems; real sensitive intake requires P0 fixes first.,Unknown; potential clerical benefit offset by duplicate entry,Unknown; field work and official-system work remain,0 via this app alone,0 via this app alone,Unknown; no proven critical-path reduction,Live zones/quotas/plates; residency and benefits validation; permit ledger and enforcement-system sync.,M2,Unknown empirically; conditional budgets M2,Unknown empirically; conditional budgets M2,Unknown case share; see path splits and remaining limits,0 for classes requiring staff inspection/merits decision; otherwise unknown,"Administrative queues/corrections may shrink; required waits, applicant work and physical work remain; no validated percentage","Annual business, resident and income-qualified programs differ; disabled placards are a state/healthcare path.","P0 security/schema/state/payment correctness; official case/fee/document/notification adapters; durable jobs, recovery and audit; see backlog",No audited per-slug annual count; do not allocate broad official totals to this row,Family-specific models and shared volume sensitivity only; no additive per-form savings,High source wiring; medium workflow-family; low/unmeasured impact,O01;O41,https://www.portland.gov/ppd/devhub-faqs;https://www.oregon.gov/odot/dmv/pages/driverid/disparking.aspx,evidence/catalog-verification.json#area-parking-permit
arts-tax-filing,Portland Arts Tax Filing,business-filings,tax/account transaction,Tax filings/accounts,Portland Revenue Division for applicable City/County/Metro program; verify tax-year scope,Medium where official family source applies; otherwise catalog attribution only,Annual Arts Tax filing and payment must reach Revenue; account/year/exemptions required.,Identify tax/account/period -> calculate or collect return -> validate schedules -> authorized filing/payment -> ledger/reconciliation -> amendments/refunds/audit,Public form schema/route implemented; original pipeline fixture reaches human_review. No default discipline assignment; manual triage required,partial,https://www.portlandpermits.org/apply/arts-tax-filing,https://github.com/ekrolewicz6/portland-civic-labs/blob/23b4670d8d26b9093f6e401bb89d9d6f30d8506d/catalog/forms/business-filings/arts-tax-filing.json,none,"Taxpayer supplies truthful records; authority resolves audits, discretionary relief and contested assessments.",Unknown; no measured department use,Unknown; no measured department use,0 demonstrated authoritative completions; no City issuing adapter,0 demonstrated authoritative completions,Unknown; no matched outcome cohort,Guidance or supervised comparison only. Staff must verify rules and enter/complete official systems; real sensitive intake requires P0 fixes first.,Unknown; potential clerical benefit offset by duplicate entry,Unknown; field work and official-system work remain,0 via this app alone,0 via this app alone,Unknown; no proven critical-path reduction,Tax-year rule engine; official account/filing API; exact rates and thresholds; signed declarations and payment ledger.,unknown,Unknown empirically; conditional budgets unknown,Unknown empirically; conditional budgets unknown,Unknown case share; see path splits and remaining limits,0 for classes requiring staff inspection/merits decision; otherwise unknown,"Administrative queues/corrections may shrink; required waits, applicant work and physical work remain; no validated percentage",A local application record is not a filed return or remitted tax; current-year coverage is unaudited.,"P0 security/schema/state/payment correctness; official case/fee/document/notification adapters; durable jobs, recovery and audit; see backlog",No audited per-slug annual count; do not allocate broad official totals to this row,Family-specific models and shared volume sensitivity only; no additive per-form savings,High source wiring; medium workflow-family; low/unmeasured impact,O44,https://www.portland.gov/revenue,evidence/catalog-verification.json#arts-tax-filing
athletic-field-permit,Athletic Field Permit,parks-recreation,reservation/use permission,Parks reservations/events,Portland Parks & Recreation,Medium where official family source applies; otherwise catalog attribution only,"Recurring field allocation, capacity, sport and season conflicts.",Inventory/date selection -> eligibility/conflict/access/safety review -> agreement/deposit/payment -> confirmed booking -> event/use -> damage/deposit closeout,Public form schema/route implemented; original pipeline fixture reaches exception. Legacy conditional-schema exception reproduced; not proof first UI page cannot render No default discipline assignment; manual triage required,partial / exception in isolated validation,https://www.portlandpermits.org/apply/athletic-field-permit,https://github.com/ekrolewicz6/portland-civic-labs/blob/23b4670d8d26b9093f6e401bb89d9d6f30d8506d/catalog/forms/parks-recreation/athletic-field-permit.json,none,Parks staff resolve special uses; users conduct events; maintenance/site checks remain.,Unknown; no measured department use,Unknown; no measured department use,0 demonstrated authoritative completions; no City issuing adapter,0 demonstrated authoritative completions,Unknown; no matched outcome cohort,Guidance or supervised comparison only. Staff must verify rules and enter/complete official systems; real sensitive intake requires P0 fixes first.,Unknown; potential clerical benefit offset by duplicate entry,Unknown; field work and official-system work remain,0 via this app alone,0 via this app alone,Unknown; no proven critical-path reduction,Real inventory with atomic reservations; pricing/deposits/refunds; event checklists and asset work orders.,M2;M3,Unknown empirically; conditional budgets M2;M3,Unknown empirically; conditional budgets M2;M3,Unknown case share; see path splits and remaining limits,0 for classes requiring staff inspection/merits decision; otherwise unknown,"Administrative queues/corrections may shrink; required waits, applicant work and physical work remain; no validated percentage",A generic form without a reservation backend does not reserve a venue; eight schemas have incompatible condition shapes.,"P0 security/schema/state/payment correctness; official case/fee/document/notification adapters; durable jobs, recovery and audit; see backlog",No audited per-slug annual count; do not allocate broad official totals to this row,Family-specific models and shared volume sensitivity only; no additive per-form savings,High source wiring; medium workflow-family; low/unmeasured impact,O28,https://www.portland.gov/fire/permits-inspections/public-assembly-permit-requirements,evidence/catalog-verification.json#athletic-field-permit
attic-basement-garage-conversion,Attic / Basement / Garage Conversion Permit,permits,permit/license or conditional exemption,Residential construction,PP&D,Medium where official family source applies; otherwise catalog attribution only,"Habitable-space conversion versus new dwelling; existing legality, egress, height, energy and trade work.",Jurisdiction/legal use -> scope and zoning -> complete plans -> required disciplines/corrections -> preissuance fees/conditions -> building and linked trades -> staged inspections -> final/occupancy if applicable,Public form schema/route implemented; original pipeline fixture reaches human_review. No default discipline assignment; manual triage required,partial,https://www.portlandpermits.org/apply/attic-basement-garage-conversion,https://github.com/ekrolewicz6/portland-civic-labs/blob/23b4670d8d26b9093f6e401bb89d9d6f30d8506d/catalog/forms/permits/attic-basement-garage-conversion.json,none,Designer and applicant prepare plans; staff review judgment/engineering/site issues; inspectors verify constructed work.,Unknown; no measured department use,Unknown; no measured department use,0 demonstrated authoritative completions; no City issuing adapter,0 demonstrated authoritative completions,Unknown; no matched outcome cohort,Guidance or supervised comparison only. Staff must verify rules and enter/complete official systems; real sensitive intake requires P0 fixes first.,Unknown; potential clerical benefit offset by duplicate entry,Unknown; field work and official-system work remain,0 via this app alone,0 via this app alone,Unknown; no proven critical-path reduction,Structured project model; parcel geometry and prior conditions; code-version rules; document revision control; review and trade dependency graph; issue/inspection interfaces.,M2;M3,Unknown empirically; conditional budgets M2;M3,Unknown empirically; conditional budgets M2;M3,Unknown case share; see path splits and remaining limits,0 for classes requiring staff inspection/merits decision; otherwise unknown,"Administrative queues/corrections may shrink; required waits, applicant work and physical work remain; no validated percentage","New build, addition, alteration and conversion must be separate paths; physical conditions and professional design remain.","P0 security/schema/state/payment correctness; official case/fee/document/notification adapters; durable jobs, recovery and audit; see backlog",No audited per-slug annual count; do not allocate broad official totals to this row,Family-specific models and shared volume sensitivity only; no additive per-form savings,High source wiring; medium workflow-family; low/unmeasured impact,O02;O10;O11;O14,https://www.portland.gov/ppd/submit-and-pay-application-permit-type;https://www.portland.gov/ppd/residential-permitting/home-projects/accessory-dwelling-units;https://www.oregon.gov/bcd/codes-stand/Pages/ossc-adoption.aspx;https://www.portland.gov/permitimprovement/code-alignment-project,evidence/catalog-verification.json#attic-basement-garage-conversion
backflow-prevention,Backflow Prevention / Cross-Connection Control,water-sewer,permit/license or conditional exemption,Water/sewer works,Water Bureau,Medium where official family source applies; otherwise catalog attribution only,Approved assembly/tester and actual backflow test; installation and ongoing compliance differ.,Service/capacity and ROW/private classification -> engineering/backflow/sewer review -> fees/bonds/permission -> connection or repair -> pressure/other tests and inspections -> billing/as-builts/final,Public form schema/route implemented; original pipeline fixture reaches human_review. Client upload object/string-array validation mismatch reproduced No default discipline assignment; manual triage required,partial,https://www.portlandpermits.org/apply/backflow-prevention,https://github.com/ekrolewicz6/portland-civic-labs/blob/23b4670d8d26b9093f6e401bb89d9d6f30d8506d/catalog/forms/water-sewer/backflow-prevention.json,none,"Bureau designers, licensed contractors, inspectors and sometimes utility crews.",Unknown; no measured department use,Unknown; no measured department use,0 demonstrated authoritative completions; no City issuing adapter,0 demonstrated authoritative completions,Unknown; no matched outcome cohort,Guidance or supervised comparison only. Staff must verify rules and enter/complete official systems; real sensitive intake requires P0 fixes first.,Unknown; potential clerical benefit offset by duplicate entry,Unknown; field work and official-system work remain,0 via this app alone,0 via this app alone,Unknown; no proven critical-path reduction,Meter/service inventory; hydraulic capacity; contractor/insurance/bond verification; DevHub/billing/field work adapters.,M3,Unknown empirically; conditional budgets M3,Unknown empirically; conditional budgets M3,Unknown case share; see path splits and remaining limits,0 for classes requiring staff inspection/merits decision; otherwise unknown,"Administrative queues/corrections may shrink; required waits, applicant work and physical work remain; no validated percentage",UC/UR and private plumbing are distinct; software cannot install meters or verify buried work alone.,"P0 security/schema/state/payment correctness; official case/fee/document/notification adapters; durable jobs, recovery and audit; see backlog",No audited per-slug annual count; do not allocate broad official totals to this row,Family-specific models and shared volume sensitivity only; no additive per-form savings,High source wiring; medium workflow-family; low/unmeasured impact,O33;O34;O35,https://www.portland.gov/ppd/infrastructure/ur-and-uc-permits;https://www.portland.gov/ppd/infrastructure/ur-and-uc-permits/uc-permit;https://www.portland.gov/ppd/infrastructure/sewer-stormwater-permit-requirements,evidence/catalog-verification.json#backflow-prevention
bike-locker-rental,Bike Locker Rental Application,transportation,reservation/use permission,Parks reservations/events,PBOT,Medium where official family source applies; otherwise catalog attribution only,Locker availability and contract/renewal; confirm asset owner/operator.,Inventory/date selection -> eligibility/conflict/access/safety review -> agreement/deposit/payment -> confirmed booking -> event/use -> damage/deposit closeout,Public form schema/route implemented; original pipeline fixture reaches human_review. No default discipline assignment; manual triage required,partial,https://www.portlandpermits.org/apply/bike-locker-rental,https://github.com/ekrolewicz6/portland-civic-labs/blob/23b4670d8d26b9093f6e401bb89d9d6f30d8506d/catalog/forms/transportation/bike-locker-rental.json,none,Parks staff resolve special uses; users conduct events; maintenance/site checks remain.,Unknown; no measured department use,Unknown; no measured department use,0 demonstrated authoritative completions; no City issuing adapter,0 demonstrated authoritative completions,Unknown; no matched outcome cohort,Guidance or supervised comparison only. Staff must verify rules and enter/complete official systems; real sensitive intake requires P0 fixes first.,Unknown; potential clerical benefit offset by duplicate entry,Unknown; field work and official-system work remain,0 via this app alone,0 via this app alone,Unknown; no proven critical-path reduction,Real inventory with atomic reservations; pricing/deposits/refunds; event checklists and asset work orders.,M2;M3,Unknown empirically; conditional budgets M2;M3,Unknown empirically; conditional budgets M2;M3,Unknown case share; see path splits and remaining limits,0 for classes requiring staff inspection/merits decision; otherwise unknown,"Administrative queues/corrections may shrink; required waits, applicant work and physical work remain; no validated percentage",A generic form without a reservation backend does not reserve a venue; eight schemas have incompatible condition shapes.,"P0 security/schema/state/payment correctness; official case/fee/document/notification adapters; durable jobs, recovery and audit; see backlog",No audited per-slug annual count; do not allocate broad official totals to this row,Family-specific models and shared volume sensitivity only; no additive per-form savings,High source wiring; medium workflow-family; low/unmeasured impact,O28,https://www.portland.gov/fire/permits-inspections/public-assembly-permit-requirements,evidence/catalog-verification.json#bike-locker-rental
bike-rack-sidewalk,Bike Rack Installation Request (On-Sidewalk),transportation,permit/license or conditional exemption,Right-of-way construction/use,PBOT,Medium where official family source applies; otherwise catalog attribution only,Site clearance/accessibility and property interface; public installation after acceptance.,Location/space/date -> traffic/access and utility conflict checks -> plans/insurance/bonds -> approvals/fees -> ROW permission -> field setup/work/inspections -> restoration and release,Public form schema/route implemented; original pipeline fixture reaches human_review. Client upload object/string-array validation mismatch reproduced No default discipline assignment; manual triage required,partial,https://www.portlandpermits.org/apply/bike-rack-sidewalk,https://github.com/ekrolewicz6/portland-civic-labs/blob/23b4670d8d26b9093f6e401bb89d9d6f30d8506d/catalog/forms/transportation/bike-rack-sidewalk.json,none,Traffic/civil reviewer and field crews; utility owners and public-safety constraints.,Unknown; no measured department use,Unknown; no measured department use,0 demonstrated authoritative completions; no City issuing adapter,0 demonstrated authoritative completions,Unknown; no matched outcome cohort,Guidance or supervised comparison only. Staff must verify rules and enter/complete official systems; real sensitive intake requires P0 fixes first.,Unknown; potential clerical benefit offset by duplicate entry,Unknown; field work and official-system work remain,0 via this app alone,0 via this app alone,Unknown; no proven critical-path reduction,Live street inventory/conflict calendar; detours/ADA routes; credentials/security; geospatial project graph; inspector and restoration ledger.,M2;M3,Unknown empirically; conditional budgets M2;M3,Unknown empirically; conditional budgets M2;M3,Unknown case share; see path splits and remaining limits,0 for classes requiring staff inspection/merits decision; otherwise unknown,"Administrative queues/corrections may shrink; required waits, applicant work and physical work remain; no validated percentage","Parking-only reservations differ from lane/sidewalk closures, encroachments and excavation.","P0 security/schema/state/payment correctness; official case/fee/document/notification adapters; durable jobs, recovery and audit; see backlog",No audited per-slug annual count; do not allocate broad official totals to this row,Family-specific models and shared volume sensitivity only; no additive per-form savings,High source wiring; medium workflow-family; low/unmeasured impact,O25;O26;O27,https://www.portland.gov/transportation/permitting/temporary-street-use-permitting-tsup;https://www.portland.gov/transportation/permitting/apply-renew-or-change-temporary-street-use-permit;https://www.portland.gov/transportation/permitting/encroachment-permits,evidence/catalog-verification.json#bike-rack-sidewalk
bike-rack-street,Bike Rack Installation Request (On-Street),transportation,permit/license or conditional exemption,Right-of-way construction/use,PBOT,Medium where official family source applies; otherwise catalog attribution only,Curb-space design and traffic approval; capital installation is additional work.,Location/space/date -> traffic/access and utility conflict checks -> plans/insurance/bonds -> approvals/fees -> ROW permission -> field setup/work/inspections -> restoration and release,Public form schema/route implemented; original pipeline fixture reaches human_review. No default discipline assignment; manual triage required,partial,https://www.portlandpermits.org/apply/bike-rack-street,https://github.com/ekrolewicz6/portland-civic-labs/blob/23b4670d8d26b9093f6e401bb89d9d6f30d8506d/catalog/forms/transportation/bike-rack-street.json,none,Traffic/civil reviewer and field crews; utility owners and public-safety constraints.,Unknown; no measured department use,Unknown; no measured department use,0 demonstrated authoritative completions; no City issuing adapter,0 demonstrated authoritative completions,Unknown; no matched outcome cohort,Guidance or supervised comparison only. Staff must verify rules and enter/complete official systems; real sensitive intake requires P0 fixes first.,Unknown; potential clerical benefit offset by duplicate entry,Unknown; field work and official-system work remain,0 via this app alone,0 via this app alone,Unknown; no proven critical-path reduction,Live street inventory/conflict calendar; detours/ADA routes; credentials/security; geospatial project graph; inspector and restoration ledger.,M2;M3,Unknown empirically; conditional budgets M2;M3,Unknown empirically; conditional budgets M2;M3,Unknown case share; see path splits and remaining limits,0 for classes requiring staff inspection/merits decision; otherwise unknown,"Administrative queues/corrections may shrink; required waits, applicant work and physical work remain; no validated percentage","Parking-only reservations differ from lane/sidewalk closures, encroachments and excavation.","P0 security/schema/state/payment correctness; official case/fee/document/notification adapters; durable jobs, recovery and audit; see backlog",No audited per-slug annual count; do not allocate broad official totals to this row,Family-specific models and shared volume sensitivity only; no additive per-form savings,High source wiring; medium workflow-family; low/unmeasured impact,O25;O26;O27,https://www.portland.gov/transportation/permitting/temporary-street-use-permitting-tsup;https://www.portland.gov/transportation/permitting/apply-renew-or-change-temporary-street-use-permit;https://www.portland.gov/transportation/permitting/encroachment-permits,evidence/catalog-verification.json#bike-rack-street
bike-registration,Bicycle Registration,residents,account update/registration,Account updates/registration,Portland Police Bureau,Medium where official family source applies; otherwise catalog attribution only,Confirm registry operator and stolen-bike interface; a local record is not external registration.,Verify identity/authority -> validate requested update -> update authoritative systems -> confirmation and exceptions,Public form schema/route implemented; original pipeline fixture reaches human_review. No default discipline assignment; manual triage required,partial,https://www.portlandpermits.org/apply/bike-registration,https://github.com/ekrolewicz6/portland-civic-labs/blob/23b4670d8d26b9093f6e401bb89d9d6f30d8506d/catalog/forms/residents/bike-registration.json,none,Customer and owner agency; physical service transfer if needed.,Unknown; no measured department use,Unknown; no measured department use,0 demonstrated authoritative completions; no City issuing adapter,0 demonstrated authoritative completions,Unknown; no matched outcome cohort,Guidance or supervised comparison only. Staff must verify rules and enter/complete official systems; real sensitive intake requires P0 fixes first.,Unknown; potential clerical benefit offset by duplicate entry,Unknown; field work and official-system work remain,0 via this app alone,0 via this app alone,Unknown; no proven critical-path reduction,Account/identity matching; consent scope; exact agency API; audit and rollback.,unknown,Unknown empirically; conditional budgets unknown,Unknown empirically; conditional budgets unknown,Unknown case share; see path splits and remaining limits,0 for classes requiring staff inspection/merits decision; otherwise unknown,"Administrative queues/corrections may shrink; required waits, applicant work and physical work remain; no validated percentage",No single citywide address/contractor registry is proven connected; private/state registries may own the record.,"P0 security/schema/state/payment correctness; official case/fee/document/notification adapters; durable jobs, recovery and audit; see backlog",No audited per-slug annual count; do not allocate broad official totals to this row,Family-specific models and shared volume sensitivity only; no additive per-form savings,High source wiring; medium workflow-family; low/unmeasured impact,O44,https://www.portland.gov/revenue,evidence/catalog-verification.json#bike-registration
brownfield-grant,Brownfield Assessment Grant,grants,funding application,Grants,BES,Medium where official family source applies; otherwise catalog attribution only,"Contaminated-site eligibility, owner authorization and environmental assessment funding.",Program intake window -> eligibility -> merits/scoring/budget selection -> award agreement -> disbursement -> evidence/reporting/closeout,Public form schema/route implemented; original pipeline fixture reaches human_review. Client upload object/string-array validation mismatch reproduced No default discipline assignment; manual triage required,partial,https://www.portlandpermits.org/apply/brownfield-grant,https://github.com/ekrolewicz6/portland-civic-labs/blob/23b4670d8d26b9093f6e401bb89d9d6f30d8506d/catalog/forms/grants/brownfield-grant.json,none,"Program panel and funder decisions; recipient work, inspections/audit as required.",Unknown; no measured department use,Unknown; no measured department use,0 demonstrated authoritative completions; no City issuing adapter,0 demonstrated authoritative completions,Unknown; no matched outcome cohort,Guidance or supervised comparison only. Staff must verify rules and enter/complete official systems; real sensitive intake requires P0 fixes first.,Unknown; potential clerical benefit offset by duplicate entry,Unknown; field work and official-system work remain,0 via this app alone,0 via this app alone,Unknown; no proven critical-path reduction,"Program-specific application/scoring support, budget encumbrance, agreements, reporting and finance adapter.",unknown,Unknown empirically; conditional budgets unknown,Unknown empirically; conditional budgets unknown,Unknown case share; see path splits and remaining limits,0 for classes requiring staff inspection/merits decision; otherwise unknown,"Administrative queues/corrections may shrink; required waits, applicant work and physical work remain; no validated percentage",Funding availability and selection are not code-compliance permit decisions; current program intake status unverified.,"P0 security/schema/state/payment correctness; official case/fee/document/notification adapters; durable jobs, recovery and audit; see backlog",No audited per-slug annual count; do not allocate broad official totals to this row,Family-specific models and shared volume sensitivity only; no additive per-form savings,High source wiring; medium workflow-family; low/unmeasured impact,O46,https://www.portland.gov/bes/grants-incentives,evidence/catalog-verification.json#brownfield-grant
business-license-temp,Temporary Business License,businesses,permit/license or conditional exemption,Business/regulatory licenses,Revenue Division,Medium where official family source applies; otherwise catalog attribution only,Verify the existence and legal scope of this generic temporary-license product before accepting fees.,Identify licensing authority and scope -> identity/site/credential/background or safety checks -> external recommendations -> fee/license -> renewals/enforcement,Public form schema/route implemented; original pipeline fixture reaches human_review. Client upload object/string-array validation mismatch reproduced No default discipline assignment; manual triage required,partial,https://www.portlandpermits.org/apply/business-license-temp,https://github.com/ekrolewicz6/portland-civic-labs/blob/23b4670d8d26b9093f6e401bb89d9d6f30d8506d/catalog/forms/businesses/business-license-temp.json,none,Regulator and external agencies determine eligibility; inspections/hearings depend on license.,Unknown; no measured department use,Unknown; no measured department use,0 demonstrated authoritative completions; no City issuing adapter,0 demonstrated authoritative completions,Unknown; no matched outcome cohort,Guidance or supervised comparison only. Staff must verify rules and enter/complete official systems; real sensitive intake requires P0 fixes first.,Unknown; potential clerical benefit offset by duplicate entry,Unknown; field work and official-system work remain,0 via this app alone,0 via this app alone,Unknown; no proven critical-path reduction,Per-license rule packs; license/background registries; renewal events and agency handoffs.,unknown,Unknown empirically; conditional budgets unknown,Unknown empirically; conditional budgets unknown,Unknown case share; see path splits and remaining limits,0 for classes requiring staff inspection/merits decision; otherwise unknown,"Administrative queues/corrections may shrink; required waits, applicant work and physical work remain; no validated percentage","Catalog labels are not evidence of City authority; OLCC, county and state permissions remain separate.","P0 security/schema/state/payment correctness; official case/fee/document/notification adapters; durable jobs, recovery and audit; see backlog",No audited per-slug annual count; do not allocate broad official totals to this row,Family-specific models and shared volume sensitivity only; no additive per-form savings,High source wiring; medium workflow-family; low/unmeasured impact,O40;O42;O43,https://multco.us/services/food-cart-license;https://www.portland.gov/ppd/cannabis;https://www.oregon.gov/olcc/marijuana/Pages/default.aspx,evidence/catalog-verification.json#business-license-temp
business-tax-registration,Portland Business Tax Registration,businesses,tax/account transaction,Tax filings/accounts,Portland Revenue Division for applicable City/County/Metro program; verify tax-year scope,Medium where official family source applies; otherwise catalog attribution only,"Overlaps tax-account-registration; map city/county/Metro obligations, not a general license to operate.",Identify tax/account/period -> calculate or collect return -> validate schedules -> authorized filing/payment -> ledger/reconciliation -> amendments/refunds/audit,Public form schema/route implemented; original pipeline fixture reaches human_review. No default discipline assignment; manual triage required,partial,https://www.portlandpermits.org/apply/business-tax-registration,https://github.com/ekrolewicz6/portland-civic-labs/blob/23b4670d8d26b9093f6e401bb89d9d6f30d8506d/catalog/forms/businesses/business-tax-registration.json,none,"Taxpayer supplies truthful records; authority resolves audits, discretionary relief and contested assessments.",Unknown; no measured department use,Unknown; no measured department use,0 demonstrated authoritative completions; no City issuing adapter,0 demonstrated authoritative completions,Unknown; no matched outcome cohort,Guidance or supervised comparison only. Staff must verify rules and enter/complete official systems; real sensitive intake requires P0 fixes first.,Unknown; potential clerical benefit offset by duplicate entry,Unknown; field work and official-system work remain,0 via this app alone,0 via this app alone,Unknown; no proven critical-path reduction,Tax-year rule engine; official account/filing API; exact rates and thresholds; signed declarations and payment ledger.,unknown,Unknown empirically; conditional budgets unknown,Unknown empirically; conditional budgets unknown,Unknown case share; see path splits and remaining limits,0 for classes requiring staff inspection/merits decision; otherwise unknown,"Administrative queues/corrections may shrink; required waits, applicant work and physical work remain; no validated percentage",A local application record is not a filed return or remitted tax; current-year coverage is unaudited.,"P0 security/schema/state/payment correctness; official case/fee/document/notification adapters; durable jobs, recovery and audit; see backlog",No audited per-slug annual count; do not allocate broad official totals to this row,Family-specific models and shared volume sensitivity only; no additive per-form savings,High source wiring; medium workflow-family; low/unmeasured impact,O44,https://www.portland.gov/revenue,evidence/catalog-verification.json#business-tax-registration
business-tax-return-corp,Portland Business Tax Return - Corporation,business-filings,tax/account transaction,Tax filings/accounts,Portland Revenue Division for applicable City/County/Metro program; verify tax-year scope,Medium where official family source applies; otherwise catalog attribution only,"Corporate entity return; period, apportionment, deductions and schedules need a tax-year rule pack.",Identify tax/account/period -> calculate or collect return -> validate schedules -> authorized filing/payment -> ledger/reconciliation -> amendments/refunds/audit,Public form schema/route implemented; original pipeline fixture reaches human_review. No default discipline assignment; manual triage required,partial,https://www.portlandpermits.org/apply/business-tax-return-corp,https://github.com/ekrolewicz6/portland-civic-labs/blob/23b4670d8d26b9093f6e401bb89d9d6f30d8506d/catalog/forms/business-filings/business-tax-return-corp.json,none,"Taxpayer supplies truthful records; authority resolves audits, discretionary relief and contested assessments.",Unknown; no measured department use,Unknown; no measured department use,0 demonstrated authoritative completions; no City issuing adapter,0 demonstrated authoritative completions,Unknown; no matched outcome cohort,Guidance or supervised comparison only. Staff must verify rules and enter/complete official systems; real sensitive intake requires P0 fixes first.,Unknown; potential clerical benefit offset by duplicate entry,Unknown; field work and official-system work remain,0 via this app alone,0 via this app alone,Unknown; no proven critical-path reduction,Tax-year rule engine; official account/filing API; exact rates and thresholds; signed declarations and payment ledger.,unknown,Unknown empirically; conditional budgets unknown,Unknown empirically; conditional budgets unknown,Unknown case share; see path splits and remaining limits,0 for classes requiring staff inspection/merits decision; otherwise unknown,"Administrative queues/corrections may shrink; required waits, applicant work and physical work remain; no validated percentage",A local application record is not a filed return or remitted tax; current-year coverage is unaudited.,"P0 security/schema/state/payment correctness; official case/fee/document/notification adapters; durable jobs, recovery and audit; see backlog",No audited per-slug annual count; do not allocate broad official totals to this row,Family-specific models and shared volume sensitivity only; no additive per-form savings,High source wiring; medium workflow-family; low/unmeasured impact,O44,https://www.portland.gov/revenue,evidence/catalog-verification.json#business-tax-return-corp
business-tax-return-partnership,Portland Business Tax Return - Partnership,business-filings,tax/account transaction,Tax filings/accounts,Portland Revenue Division for applicable City/County/Metro program; verify tax-year scope,Medium where official family source applies; otherwise catalog attribution only,Partnership entity/allocation rules are distinct from corporate and individual returns.,Identify tax/account/period -> calculate or collect return -> validate schedules -> authorized filing/payment -> ledger/reconciliation -> amendments/refunds/audit,Public form schema/route implemented; original pipeline fixture reaches human_review. No default discipline assignment; manual triage required,partial,https://www.portlandpermits.org/apply/business-tax-return-partnership,https://github.com/ekrolewicz6/portland-civic-labs/blob/23b4670d8d26b9093f6e401bb89d9d6f30d8506d/catalog/forms/business-filings/business-tax-return-partnership.json,none,"Taxpayer supplies truthful records; authority resolves audits, discretionary relief and contested assessments.",Unknown; no measured department use,Unknown; no measured department use,0 demonstrated authoritative completions; no City issuing adapter,0 demonstrated authoritative completions,Unknown; no matched outcome cohort,Guidance or supervised comparison only. Staff must verify rules and enter/complete official systems; real sensitive intake requires P0 fixes first.,Unknown; potential clerical benefit offset by duplicate entry,Unknown; field work and official-system work remain,0 via this app alone,0 via this app alone,Unknown; no proven critical-path reduction,Tax-year rule engine; official account/filing API; exact rates and thresholds; signed declarations and payment ledger.,unknown,Unknown empirically; conditional budgets unknown,Unknown empirically; conditional budgets unknown,Unknown case share; see path splits and remaining limits,0 for classes requiring staff inspection/merits decision; otherwise unknown,"Administrative queues/corrections may shrink; required waits, applicant work and physical work remain; no validated percentage",A local application record is not a filed return or remitted tax; current-year coverage is unaudited.,"P0 security/schema/state/payment correctness; official case/fee/document/notification adapters; durable jobs, recovery and audit; see backlog",No audited per-slug annual count; do not allocate broad official totals to this row,Family-specific models and shared volume sensitivity only; no additive per-form savings,High source wiring; medium workflow-family; low/unmeasured impact,O44,https://www.portland.gov/revenue,evidence/catalog-verification.json#business-tax-return-partnership
business-tax-return-sole-prop,Portland Business Tax Return - Sole Proprietor,business-filings,tax/account transaction,Tax filings/accounts,Portland Revenue Division for applicable City/County/Metro program; verify tax-year scope,Medium where official family source applies; otherwise catalog attribution only,Sole proprietor income/apportionment; verify applicable exemptions and filing obligations.,Identify tax/account/period -> calculate or collect return -> validate schedules -> authorized filing/payment -> ledger/reconciliation -> amendments/refunds/audit,Public form schema/route implemented; original pipeline fixture reaches human_review. No default discipline assignment; manual triage required,partial,https://www.portlandpermits.org/apply/business-tax-return-sole-prop,https://github.com/ekrolewicz6/portland-civic-labs/blob/23b4670d8d26b9093f6e401bb89d9d6f30d8506d/catalog/forms/business-filings/business-tax-return-sole-prop.json,none,"Taxpayer supplies truthful records; authority resolves audits, discretionary relief and contested assessments.",Unknown; no measured department use,Unknown; no measured department use,0 demonstrated authoritative completions; no City issuing adapter,0 demonstrated authoritative completions,Unknown; no matched outcome cohort,Guidance or supervised comparison only. Staff must verify rules and enter/complete official systems; real sensitive intake requires P0 fixes first.,Unknown; potential clerical benefit offset by duplicate entry,Unknown; field work and official-system work remain,0 via this app alone,0 via this app alone,Unknown; no proven critical-path reduction,Tax-year rule engine; official account/filing API; exact rates and thresholds; signed declarations and payment ledger.,unknown,Unknown empirically; conditional budgets unknown,Unknown empirically; conditional budgets unknown,Unknown case share; see path splits and remaining limits,0 for classes requiring staff inspection/merits decision; otherwise unknown,"Administrative queues/corrections may shrink; required waits, applicant work and physical work remain; no validated percentage",A local application record is not a filed return or remitted tax; current-year coverage is unaudited.,"P0 security/schema/state/payment correctness; official case/fee/document/notification adapters; durable jobs, recovery and audit; see backlog",No audited per-slug annual count; do not allocate broad official totals to this row,Family-specific models and shared volume sensitivity only; no additive per-form savings,High source wiring; medium workflow-family; low/unmeasured impact,O44,https://www.portland.gov/revenue,evidence/catalog-verification.json#business-tax-return-sole-prop
campsite-report,Unsanctioned Campsite Report,reports,report/field service,Reports/field service,Office of Community & Civic Life,Medium where official family source applies; otherwise catalog attribution only,"Dispatch and response policy, outreach and field conditions; report closure is not housing placement.",Receive location/evidence -> triage/jurisdiction/duplicate check -> dispatch -> investigation/physical work -> verify/close and notify,Public form schema/route implemented; original pipeline fixture reaches human_review. Client upload object/string-array validation mismatch reproduced No default discipline assignment; manual triage required,partial,https://www.portlandpermits.org/apply/campsite-report,https://github.com/ekrolewicz6/portland-civic-labs/blob/23b4670d8d26b9093f6e401bb89d9d6f30d8506d/catalog/forms/reports/campsite-report.json,none,"Investigators, responders or maintenance crews perform and verify the work.",Unknown; no measured department use,Unknown; no measured department use,0 demonstrated authoritative completions; no City issuing adapter,0 demonstrated authoritative completions,Unknown; no matched outcome cohort,Guidance or supervised comparison only. Staff must verify rules and enter/complete official systems; real sensitive intake requires P0 fixes first.,Unknown; potential clerical benefit offset by duplicate entry,Unknown; field work and official-system work remain,0 via this app alone,0 via this app alone,Unknown; no proven critical-path reduction,"311/work-order integrations; asset and incident IDs; prioritization, duplicate matching and SLA/escalation.",unknown,Unknown empirically; conditional budgets unknown,Unknown empirically; conditional budgets unknown,Unknown case share; see path splits and remaining limits,0 for classes requiring staff inspection/merits decision; otherwise unknown,"Administrative queues/corrections may shrink; required waits, applicant work and physical work remain; no validated percentage","No outage, pothole or complaint is resolved merely because its form has been submitted.","P0 security/schema/state/payment correctness; official case/fee/document/notification adapters; durable jobs, recovery and audit; see backlog",No audited per-slug annual count; do not allocate broad official totals to this row,Family-specific models and shared volume sensitivity only; no additive per-form savings,High source wiring; medium workflow-family; low/unmeasured impact,O02,https://www.portland.gov/ppd/submit-and-pay-application-permit-type,evidence/catalog-verification.json#campsite-report
cannabis-business-registration,Cannabis Business Registration,businesses,permit/license or conditional exemption,Business/regulatory licenses,Portland PP&D regulatory license + OLCC/state authorization,Medium where official family source applies; otherwise catalog attribution only,Overlaps city cannabis licensing; city license and OLCC authorization are separate.,Identify licensing authority and scope -> identity/site/credential/background or safety checks -> external recommendations -> fee/license -> renewals/enforcement,Public form schema/route implemented; original pipeline fixture reaches human_review. Client upload object/string-array validation mismatch reproduced No default discipline assignment; manual triage required,partial,https://www.portlandpermits.org/apply/cannabis-business-registration,https://github.com/ekrolewicz6/portland-civic-labs/blob/23b4670d8d26b9093f6e401bb89d9d6f30d8506d/catalog/forms/businesses/cannabis-business-registration.json,none,Regulator and external agencies determine eligibility; inspections/hearings depend on license.,Unknown; no measured department use,Unknown; no measured department use,0 demonstrated authoritative completions; no City issuing adapter,0 demonstrated authoritative completions,Unknown; no matched outcome cohort,Guidance or supervised comparison only. Staff must verify rules and enter/complete official systems; real sensitive intake requires P0 fixes first.,Unknown; potential clerical benefit offset by duplicate entry,Unknown; field work and official-system work remain,0 via this app alone,0 via this app alone,Unknown; no proven critical-path reduction,Per-license rule packs; license/background registries; renewal events and agency handoffs.,unknown,Unknown empirically; conditional budgets unknown,Unknown empirically; conditional budgets unknown,Unknown case share; see path splits and remaining limits,0 for classes requiring staff inspection/merits decision; otherwise unknown,"Administrative queues/corrections may shrink; required waits, applicant work and physical work remain; no validated percentage","Catalog labels are not evidence of City authority; OLCC, county and state permissions remain separate.","P0 security/schema/state/payment correctness; official case/fee/document/notification adapters; durable jobs, recovery and audit; see backlog",No audited per-slug annual count; do not allocate broad official totals to this row,Family-specific models and shared volume sensitivity only; no additive per-form savings,High source wiring; medium workflow-family; low/unmeasured impact,O40;O42;O43,https://multco.us/services/food-cart-license;https://www.portland.gov/ppd/cannabis;https://www.oregon.gov/olcc/marijuana/Pages/default.aspx,evidence/catalog-verification.json#cannabis-business-registration
cannabis-license,Cannabis Retailer License Application,licenses,permit/license or conditional exemption,Business/regulatory licenses,Portland PP&D regulatory license + OLCC/state authorization,Medium where official family source applies; otherwise catalog attribution only,"Retail scope, local regulatory license and state license; no current eligibility verification adapter.",Identify licensing authority and scope -> identity/site/credential/background or safety checks -> external recommendations -> fee/license -> renewals/enforcement,Public form schema/route implemented; original pipeline fixture reaches human_review. Client upload object/string-array validation mismatch reproduced No default discipline assignment; manual triage required,partial,https://www.portlandpermits.org/apply/cannabis-license,https://github.com/ekrolewicz6/portland-civic-labs/blob/23b4670d8d26b9093f6e401bb89d9d6f30d8506d/catalog/forms/licenses/cannabis-license.json,none,Regulator and external agencies determine eligibility; inspections/hearings depend on license.,Unknown; no measured department use,Unknown; no measured department use,0 demonstrated authoritative completions; no City issuing adapter,0 demonstrated authoritative completions,Unknown; no matched outcome cohort,Guidance or supervised comparison only. Staff must verify rules and enter/complete official systems; real sensitive intake requires P0 fixes first.,Unknown; potential clerical benefit offset by duplicate entry,Unknown; field work and official-system work remain,0 via this app alone,0 via this app alone,Unknown; no proven critical-path reduction,Per-license rule packs; license/background registries; renewal events and agency handoffs.,unknown,Unknown empirically; conditional budgets unknown,Unknown empirically; conditional budgets unknown,Unknown case share; see path splits and remaining limits,0 for classes requiring staff inspection/merits decision; otherwise unknown,"Administrative queues/corrections may shrink; required waits, applicant work and physical work remain; no validated percentage","Catalog labels are not evidence of City authority; OLCC, county and state permissions remain separate.","P0 security/schema/state/payment correctness; official case/fee/document/notification adapters; durable jobs, recovery and audit; see backlog",No audited per-slug annual count; do not allocate broad official totals to this row,Family-specific models and shared volume sensitivity only; no additive per-form savings,High source wiring; medium workflow-family; low/unmeasured impact,O40;O42;O43,https://multco.us/services/food-cart-license;https://www.portland.gov/ppd/cannabis;https://www.oregon.gov/olcc/marijuana/Pages/default.aspx,evidence/catalog-verification.json#cannabis-license
ceremonial-bonfire-permit,Ceremonial / Recreational Bonfire Permit,permits,permit/license or conditional exemption,Fire operations,Portland Fire & Rescue,Medium where official family source applies; otherwise catalog attribution only,"Site, fuel, burn restrictions and supervision; real-time fire conditions matter.",Activity/hazard classification -> layout/equipment/safety plan -> fire review and required site inspection -> fee/permission -> monitored event/operation -> renewal or closeout,Public form schema/route implemented; original pipeline fixture reaches human_review. Client upload object/string-array validation mismatch reproduced No default discipline assignment; manual triage required,partial,https://www.portlandpermits.org/apply/ceremonial-bonfire-permit,https://github.com/ekrolewicz6/portland-civic-labs/blob/23b4670d8d26b9093f6e401bb89d9d6f30d8506d/catalog/forms/permits/ceremonial-bonfire-permit.json,none,"Fire officer judgment, safe operation, trained personnel and site checks remain.",Unknown; no measured department use,Unknown; no measured department use,0 demonstrated authoritative completions; no City issuing adapter,0 demonstrated authoritative completions,Unknown; no matched outcome cohort,Guidance or supervised comparison only. Staff must verify rules and enter/complete official systems; real sensitive intake requires P0 fixes first.,Unknown; potential clerical benefit offset by duplicate entry,Unknown; field work and official-system work remain,0 via this app alone,0 via this app alone,Unknown; no proven critical-path reduction,"Hazard-specific checklists, capacity and separation rules, credential validation, inspection calendar, event/renewal records.",M3,Unknown empirically; conditional budgets M3,Unknown empirically; conditional budgets M3,Unknown case share; see path splits and remaining limits,0 for classes requiring staff inspection/merits decision; otherwise unknown,"Administrative queues/corrections may shrink; required waits, applicant work and physical work remain; no validated percentage","One general fire form is not a universal approval criterion for propane, hot work, lasers or pyrotechnics.","P0 security/schema/state/payment correctness; official case/fee/document/notification adapters; durable jobs, recovery and audit; see backlog",No audited per-slug annual count; do not allocate broad official totals to this row,Family-specific models and shared volume sensitivity only; no additive per-form savings,High source wiring; medium workflow-family; low/unmeasured impact,O28;O29,https://www.portland.gov/fire/permits-inspections/public-assembly-permit-requirements;https://www.portland.gov/fire/permits-inspections/documents/30008an-annual-permit-public-special-events-0/download,evidence/catalog-verification.json#ceremonial-bonfire-permit
change-of-use-permit,Change of Use / Occupancy Permit,permits,permit/license or conditional exemption,Commercial construction,PP&D,Medium where official family source applies; otherwise catalog attribution only,"Occupancy classification and load changes can trigger accessibility, fire, seismic and site requirements.",Occupancy/use classification -> plans and site analysis -> structural/life safety/fire/zoning/infrastructure review -> corrections -> preissuance and trade permits -> inspections/special tests -> certificate of occupancy when required,Public form schema/route implemented; original pipeline fixture reaches human_review. Client upload object/string-array validation mismatch reproduced No default discipline assignment; manual triage required,partial,https://www.portlandpermits.org/apply/change-of-use-permit,https://github.com/ekrolewicz6/portland-civic-labs/blob/23b4670d8d26b9093f6e401bb89d9d6f30d8506d/catalog/forms/permits/change-of-use-permit.json,none,"Design professionals, reviewers, fire/site teams and inspectors remain; land-use or infrastructure approvals may gate issuance.",Unknown; no measured department use,Unknown; no measured department use,0 demonstrated authoritative completions; no City issuing adapter,0 demonstrated authoritative completions,Unknown; no matched outcome cohort,Guidance or supervised comparison only. Staff must verify rules and enter/complete official systems; real sensitive intake requires P0 fixes first.,Unknown; potential clerical benefit offset by duplicate entry,Unknown; field work and official-system work remain,0 via this app alone,0 via this app alone,Unknown; no proven critical-path reduction,Versioned BIM/structured plan data; occupancy/egress/accessibility/energy checks; rated assemblies; calculations; dependency and condition tracking.,M3;M4,Unknown empirically; conditional budgets M3;M4,Unknown empirically; conditional budgets M3;M4,Unknown case share; see path splits and remaining limits,0 for classes requiring staff inspection/merits decision; otherwise unknown,"Administrative queues/corrections may shrink; required waits, applicant work and physical work remain; no validated percentage","TI cosmetic work, change of occupancy and new/multifamily projects have materially different requirements.","P0 security/schema/state/payment correctness; official case/fee/document/notification adapters; durable jobs, recovery and audit; see backlog",No audited per-slug annual count; do not allocate broad official totals to this row,Family-specific models and shared volume sensitivity only; no additive per-form savings,High source wiring; medium workflow-family; low/unmeasured impact,O02;O09;O11;O14,https://www.portland.gov/ppd/submit-and-pay-application-permit-type;https://www.portland.gov/ppd/commercial-permitting/commercial-requirements;https://www.oregon.gov/bcd/codes-stand/Pages/ossc-adoption.aspx;https://www.portland.gov/permitimprovement/code-alignment-project,evidence/catalog-verification.json#change-of-use-permit
chemical-treatment-permit,Tree Chemical Treatment Permit,permits,permit/license or conditional exemption,Tree work,Portland PP&D tree permitting; associated bureaus/land-use authority as applicable,Medium where official family source applies; otherwise catalog attribution only,"Tree location/ownership, chemical scope and qualified applicator; environmental restrictions.",Ownership/street/private/heritage/development classification -> species/size/site -> exempt/Type A/Type B/special route -> inspection/notice/replanting conditions -> decision -> work -> replanting/compliance closeout,Public form schema/route implemented; original pipeline fixture reaches human_review. Client upload object/string-array validation mismatch reproduced No default discipline assignment; manual triage required,partial,https://www.portlandpermits.org/apply/chemical-treatment-permit,https://github.com/ekrolewicz6/portland-civic-labs/blob/23b4670d8d26b9093f6e401bb89d9d6f30d8506d/catalog/forms/permits/chemical-treatment-permit.json,none,"Arborist/site assessment, discretion and public process depend on path; physical work/replanting remain.",Unknown; no measured department use,Unknown; no measured department use,0 demonstrated authoritative completions; no City issuing adapter,0 demonstrated authoritative completions,Unknown; no matched outcome cohort,Guidance or supervised comparison only. Staff must verify rules and enter/complete official systems; real sensitive intake requires P0 fixes first.,Unknown; potential clerical benefit offset by duplicate entry,Unknown; field work and official-system work remain,0 via this app alone,0 via this app alone,Unknown; no proven critical-path reduction,"Tree inventory, species/DBH and location evidence; hazard/photo review; adopted Title 11 criteria; notices, replacement and mitigation ledger.",M2;M3;M4,Unknown empirically; conditional budgets M2;M3;M4,Unknown empirically; conditional budgets M2;M3;M4,Unknown case share; see path splits and remaining limits,0 for classes requiring staff inspection/merits decision; otherwise unknown,"Administrative queues/corrections may shrink; required waits, applicant work and physical work remain; no validated percentage","Pruning exemptions and routine pruning differ from removal, heritage work and waivers.","P0 security/schema/state/payment correctness; official case/fee/document/notification adapters; durable jobs, recovery and audit; see backlog",No audited per-slug annual count; do not allocate broad official totals to this row,Family-specific models and shared volume sensitivity only; no additive per-form savings,High source wiring; medium workflow-family; low/unmeasured impact,O21;O22;O23;O24,https://www.portland.gov/ppd/tree-permits/do-i-need-tree-permit;https://www.portland.gov/code/11/40;https://www.portland.gov/ppd/tree-permits/removal-and-replanting-permits/do-i-need-permit-remove-trees-private-property;https://www.portland.gov/trees/treepermits/documents/street-tree-permit-application-non-removal/download,evidence/catalog-verification.json#chemical-treatment-permit
city-claim,Claim Against the City of Portland,claims,appeal/claim/variance,Appeals/claims,City Attorney,Medium where official family source applies; otherwise catalog attribution only,"Risk Management/counsel, evidence, liability and settlement authority; not an automatic payout.",Identify decision/standing/deadline -> admissibility and record -> response/hearing/investigation -> independent decision -> remedy/payment/compliance,Public form schema/route implemented; original pipeline fixture reaches human_review. Client upload object/string-array validation mismatch reproduced No default discipline assignment; manual triage required,partial,https://www.portlandpermits.org/apply/city-claim,https://github.com/ekrolewicz6/portland-civic-labs/blob/23b4670d8d26b9093f6e401bb89d9d6f30d8506d/catalog/forms/claims/city-claim.json,none,"Decision-maker, claimant and other parties; hearings, evidence and legal judgment remain.",Unknown; no measured department use,Unknown; no measured department use,0 demonstrated authoritative completions; no City issuing adapter,0 demonstrated authoritative completions,Unknown; no matched outcome cohort,Guidance or supervised comparison only. Staff must verify rules and enter/complete official systems; real sensitive intake requires P0 fixes first.,Unknown; potential clerical benefit offset by duplicate entry,Unknown; field work and official-system work remain,0 via this app alone,0 via this app alone,Unknown; no proven critical-path reduction,Deadline/fee/record assembly; status and scheduling; conflict-free assignments and outcome accounting.,M4,Unknown empirically; conditional budgets M4,Unknown empirically; conditional budgets M4,Unknown case share; see path splits and remaining limits,0 for classes requiring staff inspection/merits decision; otherwise unknown,"Administrative queues/corrections may shrink; required waits, applicant work and physical work remain; no validated percentage",Automating intake cannot automate discretionary or contested merits under unchanged policy.,"P0 security/schema/state/payment correctness; official case/fee/document/notification adapters; durable jobs, recovery and audit; see backlog",No audited per-slug annual count; do not allocate broad official totals to this row,Family-specific models and shared volume sensitivity only; no additive per-form savings,High source wiring; medium workflow-family; low/unmeasured impact,O17;O18,https://www.portland.gov/bds/article/204690;https://www.portland.gov/bds/documents/type-ii-land-use-review-procedure/download,evidence/catalog-verification.json#city-claim
clean-energy-incentive,PCEF Clean Energy Services — Community Partner Referral,rebates,rebate/benefit/exemption,Rebates/assistance,PCEF,Medium where official family source applies; otherwise catalog attribution only,"PCEF community-partner referral, not a guaranteed individual rebate or grant award.",Eligibility/account -> proof of qualifying purchase/work/income -> validation -> credit/payment/exemption -> audit/recapture/renewal,Public form schema/route implemented; original pipeline fixture reaches human_review. No default discipline assignment; manual triage required,partial,https://www.portlandpermits.org/apply/clean-energy-incentive,https://github.com/ekrolewicz6/portland-civic-labs/blob/23b4670d8d26b9093f6e401bb89d9d6f30d8506d/catalog/forms/rebates/clean-energy-incentive.json,none,Applicant purchases/installs or provides financial evidence; program staff handle exceptions.,Unknown; no measured department use,Unknown; no measured department use,0 demonstrated authoritative completions; no City issuing adapter,0 demonstrated authoritative completions,Unknown; no matched outcome cohort,Guidance or supervised comparison only. Staff must verify rules and enter/complete official systems; real sensitive intake requires P0 fixes first.,Unknown; potential clerical benefit offset by duplicate entry,Unknown; field work and official-system work remain,0 via this app alone,0 via this app alone,Unknown; no proven critical-path reduction,Utility account/benefits integration; receipt/model validation; budget and credit ledger; recapture obligations.,M2,Unknown empirically; conditional budgets M2,Unknown empirically; conditional budgets M2,Unknown case share; see path splits and remaining limits,0 for classes requiring staff inspection/merits decision; otherwise unknown,"Administrative queues/corrections may shrink; required waits, applicant work and physical work remain; no validated percentage",Some incentives require physical work; SDC exemptions have continuing conditions; current eligibility needs a program-specific audit.,"P0 security/schema/state/payment correctness; official case/fee/document/notification adapters; durable jobs, recovery and audit; see backlog",No audited per-slug annual count; do not allocate broad official totals to this row,Family-specific models and shared volume sensitivity only; no additive per-form savings,High source wiring; medium workflow-family; low/unmeasured impact,O16;O45;O46,https://www.portland.gov/ppd/current-fee-schedules/housing-sdc-exemption;https://www.portland.gov/bes/grants-incentives/clean-river-rewards;https://www.portland.gov/bes/grants-incentives,evidence/catalog-verification.json#clean-energy-incentive
clean-river-rewards,Clean River Rewards — Stormwater Discount Registration,water-sewer,rebate/benefit/exemption,Rebates/assistance,BES,Medium where official family source applies; otherwise catalog attribution only,Overlaps stormwater-discount; utility-account discount after program validation.,Eligibility/account -> proof of qualifying purchase/work/income -> validation -> credit/payment/exemption -> audit/recapture/renewal,Public form schema/route implemented; original pipeline fixture reaches human_review. Client upload object/string-array validation mismatch reproduced No default discipline assignment; manual triage required,partial,https://www.portlandpermits.org/apply/clean-river-rewards,https://github.com/ekrolewicz6/portland-civic-labs/blob/23b4670d8d26b9093f6e401bb89d9d6f30d8506d/catalog/forms/water-sewer/clean-river-rewards.json,none,Applicant purchases/installs or provides financial evidence; program staff handle exceptions.,Unknown; no measured department use,Unknown; no measured department use,0 demonstrated authoritative completions; no City issuing adapter,0 demonstrated authoritative completions,Unknown; no matched outcome cohort,Guidance or supervised comparison only. Staff must verify rules and enter/complete official systems; real sensitive intake requires P0 fixes first.,Unknown; potential clerical benefit offset by duplicate entry,Unknown; field work and official-system work remain,0 via this app alone,0 via this app alone,Unknown; no proven critical-path reduction,Utility account/benefits integration; receipt/model validation; budget and credit ledger; recapture obligations.,M2,Unknown empirically; conditional budgets M2,Unknown empirically; conditional budgets M2,Unknown case share; see path splits and remaining limits,0 for classes requiring staff inspection/merits decision; otherwise unknown,"Administrative queues/corrections may shrink; required waits, applicant work and physical work remain; no validated percentage",Some incentives require physical work; SDC exemptions have continuing conditions; current eligibility needs a program-specific audit.,"P0 security/schema/state/payment correctness; official case/fee/document/notification adapters; durable jobs, recovery and audit; see backlog",No audited per-slug annual count; do not allocate broad official totals to this row,Family-specific models and shared volume sensitivity only; no additive per-form savings,High source wiring; medium workflow-family; low/unmeasured impact,O16;O45;O46,https://www.portland.gov/ppd/current-fee-schedules/housing-sdc-exemption;https://www.portland.gov/bes/grants-incentives/clean-river-rewards;https://www.portland.gov/bes/grants-incentives,evidence/catalog-verification.json#clean-river-rewards
close-business-account,Close Business Tax Account,business-filings,tax/account transaction,Tax filings/accounts,Portland Revenue Division for applicable City/County/Metro program; verify tax-year scope,Medium where official family source applies; otherwise catalog attribution only,Revenue account closure does not dissolve a state-registered entity or erase liabilities.,Identify tax/account/period -> calculate or collect return -> validate schedules -> authorized filing/payment -> ledger/reconciliation -> amendments/refunds/audit,Public form schema/route implemented; original pipeline fixture reaches human_review. No default discipline assignment; manual triage required,partial,https://www.portlandpermits.org/apply/close-business-account,https://github.com/ekrolewicz6/portland-civic-labs/blob/23b4670d8d26b9093f6e401bb89d9d6f30d8506d/catalog/forms/business-filings/close-business-account.json,none,"Taxpayer supplies truthful records; authority resolves audits, discretionary relief and contested assessments.",Unknown; no measured department use,Unknown; no measured department use,0 demonstrated authoritative completions; no City issuing adapter,0 demonstrated authoritative completions,Unknown; no matched outcome cohort,Guidance or supervised comparison only. Staff must verify rules and enter/complete official systems; real sensitive intake requires P0 fixes first.,Unknown; potential clerical benefit offset by duplicate entry,Unknown; field work and official-system work remain,0 via this app alone,0 via this app alone,Unknown; no proven critical-path reduction,Tax-year rule engine; official account/filing API; exact rates and thresholds; signed declarations and payment ledger.,unknown,Unknown empirically; conditional budgets unknown,Unknown empirically; conditional budgets unknown,Unknown case share; see path splits and remaining limits,0 for classes requiring staff inspection/merits decision; otherwise unknown,"Administrative queues/corrections may shrink; required waits, applicant work and physical work remain; no validated percentage",A local application record is not a filed return or remitted tax; current-year coverage is unaudited.,"P0 security/schema/state/payment correctness; official case/fee/document/notification adapters; durable jobs, recovery and audit; see backlog",No audited per-slug annual count; do not allocate broad official totals to this row,Family-specific models and shared volume sensitivity only; no additive per-form savings,High source wiring; medium workflow-family; low/unmeasured impact,O44,https://www.portland.gov/revenue,evidence/catalog-verification.json#close-business-account
code-enforcement-report,Code Enforcement Complaint,reports,report/field service,Reports/field service,PP&D Code Compliance,Medium where official family source applies; otherwise catalog attribution only,"Violation triage/investigation, notice, enforcement and compliance verification.",Receive location/evidence -> triage/jurisdiction/duplicate check -> dispatch -> investigation/physical work -> verify/close and notify,Public form schema/route implemented; original pipeline fixture reaches human_review. Client upload object/string-array validation mismatch reproduced No default discipline assignment; manual triage required,partial,https://www.portlandpermits.org/apply/code-enforcement-report,https://github.com/ekrolewicz6/portland-civic-labs/blob/23b4670d8d26b9093f6e401bb89d9d6f30d8506d/catalog/forms/reports/code-enforcement-report.json,none,"Investigators, responders or maintenance crews perform and verify the work.",Unknown; no measured department use,Unknown; no measured department use,0 demonstrated authoritative completions; no City issuing adapter,0 demonstrated authoritative completions,Unknown; no matched outcome cohort,Guidance or supervised comparison only. Staff must verify rules and enter/complete official systems; real sensitive intake requires P0 fixes first.,Unknown; potential clerical benefit offset by duplicate entry,Unknown; field work and official-system work remain,0 via this app alone,0 via this app alone,Unknown; no proven critical-path reduction,"311/work-order integrations; asset and incident IDs; prioritization, duplicate matching and SLA/escalation.",unknown,Unknown empirically; conditional budgets unknown,Unknown empirically; conditional budgets unknown,Unknown case share; see path splits and remaining limits,0 for classes requiring staff inspection/merits decision; otherwise unknown,"Administrative queues/corrections may shrink; required waits, applicant work and physical work remain; no validated percentage","No outage, pothole or complaint is resolved merely because its form has been submitted.","P0 security/schema/state/payment correctness; official case/fee/document/notification adapters; durable jobs, recovery and audit; see backlog",No audited per-slug annual count; do not allocate broad official totals to this row,Family-specific models and shared volume sensitivity only; no additive per-form savings,High source wiring; medium workflow-family; low/unmeasured impact,O02,https://www.portland.gov/ppd/submit-and-pay-application-permit-type,evidence/catalog-verification.json#code-enforcement-report
code-violation-appeal,Code Enforcement Appeal,claims,appeal/claim/variance,Appeals/claims,PP&D,Medium where official family source applies; otherwise catalog attribution only,"Underlying code decision determines standing, deadlines, hearing and remedy.",Identify decision/standing/deadline -> admissibility and record -> response/hearing/investigation -> independent decision -> remedy/payment/compliance,Public form schema/route implemented; original pipeline fixture reaches human_review. Client upload object/string-array validation mismatch reproduced No default discipline assignment; manual triage required,partial,https://www.portlandpermits.org/apply/code-violation-appeal,https://github.com/ekrolewicz6/portland-civic-labs/blob/23b4670d8d26b9093f6e401bb89d9d6f30d8506d/catalog/forms/claims/code-violation-appeal.json,none,"Decision-maker, claimant and other parties; hearings, evidence and legal judgment remain.",Unknown; no measured department use,Unknown; no measured department use,0 demonstrated authoritative completions; no City issuing adapter,0 demonstrated authoritative completions,Unknown; no matched outcome cohort,Guidance or supervised comparison only. Staff must verify rules and enter/complete official systems; real sensitive intake requires P0 fixes first.,Unknown; potential clerical benefit offset by duplicate entry,Unknown; field work and official-system work remain,0 via this app alone,0 via this app alone,Unknown; no proven critical-path reduction,Deadline/fee/record assembly; status and scheduling; conflict-free assignments and outcome accounting.,M4,Unknown empirically; conditional budgets M4,Unknown empirically; conditional budgets M4,Unknown case share; see path splits and remaining limits,0 for classes requiring staff inspection/merits decision; otherwise unknown,"Administrative queues/corrections may shrink; required waits, applicant work and physical work remain; no validated percentage",Automating intake cannot automate discretionary or contested merits under unchanged policy.,"P0 security/schema/state/payment correctness; official case/fee/document/notification adapters; durable jobs, recovery and audit; see backlog",No audited per-slug annual count; do not allocate broad official totals to this row,Family-specific models and shared volume sensitivity only; no additive per-form savings,High source wiring; medium workflow-family; low/unmeasured impact,O17;O18,https://www.portland.gov/bds/article/204690;https://www.portland.gov/bds/documents/type-ii-land-use-review-procedure/download,evidence/catalog-verification.json#code-violation-appeal
commercial-building-permit,Commercial Building Permit,permits,permit/license or conditional exemption,Commercial construction,PP&D,Medium where official family source applies; otherwise catalog attribution only,"Split new nonresidential, multifamily/mixed use, addition, alteration and change of occupancy.",Occupancy/use classification -> plans and site analysis -> structural/life safety/fire/zoning/infrastructure review -> corrections -> preissuance and trade permits -> inspections/special tests -> certificate of occupancy when required,"Public form schema/route implemented; original pipeline fixture reaches human_review. Client upload object/string-array validation mismatch reproduced Pipeline expects absent document keys: site_plan, floor_plans, elevations, structural_plans",partial,https://www.portlandpermits.org/apply/commercial-building-permit,https://github.com/ekrolewicz6/portland-civic-labs/blob/23b4670d8d26b9093f6e401bb89d9d6f30d8506d/catalog/forms/permits/commercial-building-permit.json,zoning;structural;life_safety;fire;environmental;water;transportation;trees,"Design professionals, reviewers, fire/site teams and inspectors remain; land-use or infrastructure approvals may gate issuance.",Unknown; no measured department use,Unknown; no measured department use,0 demonstrated authoritative completions; no City issuing adapter,0 demonstrated authoritative completions,Unknown; no matched outcome cohort,Guidance or supervised comparison only. Staff must verify rules and enter/complete official systems; real sensitive intake requires P0 fixes first.,Unknown; potential clerical benefit offset by duplicate entry,Unknown; field work and official-system work remain,0 via this app alone,0 via this app alone,Unknown; no proven critical-path reduction,Versioned BIM/structured plan data; occupancy/egress/accessibility/energy checks; rated assemblies; calculations; dependency and condition tracking.,M3;M4,Unknown empirically; conditional budgets M3;M4,Unknown empirically; conditional budgets M3;M4,Unknown case share; see path splits and remaining limits,0 for classes requiring staff inspection/merits decision; otherwise unknown,"Administrative queues/corrections may shrink; required waits, applicant work and physical work remain; no validated percentage","TI cosmetic work, change of occupancy and new/multifamily projects have materially different requirements.","P0 security/schema/state/payment correctness; official case/fee/document/notification adapters; durable jobs, recovery and audit; see backlog",No audited per-slug annual count; do not allocate broad official totals to this row,Family-specific models and shared volume sensitivity only; no additive per-form savings,High source wiring; medium workflow-family; low/unmeasured impact,O02;O09;O11;O14,https://www.portland.gov/ppd/submit-and-pay-application-permit-type;https://www.portland.gov/ppd/commercial-permitting/commercial-requirements;https://www.oregon.gov/bcd/codes-stand/Pages/ossc-adoption.aspx;https://www.portland.gov/permitimprovement/code-alignment-project,evidence/catalog-verification.json#commercial-building-permit
commercial-electrical-permit,Commercial Electrical Permit,permits,permit/license or conditional exemption,Trades,PP&D,Medium where official family source applies; otherwise catalog attribution only,Commercial scope: classify plan-required versus permitted no-review work; separate from electrical-permit slug.,Scope/contractor/jurisdiction -> plan-review eligibility -> drawings/review if required -> assessed payment -> official trade permit -> installation inspections/reinspection -> final,Public form schema/route implemented; original pipeline fixture reaches human_review. Client upload object/string-array validation mismatch reproduced No default discipline assignment; manual triage required,partial,https://www.portlandpermits.org/apply/commercial-electrical-permit,https://github.com/ekrolewicz6/portland-civic-labs/blob/23b4670d8d26b9093f6e401bb89d9d6f30d8506d/catalog/forms/permits/commercial-electrical-permit.json,none,Applicant supplies scope and licenses; reviewers handle plan-required work; licensed installers and inspectors perform work.,Unknown; no measured department use,Unknown; no measured department use,0 demonstrated authoritative completions; no City issuing adapter,0 demonstrated authoritative completions,Unknown; no matched outcome cohort,Guidance or supervised comparison only. Staff must verify rules and enter/complete official systems; real sensitive intake requires P0 fixes first.,Unknown; potential clerical benefit offset by duplicate entry,Unknown; field work and official-system work remain,0 via this app alone,0 via this app alone,Unknown; no proven critical-path reduction,Canonical scope taxonomy; license registry; current fixture/equipment fees; DevHub issue adapter; inspection link.,M1;M2,Unknown empirically; conditional budgets M1;M2,Unknown empirically; conditional budgets M1;M2,Conditional 100% only eligible no-plan-review trade class; plan-required share unknown,0 for classes requiring staff inspection/merits decision; otherwise unknown,"Administrative queues/corrections may shrink; required waits, applicant work and physical work remain; no validated percentage",No-plan-review and plan-review scopes differ; unknown licenses/site data must route to staff.,"P0 security/schema/state/payment correctness; official case/fee/document/notification adapters; durable jobs, recovery and audit; see backlog",No audited per-slug annual count; do not allocate broad official totals to this row,Family-specific models and shared volume sensitivity only; no additive per-form savings,High source wiring; medium workflow-family; low/unmeasured impact,O01;O02;O08;O09,https://www.portland.gov/ppd/devhub-faqs;https://www.portland.gov/ppd/submit-and-pay-application-permit-type;https://www.portland.gov/ppd/commercial-permitting/commercial-permit-inspections/commercial-mechanical-permits;https://www.portland.gov/ppd/commercial-permitting/commercial-requirements,evidence/catalog-verification.json#commercial-electrical-permit
commercial-mechanical-permit,Commercial Mechanical Permit,permits,permit/license or conditional exemption,Trades,PP&D,Medium where official family source applies; otherwise catalog attribution only,Commercial engineered work versus narrow exempt-from-plan-review classes; July 2026 rule update relevant.,Scope/contractor/jurisdiction -> plan-review eligibility -> drawings/review if required -> assessed payment -> official trade permit -> installation inspections/reinspection -> final,Public form schema/route implemented; original pipeline fixture reaches human_review. Client upload object/string-array validation mismatch reproduced No default discipline assignment; manual triage required,partial,https://www.portlandpermits.org/apply/commercial-mechanical-permit,https://github.com/ekrolewicz6/portland-civic-labs/blob/23b4670d8d26b9093f6e401bb89d9d6f30d8506d/catalog/forms/permits/commercial-mechanical-permit.json,none,Applicant supplies scope and licenses; reviewers handle plan-required work; licensed installers and inspectors perform work.,Unknown; no measured department use,Unknown; no measured department use,0 demonstrated authoritative completions; no City issuing adapter,0 demonstrated authoritative completions,Unknown; no matched outcome cohort,Guidance or supervised comparison only. Staff must verify rules and enter/complete official systems; real sensitive intake requires P0 fixes first.,Unknown; potential clerical benefit offset by duplicate entry,Unknown; field work and official-system work remain,0 via this app alone,0 via this app alone,Unknown; no proven critical-path reduction,Canonical scope taxonomy; license registry; current fixture/equipment fees; DevHub issue adapter; inspection link.,M1;M2,Unknown empirically; conditional budgets M1;M2,Unknown empirically; conditional budgets M1;M2,Conditional 100% only eligible no-plan-review trade class; plan-required share unknown,0 for classes requiring staff inspection/merits decision; otherwise unknown,"Administrative queues/corrections may shrink; required waits, applicant work and physical work remain; no validated percentage",No-plan-review and plan-review scopes differ; unknown licenses/site data must route to staff.,"P0 security/schema/state/payment correctness; official case/fee/document/notification adapters; durable jobs, recovery and audit; see backlog",No audited per-slug annual count; do not allocate broad official totals to this row,Family-specific models and shared volume sensitivity only; no additive per-form savings,High source wiring; medium workflow-family; low/unmeasured impact,O01;O02;O08;O09,https://www.portland.gov/ppd/devhub-faqs;https://www.portland.gov/ppd/submit-and-pay-application-permit-type;https://www.portland.gov/ppd/commercial-permitting/commercial-permit-inspections/commercial-mechanical-permits;https://www.portland.gov/ppd/commercial-permitting/commercial-requirements,evidence/catalog-verification.json#commercial-mechanical-permit
commercial-water-meter,Commercial Water Meter Sizing & Request,water-sewer,permit/license or conditional exemption,Water/sewer works,Water Bureau,Medium where official family source applies; otherwise catalog attribution only,Demand/size and capacity design; fees and physical meter installation.,Service/capacity and ROW/private classification -> engineering/backflow/sewer review -> fees/bonds/permission -> connection or repair -> pressure/other tests and inspections -> billing/as-builts/final,Public form schema/route implemented; original pipeline fixture reaches human_review. Client upload object/string-array validation mismatch reproduced No default discipline assignment; manual triage required,partial,https://www.portlandpermits.org/apply/commercial-water-meter,https://github.com/ekrolewicz6/portland-civic-labs/blob/23b4670d8d26b9093f6e401bb89d9d6f30d8506d/catalog/forms/water-sewer/commercial-water-meter.json,none,"Bureau designers, licensed contractors, inspectors and sometimes utility crews.",Unknown; no measured department use,Unknown; no measured department use,0 demonstrated authoritative completions; no City issuing adapter,0 demonstrated authoritative completions,Unknown; no matched outcome cohort,Guidance or supervised comparison only. Staff must verify rules and enter/complete official systems; real sensitive intake requires P0 fixes first.,Unknown; potential clerical benefit offset by duplicate entry,Unknown; field work and official-system work remain,0 via this app alone,0 via this app alone,Unknown; no proven critical-path reduction,Meter/service inventory; hydraulic capacity; contractor/insurance/bond verification; DevHub/billing/field work adapters.,M3,Unknown empirically; conditional budgets M3,Unknown empirically; conditional budgets M3,Unknown case share; see path splits and remaining limits,0 for classes requiring staff inspection/merits decision; otherwise unknown,"Administrative queues/corrections may shrink; required waits, applicant work and physical work remain; no validated percentage",UC/UR and private plumbing are distinct; software cannot install meters or verify buried work alone.,"P0 security/schema/state/payment correctness; official case/fee/document/notification adapters; durable jobs, recovery and audit; see backlog",No audited per-slug annual count; do not allocate broad official totals to this row,Family-specific models and shared volume sensitivity only; no additive per-form savings,High source wiring; medium workflow-family; low/unmeasured impact,O33;O34;O35,https://www.portland.gov/ppd/infrastructure/ur-and-uc-permits;https://www.portland.gov/ppd/infrastructure/ur-and-uc-permits/uc-permit;https://www.portland.gov/ppd/infrastructure/sewer-stormwater-permit-requirements,evidence/catalog-verification.json#commercial-water-meter
contractor-registration-update,Contractor Registration Update,updates,account update/registration,Account updates/registration,PP&D,Medium where official family source applies; otherwise catalog attribution only,City profile versus state CCB/BCD license; no state credential change by editing this form.,Verify identity/authority -> validate requested update -> update authoritative systems -> confirmation and exceptions,Public form schema/route implemented; original pipeline fixture reaches human_review. Client upload object/string-array validation mismatch reproduced No default discipline assignment; manual triage required,partial,https://www.portlandpermits.org/apply/contractor-registration-update,https://github.com/ekrolewicz6/portland-civic-labs/blob/23b4670d8d26b9093f6e401bb89d9d6f30d8506d/catalog/forms/updates/contractor-registration-update.json,none,Customer and owner agency; physical service transfer if needed.,Unknown; no measured department use,Unknown; no measured department use,0 demonstrated authoritative completions; no City issuing adapter,0 demonstrated authoritative completions,Unknown; no matched outcome cohort,Guidance or supervised comparison only. Staff must verify rules and enter/complete official systems; real sensitive intake requires P0 fixes first.,Unknown; potential clerical benefit offset by duplicate entry,Unknown; field work and official-system work remain,0 via this app alone,0 via this app alone,Unknown; no proven critical-path reduction,Account/identity matching; consent scope; exact agency API; audit and rollback.,unknown,Unknown empirically; conditional budgets unknown,Unknown empirically; conditional budgets unknown,Unknown case share; see path splits and remaining limits,0 for classes requiring staff inspection/merits decision; otherwise unknown,"Administrative queues/corrections may shrink; required waits, applicant work and physical work remain; no validated percentage",No single citywide address/contractor registry is proven connected; private/state registries may own the record.,"P0 security/schema/state/payment correctness; official case/fee/document/notification adapters; durable jobs, recovery and audit; see backlog",No audited per-slug annual count; do not allocate broad official totals to this row,Family-specific models and shared volume sensitivity only; no additive per-form savings,High source wiring; medium workflow-family; low/unmeasured impact,O44,https://www.portland.gov/revenue,evidence/catalog-verification.json#contractor-registration-update
deck-permit,Deck Construction Permit,permits,permit/license or conditional exemption,Residential construction,PP&D,Medium where official family source applies; otherwise catalog attribution only,Exempt low deck versus permitted elevated/attached/engineered deck; zoning remains.,Jurisdiction/legal use -> scope and zoning -> complete plans -> required disciplines/corrections -> preissuance fees/conditions -> building and linked trades -> staged inspections -> final/occupancy if applicable,Public form schema/route implemented; original pipeline fixture reaches human_review. No default discipline assignment; manual triage required,partial,https://www.portlandpermits.org/apply/deck-permit,https://github.com/ekrolewicz6/portland-civic-labs/blob/23b4670d8d26b9093f6e401bb89d9d6f30d8506d/catalog/forms/permits/deck-permit.json,none,Designer and applicant prepare plans; staff review judgment/engineering/site issues; inspectors verify constructed work.,Unknown; no measured department use,Unknown; no measured department use,0 demonstrated authoritative completions; no City issuing adapter,0 demonstrated authoritative completions,Unknown; no matched outcome cohort,Guidance or supervised comparison only. Staff must verify rules and enter/complete official systems; real sensitive intake requires P0 fixes first.,Unknown; potential clerical benefit offset by duplicate entry,Unknown; field work and official-system work remain,0 via this app alone,0 via this app alone,Unknown; no proven critical-path reduction,Structured project model; parcel geometry and prior conditions; code-version rules; document revision control; review and trade dependency graph; issue/inspection interfaces.,M2;M3,Unknown empirically; conditional budgets M2;M3,Unknown empirically; conditional budgets M2;M3,Unknown case share; see path splits and remaining limits,0 for classes requiring staff inspection/merits decision; otherwise unknown,"Administrative queues/corrections may shrink; required waits, applicant work and physical work remain; no validated percentage","New build, addition, alteration and conversion must be separate paths; physical conditions and professional design remain.","P0 security/schema/state/payment correctness; official case/fee/document/notification adapters; durable jobs, recovery and audit; see backlog",No audited per-slug annual count; do not allocate broad official totals to this row,Family-specific models and shared volume sensitivity only; no additive per-form savings,High source wiring; medium workflow-family; low/unmeasured impact,O02;O10;O11;O14,https://www.portland.gov/ppd/submit-and-pay-application-permit-type;https://www.portland.gov/ppd/residential-permitting/home-projects/accessory-dwelling-units;https://www.oregon.gov/bcd/codes-stand/Pages/ossc-adoption.aspx;https://www.portland.gov/permitimprovement/code-alignment-project,evidence/catalog-verification.json#deck-permit
deconstruction-contractor,Deconstruction Contractor Certification,licenses,permit/license or conditional exemption,Business/regulatory licenses,PP&D / BPS,Medium where official family source applies; otherwise catalog attribution only,Certification/training and program registry; not the actual demolition permit.,Identify licensing authority and scope -> identity/site/credential/background or safety checks -> external recommendations -> fee/license -> renewals/enforcement,Public form schema/route implemented; original pipeline fixture reaches human_review. Client upload object/string-array validation mismatch reproduced No default discipline assignment; manual triage required,partial,https://www.portlandpermits.org/apply/deconstruction-contractor,https://github.com/ekrolewicz6/portland-civic-labs/blob/23b4670d8d26b9093f6e401bb89d9d6f30d8506d/catalog/forms/licenses/deconstruction-contractor.json,none,Regulator and external agencies determine eligibility; inspections/hearings depend on license.,Unknown; no measured department use,Unknown; no measured department use,0 demonstrated authoritative completions; no City issuing adapter,0 demonstrated authoritative completions,Unknown; no matched outcome cohort,Guidance or supervised comparison only. Staff must verify rules and enter/complete official systems; real sensitive intake requires P0 fixes first.,Unknown; potential clerical benefit offset by duplicate entry,Unknown; field work and official-system work remain,0 via this app alone,0 via this app alone,Unknown; no proven critical-path reduction,Per-license rule packs; license/background registries; renewal events and agency handoffs.,unknown,Unknown empirically; conditional budgets unknown,Unknown empirically; conditional budgets unknown,Unknown case share; see path splits and remaining limits,0 for classes requiring staff inspection/merits decision; otherwise unknown,"Administrative queues/corrections may shrink; required waits, applicant work and physical work remain; no validated percentage","Catalog labels are not evidence of City authority; OLCC, county and state permissions remain separate.","P0 security/schema/state/payment correctness; official case/fee/document/notification adapters; durable jobs, recovery and audit; see backlog",No audited per-slug annual count; do not allocate broad official totals to this row,Family-specific models and shared volume sensitivity only; no additive per-form savings,High source wiring; medium workflow-family; low/unmeasured impact,O40;O42;O43,https://multco.us/services/food-cart-license;https://www.portland.gov/ppd/cannabis;https://www.oregon.gov/olcc/marijuana/Pages/default.aspx,evidence/catalog-verification.json#deconstruction-contractor
demolition-permit,Demolition Permit,permits,permit/license or conditional exemption,Demolition,PP&D,Medium where official family source applies; otherwise catalog attribution only,"Split residential with delay/deconstruction, applicable exceptions, and commercial/historic cases.",Historic/deconstruction classification -> notices and applicable delay -> utility/environmental clearances -> permit -> deconstruction/demolition with inspections -> site restoration/final,"Public form schema/route implemented; original pipeline fixture reaches human_review. Pipeline expects absent document keys: site_plan, site_photos",partial,https://www.portlandpermits.org/apply/demolition-permit,https://github.com/ekrolewicz6/portland-civic-labs/blob/23b4670d8d26b9093f6e401bb89d9d6f30d8506d/catalog/forms/permits/demolition-permit.json,zoning;environmental,Specialists handle hazards; crews demolish; inspector and relevant agencies clear work.,Unknown; no measured department use,Unknown; no measured department use,0 demonstrated authoritative completions; no City issuing adapter,0 demonstrated authoritative completions,Unknown; no matched outcome cohort,Guidance or supervised comparison only. Staff must verify rules and enter/complete official systems; real sensitive intake requires P0 fixes first.,Unknown; potential clerical benefit offset by duplicate entry,Unknown; field work and official-system work remain,0 via this app alone,0 via this app alone,Unknown; no proven critical-path reduction,Property age/status; notice recipients and clocks; clearance attestations; deconstruction contractor; sequencing with replacement permit.,M3,Unknown empirically; conditional budgets M3,Unknown empirically; conditional budgets M3,Unknown case share; see path splits and remaining limits,0 for classes requiring staff inspection/merits decision; otherwise unknown,"Administrative queues/corrections may shrink; required waits, applicant work and physical work remain; no validated percentage",Applicable notice/delay and physical hazard abatement do not disappear with faster software.,"P0 security/schema/state/payment correctness; official case/fee/document/notification adapters; durable jobs, recovery and audit; see backlog",No audited per-slug annual count; do not allocate broad official totals to this row,Family-specific models and shared volume sensitivity only; no additive per-form savings,High source wiring; medium workflow-family; low/unmeasured impact,O19;O20,https://www.portland.gov/ppd/residential-permitting/home-projects/residential-demolition-permits;https://www.portland.gov/ppd/codes-rules-and-guides/bod-24-02-demolition,evidence/catalog-verification.json#demolition-permit
development-tree-plan,Development Tree Plan,permits,supporting document,Supporting document,PP&D / Urban Forestry,Medium where official family source applies; otherwise catalog attribution only,Tree protection/removal/replanting plan attached to development; independent tree work may also require permission.,Identify parent case -> submit certification/notice/affidavit -> validate signer and content -> reviewer acceptance -> satisfy parent condition,Public form schema/route implemented; original pipeline fixture reaches human_review. Client upload object/string-array validation mismatch reproduced No default discipline assignment; manual triage required,partial,https://www.portlandpermits.org/apply/development-tree-plan,https://github.com/ekrolewicz6/portland-civic-labs/blob/23b4670d8d26b9093f6e401bb89d9d6f30d8506d/catalog/forms/permits/development-tree-plan.json,none,Applicant or professional attests truth; staff resolves exceptions and parent decision.,Unknown; no measured department use,Unknown; no measured department use,0 demonstrated authoritative completions; no City issuing adapter,0 demonstrated authoritative completions,Unknown; no matched outcome cohort,Guidance or supervised comparison only. Staff must verify rules and enter/complete official systems; real sensitive intake requires P0 fixes first.,Unknown; potential clerical benefit offset by duplicate entry,Unknown; field work and official-system work remain,0 via this app alone,0 via this app alone,Unknown; no proven critical-path reduction,Parent/revision binding; signatory authority; document hash; acceptance criteria; expiring-condition tracking.,unknown,Unknown empirically; conditional budgets unknown,Unknown empirically; conditional budgets unknown,Unknown case share; see path splits and remaining limits,0 for classes requiring staff inspection/merits decision; otherwise unknown,"Administrative queues/corrections may shrink; required waits, applicant work and physical work remain; no validated percentage",Not an independent permit or additional case to count in impact totals.,"P0 security/schema/state/payment correctness; official case/fee/document/notification adapters; durable jobs, recovery and audit; see backlog",No audited per-slug annual count; do not allocate broad official totals to this row,Family-specific models and shared volume sensitivity only; no additive per-form savings,High source wiring; medium workflow-family; low/unmeasured impact,O02;O22;O30,https://www.portland.gov/ppd/submit-and-pay-application-permit-type;https://www.portland.gov/code/11/40;https://www.portland.gov/fire/permits-inspections/documents/design-manual-fire-protection-systems-and-processes/download,evidence/catalog-verification.json#development-tree-plan
disabled-parking-permit,Disabled Person Parking Permit,transportation,permit/license or conditional exemption,Parking/access entitlement,Oregon DMV + certifying healthcare provider,Medium where official family source applies; otherwise catalog attribution only,"Oregon DMV, healthcare certification and placard delivery; City permitting department cannot issue it alone.",Zone/account/eligibility -> evidence and quota validation -> fee -> plate/permit/account activation -> renewal/cancellation,Public form schema/route implemented; original pipeline fixture reaches human_review. Client upload object/string-array validation mismatch reproduced No default discipline assignment; manual triage required,partial,https://www.portlandpermits.org/apply/disabled-parking-permit,https://github.com/ekrolewicz6/portland-civic-labs/blob/23b4670d8d26b9093f6e401bb89d9d6f30d8506d/catalog/forms/transportation/disabled-parking-permit.json,none,Applicant residence/vehicle evidence; authority exceptions and enforcement.,Unknown; no measured department use,Unknown; no measured department use,0 demonstrated authoritative completions; no City issuing adapter,0 demonstrated authoritative completions,Unknown; no matched outcome cohort,Guidance or supervised comparison only. Staff must verify rules and enter/complete official systems; real sensitive intake requires P0 fixes first.,Unknown; potential clerical benefit offset by duplicate entry,Unknown; field work and official-system work remain,0 via this app alone,0 via this app alone,Unknown; no proven critical-path reduction,Live zones/quotas/plates; residency and benefits validation; permit ledger and enforcement-system sync.,M2,Unknown empirically; conditional budgets M2,Unknown empirically; conditional budgets M2,Unknown case share; see path splits and remaining limits,0 for classes requiring staff inspection/merits decision; otherwise unknown,"Administrative queues/corrections may shrink; required waits, applicant work and physical work remain; no validated percentage","Annual business, resident and income-qualified programs differ; disabled placards are a state/healthcare path.","P0 security/schema/state/payment correctness; official case/fee/document/notification adapters; durable jobs, recovery and audit; see backlog",No audited per-slug annual count; do not allocate broad official totals to this row,Family-specific models and shared volume sensitivity only; no additive per-form savings,High source wiring; medium workflow-family; low/unmeasured impact,O01;O41,https://www.portland.gov/ppd/devhub-faqs;https://www.oregon.gov/odot/dmv/pages/driverid/disparking.aspx,evidence/catalog-verification.json#disabled-parking-permit
discrimination-complaint,Discrimination / Civil Rights Complaint,reports,appeal/claim/variance,Appeals/claims,Office of Equity & Human Rights,Medium where official family source applies; otherwise catalog attribution only,"Civil-rights jurisdiction, confidential investigation and reasoned determination.",Identify decision/standing/deadline -> admissibility and record -> response/hearing/investigation -> independent decision -> remedy/payment/compliance,Public form schema/route implemented; original pipeline fixture reaches human_review. Client upload object/string-array validation mismatch reproduced No default discipline assignment; manual triage required,partial,https://www.portlandpermits.org/apply/discrimination-complaint,https://github.com/ekrolewicz6/portland-civic-labs/blob/23b4670d8d26b9093f6e401bb89d9d6f30d8506d/catalog/forms/reports/discrimination-complaint.json,none,"Decision-maker, claimant and other parties; hearings, evidence and legal judgment remain.",Unknown; no measured department use,Unknown; no measured department use,0 demonstrated authoritative completions; no City issuing adapter,0 demonstrated authoritative completions,Unknown; no matched outcome cohort,Guidance or supervised comparison only. Staff must verify rules and enter/complete official systems; real sensitive intake requires P0 fixes first.,Unknown; potential clerical benefit offset by duplicate entry,Unknown; field work and official-system work remain,0 via this app alone,0 via this app alone,Unknown; no proven critical-path reduction,Deadline/fee/record assembly; status and scheduling; conflict-free assignments and outcome accounting.,M4,Unknown empirically; conditional budgets M4,Unknown empirically; conditional budgets M4,Unknown case share; see path splits and remaining limits,0 for classes requiring staff inspection/merits decision; otherwise unknown,"Administrative queues/corrections may shrink; required waits, applicant work and physical work remain; no validated percentage",Automating intake cannot automate discretionary or contested merits under unchanged policy.,"P0 security/schema/state/payment correctness; official case/fee/document/notification adapters; durable jobs, recovery and audit; see backlog",No audited per-slug annual count; do not allocate broad official totals to this row,Family-specific models and shared volume sensitivity only; no additive per-form savings,High source wiring; medium workflow-family; low/unmeasured impact,O17;O18,https://www.portland.gov/bds/article/204690;https://www.portland.gov/bds/documents/type-ii-land-use-review-procedure/download,evidence/catalog-verification.json#discrimination-complaint
down-payment-assistance,Down Payment Assistance Loan,loans,loan,Loans,PHB,Medium where official family source applies; otherwise catalog attribution only,"Income/homebuyer eligibility, underwriting, purchase closing and repayment restrictions.",Program/property/borrower eligibility -> financial verification and underwriting -> funding/closing/security -> disbursement -> work verification/repayment/release,Public form schema/route implemented; original pipeline fixture reaches human_review. No default discipline assignment; manual triage required,partial,https://www.portlandpermits.org/apply/down-payment-assistance,https://github.com/ekrolewicz6/portland-civic-labs/blob/23b4670d8d26b9093f6e401bb89d9d6f30d8506d/catalog/forms/loans/down-payment-assistance.json,none,"Lender/borrower, title/credit process and field verification remain.",Unknown; no measured department use,Unknown; no measured department use,0 demonstrated authoritative completions; no City issuing adapter,0 demonstrated authoritative completions,Unknown; no matched outcome cohort,Guidance or supervised comparison only. Staff must verify rules and enter/complete official systems; real sensitive intake requires P0 fixes first.,Unknown; potential clerical benefit offset by duplicate entry,Unknown; field work and official-system work remain,0 via this app alone,0 via this app alone,Unknown; no proven critical-path reduction,"Underwriting rules, identity/consent, servicing/finance/title interfaces and lien/repayment records.",unknown,Unknown empirically; conditional budgets unknown,Unknown empirically; conditional budgets unknown,Unknown case share; see path splits and remaining limits,0 for classes requiring staff inspection/merits decision; otherwise unknown,"Administrative queues/corrections may shrink; required waits, applicant work and physical work remain; no validated percentage","Approval is not funding; credit, title and scarce program funds are external dependencies.","P0 security/schema/state/payment correctness; official case/fee/document/notification adapters; durable jobs, recovery and audit; see backlog",No audited per-slug annual count; do not allocate broad official totals to this row,Family-specific models and shared volume sensitivity only; no additive per-form savings,High source wiring; medium workflow-family; low/unmeasured impact,O46,https://www.portland.gov/bes/grants-incentives,evidence/catalog-verification.json#down-payment-assistance
driveway-approach-permit,Driveway Approach Permit,transportation,permit/license or conditional exemption,Right-of-way construction/use,PBOT,Medium where official family source applies; otherwise catalog attribution only,"Driveway geometry, sidewalk accessibility, drainage and street classification; field construction/inspection.",Location/space/date -> traffic/access and utility conflict checks -> plans/insurance/bonds -> approvals/fees -> ROW permission -> field setup/work/inspections -> restoration and release,Public form schema/route implemented; original pipeline fixture reaches human_review. Client upload object/string-array validation mismatch reproduced No default discipline assignment; manual triage required,partial,https://www.portlandpermits.org/apply/driveway-approach-permit,https://github.com/ekrolewicz6/portland-civic-labs/blob/23b4670d8d26b9093f6e401bb89d9d6f30d8506d/catalog/forms/transportation/driveway-approach-permit.json,none,Traffic/civil reviewer and field crews; utility owners and public-safety constraints.,Unknown; no measured department use,Unknown; no measured department use,0 demonstrated authoritative completions; no City issuing adapter,0 demonstrated authoritative completions,Unknown; no matched outcome cohort,Guidance or supervised comparison only. Staff must verify rules and enter/complete official systems; real sensitive intake requires P0 fixes first.,Unknown; potential clerical benefit offset by duplicate entry,Unknown; field work and official-system work remain,0 via this app alone,0 via this app alone,Unknown; no proven critical-path reduction,Live street inventory/conflict calendar; detours/ADA routes; credentials/security; geospatial project graph; inspector and restoration ledger.,M2;M3,Unknown empirically; conditional budgets M2;M3,Unknown empirically; conditional budgets M2;M3,Unknown case share; see path splits and remaining limits,0 for classes requiring staff inspection/merits decision; otherwise unknown,"Administrative queues/corrections may shrink; required waits, applicant work and physical work remain; no validated percentage","Parking-only reservations differ from lane/sidewalk closures, encroachments and excavation.","P0 security/schema/state/payment correctness; official case/fee/document/notification adapters; durable jobs, recovery and audit; see backlog",No audited per-slug annual count; do not allocate broad official totals to this row,Family-specific models and shared volume sensitivity only; no additive per-form savings,High source wiring; medium workflow-family; low/unmeasured impact,O25;O26;O27,https://www.portland.gov/transportation/permitting/temporary-street-use-permitting-tsup;https://www.portland.gov/transportation/permitting/apply-renew-or-change-temporary-street-use-permit;https://www.portland.gov/transportation/permitting/encroachment-permits,evidence/catalog-verification.json#driveway-approach-permit
driveway-clearance-painting,Driveway Clearance Painting (Yellow Curb),businesses,permit/license or conditional exemption,Right-of-way construction/use,PBOT,Medium where official family source applies; otherwise catalog attribution only,Curb-marking eligibility and physical painting; title is not proof of an implemented PBOT work order.,Location/space/date -> traffic/access and utility conflict checks -> plans/insurance/bonds -> approvals/fees -> ROW permission -> field setup/work/inspections -> restoration and release,Public form schema/route implemented; original pipeline fixture reaches human_review. No default discipline assignment; manual triage required,partial,https://www.portlandpermits.org/apply/driveway-clearance-painting,https://github.com/ekrolewicz6/portland-civic-labs/blob/23b4670d8d26b9093f6e401bb89d9d6f30d8506d/catalog/forms/businesses/driveway-clearance-painting.json,none,Traffic/civil reviewer and field crews; utility owners and public-safety constraints.,Unknown; no measured department use,Unknown; no measured department use,0 demonstrated authoritative completions; no City issuing adapter,0 demonstrated authoritative completions,Unknown; no matched outcome cohort,Guidance or supervised comparison only. Staff must verify rules and enter/complete official systems; real sensitive intake requires P0 fixes first.,Unknown; potential clerical benefit offset by duplicate entry,Unknown; field work and official-system work remain,0 via this app alone,0 via this app alone,Unknown; no proven critical-path reduction,Live street inventory/conflict calendar; detours/ADA routes; credentials/security; geospatial project graph; inspector and restoration ledger.,M2;M3,Unknown empirically; conditional budgets M2;M3,Unknown empirically; conditional budgets M2;M3,Unknown case share; see path splits and remaining limits,0 for classes requiring staff inspection/merits decision; otherwise unknown,"Administrative queues/corrections may shrink; required waits, applicant work and physical work remain; no validated percentage","Parking-only reservations differ from lane/sidewalk closures, encroachments and excavation.","P0 security/schema/state/payment correctness; official case/fee/document/notification adapters; durable jobs, recovery and audit; see backlog",No audited per-slug annual count; do not allocate broad official totals to this row,Family-specific models and shared volume sensitivity only; no additive per-form savings,High source wiring; medium workflow-family; low/unmeasured impact,O25;O26;O27,https://www.portland.gov/transportation/permitting/temporary-street-use-permitting-tsup;https://www.portland.gov/transportation/permitting/apply-renew-or-change-temporary-street-use-permit;https://www.portland.gov/transportation/permitting/encroachment-permits,evidence/catalog-verification.json#driveway-clearance-painting
electrical-permit,Electrical Permit,permits,permit/license or conditional exemption,Trades,PP&D,Medium where official family source applies; otherwise catalog attribution only,No-plan-review residential/minor scope versus engineered/service/special-use work; validate homeowner/contractor eligibility.,Scope/contractor/jurisdiction -> plan-review eligibility -> drawings/review if required -> assessed payment -> official trade permit -> installation inspections/reinspection -> final,Public form schema/route implemented; original pipeline fixture reaches approved. No default discipline assignment; manual triage required Synthetic auto-approval demonstrated; eligibility unsafe; no official issuance,partial,https://www.portlandpermits.org/apply/electrical-permit,https://github.com/ekrolewicz6/portland-civic-labs/blob/23b4670d8d26b9093f6e401bb89d9d6f30d8506d/catalog/forms/permits/electrical-permit.json,none,Applicant supplies scope and licenses; reviewers handle plan-required work; licensed installers and inspectors perform work.,Unknown; no measured department use,Unknown; no measured department use,0 demonstrated authoritative completions; no City issuing adapter,0 demonstrated authoritative completions,Unknown; no matched outcome cohort,Guidance or supervised comparison only. Staff must verify rules and enter/complete official systems; real sensitive intake requires P0 fixes first.,Unknown; potential clerical benefit offset by duplicate entry,Unknown; field work and official-system work remain,0 via this app alone,0 via this app alone,Unknown; no proven critical-path reduction,Canonical scope taxonomy; license registry; current fixture/equipment fees; DevHub issue adapter; inspection link.,M1;M2,Unknown empirically; conditional budgets M1;M2,Unknown empirically; conditional budgets M1;M2,Conditional 100% only eligible no-plan-review trade class; plan-required share unknown,0 for classes requiring staff inspection/merits decision; otherwise unknown,"Administrative queues/corrections may shrink; required waits, applicant work and physical work remain; no validated percentage",No-plan-review and plan-review scopes differ; unknown licenses/site data must route to staff.,"P0 security/schema/state/payment correctness; official case/fee/document/notification adapters; durable jobs, recovery and audit; see backlog",No audited per-slug annual count; do not allocate broad official totals to this row,Family-specific models and shared volume sensitivity only; no additive per-form savings,High source wiring; medium workflow-family; low/unmeasured impact,O01;O02;O08;O09,https://www.portland.gov/ppd/devhub-faqs;https://www.portland.gov/ppd/submit-and-pay-application-permit-type;https://www.portland.gov/ppd/commercial-permitting/commercial-permit-inspections/commercial-mechanical-permits;https://www.portland.gov/ppd/commercial-permitting/commercial-requirements,evidence/catalog-verification.json#electrical-permit
employer-withholding-filing,Employer Withholding Tax Filing,business-filings,tax/account transaction,Tax filings/accounts,Portland Revenue Division for applicable City/County/Metro program; verify tax-year scope,Medium where official family source applies; otherwise catalog attribution only,"Employer, payroll period, liabilities and remittance reconciliation.",Identify tax/account/period -> calculate or collect return -> validate schedules -> authorized filing/payment -> ledger/reconciliation -> amendments/refunds/audit,Public form schema/route implemented; original pipeline fixture reaches human_review. No default discipline assignment; manual triage required,partial,https://www.portlandpermits.org/apply/employer-withholding-filing,https://github.com/ekrolewicz6/portland-civic-labs/blob/23b4670d8d26b9093f6e401bb89d9d6f30d8506d/catalog/forms/business-filings/employer-withholding-filing.json,none,"Taxpayer supplies truthful records; authority resolves audits, discretionary relief and contested assessments.",Unknown; no measured department use,Unknown; no measured department use,0 demonstrated authoritative completions; no City issuing adapter,0 demonstrated authoritative completions,Unknown; no matched outcome cohort,Guidance or supervised comparison only. Staff must verify rules and enter/complete official systems; real sensitive intake requires P0 fixes first.,Unknown; potential clerical benefit offset by duplicate entry,Unknown; field work and official-system work remain,0 via this app alone,0 via this app alone,Unknown; no proven critical-path reduction,Tax-year rule engine; official account/filing API; exact rates and thresholds; signed declarations and payment ledger.,unknown,Unknown empirically; conditional budgets unknown,Unknown empirically; conditional budgets unknown,Unknown case share; see path splits and remaining limits,0 for classes requiring staff inspection/merits decision; otherwise unknown,"Administrative queues/corrections may shrink; required waits, applicant work and physical work remain; no validated percentage",A local application record is not a filed return or remitted tax; current-year coverage is unaudited.,"P0 security/schema/state/payment correctness; official case/fee/document/notification adapters; durable jobs, recovery and audit; see backlog",No audited per-slug annual count; do not allocate broad official totals to this row,Family-specific models and shared volume sensitivity only; no additive per-form savings,High source wiring; medium workflow-family; low/unmeasured impact,O44,https://www.portland.gov/revenue,evidence/catalog-verification.json#employer-withholding-filing
employer-withholding-registration,Employer Withholding Tax Registration,business-filings,tax/account transaction,Tax filings/accounts,Portland Revenue Division for applicable City/County/Metro program; verify tax-year scope,Medium where official family source applies; otherwise catalog attribution only,Tax account creation and withholding obligations; actual Revenue-system activation.,Identify tax/account/period -> calculate or collect return -> validate schedules -> authorized filing/payment -> ledger/reconciliation -> amendments/refunds/audit,Public form schema/route implemented; original pipeline fixture reaches human_review. No default discipline assignment; manual triage required,partial,https://www.portlandpermits.org/apply/employer-withholding-registration,https://github.com/ekrolewicz6/portland-civic-labs/blob/23b4670d8d26b9093f6e401bb89d9d6f30d8506d/catalog/forms/business-filings/employer-withholding-registration.json,none,"Taxpayer supplies truthful records; authority resolves audits, discretionary relief and contested assessments.",Unknown; no measured department use,Unknown; no measured department use,0 demonstrated authoritative completions; no City issuing adapter,0 demonstrated authoritative completions,Unknown; no matched outcome cohort,Guidance or supervised comparison only. Staff must verify rules and enter/complete official systems; real sensitive intake requires P0 fixes first.,Unknown; potential clerical benefit offset by duplicate entry,Unknown; field work and official-system work remain,0 via this app alone,0 via this app alone,Unknown; no proven critical-path reduction,Tax-year rule engine; official account/filing API; exact rates and thresholds; signed declarations and payment ledger.,unknown,Unknown empirically; conditional budgets unknown,Unknown empirically; conditional budgets unknown,Unknown case share; see path splits and remaining limits,0 for classes requiring staff inspection/merits decision; otherwise unknown,"Administrative queues/corrections may shrink; required waits, applicant work and physical work remain; no validated percentage",A local application record is not a filed return or remitted tax; current-year coverage is unaudited.,"P0 security/schema/state/payment correctness; official case/fee/document/notification adapters; durable jobs, recovery and audit; see backlog",No audited per-slug annual count; do not allocate broad official totals to this row,Family-specific models and shared volume sensitivity only; no additive per-form savings,High source wiring; medium workflow-family; low/unmeasured impact,O44,https://www.portland.gov/revenue,evidence/catalog-verification.json#employer-withholding-registration
encroachment-permit,Encroachment Permit,transportation,permit/license or conditional exemption,Right-of-way construction/use,PBOT,Medium where official family source applies; otherwise catalog attribution only,"Revocable ROW use, geometry/access, insurance and conditions; site-specific discretion.",Location/space/date -> traffic/access and utility conflict checks -> plans/insurance/bonds -> approvals/fees -> ROW permission -> field setup/work/inspections -> restoration and release,Public form schema/route implemented; original pipeline fixture reaches human_review. Client upload object/string-array validation mismatch reproduced No default discipline assignment; manual triage required,partial,https://www.portlandpermits.org/apply/encroachment-permit,https://github.com/ekrolewicz6/portland-civic-labs/blob/23b4670d8d26b9093f6e401bb89d9d6f30d8506d/catalog/forms/transportation/encroachment-permit.json,none,Traffic/civil reviewer and field crews; utility owners and public-safety constraints.,Unknown; no measured department use,Unknown; no measured department use,0 demonstrated authoritative completions; no City issuing adapter,0 demonstrated authoritative completions,Unknown; no matched outcome cohort,Guidance or supervised comparison only. Staff must verify rules and enter/complete official systems; real sensitive intake requires P0 fixes first.,Unknown; potential clerical benefit offset by duplicate entry,Unknown; field work and official-system work remain,0 via this app alone,0 via this app alone,Unknown; no proven critical-path reduction,Live street inventory/conflict calendar; detours/ADA routes; credentials/security; geospatial project graph; inspector and restoration ledger.,M2;M3,Unknown empirically; conditional budgets M2;M3,Unknown empirically; conditional budgets M2;M3,Unknown case share; see path splits and remaining limits,0 for classes requiring staff inspection/merits decision; otherwise unknown,"Administrative queues/corrections may shrink; required waits, applicant work and physical work remain; no validated percentage","Parking-only reservations differ from lane/sidewalk closures, encroachments and excavation.","P0 security/schema/state/payment correctness; official case/fee/document/notification adapters; durable jobs, recovery and audit; see backlog",No audited per-slug annual count; do not allocate broad official totals to this row,Family-specific models and shared volume sensitivity only; no additive per-form savings,High source wiring; medium workflow-family; low/unmeasured impact,O25;O26;O27,https://www.portland.gov/transportation/permitting/temporary-street-use-permitting-tsup;https://www.portland.gov/transportation/permitting/apply-renew-or-change-temporary-street-use-permit;https://www.portland.gov/transportation/permitting/encroachment-permits,evidence/catalog-verification.json#encroachment-permit
erosion-control-permit,Erosion Control Permit,permits,permit/license or conditional exemption,Site/erosion,BES,Medium where official family source applies; otherwise catalog attribution only,Disturbance and site risk; construction 1200-C when applicable and stabilization inspections.,Earthwork/drainage/geotechnical scope -> site plans and applicable agency permits -> infrastructure/environmental reviews -> fee/security/issue -> erosion/site inspections -> stabilization/as-built closeout,Public form schema/route implemented; original pipeline fixture reaches human_review. Client upload object/string-array validation mismatch reproduced,partial,https://www.portlandpermits.org/apply/erosion-control-permit,https://github.com/ekrolewicz6/portland-civic-labs/blob/23b4670d8d26b9093f6e401bb89d9d6f30d8506d/catalog/forms/permits/erosion-control-permit.json,environmental,"Civil/geotechnical design; bureau coordination; construction, monitoring and inspections.",Unknown; no measured department use,Unknown; no measured department use,0 demonstrated authoritative completions; no City issuing adapter,0 demonstrated authoritative completions,Unknown; no matched outcome cohort,Guidance or supervised comparison only. Staff must verify rules and enter/complete official systems; real sensitive intake requires P0 fixes first.,Unknown; potential clerical benefit offset by duplicate entry,Unknown; field work and official-system work remain,0 via this app alone,0 via this app alone,Unknown; no proven critical-path reduction,Terrain/soil/drainage data; disturbance geometry; checklist and performance calculations; state permit linkage; inspection/as-built records.,M3,Unknown empirically; conditional budgets M3,Unknown empirically; conditional budgets M3,Unknown case share; see path splits and remaining limits,0 for classes requiring staff inspection/merits decision; otherwise unknown,"Administrative queues/corrections may shrink; required waits, applicant work and physical work remain; no validated percentage","Slope stability, contamination and water-quality observations require professional or physical evidence.","P0 security/schema/state/payment correctness; official case/fee/document/notification adapters; durable jobs, recovery and audit; see backlog",No audited per-slug annual count; do not allocate broad official totals to this row,Family-specific models and shared volume sensitivity only; no additive per-form savings,High source wiring; medium workflow-family; low/unmeasured impact,O35;O36,https://www.portland.gov/ppd/infrastructure/sewer-stormwater-permit-requirements;https://www.oregon.gov/deq/wq/Documents/1200CPermit.pdf,evidence/catalog-verification.json#erosion-control-permit
estimated-tax-payment,Estimated Tax Payment,business-filings,tax/account transaction,Tax filings/accounts,Portland Revenue Division for applicable City/County/Metro program; verify tax-year scope,Medium where official family source applies; otherwise catalog attribution only,Taxpayer/account/period allocation; payment alone is not a filed final return.,Identify tax/account/period -> calculate or collect return -> validate schedules -> authorized filing/payment -> ledger/reconciliation -> amendments/refunds/audit,Public form schema/route implemented; original pipeline fixture reaches human_review. No default discipline assignment; manual triage required,partial,https://www.portlandpermits.org/apply/estimated-tax-payment,https://github.com/ekrolewicz6/portland-civic-labs/blob/23b4670d8d26b9093f6e401bb89d9d6f30d8506d/catalog/forms/business-filings/estimated-tax-payment.json,none,"Taxpayer supplies truthful records; authority resolves audits, discretionary relief and contested assessments.",Unknown; no measured department use,Unknown; no measured department use,0 demonstrated authoritative completions; no City issuing adapter,0 demonstrated authoritative completions,Unknown; no matched outcome cohort,Guidance or supervised comparison only. Staff must verify rules and enter/complete official systems; real sensitive intake requires P0 fixes first.,Unknown; potential clerical benefit offset by duplicate entry,Unknown; field work and official-system work remain,0 via this app alone,0 via this app alone,Unknown; no proven critical-path reduction,Tax-year rule engine; official account/filing API; exact rates and thresholds; signed declarations and payment ledger.,unknown,Unknown empirically; conditional budgets unknown,Unknown empirically; conditional budgets unknown,Unknown case share; see path splits and remaining limits,0 for classes requiring staff inspection/merits decision; otherwise unknown,"Administrative queues/corrections may shrink; required waits, applicant work and physical work remain; no validated percentage",A local application record is not a filed return or remitted tax; current-year coverage is unaudited.,"P0 security/schema/state/payment correctness; official case/fee/document/notification adapters; durable jobs, recovery and audit; see backlog",No audited per-slug annual count; do not allocate broad official totals to this row,Family-specific models and shared volume sensitivity only; no additive per-form savings,High source wiring; medium workflow-family; low/unmeasured impact,O44,https://www.portland.gov/revenue,evidence/catalog-verification.json#estimated-tax-payment
fabric-awning-permit,Fabric Awning Permit,permits,permit/license or conditional exemption,Signs/awnings,Portland PP&D; PBOT for ROW/portable-sign compliance,Medium where official family source applies; otherwise catalog attribution only,Permanent awning application with structure/attachment and clearance; overlaps sign-permit scope.,Exempt/registration/permanent classification -> site sign inventory and geometry -> zoning/structural/electrical checks -> issue/register when required -> installation inspection/removal at expiry,Public form schema/route implemented; original pipeline fixture reaches human_review. Client upload object/string-array validation mismatch reproduced No default discipline assignment; manual triage required,partial,https://www.portlandpermits.org/apply/fabric-awning-permit,https://github.com/ekrolewicz6/portland-civic-labs/blob/23b4670d8d26b9093f6e401bb89d9d6f30d8506d/catalog/forms/permits/fabric-awning-permit.json,none,Applicant drawings and measurements; engineer/electrician where required; inspector.,Unknown; no measured department use,Unknown; no measured department use,0 demonstrated authoritative completions; no City issuing adapter,0 demonstrated authoritative completions,Unknown; no matched outcome cohort,Guidance or supervised comparison only. Staff must verify rules and enter/complete official systems; real sensitive intake requires P0 fixes first.,Unknown; potential clerical benefit offset by duplicate entry,Unknown; field work and official-system work remain,0 via this app alone,0 via this app alone,Unknown; no proven critical-path reduction,Current Title 32 criteria; façade/sign inventory; structural attachment; permit-type-specific fees and electrical linkage.,M2,Unknown empirically; conditional budgets M2,Unknown empirically; conditional budgets M2,Unknown case share; see path splits and remaining limits,0 for classes requiring staff inspection/merits decision; otherwise unknown,"Administrative queues/corrections may shrink; required waits, applicant work and physical work remain; no validated percentage","Portable registration ended July 25, 2026; placement compliance remains; historic or land-use conditions may require review.","P0 security/schema/state/payment correctness; official case/fee/document/notification adapters; durable jobs, recovery and audit; see backlog",No audited per-slug annual count; do not allocate broad official totals to this row,Family-specific models and shared volume sensitivity only; no additive per-form savings,High source wiring; medium workflow-family; low/unmeasured impact,O31;O32,https://www.portland.gov/ppd/sign-permits;https://www.portland.gov/transportation/permitting/portable-signs-boards,evidence/catalog-verification.json#fabric-awning-permit
facility-reservation,Community Center / Facility Reservation,parks-recreation,reservation/use permission,Parks reservations/events,Portland Parks & Recreation,Medium where official family source applies; otherwise catalog attribution only,"Real room inventory, agreement, deposits, accessibility and after-use charges.",Inventory/date selection -> eligibility/conflict/access/safety review -> agreement/deposit/payment -> confirmed booking -> event/use -> damage/deposit closeout,Public form schema/route implemented; original pipeline fixture reaches exception. Legacy conditional-schema exception reproduced; not proof first UI page cannot render No default discipline assignment; manual triage required,partial / exception in isolated validation,https://www.portlandpermits.org/apply/facility-reservation,https://github.com/ekrolewicz6/portland-civic-labs/blob/23b4670d8d26b9093f6e401bb89d9d6f30d8506d/catalog/forms/parks-recreation/facility-reservation.json,none,Parks staff resolve special uses; users conduct events; maintenance/site checks remain.,Unknown; no measured department use,Unknown; no measured department use,0 demonstrated authoritative completions; no City issuing adapter,0 demonstrated authoritative completions,Unknown; no matched outcome cohort,Guidance or supervised comparison only. Staff must verify rules and enter/complete official systems; real sensitive intake requires P0 fixes first.,Unknown; potential clerical benefit offset by duplicate entry,Unknown; field work and official-system work remain,0 via this app alone,0 via this app alone,Unknown; no proven critical-path reduction,Real inventory with atomic reservations; pricing/deposits/refunds; event checklists and asset work orders.,M2;M3,Unknown empirically; conditional budgets M2;M3,Unknown empirically; conditional budgets M2;M3,Unknown case share; see path splits and remaining limits,0 for classes requiring staff inspection/merits decision; otherwise unknown,"Administrative queues/corrections may shrink; required waits, applicant work and physical work remain; no validated percentage",A generic form without a reservation backend does not reserve a venue; eight schemas have incompatible condition shapes.,"P0 security/schema/state/payment correctness; official case/fee/document/notification adapters; durable jobs, recovery and audit; see backlog",No audited per-slug annual count; do not allocate broad official totals to this row,Family-specific models and shared volume sensitivity only; no additive per-form savings,High source wiring; medium workflow-family; low/unmeasured impact,O28,https://www.portland.gov/fire/permits-inspections/public-assembly-permit-requirements,evidence/catalog-verification.json#facility-reservation
fence-permit,Fence Permit,permits,permit/license or conditional exemption,Fences,PP&D,Medium where official family source applies; otherwise catalog attribution only,Building-permit-exempt versus tall/masonry/pool-barrier requiring permission; front/corner/overlay zoning independent.,Determine exemption -> zoning/vision/pool/site requirements -> engineering/review if needed -> fees and issuance if permit needed -> construction and final,Public form schema/route implemented; original pipeline fixture reaches approved. Synthetic auto-approval demonstrated; eligibility unsafe; no official issuance,partial,https://www.portlandpermits.org/apply/fence-permit,https://github.com/ekrolewicz6/portland-civic-labs/blob/23b4670d8d26b9093f6e401bb89d9d6f30d8506d/catalog/forms/permits/fence-permit.json,zoning,"Applicant dimensions, materials and surveyed placement; structural/site review where required; physical inspection.",Unknown; no measured department use,Unknown; no measured department use,0 demonstrated authoritative completions; no City issuing adapter,0 demonstrated authoritative completions,Unknown; no matched outcome cohort,Guidance or supervised comparison only. Staff must verify rules and enter/complete official systems; real sensitive intake requires P0 fixes first.,Unknown; potential clerical benefit offset by duplicate entry,Unknown; field work and official-system work remain,0 via this app alone,0 via this app alone,Unknown; no proven critical-path reduction,"Exemption decision separate from issuance; geometry, material thresholds, pool barriers, overlays, corner visibility.",M2,Unknown empirically; conditional budgets M2,Unknown empirically; conditional budgets M2,Unknown case share; see path splits and remaining limits,0 for classes requiring staff inspection/merits decision; otherwise unknown,"Administrative queues/corrections may shrink; required waits, applicant work and physical work remain; no validated percentage",Below building-permit thresholds does not mean all zoning rules pass.,"P0 security/schema/state/payment correctness; official case/fee/document/notification adapters; durable jobs, recovery and audit; see backlog",No audited per-slug annual count; do not allocate broad official totals to this row,Family-specific models and shared volume sensitivity only; no additive per-form savings,High source wiring; medium workflow-family; low/unmeasured impact,O05,https://www.portland.gov/ppd/residential-permitting/home-projects/fence-permits,evidence/catalog-verification.json#fence-permit
field-issuance-remodel,Field Issuance Remodel (FIR) Permit,permits,permit/license or conditional exemption,FIR,PP&D,Medium where official family source applies; otherwise catalog attribution only,"Existing enrolled participants, actual FIR scope and inspector workflow; not unrestricted under-$50,000 approval.",Confirm existing FIR participant -> inspector consultation/site assessment -> eligible scope/plan review -> fee/field issuance -> inspection and final,Public form schema/route implemented; original pipeline fixture reaches approved. Synthetic auto-approval demonstrated; eligibility unsafe; no official issuance,partial,https://www.portlandpermits.org/apply/field-issuance-remodel,https://github.com/ekrolewicz6/portland-civic-labs/blob/23b4670d8d26b9093f6e401bb89d9d6f30d8506d/catalog/forms/permits/field-issuance-remodel.json,structural;life_safety,FIR staff and registered participants must perform field and review duties.,Unknown; no measured department use,Unknown; no measured department use,0 demonstrated authoritative completions; no City issuing adapter,0 demonstrated authoritative completions,Unknown; no matched outcome cohort,Guidance or supervised comparison only. Staff must verify rules and enter/complete official systems; real sensitive intake requires P0 fixes first.,Unknown; potential clerical benefit offset by duplicate entry,Unknown; field work and official-system work remain,0 via this app alone,0 via this app alone,Unknown; no proven critical-path reduction,"Participant registry; inspector case scheduling; work order, approved scope, fees and inspection records.",M3,Unknown empirically; conditional budgets M3,Unknown empirically; conditional budgets M3,Unknown case share; see path splits and remaining limits,0 for classes requiring staff inspection/merits decision; otherwise unknown,"Administrative queues/corrections may shrink; required waits, applicant work and physical work remain; no validated percentage",Program enrollment closed as described March 2026; software does not create inspector capacity or remove field review.,"P0 security/schema/state/payment correctness; official case/fee/document/notification adapters; durable jobs, recovery and audit; see backlog",No audited per-slug annual count; do not allocate broad official totals to this row,Family-specific models and shared volume sensitivity only; no additive per-form savings,High source wiring; medium workflow-family; low/unmeasured impact,O06,https://www.portland.gov/ppd/residential-permitting/field-issuance-remodel-program,evidence/catalog-verification.json#field-issuance-remodel
film-photography-permit,Film / Video / Photography Permit,parks-recreation,reservation/use permission,Parks reservations/events,Portland Parks & Recreation,Medium where official family source applies; otherwise catalog attribution only,"Parks site permission, crew/impact conditions and related traffic/fire permits.",Inventory/date selection -> eligibility/conflict/access/safety review -> agreement/deposit/payment -> confirmed booking -> event/use -> damage/deposit closeout,Public form schema/route implemented; original pipeline fixture reaches exception. Legacy conditional-schema exception reproduced; not proof first UI page cannot render No default discipline assignment; manual triage required,partial / exception in isolated validation,https://www.portlandpermits.org/apply/film-photography-permit,https://github.com/ekrolewicz6/portland-civic-labs/blob/23b4670d8d26b9093f6e401bb89d9d6f30d8506d/catalog/forms/parks-recreation/film-photography-permit.json,none,Parks staff resolve special uses; users conduct events; maintenance/site checks remain.,Unknown; no measured department use,Unknown; no measured department use,0 demonstrated authoritative completions; no City issuing adapter,0 demonstrated authoritative completions,Unknown; no matched outcome cohort,Guidance or supervised comparison only. Staff must verify rules and enter/complete official systems; real sensitive intake requires P0 fixes first.,Unknown; potential clerical benefit offset by duplicate entry,Unknown; field work and official-system work remain,0 via this app alone,0 via this app alone,Unknown; no proven critical-path reduction,Real inventory with atomic reservations; pricing/deposits/refunds; event checklists and asset work orders.,M2;M3,Unknown empirically; conditional budgets M2;M3,Unknown empirically; conditional budgets M2;M3,Unknown case share; see path splits and remaining limits,0 for classes requiring staff inspection/merits decision; otherwise unknown,"Administrative queues/corrections may shrink; required waits, applicant work and physical work remain; no validated percentage",A generic form without a reservation backend does not reserve a venue; eight schemas have incompatible condition shapes.,"P0 security/schema/state/payment correctness; official case/fee/document/notification adapters; durable jobs, recovery and audit; see backlog",No audited per-slug annual count; do not allocate broad official totals to this row,Family-specific models and shared volume sensitivity only; no additive per-form savings,High source wiring; medium workflow-family; low/unmeasured impact,O28,https://www.portland.gov/fire/permits-inspections/public-assembly-permit-requirements,evidence/catalog-verification.json#film-photography-permit
fire-alarm-alteration,Fire Alarm Alteration Affidavit,permits,supporting document,Supporting document,Portland Fire & Rescue,Medium where official family source applies; otherwise catalog attribution only,Affidavit/minor-work route eligibility must be verified; not a blanket new-system approval.,Identify parent case -> submit certification/notice/affidavit -> validate signer and content -> reviewer acceptance -> satisfy parent condition,Public form schema/route implemented; original pipeline fixture reaches human_review. No default discipline assignment; manual triage required,partial,https://www.portlandpermits.org/apply/fire-alarm-alteration,https://github.com/ekrolewicz6/portland-civic-labs/blob/23b4670d8d26b9093f6e401bb89d9d6f30d8506d/catalog/forms/permits/fire-alarm-alteration.json,none,Applicant or professional attests truth; staff resolves exceptions and parent decision.,Unknown; no measured department use,Unknown; no measured department use,0 demonstrated authoritative completions; no City issuing adapter,0 demonstrated authoritative completions,Unknown; no matched outcome cohort,Guidance or supervised comparison only. Staff must verify rules and enter/complete official systems; real sensitive intake requires P0 fixes first.,Unknown; potential clerical benefit offset by duplicate entry,Unknown; field work and official-system work remain,0 via this app alone,0 via this app alone,Unknown; no proven critical-path reduction,Parent/revision binding; signatory authority; document hash; acceptance criteria; expiring-condition tracking.,unknown,Unknown empirically; conditional budgets unknown,Unknown empirically; conditional budgets unknown,Unknown case share; see path splits and remaining limits,0 for classes requiring staff inspection/merits decision; otherwise unknown,"Administrative queues/corrections may shrink; required waits, applicant work and physical work remain; no validated percentage",Not an independent permit or additional case to count in impact totals.,"P0 security/schema/state/payment correctness; official case/fee/document/notification adapters; durable jobs, recovery and audit; see backlog",No audited per-slug annual count; do not allocate broad official totals to this row,Family-specific models and shared volume sensitivity only; no additive per-form savings,High source wiring; medium workflow-family; low/unmeasured impact,O02;O22;O30,https://www.portland.gov/ppd/submit-and-pay-application-permit-type;https://www.portland.gov/code/11/40;https://www.portland.gov/fire/permits-inspections/documents/design-manual-fire-protection-systems-and-processes/download,evidence/catalog-verification.json#fire-alarm-alteration
fire-alarm-installation,Fire Alarm System Installation Permit,permits,permit/license or conditional exemption,Fire systems,Portland Fire & Rescue,Medium where official family source applies; otherwise catalog attribution only,"New system plans/device compatibility, installation and witnessed functional tests.",System/scope classification -> professional plans/calculations -> fire review -> installation permit -> acceptance/pressure/functional tests -> approval/final,Public form schema/route implemented; original pipeline fixture reaches human_review. Client upload object/string-array validation mismatch reproduced No default discipline assignment; manual triage required,partial,https://www.portlandpermits.org/apply/fire-alarm-installation,https://github.com/ekrolewicz6/portland-civic-labs/blob/23b4670d8d26b9093f6e401bb89d9d6f30d8506d/catalog/forms/permits/fire-alarm-installation.json,none,Designer and installer; fire review; witnessed acceptance tests.,Unknown; no measured department use,Unknown; no measured department use,0 demonstrated authoritative completions; no City issuing adapter,0 demonstrated authoritative completions,Unknown; no matched outcome cohort,Guidance or supervised comparison only. Staff must verify rules and enter/complete official systems; real sensitive intake requires P0 fixes first.,Unknown; potential clerical benefit offset by duplicate entry,Unknown; field work and official-system work remain,0 via this app alone,0 via this app alone,Unknown; no proven critical-path reduction,"Equipment compatibility, hydraulic/coverage and circuit rule models; licensed signatures; test forms and inspection integration.",M3,Unknown empirically; conditional budgets M3,Unknown empirically; conditional budgets M3,Unknown case share; see path splits and remaining limits,0 for classes requiring staff inspection/merits decision; otherwise unknown,"Administrative queues/corrections may shrink; required waits, applicant work and physical work remain; no validated percentage",Minor modifications and affidavits must follow their own authorized route; field system performance cannot be inferred from an upload.,"P0 security/schema/state/payment correctness; official case/fee/document/notification adapters; durable jobs, recovery and audit; see backlog",No audited per-slug annual count; do not allocate broad official totals to this row,Family-specific models and shared volume sensitivity only; no additive per-form savings,High source wiring; medium workflow-family; low/unmeasured impact,O30;O09,https://www.portland.gov/fire/permits-inspections/documents/design-manual-fire-protection-systems-and-processes/download;https://www.portland.gov/ppd/commercial-permitting/commercial-requirements,evidence/catalog-verification.json#fire-alarm-installation
fire-art-performer-permit,Fire Art Performance Permit,permits,permit/license or conditional exemption,Fire operations,Portland Fire & Rescue,Medium where official family source applies; otherwise catalog attribution only,Performer credentials and event/site-specific conditions remain.,Activity/hazard classification -> layout/equipment/safety plan -> fire review and required site inspection -> fee/permission -> monitored event/operation -> renewal or closeout,Public form schema/route implemented; original pipeline fixture reaches human_review. Client upload object/string-array validation mismatch reproduced No default discipline assignment; manual triage required,partial,https://www.portlandpermits.org/apply/fire-art-performer-permit,https://github.com/ekrolewicz6/portland-civic-labs/blob/23b4670d8d26b9093f6e401bb89d9d6f30d8506d/catalog/forms/permits/fire-art-performer-permit.json,none,"Fire officer judgment, safe operation, trained personnel and site checks remain.",Unknown; no measured department use,Unknown; no measured department use,0 demonstrated authoritative completions; no City issuing adapter,0 demonstrated authoritative completions,Unknown; no matched outcome cohort,Guidance or supervised comparison only. Staff must verify rules and enter/complete official systems; real sensitive intake requires P0 fixes first.,Unknown; potential clerical benefit offset by duplicate entry,Unknown; field work and official-system work remain,0 via this app alone,0 via this app alone,Unknown; no proven critical-path reduction,"Hazard-specific checklists, capacity and separation rules, credential validation, inspection calendar, event/renewal records.",M3,Unknown empirically; conditional budgets M3,Unknown empirically; conditional budgets M3,Unknown case share; see path splits and remaining limits,0 for classes requiring staff inspection/merits decision; otherwise unknown,"Administrative queues/corrections may shrink; required waits, applicant work and physical work remain; no validated percentage","One general fire form is not a universal approval criterion for propane, hot work, lasers or pyrotechnics.","P0 security/schema/state/payment correctness; official case/fee/document/notification adapters; durable jobs, recovery and audit; see backlog",No audited per-slug annual count; do not allocate broad official totals to this row,Family-specific models and shared volume sensitivity only; no additive per-form savings,High source wiring; medium workflow-family; low/unmeasured impact,O28;O29,https://www.portland.gov/fire/permits-inspections/public-assembly-permit-requirements;https://www.portland.gov/fire/permits-inspections/documents/30008an-annual-permit-public-special-events-0/download,evidence/catalog-verification.json#fire-art-performer-permit
fire-code-permit,Fire Code Operational Permit,permits,permit/license or conditional exemption,Fire operations,Portland Fire & Rescue,Medium where official family source applies; otherwise catalog attribution only,Broad hazardous activities must split into distinct operating permit classes.,Activity/hazard classification -> layout/equipment/safety plan -> fire review and required site inspection -> fee/permission -> monitored event/operation -> renewal or closeout,Public form schema/route implemented; original pipeline fixture reaches human_review. Client upload object/string-array validation mismatch reproduced,partial,https://www.portlandpermits.org/apply/fire-code-permit,https://github.com/ekrolewicz6/portland-civic-labs/blob/23b4670d8d26b9093f6e401bb89d9d6f30d8506d/catalog/forms/permits/fire-code-permit.json,fire,"Fire officer judgment, safe operation, trained personnel and site checks remain.",Unknown; no measured department use,Unknown; no measured department use,0 demonstrated authoritative completions; no City issuing adapter,0 demonstrated authoritative completions,Unknown; no matched outcome cohort,Guidance or supervised comparison only. Staff must verify rules and enter/complete official systems; real sensitive intake requires P0 fixes first.,Unknown; potential clerical benefit offset by duplicate entry,Unknown; field work and official-system work remain,0 via this app alone,0 via this app alone,Unknown; no proven critical-path reduction,"Hazard-specific checklists, capacity and separation rules, credential validation, inspection calendar, event/renewal records.",M3,Unknown empirically; conditional budgets M3,Unknown empirically; conditional budgets M3,Unknown case share; see path splits and remaining limits,0 for classes requiring staff inspection/merits decision; otherwise unknown,"Administrative queues/corrections may shrink; required waits, applicant work and physical work remain; no validated percentage","One general fire form is not a universal approval criterion for propane, hot work, lasers or pyrotechnics.","P0 security/schema/state/payment correctness; official case/fee/document/notification adapters; durable jobs, recovery and audit; see backlog",No audited per-slug annual count; do not allocate broad official totals to this row,Family-specific models and shared volume sensitivity only; no additive per-form savings,High source wiring; medium workflow-family; low/unmeasured impact,O28;O29,https://www.portland.gov/fire/permits-inspections/public-assembly-permit-requirements;https://www.portland.gov/fire/permits-inspections/documents/30008an-annual-permit-public-special-events-0/download,evidence/catalog-verification.json#fire-code-permit
fire-flow-request,Fire Flow Information Request,water-sewer,information/consultation,Information/early assistance,Water Bureau,Medium where official family source applies; otherwise catalog attribution only,Hydraulic data response; capacity information is not approval of building or service design.,Identify property/project -> request/schedule -> data or staff advice -> response record,Public form schema/route implemented; original pipeline fixture reaches human_review. No default discipline assignment; manual triage required,partial,https://www.portlandpermits.org/apply/fire-flow-request,https://github.com/ekrolewicz6/portland-civic-labs/blob/23b4670d8d26b9093f6e401bb89d9d6f30d8506d/catalog/forms/water-sewer/fire-flow-request.json,none,Staff consultation or current asset/model retrieval; applicant follows advice with actual applications.,Unknown; no measured department use,Unknown; no measured department use,0 demonstrated authoritative completions; no City issuing adapter,0 demonstrated authoritative completions,Unknown; no matched outcome cohort,Guidance or supervised comparison only. Staff must verify rules and enter/complete official systems; real sensitive intake requires P0 fixes first.,Unknown; potential clerical benefit offset by duplicate entry,Unknown; field work and official-system work remain,0 via this app alone,0 via this app alone,Unknown; no proven critical-path reduction,Authoritative lookup/scheduling and response export; project link; distinguish estimates from capacity commitments.,unknown,Unknown empirically; conditional budgets unknown,Unknown empirically; conditional budgets unknown,Unknown case share; see path splits and remaining limits,0 for classes requiring staff inspection/merits decision; otherwise unknown,"Administrative queues/corrections may shrink; required waits, applicant work and physical work remain; no validated percentage","An information response or fee statement is not authorization to build, connect or operate.","P0 security/schema/state/payment correctness; official case/fee/document/notification adapters; durable jobs, recovery and audit; see backlog",No audited per-slug annual count; do not allocate broad official totals to this row,Family-specific models and shared volume sensitivity only; no additive per-form savings,High source wiring; medium workflow-family; low/unmeasured impact,O02;O35,https://www.portland.gov/ppd/submit-and-pay-application-permit-type;https://www.portland.gov/ppd/infrastructure/sewer-stormwater-permit-requirements,evidence/catalog-verification.json#fire-flow-request
food-cart-pod,Food Cart Pod Application,businesses,permit/license or conditional exemption,Business/regulatory licenses,PP&D,Medium where official family source applies; otherwise catalog attribution only,City site/building/utility/fire plus county pod/health licensing; bundled multi-authority project.,Identify licensing authority and scope -> identity/site/credential/background or safety checks -> external recommendations -> fee/license -> renewals/enforcement,Public form schema/route implemented; original pipeline fixture reaches human_review. Client upload object/string-array validation mismatch reproduced No default discipline assignment; manual triage required,partial,https://www.portlandpermits.org/apply/food-cart-pod,https://github.com/ekrolewicz6/portland-civic-labs/blob/23b4670d8d26b9093f6e401bb89d9d6f30d8506d/catalog/forms/businesses/food-cart-pod.json,none,Regulator and external agencies determine eligibility; inspections/hearings depend on license.,Unknown; no measured department use,Unknown; no measured department use,0 demonstrated authoritative completions; no City issuing adapter,0 demonstrated authoritative completions,Unknown; no matched outcome cohort,Guidance or supervised comparison only. Staff must verify rules and enter/complete official systems; real sensitive intake requires P0 fixes first.,Unknown; potential clerical benefit offset by duplicate entry,Unknown; field work and official-system work remain,0 via this app alone,0 via this app alone,Unknown; no proven critical-path reduction,Per-license rule packs; license/background registries; renewal events and agency handoffs.,unknown,Unknown empirically; conditional budgets unknown,Unknown empirically; conditional budgets unknown,Unknown case share; see path splits and remaining limits,0 for classes requiring staff inspection/merits decision; otherwise unknown,"Administrative queues/corrections may shrink; required waits, applicant work and physical work remain; no validated percentage","Catalog labels are not evidence of City authority; OLCC, county and state permissions remain separate.","P0 security/schema/state/payment correctness; official case/fee/document/notification adapters; durable jobs, recovery and audit; see backlog",No audited per-slug annual count; do not allocate broad official totals to this row,Family-specific models and shared volume sensitivity only; no additive per-form savings,High source wiring; medium workflow-family; low/unmeasured impact,O40;O42;O43,https://multco.us/services/food-cart-license;https://www.portland.gov/ppd/cannabis;https://www.oregon.gov/olcc/marijuana/Pages/default.aspx,evidence/catalog-verification.json#food-cart-pod
garbage-recycling-setup,Garbage & Recycling Service Setup,residents,account update/registration,Account updates/registration,BPS,Medium where official family source applies; otherwise catalog attribution only,Service-provider account and route activation; private hauler integration required.,Verify identity/authority -> validate requested update -> update authoritative systems -> confirmation and exceptions,Public form schema/route implemented; original pipeline fixture reaches human_review. No default discipline assignment; manual triage required,partial,https://www.portlandpermits.org/apply/garbage-recycling-setup,https://github.com/ekrolewicz6/portland-civic-labs/blob/23b4670d8d26b9093f6e401bb89d9d6f30d8506d/catalog/forms/residents/garbage-recycling-setup.json,none,Customer and owner agency; physical service transfer if needed.,Unknown; no measured department use,Unknown; no measured department use,0 demonstrated authoritative completions; no City issuing adapter,0 demonstrated authoritative completions,Unknown; no matched outcome cohort,Guidance or supervised comparison only. Staff must verify rules and enter/complete official systems; real sensitive intake requires P0 fixes first.,Unknown; potential clerical benefit offset by duplicate entry,Unknown; field work and official-system work remain,0 via this app alone,0 via this app alone,Unknown; no proven critical-path reduction,Account/identity matching; consent scope; exact agency API; audit and rollback.,unknown,Unknown empirically; conditional budgets unknown,Unknown empirically; conditional budgets unknown,Unknown case share; see path splits and remaining limits,0 for classes requiring staff inspection/merits decision; otherwise unknown,"Administrative queues/corrections may shrink; required waits, applicant work and physical work remain; no validated percentage",No single citywide address/contractor registry is proven connected; private/state registries may own the record.,"P0 security/schema/state/payment correctness; official case/fee/document/notification adapters; durable jobs, recovery and audit; see backlog",No audited per-slug annual count; do not allocate broad official totals to this row,Family-specific models and shared volume sensitivity only; no additive per-form savings,High source wiring; medium workflow-family; low/unmeasured impact,O44,https://www.portland.gov/revenue,evidence/catalog-verification.json#garbage-recycling-setup
graffiti-report,Graffiti Report,reports,report/field service,Reports/field service,Office of Community & Civic Life,Medium where official family source applies; otherwise catalog attribution only,Property/owner jurisdiction and removal crew; report does not perform cleanup.,Receive location/evidence -> triage/jurisdiction/duplicate check -> dispatch -> investigation/physical work -> verify/close and notify,Public form schema/route implemented; original pipeline fixture reaches human_review. Client upload object/string-array validation mismatch reproduced No default discipline assignment; manual triage required,partial,https://www.portlandpermits.org/apply/graffiti-report,https://github.com/ekrolewicz6/portland-civic-labs/blob/23b4670d8d26b9093f6e401bb89d9d6f30d8506d/catalog/forms/reports/graffiti-report.json,none,"Investigators, responders or maintenance crews perform and verify the work.",Unknown; no measured department use,Unknown; no measured department use,0 demonstrated authoritative completions; no City issuing adapter,0 demonstrated authoritative completions,Unknown; no matched outcome cohort,Guidance or supervised comparison only. Staff must verify rules and enter/complete official systems; real sensitive intake requires P0 fixes first.,Unknown; potential clerical benefit offset by duplicate entry,Unknown; field work and official-system work remain,0 via this app alone,0 via this app alone,Unknown; no proven critical-path reduction,"311/work-order integrations; asset and incident IDs; prioritization, duplicate matching and SLA/escalation.",unknown,Unknown empirically; conditional budgets unknown,Unknown empirically; conditional budgets unknown,Unknown case share; see path splits and remaining limits,0 for classes requiring staff inspection/merits decision; otherwise unknown,"Administrative queues/corrections may shrink; required waits, applicant work and physical work remain; no validated percentage","No outage, pothole or complaint is resolved merely because its form has been submitted.","P0 security/schema/state/payment correctness; official case/fee/document/notification adapters; durable jobs, recovery and audit; see backlog",No audited per-slug annual count; do not allocate broad official totals to this row,Family-specific models and shared volume sensitivity only; no additive per-form savings,High source wiring; medium workflow-family; low/unmeasured impact,O02,https://www.portland.gov/ppd/submit-and-pay-application-permit-type,evidence/catalog-verification.json#graffiti-report
heritage-tree-permit,Heritage Tree Work Permit,permits,permit/license or conditional exemption,Tree work,Portland PP&D tree permitting; associated bureaus/land-use authority as applicable,Medium where official family source applies; otherwise catalog attribution only,Protected-tree status and sensitive work/decision path; arborist and authority review.,Ownership/street/private/heritage/development classification -> species/size/site -> exempt/Type A/Type B/special route -> inspection/notice/replanting conditions -> decision -> work -> replanting/compliance closeout,Public form schema/route implemented; original pipeline fixture reaches human_review. Client upload object/string-array validation mismatch reproduced No default discipline assignment; manual triage required,partial,https://www.portlandpermits.org/apply/heritage-tree-permit,https://github.com/ekrolewicz6/portland-civic-labs/blob/23b4670d8d26b9093f6e401bb89d9d6f30d8506d/catalog/forms/permits/heritage-tree-permit.json,none,"Arborist/site assessment, discretion and public process depend on path; physical work/replanting remain.",Unknown; no measured department use,Unknown; no measured department use,0 demonstrated authoritative completions; no City issuing adapter,0 demonstrated authoritative completions,Unknown; no matched outcome cohort,Guidance or supervised comparison only. Staff must verify rules and enter/complete official systems; real sensitive intake requires P0 fixes first.,Unknown; potential clerical benefit offset by duplicate entry,Unknown; field work and official-system work remain,0 via this app alone,0 via this app alone,Unknown; no proven critical-path reduction,"Tree inventory, species/DBH and location evidence; hazard/photo review; adopted Title 11 criteria; notices, replacement and mitigation ledger.",M2;M3;M4,Unknown empirically; conditional budgets M2;M3;M4,Unknown empirically; conditional budgets M2;M3;M4,Unknown case share; see path splits and remaining limits,0 for classes requiring staff inspection/merits decision; otherwise unknown,"Administrative queues/corrections may shrink; required waits, applicant work and physical work remain; no validated percentage","Pruning exemptions and routine pruning differ from removal, heritage work and waivers.","P0 security/schema/state/payment correctness; official case/fee/document/notification adapters; durable jobs, recovery and audit; see backlog",No audited per-slug annual count; do not allocate broad official totals to this row,Family-specific models and shared volume sensitivity only; no additive per-form savings,High source wiring; medium workflow-family; low/unmeasured impact,O21;O22;O23;O24,https://www.portland.gov/ppd/tree-permits/do-i-need-tree-permit;https://www.portland.gov/code/11/40;https://www.portland.gov/ppd/tree-permits/removal-and-replanting-permits/do-i-need-permit-remove-trees-private-property;https://www.portland.gov/trees/treepermits/documents/street-tree-permit-application-non-removal/download,evidence/catalog-verification.json#heritage-tree-permit
home-fire-safety,Home Fire Safety Assessment Request,residents,report/field service,Reports/field service,Portland Fire & Rescue,Medium where official family source applies; otherwise catalog attribution only,Visit scheduling and physical home assessment; findings and follow-up.,Receive location/evidence -> triage/jurisdiction/duplicate check -> dispatch -> investigation/physical work -> verify/close and notify,Public form schema/route implemented; original pipeline fixture reaches human_review. No default discipline assignment; manual triage required,partial,https://www.portlandpermits.org/apply/home-fire-safety,https://github.com/ekrolewicz6/portland-civic-labs/blob/23b4670d8d26b9093f6e401bb89d9d6f30d8506d/catalog/forms/residents/home-fire-safety.json,none,"Investigators, responders or maintenance crews perform and verify the work.",Unknown; no measured department use,Unknown; no measured department use,0 demonstrated authoritative completions; no City issuing adapter,0 demonstrated authoritative completions,Unknown; no matched outcome cohort,Guidance or supervised comparison only. Staff must verify rules and enter/complete official systems; real sensitive intake requires P0 fixes first.,Unknown; potential clerical benefit offset by duplicate entry,Unknown; field work and official-system work remain,0 via this app alone,0 via this app alone,Unknown; no proven critical-path reduction,"311/work-order integrations; asset and incident IDs; prioritization, duplicate matching and SLA/escalation.",unknown,Unknown empirically; conditional budgets unknown,Unknown empirically; conditional budgets unknown,Unknown case share; see path splits and remaining limits,0 for classes requiring staff inspection/merits decision; otherwise unknown,"Administrative queues/corrections may shrink; required waits, applicant work and physical work remain; no validated percentage","No outage, pothole or complaint is resolved merely because its form has been submitted.","P0 security/schema/state/payment correctness; official case/fee/document/notification adapters; durable jobs, recovery and audit; see backlog",No audited per-slug annual count; do not allocate broad official totals to this row,Family-specific models and shared volume sensitivity only; no additive per-form savings,High source wiring; medium workflow-family; low/unmeasured impact,O02,https://www.portland.gov/ppd/submit-and-pay-application-permit-type,evidence/catalog-verification.json#home-fire-safety
home-occupation-permit,Home Occupation Permit,businesses,permit/license or conditional exemption,Home occupation,PP&D,Medium where official family source applies; otherwise catalog attribution only,Type A/no-permit guidance and Type B permit with location/visitor/employee limits.,Classify Type A/no permit versus Type B -> location/activity/customer limits -> notice/review -> permit where required -> ongoing compliance/renewal,Public form schema/route implemented; original pipeline fixture reaches human_review. Client upload object/string-array validation mismatch reproduced No default discipline assignment; manual triage required,partial,https://www.portlandpermits.org/apply/home-occupation-permit,https://github.com/ekrolewicz6/portland-civic-labs/blob/23b4670d8d26b9093f6e401bb89d9d6f30d8506d/catalog/forms/businesses/home-occupation-permit.json,none,"Applicant disclosures; bureau checks, exceptions and complaints.",Unknown; no measured department use,Unknown; no measured department use,0 demonstrated authoritative completions; no City issuing adapter,0 demonstrated authoritative completions,Unknown; no matched outcome cohort,Guidance or supervised comparison only. Staff must verify rules and enter/complete official systems; real sensitive intake requires P0 fixes first.,Unknown; potential clerical benefit offset by duplicate entry,Unknown; field work and official-system work remain,0 via this app alone,0 via this app alone,Unknown; no proven critical-path reduction,Adopted visitor/employee/use limits; Type A guidance; Type B notice and validation workflow.,M2,Unknown empirically; conditional budgets M2,Unknown empirically; conditional budgets M2,Unknown case share; see path splits and remaining limits,0 for classes requiring staff inspection/merits decision; otherwise unknown,"Administrative queues/corrections may shrink; required waits, applicant work and physical work remain; no validated percentage",Not every home business needs a permit; inspections or discretionary exceptions prevent blanket zero-touch claims.,"P0 security/schema/state/payment correctness; official case/fee/document/notification adapters; durable jobs, recovery and audit; see backlog",No audited per-slug annual count; do not allocate broad official totals to this row,Family-specific models and shared volume sensitivity only; no additive per-form savings,High source wiring; medium workflow-family; low/unmeasured impact,O39,https://www.portland.gov/ppd/home-occupation-permit,evidence/catalog-verification.json#home-occupation-permit
home-repair-grant,Critical Home Repair Grant,grants,funding application,Grants,PHB,Medium where official family source applies; otherwise catalog attribution only,"Program income/property/repair eligibility, scarce funding and completed-work evidence.",Program intake window -> eligibility -> merits/scoring/budget selection -> award agreement -> disbursement -> evidence/reporting/closeout,Public form schema/route implemented; original pipeline fixture reaches human_review. Client upload object/string-array validation mismatch reproduced No default discipline assignment; manual triage required,partial,https://www.portlandpermits.org/apply/home-repair-grant,https://github.com/ekrolewicz6/portland-civic-labs/blob/23b4670d8d26b9093f6e401bb89d9d6f30d8506d/catalog/forms/grants/home-repair-grant.json,none,"Program panel and funder decisions; recipient work, inspections/audit as required.",Unknown; no measured department use,Unknown; no measured department use,0 demonstrated authoritative completions; no City issuing adapter,0 demonstrated authoritative completions,Unknown; no matched outcome cohort,Guidance or supervised comparison only. Staff must verify rules and enter/complete official systems; real sensitive intake requires P0 fixes first.,Unknown; potential clerical benefit offset by duplicate entry,Unknown; field work and official-system work remain,0 via this app alone,0 via this app alone,Unknown; no proven critical-path reduction,"Program-specific application/scoring support, budget encumbrance, agreements, reporting and finance adapter.",unknown,Unknown empirically; conditional budgets unknown,Unknown empirically; conditional budgets unknown,Unknown case share; see path splits and remaining limits,0 for classes requiring staff inspection/merits decision; otherwise unknown,"Administrative queues/corrections may shrink; required waits, applicant work and physical work remain; no validated percentage",Funding availability and selection are not code-compliance permit decisions; current program intake status unverified.,"P0 security/schema/state/payment correctness; official case/fee/document/notification adapters; durable jobs, recovery and audit; see backlog",No audited per-slug annual count; do not allocate broad official totals to this row,Family-specific models and shared volume sensitivity only; no additive per-form savings,High source wiring; medium workflow-family; low/unmeasured impact,O46,https://www.portland.gov/bes/grants-incentives,evidence/catalog-verification.json#home-repair-grant
home-repair-loan,Home Repair Loan,loans,loan,Loans,PHB,Medium where official family source applies; otherwise catalog attribution only,"Underwriting, property security, contractor draw inspection and repayment.",Program/property/borrower eligibility -> financial verification and underwriting -> funding/closing/security -> disbursement -> work verification/repayment/release,Public form schema/route implemented; original pipeline fixture reaches human_review. Client upload object/string-array validation mismatch reproduced No default discipline assignment; manual triage required,partial,https://www.portlandpermits.org/apply/home-repair-loan,https://github.com/ekrolewicz6/portland-civic-labs/blob/23b4670d8d26b9093f6e401bb89d9d6f30d8506d/catalog/forms/loans/home-repair-loan.json,none,"Lender/borrower, title/credit process and field verification remain.",Unknown; no measured department use,Unknown; no measured department use,0 demonstrated authoritative completions; no City issuing adapter,0 demonstrated authoritative completions,Unknown; no matched outcome cohort,Guidance or supervised comparison only. Staff must verify rules and enter/complete official systems; real sensitive intake requires P0 fixes first.,Unknown; potential clerical benefit offset by duplicate entry,Unknown; field work and official-system work remain,0 via this app alone,0 via this app alone,Unknown; no proven critical-path reduction,"Underwriting rules, identity/consent, servicing/finance/title interfaces and lien/repayment records.",unknown,Unknown empirically; conditional budgets unknown,Unknown empirically; conditional budgets unknown,Unknown case share; see path splits and remaining limits,0 for classes requiring staff inspection/merits decision; otherwise unknown,"Administrative queues/corrections may shrink; required waits, applicant work and physical work remain; no validated percentage","Approval is not funding; credit, title and scarce program funds are external dependencies.","P0 security/schema/state/payment correctness; official case/fee/document/notification adapters; durable jobs, recovery and audit; see backlog",No audited per-slug annual count; do not allocate broad official totals to this row,Family-specific models and shared volume sensitivity only; no additive per-form savings,High source wiring; medium workflow-family; low/unmeasured impact,O46,https://www.portland.gov/bes/grants-incentives,evidence/catalog-verification.json#home-repair-loan
hydrant-permit,Hydrant Permit — Nonpotable Water Use,water-sewer,permit/license or conditional exemption,Water/discharge operations,Water Bureau,Medium where official family source applies; otherwise catalog attribution only,"Authorized hydrant, meter/backflow, nonpotable use conditions, deposit/use accounting and return.",Classify use/discharge -> capacity/quality data -> utility or environmental review -> conditions/fees -> authorization -> testing/reporting and renewals,Public form schema/route implemented; original pipeline fixture reaches human_review. No default discipline assignment; manual triage required,partial,https://www.portlandpermits.org/apply/hydrant-permit,https://github.com/ekrolewicz6/portland-civic-labs/blob/23b4670d8d26b9093f6e401bb89d9d6f30d8506d/catalog/forms/water-sewer/hydrant-permit.json,none,Water/industrial wastewater staff and state agencies; laboratory/field work where required.,Unknown; no measured department use,Unknown; no measured department use,0 demonstrated authoritative completions; no City issuing adapter,0 demonstrated authoritative completions,Unknown; no matched outcome cohort,Guidance or supervised comparison only. Staff must verify rules and enter/complete official systems; real sensitive intake requires P0 fixes first.,Unknown; potential clerical benefit offset by duplicate entry,Unknown; field work and official-system work remain,0 via this app alone,0 via this app alone,Unknown; no proven critical-path reduction,Account and asset IDs; lab reports; flow limits; approved points; monitoring schedules; bureau/DEQ adapters.,unknown,Unknown empirically; conditional budgets unknown,Unknown empirically; conditional budgets unknown,Unknown case share; see path splits and remaining limits,0 for classes requiring staff inspection/merits decision; otherwise unknown,"Administrative queues/corrections may shrink; required waits, applicant work and physical work remain; no validated percentage",Industrial NPDES is a separate program from construction 1200-C; applicable authority and permit rule pack need confirmation.,"P0 security/schema/state/payment correctness; official case/fee/document/notification adapters; durable jobs, recovery and audit; see backlog",No audited per-slug annual count; do not allocate broad official totals to this row,Family-specific models and shared volume sensitivity only; no additive per-form savings,High source wiring; medium workflow-family; low/unmeasured impact,O35;O36,https://www.portland.gov/ppd/infrastructure/sewer-stormwater-permit-requirements;https://www.oregon.gov/deq/wq/Documents/1200CPermit.pdf,evidence/catalog-verification.json#hydrant-permit
illegal-dumping-report,Illegal Dumping Report,reports,report/field service,Reports/field service,BES / Code Compliance,Medium where official family source applies; otherwise catalog attribution only,"Ownership, evidence, response priority, cleanup and possible enforcement.",Receive location/evidence -> triage/jurisdiction/duplicate check -> dispatch -> investigation/physical work -> verify/close and notify,Public form schema/route implemented; original pipeline fixture reaches human_review. Client upload object/string-array validation mismatch reproduced No default discipline assignment; manual triage required,partial,https://www.portlandpermits.org/apply/illegal-dumping-report,https://github.com/ekrolewicz6/portland-civic-labs/blob/23b4670d8d26b9093f6e401bb89d9d6f30d8506d/catalog/forms/reports/illegal-dumping-report.json,none,"Investigators, responders or maintenance crews perform and verify the work.",Unknown; no measured department use,Unknown; no measured department use,0 demonstrated authoritative completions; no City issuing adapter,0 demonstrated authoritative completions,Unknown; no matched outcome cohort,Guidance or supervised comparison only. Staff must verify rules and enter/complete official systems; real sensitive intake requires P0 fixes first.,Unknown; potential clerical benefit offset by duplicate entry,Unknown; field work and official-system work remain,0 via this app alone,0 via this app alone,Unknown; no proven critical-path reduction,"311/work-order integrations; asset and incident IDs; prioritization, duplicate matching and SLA/escalation.",unknown,Unknown empirically; conditional budgets unknown,Unknown empirically; conditional budgets unknown,Unknown case share; see path splits and remaining limits,0 for classes requiring staff inspection/merits decision; otherwise unknown,"Administrative queues/corrections may shrink; required waits, applicant work and physical work remain; no validated percentage","No outage, pothole or complaint is resolved merely because its form has been submitted.","P0 security/schema/state/payment correctness; official case/fee/document/notification adapters; durable jobs, recovery and audit; see backlog",No audited per-slug annual count; do not allocate broad official totals to this row,Family-specific models and shared volume sensitivity only; no additive per-form savings,High source wiring; medium workflow-family; low/unmeasured impact,O02,https://www.portland.gov/ppd/submit-and-pay-application-permit-type,evidence/catalog-verification.json#illegal-dumping-report
industrial-wastewater-permit,Industrial Wastewater Discharge Permit,water-sewer,permit/license or conditional exemption,Water/discharge operations,BES,Medium where official family source applies; otherwise catalog attribution only,"BES pretreatment/discharge conditions, industrial process data, sampling and renewal.",Classify use/discharge -> capacity/quality data -> utility or environmental review -> conditions/fees -> authorization -> testing/reporting and renewals,Public form schema/route implemented; original pipeline fixture reaches human_review. Client upload object/string-array validation mismatch reproduced No default discipline assignment; manual triage required,partial,https://www.portlandpermits.org/apply/industrial-wastewater-permit,https://github.com/ekrolewicz6/portland-civic-labs/blob/23b4670d8d26b9093f6e401bb89d9d6f30d8506d/catalog/forms/water-sewer/industrial-wastewater-permit.json,none,Water/industrial wastewater staff and state agencies; laboratory/field work where required.,Unknown; no measured department use,Unknown; no measured department use,0 demonstrated authoritative completions; no City issuing adapter,0 demonstrated authoritative completions,Unknown; no matched outcome cohort,Guidance or supervised comparison only. Staff must verify rules and enter/complete official systems; real sensitive intake requires P0 fixes first.,Unknown; potential clerical benefit offset by duplicate entry,Unknown; field work and official-system work remain,0 via this app alone,0 via this app alone,Unknown; no proven critical-path reduction,Account and asset IDs; lab reports; flow limits; approved points; monitoring schedules; bureau/DEQ adapters.,unknown,Unknown empirically; conditional budgets unknown,Unknown empirically; conditional budgets unknown,Unknown case share; see path splits and remaining limits,0 for classes requiring staff inspection/merits decision; otherwise unknown,"Administrative queues/corrections may shrink; required waits, applicant work and physical work remain; no validated percentage",Industrial NPDES is a separate program from construction 1200-C; applicable authority and permit rule pack need confirmation.,"P0 security/schema/state/payment correctness; official case/fee/document/notification adapters; durable jobs, recovery and audit; see backlog",No audited per-slug annual count; do not allocate broad official totals to this row,Family-specific models and shared volume sensitivity only; no additive per-form savings,High source wiring; medium workflow-family; low/unmeasured impact,O35;O36,https://www.portland.gov/ppd/infrastructure/sewer-stormwater-permit-requirements;https://www.oregon.gov/deq/wq/Documents/1200CPermit.pdf,evidence/catalog-verification.json#industrial-wastewater-permit
land-use-appeal,Land Use Decision Appeal,claims,appeal/claim/variance,Appeals/claims,PP&D / LUBA,Medium where official family source applies; otherwise catalog attribution only,"City appeal versus state LUBA path; standing, filing deadline and administrative record.",Identify decision/standing/deadline -> admissibility and record -> response/hearing/investigation -> independent decision -> remedy/payment/compliance,Public form schema/route implemented; original pipeline fixture reaches human_review. Client upload object/string-array validation mismatch reproduced No default discipline assignment; manual triage required,partial,https://www.portlandpermits.org/apply/land-use-appeal,https://github.com/ekrolewicz6/portland-civic-labs/blob/23b4670d8d26b9093f6e401bb89d9d6f30d8506d/catalog/forms/claims/land-use-appeal.json,none,"Decision-maker, claimant and other parties; hearings, evidence and legal judgment remain.",Unknown; no measured department use,Unknown; no measured department use,0 demonstrated authoritative completions; no City issuing adapter,0 demonstrated authoritative completions,Unknown; no matched outcome cohort,Guidance or supervised comparison only. Staff must verify rules and enter/complete official systems; real sensitive intake requires P0 fixes first.,Unknown; potential clerical benefit offset by duplicate entry,Unknown; field work and official-system work remain,0 via this app alone,0 via this app alone,Unknown; no proven critical-path reduction,Deadline/fee/record assembly; status and scheduling; conflict-free assignments and outcome accounting.,M4,Unknown empirically; conditional budgets M4,Unknown empirically; conditional budgets M4,Unknown case share; see path splits and remaining limits,0 for classes requiring staff inspection/merits decision; otherwise unknown,"Administrative queues/corrections may shrink; required waits, applicant work and physical work remain; no validated percentage",Automating intake cannot automate discretionary or contested merits under unchanged policy.,"P0 security/schema/state/payment correctness; official case/fee/document/notification adapters; durable jobs, recovery and audit; see backlog",No audited per-slug annual count; do not allocate broad official totals to this row,Family-specific models and shared volume sensitivity only; no additive per-form savings,High source wiring; medium workflow-family; low/unmeasured impact,O17;O18,https://www.portland.gov/bds/article/204690;https://www.portland.gov/bds/documents/type-ii-land-use-review-procedure/download,evidence/catalog-verification.json#land-use-appeal
land-use-review,Land Use Review Application,permits,permit/license or conditional exemption,Land use,PP&D Land Use Services,Medium where official family source applies; otherwise catalog attribution only,"Split objective administrative criteria, Type II discretionary cases and hearing/legislative paths.",Classify review/vesting -> preapplication if required -> completeness -> public notice -> staff analysis/hearing as applicable -> reasoned decision -> appeal/finality -> conditions tied to development,Public form schema/route implemented; original pipeline fixture reaches human_review. Client upload object/string-array validation mismatch reproduced Pipeline expects absent document keys: site_plan,partial,https://www.portlandpermits.org/apply/land-use-review,https://github.com/ekrolewicz6/portland-civic-labs/blob/23b4670d8d26b9093f6e401bb89d9d6f30d8506d/catalog/forms/permits/land-use-review.json,zoning;land_use;transportation;environmental;trees,Applicants revise proposals; planners exercise judgment; public/hearing and appeal processes remain.,Unknown; no measured department use,Unknown; no measured department use,0 demonstrated authoritative completions; no City issuing adapter,0 demonstrated authoritative completions,Unknown; no matched outcome cohort,Guidance or supervised comparison only. Staff must verify rules and enter/complete official systems; real sensitive intake requires P0 fixes first.,Unknown; potential clerical benefit offset by duplicate entry,Unknown; field work and official-system work remain,0 via this app alone,0 via this app alone,Unknown; no proven critical-path reduction,Versioned criteria and clocks; mail lists; complete exhibits; notice evidence; hearing records; decision templates and condition ledger.,M4,Unknown empirically; conditional budgets M4,Unknown empirically; conditional budgets M4,Unknown case share; see path splits and remaining limits,0 for classes requiring staff inspection/merits decision; otherwise unknown,"Administrative queues/corrections may shrink; required waits, applicant work and physical work remain; no validated percentage","Objective checks may be deterministic; discretionary findings, testimony and statutory opportunities cannot be replaced by a pass flag.","P0 security/schema/state/payment correctness; official case/fee/document/notification adapters; durable jobs, recovery and audit; see backlog",No audited per-slug annual count; do not allocate broad official totals to this row,Family-specific models and shared volume sensitivity only; no additive per-form savings,High source wiring; medium workflow-family; low/unmeasured impact,O17;O18,https://www.portland.gov/bds/article/204690;https://www.portland.gov/bds/documents/type-ii-land-use-review-procedure/download,evidence/catalog-verification.json#land-use-review
laser-permit,Laser Equipment Use Permit,permits,permit/license or conditional exemption,Fire operations,Portland Fire & Rescue,Medium where official family source applies; otherwise catalog attribution only,Equipment/operator and audience/site safety restrictions; actual authority criteria need encoding.,Activity/hazard classification -> layout/equipment/safety plan -> fire review and required site inspection -> fee/permission -> monitored event/operation -> renewal or closeout,Public form schema/route implemented; original pipeline fixture reaches human_review. No default discipline assignment; manual triage required,partial,https://www.portlandpermits.org/apply/laser-permit,https://github.com/ekrolewicz6/portland-civic-labs/blob/23b4670d8d26b9093f6e401bb89d9d6f30d8506d/catalog/forms/permits/laser-permit.json,none,"Fire officer judgment, safe operation, trained personnel and site checks remain.",Unknown; no measured department use,Unknown; no measured department use,0 demonstrated authoritative completions; no City issuing adapter,0 demonstrated authoritative completions,Unknown; no matched outcome cohort,Guidance or supervised comparison only. Staff must verify rules and enter/complete official systems; real sensitive intake requires P0 fixes first.,Unknown; potential clerical benefit offset by duplicate entry,Unknown; field work and official-system work remain,0 via this app alone,0 via this app alone,Unknown; no proven critical-path reduction,"Hazard-specific checklists, capacity and separation rules, credential validation, inspection calendar, event/renewal records.",M3,Unknown empirically; conditional budgets M3,Unknown empirically; conditional budgets M3,Unknown case share; see path splits and remaining limits,0 for classes requiring staff inspection/merits decision; otherwise unknown,"Administrative queues/corrections may shrink; required waits, applicant work and physical work remain; no validated percentage","One general fire form is not a universal approval criterion for propane, hot work, lasers or pyrotechnics.","P0 security/schema/state/payment correctness; official case/fee/document/notification adapters; durable jobs, recovery and audit; see backlog",No audited per-slug annual count; do not allocate broad official totals to this row,Family-specific models and shared volume sensitivity only; no additive per-form savings,High source wiring; medium workflow-family; low/unmeasured impact,O28;O29,https://www.portland.gov/fire/permits-inspections/public-assembly-permit-requirements;https://www.portland.gov/fire/permits-inspections/documents/30008an-annual-permit-public-special-events-0/download,evidence/catalog-verification.json#laser-permit
lead-hazard-grant,Lead Hazard Reduction Grant,grants,funding application,Grants,PHB,Medium where official family source applies; otherwise catalog attribution only,"Income/occupancy and hazard eligibility; testing, abatement and clearance evidence.",Program intake window -> eligibility -> merits/scoring/budget selection -> award agreement -> disbursement -> evidence/reporting/closeout,Public form schema/route implemented; original pipeline fixture reaches human_review. Client upload object/string-array validation mismatch reproduced No default discipline assignment; manual triage required,partial,https://www.portlandpermits.org/apply/lead-hazard-grant,https://github.com/ekrolewicz6/portland-civic-labs/blob/23b4670d8d26b9093f6e401bb89d9d6f30d8506d/catalog/forms/grants/lead-hazard-grant.json,none,"Program panel and funder decisions; recipient work, inspections/audit as required.",Unknown; no measured department use,Unknown; no measured department use,0 demonstrated authoritative completions; no City issuing adapter,0 demonstrated authoritative completions,Unknown; no matched outcome cohort,Guidance or supervised comparison only. Staff must verify rules and enter/complete official systems; real sensitive intake requires P0 fixes first.,Unknown; potential clerical benefit offset by duplicate entry,Unknown; field work and official-system work remain,0 via this app alone,0 via this app alone,Unknown; no proven critical-path reduction,"Program-specific application/scoring support, budget encumbrance, agreements, reporting and finance adapter.",unknown,Unknown empirically; conditional budgets unknown,Unknown empirically; conditional budgets unknown,Unknown case share; see path splits and remaining limits,0 for classes requiring staff inspection/merits decision; otherwise unknown,"Administrative queues/corrections may shrink; required waits, applicant work and physical work remain; no validated percentage",Funding availability and selection are not code-compliance permit decisions; current program intake status unverified.,"P0 security/schema/state/payment correctness; official case/fee/document/notification adapters; durable jobs, recovery and audit; see backlog",No audited per-slug annual count; do not allocate broad official totals to this row,Family-specific models and shared volume sensitivity only; no additive per-form savings,High source wiring; medium workflow-family; low/unmeasured impact,O46,https://www.portland.gov/bes/grants-incentives,evidence/catalog-verification.json#lead-hazard-grant
leap-parking-permit,Low-Income Evening Access Parking (LEAP) Permit,transportation,permit/license or conditional exemption,Parking/access entitlement,PBOT,Medium where official family source applies; otherwise catalog attribution only,Income and eligible facility/time access; account/facility activation.,Zone/account/eligibility -> evidence and quota validation -> fee -> plate/permit/account activation -> renewal/cancellation,Public form schema/route implemented; original pipeline fixture reaches human_review. Client upload object/string-array validation mismatch reproduced No default discipline assignment; manual triage required,partial,https://www.portlandpermits.org/apply/leap-parking-permit,https://github.com/ekrolewicz6/portland-civic-labs/blob/23b4670d8d26b9093f6e401bb89d9d6f30d8506d/catalog/forms/transportation/leap-parking-permit.json,none,Applicant residence/vehicle evidence; authority exceptions and enforcement.,Unknown; no measured department use,Unknown; no measured department use,0 demonstrated authoritative completions; no City issuing adapter,0 demonstrated authoritative completions,Unknown; no matched outcome cohort,Guidance or supervised comparison only. Staff must verify rules and enter/complete official systems; real sensitive intake requires P0 fixes first.,Unknown; potential clerical benefit offset by duplicate entry,Unknown; field work and official-system work remain,0 via this app alone,0 via this app alone,Unknown; no proven critical-path reduction,Live zones/quotas/plates; residency and benefits validation; permit ledger and enforcement-system sync.,M2,Unknown empirically; conditional budgets M2,Unknown empirically; conditional budgets M2,Unknown case share; see path splits and remaining limits,0 for classes requiring staff inspection/merits decision; otherwise unknown,"Administrative queues/corrections may shrink; required waits, applicant work and physical work remain; no validated percentage","Annual business, resident and income-qualified programs differ; disabled placards are a state/healthcare path.","P0 security/schema/state/payment correctness; official case/fee/document/notification adapters; durable jobs, recovery and audit; see backlog",No audited per-slug annual count; do not allocate broad official totals to this row,Family-specific models and shared volume sensitivity only; no additive per-form savings,High source wiring; medium workflow-family; low/unmeasured impact,O01;O41,https://www.portland.gov/ppd/devhub-faqs;https://www.oregon.gov/odot/dmv/pages/driverid/disparking.aspx,evidence/catalog-verification.json#leap-parking-permit
liquor-license-recommendation,Liquor License City Recommendation,businesses,permit/license or conditional exemption,Business/regulatory licenses,OLCC + applicable Portland local recommendation,Medium where official family source applies; otherwise catalog attribution only,"City recommendation is one stage of OLCC licensing, not the final liquor license.",Identify licensing authority and scope -> identity/site/credential/background or safety checks -> external recommendations -> fee/license -> renewals/enforcement,Public form schema/route implemented; original pipeline fixture reaches human_review. Client upload object/string-array validation mismatch reproduced No default discipline assignment; manual triage required,partial,https://www.portlandpermits.org/apply/liquor-license-recommendation,https://github.com/ekrolewicz6/portland-civic-labs/blob/23b4670d8d26b9093f6e401bb89d9d6f30d8506d/catalog/forms/businesses/liquor-license-recommendation.json,none,Regulator and external agencies determine eligibility; inspections/hearings depend on license.,Unknown; no measured department use,Unknown; no measured department use,0 demonstrated authoritative completions; no City issuing adapter,0 demonstrated authoritative completions,Unknown; no matched outcome cohort,Guidance or supervised comparison only. Staff must verify rules and enter/complete official systems; real sensitive intake requires P0 fixes first.,Unknown; potential clerical benefit offset by duplicate entry,Unknown; field work and official-system work remain,0 via this app alone,0 via this app alone,Unknown; no proven critical-path reduction,Per-license rule packs; license/background registries; renewal events and agency handoffs.,unknown,Unknown empirically; conditional budgets unknown,Unknown empirically; conditional budgets unknown,Unknown case share; see path splits and remaining limits,0 for classes requiring staff inspection/merits decision; otherwise unknown,"Administrative queues/corrections may shrink; required waits, applicant work and physical work remain; no validated percentage","Catalog labels are not evidence of City authority; OLCC, county and state permissions remain separate.","P0 security/schema/state/payment correctness; official case/fee/document/notification adapters; durable jobs, recovery and audit; see backlog",No audited per-slug annual count; do not allocate broad official totals to this row,Family-specific models and shared volume sensitivity only; no additive per-form savings,High source wiring; medium workflow-family; low/unmeasured impact,O40;O42;O43,https://multco.us/services/food-cart-license;https://www.portland.gov/ppd/cannabis;https://www.oregon.gov/olcc/marijuana/Pages/default.aspx,evidence/catalog-verification.json#liquor-license-recommendation
lockbox-permit,Fire Department Lockbox Permit,permits,permit/license or conditional exemption,Fire operations,Portland Fire & Rescue,Medium where official family source applies; otherwise catalog attribution only,Fire access/box placement and key handling; field installation/verification.,Activity/hazard classification -> layout/equipment/safety plan -> fire review and required site inspection -> fee/permission -> monitored event/operation -> renewal or closeout,Public form schema/route implemented; original pipeline fixture reaches human_review. No default discipline assignment; manual triage required,partial,https://www.portlandpermits.org/apply/lockbox-permit,https://github.com/ekrolewicz6/portland-civic-labs/blob/23b4670d8d26b9093f6e401bb89d9d6f30d8506d/catalog/forms/permits/lockbox-permit.json,none,"Fire officer judgment, safe operation, trained personnel and site checks remain.",Unknown; no measured department use,Unknown; no measured department use,0 demonstrated authoritative completions; no City issuing adapter,0 demonstrated authoritative completions,Unknown; no matched outcome cohort,Guidance or supervised comparison only. Staff must verify rules and enter/complete official systems; real sensitive intake requires P0 fixes first.,Unknown; potential clerical benefit offset by duplicate entry,Unknown; field work and official-system work remain,0 via this app alone,0 via this app alone,Unknown; no proven critical-path reduction,"Hazard-specific checklists, capacity and separation rules, credential validation, inspection calendar, event/renewal records.",M3,Unknown empirically; conditional budgets M3,Unknown empirically; conditional budgets M3,Unknown case share; see path splits and remaining limits,0 for classes requiring staff inspection/merits decision; otherwise unknown,"Administrative queues/corrections may shrink; required waits, applicant work and physical work remain; no validated percentage","One general fire form is not a universal approval criterion for propane, hot work, lasers or pyrotechnics.","P0 security/schema/state/payment correctness; official case/fee/document/notification adapters; durable jobs, recovery and audit; see backlog",No audited per-slug annual count; do not allocate broad official totals to this row,Family-specific models and shared volume sensitivity only; no additive per-form savings,High source wiring; medium workflow-family; low/unmeasured impact,O28;O29,https://www.portland.gov/fire/permits-inspections/public-assembly-permit-requirements;https://www.portland.gov/fire/permits-inspections/documents/30008an-annual-permit-public-special-events-0/download,evidence/catalog-verification.json#lockbox-permit
major-residential-alteration,Major Residential Alteration / Addition (MRAA) Permit,permits,permit/license or conditional exemption,Residential construction,PP&D,Medium where official family source applies; otherwise catalog attribution only,Underlying residential alteration plus applicable notification/demolition-classification requirements; avoid counting twice.,Jurisdiction/legal use -> scope and zoning -> complete plans -> required disciplines/corrections -> preissuance fees/conditions -> building and linked trades -> staged inspections -> final/occupancy if applicable,Public form schema/route implemented; original pipeline fixture reaches human_review. Client upload object/string-array validation mismatch reproduced No default discipline assignment; manual triage required,partial,https://www.portlandpermits.org/apply/major-residential-alteration,https://github.com/ekrolewicz6/portland-civic-labs/blob/23b4670d8d26b9093f6e401bb89d9d6f30d8506d/catalog/forms/permits/major-residential-alteration.json,none,Designer and applicant prepare plans; staff review judgment/engineering/site issues; inspectors verify constructed work.,Unknown; no measured department use,Unknown; no measured department use,0 demonstrated authoritative completions; no City issuing adapter,0 demonstrated authoritative completions,Unknown; no matched outcome cohort,Guidance or supervised comparison only. Staff must verify rules and enter/complete official systems; real sensitive intake requires P0 fixes first.,Unknown; potential clerical benefit offset by duplicate entry,Unknown; field work and official-system work remain,0 via this app alone,0 via this app alone,Unknown; no proven critical-path reduction,Structured project model; parcel geometry and prior conditions; code-version rules; document revision control; review and trade dependency graph; issue/inspection interfaces.,M2;M3,Unknown empirically; conditional budgets M2;M3,Unknown empirically; conditional budgets M2;M3,Unknown case share; see path splits and remaining limits,0 for classes requiring staff inspection/merits decision; otherwise unknown,"Administrative queues/corrections may shrink; required waits, applicant work and physical work remain; no validated percentage","New build, addition, alteration and conversion must be separate paths; physical conditions and professional design remain.","P0 security/schema/state/payment correctness; official case/fee/document/notification adapters; durable jobs, recovery and audit; see backlog",No audited per-slug annual count; do not allocate broad official totals to this row,Family-specific models and shared volume sensitivity only; no additive per-form savings,High source wiring; medium workflow-family; low/unmeasured impact,O02;O10;O11;O14,https://www.portland.gov/ppd/submit-and-pay-application-permit-type;https://www.portland.gov/ppd/residential-permitting/home-projects/accessory-dwelling-units;https://www.oregon.gov/bcd/codes-stand/Pages/ossc-adoption.aspx;https://www.portland.gov/permitimprovement/code-alignment-project,evidence/catalog-verification.json#major-residential-alteration
mechanical-permit,Mechanical / HVAC Permit,permits,permit/license or conditional exemption,Trades,PP&D,Medium where official family source applies; otherwise catalog attribution only,Minor residential equipment versus engineered/commercial/hood scope; explicit capacity and site eligibility.,Scope/contractor/jurisdiction -> plan-review eligibility -> drawings/review if required -> assessed payment -> official trade permit -> installation inspections/reinspection -> final,Public form schema/route implemented; original pipeline fixture reaches approved. No default discipline assignment; manual triage required Synthetic auto-approval demonstrated; eligibility unsafe; no official issuance,partial,https://www.portlandpermits.org/apply/mechanical-permit,https://github.com/ekrolewicz6/portland-civic-labs/blob/23b4670d8d26b9093f6e401bb89d9d6f30d8506d/catalog/forms/permits/mechanical-permit.json,none,Applicant supplies scope and licenses; reviewers handle plan-required work; licensed installers and inspectors perform work.,Unknown; no measured department use,Unknown; no measured department use,0 demonstrated authoritative completions; no City issuing adapter,0 demonstrated authoritative completions,Unknown; no matched outcome cohort,Guidance or supervised comparison only. Staff must verify rules and enter/complete official systems; real sensitive intake requires P0 fixes first.,Unknown; potential clerical benefit offset by duplicate entry,Unknown; field work and official-system work remain,0 via this app alone,0 via this app alone,Unknown; no proven critical-path reduction,Canonical scope taxonomy; license registry; current fixture/equipment fees; DevHub issue adapter; inspection link.,M1;M2,Unknown empirically; conditional budgets M1;M2,Unknown empirically; conditional budgets M1;M2,Conditional 100% only eligible no-plan-review trade class; plan-required share unknown,0 for classes requiring staff inspection/merits decision; otherwise unknown,"Administrative queues/corrections may shrink; required waits, applicant work and physical work remain; no validated percentage",No-plan-review and plan-review scopes differ; unknown licenses/site data must route to staff.,"P0 security/schema/state/payment correctness; official case/fee/document/notification adapters; durable jobs, recovery and audit; see backlog",No audited per-slug annual count; do not allocate broad official totals to this row,Family-specific models and shared volume sensitivity only; no additive per-form savings,High source wiring; medium workflow-family; low/unmeasured impact,O01;O02;O08;O09,https://www.portland.gov/ppd/devhub-faqs;https://www.portland.gov/ppd/submit-and-pay-application-permit-type;https://www.portland.gov/ppd/commercial-permitting/commercial-permit-inspections/commercial-mechanical-permits;https://www.portland.gov/ppd/commercial-permitting/commercial-requirements,evidence/catalog-verification.json#mechanical-permit
mobile-food-unit,Mobile Food Unit License,businesses,permit/license or conditional exemption,Business/regulatory licenses,Multnomah County Health; City for related site/trade approvals,Medium where official family source applies; otherwise catalog attribution only,Multnomah County Health license and plan review; city utility/site permissions separate.,Identify licensing authority and scope -> identity/site/credential/background or safety checks -> external recommendations -> fee/license -> renewals/enforcement,Public form schema/route implemented; original pipeline fixture reaches human_review. No default discipline assignment; manual triage required,partial,https://www.portlandpermits.org/apply/mobile-food-unit,https://github.com/ekrolewicz6/portland-civic-labs/blob/23b4670d8d26b9093f6e401bb89d9d6f30d8506d/catalog/forms/businesses/mobile-food-unit.json,none,Regulator and external agencies determine eligibility; inspections/hearings depend on license.,Unknown; no measured department use,Unknown; no measured department use,0 demonstrated authoritative completions; no City issuing adapter,0 demonstrated authoritative completions,Unknown; no matched outcome cohort,Guidance or supervised comparison only. Staff must verify rules and enter/complete official systems; real sensitive intake requires P0 fixes first.,Unknown; potential clerical benefit offset by duplicate entry,Unknown; field work and official-system work remain,0 via this app alone,0 via this app alone,Unknown; no proven critical-path reduction,Per-license rule packs; license/background registries; renewal events and agency handoffs.,unknown,Unknown empirically; conditional budgets unknown,Unknown empirically; conditional budgets unknown,Unknown case share; see path splits and remaining limits,0 for classes requiring staff inspection/merits decision; otherwise unknown,"Administrative queues/corrections may shrink; required waits, applicant work and physical work remain; no validated percentage","Catalog labels are not evidence of City authority; OLCC, county and state permissions remain separate.","P0 security/schema/state/payment correctness; official case/fee/document/notification adapters; durable jobs, recovery and audit; see backlog",No audited per-slug annual count; do not allocate broad official totals to this row,Family-specific models and shared volume sensitivity only; no additive per-form savings,High source wiring; medium workflow-family; low/unmeasured impact,O40;O42;O43,https://multco.us/services/food-cart-license;https://www.portland.gov/ppd/cannabis;https://www.oregon.gov/olcc/marijuana/Pages/default.aspx,evidence/catalog-verification.json#mobile-food-unit
noise-complaint,Noise Complaint,residents,report/field service,Reports/field service,Noise Control,Medium where official family source applies; otherwise catalog attribution only,Evidence and investigation; noise event/measurement and enforcement remain.,Receive location/evidence -> triage/jurisdiction/duplicate check -> dispatch -> investigation/physical work -> verify/close and notify,Public form schema/route implemented; original pipeline fixture reaches human_review. No default discipline assignment; manual triage required,partial,https://www.portlandpermits.org/apply/noise-complaint,https://github.com/ekrolewicz6/portland-civic-labs/blob/23b4670d8d26b9093f6e401bb89d9d6f30d8506d/catalog/forms/residents/noise-complaint.json,none,"Investigators, responders or maintenance crews perform and verify the work.",Unknown; no measured department use,Unknown; no measured department use,0 demonstrated authoritative completions; no City issuing adapter,0 demonstrated authoritative completions,Unknown; no matched outcome cohort,Guidance or supervised comparison only. Staff must verify rules and enter/complete official systems; real sensitive intake requires P0 fixes first.,Unknown; potential clerical benefit offset by duplicate entry,Unknown; field work and official-system work remain,0 via this app alone,0 via this app alone,Unknown; no proven critical-path reduction,"311/work-order integrations; asset and incident IDs; prioritization, duplicate matching and SLA/escalation.",unknown,Unknown empirically; conditional budgets unknown,Unknown empirically; conditional budgets unknown,Unknown case share; see path splits and remaining limits,0 for classes requiring staff inspection/merits decision; otherwise unknown,"Administrative queues/corrections may shrink; required waits, applicant work and physical work remain; no validated percentage","No outage, pothole or complaint is resolved merely because its form has been submitted.","P0 security/schema/state/payment correctness; official case/fee/document/notification adapters; durable jobs, recovery and audit; see backlog",No audited per-slug annual count; do not allocate broad official totals to this row,Family-specific models and shared volume sensitivity only; no additive per-form savings,High source wiring; medium workflow-family; low/unmeasured impact,O02,https://www.portland.gov/ppd/submit-and-pay-application-permit-type,evidence/catalog-verification.json#noise-complaint
noise-variance,Noise Code Variance Application,permits,appeal/claim/variance,Appeals/claims,Noise Control,Medium where official family source applies; otherwise catalog attribution only,"Prospective exception, not complaint; notice, conditions and authorized discretionary decision.",Identify decision/standing/deadline -> admissibility and record -> response/hearing/investigation -> independent decision -> remedy/payment/compliance,Public form schema/route implemented; original pipeline fixture reaches human_review. Client upload object/string-array validation mismatch reproduced No default discipline assignment; manual triage required,partial,https://www.portlandpermits.org/apply/noise-variance,https://github.com/ekrolewicz6/portland-civic-labs/blob/23b4670d8d26b9093f6e401bb89d9d6f30d8506d/catalog/forms/permits/noise-variance.json,none,"Decision-maker, claimant and other parties; hearings, evidence and legal judgment remain.",Unknown; no measured department use,Unknown; no measured department use,0 demonstrated authoritative completions; no City issuing adapter,0 demonstrated authoritative completions,Unknown; no matched outcome cohort,Guidance or supervised comparison only. Staff must verify rules and enter/complete official systems; real sensitive intake requires P0 fixes first.,Unknown; potential clerical benefit offset by duplicate entry,Unknown; field work and official-system work remain,0 via this app alone,0 via this app alone,Unknown; no proven critical-path reduction,Deadline/fee/record assembly; status and scheduling; conflict-free assignments and outcome accounting.,M4,Unknown empirically; conditional budgets M4,Unknown empirically; conditional budgets M4,Unknown case share; see path splits and remaining limits,0 for classes requiring staff inspection/merits decision; otherwise unknown,"Administrative queues/corrections may shrink; required waits, applicant work and physical work remain; no validated percentage",Automating intake cannot automate discretionary or contested merits under unchanged policy.,"P0 security/schema/state/payment correctness; official case/fee/document/notification adapters; durable jobs, recovery and audit; see backlog",No audited per-slug annual count; do not allocate broad official totals to this row,Family-specific models and shared volume sensitivity only; no additive per-form savings,High source wiring; medium workflow-family; low/unmeasured impact,O17;O18,https://www.portland.gov/bds/article/204690;https://www.portland.gov/bds/documents/type-ii-land-use-review-procedure/download,evidence/catalog-verification.json#noise-variance
non-park-use-permit,Non-Park Use Permit,parks-recreation,reservation/use permission,Parks reservations/events,Portland Parks & Recreation,Medium where official family source applies; otherwise catalog attribution only,"Special access/construction/use of park land; site restoration, agreement and staff approval.",Inventory/date selection -> eligibility/conflict/access/safety review -> agreement/deposit/payment -> confirmed booking -> event/use -> damage/deposit closeout,Public form schema/route implemented; original pipeline fixture reaches exception. Legacy conditional-schema exception reproduced; not proof first UI page cannot render No default discipline assignment; manual triage required,partial / exception in isolated validation,https://www.portlandpermits.org/apply/non-park-use-permit,https://github.com/ekrolewicz6/portland-civic-labs/blob/23b4670d8d26b9093f6e401bb89d9d6f30d8506d/catalog/forms/parks-recreation/non-park-use-permit.json,none,Parks staff resolve special uses; users conduct events; maintenance/site checks remain.,Unknown; no measured department use,Unknown; no measured department use,0 demonstrated authoritative completions; no City issuing adapter,0 demonstrated authoritative completions,Unknown; no matched outcome cohort,Guidance or supervised comparison only. Staff must verify rules and enter/complete official systems; real sensitive intake requires P0 fixes first.,Unknown; potential clerical benefit offset by duplicate entry,Unknown; field work and official-system work remain,0 via this app alone,0 via this app alone,Unknown; no proven critical-path reduction,Real inventory with atomic reservations; pricing/deposits/refunds; event checklists and asset work orders.,M2;M3,Unknown empirically; conditional budgets M2;M3,Unknown empirically; conditional budgets M2;M3,Unknown case share; see path splits and remaining limits,0 for classes requiring staff inspection/merits decision; otherwise unknown,"Administrative queues/corrections may shrink; required waits, applicant work and physical work remain; no validated percentage",A generic form without a reservation backend does not reserve a venue; eight schemas have incompatible condition shapes.,"P0 security/schema/state/payment correctness; official case/fee/document/notification adapters; durable jobs, recovery and audit; see backlog",No audited per-slug annual count; do not allocate broad official totals to this row,Family-specific models and shared volume sensitivity only; no additive per-form savings,High source wiring; medium workflow-family; low/unmeasured impact,O28,https://www.portland.gov/fire/permits-inspections/public-assembly-permit-requirements,evidence/catalog-verification.json#non-park-use-permit
nuisance-complaint,Property Maintenance / Nuisance Complaint,residents,report/field service,Reports/field service,PP&D Code Compliance,Medium where official family source applies; otherwise catalog attribution only,Property complaint investigation and actual corrective/enforcement work.,Receive location/evidence -> triage/jurisdiction/duplicate check -> dispatch -> investigation/physical work -> verify/close and notify,Public form schema/route implemented; original pipeline fixture reaches human_review. Client upload object/string-array validation mismatch reproduced No default discipline assignment; manual triage required,partial,https://www.portlandpermits.org/apply/nuisance-complaint,https://github.com/ekrolewicz6/portland-civic-labs/blob/23b4670d8d26b9093f6e401bb89d9d6f30d8506d/catalog/forms/residents/nuisance-complaint.json,none,"Investigators, responders or maintenance crews perform and verify the work.",Unknown; no measured department use,Unknown; no measured department use,0 demonstrated authoritative completions; no City issuing adapter,0 demonstrated authoritative completions,Unknown; no matched outcome cohort,Guidance or supervised comparison only. Staff must verify rules and enter/complete official systems; real sensitive intake requires P0 fixes first.,Unknown; potential clerical benefit offset by duplicate entry,Unknown; field work and official-system work remain,0 via this app alone,0 via this app alone,Unknown; no proven critical-path reduction,"311/work-order integrations; asset and incident IDs; prioritization, duplicate matching and SLA/escalation.",unknown,Unknown empirically; conditional budgets unknown,Unknown empirically; conditional budgets unknown,Unknown case share; see path splits and remaining limits,0 for classes requiring staff inspection/merits decision; otherwise unknown,"Administrative queues/corrections may shrink; required waits, applicant work and physical work remain; no validated percentage","No outage, pothole or complaint is resolved merely because its form has been submitted.","P0 security/schema/state/payment correctness; official case/fee/document/notification adapters; durable jobs, recovery and audit; see backlog",No audited per-slug annual count; do not allocate broad official totals to this row,Family-specific models and shared volume sensitivity only; no additive per-form savings,High source wiring; medium workflow-family; low/unmeasured impact,O02,https://www.portland.gov/ppd/submit-and-pay-application-permit-type,evidence/catalog-verification.json#nuisance-complaint
occupant-load-posting,Occupant Load Posting,permits,permit/license or conditional exemption,Fire operations,Portland Fire & Rescue,Medium where official family source applies; otherwise catalog attribution only,"Approved use/layout, exits and capacity calculation; posting does not legalize an unapproved occupancy.",Activity/hazard classification -> layout/equipment/safety plan -> fire review and required site inspection -> fee/permission -> monitored event/operation -> renewal or closeout,Public form schema/route implemented; original pipeline fixture reaches human_review. Client upload object/string-array validation mismatch reproduced No default discipline assignment; manual triage required,partial,https://www.portlandpermits.org/apply/occupant-load-posting,https://github.com/ekrolewicz6/portland-civic-labs/blob/23b4670d8d26b9093f6e401bb89d9d6f30d8506d/catalog/forms/permits/occupant-load-posting.json,none,"Fire officer judgment, safe operation, trained personnel and site checks remain.",Unknown; no measured department use,Unknown; no measured department use,0 demonstrated authoritative completions; no City issuing adapter,0 demonstrated authoritative completions,Unknown; no matched outcome cohort,Guidance or supervised comparison only. Staff must verify rules and enter/complete official systems; real sensitive intake requires P0 fixes first.,Unknown; potential clerical benefit offset by duplicate entry,Unknown; field work and official-system work remain,0 via this app alone,0 via this app alone,Unknown; no proven critical-path reduction,"Hazard-specific checklists, capacity and separation rules, credential validation, inspection calendar, event/renewal records.",M3,Unknown empirically; conditional budgets M3,Unknown empirically; conditional budgets M3,Unknown case share; see path splits and remaining limits,0 for classes requiring staff inspection/merits decision; otherwise unknown,"Administrative queues/corrections may shrink; required waits, applicant work and physical work remain; no validated percentage","One general fire form is not a universal approval criterion for propane, hot work, lasers or pyrotechnics.","P0 security/schema/state/payment correctness; official case/fee/document/notification adapters; durable jobs, recovery and audit; see backlog",No audited per-slug annual count; do not allocate broad official totals to this row,Family-specific models and shared volume sensitivity only; no additive per-form savings,High source wiring; medium workflow-family; low/unmeasured impact,O28;O29,https://www.portland.gov/fire/permits-inspections/public-assembly-permit-requirements;https://www.portland.gov/fire/permits-inspections/documents/30008an-annual-permit-public-special-events-0/download,evidence/catalog-verification.json#occupant-load-posting
original-art-mural-permit,Original Art Mural Permit,businesses,permit/license or conditional exemption,Business/regulatory licenses,PP&D,Medium where official family source applies; otherwise catalog attribution only,Mural eligibility/site agreement/notice versus sign regulation; applicant painting remains.,Identify licensing authority and scope -> identity/site/credential/background or safety checks -> external recommendations -> fee/license -> renewals/enforcement,Public form schema/route implemented; original pipeline fixture reaches human_review. Client upload object/string-array validation mismatch reproduced No default discipline assignment; manual triage required,partial,https://www.portlandpermits.org/apply/original-art-mural-permit,https://github.com/ekrolewicz6/portland-civic-labs/blob/23b4670d8d26b9093f6e401bb89d9d6f30d8506d/catalog/forms/businesses/original-art-mural-permit.json,none,Regulator and external agencies determine eligibility; inspections/hearings depend on license.,Unknown; no measured department use,Unknown; no measured department use,0 demonstrated authoritative completions; no City issuing adapter,0 demonstrated authoritative completions,Unknown; no matched outcome cohort,Guidance or supervised comparison only. Staff must verify rules and enter/complete official systems; real sensitive intake requires P0 fixes first.,Unknown; potential clerical benefit offset by duplicate entry,Unknown; field work and official-system work remain,0 via this app alone,0 via this app alone,Unknown; no proven critical-path reduction,Per-license rule packs; license/background registries; renewal events and agency handoffs.,unknown,Unknown empirically; conditional budgets unknown,Unknown empirically; conditional budgets unknown,Unknown case share; see path splits and remaining limits,0 for classes requiring staff inspection/merits decision; otherwise unknown,"Administrative queues/corrections may shrink; required waits, applicant work and physical work remain; no validated percentage","Catalog labels are not evidence of City authority; OLCC, county and state permissions remain separate.","P0 security/schema/state/payment correctness; official case/fee/document/notification adapters; durable jobs, recovery and audit; see backlog",No audited per-slug annual count; do not allocate broad official totals to this row,Family-specific models and shared volume sensitivity only; no additive per-form savings,High source wiring; medium workflow-family; low/unmeasured impact,O40;O42;O43,https://multco.us/services/food-cart-license;https://www.portland.gov/ppd/cannabis;https://www.oregon.gov/olcc/marijuana/Pages/default.aspx,evidence/catalog-verification.json#original-art-mural-permit
ornamental-tree-lights,Ornamental Tree Lighting Permit,permits,permit/license or conditional exemption,Tree work,Portland PP&D tree permitting; associated bureaus/land-use authority as applicable,Medium where official family source applies; otherwise catalog attribution only,"Tree ownership/attachment/electrical safety, installation and removal conditions.",Ownership/street/private/heritage/development classification -> species/size/site -> exempt/Type A/Type B/special route -> inspection/notice/replanting conditions -> decision -> work -> replanting/compliance closeout,Public form schema/route implemented; original pipeline fixture reaches human_review. No default discipline assignment; manual triage required,partial,https://www.portlandpermits.org/apply/ornamental-tree-lights,https://github.com/ekrolewicz6/portland-civic-labs/blob/23b4670d8d26b9093f6e401bb89d9d6f30d8506d/catalog/forms/permits/ornamental-tree-lights.json,none,"Arborist/site assessment, discretion and public process depend on path; physical work/replanting remain.",Unknown; no measured department use,Unknown; no measured department use,0 demonstrated authoritative completions; no City issuing adapter,0 demonstrated authoritative completions,Unknown; no matched outcome cohort,Guidance or supervised comparison only. Staff must verify rules and enter/complete official systems; real sensitive intake requires P0 fixes first.,Unknown; potential clerical benefit offset by duplicate entry,Unknown; field work and official-system work remain,0 via this app alone,0 via this app alone,Unknown; no proven critical-path reduction,"Tree inventory, species/DBH and location evidence; hazard/photo review; adopted Title 11 criteria; notices, replacement and mitigation ledger.",M2;M3;M4,Unknown empirically; conditional budgets M2;M3;M4,Unknown empirically; conditional budgets M2;M3;M4,Unknown case share; see path splits and remaining limits,0 for classes requiring staff inspection/merits decision; otherwise unknown,"Administrative queues/corrections may shrink; required waits, applicant work and physical work remain; no validated percentage","Pruning exemptions and routine pruning differ from removal, heritage work and waivers.","P0 security/schema/state/payment correctness; official case/fee/document/notification adapters; durable jobs, recovery and audit; see backlog",No audited per-slug annual count; do not allocate broad official totals to this row,Family-specific models and shared volume sensitivity only; no additive per-form savings,High source wiring; medium workflow-family; low/unmeasured impact,O21;O22;O23;O24,https://www.portland.gov/ppd/tree-permits/do-i-need-tree-permit;https://www.portland.gov/code/11/40;https://www.portland.gov/ppd/tree-permits/removal-and-replanting-permits/do-i-need-permit-remove-trees-private-property;https://www.portland.gov/trees/treepermits/documents/street-tree-permit-application-non-removal/download,evidence/catalog-verification.json#ornamental-tree-lights
outdoor-tent-permit,Outdoor Tent / Membrane Structure Permit,permits,permit/license or conditional exemption,Fire operations,Portland Fire & Rescue,Medium where official family source applies; otherwise catalog attribution only,"Area/occupancy, exits, flame resistance, anchors and site inspection; event-specific weather risks.",Activity/hazard classification -> layout/equipment/safety plan -> fire review and required site inspection -> fee/permission -> monitored event/operation -> renewal or closeout,Public form schema/route implemented; original pipeline fixture reaches human_review. Client upload object/string-array validation mismatch reproduced No default discipline assignment; manual triage required,partial,https://www.portlandpermits.org/apply/outdoor-tent-permit,https://github.com/ekrolewicz6/portland-civic-labs/blob/23b4670d8d26b9093f6e401bb89d9d6f30d8506d/catalog/forms/permits/outdoor-tent-permit.json,none,"Fire officer judgment, safe operation, trained personnel and site checks remain.",Unknown; no measured department use,Unknown; no measured department use,0 demonstrated authoritative completions; no City issuing adapter,0 demonstrated authoritative completions,Unknown; no matched outcome cohort,Guidance or supervised comparison only. Staff must verify rules and enter/complete official systems; real sensitive intake requires P0 fixes first.,Unknown; potential clerical benefit offset by duplicate entry,Unknown; field work and official-system work remain,0 via this app alone,0 via this app alone,Unknown; no proven critical-path reduction,"Hazard-specific checklists, capacity and separation rules, credential validation, inspection calendar, event/renewal records.",M3,Unknown empirically; conditional budgets M3,Unknown empirically; conditional budgets M3,Unknown case share; see path splits and remaining limits,0 for classes requiring staff inspection/merits decision; otherwise unknown,"Administrative queues/corrections may shrink; required waits, applicant work and physical work remain; no validated percentage","One general fire form is not a universal approval criterion for propane, hot work, lasers or pyrotechnics.","P0 security/schema/state/payment correctness; official case/fee/document/notification adapters; durable jobs, recovery and audit; see backlog",No audited per-slug annual count; do not allocate broad official totals to this row,Family-specific models and shared volume sensitivity only; no additive per-form savings,High source wiring; medium workflow-family; low/unmeasured impact,O28;O29,https://www.portland.gov/fire/permits-inspections/public-assembly-permit-requirements;https://www.portland.gov/fire/permits-inspections/documents/30008an-annual-permit-public-special-events-0/download,evidence/catalog-verification.json#outdoor-tent-permit
oversize-load-permit,Oversize / Overweight Load Permit,transportation,permit/license or conditional exemption,Right-of-way construction/use,PBOT,Medium where official family source applies; otherwise catalog attribution only,Vehicle/load/route/bridge clearance and escort conditions; possible state route authority.,Location/space/date -> traffic/access and utility conflict checks -> plans/insurance/bonds -> approvals/fees -> ROW permission -> field setup/work/inspections -> restoration and release,Public form schema/route implemented; original pipeline fixture reaches human_review. Client upload object/string-array validation mismatch reproduced No default discipline assignment; manual triage required,partial,https://www.portlandpermits.org/apply/oversize-load-permit,https://github.com/ekrolewicz6/portland-civic-labs/blob/23b4670d8d26b9093f6e401bb89d9d6f30d8506d/catalog/forms/transportation/oversize-load-permit.json,none,Traffic/civil reviewer and field crews; utility owners and public-safety constraints.,Unknown; no measured department use,Unknown; no measured department use,0 demonstrated authoritative completions; no City issuing adapter,0 demonstrated authoritative completions,Unknown; no matched outcome cohort,Guidance or supervised comparison only. Staff must verify rules and enter/complete official systems; real sensitive intake requires P0 fixes first.,Unknown; potential clerical benefit offset by duplicate entry,Unknown; field work and official-system work remain,0 via this app alone,0 via this app alone,Unknown; no proven critical-path reduction,Live street inventory/conflict calendar; detours/ADA routes; credentials/security; geospatial project graph; inspector and restoration ledger.,M2;M3,Unknown empirically; conditional budgets M2;M3,Unknown empirically; conditional budgets M2;M3,Unknown case share; see path splits and remaining limits,0 for classes requiring staff inspection/merits decision; otherwise unknown,"Administrative queues/corrections may shrink; required waits, applicant work and physical work remain; no validated percentage","Parking-only reservations differ from lane/sidewalk closures, encroachments and excavation.","P0 security/schema/state/payment correctness; official case/fee/document/notification adapters; durable jobs, recovery and audit; see backlog",No audited per-slug annual count; do not allocate broad official totals to this row,Family-specific models and shared volume sensitivity only; no additive per-form savings,High source wiring; medium workflow-family; low/unmeasured impact,O25;O26;O27,https://www.portland.gov/transportation/permitting/temporary-street-use-permitting-tsup;https://www.portland.gov/transportation/permitting/apply-renew-or-change-temporary-street-use-permit;https://www.portland.gov/transportation/permitting/encroachment-permits,evidence/catalog-verification.json#oversize-load-permit
park-maintenance-report,Park Maintenance / Safety Issue,reports,report/field service,Reports/field service,Portland Parks & Recreation,Medium where official family source applies; otherwise catalog attribution only,Parks work order and field repair; not a reservation or permit.,Receive location/evidence -> triage/jurisdiction/duplicate check -> dispatch -> investigation/physical work -> verify/close and notify,Public form schema/route implemented; original pipeline fixture reaches human_review. Client upload object/string-array validation mismatch reproduced No default discipline assignment; manual triage required,partial,https://www.portlandpermits.org/apply/park-maintenance-report,https://github.com/ekrolewicz6/portland-civic-labs/blob/23b4670d8d26b9093f6e401bb89d9d6f30d8506d/catalog/forms/reports/park-maintenance-report.json,none,"Investigators, responders or maintenance crews perform and verify the work.",Unknown; no measured department use,Unknown; no measured department use,0 demonstrated authoritative completions; no City issuing adapter,0 demonstrated authoritative completions,Unknown; no matched outcome cohort,Guidance or supervised comparison only. Staff must verify rules and enter/complete official systems; real sensitive intake requires P0 fixes first.,Unknown; potential clerical benefit offset by duplicate entry,Unknown; field work and official-system work remain,0 via this app alone,0 via this app alone,Unknown; no proven critical-path reduction,"311/work-order integrations; asset and incident IDs; prioritization, duplicate matching and SLA/escalation.",unknown,Unknown empirically; conditional budgets unknown,Unknown empirically; conditional budgets unknown,Unknown case share; see path splits and remaining limits,0 for classes requiring staff inspection/merits decision; otherwise unknown,"Administrative queues/corrections may shrink; required waits, applicant work and physical work remain; no validated percentage","No outage, pothole or complaint is resolved merely because its form has been submitted.","P0 security/schema/state/payment correctness; official case/fee/document/notification adapters; durable jobs, recovery and audit; see backlog",No audited per-slug annual count; do not allocate broad official totals to this row,Family-specific models and shared volume sensitivity only; no additive per-form savings,High source wiring; medium workflow-family; low/unmeasured impact,O02,https://www.portland.gov/ppd/submit-and-pay-application-permit-type,evidence/catalog-verification.json#park-maintenance-report
parking-citation-appeal,Parking Citation Appeal,claims,appeal/claim/variance,Appeals/claims,Revenue Division,Medium where official family source applies; otherwise catalog attribution only,"Citation issuer/court authority, evidence and hearing; no guaranteed dismissal.",Identify decision/standing/deadline -> admissibility and record -> response/hearing/investigation -> independent decision -> remedy/payment/compliance,Public form schema/route implemented; original pipeline fixture reaches human_review. Client upload object/string-array validation mismatch reproduced No default discipline assignment; manual triage required,partial,https://www.portlandpermits.org/apply/parking-citation-appeal,https://github.com/ekrolewicz6/portland-civic-labs/blob/23b4670d8d26b9093f6e401bb89d9d6f30d8506d/catalog/forms/claims/parking-citation-appeal.json,none,"Decision-maker, claimant and other parties; hearings, evidence and legal judgment remain.",Unknown; no measured department use,Unknown; no measured department use,0 demonstrated authoritative completions; no City issuing adapter,0 demonstrated authoritative completions,Unknown; no matched outcome cohort,Guidance or supervised comparison only. Staff must verify rules and enter/complete official systems; real sensitive intake requires P0 fixes first.,Unknown; potential clerical benefit offset by duplicate entry,Unknown; field work and official-system work remain,0 via this app alone,0 via this app alone,Unknown; no proven critical-path reduction,Deadline/fee/record assembly; status and scheduling; conflict-free assignments and outcome accounting.,M4,Unknown empirically; conditional budgets M4,Unknown empirically; conditional budgets M4,Unknown case share; see path splits and remaining limits,0 for classes requiring staff inspection/merits decision; otherwise unknown,"Administrative queues/corrections may shrink; required waits, applicant work and physical work remain; no validated percentage",Automating intake cannot automate discretionary or contested merits under unchanged policy.,"P0 security/schema/state/payment correctness; official case/fee/document/notification adapters; durable jobs, recovery and audit; see backlog",No audited per-slug annual count; do not allocate broad official totals to this row,Family-specific models and shared volume sensitivity only; no additive per-form savings,High source wiring; medium workflow-family; low/unmeasured impact,O17;O18,https://www.portland.gov/bds/article/204690;https://www.portland.gov/bds/documents/type-ii-land-use-review-procedure/download,evidence/catalog-verification.json#parking-citation-appeal
parking-day-permit,PARK(ing) Day Permit,transportation,permit/license or conditional exemption,Right-of-way construction/use,PBOT,Medium where official family source applies; otherwise catalog attribution only,"Event-specific temporary curb-space activation; date, access and permitted uses.",Location/space/date -> traffic/access and utility conflict checks -> plans/insurance/bonds -> approvals/fees -> ROW permission -> field setup/work/inspections -> restoration and release,Public form schema/route implemented; original pipeline fixture reaches human_review. Client upload object/string-array validation mismatch reproduced No default discipline assignment; manual triage required,partial,https://www.portlandpermits.org/apply/parking-day-permit,https://github.com/ekrolewicz6/portland-civic-labs/blob/23b4670d8d26b9093f6e401bb89d9d6f30d8506d/catalog/forms/transportation/parking-day-permit.json,none,Traffic/civil reviewer and field crews; utility owners and public-safety constraints.,Unknown; no measured department use,Unknown; no measured department use,0 demonstrated authoritative completions; no City issuing adapter,0 demonstrated authoritative completions,Unknown; no matched outcome cohort,Guidance or supervised comparison only. Staff must verify rules and enter/complete official systems; real sensitive intake requires P0 fixes first.,Unknown; potential clerical benefit offset by duplicate entry,Unknown; field work and official-system work remain,0 via this app alone,0 via this app alone,Unknown; no proven critical-path reduction,Live street inventory/conflict calendar; detours/ADA routes; credentials/security; geospatial project graph; inspector and restoration ledger.,M2;M3,Unknown empirically; conditional budgets M2;M3,Unknown empirically; conditional budgets M2;M3,Unknown case share; see path splits and remaining limits,0 for classes requiring staff inspection/merits decision; otherwise unknown,"Administrative queues/corrections may shrink; required waits, applicant work and physical work remain; no validated percentage","Parking-only reservations differ from lane/sidewalk closures, encroachments and excavation.","P0 security/schema/state/payment correctness; official case/fee/document/notification adapters; durable jobs, recovery and audit; see backlog",No audited per-slug annual count; do not allocate broad official totals to this row,Family-specific models and shared volume sensitivity only; no additive per-form savings,High source wiring; medium workflow-family; low/unmeasured impact,O25;O26;O27,https://www.portland.gov/transportation/permitting/temporary-street-use-permitting-tsup;https://www.portland.gov/transportation/permitting/apply-renew-or-change-temporary-street-use-permit;https://www.portland.gov/transportation/permitting/encroachment-permits,evidence/catalog-verification.json#parking-day-permit
payday-lender-permit,Payday Lender Permit,businesses,permit/license or conditional exemption,Business/regulatory licenses,Revenue Division,Medium where official family source applies; otherwise catalog attribution only,Local and state financial licensing requirements; do not infer approval from basic business fields.,Identify licensing authority and scope -> identity/site/credential/background or safety checks -> external recommendations -> fee/license -> renewals/enforcement,Public form schema/route implemented; original pipeline fixture reaches human_review. Client upload object/string-array validation mismatch reproduced No default discipline assignment; manual triage required,partial,https://www.portlandpermits.org/apply/payday-lender-permit,https://github.com/ekrolewicz6/portland-civic-labs/blob/23b4670d8d26b9093f6e401bb89d9d6f30d8506d/catalog/forms/businesses/payday-lender-permit.json,none,Regulator and external agencies determine eligibility; inspections/hearings depend on license.,Unknown; no measured department use,Unknown; no measured department use,0 demonstrated authoritative completions; no City issuing adapter,0 demonstrated authoritative completions,Unknown; no matched outcome cohort,Guidance or supervised comparison only. Staff must verify rules and enter/complete official systems; real sensitive intake requires P0 fixes first.,Unknown; potential clerical benefit offset by duplicate entry,Unknown; field work and official-system work remain,0 via this app alone,0 via this app alone,Unknown; no proven critical-path reduction,Per-license rule packs; license/background registries; renewal events and agency handoffs.,unknown,Unknown empirically; conditional budgets unknown,Unknown empirically; conditional budgets unknown,Unknown case share; see path splits and remaining limits,0 for classes requiring staff inspection/merits decision; otherwise unknown,"Administrative queues/corrections may shrink; required waits, applicant work and physical work remain; no validated percentage","Catalog labels are not evidence of City authority; OLCC, county and state permissions remain separate.","P0 security/schema/state/payment correctness; official case/fee/document/notification adapters; durable jobs, recovery and audit; see backlog",No audited per-slug annual count; do not allocate broad official totals to this row,Family-specific models and shared volume sensitivity only; no additive per-form savings,High source wiring; medium workflow-family; low/unmeasured impact,O40;O42;O43,https://multco.us/services/food-cart-license;https://www.portland.gov/ppd/cannabis;https://www.oregon.gov/olcc/marijuana/Pages/default.aspx,evidence/catalog-verification.json#payday-lender-permit
pcef-grant,Portland Clean Energy Fund Grant,grants,funding application,Grants,BPS / PCEF,Medium where official family source applies; otherwise catalog attribution only,"Funding round, merits selection, agreement, disbursement and performance reporting.",Program intake window -> eligibility -> merits/scoring/budget selection -> award agreement -> disbursement -> evidence/reporting/closeout,Public form schema/route implemented; original pipeline fixture reaches human_review. Client upload object/string-array validation mismatch reproduced No default discipline assignment; manual triage required,partial,https://www.portlandpermits.org/apply/pcef-grant,https://github.com/ekrolewicz6/portland-civic-labs/blob/23b4670d8d26b9093f6e401bb89d9d6f30d8506d/catalog/forms/grants/pcef-grant.json,none,"Program panel and funder decisions; recipient work, inspections/audit as required.",Unknown; no measured department use,Unknown; no measured department use,0 demonstrated authoritative completions; no City issuing adapter,0 demonstrated authoritative completions,Unknown; no matched outcome cohort,Guidance or supervised comparison only. Staff must verify rules and enter/complete official systems; real sensitive intake requires P0 fixes first.,Unknown; potential clerical benefit offset by duplicate entry,Unknown; field work and official-system work remain,0 via this app alone,0 via this app alone,Unknown; no proven critical-path reduction,"Program-specific application/scoring support, budget encumbrance, agreements, reporting and finance adapter.",unknown,Unknown empirically; conditional budgets unknown,Unknown empirically; conditional budgets unknown,Unknown case share; see path splits and remaining limits,0 for classes requiring staff inspection/merits decision; otherwise unknown,"Administrative queues/corrections may shrink; required waits, applicant work and physical work remain; no validated percentage",Funding availability and selection are not code-compliance permit decisions; current program intake status unverified.,"P0 security/schema/state/payment correctness; official case/fee/document/notification adapters; durable jobs, recovery and audit; see backlog",No audited per-slug annual count; do not allocate broad official totals to this row,Family-specific models and shared volume sensitivity only; no additive per-form savings,High source wiring; medium workflow-family; low/unmeasured impact,O46,https://www.portland.gov/bes/grants-incentives,evidence/catalog-verification.json#pcef-grant
permanent-sign-permit,Permanent Sign Permit,permits,permit/license or conditional exemption,Signs/awnings,Portland PP&D; PBOT for ROW/portable-sign compliance,Medium where official family source applies; otherwise catalog attribution only,Permanent geometry/structure/illumination route; overlaps broad sign-permit.,Exempt/registration/permanent classification -> site sign inventory and geometry -> zoning/structural/electrical checks -> issue/register when required -> installation inspection/removal at expiry,Public form schema/route implemented; original pipeline fixture reaches human_review. Client upload object/string-array validation mismatch reproduced No default discipline assignment; manual triage required,partial,https://www.portlandpermits.org/apply/permanent-sign-permit,https://github.com/ekrolewicz6/portland-civic-labs/blob/23b4670d8d26b9093f6e401bb89d9d6f30d8506d/catalog/forms/permits/permanent-sign-permit.json,none,Applicant drawings and measurements; engineer/electrician where required; inspector.,Unknown; no measured department use,Unknown; no measured department use,0 demonstrated authoritative completions; no City issuing adapter,0 demonstrated authoritative completions,Unknown; no matched outcome cohort,Guidance or supervised comparison only. Staff must verify rules and enter/complete official systems; real sensitive intake requires P0 fixes first.,Unknown; potential clerical benefit offset by duplicate entry,Unknown; field work and official-system work remain,0 via this app alone,0 via this app alone,Unknown; no proven critical-path reduction,Current Title 32 criteria; façade/sign inventory; structural attachment; permit-type-specific fees and electrical linkage.,M2,Unknown empirically; conditional budgets M2,Unknown empirically; conditional budgets M2,Unknown case share; see path splits and remaining limits,0 for classes requiring staff inspection/merits decision; otherwise unknown,"Administrative queues/corrections may shrink; required waits, applicant work and physical work remain; no validated percentage","Portable registration ended July 25, 2026; placement compliance remains; historic or land-use conditions may require review.","P0 security/schema/state/payment correctness; official case/fee/document/notification adapters; durable jobs, recovery and audit; see backlog",No audited per-slug annual count; do not allocate broad official totals to this row,Family-specific models and shared volume sensitivity only; no additive per-form savings,High source wiring; medium workflow-family; low/unmeasured impact,O31;O32,https://www.portland.gov/ppd/sign-permits;https://www.portland.gov/transportation/permitting/portable-signs-boards,evidence/catalog-verification.json#permanent-sign-permit
personal-income-tax,Personal Income Tax Filing,business-filings,tax/account transaction,Tax filings/accounts,Portland Revenue Division for applicable City/County/Metro program; verify tax-year scope,Medium where official family source applies; otherwise catalog attribution only,Applicable local/Metro/Multnomah tax programs and tax year; not federal/state general income tax.,Identify tax/account/period -> calculate or collect return -> validate schedules -> authorized filing/payment -> ledger/reconciliation -> amendments/refunds/audit,Public form schema/route implemented; original pipeline fixture reaches human_review. No default discipline assignment; manual triage required,partial,https://www.portlandpermits.org/apply/personal-income-tax,https://github.com/ekrolewicz6/portland-civic-labs/blob/23b4670d8d26b9093f6e401bb89d9d6f30d8506d/catalog/forms/business-filings/personal-income-tax.json,none,"Taxpayer supplies truthful records; authority resolves audits, discretionary relief and contested assessments.",Unknown; no measured department use,Unknown; no measured department use,0 demonstrated authoritative completions; no City issuing adapter,0 demonstrated authoritative completions,Unknown; no matched outcome cohort,Guidance or supervised comparison only. Staff must verify rules and enter/complete official systems; real sensitive intake requires P0 fixes first.,Unknown; potential clerical benefit offset by duplicate entry,Unknown; field work and official-system work remain,0 via this app alone,0 via this app alone,Unknown; no proven critical-path reduction,Tax-year rule engine; official account/filing API; exact rates and thresholds; signed declarations and payment ledger.,unknown,Unknown empirically; conditional budgets unknown,Unknown empirically; conditional budgets unknown,Unknown case share; see path splits and remaining limits,0 for classes requiring staff inspection/merits decision; otherwise unknown,"Administrative queues/corrections may shrink; required waits, applicant work and physical work remain; no validated percentage",A local application record is not a filed return or remitted tax; current-year coverage is unaudited.,"P0 security/schema/state/payment correctness; official case/fee/document/notification adapters; durable jobs, recovery and audit; see backlog",No audited per-slug annual count; do not allocate broad official totals to this row,Family-specific models and shared volume sensitivity only; no additive per-form savings,High source wiring; medium workflow-family; low/unmeasured impact,O44,https://www.portland.gov/revenue,evidence/catalog-verification.json#personal-income-tax
picnic-reservation,Picnic Shelter Reservation,parks-recreation,reservation/use permission,Parks reservations/events,Portland Parks & Recreation,Medium where official family source applies; otherwise catalog attribution only,Shelter inventory/date/capacity and confirmed reservation/payment; live first page renders only.,Inventory/date selection -> eligibility/conflict/access/safety review -> agreement/deposit/payment -> confirmed booking -> event/use -> damage/deposit closeout,Public form schema/route implemented; original pipeline fixture reaches exception. Legacy conditional-schema exception reproduced; not proof first UI page cannot render No default discipline assignment; manual triage required,partial / exception in isolated validation,https://www.portlandpermits.org/apply/picnic-reservation,https://github.com/ekrolewicz6/portland-civic-labs/blob/23b4670d8d26b9093f6e401bb89d9d6f30d8506d/catalog/forms/parks-recreation/picnic-reservation.json,none,Parks staff resolve special uses; users conduct events; maintenance/site checks remain.,Unknown; no measured department use,Unknown; no measured department use,0 demonstrated authoritative completions; no City issuing adapter,0 demonstrated authoritative completions,Unknown; no matched outcome cohort,Guidance or supervised comparison only. Staff must verify rules and enter/complete official systems; real sensitive intake requires P0 fixes first.,Unknown; potential clerical benefit offset by duplicate entry,Unknown; field work and official-system work remain,0 via this app alone,0 via this app alone,Unknown; no proven critical-path reduction,Real inventory with atomic reservations; pricing/deposits/refunds; event checklists and asset work orders.,M2;M3,Unknown empirically; conditional budgets M2;M3,Unknown empirically; conditional budgets M2;M3,Unknown case share; see path splits and remaining limits,0 for classes requiring staff inspection/merits decision; otherwise unknown,"Administrative queues/corrections may shrink; required waits, applicant work and physical work remain; no validated percentage",A generic form without a reservation backend does not reserve a venue; eight schemas have incompatible condition shapes.,"P0 security/schema/state/payment correctness; official case/fee/document/notification adapters; durable jobs, recovery and audit; see backlog",No audited per-slug annual count; do not allocate broad official totals to this row,Family-specific models and shared volume sensitivity only; no additive per-form savings,High source wiring; medium workflow-family; low/unmeasured impact,O28,https://www.portland.gov/fire/permits-inspections/public-assembly-permit-requirements,evidence/catalog-verification.json#picnic-reservation
plumbing-permit,Plumbing Permit,permits,permit/license or conditional exemption,Trades,PP&D,Medium where official family source applies; otherwise catalog attribution only,Fixture/minor no-plan-review scope versus medical-gas and other plan-required work.,Scope/contractor/jurisdiction -> plan-review eligibility -> drawings/review if required -> assessed payment -> official trade permit -> installation inspections/reinspection -> final,Public form schema/route implemented; original pipeline fixture reaches approved. No default discipline assignment; manual triage required Synthetic auto-approval demonstrated; eligibility unsafe; no official issuance,partial,https://www.portlandpermits.org/apply/plumbing-permit,https://github.com/ekrolewicz6/portland-civic-labs/blob/23b4670d8d26b9093f6e401bb89d9d6f30d8506d/catalog/forms/permits/plumbing-permit.json,none,Applicant supplies scope and licenses; reviewers handle plan-required work; licensed installers and inspectors perform work.,Unknown; no measured department use,Unknown; no measured department use,0 demonstrated authoritative completions; no City issuing adapter,0 demonstrated authoritative completions,Unknown; no matched outcome cohort,Guidance or supervised comparison only. Staff must verify rules and enter/complete official systems; real sensitive intake requires P0 fixes first.,Unknown; potential clerical benefit offset by duplicate entry,Unknown; field work and official-system work remain,0 via this app alone,0 via this app alone,Unknown; no proven critical-path reduction,Canonical scope taxonomy; license registry; current fixture/equipment fees; DevHub issue adapter; inspection link.,M1;M2,Unknown empirically; conditional budgets M1;M2,Unknown empirically; conditional budgets M1;M2,Conditional 100% only eligible no-plan-review trade class; plan-required share unknown,0 for classes requiring staff inspection/merits decision; otherwise unknown,"Administrative queues/corrections may shrink; required waits, applicant work and physical work remain; no validated percentage",No-plan-review and plan-review scopes differ; unknown licenses/site data must route to staff.,"P0 security/schema/state/payment correctness; official case/fee/document/notification adapters; durable jobs, recovery and audit; see backlog",No audited per-slug annual count; do not allocate broad official totals to this row,Family-specific models and shared volume sensitivity only; no additive per-form savings,High source wiring; medium workflow-family; low/unmeasured impact,O01;O02;O08;O09,https://www.portland.gov/ppd/devhub-faqs;https://www.portland.gov/ppd/submit-and-pay-application-permit-type;https://www.portland.gov/ppd/commercial-permitting/commercial-permit-inspections/commercial-mechanical-permits;https://www.portland.gov/ppd/commercial-permitting/commercial-requirements,evidence/catalog-verification.json#plumbing-permit
police-alarm-permit,Police Alarm Permit,businesses,permit/license or conditional exemption,Business/regulatory licenses,Portland Police Bureau,Medium where official family source applies; otherwise catalog attribution only,"Alarm account/location, fees and false-alarm administration; official registry needed.",Identify licensing authority and scope -> identity/site/credential/background or safety checks -> external recommendations -> fee/license -> renewals/enforcement,Public form schema/route implemented; original pipeline fixture reaches human_review. No default discipline assignment; manual triage required,partial,https://www.portlandpermits.org/apply/police-alarm-permit,https://github.com/ekrolewicz6/portland-civic-labs/blob/23b4670d8d26b9093f6e401bb89d9d6f30d8506d/catalog/forms/businesses/police-alarm-permit.json,none,Regulator and external agencies determine eligibility; inspections/hearings depend on license.,Unknown; no measured department use,Unknown; no measured department use,0 demonstrated authoritative completions; no City issuing adapter,0 demonstrated authoritative completions,Unknown; no matched outcome cohort,Guidance or supervised comparison only. Staff must verify rules and enter/complete official systems; real sensitive intake requires P0 fixes first.,Unknown; potential clerical benefit offset by duplicate entry,Unknown; field work and official-system work remain,0 via this app alone,0 via this app alone,Unknown; no proven critical-path reduction,Per-license rule packs; license/background registries; renewal events and agency handoffs.,unknown,Unknown empirically; conditional budgets unknown,Unknown empirically; conditional budgets unknown,Unknown case share; see path splits and remaining limits,0 for classes requiring staff inspection/merits decision; otherwise unknown,"Administrative queues/corrections may shrink; required waits, applicant work and physical work remain; no validated percentage","Catalog labels are not evidence of City authority; OLCC, county and state permissions remain separate.","P0 security/schema/state/payment correctness; official case/fee/document/notification adapters; durable jobs, recovery and audit; see backlog",No audited per-slug annual count; do not allocate broad official totals to this row,Family-specific models and shared volume sensitivity only; no additive per-form savings,High source wiring; medium workflow-family; low/unmeasured impact,O40;O42;O43,https://multco.us/services/food-cart-license;https://www.portland.gov/ppd/cannabis;https://www.oregon.gov/olcc/marijuana/Pages/default.aspx,evidence/catalog-verification.json#police-alarm-permit
portable-propane-permit,Portable Propane Device Permit,permits,permit/license or conditional exemption,Fire operations,Portland Fire & Rescue,Medium where official family source applies; otherwise catalog attribution only,"Cylinder/appliance quantity, separation, approved equipment and operation conditions.",Activity/hazard classification -> layout/equipment/safety plan -> fire review and required site inspection -> fee/permission -> monitored event/operation -> renewal or closeout,Public form schema/route implemented; original pipeline fixture reaches human_review. No default discipline assignment; manual triage required,partial,https://www.portlandpermits.org/apply/portable-propane-permit,https://github.com/ekrolewicz6/portland-civic-labs/blob/23b4670d8d26b9093f6e401bb89d9d6f30d8506d/catalog/forms/permits/portable-propane-permit.json,none,"Fire officer judgment, safe operation, trained personnel and site checks remain.",Unknown; no measured department use,Unknown; no measured department use,0 demonstrated authoritative completions; no City issuing adapter,0 demonstrated authoritative completions,Unknown; no matched outcome cohort,Guidance or supervised comparison only. Staff must verify rules and enter/complete official systems; real sensitive intake requires P0 fixes first.,Unknown; potential clerical benefit offset by duplicate entry,Unknown; field work and official-system work remain,0 via this app alone,0 via this app alone,Unknown; no proven critical-path reduction,"Hazard-specific checklists, capacity and separation rules, credential validation, inspection calendar, event/renewal records.",M3,Unknown empirically; conditional budgets M3,Unknown empirically; conditional budgets M3,Unknown case share; see path splits and remaining limits,0 for classes requiring staff inspection/merits decision; otherwise unknown,"Administrative queues/corrections may shrink; required waits, applicant work and physical work remain; no validated percentage","One general fire form is not a universal approval criterion for propane, hot work, lasers or pyrotechnics.","P0 security/schema/state/payment correctness; official case/fee/document/notification adapters; durable jobs, recovery and audit; see backlog",No audited per-slug annual count; do not allocate broad official totals to this row,Family-specific models and shared volume sensitivity only; no additive per-form savings,High source wiring; medium workflow-family; low/unmeasured impact,O28;O29,https://www.portland.gov/fire/permits-inspections/public-assembly-permit-requirements;https://www.portland.gov/fire/permits-inspections/documents/30008an-annual-permit-public-special-events-0/download,evidence/catalog-verification.json#portable-propane-permit
portable-sign-registration,Portable Sign Registration (A-Board),permits,permit/license or conditional exemption,Signs/awnings,Portland PP&D; PBOT for ROW/portable-sign compliance,Medium where official family source applies; otherwise catalog attribution only,"Retire registration workflow: City removed portable-sign registration July 25, 2026; retain compliance guidance.",Exempt/registration/permanent classification -> site sign inventory and geometry -> zoning/structural/electrical checks -> issue/register when required -> installation inspection/removal at expiry,"Public form schema/route implemented; original pipeline fixture reaches human_review. No default discipline assignment; manual triage required Registration requirement removed July 25, 2026; form should be retired/replaced with guidance",partial,https://www.portlandpermits.org/apply/portable-sign-registration,https://github.com/ekrolewicz6/portland-civic-labs/blob/23b4670d8d26b9093f6e401bb89d9d6f30d8506d/catalog/forms/permits/portable-sign-registration.json,none,Applicant drawings and measurements; engineer/electrician where required; inspector.,Unknown; no measured department use,Unknown; no measured department use,0 demonstrated authoritative completions; no City issuing adapter,0 demonstrated authoritative completions,Unknown; no matched outcome cohort,Guidance or supervised comparison only. Staff must verify rules and enter/complete official systems; real sensitive intake requires P0 fixes first.,Unknown; potential clerical benefit offset by duplicate entry,Unknown; field work and official-system work remain,0 via this app alone,0 via this app alone,Unknown; no proven critical-path reduction,Current Title 32 criteria; façade/sign inventory; structural attachment; permit-type-specific fees and electrical linkage.,M2,Unknown empirically; conditional budgets M2,Unknown empirically; conditional budgets M2,Unknown case share; see path splits and remaining limits,0 for classes requiring staff inspection/merits decision; otherwise unknown,"Administrative queues/corrections may shrink; required waits, applicant work and physical work remain; no validated percentage","Portable registration ended July 25, 2026; placement compliance remains; historic or land-use conditions may require review.","P0 security/schema/state/payment correctness; official case/fee/document/notification adapters; durable jobs, recovery and audit; see backlog",No audited per-slug annual count; do not allocate broad official totals to this row,Family-specific models and shared volume sensitivity only; no additive per-form savings,High source wiring; medium workflow-family; low/unmeasured impact,O31;O32,https://www.portland.gov/ppd/sign-permits;https://www.portland.gov/transportation/permitting/portable-signs-boards,evidence/catalog-verification.json#portable-sign-registration
portable-storage-permit,Portable Storage Container Permit,transportation,permit/license or conditional exemption,Right-of-way construction/use,PBOT,Medium where official family source applies; otherwise catalog attribution only,"Container footprint, parking/traffic conflicts, dates and site restrictions.",Location/space/date -> traffic/access and utility conflict checks -> plans/insurance/bonds -> approvals/fees -> ROW permission -> field setup/work/inspections -> restoration and release,Public form schema/route implemented; original pipeline fixture reaches human_review. No default discipline assignment; manual triage required,partial,https://www.portlandpermits.org/apply/portable-storage-permit,https://github.com/ekrolewicz6/portland-civic-labs/blob/23b4670d8d26b9093f6e401bb89d9d6f30d8506d/catalog/forms/transportation/portable-storage-permit.json,none,Traffic/civil reviewer and field crews; utility owners and public-safety constraints.,Unknown; no measured department use,Unknown; no measured department use,0 demonstrated authoritative completions; no City issuing adapter,0 demonstrated authoritative completions,Unknown; no matched outcome cohort,Guidance or supervised comparison only. Staff must verify rules and enter/complete official systems; real sensitive intake requires P0 fixes first.,Unknown; potential clerical benefit offset by duplicate entry,Unknown; field work and official-system work remain,0 via this app alone,0 via this app alone,Unknown; no proven critical-path reduction,Live street inventory/conflict calendar; detours/ADA routes; credentials/security; geospatial project graph; inspector and restoration ledger.,M2;M3,Unknown empirically; conditional budgets M2;M3,Unknown empirically; conditional budgets M2;M3,Unknown case share; see path splits and remaining limits,0 for classes requiring staff inspection/merits decision; otherwise unknown,"Administrative queues/corrections may shrink; required waits, applicant work and physical work remain; no validated percentage","Parking-only reservations differ from lane/sidewalk closures, encroachments and excavation.","P0 security/schema/state/payment correctness; official case/fee/document/notification adapters; durable jobs, recovery and audit; see backlog",No audited per-slug annual count; do not allocate broad official totals to this row,Family-specific models and shared volume sensitivity only; no additive per-form savings,High source wiring; medium workflow-family; low/unmeasured impact,O25;O26;O27,https://www.portland.gov/transportation/permitting/temporary-street-use-permitting-tsup;https://www.portland.gov/transportation/permitting/apply-renew-or-change-temporary-street-use-permit;https://www.portland.gov/transportation/permitting/encroachment-permits,evidence/catalog-verification.json#portable-storage-permit
pothole-report,Pothole Report,reports,report/field service,Reports/field service,PBOT Maintenance,Medium where official family source applies; otherwise catalog attribution only,"Road ownership, triage, crew work and repair verification.",Receive location/evidence -> triage/jurisdiction/duplicate check -> dispatch -> investigation/physical work -> verify/close and notify,Public form schema/route implemented; original pipeline fixture reaches human_review. Client upload object/string-array validation mismatch reproduced No default discipline assignment; manual triage required,partial,https://www.portlandpermits.org/apply/pothole-report,https://github.com/ekrolewicz6/portland-civic-labs/blob/23b4670d8d26b9093f6e401bb89d9d6f30d8506d/catalog/forms/reports/pothole-report.json,none,"Investigators, responders or maintenance crews perform and verify the work.",Unknown; no measured department use,Unknown; no measured department use,0 demonstrated authoritative completions; no City issuing adapter,0 demonstrated authoritative completions,Unknown; no matched outcome cohort,Guidance or supervised comparison only. Staff must verify rules and enter/complete official systems; real sensitive intake requires P0 fixes first.,Unknown; potential clerical benefit offset by duplicate entry,Unknown; field work and official-system work remain,0 via this app alone,0 via this app alone,Unknown; no proven critical-path reduction,"311/work-order integrations; asset and incident IDs; prioritization, duplicate matching and SLA/escalation.",unknown,Unknown empirically; conditional budgets unknown,Unknown empirically; conditional budgets unknown,Unknown case share; see path splits and remaining limits,0 for classes requiring staff inspection/merits decision; otherwise unknown,"Administrative queues/corrections may shrink; required waits, applicant work and physical work remain; no validated percentage","No outage, pothole or complaint is resolved merely because its form has been submitted.","P0 security/schema/state/payment correctness; official case/fee/document/notification adapters; durable jobs, recovery and audit; see backlog",No audited per-slug annual count; do not allocate broad official totals to this row,Family-specific models and shared volume sensitivity only; no additive per-form savings,High source wiring; medium workflow-family; low/unmeasured impact,O02,https://www.portland.gov/ppd/submit-and-pay-application-permit-type,evidence/catalog-verification.json#pothole-report
pre-application-conference,Early Assistance / Pre-Application Conference Request,permits,information/consultation,Information/early assistance,PP&D,Medium where official family source applies; otherwise catalog attribution only,"Scheduling and coordinated advice, not a binding land-use or construction approval.",Identify property/project -> request/schedule -> data or staff advice -> response record,Public form schema/route implemented; original pipeline fixture reaches human_review. Client upload object/string-array validation mismatch reproduced No default discipline assignment; manual triage required,partial,https://www.portlandpermits.org/apply/pre-application-conference,https://github.com/ekrolewicz6/portland-civic-labs/blob/23b4670d8d26b9093f6e401bb89d9d6f30d8506d/catalog/forms/permits/pre-application-conference.json,none,Staff consultation or current asset/model retrieval; applicant follows advice with actual applications.,Unknown; no measured department use,Unknown; no measured department use,0 demonstrated authoritative completions; no City issuing adapter,0 demonstrated authoritative completions,Unknown; no matched outcome cohort,Guidance or supervised comparison only. Staff must verify rules and enter/complete official systems; real sensitive intake requires P0 fixes first.,Unknown; potential clerical benefit offset by duplicate entry,Unknown; field work and official-system work remain,0 via this app alone,0 via this app alone,Unknown; no proven critical-path reduction,Authoritative lookup/scheduling and response export; project link; distinguish estimates from capacity commitments.,unknown,Unknown empirically; conditional budgets unknown,Unknown empirically; conditional budgets unknown,Unknown case share; see path splits and remaining limits,0 for classes requiring staff inspection/merits decision; otherwise unknown,"Administrative queues/corrections may shrink; required waits, applicant work and physical work remain; no validated percentage","An information response or fee statement is not authorization to build, connect or operate.","P0 security/schema/state/payment correctness; official case/fee/document/notification adapters; durable jobs, recovery and audit; see backlog",No audited per-slug annual count; do not allocate broad official totals to this row,Family-specific models and shared volume sensitivity only; no additive per-form savings,High source wiring; medium workflow-family; low/unmeasured impact,O02;O35,https://www.portland.gov/ppd/submit-and-pay-application-permit-type;https://www.portland.gov/ppd/infrastructure/sewer-stormwater-permit-requirements,evidence/catalog-verification.json#pre-application-conference
programmatic-tree-permit,Programmatic Tree Permit,permits,permit/license or conditional exemption,Tree work,Portland PP&D tree permitting; associated bureaus/land-use authority as applicable,Medium where official family source applies; otherwise catalog attribution only,"Organization-wide approved work standards, monitoring and reporting; discretionary program conditions.",Ownership/street/private/heritage/development classification -> species/size/site -> exempt/Type A/Type B/special route -> inspection/notice/replanting conditions -> decision -> work -> replanting/compliance closeout,Public form schema/route implemented; original pipeline fixture reaches human_review. Client upload object/string-array validation mismatch reproduced No default discipline assignment; manual triage required,partial,https://www.portlandpermits.org/apply/programmatic-tree-permit,https://github.com/ekrolewicz6/portland-civic-labs/blob/23b4670d8d26b9093f6e401bb89d9d6f30d8506d/catalog/forms/permits/programmatic-tree-permit.json,none,"Arborist/site assessment, discretion and public process depend on path; physical work/replanting remain.",Unknown; no measured department use,Unknown; no measured department use,0 demonstrated authoritative completions; no City issuing adapter,0 demonstrated authoritative completions,Unknown; no matched outcome cohort,Guidance or supervised comparison only. Staff must verify rules and enter/complete official systems; real sensitive intake requires P0 fixes first.,Unknown; potential clerical benefit offset by duplicate entry,Unknown; field work and official-system work remain,0 via this app alone,0 via this app alone,Unknown; no proven critical-path reduction,"Tree inventory, species/DBH and location evidence; hazard/photo review; adopted Title 11 criteria; notices, replacement and mitigation ledger.",M2;M3;M4,Unknown empirically; conditional budgets M2;M3;M4,Unknown empirically; conditional budgets M2;M3;M4,Unknown case share; see path splits and remaining limits,0 for classes requiring staff inspection/merits decision; otherwise unknown,"Administrative queues/corrections may shrink; required waits, applicant work and physical work remain; no validated percentage","Pruning exemptions and routine pruning differ from removal, heritage work and waivers.","P0 security/schema/state/payment correctness; official case/fee/document/notification adapters; durable jobs, recovery and audit; see backlog",No audited per-slug annual count; do not allocate broad official totals to this row,Family-specific models and shared volume sensitivity only; no additive per-form savings,High source wiring; medium workflow-family; low/unmeasured impact,O21;O22;O23;O24,https://www.portland.gov/ppd/tree-permits/do-i-need-tree-permit;https://www.portland.gov/code/11/40;https://www.portland.gov/ppd/tree-permits/removal-and-replanting-permits/do-i-need-permit-remove-trees-private-property;https://www.portland.gov/trees/treepermits/documents/street-tree-permit-application-non-removal/download,evidence/catalog-verification.json#programmatic-tree-permit
public-assembly-fire-permit,Public Assembly Fire Permit,permits,permit/license or conditional exemption,Fire operations,Portland Fire & Rescue,Medium where official family source applies; otherwise catalog attribution only,"Event capacity, exits, access, plans and required inspection/standby staff.",Activity/hazard classification -> layout/equipment/safety plan -> fire review and required site inspection -> fee/permission -> monitored event/operation -> renewal or closeout,Public form schema/route implemented; original pipeline fixture reaches human_review. Client upload object/string-array validation mismatch reproduced No default discipline assignment; manual triage required,partial,https://www.portlandpermits.org/apply/public-assembly-fire-permit,https://github.com/ekrolewicz6/portland-civic-labs/blob/23b4670d8d26b9093f6e401bb89d9d6f30d8506d/catalog/forms/permits/public-assembly-fire-permit.json,none,"Fire officer judgment, safe operation, trained personnel and site checks remain.",Unknown; no measured department use,Unknown; no measured department use,0 demonstrated authoritative completions; no City issuing adapter,0 demonstrated authoritative completions,Unknown; no matched outcome cohort,Guidance or supervised comparison only. Staff must verify rules and enter/complete official systems; real sensitive intake requires P0 fixes first.,Unknown; potential clerical benefit offset by duplicate entry,Unknown; field work and official-system work remain,0 via this app alone,0 via this app alone,Unknown; no proven critical-path reduction,"Hazard-specific checklists, capacity and separation rules, credential validation, inspection calendar, event/renewal records.",M3,Unknown empirically; conditional budgets M3,Unknown empirically; conditional budgets M3,Unknown case share; see path splits and remaining limits,0 for classes requiring staff inspection/merits decision; otherwise unknown,"Administrative queues/corrections may shrink; required waits, applicant work and physical work remain; no validated percentage","One general fire form is not a universal approval criterion for propane, hot work, lasers or pyrotechnics.","P0 security/schema/state/payment correctness; official case/fee/document/notification adapters; durable jobs, recovery and audit; see backlog",No audited per-slug annual count; do not allocate broad official totals to this row,Family-specific models and shared volume sensitivity only; no additive per-form savings,High source wiring; medium workflow-family; low/unmeasured impact,O28;O29,https://www.portland.gov/fire/permits-inspections/public-assembly-permit-requirements;https://www.portland.gov/fire/permits-inspections/documents/30008an-annual-permit-public-special-events-0/download,evidence/catalog-verification.json#public-assembly-fire-permit
public-event-parks,Public Event in Parks,parks-recreation,reservation/use permission,Parks reservations/events,Portland Parks & Recreation,Medium where official family source applies; otherwise catalog attribution only,Parks agreement plus public safety/traffic/fire permits as applicable; event work remains.,Inventory/date selection -> eligibility/conflict/access/safety review -> agreement/deposit/payment -> confirmed booking -> event/use -> damage/deposit closeout,Public form schema/route implemented; original pipeline fixture reaches exception. Legacy conditional-schema exception reproduced; not proof first UI page cannot render No default discipline assignment; manual triage required,partial / exception in isolated validation,https://www.portlandpermits.org/apply/public-event-parks,https://github.com/ekrolewicz6/portland-civic-labs/blob/23b4670d8d26b9093f6e401bb89d9d6f30d8506d/catalog/forms/parks-recreation/public-event-parks.json,none,Parks staff resolve special uses; users conduct events; maintenance/site checks remain.,Unknown; no measured department use,Unknown; no measured department use,0 demonstrated authoritative completions; no City issuing adapter,0 demonstrated authoritative completions,Unknown; no matched outcome cohort,Guidance or supervised comparison only. Staff must verify rules and enter/complete official systems; real sensitive intake requires P0 fixes first.,Unknown; potential clerical benefit offset by duplicate entry,Unknown; field work and official-system work remain,0 via this app alone,0 via this app alone,Unknown; no proven critical-path reduction,Real inventory with atomic reservations; pricing/deposits/refunds; event checklists and asset work orders.,M2;M3,Unknown empirically; conditional budgets M2;M3,Unknown empirically; conditional budgets M2;M3,Unknown case share; see path splits and remaining limits,0 for classes requiring staff inspection/merits decision; otherwise unknown,"Administrative queues/corrections may shrink; required waits, applicant work and physical work remain; no validated percentage",A generic form without a reservation backend does not reserve a venue; eight schemas have incompatible condition shapes.,"P0 security/schema/state/payment correctness; official case/fee/document/notification adapters; durable jobs, recovery and audit; see backlog",No audited per-slug annual count; do not allocate broad official totals to this row,Family-specific models and shared volume sensitivity only; no additive per-form savings,High source wiring; medium workflow-family; low/unmeasured impact,O28,https://www.portland.gov/fire/permits-inspections/public-assembly-permit-requirements,evidence/catalog-verification.json#public-event-parks
pyrotechnic-permit,Pyrotechnic / Special Effects Permit,permits,permit/license or conditional exemption,Fire operations,Portland Fire & Rescue,Medium where official family source applies; otherwise catalog attribution only,"Operator certification, site separation, weather and fire oversight; possible state authorization.",Activity/hazard classification -> layout/equipment/safety plan -> fire review and required site inspection -> fee/permission -> monitored event/operation -> renewal or closeout,Public form schema/route implemented; original pipeline fixture reaches human_review. Client upload object/string-array validation mismatch reproduced No default discipline assignment; manual triage required,partial,https://www.portlandpermits.org/apply/pyrotechnic-permit,https://github.com/ekrolewicz6/portland-civic-labs/blob/23b4670d8d26b9093f6e401bb89d9d6f30d8506d/catalog/forms/permits/pyrotechnic-permit.json,none,"Fire officer judgment, safe operation, trained personnel and site checks remain.",Unknown; no measured department use,Unknown; no measured department use,0 demonstrated authoritative completions; no City issuing adapter,0 demonstrated authoritative completions,Unknown; no matched outcome cohort,Guidance or supervised comparison only. Staff must verify rules and enter/complete official systems; real sensitive intake requires P0 fixes first.,Unknown; potential clerical benefit offset by duplicate entry,Unknown; field work and official-system work remain,0 via this app alone,0 via this app alone,Unknown; no proven critical-path reduction,"Hazard-specific checklists, capacity and separation rules, credential validation, inspection calendar, event/renewal records.",M3,Unknown empirically; conditional budgets M3,Unknown empirically; conditional budgets M3,Unknown case share; see path splits and remaining limits,0 for classes requiring staff inspection/merits decision; otherwise unknown,"Administrative queues/corrections may shrink; required waits, applicant work and physical work remain; no validated percentage","One general fire form is not a universal approval criterion for propane, hot work, lasers or pyrotechnics.","P0 security/schema/state/payment correctness; official case/fee/document/notification adapters; durable jobs, recovery and audit; see backlog",No audited per-slug annual count; do not allocate broad official totals to this row,Family-specific models and shared volume sensitivity only; no additive per-form savings,High source wiring; medium workflow-family; low/unmeasured impact,O28;O29,https://www.portland.gov/fire/permits-inspections/public-assembly-permit-requirements;https://www.portland.gov/fire/permits-inspections/documents/30008an-annual-permit-public-special-events-0/download,evidence/catalog-verification.json#pyrotechnic-permit
replanting-waiver,Replanting Waiver Application,permits,permit/license or conditional exemption,Tree work,Portland PP&D tree permitting; associated bureaus/land-use authority as applicable,Medium where official family source applies; otherwise catalog attribution only,Exceptional relief/mitigation decision; no deterministic blanket waiver from a checkbox.,Ownership/street/private/heritage/development classification -> species/size/site -> exempt/Type A/Type B/special route -> inspection/notice/replanting conditions -> decision -> work -> replanting/compliance closeout,Public form schema/route implemented; original pipeline fixture reaches human_review. Client upload object/string-array validation mismatch reproduced No default discipline assignment; manual triage required,partial,https://www.portlandpermits.org/apply/replanting-waiver,https://github.com/ekrolewicz6/portland-civic-labs/blob/23b4670d8d26b9093f6e401bb89d9d6f30d8506d/catalog/forms/permits/replanting-waiver.json,none,"Arborist/site assessment, discretion and public process depend on path; physical work/replanting remain.",Unknown; no measured department use,Unknown; no measured department use,0 demonstrated authoritative completions; no City issuing adapter,0 demonstrated authoritative completions,Unknown; no matched outcome cohort,Guidance or supervised comparison only. Staff must verify rules and enter/complete official systems; real sensitive intake requires P0 fixes first.,Unknown; potential clerical benefit offset by duplicate entry,Unknown; field work and official-system work remain,0 via this app alone,0 via this app alone,Unknown; no proven critical-path reduction,"Tree inventory, species/DBH and location evidence; hazard/photo review; adopted Title 11 criteria; notices, replacement and mitigation ledger.",M2;M3;M4,Unknown empirically; conditional budgets M2;M3;M4,Unknown empirically; conditional budgets M2;M3;M4,Unknown case share; see path splits and remaining limits,0 for classes requiring staff inspection/merits decision; otherwise unknown,"Administrative queues/corrections may shrink; required waits, applicant work and physical work remain; no validated percentage","Pruning exemptions and routine pruning differ from removal, heritage work and waivers.","P0 security/schema/state/payment correctness; official case/fee/document/notification adapters; durable jobs, recovery and audit; see backlog",No audited per-slug annual count; do not allocate broad official totals to this row,Family-specific models and shared volume sensitivity only; no additive per-form savings,High source wiring; medium workflow-family; low/unmeasured impact,O21;O22;O23;O24,https://www.portland.gov/ppd/tree-permits/do-i-need-tree-permit;https://www.portland.gov/code/11/40;https://www.portland.gov/ppd/tree-permits/removal-and-replanting-permits/do-i-need-permit-remove-trees-private-property;https://www.portland.gov/trees/treepermits/documents/street-tree-permit-application-non-removal/download,evidence/catalog-verification.json#replanting-waiver
reroof-permit,Reroofing Permit,permits,permit/license or conditional exemption,Residential construction,PP&D,Medium where official family source applies; otherwise catalog attribution only,Exempt maintenance versus structural/material/weight or commercial reroof permit; verify actual scope.,Jurisdiction/legal use -> scope and zoning -> complete plans -> required disciplines/corrections -> preissuance fees/conditions -> building and linked trades -> staged inspections -> final/occupancy if applicable,Public form schema/route implemented; original pipeline fixture reaches human_review. No default discipline assignment; manual triage required,partial,https://www.portlandpermits.org/apply/reroof-permit,https://github.com/ekrolewicz6/portland-civic-labs/blob/23b4670d8d26b9093f6e401bb89d9d6f30d8506d/catalog/forms/permits/reroof-permit.json,none,Designer and applicant prepare plans; staff review judgment/engineering/site issues; inspectors verify constructed work.,Unknown; no measured department use,Unknown; no measured department use,0 demonstrated authoritative completions; no City issuing adapter,0 demonstrated authoritative completions,Unknown; no matched outcome cohort,Guidance or supervised comparison only. Staff must verify rules and enter/complete official systems; real sensitive intake requires P0 fixes first.,Unknown; potential clerical benefit offset by duplicate entry,Unknown; field work and official-system work remain,0 via this app alone,0 via this app alone,Unknown; no proven critical-path reduction,Structured project model; parcel geometry and prior conditions; code-version rules; document revision control; review and trade dependency graph; issue/inspection interfaces.,M2;M3,Unknown empirically; conditional budgets M2;M3,Unknown empirically; conditional budgets M2;M3,Unknown case share; see path splits and remaining limits,0 for classes requiring staff inspection/merits decision; otherwise unknown,"Administrative queues/corrections may shrink; required waits, applicant work and physical work remain; no validated percentage","New build, addition, alteration and conversion must be separate paths; physical conditions and professional design remain.","P0 security/schema/state/payment correctness; official case/fee/document/notification adapters; durable jobs, recovery and audit; see backlog",No audited per-slug annual count; do not allocate broad official totals to this row,Family-specific models and shared volume sensitivity only; no additive per-form savings,High source wiring; medium workflow-family; low/unmeasured impact,O02;O10;O11;O14,https://www.portland.gov/ppd/submit-and-pay-application-permit-type;https://www.portland.gov/ppd/residential-permitting/home-projects/accessory-dwelling-units;https://www.oregon.gov/bcd/codes-stand/Pages/ossc-adoption.aspx;https://www.portland.gov/permitimprovement/code-alignment-project,evidence/catalog-verification.json#reroof-permit
research-park-permit,Research on Park Property,parks-recreation,reservation/use permission,Parks reservations/events,Portland Parks & Recreation,Medium where official family source applies; otherwise catalog attribution only,"Research purpose, resource impact/collection, access and reporting conditions.",Inventory/date selection -> eligibility/conflict/access/safety review -> agreement/deposit/payment -> confirmed booking -> event/use -> damage/deposit closeout,Public form schema/route implemented; original pipeline fixture reaches exception. Legacy conditional-schema exception reproduced; not proof first UI page cannot render No default discipline assignment; manual triage required,partial / exception in isolated validation,https://www.portlandpermits.org/apply/research-park-permit,https://github.com/ekrolewicz6/portland-civic-labs/blob/23b4670d8d26b9093f6e401bb89d9d6f30d8506d/catalog/forms/parks-recreation/research-park-permit.json,none,Parks staff resolve special uses; users conduct events; maintenance/site checks remain.,Unknown; no measured department use,Unknown; no measured department use,0 demonstrated authoritative completions; no City issuing adapter,0 demonstrated authoritative completions,Unknown; no matched outcome cohort,Guidance or supervised comparison only. Staff must verify rules and enter/complete official systems; real sensitive intake requires P0 fixes first.,Unknown; potential clerical benefit offset by duplicate entry,Unknown; field work and official-system work remain,0 via this app alone,0 via this app alone,Unknown; no proven critical-path reduction,Real inventory with atomic reservations; pricing/deposits/refunds; event checklists and asset work orders.,M2;M3,Unknown empirically; conditional budgets M2;M3,Unknown empirically; conditional budgets M2;M3,Unknown case share; see path splits and remaining limits,0 for classes requiring staff inspection/merits decision; otherwise unknown,"Administrative queues/corrections may shrink; required waits, applicant work and physical work remain; no validated percentage",A generic form without a reservation backend does not reserve a venue; eight schemas have incompatible condition shapes.,"P0 security/schema/state/payment correctness; official case/fee/document/notification adapters; durable jobs, recovery and audit; see backlog",No audited per-slug annual count; do not allocate broad official totals to this row,Family-specific models and shared volume sensitivity only; no additive per-form savings,High source wiring; medium workflow-family; low/unmeasured impact,O28,https://www.portland.gov/fire/permits-inspections/public-assembly-permit-requirements,evidence/catalog-verification.json#research-park-permit
residential-building-permit,Residential Building Permit,permits,permit/license or conditional exemption,Residential construction,PP&D,Medium where official family source applies; otherwise catalog attribution only,"Split new detached/townhouse, addition, alteration, accessory structure and conversion; code applicability differs.",Jurisdiction/legal use -> scope and zoning -> complete plans -> required disciplines/corrections -> preissuance fees/conditions -> building and linked trades -> staged inspections -> final/occupancy if applicable,"Public form schema/route implemented; original pipeline fixture reaches human_review. Client upload object/string-array validation mismatch reproduced Pipeline expects absent document keys: site_plan, floor_plans",partial,https://www.portlandpermits.org/apply/residential-building-permit,https://github.com/ekrolewicz6/portland-civic-labs/blob/23b4670d8d26b9093f6e401bb89d9d6f30d8506d/catalog/forms/permits/residential-building-permit.json,zoning;structural;life_safety;environmental;water;transportation;trees,Designer and applicant prepare plans; staff review judgment/engineering/site issues; inspectors verify constructed work.,Unknown; no measured department use,Unknown; no measured department use,0 demonstrated authoritative completions; no City issuing adapter,0 demonstrated authoritative completions,Unknown; no matched outcome cohort,Guidance or supervised comparison only. Staff must verify rules and enter/complete official systems; real sensitive intake requires P0 fixes first.,Unknown; potential clerical benefit offset by duplicate entry,Unknown; field work and official-system work remain,0 via this app alone,0 via this app alone,Unknown; no proven critical-path reduction,Structured project model; parcel geometry and prior conditions; code-version rules; document revision control; review and trade dependency graph; issue/inspection interfaces.,M2;M3,Unknown empirically; conditional budgets M2;M3,Unknown empirically; conditional budgets M2;M3,Unknown case share; see path splits and remaining limits,0 for classes requiring staff inspection/merits decision; otherwise unknown,"Administrative queues/corrections may shrink; required waits, applicant work and physical work remain; no validated percentage","New build, addition, alteration and conversion must be separate paths; physical conditions and professional design remain.","P0 security/schema/state/payment correctness; official case/fee/document/notification adapters; durable jobs, recovery and audit; see backlog",No audited per-slug annual count; do not allocate broad official totals to this row,Family-specific models and shared volume sensitivity only; no additive per-form savings,High source wiring; medium workflow-family; low/unmeasured impact,O02;O10;O11;O14,https://www.portland.gov/ppd/submit-and-pay-application-permit-type;https://www.portland.gov/ppd/residential-permitting/home-projects/accessory-dwelling-units;https://www.oregon.gov/bcd/codes-stand/Pages/ossc-adoption.aspx;https://www.portland.gov/permitimprovement/code-alignment-project,evidence/catalog-verification.json#residential-building-permit
residential-parking-permit,Residential Parking Permit (Annual Zone Permit),residents,permit/license or conditional exemption,Parking/access entitlement,PBOT,Medium where official family source applies; otherwise catalog attribution only,Overlaps area-parking-permit for resident zone permits; address/vehicle/quota and renewal.,Zone/account/eligibility -> evidence and quota validation -> fee -> plate/permit/account activation -> renewal/cancellation,Public form schema/route implemented; original pipeline fixture reaches human_review. Client upload object/string-array validation mismatch reproduced No default discipline assignment; manual triage required,partial,https://www.portlandpermits.org/apply/residential-parking-permit,https://github.com/ekrolewicz6/portland-civic-labs/blob/23b4670d8d26b9093f6e401bb89d9d6f30d8506d/catalog/forms/residents/residential-parking-permit.json,none,Applicant residence/vehicle evidence; authority exceptions and enforcement.,Unknown; no measured department use,Unknown; no measured department use,0 demonstrated authoritative completions; no City issuing adapter,0 demonstrated authoritative completions,Unknown; no matched outcome cohort,Guidance or supervised comparison only. Staff must verify rules and enter/complete official systems; real sensitive intake requires P0 fixes first.,Unknown; potential clerical benefit offset by duplicate entry,Unknown; field work and official-system work remain,0 via this app alone,0 via this app alone,Unknown; no proven critical-path reduction,Live zones/quotas/plates; residency and benefits validation; permit ledger and enforcement-system sync.,M2,Unknown empirically; conditional budgets M2,Unknown empirically; conditional budgets M2,Unknown case share; see path splits and remaining limits,0 for classes requiring staff inspection/merits decision; otherwise unknown,"Administrative queues/corrections may shrink; required waits, applicant work and physical work remain; no validated percentage","Annual business, resident and income-qualified programs differ; disabled placards are a state/healthcare path.","P0 security/schema/state/payment correctness; official case/fee/document/notification adapters; durable jobs, recovery and audit; see backlog",No audited per-slug annual count; do not allocate broad official totals to this row,Family-specific models and shared volume sensitivity only; no additive per-form savings,High source wiring; medium workflow-family; low/unmeasured impact,O01;O41,https://www.portland.gov/ppd/devhub-faqs;https://www.oregon.gov/odot/dmv/pages/driverid/disparking.aspx,evidence/catalog-verification.json#residential-parking-permit
residential-water-meter,Residential Water Meter Request,water-sewer,permit/license or conditional exemption,Water/sewer works,Water Bureau,Medium where official family source applies; otherwise catalog attribution only,"Domestic service demand/size, approved connection, fees, physical installation and billing.",Service/capacity and ROW/private classification -> engineering/backflow/sewer review -> fees/bonds/permission -> connection or repair -> pressure/other tests and inspections -> billing/as-builts/final,Public form schema/route implemented; original pipeline fixture reaches human_review. No default discipline assignment; manual triage required,partial,https://www.portlandpermits.org/apply/residential-water-meter,https://github.com/ekrolewicz6/portland-civic-labs/blob/23b4670d8d26b9093f6e401bb89d9d6f30d8506d/catalog/forms/water-sewer/residential-water-meter.json,none,"Bureau designers, licensed contractors, inspectors and sometimes utility crews.",Unknown; no measured department use,Unknown; no measured department use,0 demonstrated authoritative completions; no City issuing adapter,0 demonstrated authoritative completions,Unknown; no matched outcome cohort,Guidance or supervised comparison only. Staff must verify rules and enter/complete official systems; real sensitive intake requires P0 fixes first.,Unknown; potential clerical benefit offset by duplicate entry,Unknown; field work and official-system work remain,0 via this app alone,0 via this app alone,Unknown; no proven critical-path reduction,Meter/service inventory; hydraulic capacity; contractor/insurance/bond verification; DevHub/billing/field work adapters.,M3,Unknown empirically; conditional budgets M3,Unknown empirically; conditional budgets M3,Unknown case share; see path splits and remaining limits,0 for classes requiring staff inspection/merits decision; otherwise unknown,"Administrative queues/corrections may shrink; required waits, applicant work and physical work remain; no validated percentage",UC/UR and private plumbing are distinct; software cannot install meters or verify buried work alone.,"P0 security/schema/state/payment correctness; official case/fee/document/notification adapters; durable jobs, recovery and audit; see backlog",No audited per-slug annual count; do not allocate broad official totals to this row,Family-specific models and shared volume sensitivity only; no additive per-form savings,High source wiring; medium workflow-family; low/unmeasured impact,O33;O34;O35,https://www.portland.gov/ppd/infrastructure/ur-and-uc-permits;https://www.portland.gov/ppd/infrastructure/ur-and-uc-permits/uc-permit;https://www.portland.gov/ppd/infrastructure/sewer-stormwater-permit-requirements,evidence/catalog-verification.json#residential-water-meter
retaining-wall-permit,Retaining Wall Permit,permits,permit/license or conditional exemption,Residential construction,PP&D,Medium where official family source applies; otherwise catalog attribution only,Exempt versus height/surcharge/slope-dependent structural wall; geotechnical/site review.,Jurisdiction/legal use -> scope and zoning -> complete plans -> required disciplines/corrections -> preissuance fees/conditions -> building and linked trades -> staged inspections -> final/occupancy if applicable,Public form schema/route implemented; original pipeline fixture reaches human_review. Client upload object/string-array validation mismatch reproduced,partial,https://www.portlandpermits.org/apply/retaining-wall-permit,https://github.com/ekrolewicz6/portland-civic-labs/blob/23b4670d8d26b9093f6e401bb89d9d6f30d8506d/catalog/forms/permits/retaining-wall-permit.json,structural,Designer and applicant prepare plans; staff review judgment/engineering/site issues; inspectors verify constructed work.,Unknown; no measured department use,Unknown; no measured department use,0 demonstrated authoritative completions; no City issuing adapter,0 demonstrated authoritative completions,Unknown; no matched outcome cohort,Guidance or supervised comparison only. Staff must verify rules and enter/complete official systems; real sensitive intake requires P0 fixes first.,Unknown; potential clerical benefit offset by duplicate entry,Unknown; field work and official-system work remain,0 via this app alone,0 via this app alone,Unknown; no proven critical-path reduction,Structured project model; parcel geometry and prior conditions; code-version rules; document revision control; review and trade dependency graph; issue/inspection interfaces.,M2;M3,Unknown empirically; conditional budgets M2;M3,Unknown empirically; conditional budgets M2;M3,Unknown case share; see path splits and remaining limits,0 for classes requiring staff inspection/merits decision; otherwise unknown,"Administrative queues/corrections may shrink; required waits, applicant work and physical work remain; no validated percentage","New build, addition, alteration and conversion must be separate paths; physical conditions and professional design remain.","P0 security/schema/state/payment correctness; official case/fee/document/notification adapters; durable jobs, recovery and audit; see backlog",No audited per-slug annual count; do not allocate broad official totals to this row,Family-specific models and shared volume sensitivity only; no additive per-form savings,High source wiring; medium workflow-family; low/unmeasured impact,O02;O10;O11;O14,https://www.portland.gov/ppd/submit-and-pay-application-permit-type;https://www.portland.gov/ppd/residential-permitting/home-projects/accessory-dwelling-units;https://www.oregon.gov/bcd/codes-stand/Pages/ossc-adoption.aspx;https://www.portland.gov/permitimprovement/code-alignment-project,evidence/catalog-verification.json#retaining-wall-permit
right-of-way-permit,Right-of-Way Use Permit,transportation,permit/license or conditional exemption,Right-of-way construction/use,PBOT,Medium where official family source applies; otherwise catalog attribution only,"Broad form must split temporary occupancy, excavation, utility work and permanent encroachment.",Location/space/date -> traffic/access and utility conflict checks -> plans/insurance/bonds -> approvals/fees -> ROW permission -> field setup/work/inspections -> restoration and release,Public form schema/route implemented; original pipeline fixture reaches human_review. Client upload object/string-array validation mismatch reproduced No default discipline assignment; manual triage required,partial,https://www.portlandpermits.org/apply/right-of-way-permit,https://github.com/ekrolewicz6/portland-civic-labs/blob/23b4670d8d26b9093f6e401bb89d9d6f30d8506d/catalog/forms/transportation/right-of-way-permit.json,none,Traffic/civil reviewer and field crews; utility owners and public-safety constraints.,Unknown; no measured department use,Unknown; no measured department use,0 demonstrated authoritative completions; no City issuing adapter,0 demonstrated authoritative completions,Unknown; no matched outcome cohort,Guidance or supervised comparison only. Staff must verify rules and enter/complete official systems; real sensitive intake requires P0 fixes first.,Unknown; potential clerical benefit offset by duplicate entry,Unknown; field work and official-system work remain,0 via this app alone,0 via this app alone,Unknown; no proven critical-path reduction,Live street inventory/conflict calendar; detours/ADA routes; credentials/security; geospatial project graph; inspector and restoration ledger.,M2;M3,Unknown empirically; conditional budgets M2;M3,Unknown empirically; conditional budgets M2;M3,Unknown case share; see path splits and remaining limits,0 for classes requiring staff inspection/merits decision; otherwise unknown,"Administrative queues/corrections may shrink; required waits, applicant work and physical work remain; no validated percentage","Parking-only reservations differ from lane/sidewalk closures, encroachments and excavation.","P0 security/schema/state/payment correctness; official case/fee/document/notification adapters; durable jobs, recovery and audit; see backlog",No audited per-slug annual count; do not allocate broad official totals to this row,Family-specific models and shared volume sensitivity only; no additive per-form savings,High source wiring; medium workflow-family; low/unmeasured impact,O25;O26;O27,https://www.portland.gov/transportation/permitting/temporary-street-use-permitting-tsup;https://www.portland.gov/transportation/permitting/apply-renew-or-change-temporary-street-use-permit;https://www.portland.gov/transportation/permitting/encroachment-permits,evidence/catalog-verification.json#right-of-way-permit
sdc-exemption,System Development Charge (SDC) Exemption / Waiver,rebates,rebate/benefit/exemption,Rebates/assistance,PP&D,Medium where official family source applies; otherwise catalog attribution only,Supporting financial determination; ADU waiver versus temporary new-housing exemption and affordable housing paths.,Eligibility/account -> proof of qualifying purchase/work/income -> validation -> credit/payment/exemption -> audit/recapture/renewal,Public form schema/route implemented; original pipeline fixture reaches human_review. Client upload object/string-array validation mismatch reproduced No default discipline assignment; manual triage required,partial,https://www.portlandpermits.org/apply/sdc-exemption,https://github.com/ekrolewicz6/portland-civic-labs/blob/23b4670d8d26b9093f6e401bb89d9d6f30d8506d/catalog/forms/rebates/sdc-exemption.json,none,Applicant purchases/installs or provides financial evidence; program staff handle exceptions.,Unknown; no measured department use,Unknown; no measured department use,0 demonstrated authoritative completions; no City issuing adapter,0 demonstrated authoritative completions,Unknown; no matched outcome cohort,Guidance or supervised comparison only. Staff must verify rules and enter/complete official systems; real sensitive intake requires P0 fixes first.,Unknown; potential clerical benefit offset by duplicate entry,Unknown; field work and official-system work remain,0 via this app alone,0 via this app alone,Unknown; no proven critical-path reduction,Utility account/benefits integration; receipt/model validation; budget and credit ledger; recapture obligations.,M2,Unknown empirically; conditional budgets M2,Unknown empirically; conditional budgets M2,Unknown case share; see path splits and remaining limits,0 for classes requiring staff inspection/merits decision; otherwise unknown,"Administrative queues/corrections may shrink; required waits, applicant work and physical work remain; no validated percentage",Some incentives require physical work; SDC exemptions have continuing conditions; current eligibility needs a program-specific audit.,"P0 security/schema/state/payment correctness; official case/fee/document/notification adapters; durable jobs, recovery and audit; see backlog",No audited per-slug annual count; do not allocate broad official totals to this row,Family-specific models and shared volume sensitivity only; no additive per-form savings,High source wiring; medium workflow-family; low/unmeasured impact,O16;O45;O46,https://www.portland.gov/ppd/current-fee-schedules/housing-sdc-exemption;https://www.portland.gov/bes/grants-incentives/clean-river-rewards;https://www.portland.gov/bes/grants-incentives,evidence/catalog-verification.json#sdc-exemption
secondhand-dealer-permit,Secondhand Dealer Permit,businesses,permit/license or conditional exemption,Business/regulatory licenses,Revenue Division,Medium where official family source applies; otherwise catalog attribution only,"Dealer/owner eligibility, regulated item reporting and enforcement/renewal requirements.",Identify licensing authority and scope -> identity/site/credential/background or safety checks -> external recommendations -> fee/license -> renewals/enforcement,Public form schema/route implemented; original pipeline fixture reaches human_review. No default discipline assignment; manual triage required,partial,https://www.portlandpermits.org/apply/secondhand-dealer-permit,https://github.com/ekrolewicz6/portland-civic-labs/blob/23b4670d8d26b9093f6e401bb89d9d6f30d8506d/catalog/forms/businesses/secondhand-dealer-permit.json,none,Regulator and external agencies determine eligibility; inspections/hearings depend on license.,Unknown; no measured department use,Unknown; no measured department use,0 demonstrated authoritative completions; no City issuing adapter,0 demonstrated authoritative completions,Unknown; no matched outcome cohort,Guidance or supervised comparison only. Staff must verify rules and enter/complete official systems; real sensitive intake requires P0 fixes first.,Unknown; potential clerical benefit offset by duplicate entry,Unknown; field work and official-system work remain,0 via this app alone,0 via this app alone,Unknown; no proven critical-path reduction,Per-license rule packs; license/background registries; renewal events and agency handoffs.,unknown,Unknown empirically; conditional budgets unknown,Unknown empirically; conditional budgets unknown,Unknown case share; see path splits and remaining limits,0 for classes requiring staff inspection/merits decision; otherwise unknown,"Administrative queues/corrections may shrink; required waits, applicant work and physical work remain; no validated percentage","Catalog labels are not evidence of City authority; OLCC, county and state permissions remain separate.","P0 security/schema/state/payment correctness; official case/fee/document/notification adapters; durable jobs, recovery and audit; see backlog",No audited per-slug annual count; do not allocate broad official totals to this row,Family-specific models and shared volume sensitivity only; no additive per-form savings,High source wiring; medium workflow-family; low/unmeasured impact,O40;O42;O43,https://multco.us/services/food-cart-license;https://www.portland.gov/ppd/cannabis;https://www.oregon.gov/olcc/marijuana/Pages/default.aspx,evidence/catalog-verification.json#secondhand-dealer-permit
septic-permit-new,New Septic System Permit,permits,permit/license or conditional exemption,Septic,Authorized onsite wastewater agency; verify by location (not established by catalog),Medium where official family source applies; otherwise catalog attribution only,New system site/soil/design; determine actual authorized onsite agency before routing.,Confirm onsite authority and sewer availability -> site/soil evaluation -> new/repair design -> health/environmental approval -> install -> inspect/final and operation records,Public form schema/route implemented; original pipeline fixture reaches human_review. Client upload object/string-array validation mismatch reproduced No default discipline assignment; manual triage required,partial,https://www.portlandpermits.org/apply/septic-permit-new,https://github.com/ekrolewicz6/portland-civic-labs/blob/23b4670d8d26b9093f6e401bb89d9d6f30d8506d/catalog/forms/permits/septic-permit-new.json,none,Authorized onsite agency and qualified site evaluator; installation and inspection.,Unknown; no measured department use,Unknown; no measured department use,0 demonstrated authoritative completions; no City issuing adapter,0 demonstrated authoritative completions,Unknown; no matched outcome cohort,Guidance or supervised comparison only. Staff must verify rules and enter/complete official systems; real sensitive intake requires P0 fixes first.,Unknown; potential clerical benefit offset by duplicate entry,Unknown; field work and official-system work remain,0 via this app alone,0 via this app alone,Unknown; no proven critical-path reduction,Authority/service boundaries; soil and prior-system records; repair-vs-new rules and external case adapter.,unknown,Unknown empirically; conditional budgets unknown,Unknown empirically; conditional budgets unknown,Unknown case share; see path splits and remaining limits,0 for classes requiring staff inspection/merits decision; otherwise unknown,"Administrative queues/corrections may shrink; required waits, applicant work and physical work remain; no validated percentage",Do not treat a Portland catalog entry as proof that City staff control a septic authorization; site-specific authority unverified.,"P0 security/schema/state/payment correctness; official case/fee/document/notification adapters; durable jobs, recovery and audit; see backlog",No audited per-slug annual count; do not allocate broad official totals to this row,Family-specific models and shared volume sensitivity only; no additive per-form savings,High source wiring; medium workflow-family; low/unmeasured impact,O02;O35,https://www.portland.gov/ppd/submit-and-pay-application-permit-type;https://www.portland.gov/ppd/infrastructure/sewer-stormwater-permit-requirements,evidence/catalog-verification.json#septic-permit-new
septic-permit-repair,Septic System Repair / Alteration Permit,permits,permit/license or conditional exemption,Septic,Authorized onsite wastewater agency; verify by location (not established by catalog),Medium where official family source applies; otherwise catalog attribution only,"Repair/alteration versus replacement, existing-system records and soil capacity.",Confirm onsite authority and sewer availability -> site/soil evaluation -> new/repair design -> health/environmental approval -> install -> inspect/final and operation records,Public form schema/route implemented; original pipeline fixture reaches human_review. Client upload object/string-array validation mismatch reproduced No default discipline assignment; manual triage required,partial,https://www.portlandpermits.org/apply/septic-permit-repair,https://github.com/ekrolewicz6/portland-civic-labs/blob/23b4670d8d26b9093f6e401bb89d9d6f30d8506d/catalog/forms/permits/septic-permit-repair.json,none,Authorized onsite agency and qualified site evaluator; installation and inspection.,Unknown; no measured department use,Unknown; no measured department use,0 demonstrated authoritative completions; no City issuing adapter,0 demonstrated authoritative completions,Unknown; no matched outcome cohort,Guidance or supervised comparison only. Staff must verify rules and enter/complete official systems; real sensitive intake requires P0 fixes first.,Unknown; potential clerical benefit offset by duplicate entry,Unknown; field work and official-system work remain,0 via this app alone,0 via this app alone,Unknown; no proven critical-path reduction,Authority/service boundaries; soil and prior-system records; repair-vs-new rules and external case adapter.,unknown,Unknown empirically; conditional budgets unknown,Unknown empirically; conditional budgets unknown,Unknown case share; see path splits and remaining limits,0 for classes requiring staff inspection/merits decision; otherwise unknown,"Administrative queues/corrections may shrink; required waits, applicant work and physical work remain; no validated percentage",Do not treat a Portland catalog entry as proof that City staff control a septic authorization; site-specific authority unverified.,"P0 security/schema/state/payment correctness; official case/fee/document/notification adapters; durable jobs, recovery and audit; see backlog",No audited per-slug annual count; do not allocate broad official totals to this row,Family-specific models and shared volume sensitivity only; no additive per-form savings,High source wiring; medium workflow-family; low/unmeasured impact,O02;O35,https://www.portland.gov/ppd/submit-and-pay-application-permit-type;https://www.portland.gov/ppd/infrastructure/sewer-stormwater-permit-requirements,evidence/catalog-verification.json#septic-permit-repair
sewer-access-permit,Sewer Access Permit — TV Inspection / Cleaning,water-sewer,permit/license or conditional exemption,Water/discharge operations,BES,Medium where official family source applies; otherwise catalog attribution only,Confined-space/access safety and approved inspection/cleaning; contractor field operation.,Classify use/discharge -> capacity/quality data -> utility or environmental review -> conditions/fees -> authorization -> testing/reporting and renewals,Public form schema/route implemented; original pipeline fixture reaches human_review. No default discipline assignment; manual triage required,partial,https://www.portlandpermits.org/apply/sewer-access-permit,https://github.com/ekrolewicz6/portland-civic-labs/blob/23b4670d8d26b9093f6e401bb89d9d6f30d8506d/catalog/forms/water-sewer/sewer-access-permit.json,none,Water/industrial wastewater staff and state agencies; laboratory/field work where required.,Unknown; no measured department use,Unknown; no measured department use,0 demonstrated authoritative completions; no City issuing adapter,0 demonstrated authoritative completions,Unknown; no matched outcome cohort,Guidance or supervised comparison only. Staff must verify rules and enter/complete official systems; real sensitive intake requires P0 fixes first.,Unknown; potential clerical benefit offset by duplicate entry,Unknown; field work and official-system work remain,0 via this app alone,0 via this app alone,Unknown; no proven critical-path reduction,Account and asset IDs; lab reports; flow limits; approved points; monitoring schedules; bureau/DEQ adapters.,unknown,Unknown empirically; conditional budgets unknown,Unknown empirically; conditional budgets unknown,Unknown case share; see path splits and remaining limits,0 for classes requiring staff inspection/merits decision; otherwise unknown,"Administrative queues/corrections may shrink; required waits, applicant work and physical work remain; no validated percentage",Industrial NPDES is a separate program from construction 1200-C; applicable authority and permit rule pack need confirmation.,"P0 security/schema/state/payment correctness; official case/fee/document/notification adapters; durable jobs, recovery and audit; see backlog",No audited per-slug annual count; do not allocate broad official totals to this row,Family-specific models and shared volume sensitivity only; no additive per-form savings,High source wiring; medium workflow-family; low/unmeasured impact,O35;O36,https://www.portland.gov/ppd/infrastructure/sewer-stormwater-permit-requirements;https://www.oregon.gov/deq/wq/Documents/1200CPermit.pdf,evidence/catalog-verification.json#sewer-access-permit
sewer-backup-report,Sewer Backup Report,reports,report/field service,Reports/field service,BES,Medium where official family source applies; otherwise catalog attribution only,"Incident triage, safety, utility investigation and physical response.",Receive location/evidence -> triage/jurisdiction/duplicate check -> dispatch -> investigation/physical work -> verify/close and notify,Public form schema/route implemented; original pipeline fixture reaches human_review. No default discipline assignment; manual triage required,partial,https://www.portlandpermits.org/apply/sewer-backup-report,https://github.com/ekrolewicz6/portland-civic-labs/blob/23b4670d8d26b9093f6e401bb89d9d6f30d8506d/catalog/forms/reports/sewer-backup-report.json,none,"Investigators, responders or maintenance crews perform and verify the work.",Unknown; no measured department use,Unknown; no measured department use,0 demonstrated authoritative completions; no City issuing adapter,0 demonstrated authoritative completions,Unknown; no matched outcome cohort,Guidance or supervised comparison only. Staff must verify rules and enter/complete official systems; real sensitive intake requires P0 fixes first.,Unknown; potential clerical benefit offset by duplicate entry,Unknown; field work and official-system work remain,0 via this app alone,0 via this app alone,Unknown; no proven critical-path reduction,"311/work-order integrations; asset and incident IDs; prioritization, duplicate matching and SLA/escalation.",unknown,Unknown empirically; conditional budgets unknown,Unknown empirically; conditional budgets unknown,Unknown case share; see path splits and remaining limits,0 for classes requiring staff inspection/merits decision; otherwise unknown,"Administrative queues/corrections may shrink; required waits, applicant work and physical work remain; no validated percentage","No outage, pothole or complaint is resolved merely because its form has been submitted.","P0 security/schema/state/payment correctness; official case/fee/document/notification adapters; durable jobs, recovery and audit; see backlog",No audited per-slug annual count; do not allocate broad official totals to this row,Family-specific models and shared volume sensitivity only; no additive per-form savings,High source wiring; medium workflow-family; low/unmeasured impact,O02,https://www.portland.gov/ppd/submit-and-pay-application-permit-type,evidence/catalog-verification.json#sewer-backup-report
sewer-connection-loan,Sewer Connection Loan Application,residents,loan,Loans,BES,Medium where official family source applies; otherwise catalog attribution only,Overlaps sewer-loan; financial assistance does not authorize sewer construction.,Program/property/borrower eligibility -> financial verification and underwriting -> funding/closing/security -> disbursement -> work verification/repayment/release,Public form schema/route implemented; original pipeline fixture reaches human_review. Client upload object/string-array validation mismatch reproduced No default discipline assignment; manual triage required,partial,https://www.portlandpermits.org/apply/sewer-connection-loan,https://github.com/ekrolewicz6/portland-civic-labs/blob/23b4670d8d26b9093f6e401bb89d9d6f30d8506d/catalog/forms/residents/sewer-connection-loan.json,none,"Lender/borrower, title/credit process and field verification remain.",Unknown; no measured department use,Unknown; no measured department use,0 demonstrated authoritative completions; no City issuing adapter,0 demonstrated authoritative completions,Unknown; no matched outcome cohort,Guidance or supervised comparison only. Staff must verify rules and enter/complete official systems; real sensitive intake requires P0 fixes first.,Unknown; potential clerical benefit offset by duplicate entry,Unknown; field work and official-system work remain,0 via this app alone,0 via this app alone,Unknown; no proven critical-path reduction,"Underwriting rules, identity/consent, servicing/finance/title interfaces and lien/repayment records.",unknown,Unknown empirically; conditional budgets unknown,Unknown empirically; conditional budgets unknown,Unknown case share; see path splits and remaining limits,0 for classes requiring staff inspection/merits decision; otherwise unknown,"Administrative queues/corrections may shrink; required waits, applicant work and physical work remain; no validated percentage","Approval is not funding; credit, title and scarce program funds are external dependencies.","P0 security/schema/state/payment correctness; official case/fee/document/notification adapters; durable jobs, recovery and audit; see backlog",No audited per-slug annual count; do not allocate broad official totals to this row,Family-specific models and shared volume sensitivity only; no additive per-form savings,High source wiring; medium workflow-family; low/unmeasured impact,O46,https://www.portland.gov/bes/grants-incentives,evidence/catalog-verification.json#sewer-connection-loan
sewer-lateral-connection,UC Permit — Lateral Connection to Public Sewer,water-sewer,permit/license or conditional exemption,Water/sewer works,BES,Medium where official family source applies; otherwise catalog attribution only,"UC public-ROW connection, insurance/bonds and PBOT inspection; private portion may need plumbing permit.",Service/capacity and ROW/private classification -> engineering/backflow/sewer review -> fees/bonds/permission -> connection or repair -> pressure/other tests and inspections -> billing/as-builts/final,Public form schema/route implemented; original pipeline fixture reaches human_review. No default discipline assignment; manual triage required,partial,https://www.portlandpermits.org/apply/sewer-lateral-connection,https://github.com/ekrolewicz6/portland-civic-labs/blob/23b4670d8d26b9093f6e401bb89d9d6f30d8506d/catalog/forms/water-sewer/sewer-lateral-connection.json,none,"Bureau designers, licensed contractors, inspectors and sometimes utility crews.",Unknown; no measured department use,Unknown; no measured department use,0 demonstrated authoritative completions; no City issuing adapter,0 demonstrated authoritative completions,Unknown; no matched outcome cohort,Guidance or supervised comparison only. Staff must verify rules and enter/complete official systems; real sensitive intake requires P0 fixes first.,Unknown; potential clerical benefit offset by duplicate entry,Unknown; field work and official-system work remain,0 via this app alone,0 via this app alone,Unknown; no proven critical-path reduction,Meter/service inventory; hydraulic capacity; contractor/insurance/bond verification; DevHub/billing/field work adapters.,M3,Unknown empirically; conditional budgets M3,Unknown empirically; conditional budgets M3,Unknown case share; see path splits and remaining limits,0 for classes requiring staff inspection/merits decision; otherwise unknown,"Administrative queues/corrections may shrink; required waits, applicant work and physical work remain; no validated percentage",UC/UR and private plumbing are distinct; software cannot install meters or verify buried work alone.,"P0 security/schema/state/payment correctness; official case/fee/document/notification adapters; durable jobs, recovery and audit; see backlog",No audited per-slug annual count; do not allocate broad official totals to this row,Family-specific models and shared volume sensitivity only; no additive per-form savings,High source wiring; medium workflow-family; low/unmeasured impact,O33;O34;O35,https://www.portland.gov/ppd/infrastructure/ur-and-uc-permits;https://www.portland.gov/ppd/infrastructure/ur-and-uc-permits/uc-permit;https://www.portland.gov/ppd/infrastructure/sewer-stormwater-permit-requirements,evidence/catalog-verification.json#sewer-lateral-connection
sewer-lateral-repair,UR Permit — Lateral Repair in Right-of-Way,water-sewer,permit/license or conditional exemption,Water/sewer works,BES,Medium where official family source applies; otherwise catalog attribution only,UR repair versus new connection; ROW restoration/inspection and utility records.,Service/capacity and ROW/private classification -> engineering/backflow/sewer review -> fees/bonds/permission -> connection or repair -> pressure/other tests and inspections -> billing/as-builts/final,Public form schema/route implemented; original pipeline fixture reaches human_review. Client upload object/string-array validation mismatch reproduced No default discipline assignment; manual triage required,partial,https://www.portlandpermits.org/apply/sewer-lateral-repair,https://github.com/ekrolewicz6/portland-civic-labs/blob/23b4670d8d26b9093f6e401bb89d9d6f30d8506d/catalog/forms/water-sewer/sewer-lateral-repair.json,none,"Bureau designers, licensed contractors, inspectors and sometimes utility crews.",Unknown; no measured department use,Unknown; no measured department use,0 demonstrated authoritative completions; no City issuing adapter,0 demonstrated authoritative completions,Unknown; no matched outcome cohort,Guidance or supervised comparison only. Staff must verify rules and enter/complete official systems; real sensitive intake requires P0 fixes first.,Unknown; potential clerical benefit offset by duplicate entry,Unknown; field work and official-system work remain,0 via this app alone,0 via this app alone,Unknown; no proven critical-path reduction,Meter/service inventory; hydraulic capacity; contractor/insurance/bond verification; DevHub/billing/field work adapters.,M3,Unknown empirically; conditional budgets M3,Unknown empirically; conditional budgets M3,Unknown case share; see path splits and remaining limits,0 for classes requiring staff inspection/merits decision; otherwise unknown,"Administrative queues/corrections may shrink; required waits, applicant work and physical work remain; no validated percentage",UC/UR and private plumbing are distinct; software cannot install meters or verify buried work alone.,"P0 security/schema/state/payment correctness; official case/fee/document/notification adapters; durable jobs, recovery and audit; see backlog",No audited per-slug annual count; do not allocate broad official totals to this row,Family-specific models and shared volume sensitivity only; no additive per-form savings,High source wiring; medium workflow-family; low/unmeasured impact,O33;O34;O35,https://www.portland.gov/ppd/infrastructure/ur-and-uc-permits;https://www.portland.gov/ppd/infrastructure/ur-and-uc-permits/uc-permit;https://www.portland.gov/ppd/infrastructure/sewer-stormwater-permit-requirements,evidence/catalog-verification.json#sewer-lateral-repair
sewer-loan,Sewer Connection Loan,loans,loan,Loans,BES,Medium where official family source applies; otherwise catalog attribution only,"Overlaps sewer-connection-loan; program underwriting, construction draws and repayment.",Program/property/borrower eligibility -> financial verification and underwriting -> funding/closing/security -> disbursement -> work verification/repayment/release,Public form schema/route implemented; original pipeline fixture reaches human_review. Client upload object/string-array validation mismatch reproduced No default discipline assignment; manual triage required,partial,https://www.portlandpermits.org/apply/sewer-loan,https://github.com/ekrolewicz6/portland-civic-labs/blob/23b4670d8d26b9093f6e401bb89d9d6f30d8506d/catalog/forms/loans/sewer-loan.json,none,"Lender/borrower, title/credit process and field verification remain.",Unknown; no measured department use,Unknown; no measured department use,0 demonstrated authoritative completions; no City issuing adapter,0 demonstrated authoritative completions,Unknown; no matched outcome cohort,Guidance or supervised comparison only. Staff must verify rules and enter/complete official systems; real sensitive intake requires P0 fixes first.,Unknown; potential clerical benefit offset by duplicate entry,Unknown; field work and official-system work remain,0 via this app alone,0 via this app alone,Unknown; no proven critical-path reduction,"Underwriting rules, identity/consent, servicing/finance/title interfaces and lien/repayment records.",unknown,Unknown empirically; conditional budgets unknown,Unknown empirically; conditional budgets unknown,Unknown case share; see path splits and remaining limits,0 for classes requiring staff inspection/merits decision; otherwise unknown,"Administrative queues/corrections may shrink; required waits, applicant work and physical work remain; no validated percentage","Approval is not funding; credit, title and scarce program funds are external dependencies.","P0 security/schema/state/payment correctness; official case/fee/document/notification adapters; durable jobs, recovery and audit; see backlog",No audited per-slug annual count; do not allocate broad official totals to this row,Family-specific models and shared volume sensitivity only; no additive per-form savings,High source wiring; medium workflow-family; low/unmeasured impact,O46,https://www.portland.gov/bes/grants-incentives,evidence/catalog-verification.json#sewer-loan
short-term-rental,Short-Term Rental (STR) Permit,businesses,permit/license or conditional exemption,Short-term rental,Portland PP&D; Type B land-use decision process,Medium where official family source applies; otherwise catalog attribution only,Type A versus Type B conditional use; overlaps accessory-str-permit.,Type A/B and legal bedrooms/residency -> notice and certification -> sampled inspection or conditional-use route -> fees/permit -> renewal/enforcement,Public form schema/route implemented; original pipeline fixture reaches human_review. Client upload object/string-array validation mismatch reproduced No default discipline assignment; manual triage required,partial,https://www.portlandpermits.org/apply/short-term-rental,https://github.com/ekrolewicz6/portland-civic-labs/blob/23b4670d8d26b9093f6e401bb89d9d6f30d8506d/catalog/forms/businesses/short-term-rental.json,none,"Resident evidence, bureau verification, inspections where selected/required; Type B discretionary decision.",Unknown; no measured department use,Unknown; no measured department use,0 demonstrated authoritative completions; no City issuing adapter,0 demonstrated authoritative completions,Unknown; no matched outcome cohort,Guidance or supervised comparison only. Staff must verify rules and enter/complete official systems; real sensitive intake requires P0 fixes first.,Unknown; potential clerical benefit offset by duplicate entry,Unknown; field work and official-system work remain,0 via this app alone,0 via this app alone,Unknown; no proven critical-path reduction,Residency/bedroom registry; Type A certification and random inspection selection; Type B land-use link; notice and renewal service.,M2;M4,Unknown empirically; conditional budgets M2;M4,Unknown empirically; conditional budgets M2;M4,Unknown case share; see path splits and remaining limits,0 for classes requiring staff inspection/merits decision; otherwise unknown,"Administrative queues/corrections may shrink; required waits, applicant work and physical work remain; no validated percentage",Service guidance and administrative inspection rule must be reconciled operationally; do not assume every Type A needs inspection or none do.,"P0 security/schema/state/payment correctness; official case/fee/document/notification adapters; durable jobs, recovery and audit; see backlog",No audited per-slug annual count; do not allocate broad official totals to this row,Family-specific models and shared volume sensitivity only; no additive per-form savings,High source wiring; medium workflow-family; low/unmeasured impact,O37;O38,https://www.portland.gov/bds/astr-permits/before-you-apply;https://www.portland.gov/policies/environment-built/permitting-development-administrative-policies-procedures/enb-1302,evidence/catalog-verification.json#short-term-rental
sidewalk-cafe-permit,Sidewalk Cafe Permit,businesses,permit/license or conditional exemption,Right-of-way construction/use,PBOT,Medium where official family source applies; otherwise catalog attribution only,"Outdoor dining/ROW space, ADA route, location conflicts and agreement; distinct food/health permissions.",Location/space/date -> traffic/access and utility conflict checks -> plans/insurance/bonds -> approvals/fees -> ROW permission -> field setup/work/inspections -> restoration and release,Public form schema/route implemented; original pipeline fixture reaches human_review. No default discipline assignment; manual triage required,partial,https://www.portlandpermits.org/apply/sidewalk-cafe-permit,https://github.com/ekrolewicz6/portland-civic-labs/blob/23b4670d8d26b9093f6e401bb89d9d6f30d8506d/catalog/forms/businesses/sidewalk-cafe-permit.json,none,Traffic/civil reviewer and field crews; utility owners and public-safety constraints.,Unknown; no measured department use,Unknown; no measured department use,0 demonstrated authoritative completions; no City issuing adapter,0 demonstrated authoritative completions,Unknown; no matched outcome cohort,Guidance or supervised comparison only. Staff must verify rules and enter/complete official systems; real sensitive intake requires P0 fixes first.,Unknown; potential clerical benefit offset by duplicate entry,Unknown; field work and official-system work remain,0 via this app alone,0 via this app alone,Unknown; no proven critical-path reduction,Live street inventory/conflict calendar; detours/ADA routes; credentials/security; geospatial project graph; inspector and restoration ledger.,M2;M3,Unknown empirically; conditional budgets M2;M3,Unknown empirically; conditional budgets M2;M3,Unknown case share; see path splits and remaining limits,0 for classes requiring staff inspection/merits decision; otherwise unknown,"Administrative queues/corrections may shrink; required waits, applicant work and physical work remain; no validated percentage","Parking-only reservations differ from lane/sidewalk closures, encroachments and excavation.","P0 security/schema/state/payment correctness; official case/fee/document/notification adapters; durable jobs, recovery and audit; see backlog",No audited per-slug annual count; do not allocate broad official totals to this row,Family-specific models and shared volume sensitivity only; no additive per-form savings,High source wiring; medium workflow-family; low/unmeasured impact,O25;O26;O27,https://www.portland.gov/transportation/permitting/temporary-street-use-permitting-tsup;https://www.portland.gov/transportation/permitting/apply-renew-or-change-temporary-street-use-permit;https://www.portland.gov/transportation/permitting/encroachment-permits,evidence/catalog-verification.json#sidewalk-cafe-permit
sidewalk-hazard-report,Sidewalk Hazard Report,reports,report/field service,Reports/field service,PBOT Maintenance,Medium where official family source applies; otherwise catalog attribution only,Inspection/owner notice/repair verification; report is not a completed sidewalk repair.,Receive location/evidence -> triage/jurisdiction/duplicate check -> dispatch -> investigation/physical work -> verify/close and notify,Public form schema/route implemented; original pipeline fixture reaches human_review. Client upload object/string-array validation mismatch reproduced No default discipline assignment; manual triage required,partial,https://www.portlandpermits.org/apply/sidewalk-hazard-report,https://github.com/ekrolewicz6/portland-civic-labs/blob/23b4670d8d26b9093f6e401bb89d9d6f30d8506d/catalog/forms/reports/sidewalk-hazard-report.json,none,"Investigators, responders or maintenance crews perform and verify the work.",Unknown; no measured department use,Unknown; no measured department use,0 demonstrated authoritative completions; no City issuing adapter,0 demonstrated authoritative completions,Unknown; no matched outcome cohort,Guidance or supervised comparison only. Staff must verify rules and enter/complete official systems; real sensitive intake requires P0 fixes first.,Unknown; potential clerical benefit offset by duplicate entry,Unknown; field work and official-system work remain,0 via this app alone,0 via this app alone,Unknown; no proven critical-path reduction,"311/work-order integrations; asset and incident IDs; prioritization, duplicate matching and SLA/escalation.",unknown,Unknown empirically; conditional budgets unknown,Unknown empirically; conditional budgets unknown,Unknown case share; see path splits and remaining limits,0 for classes requiring staff inspection/merits decision; otherwise unknown,"Administrative queues/corrections may shrink; required waits, applicant work and physical work remain; no validated percentage","No outage, pothole or complaint is resolved merely because its form has been submitted.","P0 security/schema/state/payment correctness; official case/fee/document/notification adapters; durable jobs, recovery and audit; see backlog",No audited per-slug annual count; do not allocate broad official totals to this row,Family-specific models and shared volume sensitivity only; no additive per-form savings,High source wiring; medium workflow-family; low/unmeasured impact,O02,https://www.portland.gov/ppd/submit-and-pay-application-permit-type,evidence/catalog-verification.json#sidewalk-hazard-report
sign-permit,Sign Permit,permits,permit/license or conditional exemption,Signs/awnings,Portland PP&D; PBOT for ROW/portable-sign compliance,Medium where official family source applies; otherwise catalog attribution only,Umbrella form overlaps permanent/temporary/awning; separate each authorization and exemption.,Exempt/registration/permanent classification -> site sign inventory and geometry -> zoning/structural/electrical checks -> issue/register when required -> installation inspection/removal at expiry,Public form schema/route implemented; original pipeline fixture reaches human_review. Generic local intake and reviewer shell; no service-specific completion adapter found.,partial,https://www.portlandpermits.org/apply/sign-permit,https://github.com/ekrolewicz6/portland-civic-labs/blob/23b4670d8d26b9093f6e401bb89d9d6f30d8506d/catalog/forms/permits/sign-permit.json,zoning,Applicant drawings and measurements; engineer/electrician where required; inspector.,Unknown; no measured department use,Unknown; no measured department use,0 demonstrated authoritative completions; no City issuing adapter,0 demonstrated authoritative completions,Unknown; no matched outcome cohort,Guidance or supervised comparison only. Staff must verify rules and enter/complete official systems; real sensitive intake requires P0 fixes first.,Unknown; potential clerical benefit offset by duplicate entry,Unknown; field work and official-system work remain,0 via this app alone,0 via this app alone,Unknown; no proven critical-path reduction,Current Title 32 criteria; façade/sign inventory; structural attachment; permit-type-specific fees and electrical linkage.,M2,Unknown empirically; conditional budgets M2,Unknown empirically; conditional budgets M2,Unknown case share; see path splits and remaining limits,0 for classes requiring staff inspection/merits decision; otherwise unknown,"Administrative queues/corrections may shrink; required waits, applicant work and physical work remain; no validated percentage","Portable registration ended July 25, 2026; placement compliance remains; historic or land-use conditions may require review.","P0 security/schema/state/payment correctness; official case/fee/document/notification adapters; durable jobs, recovery and audit; see backlog",No audited per-slug annual count; do not allocate broad official totals to this row,Family-specific models and shared volume sensitivity only; no additive per-form savings,High source wiring; medium workflow-family; low/unmeasured impact,O31;O32,https://www.portland.gov/ppd/sign-permits;https://www.portland.gov/transportation/permitting/portable-signs-boards,evidence/catalog-verification.json#sign-permit
site-development-permit,Site Development Permit,permits,permit/license or conditional exemption,Site/erosion,PP&D Site Development,Medium where official family source applies; otherwise catalog attribution only,Geotechnical/earthwork/drainage and bureau conditions; construction closeout required.,Earthwork/drainage/geotechnical scope -> site plans and applicable agency permits -> infrastructure/environmental reviews -> fee/security/issue -> erosion/site inspections -> stabilization/as-built closeout,Public form schema/route implemented; original pipeline fixture reaches human_review. Client upload object/string-array validation mismatch reproduced,partial,https://www.portlandpermits.org/apply/site-development-permit,https://github.com/ekrolewicz6/portland-civic-labs/blob/23b4670d8d26b9093f6e401bb89d9d6f30d8506d/catalog/forms/permits/site-development-permit.json,site_development;environmental;water;transportation;trees,"Civil/geotechnical design; bureau coordination; construction, monitoring and inspections.",Unknown; no measured department use,Unknown; no measured department use,0 demonstrated authoritative completions; no City issuing adapter,0 demonstrated authoritative completions,Unknown; no matched outcome cohort,Guidance or supervised comparison only. Staff must verify rules and enter/complete official systems; real sensitive intake requires P0 fixes first.,Unknown; potential clerical benefit offset by duplicate entry,Unknown; field work and official-system work remain,0 via this app alone,0 via this app alone,Unknown; no proven critical-path reduction,Terrain/soil/drainage data; disturbance geometry; checklist and performance calculations; state permit linkage; inspection/as-built records.,M3,Unknown empirically; conditional budgets M3,Unknown empirically; conditional budgets M3,Unknown case share; see path splits and remaining limits,0 for classes requiring staff inspection/merits decision; otherwise unknown,"Administrative queues/corrections may shrink; required waits, applicant work and physical work remain; no validated percentage","Slope stability, contamination and water-quality observations require professional or physical evidence.","P0 security/schema/state/payment correctness; official case/fee/document/notification adapters; durable jobs, recovery and audit; see backlog",No audited per-slug annual count; do not allocate broad official totals to this row,Family-specific models and shared volume sensitivity only; no additive per-form savings,High source wiring; medium workflow-family; low/unmeasured impact,O35;O36,https://www.portland.gov/ppd/infrastructure/sewer-stormwater-permit-requirements;https://www.oregon.gov/deq/wq/Documents/1200CPermit.pdf,evidence/catalog-verification.json#site-development-permit
social-games-permit,Social Games Permit,businesses,permit/license or conditional exemption,Business/regulatory licenses,Revenue Division,Medium where official family source applies; otherwise catalog attribution only,"Local gaming activity eligibility, premises and other licensing dependencies.",Identify licensing authority and scope -> identity/site/credential/background or safety checks -> external recommendations -> fee/license -> renewals/enforcement,Public form schema/route implemented; original pipeline fixture reaches human_review. No default discipline assignment; manual triage required,partial,https://www.portlandpermits.org/apply/social-games-permit,https://github.com/ekrolewicz6/portland-civic-labs/blob/23b4670d8d26b9093f6e401bb89d9d6f30d8506d/catalog/forms/businesses/social-games-permit.json,none,Regulator and external agencies determine eligibility; inspections/hearings depend on license.,Unknown; no measured department use,Unknown; no measured department use,0 demonstrated authoritative completions; no City issuing adapter,0 demonstrated authoritative completions,Unknown; no matched outcome cohort,Guidance or supervised comparison only. Staff must verify rules and enter/complete official systems; real sensitive intake requires P0 fixes first.,Unknown; potential clerical benefit offset by duplicate entry,Unknown; field work and official-system work remain,0 via this app alone,0 via this app alone,Unknown; no proven critical-path reduction,Per-license rule packs; license/background registries; renewal events and agency handoffs.,unknown,Unknown empirically; conditional budgets unknown,Unknown empirically; conditional budgets unknown,Unknown case share; see path splits and remaining limits,0 for classes requiring staff inspection/merits decision; otherwise unknown,"Administrative queues/corrections may shrink; required waits, applicant work and physical work remain; no validated percentage","Catalog labels are not evidence of City authority; OLCC, county and state permissions remain separate.","P0 security/schema/state/payment correctness; official case/fee/document/notification adapters; durable jobs, recovery and audit; see backlog",No audited per-slug annual count; do not allocate broad official totals to this row,Family-specific models and shared volume sensitivity only; no additive per-form savings,High source wiring; medium workflow-family; low/unmeasured impact,O40;O42;O43,https://multco.us/services/food-cart-license;https://www.portland.gov/ppd/cannabis;https://www.oregon.gov/olcc/marijuana/Pages/default.aspx,evidence/catalog-verification.json#social-games-permit
solar-permit,Solar Panel Installation Permit,permits,permit/license or conditional exemption,Solar,PP&D,Medium where official family source applies; otherwise catalog attribution only,Prescriptive roof-mounted versus engineered/ground/commercial; supporting structural/electrical documents missing in UI.,Prescriptive/engineered routing -> roof/site plans and structural assessment -> electrical coordination -> review/fees/issue -> installation and trade/final inspections,"Public form schema/route implemented; original pipeline fixture reaches human_review. Pipeline expects absent document keys: site_plan, electrical_diagram",partial,https://www.portlandpermits.org/apply/solar-permit,https://github.com/ekrolewicz6/portland-civic-labs/blob/23b4670d8d26b9093f6e401bb89d9d6f30d8506d/catalog/forms/permits/solar-permit.json,structural;zoning,"Roof condition, design, licensed work, engineering when required, field verification and utility coordination.",Unknown; no measured department use,Unknown; no measured department use,0 demonstrated authoritative completions; no City issuing adapter,0 demonstrated authoritative completions,Unknown; no matched outcome cohort,Guidance or supervised comparison only. Staff must verify rules and enter/complete official systems; real sensitive intake requires P0 fixes first.,Unknown; potential clerical benefit offset by duplicate entry,Unknown; field work and official-system work remain,0 via this app alone,0 via this app alone,Unknown; no proven critical-path reduction,Typed roof/system model; signed worksheet; prescriptive eligibility; geometry/load checks; electrical fee/permit linkage.,M2,Unknown empirically; conditional budgets M2,Unknown empirically; conditional budgets M2,Unknown case share; see path splits and remaining limits,0 for classes requiring staff inspection/merits decision; otherwise unknown,"Administrative queues/corrections may shrink; required waits, applicant work and physical work remain; no validated percentage","Ground mounts, engineered designs and inadequate roof evidence cannot use a generic <=25kW rule.","P0 security/schema/state/payment correctness; official case/fee/document/notification adapters; durable jobs, recovery and audit; see backlog",No audited per-slug annual count; do not allocate broad official totals to this row,Family-specific models and shared volume sensitivity only; no additive per-form savings,High source wiring; medium workflow-family; low/unmeasured impact,O07;O01,https://www.portland.gov/bds/services/solar-permits;https://www.portland.gov/ppd/devhub-faqs,evidence/catalog-verification.json#solar-permit
special-event-liquor,Special Event Liquor License Application,licenses,permit/license or conditional exemption,Business/regulatory licenses,OLCC + applicable Portland local recommendation,Medium where official family source applies; otherwise catalog attribution only,OLCC temporary license and applicable local recommendation; not a City-only permit.,Identify licensing authority and scope -> identity/site/credential/background or safety checks -> external recommendations -> fee/license -> renewals/enforcement,Public form schema/route implemented; original pipeline fixture reaches human_review. Client upload object/string-array validation mismatch reproduced No default discipline assignment; manual triage required,partial,https://www.portlandpermits.org/apply/special-event-liquor,https://github.com/ekrolewicz6/portland-civic-labs/blob/23b4670d8d26b9093f6e401bb89d9d6f30d8506d/catalog/forms/licenses/special-event-liquor.json,none,Regulator and external agencies determine eligibility; inspections/hearings depend on license.,Unknown; no measured department use,Unknown; no measured department use,0 demonstrated authoritative completions; no City issuing adapter,0 demonstrated authoritative completions,Unknown; no matched outcome cohort,Guidance or supervised comparison only. Staff must verify rules and enter/complete official systems; real sensitive intake requires P0 fixes first.,Unknown; potential clerical benefit offset by duplicate entry,Unknown; field work and official-system work remain,0 via this app alone,0 via this app alone,Unknown; no proven critical-path reduction,Per-license rule packs; license/background registries; renewal events and agency handoffs.,unknown,Unknown empirically; conditional budgets unknown,Unknown empirically; conditional budgets unknown,Unknown case share; see path splits and remaining limits,0 for classes requiring staff inspection/merits decision; otherwise unknown,"Administrative queues/corrections may shrink; required waits, applicant work and physical work remain; no validated percentage","Catalog labels are not evidence of City authority; OLCC, county and state permissions remain separate.","P0 security/schema/state/payment correctness; official case/fee/document/notification adapters; durable jobs, recovery and audit; see backlog",No audited per-slug annual count; do not allocate broad official totals to this row,Family-specific models and shared volume sensitivity only; no additive per-form savings,High source wiring; medium workflow-family; low/unmeasured impact,O40;O42;O43,https://multco.us/services/food-cart-license;https://www.portland.gov/ppd/cannabis;https://www.oregon.gov/olcc/marijuana/Pages/default.aspx,evidence/catalog-verification.json#special-event-liquor
special-event-permit,Special Event Transportation Permit,transportation,permit/license or conditional exemption,Right-of-way construction/use,PBOT / Special Events,Medium where official family source applies; otherwise catalog attribution only,"Multi-street/event impacts, transit/emergency access, insurance and additional permits.",Location/space/date -> traffic/access and utility conflict checks -> plans/insurance/bonds -> approvals/fees -> ROW permission -> field setup/work/inspections -> restoration and release,Public form schema/route implemented; original pipeline fixture reaches human_review. Client upload object/string-array validation mismatch reproduced No default discipline assignment; manual triage required,partial,https://www.portlandpermits.org/apply/special-event-permit,https://github.com/ekrolewicz6/portland-civic-labs/blob/23b4670d8d26b9093f6e401bb89d9d6f30d8506d/catalog/forms/transportation/special-event-permit.json,none,Traffic/civil reviewer and field crews; utility owners and public-safety constraints.,Unknown; no measured department use,Unknown; no measured department use,0 demonstrated authoritative completions; no City issuing adapter,0 demonstrated authoritative completions,Unknown; no matched outcome cohort,Guidance or supervised comparison only. Staff must verify rules and enter/complete official systems; real sensitive intake requires P0 fixes first.,Unknown; potential clerical benefit offset by duplicate entry,Unknown; field work and official-system work remain,0 via this app alone,0 via this app alone,Unknown; no proven critical-path reduction,Live street inventory/conflict calendar; detours/ADA routes; credentials/security; geospatial project graph; inspector and restoration ledger.,M2;M3,Unknown empirically; conditional budgets M2;M3,Unknown empirically; conditional budgets M2;M3,Unknown case share; see path splits and remaining limits,0 for classes requiring staff inspection/merits decision; otherwise unknown,"Administrative queues/corrections may shrink; required waits, applicant work and physical work remain; no validated percentage","Parking-only reservations differ from lane/sidewalk closures, encroachments and excavation.","P0 security/schema/state/payment correctness; official case/fee/document/notification adapters; durable jobs, recovery and audit; see backlog",No audited per-slug annual count; do not allocate broad official totals to this row,Family-specific models and shared volume sensitivity only; no additive per-form savings,High source wiring; medium workflow-family; low/unmeasured impact,O25;O26;O27,https://www.portland.gov/transportation/permitting/temporary-street-use-permitting-tsup;https://www.portland.gov/transportation/permitting/apply-renew-or-change-temporary-street-use-permit;https://www.portland.gov/transportation/permitting/encroachment-permits,evidence/catalog-verification.json#special-event-permit
sprinkler-system-minor,Minor Sprinkler Modification Permit,permits,permit/license or conditional exemption,Fire systems,Portland Fire & Rescue,Medium where official family source applies; otherwise catalog attribution only,Validate limited-modification route versus redesign; installation and required testing still apply.,System/scope classification -> professional plans/calculations -> fire review -> installation permit -> acceptance/pressure/functional tests -> approval/final,Public form schema/route implemented; original pipeline fixture reaches human_review. No default discipline assignment; manual triage required,partial,https://www.portlandpermits.org/apply/sprinkler-system-minor,https://github.com/ekrolewicz6/portland-civic-labs/blob/23b4670d8d26b9093f6e401bb89d9d6f30d8506d/catalog/forms/permits/sprinkler-system-minor.json,none,Designer and installer; fire review; witnessed acceptance tests.,Unknown; no measured department use,Unknown; no measured department use,0 demonstrated authoritative completions; no City issuing adapter,0 demonstrated authoritative completions,Unknown; no matched outcome cohort,Guidance or supervised comparison only. Staff must verify rules and enter/complete official systems; real sensitive intake requires P0 fixes first.,Unknown; potential clerical benefit offset by duplicate entry,Unknown; field work and official-system work remain,0 via this app alone,0 via this app alone,Unknown; no proven critical-path reduction,"Equipment compatibility, hydraulic/coverage and circuit rule models; licensed signatures; test forms and inspection integration.",M3,Unknown empirically; conditional budgets M3,Unknown empirically; conditional budgets M3,Unknown case share; see path splits and remaining limits,0 for classes requiring staff inspection/merits decision; otherwise unknown,"Administrative queues/corrections may shrink; required waits, applicant work and physical work remain; no validated percentage",Minor modifications and affidavits must follow their own authorized route; field system performance cannot be inferred from an upload.,"P0 security/schema/state/payment correctness; official case/fee/document/notification adapters; durable jobs, recovery and audit; see backlog",No audited per-slug annual count; do not allocate broad official totals to this row,Family-specific models and shared volume sensitivity only; no additive per-form savings,High source wiring; medium workflow-family; low/unmeasured impact,O30;O09,https://www.portland.gov/fire/permits-inspections/documents/design-manual-fire-protection-systems-and-processes/download;https://www.portland.gov/ppd/commercial-permitting/commercial-requirements,evidence/catalog-verification.json#sprinkler-system-minor
sprinkler-system-permit,Fire Sprinkler System Installation Permit,permits,permit/license or conditional exemption,Fire systems,Portland Fire & Rescue,Medium where official family source applies; otherwise catalog attribution only,"New/major fire suppression system design, hydraulic review, installation and acceptance tests.",System/scope classification -> professional plans/calculations -> fire review -> installation permit -> acceptance/pressure/functional tests -> approval/final,Public form schema/route implemented; original pipeline fixture reaches human_review. Client upload object/string-array validation mismatch reproduced No default discipline assignment; manual triage required,partial,https://www.portlandpermits.org/apply/sprinkler-system-permit,https://github.com/ekrolewicz6/portland-civic-labs/blob/23b4670d8d26b9093f6e401bb89d9d6f30d8506d/catalog/forms/permits/sprinkler-system-permit.json,none,Designer and installer; fire review; witnessed acceptance tests.,Unknown; no measured department use,Unknown; no measured department use,0 demonstrated authoritative completions; no City issuing adapter,0 demonstrated authoritative completions,Unknown; no matched outcome cohort,Guidance or supervised comparison only. Staff must verify rules and enter/complete official systems; real sensitive intake requires P0 fixes first.,Unknown; potential clerical benefit offset by duplicate entry,Unknown; field work and official-system work remain,0 via this app alone,0 via this app alone,Unknown; no proven critical-path reduction,"Equipment compatibility, hydraulic/coverage and circuit rule models; licensed signatures; test forms and inspection integration.",M3,Unknown empirically; conditional budgets M3,Unknown empirically; conditional budgets M3,Unknown case share; see path splits and remaining limits,0 for classes requiring staff inspection/merits decision; otherwise unknown,"Administrative queues/corrections may shrink; required waits, applicant work and physical work remain; no validated percentage",Minor modifications and affidavits must follow their own authorized route; field system performance cannot be inferred from an upload.,"P0 security/schema/state/payment correctness; official case/fee/document/notification adapters; durable jobs, recovery and audit; see backlog",No audited per-slug annual count; do not allocate broad official totals to this row,Family-specific models and shared volume sensitivity only; no additive per-form savings,High source wiring; medium workflow-family; low/unmeasured impact,O30;O09,https://www.portland.gov/fire/permits-inspections/documents/design-manual-fire-protection-systems-and-processes/download;https://www.portland.gov/ppd/commercial-permitting/commercial-requirements,evidence/catalog-verification.json#sprinkler-system-permit
stairs-construction-permit,Stairway Construction Permit,permits,permit/license or conditional exemption,Residential construction,PP&D,Medium where official family source applies; otherwise catalog attribution only,Rise/run/width/landing/guard and structural details; existing legality and inspections.,Jurisdiction/legal use -> scope and zoning -> complete plans -> required disciplines/corrections -> preissuance fees/conditions -> building and linked trades -> staged inspections -> final/occupancy if applicable,Public form schema/route implemented; original pipeline fixture reaches human_review. No default discipline assignment; manual triage required,partial,https://www.portlandpermits.org/apply/stairs-construction-permit,https://github.com/ekrolewicz6/portland-civic-labs/blob/23b4670d8d26b9093f6e401bb89d9d6f30d8506d/catalog/forms/permits/stairs-construction-permit.json,none,Designer and applicant prepare plans; staff review judgment/engineering/site issues; inspectors verify constructed work.,Unknown; no measured department use,Unknown; no measured department use,0 demonstrated authoritative completions; no City issuing adapter,0 demonstrated authoritative completions,Unknown; no matched outcome cohort,Guidance or supervised comparison only. Staff must verify rules and enter/complete official systems; real sensitive intake requires P0 fixes first.,Unknown; potential clerical benefit offset by duplicate entry,Unknown; field work and official-system work remain,0 via this app alone,0 via this app alone,Unknown; no proven critical-path reduction,Structured project model; parcel geometry and prior conditions; code-version rules; document revision control; review and trade dependency graph; issue/inspection interfaces.,M2;M3,Unknown empirically; conditional budgets M2;M3,Unknown empirically; conditional budgets M2;M3,Unknown case share; see path splits and remaining limits,0 for classes requiring staff inspection/merits decision; otherwise unknown,"Administrative queues/corrections may shrink; required waits, applicant work and physical work remain; no validated percentage","New build, addition, alteration and conversion must be separate paths; physical conditions and professional design remain.","P0 security/schema/state/payment correctness; official case/fee/document/notification adapters; durable jobs, recovery and audit; see backlog",No audited per-slug annual count; do not allocate broad official totals to this row,Family-specific models and shared volume sensitivity only; no additive per-form savings,High source wiring; medium workflow-family; low/unmeasured impact,O02;O10;O11;O14,https://www.portland.gov/ppd/submit-and-pay-application-permit-type;https://www.portland.gov/ppd/residential-permitting/home-projects/accessory-dwelling-units;https://www.oregon.gov/bcd/codes-stand/Pages/ossc-adoption.aspx;https://www.portland.gov/permitimprovement/code-alignment-project,evidence/catalog-verification.json#stairs-construction-permit
storm-damage-repair,Storm Damage Repair Permit,permits,permit/license or conditional exemption,Residential construction,PP&D,Medium where official family source applies; otherwise catalog attribution only,Like-for-like emergency repair versus structural replacement; hazardous conditions and inspections.,Jurisdiction/legal use -> scope and zoning -> complete plans -> required disciplines/corrections -> preissuance fees/conditions -> building and linked trades -> staged inspections -> final/occupancy if applicable,Public form schema/route implemented; original pipeline fixture reaches human_review. Client upload object/string-array validation mismatch reproduced No default discipline assignment; manual triage required,partial,https://www.portlandpermits.org/apply/storm-damage-repair,https://github.com/ekrolewicz6/portland-civic-labs/blob/23b4670d8d26b9093f6e401bb89d9d6f30d8506d/catalog/forms/permits/storm-damage-repair.json,none,Designer and applicant prepare plans; staff review judgment/engineering/site issues; inspectors verify constructed work.,Unknown; no measured department use,Unknown; no measured department use,0 demonstrated authoritative completions; no City issuing adapter,0 demonstrated authoritative completions,Unknown; no matched outcome cohort,Guidance or supervised comparison only. Staff must verify rules and enter/complete official systems; real sensitive intake requires P0 fixes first.,Unknown; potential clerical benefit offset by duplicate entry,Unknown; field work and official-system work remain,0 via this app alone,0 via this app alone,Unknown; no proven critical-path reduction,Structured project model; parcel geometry and prior conditions; code-version rules; document revision control; review and trade dependency graph; issue/inspection interfaces.,M2;M3,Unknown empirically; conditional budgets M2;M3,Unknown empirically; conditional budgets M2;M3,Unknown case share; see path splits and remaining limits,0 for classes requiring staff inspection/merits decision; otherwise unknown,"Administrative queues/corrections may shrink; required waits, applicant work and physical work remain; no validated percentage","New build, addition, alteration and conversion must be separate paths; physical conditions and professional design remain.","P0 security/schema/state/payment correctness; official case/fee/document/notification adapters; durable jobs, recovery and audit; see backlog",No audited per-slug annual count; do not allocate broad official totals to this row,Family-specific models and shared volume sensitivity only; no additive per-form savings,High source wiring; medium workflow-family; low/unmeasured impact,O02;O10;O11;O14,https://www.portland.gov/ppd/submit-and-pay-application-permit-type;https://www.portland.gov/ppd/residential-permitting/home-projects/accessory-dwelling-units;https://www.oregon.gov/bcd/codes-stand/Pages/ossc-adoption.aspx;https://www.portland.gov/permitimprovement/code-alignment-project,evidence/catalog-verification.json#storm-damage-repair
stormwater-discount,Clean River Rewards — Stormwater Management Discount,rebates,rebate/benefit/exemption,Rebates/assistance,BES,Medium where official family source applies; otherwise catalog attribution only,Overlaps clean-river-rewards; verify account/impervious area and program credit.,Eligibility/account -> proof of qualifying purchase/work/income -> validation -> credit/payment/exemption -> audit/recapture/renewal,Public form schema/route implemented; original pipeline fixture reaches human_review. Client upload object/string-array validation mismatch reproduced No default discipline assignment; manual triage required,partial,https://www.portlandpermits.org/apply/stormwater-discount,https://github.com/ekrolewicz6/portland-civic-labs/blob/23b4670d8d26b9093f6e401bb89d9d6f30d8506d/catalog/forms/rebates/stormwater-discount.json,none,Applicant purchases/installs or provides financial evidence; program staff handle exceptions.,Unknown; no measured department use,Unknown; no measured department use,0 demonstrated authoritative completions; no City issuing adapter,0 demonstrated authoritative completions,Unknown; no matched outcome cohort,Guidance or supervised comparison only. Staff must verify rules and enter/complete official systems; real sensitive intake requires P0 fixes first.,Unknown; potential clerical benefit offset by duplicate entry,Unknown; field work and official-system work remain,0 via this app alone,0 via this app alone,Unknown; no proven critical-path reduction,Utility account/benefits integration; receipt/model validation; budget and credit ledger; recapture obligations.,M2,Unknown empirically; conditional budgets M2,Unknown empirically; conditional budgets M2,Unknown case share; see path splits and remaining limits,0 for classes requiring staff inspection/merits decision; otherwise unknown,"Administrative queues/corrections may shrink; required waits, applicant work and physical work remain; no validated percentage",Some incentives require physical work; SDC exemptions have continuing conditions; current eligibility needs a program-specific audit.,"P0 security/schema/state/payment correctness; official case/fee/document/notification adapters; durable jobs, recovery and audit; see backlog",No audited per-slug annual count; do not allocate broad official totals to this row,Family-specific models and shared volume sensitivity only; no additive per-form savings,High source wiring; medium workflow-family; low/unmeasured impact,O16;O45;O46,https://www.portland.gov/ppd/current-fee-schedules/housing-sdc-exemption;https://www.portland.gov/bes/grants-incentives/clean-river-rewards;https://www.portland.gov/bes/grants-incentives,evidence/catalog-verification.json#stormwater-discount
stormwater-npdes-permit,NPDES Industrial Stormwater Permit,water-sewer,permit/license or conditional exemption,Water/discharge operations,BES,Medium where official family source applies; otherwise catalog attribution only,Industrial stormwater program/DEQ or delegated authority; not the construction 1200-C path.,Classify use/discharge -> capacity/quality data -> utility or environmental review -> conditions/fees -> authorization -> testing/reporting and renewals,Public form schema/route implemented; original pipeline fixture reaches human_review. Client upload object/string-array validation mismatch reproduced No default discipline assignment; manual triage required,partial,https://www.portlandpermits.org/apply/stormwater-npdes-permit,https://github.com/ekrolewicz6/portland-civic-labs/blob/23b4670d8d26b9093f6e401bb89d9d6f30d8506d/catalog/forms/water-sewer/stormwater-npdes-permit.json,none,Water/industrial wastewater staff and state agencies; laboratory/field work where required.,Unknown; no measured department use,Unknown; no measured department use,0 demonstrated authoritative completions; no City issuing adapter,0 demonstrated authoritative completions,Unknown; no matched outcome cohort,Guidance or supervised comparison only. Staff must verify rules and enter/complete official systems; real sensitive intake requires P0 fixes first.,Unknown; potential clerical benefit offset by duplicate entry,Unknown; field work and official-system work remain,0 via this app alone,0 via this app alone,Unknown; no proven critical-path reduction,Account and asset IDs; lab reports; flow limits; approved points; monitoring schedules; bureau/DEQ adapters.,unknown,Unknown empirically; conditional budgets unknown,Unknown empirically; conditional budgets unknown,Unknown case share; see path splits and remaining limits,0 for classes requiring staff inspection/merits decision; otherwise unknown,"Administrative queues/corrections may shrink; required waits, applicant work and physical work remain; no validated percentage",Industrial NPDES is a separate program from construction 1200-C; applicable authority and permit rule pack need confirmation.,"P0 security/schema/state/payment correctness; official case/fee/document/notification adapters; durable jobs, recovery and audit; see backlog",No audited per-slug annual count; do not allocate broad official totals to this row,Family-specific models and shared volume sensitivity only; no additive per-form savings,High source wiring; medium workflow-family; low/unmeasured impact,O35;O36,https://www.portland.gov/ppd/infrastructure/sewer-stormwater-permit-requirements;https://www.oregon.gov/deq/wq/Documents/1200CPermit.pdf,evidence/catalog-verification.json#stormwater-npdes-permit
street-closure-permit,Temporary Street Closure Permit (TSUP),transportation,permit/license or conditional exemption,Right-of-way construction/use,PBOT,Medium where official family source applies; otherwise catalog attribution only,"TSUP scope, live conflict calendar, traffic-control plan, lead time and restoration.",Location/space/date -> traffic/access and utility conflict checks -> plans/insurance/bonds -> approvals/fees -> ROW permission -> field setup/work/inspections -> restoration and release,Public form schema/route implemented; original pipeline fixture reaches human_review. Client upload object/string-array validation mismatch reproduced No default discipline assignment; manual triage required,partial,https://www.portlandpermits.org/apply/street-closure-permit,https://github.com/ekrolewicz6/portland-civic-labs/blob/23b4670d8d26b9093f6e401bb89d9d6f30d8506d/catalog/forms/transportation/street-closure-permit.json,none,Traffic/civil reviewer and field crews; utility owners and public-safety constraints.,Unknown; no measured department use,Unknown; no measured department use,0 demonstrated authoritative completions; no City issuing adapter,0 demonstrated authoritative completions,Unknown; no matched outcome cohort,Guidance or supervised comparison only. Staff must verify rules and enter/complete official systems; real sensitive intake requires P0 fixes first.,Unknown; potential clerical benefit offset by duplicate entry,Unknown; field work and official-system work remain,0 via this app alone,0 via this app alone,Unknown; no proven critical-path reduction,Live street inventory/conflict calendar; detours/ADA routes; credentials/security; geospatial project graph; inspector and restoration ledger.,M2;M3,Unknown empirically; conditional budgets M2;M3,Unknown empirically; conditional budgets M2;M3,Unknown case share; see path splits and remaining limits,0 for classes requiring staff inspection/merits decision; otherwise unknown,"Administrative queues/corrections may shrink; required waits, applicant work and physical work remain; no validated percentage","Parking-only reservations differ from lane/sidewalk closures, encroachments and excavation.","P0 security/schema/state/payment correctness; official case/fee/document/notification adapters; durable jobs, recovery and audit; see backlog",No audited per-slug annual count; do not allocate broad official totals to this row,Family-specific models and shared volume sensitivity only; no additive per-form savings,High source wiring; medium workflow-family; low/unmeasured impact,O25;O26;O27,https://www.portland.gov/transportation/permitting/temporary-street-use-permitting-tsup;https://www.portland.gov/transportation/permitting/apply-renew-or-change-temporary-street-use-permit;https://www.portland.gov/transportation/permitting/encroachment-permits,evidence/catalog-verification.json#street-closure-permit
street-tree-planting,Street Tree Planting Request,residents,permit/license or conditional exemption,Tree work,Portland PP&D tree permitting; associated bureaus/land-use authority as applicable,Medium where official family source applies; otherwise catalog attribution only,Approved species/location/utilities; physical planting and establishment remain.,Ownership/street/private/heritage/development classification -> species/size/site -> exempt/Type A/Type B/special route -> inspection/notice/replanting conditions -> decision -> work -> replanting/compliance closeout,Public form schema/route implemented; original pipeline fixture reaches human_review. No default discipline assignment; manual triage required,partial,https://www.portlandpermits.org/apply/street-tree-planting,https://github.com/ekrolewicz6/portland-civic-labs/blob/23b4670d8d26b9093f6e401bb89d9d6f30d8506d/catalog/forms/residents/street-tree-planting.json,none,"Arborist/site assessment, discretion and public process depend on path; physical work/replanting remain.",Unknown; no measured department use,Unknown; no measured department use,0 demonstrated authoritative completions; no City issuing adapter,0 demonstrated authoritative completions,Unknown; no matched outcome cohort,Guidance or supervised comparison only. Staff must verify rules and enter/complete official systems; real sensitive intake requires P0 fixes first.,Unknown; potential clerical benefit offset by duplicate entry,Unknown; field work and official-system work remain,0 via this app alone,0 via this app alone,Unknown; no proven critical-path reduction,"Tree inventory, species/DBH and location evidence; hazard/photo review; adopted Title 11 criteria; notices, replacement and mitigation ledger.",M2;M3;M4,Unknown empirically; conditional budgets M2;M3;M4,Unknown empirically; conditional budgets M2;M3;M4,Unknown case share; see path splits and remaining limits,0 for classes requiring staff inspection/merits decision; otherwise unknown,"Administrative queues/corrections may shrink; required waits, applicant work and physical work remain; no validated percentage","Pruning exemptions and routine pruning differ from removal, heritage work and waivers.","P0 security/schema/state/payment correctness; official case/fee/document/notification adapters; durable jobs, recovery and audit; see backlog",No audited per-slug annual count; do not allocate broad official totals to this row,Family-specific models and shared volume sensitivity only; no additive per-form savings,High source wiring; medium workflow-family; low/unmeasured impact,O21;O22;O23;O24,https://www.portland.gov/ppd/tree-permits/do-i-need-tree-permit;https://www.portland.gov/code/11/40;https://www.portland.gov/ppd/tree-permits/removal-and-replanting-permits/do-i-need-permit-remove-trees-private-property;https://www.portland.gov/trees/treepermits/documents/street-tree-permit-application-non-removal/download,evidence/catalog-verification.json#street-tree-planting
streetlight-report,Streetlight Outage Report,reports,report/field service,Reports/field service,PBOT Street Lighting,Medium where official family source applies; otherwise catalog attribution only,"Asset/operator identification, work dispatch and electrical field repair.",Receive location/evidence -> triage/jurisdiction/duplicate check -> dispatch -> investigation/physical work -> verify/close and notify,Public form schema/route implemented; original pipeline fixture reaches human_review. Client upload object/string-array validation mismatch reproduced No default discipline assignment; manual triage required,partial,https://www.portlandpermits.org/apply/streetlight-report,https://github.com/ekrolewicz6/portland-civic-labs/blob/23b4670d8d26b9093f6e401bb89d9d6f30d8506d/catalog/forms/reports/streetlight-report.json,none,"Investigators, responders or maintenance crews perform and verify the work.",Unknown; no measured department use,Unknown; no measured department use,0 demonstrated authoritative completions; no City issuing adapter,0 demonstrated authoritative completions,Unknown; no matched outcome cohort,Guidance or supervised comparison only. Staff must verify rules and enter/complete official systems; real sensitive intake requires P0 fixes first.,Unknown; potential clerical benefit offset by duplicate entry,Unknown; field work and official-system work remain,0 via this app alone,0 via this app alone,Unknown; no proven critical-path reduction,"311/work-order integrations; asset and incident IDs; prioritization, duplicate matching and SLA/escalation.",unknown,Unknown empirically; conditional budgets unknown,Unknown empirically; conditional budgets unknown,Unknown case share; see path splits and remaining limits,0 for classes requiring staff inspection/merits decision; otherwise unknown,"Administrative queues/corrections may shrink; required waits, applicant work and physical work remain; no validated percentage","No outage, pothole or complaint is resolved merely because its form has been submitted.","P0 security/schema/state/payment correctness; official case/fee/document/notification adapters; durable jobs, recovery and audit; see backlog",No audited per-slug annual count; do not allocate broad official totals to this row,Family-specific models and shared volume sensitivity only; no additive per-form savings,High source wiring; medium workflow-family; low/unmeasured impact,O02,https://www.portland.gov/ppd/submit-and-pay-application-permit-type,evidence/catalog-verification.json#streetlight-report
tax-account-registration,Tax Account Registration (New Business),business-filings,tax/account transaction,Tax filings/accounts,Portland Revenue Division for applicable City/County/Metro program; verify tax-year scope,Medium where official family source applies; otherwise catalog attribution only,"Overlaps business-tax-registration; canonical Revenue account, entity and jurisdiction.",Identify tax/account/period -> calculate or collect return -> validate schedules -> authorized filing/payment -> ledger/reconciliation -> amendments/refunds/audit,Public form schema/route implemented; original pipeline fixture reaches human_review. No default discipline assignment; manual triage required,partial,https://www.portlandpermits.org/apply/tax-account-registration,https://github.com/ekrolewicz6/portland-civic-labs/blob/23b4670d8d26b9093f6e401bb89d9d6f30d8506d/catalog/forms/business-filings/tax-account-registration.json,none,"Taxpayer supplies truthful records; authority resolves audits, discretionary relief and contested assessments.",Unknown; no measured department use,Unknown; no measured department use,0 demonstrated authoritative completions; no City issuing adapter,0 demonstrated authoritative completions,Unknown; no matched outcome cohort,Guidance or supervised comparison only. Staff must verify rules and enter/complete official systems; real sensitive intake requires P0 fixes first.,Unknown; potential clerical benefit offset by duplicate entry,Unknown; field work and official-system work remain,0 via this app alone,0 via this app alone,Unknown; no proven critical-path reduction,Tax-year rule engine; official account/filing API; exact rates and thresholds; signed declarations and payment ledger.,unknown,Unknown empirically; conditional budgets unknown,Unknown empirically; conditional budgets unknown,Unknown case share; see path splits and remaining limits,0 for classes requiring staff inspection/merits decision; otherwise unknown,"Administrative queues/corrections may shrink; required waits, applicant work and physical work remain; no validated percentage",A local application record is not a filed return or remitted tax; current-year coverage is unaudited.,"P0 security/schema/state/payment correctness; official case/fee/document/notification adapters; durable jobs, recovery and audit; see backlog",No audited per-slug annual count; do not allocate broad official totals to this row,Family-specific models and shared volume sensitivity only; no additive per-form savings,High source wiring; medium workflow-family; low/unmeasured impact,O44,https://www.portland.gov/revenue,evidence/catalog-verification.json#tax-account-registration
tax-extension-request,Tax Extension Request,business-filings,tax/account transaction,Tax filings/accounts,Portland Revenue Division for applicable City/County/Metro program; verify tax-year scope,Medium where official family source applies; otherwise catalog attribution only,Tax-year extension criteria; extension to file does not necessarily extend payment time.,Identify tax/account/period -> calculate or collect return -> validate schedules -> authorized filing/payment -> ledger/reconciliation -> amendments/refunds/audit,Public form schema/route implemented; original pipeline fixture reaches human_review. No default discipline assignment; manual triage required,partial,https://www.portlandpermits.org/apply/tax-extension-request,https://github.com/ekrolewicz6/portland-civic-labs/blob/23b4670d8d26b9093f6e401bb89d9d6f30d8506d/catalog/forms/business-filings/tax-extension-request.json,none,"Taxpayer supplies truthful records; authority resolves audits, discretionary relief and contested assessments.",Unknown; no measured department use,Unknown; no measured department use,0 demonstrated authoritative completions; no City issuing adapter,0 demonstrated authoritative completions,Unknown; no matched outcome cohort,Guidance or supervised comparison only. Staff must verify rules and enter/complete official systems; real sensitive intake requires P0 fixes first.,Unknown; potential clerical benefit offset by duplicate entry,Unknown; field work and official-system work remain,0 via this app alone,0 via this app alone,Unknown; no proven critical-path reduction,Tax-year rule engine; official account/filing API; exact rates and thresholds; signed declarations and payment ledger.,unknown,Unknown empirically; conditional budgets unknown,Unknown empirically; conditional budgets unknown,Unknown case share; see path splits and remaining limits,0 for classes requiring staff inspection/merits decision; otherwise unknown,"Administrative queues/corrections may shrink; required waits, applicant work and physical work remain; no validated percentage",A local application record is not a filed return or remitted tax; current-year coverage is unaudited.,"P0 security/schema/state/payment correctness; official case/fee/document/notification adapters; durable jobs, recovery and audit; see backlog",No audited per-slug annual count; do not allocate broad official totals to this row,Family-specific models and shared volume sensitivity only; no additive per-form savings,High source wiring; medium workflow-family; low/unmeasured impact,O44,https://www.portland.gov/revenue,evidence/catalog-verification.json#tax-extension-request
tax-penalty-waiver,Tax Penalty Waiver Request,business-filings,appeal/claim/variance,Appeals/claims,Revenue Division,Medium where official family source applies; otherwise catalog attribution only,Revenue relief request with evidence and authorized discretion; not automatic forgiveness.,Identify decision/standing/deadline -> admissibility and record -> response/hearing/investigation -> independent decision -> remedy/payment/compliance,Public form schema/route implemented; original pipeline fixture reaches human_review. Client upload object/string-array validation mismatch reproduced No default discipline assignment; manual triage required,partial,https://www.portlandpermits.org/apply/tax-penalty-waiver,https://github.com/ekrolewicz6/portland-civic-labs/blob/23b4670d8d26b9093f6e401bb89d9d6f30d8506d/catalog/forms/business-filings/tax-penalty-waiver.json,none,"Decision-maker, claimant and other parties; hearings, evidence and legal judgment remain.",Unknown; no measured department use,Unknown; no measured department use,0 demonstrated authoritative completions; no City issuing adapter,0 demonstrated authoritative completions,Unknown; no matched outcome cohort,Guidance or supervised comparison only. Staff must verify rules and enter/complete official systems; real sensitive intake requires P0 fixes first.,Unknown; potential clerical benefit offset by duplicate entry,Unknown; field work and official-system work remain,0 via this app alone,0 via this app alone,Unknown; no proven critical-path reduction,Deadline/fee/record assembly; status and scheduling; conflict-free assignments and outcome accounting.,M4,Unknown empirically; conditional budgets M4,Unknown empirically; conditional budgets M4,Unknown case share; see path splits and remaining limits,0 for classes requiring staff inspection/merits decision; otherwise unknown,"Administrative queues/corrections may shrink; required waits, applicant work and physical work remain; no validated percentage",Automating intake cannot automate discretionary or contested merits under unchanged policy.,"P0 security/schema/state/payment correctness; official case/fee/document/notification adapters; durable jobs, recovery and audit; see backlog",No audited per-slug annual count; do not allocate broad official totals to this row,Family-specific models and shared volume sensitivity only; no additive per-form savings,High source wiring; medium workflow-family; low/unmeasured impact,O17;O18,https://www.portland.gov/bds/article/204690;https://www.portland.gov/bds/documents/type-ii-land-use-review-procedure/download,evidence/catalog-verification.json#tax-penalty-waiver
tax-refund-request,Tax Refund Request,business-filings,tax/account transaction,Tax filings/accounts,Portland Revenue Division for applicable City/County/Metro program; verify tax-year scope,Medium where official family source applies; otherwise catalog attribution only,Return/account reconciliation and authorized repayment; fraud/exception review.,Identify tax/account/period -> calculate or collect return -> validate schedules -> authorized filing/payment -> ledger/reconciliation -> amendments/refunds/audit,Public form schema/route implemented; original pipeline fixture reaches human_review. Client upload object/string-array validation mismatch reproduced No default discipline assignment; manual triage required,partial,https://www.portlandpermits.org/apply/tax-refund-request,https://github.com/ekrolewicz6/portland-civic-labs/blob/23b4670d8d26b9093f6e401bb89d9d6f30d8506d/catalog/forms/business-filings/tax-refund-request.json,none,"Taxpayer supplies truthful records; authority resolves audits, discretionary relief and contested assessments.",Unknown; no measured department use,Unknown; no measured department use,0 demonstrated authoritative completions; no City issuing adapter,0 demonstrated authoritative completions,Unknown; no matched outcome cohort,Guidance or supervised comparison only. Staff must verify rules and enter/complete official systems; real sensitive intake requires P0 fixes first.,Unknown; potential clerical benefit offset by duplicate entry,Unknown; field work and official-system work remain,0 via this app alone,0 via this app alone,Unknown; no proven critical-path reduction,Tax-year rule engine; official account/filing API; exact rates and thresholds; signed declarations and payment ledger.,unknown,Unknown empirically; conditional budgets unknown,Unknown empirically; conditional budgets unknown,Unknown case share; see path splits and remaining limits,0 for classes requiring staff inspection/merits decision; otherwise unknown,"Administrative queues/corrections may shrink; required waits, applicant work and physical work remain; no validated percentage",A local application record is not a filed return or remitted tax; current-year coverage is unaudited.,"P0 security/schema/state/payment correctness; official case/fee/document/notification adapters; durable jobs, recovery and audit; see backlog",No audited per-slug annual count; do not allocate broad official totals to this row,Family-specific models and shared volume sensitivity only; no additive per-form savings,High source wiring; medium workflow-family; low/unmeasured impact,O44,https://www.portland.gov/revenue,evidence/catalog-verification.json#tax-refund-request
temporary-sign-permit,Temporary Sign Permit,permits,permit/license or conditional exemption,Signs/awnings,Portland PP&D; PBOT for ROW/portable-sign compliance,Medium where official family source applies; otherwise catalog attribution only,Temporary banner registration versus exempt sign classes; duration/location rules.,Exempt/registration/permanent classification -> site sign inventory and geometry -> zoning/structural/electrical checks -> issue/register when required -> installation inspection/removal at expiry,Public form schema/route implemented; original pipeline fixture reaches human_review. No default discipline assignment; manual triage required,partial,https://www.portlandpermits.org/apply/temporary-sign-permit,https://github.com/ekrolewicz6/portland-civic-labs/blob/23b4670d8d26b9093f6e401bb89d9d6f30d8506d/catalog/forms/permits/temporary-sign-permit.json,none,Applicant drawings and measurements; engineer/electrician where required; inspector.,Unknown; no measured department use,Unknown; no measured department use,0 demonstrated authoritative completions; no City issuing adapter,0 demonstrated authoritative completions,Unknown; no matched outcome cohort,Guidance or supervised comparison only. Staff must verify rules and enter/complete official systems; real sensitive intake requires P0 fixes first.,Unknown; potential clerical benefit offset by duplicate entry,Unknown; field work and official-system work remain,0 via this app alone,0 via this app alone,Unknown; no proven critical-path reduction,Current Title 32 criteria; façade/sign inventory; structural attachment; permit-type-specific fees and electrical linkage.,M2,Unknown empirically; conditional budgets M2,Unknown empirically; conditional budgets M2,Unknown case share; see path splits and remaining limits,0 for classes requiring staff inspection/merits decision; otherwise unknown,"Administrative queues/corrections may shrink; required waits, applicant work and physical work remain; no validated percentage","Portable registration ended July 25, 2026; placement compliance remains; historic or land-use conditions may require review.","P0 security/schema/state/payment correctness; official case/fee/document/notification adapters; durable jobs, recovery and audit; see backlog",No audited per-slug annual count; do not allocate broad official totals to this row,Family-specific models and shared volume sensitivity only; no additive per-form savings,High source wiring; medium workflow-family; low/unmeasured impact,O31;O32,https://www.portland.gov/ppd/sign-permits;https://www.portland.gov/transportation/permitting/portable-signs-boards,evidence/catalog-verification.json#temporary-sign-permit
tenant-improvement,Commercial Tenant Improvement (TI) Permit,permits,permit/license or conditional exemption,Commercial construction,PP&D,Medium where official family source applies; otherwise catalog attribution only,"No change of use/simple interior versus structural, occupancy, food service or complex life-safety work.",Occupancy/use classification -> plans and site analysis -> structural/life safety/fire/zoning/infrastructure review -> corrections -> preissuance and trade permits -> inspections/special tests -> certificate of occupancy when required,Public form schema/route implemented; original pipeline fixture reaches human_review. Client upload object/string-array validation mismatch reproduced,partial,https://www.portlandpermits.org/apply/tenant-improvement,https://github.com/ekrolewicz6/portland-civic-labs/blob/23b4670d8d26b9093f6e401bb89d9d6f30d8506d/catalog/forms/permits/tenant-improvement.json,structural;life_safety;fire,"Design professionals, reviewers, fire/site teams and inspectors remain; land-use or infrastructure approvals may gate issuance.",Unknown; no measured department use,Unknown; no measured department use,0 demonstrated authoritative completions; no City issuing adapter,0 demonstrated authoritative completions,Unknown; no matched outcome cohort,Guidance or supervised comparison only. Staff must verify rules and enter/complete official systems; real sensitive intake requires P0 fixes first.,Unknown; potential clerical benefit offset by duplicate entry,Unknown; field work and official-system work remain,0 via this app alone,0 via this app alone,Unknown; no proven critical-path reduction,Versioned BIM/structured plan data; occupancy/egress/accessibility/energy checks; rated assemblies; calculations; dependency and condition tracking.,M3;M4,Unknown empirically; conditional budgets M3;M4,Unknown empirically; conditional budgets M3;M4,Unknown case share; see path splits and remaining limits,0 for classes requiring staff inspection/merits decision; otherwise unknown,"Administrative queues/corrections may shrink; required waits, applicant work and physical work remain; no validated percentage","TI cosmetic work, change of occupancy and new/multifamily projects have materially different requirements.","P0 security/schema/state/payment correctness; official case/fee/document/notification adapters; durable jobs, recovery and audit; see backlog",No audited per-slug annual count; do not allocate broad official totals to this row,Family-specific models and shared volume sensitivity only; no additive per-form savings,High source wiring; medium workflow-family; low/unmeasured impact,O02;O09;O11;O14,https://www.portland.gov/ppd/submit-and-pay-application-permit-type;https://www.portland.gov/ppd/commercial-permitting/commercial-requirements;https://www.oregon.gov/bcd/codes-stand/Pages/ossc-adoption.aspx;https://www.portland.gov/permitimprovement/code-alignment-project,evidence/catalog-verification.json#tenant-improvement
toilet-rebate,Toilet Replacement Rebate,rebates,rebate/benefit/exemption,Rebates/assistance,Water Bureau,Medium where official family source applies; otherwise catalog attribution only,Eligible account/product/purchase and installation evidence; utility credit and funding status.,Eligibility/account -> proof of qualifying purchase/work/income -> validation -> credit/payment/exemption -> audit/recapture/renewal,Public form schema/route implemented; original pipeline fixture reaches human_review. Client upload object/string-array validation mismatch reproduced No default discipline assignment; manual triage required,partial,https://www.portlandpermits.org/apply/toilet-rebate,https://github.com/ekrolewicz6/portland-civic-labs/blob/23b4670d8d26b9093f6e401bb89d9d6f30d8506d/catalog/forms/rebates/toilet-rebate.json,none,Applicant purchases/installs or provides financial evidence; program staff handle exceptions.,Unknown; no measured department use,Unknown; no measured department use,0 demonstrated authoritative completions; no City issuing adapter,0 demonstrated authoritative completions,Unknown; no matched outcome cohort,Guidance or supervised comparison only. Staff must verify rules and enter/complete official systems; real sensitive intake requires P0 fixes first.,Unknown; potential clerical benefit offset by duplicate entry,Unknown; field work and official-system work remain,0 via this app alone,0 via this app alone,Unknown; no proven critical-path reduction,Utility account/benefits integration; receipt/model validation; budget and credit ledger; recapture obligations.,M2,Unknown empirically; conditional budgets M2,Unknown empirically; conditional budgets M2,Unknown case share; see path splits and remaining limits,0 for classes requiring staff inspection/merits decision; otherwise unknown,"Administrative queues/corrections may shrink; required waits, applicant work and physical work remain; no validated percentage",Some incentives require physical work; SDC exemptions have continuing conditions; current eligibility needs a program-specific audit.,"P0 security/schema/state/payment correctness; official case/fee/document/notification adapters; durable jobs, recovery and audit; see backlog",No audited per-slug annual count; do not allocate broad official totals to this row,Family-specific models and shared volume sensitivity only; no additive per-form savings,High source wiring; medium workflow-family; low/unmeasured impact,O16;O45;O46,https://www.portland.gov/ppd/current-fee-schedules/housing-sdc-exemption;https://www.portland.gov/bes/grants-incentives/clean-river-rewards;https://www.portland.gov/bes/grants-incentives,evidence/catalog-verification.json#toilet-rebate
traffic-safety-report,Traffic Safety Concern,reports,report/field service,Reports/field service,PBOT Traffic Safety,Medium where official family source applies; otherwise catalog attribution only,Engineering investigation and priority/capital decision; a report cannot redesign the street.,Receive location/evidence -> triage/jurisdiction/duplicate check -> dispatch -> investigation/physical work -> verify/close and notify,Public form schema/route implemented; original pipeline fixture reaches human_review. Client upload object/string-array validation mismatch reproduced No default discipline assignment; manual triage required,partial,https://www.portlandpermits.org/apply/traffic-safety-report,https://github.com/ekrolewicz6/portland-civic-labs/blob/23b4670d8d26b9093f6e401bb89d9d6f30d8506d/catalog/forms/reports/traffic-safety-report.json,none,"Investigators, responders or maintenance crews perform and verify the work.",Unknown; no measured department use,Unknown; no measured department use,0 demonstrated authoritative completions; no City issuing adapter,0 demonstrated authoritative completions,Unknown; no matched outcome cohort,Guidance or supervised comparison only. Staff must verify rules and enter/complete official systems; real sensitive intake requires P0 fixes first.,Unknown; potential clerical benefit offset by duplicate entry,Unknown; field work and official-system work remain,0 via this app alone,0 via this app alone,Unknown; no proven critical-path reduction,"311/work-order integrations; asset and incident IDs; prioritization, duplicate matching and SLA/escalation.",unknown,Unknown empirically; conditional budgets unknown,Unknown empirically; conditional budgets unknown,Unknown case share; see path splits and remaining limits,0 for classes requiring staff inspection/merits decision; otherwise unknown,"Administrative queues/corrections may shrink; required waits, applicant work and physical work remain; no validated percentage","No outage, pothole or complaint is resolved merely because its form has been submitted.","P0 security/schema/state/payment correctness; official case/fee/document/notification adapters; durable jobs, recovery and audit; see backlog",No audited per-slug annual count; do not allocate broad official totals to this row,Family-specific models and shared volume sensitivity only; no additive per-form savings,High source wiring; medium workflow-family; low/unmeasured impact,O02,https://www.portland.gov/ppd/submit-and-pay-application-permit-type,evidence/catalog-verification.json#traffic-safety-report
transient-lodging-registration,Transient Lodging Tax Registration,businesses,tax/account transaction,Tax filings/accounts,Portland Revenue Division for applicable City/County/Metro program; verify tax-year scope,Medium where official family source applies; otherwise catalog attribution only,Operator/property tax account registration separate from lawful rental/use permit.,Identify tax/account/period -> calculate or collect return -> validate schedules -> authorized filing/payment -> ledger/reconciliation -> amendments/refunds/audit,Public form schema/route implemented; original pipeline fixture reaches human_review. No default discipline assignment; manual triage required,partial,https://www.portlandpermits.org/apply/transient-lodging-registration,https://github.com/ekrolewicz6/portland-civic-labs/blob/23b4670d8d26b9093f6e401bb89d9d6f30d8506d/catalog/forms/businesses/transient-lodging-registration.json,none,"Taxpayer supplies truthful records; authority resolves audits, discretionary relief and contested assessments.",Unknown; no measured department use,Unknown; no measured department use,0 demonstrated authoritative completions; no City issuing adapter,0 demonstrated authoritative completions,Unknown; no matched outcome cohort,Guidance or supervised comparison only. Staff must verify rules and enter/complete official systems; real sensitive intake requires P0 fixes first.,Unknown; potential clerical benefit offset by duplicate entry,Unknown; field work and official-system work remain,0 via this app alone,0 via this app alone,Unknown; no proven critical-path reduction,Tax-year rule engine; official account/filing API; exact rates and thresholds; signed declarations and payment ledger.,unknown,Unknown empirically; conditional budgets unknown,Unknown empirically; conditional budgets unknown,Unknown case share; see path splits and remaining limits,0 for classes requiring staff inspection/merits decision; otherwise unknown,"Administrative queues/corrections may shrink; required waits, applicant work and physical work remain; no validated percentage",A local application record is not a filed return or remitted tax; current-year coverage is unaudited.,"P0 security/schema/state/payment correctness; official case/fee/document/notification adapters; durable jobs, recovery and audit; see backlog",No audited per-slug annual count; do not allocate broad official totals to this row,Family-specific models and shared volume sensitivity only; no additive per-form savings,High source wiring; medium workflow-family; low/unmeasured impact,O44,https://www.portland.gov/revenue,evidence/catalog-verification.json#transient-lodging-registration
transient-lodging-report,Transient Lodging Tax Report,business-filings,tax/account transaction,Tax filings/accounts,Portland Revenue Division for applicable City/County/Metro program; verify tax-year scope,Medium where official family source applies; otherwise catalog attribution only,"Tax period, rental receipts, exemptions, platform remittance and reconciliation.",Identify tax/account/period -> calculate or collect return -> validate schedules -> authorized filing/payment -> ledger/reconciliation -> amendments/refunds/audit,Public form schema/route implemented; original pipeline fixture reaches human_review. No default discipline assignment; manual triage required,partial,https://www.portlandpermits.org/apply/transient-lodging-report,https://github.com/ekrolewicz6/portland-civic-labs/blob/23b4670d8d26b9093f6e401bb89d9d6f30d8506d/catalog/forms/business-filings/transient-lodging-report.json,none,"Taxpayer supplies truthful records; authority resolves audits, discretionary relief and contested assessments.",Unknown; no measured department use,Unknown; no measured department use,0 demonstrated authoritative completions; no City issuing adapter,0 demonstrated authoritative completions,Unknown; no matched outcome cohort,Guidance or supervised comparison only. Staff must verify rules and enter/complete official systems; real sensitive intake requires P0 fixes first.,Unknown; potential clerical benefit offset by duplicate entry,Unknown; field work and official-system work remain,0 via this app alone,0 via this app alone,Unknown; no proven critical-path reduction,Tax-year rule engine; official account/filing API; exact rates and thresholds; signed declarations and payment ledger.,unknown,Unknown empirically; conditional budgets unknown,Unknown empirically; conditional budgets unknown,Unknown case share; see path splits and remaining limits,0 for classes requiring staff inspection/merits decision; otherwise unknown,"Administrative queues/corrections may shrink; required waits, applicant work and physical work remain; no validated percentage",A local application record is not a filed return or remitted tax; current-year coverage is unaudited.,"P0 security/schema/state/payment correctness; official case/fee/document/notification adapters; durable jobs, recovery and audit; see backlog",No audited per-slug annual count; do not allocate broad official totals to this row,Family-specific models and shared volume sensitivity only; no additive per-form savings,High source wiring; medium workflow-family; low/unmeasured impact,O44,https://www.portland.gov/revenue,evidence/catalog-verification.json#transient-lodging-report
tree-attachment-permit,Tree Attachment Permit,permits,permit/license or conditional exemption,Tree work,Portland PP&D tree permitting; associated bureaus/land-use authority as applicable,Medium where official family source applies; otherwise catalog attribution only,"Tree ownership, attachment method/duration and health impacts; physical removal/inspection.",Ownership/street/private/heritage/development classification -> species/size/site -> exempt/Type A/Type B/special route -> inspection/notice/replanting conditions -> decision -> work -> replanting/compliance closeout,Public form schema/route implemented; original pipeline fixture reaches human_review. Client upload object/string-array validation mismatch reproduced No default discipline assignment; manual triage required,partial,https://www.portlandpermits.org/apply/tree-attachment-permit,https://github.com/ekrolewicz6/portland-civic-labs/blob/23b4670d8d26b9093f6e401bb89d9d6f30d8506d/catalog/forms/permits/tree-attachment-permit.json,none,"Arborist/site assessment, discretion and public process depend on path; physical work/replanting remain.",Unknown; no measured department use,Unknown; no measured department use,0 demonstrated authoritative completions; no City issuing adapter,0 demonstrated authoritative completions,Unknown; no matched outcome cohort,Guidance or supervised comparison only. Staff must verify rules and enter/complete official systems; real sensitive intake requires P0 fixes first.,Unknown; potential clerical benefit offset by duplicate entry,Unknown; field work and official-system work remain,0 via this app alone,0 via this app alone,Unknown; no proven critical-path reduction,"Tree inventory, species/DBH and location evidence; hazard/photo review; adopted Title 11 criteria; notices, replacement and mitigation ledger.",M2;M3;M4,Unknown empirically; conditional budgets M2;M3;M4,Unknown empirically; conditional budgets M2;M3;M4,Unknown case share; see path splits and remaining limits,0 for classes requiring staff inspection/merits decision; otherwise unknown,"Administrative queues/corrections may shrink; required waits, applicant work and physical work remain; no validated percentage","Pruning exemptions and routine pruning differ from removal, heritage work and waivers.","P0 security/schema/state/payment correctness; official case/fee/document/notification adapters; durable jobs, recovery and audit; see backlog",No audited per-slug annual count; do not allocate broad official totals to this row,Family-specific models and shared volume sensitivity only; no additive per-form savings,High source wiring; medium workflow-family; low/unmeasured impact,O21;O22;O23;O24,https://www.portland.gov/ppd/tree-permits/do-i-need-tree-permit;https://www.portland.gov/code/11/40;https://www.portland.gov/ppd/tree-permits/removal-and-replanting-permits/do-i-need-permit-remove-trees-private-property;https://www.portland.gov/trees/treepermits/documents/street-tree-permit-application-non-removal/download,evidence/catalog-verification.json#tree-attachment-permit
tree-permit-appeal,Tree Permit Appeal,permits,appeal/claim/variance,Appeals/claims,Urban Forestry,Medium where official family source applies; otherwise catalog attribution only,"Title 11 decision type, standing, deadline and independent review.",Identify decision/standing/deadline -> admissibility and record -> response/hearing/investigation -> independent decision -> remedy/payment/compliance,Public form schema/route implemented; original pipeline fixture reaches human_review. Client upload object/string-array validation mismatch reproduced No default discipline assignment; manual triage required,partial,https://www.portlandpermits.org/apply/tree-permit-appeal,https://github.com/ekrolewicz6/portland-civic-labs/blob/23b4670d8d26b9093f6e401bb89d9d6f30d8506d/catalog/forms/permits/tree-permit-appeal.json,none,"Decision-maker, claimant and other parties; hearings, evidence and legal judgment remain.",Unknown; no measured department use,Unknown; no measured department use,0 demonstrated authoritative completions; no City issuing adapter,0 demonstrated authoritative completions,Unknown; no matched outcome cohort,Guidance or supervised comparison only. Staff must verify rules and enter/complete official systems; real sensitive intake requires P0 fixes first.,Unknown; potential clerical benefit offset by duplicate entry,Unknown; field work and official-system work remain,0 via this app alone,0 via this app alone,Unknown; no proven critical-path reduction,Deadline/fee/record assembly; status and scheduling; conflict-free assignments and outcome accounting.,M4,Unknown empirically; conditional budgets M4,Unknown empirically; conditional budgets M4,Unknown case share; see path splits and remaining limits,0 for classes requiring staff inspection/merits decision; otherwise unknown,"Administrative queues/corrections may shrink; required waits, applicant work and physical work remain; no validated percentage",Automating intake cannot automate discretionary or contested merits under unchanged policy.,"P0 security/schema/state/payment correctness; official case/fee/document/notification adapters; durable jobs, recovery and audit; see backlog",No audited per-slug annual count; do not allocate broad official totals to this row,Family-specific models and shared volume sensitivity only; no additive per-form savings,High source wiring; medium workflow-family; low/unmeasured impact,O17;O18,https://www.portland.gov/bds/article/204690;https://www.portland.gov/bds/documents/type-ii-land-use-review-procedure/download,evidence/catalog-verification.json#tree-permit-appeal
tree-pruning-private,Private Tree Pruning Permit,permits,permit/license or conditional exemption,Tree work,Portland PP&D tree permitting; associated bureaus/land-use authority as applicable,Medium where official family source applies; otherwise catalog attribution only,Ordinary private pruning often exempt; protected/regulated sites require separate treatment.,Ownership/street/private/heritage/development classification -> species/size/site -> exempt/Type A/Type B/special route -> inspection/notice/replanting conditions -> decision -> work -> replanting/compliance closeout,Public form schema/route implemented; original pipeline fixture reaches human_review. Client upload object/string-array validation mismatch reproduced No default discipline assignment; manual triage required,partial,https://www.portlandpermits.org/apply/tree-pruning-private,https://github.com/ekrolewicz6/portland-civic-labs/blob/23b4670d8d26b9093f6e401bb89d9d6f30d8506d/catalog/forms/permits/tree-pruning-private.json,none,"Arborist/site assessment, discretion and public process depend on path; physical work/replanting remain.",Unknown; no measured department use,Unknown; no measured department use,0 demonstrated authoritative completions; no City issuing adapter,0 demonstrated authoritative completions,Unknown; no matched outcome cohort,Guidance or supervised comparison only. Staff must verify rules and enter/complete official systems; real sensitive intake requires P0 fixes first.,Unknown; potential clerical benefit offset by duplicate entry,Unknown; field work and official-system work remain,0 via this app alone,0 via this app alone,Unknown; no proven critical-path reduction,"Tree inventory, species/DBH and location evidence; hazard/photo review; adopted Title 11 criteria; notices, replacement and mitigation ledger.",M2;M3;M4,Unknown empirically; conditional budgets M2;M3;M4,Unknown empirically; conditional budgets M2;M3;M4,Unknown case share; see path splits and remaining limits,0 for classes requiring staff inspection/merits decision; otherwise unknown,"Administrative queues/corrections may shrink; required waits, applicant work and physical work remain; no validated percentage","Pruning exemptions and routine pruning differ from removal, heritage work and waivers.","P0 security/schema/state/payment correctness; official case/fee/document/notification adapters; durable jobs, recovery and audit; see backlog",No audited per-slug annual count; do not allocate broad official totals to this row,Family-specific models and shared volume sensitivity only; no additive per-form savings,High source wiring; medium workflow-family; low/unmeasured impact,O21;O22;O23;O24,https://www.portland.gov/ppd/tree-permits/do-i-need-tree-permit;https://www.portland.gov/code/11/40;https://www.portland.gov/ppd/tree-permits/removal-and-replanting-permits/do-i-need-permit-remove-trees-private-property;https://www.portland.gov/trees/treepermits/documents/street-tree-permit-application-non-removal/download,evidence/catalog-verification.json#tree-pruning-private
tree-pruning-street,Street Tree Pruning Permit,permits,permit/license or conditional exemption,Tree work,Portland PP&D tree permitting; associated bureaus/land-use authority as applicable,Medium where official family source applies; otherwise catalog attribution only,Limited routine pruning versus large limbs/heritage/complex arborist assessment.,Ownership/street/private/heritage/development classification -> species/size/site -> exempt/Type A/Type B/special route -> inspection/notice/replanting conditions -> decision -> work -> replanting/compliance closeout,Public form schema/route implemented; original pipeline fixture reaches human_review. Client upload object/string-array validation mismatch reproduced No default discipline assignment; manual triage required,partial,https://www.portlandpermits.org/apply/tree-pruning-street,https://github.com/ekrolewicz6/portland-civic-labs/blob/23b4670d8d26b9093f6e401bb89d9d6f30d8506d/catalog/forms/permits/tree-pruning-street.json,none,"Arborist/site assessment, discretion and public process depend on path; physical work/replanting remain.",Unknown; no measured department use,Unknown; no measured department use,0 demonstrated authoritative completions; no City issuing adapter,0 demonstrated authoritative completions,Unknown; no matched outcome cohort,Guidance or supervised comparison only. Staff must verify rules and enter/complete official systems; real sensitive intake requires P0 fixes first.,Unknown; potential clerical benefit offset by duplicate entry,Unknown; field work and official-system work remain,0 via this app alone,0 via this app alone,Unknown; no proven critical-path reduction,"Tree inventory, species/DBH and location evidence; hazard/photo review; adopted Title 11 criteria; notices, replacement and mitigation ledger.",M2;M3;M4,Unknown empirically; conditional budgets M2;M3;M4,Unknown empirically; conditional budgets M2;M3;M4,Unknown case share; see path splits and remaining limits,0 for classes requiring staff inspection/merits decision; otherwise unknown,"Administrative queues/corrections may shrink; required waits, applicant work and physical work remain; no validated percentage","Pruning exemptions and routine pruning differ from removal, heritage work and waivers.","P0 security/schema/state/payment correctness; official case/fee/document/notification adapters; durable jobs, recovery and audit; see backlog",No audited per-slug annual count; do not allocate broad official totals to this row,Family-specific models and shared volume sensitivity only; no additive per-form savings,High source wiring; medium workflow-family; low/unmeasured impact,O21;O22;O23;O24,https://www.portland.gov/ppd/tree-permits/do-i-need-tree-permit;https://www.portland.gov/code/11/40;https://www.portland.gov/ppd/tree-permits/removal-and-replanting-permits/do-i-need-permit-remove-trees-private-property;https://www.portland.gov/trees/treepermits/documents/street-tree-permit-application-non-removal/download,evidence/catalog-verification.json#tree-pruning-street
tree-removal-neighborhood-notice,Large Tree Removal Neighborhood Notice Certification,permits,supporting document,Supporting document,PP&D / Urban Forestry,Medium where official family source applies; otherwise catalog attribution only,Evidence of required neighborhood notice linked to removal decision; not the removal permit itself.,Identify parent case -> submit certification/notice/affidavit -> validate signer and content -> reviewer acceptance -> satisfy parent condition,Public form schema/route implemented; original pipeline fixture reaches human_review. Client upload object/string-array validation mismatch reproduced No default discipline assignment; manual triage required,partial,https://www.portlandpermits.org/apply/tree-removal-neighborhood-notice,https://github.com/ekrolewicz6/portland-civic-labs/blob/23b4670d8d26b9093f6e401bb89d9d6f30d8506d/catalog/forms/permits/tree-removal-neighborhood-notice.json,none,Applicant or professional attests truth; staff resolves exceptions and parent decision.,Unknown; no measured department use,Unknown; no measured department use,0 demonstrated authoritative completions; no City issuing adapter,0 demonstrated authoritative completions,Unknown; no matched outcome cohort,Guidance or supervised comparison only. Staff must verify rules and enter/complete official systems; real sensitive intake requires P0 fixes first.,Unknown; potential clerical benefit offset by duplicate entry,Unknown; field work and official-system work remain,0 via this app alone,0 via this app alone,Unknown; no proven critical-path reduction,Parent/revision binding; signatory authority; document hash; acceptance criteria; expiring-condition tracking.,unknown,Unknown empirically; conditional budgets unknown,Unknown empirically; conditional budgets unknown,Unknown case share; see path splits and remaining limits,0 for classes requiring staff inspection/merits decision; otherwise unknown,"Administrative queues/corrections may shrink; required waits, applicant work and physical work remain; no validated percentage",Not an independent permit or additional case to count in impact totals.,"P0 security/schema/state/payment correctness; official case/fee/document/notification adapters; durable jobs, recovery and audit; see backlog",No audited per-slug annual count; do not allocate broad official totals to this row,Family-specific models and shared volume sensitivity only; no additive per-form savings,High source wiring; medium workflow-family; low/unmeasured impact,O02;O22;O30,https://www.portland.gov/ppd/submit-and-pay-application-permit-type;https://www.portland.gov/code/11/40;https://www.portland.gov/fire/permits-inspections/documents/design-manual-fire-protection-systems-and-processes/download,evidence/catalog-verification.json#tree-removal-neighborhood-notice
tree-removal-permit,Tree Removal Permit,permits,permit/license or conditional exemption,Tree work,Portland PP&D tree permitting; associated bureaus/land-use authority as applicable,Medium where official family source applies; otherwise catalog attribution only,Street/private/Type A/Type B/heritage/development split; species/size and replanting conditions.,Ownership/street/private/heritage/development classification -> species/size/site -> exempt/Type A/Type B/special route -> inspection/notice/replanting conditions -> decision -> work -> replanting/compliance closeout,Public form schema/route implemented; original pipeline fixture reaches human_review. Client upload object/string-array validation mismatch reproduced,partial,https://www.portlandpermits.org/apply/tree-removal-permit,https://github.com/ekrolewicz6/portland-civic-labs/blob/23b4670d8d26b9093f6e401bb89d9d6f30d8506d/catalog/forms/permits/tree-removal-permit.json,trees,"Arborist/site assessment, discretion and public process depend on path; physical work/replanting remain.",Unknown; no measured department use,Unknown; no measured department use,0 demonstrated authoritative completions; no City issuing adapter,0 demonstrated authoritative completions,Unknown; no matched outcome cohort,Guidance or supervised comparison only. Staff must verify rules and enter/complete official systems; real sensitive intake requires P0 fixes first.,Unknown; potential clerical benefit offset by duplicate entry,Unknown; field work and official-system work remain,0 via this app alone,0 via this app alone,Unknown; no proven critical-path reduction,"Tree inventory, species/DBH and location evidence; hazard/photo review; adopted Title 11 criteria; notices, replacement and mitigation ledger.",M2;M3;M4,Unknown empirically; conditional budgets M2;M3;M4,Unknown empirically; conditional budgets M2;M3;M4,Unknown case share; see path splits and remaining limits,0 for classes requiring staff inspection/merits decision; otherwise unknown,"Administrative queues/corrections may shrink; required waits, applicant work and physical work remain; no validated percentage","Pruning exemptions and routine pruning differ from removal, heritage work and waivers.","P0 security/schema/state/payment correctness; official case/fee/document/notification adapters; durable jobs, recovery and audit; see backlog",No audited per-slug annual count; do not allocate broad official totals to this row,Family-specific models and shared volume sensitivity only; no additive per-form savings,High source wiring; medium workflow-family; low/unmeasured impact,O21;O22;O23;O24,https://www.portland.gov/ppd/tree-permits/do-i-need-tree-permit;https://www.portland.gov/code/11/40;https://www.portland.gov/ppd/tree-permits/removal-and-replanting-permits/do-i-need-permit-remove-trees-private-property;https://www.portland.gov/trees/treepermits/documents/street-tree-permit-application-non-removal/download,evidence/catalog-verification.json#tree-removal-permit
tree-root-pruning,Tree Root Pruning Permit,permits,permit/license or conditional exemption,Tree work,Portland PP&D tree permitting; associated bureaus/land-use authority as applicable,Medium where official family source applies; otherwise catalog attribution only,"Root zone, extent and stability/arborist review; utility/sidewalk conflicts.",Ownership/street/private/heritage/development classification -> species/size/site -> exempt/Type A/Type B/special route -> inspection/notice/replanting conditions -> decision -> work -> replanting/compliance closeout,Public form schema/route implemented; original pipeline fixture reaches human_review. Client upload object/string-array validation mismatch reproduced No default discipline assignment; manual triage required,partial,https://www.portlandpermits.org/apply/tree-root-pruning,https://github.com/ekrolewicz6/portland-civic-labs/blob/23b4670d8d26b9093f6e401bb89d9d6f30d8506d/catalog/forms/permits/tree-root-pruning.json,none,"Arborist/site assessment, discretion and public process depend on path; physical work/replanting remain.",Unknown; no measured department use,Unknown; no measured department use,0 demonstrated authoritative completions; no City issuing adapter,0 demonstrated authoritative completions,Unknown; no matched outcome cohort,Guidance or supervised comparison only. Staff must verify rules and enter/complete official systems; real sensitive intake requires P0 fixes first.,Unknown; potential clerical benefit offset by duplicate entry,Unknown; field work and official-system work remain,0 via this app alone,0 via this app alone,Unknown; no proven critical-path reduction,"Tree inventory, species/DBH and location evidence; hazard/photo review; adopted Title 11 criteria; notices, replacement and mitigation ledger.",M2;M3;M4,Unknown empirically; conditional budgets M2;M3;M4,Unknown empirically; conditional budgets M2;M3;M4,Unknown case share; see path splits and remaining limits,0 for classes requiring staff inspection/merits decision; otherwise unknown,"Administrative queues/corrections may shrink; required waits, applicant work and physical work remain; no validated percentage","Pruning exemptions and routine pruning differ from removal, heritage work and waivers.","P0 security/schema/state/payment correctness; official case/fee/document/notification adapters; durable jobs, recovery and audit; see backlog",No audited per-slug annual count; do not allocate broad official totals to this row,Family-specific models and shared volume sensitivity only; no additive per-form savings,High source wiring; medium workflow-family; low/unmeasured impact,O21;O22;O23;O24,https://www.portland.gov/ppd/tree-permits/do-i-need-tree-permit;https://www.portland.gov/code/11/40;https://www.portland.gov/ppd/tree-permits/removal-and-replanting-permits/do-i-need-permit-remove-trees-private-property;https://www.portland.gov/trees/treepermits/documents/street-tree-permit-application-non-removal/download,evidence/catalog-verification.json#tree-root-pruning
treebate,Treebate — Tree Planting Utility Bill Credit,rebates,rebate/benefit/exemption,Rebates/assistance,Urban Forestry,Medium where official family source applies; otherwise catalog attribution only,"Overlaps yard-tree-planting label; eligible planting/purchase and utility credit, not tree installation.",Eligibility/account -> proof of qualifying purchase/work/income -> validation -> credit/payment/exemption -> audit/recapture/renewal,Public form schema/route implemented; original pipeline fixture reaches human_review. Client upload object/string-array validation mismatch reproduced No default discipline assignment; manual triage required,partial,https://www.portlandpermits.org/apply/treebate,https://github.com/ekrolewicz6/portland-civic-labs/blob/23b4670d8d26b9093f6e401bb89d9d6f30d8506d/catalog/forms/rebates/treebate.json,none,Applicant purchases/installs or provides financial evidence; program staff handle exceptions.,Unknown; no measured department use,Unknown; no measured department use,0 demonstrated authoritative completions; no City issuing adapter,0 demonstrated authoritative completions,Unknown; no matched outcome cohort,Guidance or supervised comparison only. Staff must verify rules and enter/complete official systems; real sensitive intake requires P0 fixes first.,Unknown; potential clerical benefit offset by duplicate entry,Unknown; field work and official-system work remain,0 via this app alone,0 via this app alone,Unknown; no proven critical-path reduction,Utility account/benefits integration; receipt/model validation; budget and credit ledger; recapture obligations.,M2,Unknown empirically; conditional budgets M2,Unknown empirically; conditional budgets M2,Unknown case share; see path splits and remaining limits,0 for classes requiring staff inspection/merits decision; otherwise unknown,"Administrative queues/corrections may shrink; required waits, applicant work and physical work remain; no validated percentage",Some incentives require physical work; SDC exemptions have continuing conditions; current eligibility needs a program-specific audit.,"P0 security/schema/state/payment correctness; official case/fee/document/notification adapters; durable jobs, recovery and audit; see backlog",No audited per-slug annual count; do not allocate broad official totals to this row,Family-specific models and shared volume sensitivity only; no additive per-form savings,High source wiring; medium workflow-family; low/unmeasured impact,O16;O45;O46,https://www.portland.gov/ppd/current-fee-schedules/housing-sdc-exemption;https://www.portland.gov/bes/grants-incentives/clean-river-rewards;https://www.portland.gov/bes/grants-incentives,evidence/catalog-verification.json#treebate
urban-forestry-early-assistance,Urban Forestry Early Assistance Consultation,permits,information/consultation,Information/early assistance,Urban Forestry,Medium where official family source applies; otherwise catalog attribution only,Tree advice/meeting for planned development; does not approve tree work.,Identify property/project -> request/schedule -> data or staff advice -> response record,Public form schema/route implemented; original pipeline fixture reaches human_review. Client upload object/string-array validation mismatch reproduced No default discipline assignment; manual triage required,partial,https://www.portlandpermits.org/apply/urban-forestry-early-assistance,https://github.com/ekrolewicz6/portland-civic-labs/blob/23b4670d8d26b9093f6e401bb89d9d6f30d8506d/catalog/forms/permits/urban-forestry-early-assistance.json,none,Staff consultation or current asset/model retrieval; applicant follows advice with actual applications.,Unknown; no measured department use,Unknown; no measured department use,0 demonstrated authoritative completions; no City issuing adapter,0 demonstrated authoritative completions,Unknown; no matched outcome cohort,Guidance or supervised comparison only. Staff must verify rules and enter/complete official systems; real sensitive intake requires P0 fixes first.,Unknown; potential clerical benefit offset by duplicate entry,Unknown; field work and official-system work remain,0 via this app alone,0 via this app alone,Unknown; no proven critical-path reduction,Authoritative lookup/scheduling and response export; project link; distinguish estimates from capacity commitments.,unknown,Unknown empirically; conditional budgets unknown,Unknown empirically; conditional budgets unknown,Unknown case share; see path splits and remaining limits,0 for classes requiring staff inspection/merits decision; otherwise unknown,"Administrative queues/corrections may shrink; required waits, applicant work and physical work remain; no validated percentage","An information response or fee statement is not authorization to build, connect or operate.","P0 security/schema/state/payment correctness; official case/fee/document/notification adapters; durable jobs, recovery and audit; see backlog",No audited per-slug annual count; do not allocate broad official totals to this row,Family-specific models and shared volume sensitivity only; no additive per-form savings,High source wiring; medium workflow-family; low/unmeasured impact,O02;O35,https://www.portland.gov/ppd/submit-and-pay-application-permit-type;https://www.portland.gov/ppd/infrastructure/sewer-stormwater-permit-requirements,evidence/catalog-verification.json#urban-forestry-early-assistance
utility-bill-appeal,Utility Bill Dispute,claims,appeal/claim/variance,Appeals/claims,Water Bureau / BES,Medium where official family source applies; otherwise catalog attribution only,Utility account and meter/usage/charge evidence; decision and adjusted billing.,Identify decision/standing/deadline -> admissibility and record -> response/hearing/investigation -> independent decision -> remedy/payment/compliance,Public form schema/route implemented; original pipeline fixture reaches human_review. Client upload object/string-array validation mismatch reproduced No default discipline assignment; manual triage required,partial,https://www.portlandpermits.org/apply/utility-bill-appeal,https://github.com/ekrolewicz6/portland-civic-labs/blob/23b4670d8d26b9093f6e401bb89d9d6f30d8506d/catalog/forms/claims/utility-bill-appeal.json,none,"Decision-maker, claimant and other parties; hearings, evidence and legal judgment remain.",Unknown; no measured department use,Unknown; no measured department use,0 demonstrated authoritative completions; no City issuing adapter,0 demonstrated authoritative completions,Unknown; no matched outcome cohort,Guidance or supervised comparison only. Staff must verify rules and enter/complete official systems; real sensitive intake requires P0 fixes first.,Unknown; potential clerical benefit offset by duplicate entry,Unknown; field work and official-system work remain,0 via this app alone,0 via this app alone,Unknown; no proven critical-path reduction,Deadline/fee/record assembly; status and scheduling; conflict-free assignments and outcome accounting.,M4,Unknown empirically; conditional budgets M4,Unknown empirically; conditional budgets M4,Unknown case share; see path splits and remaining limits,0 for classes requiring staff inspection/merits decision; otherwise unknown,"Administrative queues/corrections may shrink; required waits, applicant work and physical work remain; no validated percentage",Automating intake cannot automate discretionary or contested merits under unchanged policy.,"P0 security/schema/state/payment correctness; official case/fee/document/notification adapters; durable jobs, recovery and audit; see backlog",No audited per-slug annual count; do not allocate broad official totals to this row,Family-specific models and shared volume sensitivity only; no additive per-form savings,High source wiring; medium workflow-family; low/unmeasured impact,O17;O18,https://www.portland.gov/bds/article/204690;https://www.portland.gov/bds/documents/type-ii-land-use-review-procedure/download,evidence/catalog-verification.json#utility-bill-appeal
utility-bill-assistance,Utility Bill Financial Assistance,residents,rebate/benefit/exemption,Rebates/assistance,Water Bureau,Medium where official family source applies; otherwise catalog attribution only,"Income/household/account eligibility, available benefit and utility posting.",Eligibility/account -> proof of qualifying purchase/work/income -> validation -> credit/payment/exemption -> audit/recapture/renewal,Public form schema/route implemented; original pipeline fixture reaches human_review. Client upload object/string-array validation mismatch reproduced No default discipline assignment; manual triage required,partial,https://www.portlandpermits.org/apply/utility-bill-assistance,https://github.com/ekrolewicz6/portland-civic-labs/blob/23b4670d8d26b9093f6e401bb89d9d6f30d8506d/catalog/forms/residents/utility-bill-assistance.json,none,Applicant purchases/installs or provides financial evidence; program staff handle exceptions.,Unknown; no measured department use,Unknown; no measured department use,0 demonstrated authoritative completions; no City issuing adapter,0 demonstrated authoritative completions,Unknown; no matched outcome cohort,Guidance or supervised comparison only. Staff must verify rules and enter/complete official systems; real sensitive intake requires P0 fixes first.,Unknown; potential clerical benefit offset by duplicate entry,Unknown; field work and official-system work remain,0 via this app alone,0 via this app alone,Unknown; no proven critical-path reduction,Utility account/benefits integration; receipt/model validation; budget and credit ledger; recapture obligations.,M2,Unknown empirically; conditional budgets M2,Unknown empirically; conditional budgets M2,Unknown case share; see path splits and remaining limits,0 for classes requiring staff inspection/merits decision; otherwise unknown,"Administrative queues/corrections may shrink; required waits, applicant work and physical work remain; no validated percentage",Some incentives require physical work; SDC exemptions have continuing conditions; current eligibility needs a program-specific audit.,"P0 security/schema/state/payment correctness; official case/fee/document/notification adapters; durable jobs, recovery and audit; see backlog",No audited per-slug annual count; do not allocate broad official totals to this row,Family-specific models and shared volume sensitivity only; no additive per-form savings,High source wiring; medium workflow-family; low/unmeasured impact,O16;O45;O46,https://www.portland.gov/ppd/current-fee-schedules/housing-sdc-exemption;https://www.portland.gov/bes/grants-incentives/clean-river-rewards;https://www.portland.gov/bes/grants-incentives,evidence/catalog-verification.json#utility-bill-assistance
utility-locate-request,Utility Locate Request,transportation,report/field service,Reports/field service,Agency named in schema; assignment not independently confirmed,Medium where official family source applies; otherwise catalog attribution only,Locate-center/utility-owner ticket and physical markings; request is not excavation clearance.,Receive location/evidence -> triage/jurisdiction/duplicate check -> dispatch -> investigation/physical work -> verify/close and notify,Public form schema/route implemented; original pipeline fixture reaches human_review. No default discipline assignment; manual triage required,partial,https://www.portlandpermits.org/apply/utility-locate-request,https://github.com/ekrolewicz6/portland-civic-labs/blob/23b4670d8d26b9093f6e401bb89d9d6f30d8506d/catalog/forms/transportation/utility-locate-request.json,none,"Investigators, responders or maintenance crews perform and verify the work.",Unknown; no measured department use,Unknown; no measured department use,0 demonstrated authoritative completions; no City issuing adapter,0 demonstrated authoritative completions,Unknown; no matched outcome cohort,Guidance or supervised comparison only. Staff must verify rules and enter/complete official systems; real sensitive intake requires P0 fixes first.,Unknown; potential clerical benefit offset by duplicate entry,Unknown; field work and official-system work remain,0 via this app alone,0 via this app alone,Unknown; no proven critical-path reduction,"311/work-order integrations; asset and incident IDs; prioritization, duplicate matching and SLA/escalation.",unknown,Unknown empirically; conditional budgets unknown,Unknown empirically; conditional budgets unknown,Unknown case share; see path splits and remaining limits,0 for classes requiring staff inspection/merits decision; otherwise unknown,"Administrative queues/corrections may shrink; required waits, applicant work and physical work remain; no validated percentage","No outage, pothole or complaint is resolved merely because its form has been submitted.","P0 security/schema/state/payment correctness; official case/fee/document/notification adapters; durable jobs, recovery and audit; see backlog",No audited per-slug annual count; do not allocate broad official totals to this row,Family-specific models and shared volume sensitivity only; no additive per-form savings,High source wiring; medium workflow-family; low/unmeasured impact,O02,https://www.portland.gov/ppd/submit-and-pay-application-permit-type,evidence/catalog-verification.json#utility-locate-request
utility-service-transfer,Utility Service Transfer,updates,account update/registration,Account updates/registration,Water Bureau,Medium where official family source applies; otherwise catalog attribution only,"Account identity and effective date, final/initial readings and billing; physical changes if required.",Verify identity/authority -> validate requested update -> update authoritative systems -> confirmation and exceptions,Public form schema/route implemented; original pipeline fixture reaches human_review. No default discipline assignment; manual triage required,partial,https://www.portlandpermits.org/apply/utility-service-transfer,https://github.com/ekrolewicz6/portland-civic-labs/blob/23b4670d8d26b9093f6e401bb89d9d6f30d8506d/catalog/forms/updates/utility-service-transfer.json,none,Customer and owner agency; physical service transfer if needed.,Unknown; no measured department use,Unknown; no measured department use,0 demonstrated authoritative completions; no City issuing adapter,0 demonstrated authoritative completions,Unknown; no matched outcome cohort,Guidance or supervised comparison only. Staff must verify rules and enter/complete official systems; real sensitive intake requires P0 fixes first.,Unknown; potential clerical benefit offset by duplicate entry,Unknown; field work and official-system work remain,0 via this app alone,0 via this app alone,Unknown; no proven critical-path reduction,Account/identity matching; consent scope; exact agency API; audit and rollback.,unknown,Unknown empirically; conditional budgets unknown,Unknown empirically; conditional budgets unknown,Unknown case share; see path splits and remaining limits,0 for classes requiring staff inspection/merits decision; otherwise unknown,"Administrative queues/corrections may shrink; required waits, applicant work and physical work remain; no validated percentage",No single citywide address/contractor registry is proven connected; private/state registries may own the record.,"P0 security/schema/state/payment correctness; official case/fee/document/notification adapters; durable jobs, recovery and audit; see backlog",No audited per-slug annual count; do not allocate broad official totals to this row,Family-specific models and shared volume sensitivity only; no additive per-form savings,High source wiring; medium workflow-family; low/unmeasured impact,O44,https://www.portland.gov/revenue,evidence/catalog-verification.json#utility-service-transfer
w6-fee-statement,W-6 Fee Statement Request,water-sewer,information/consultation,Information/early assistance,Water Bureau,Medium where official family source applies; otherwise catalog attribution only,Water engineering/fee information; statement is not a paid meter/connection permit.,Identify property/project -> request/schedule -> data or staff advice -> response record,Public form schema/route implemented; original pipeline fixture reaches human_review. No default discipline assignment; manual triage required,partial,https://www.portlandpermits.org/apply/w6-fee-statement,https://github.com/ekrolewicz6/portland-civic-labs/blob/23b4670d8d26b9093f6e401bb89d9d6f30d8506d/catalog/forms/water-sewer/w6-fee-statement.json,none,Staff consultation or current asset/model retrieval; applicant follows advice with actual applications.,Unknown; no measured department use,Unknown; no measured department use,0 demonstrated authoritative completions; no City issuing adapter,0 demonstrated authoritative completions,Unknown; no matched outcome cohort,Guidance or supervised comparison only. Staff must verify rules and enter/complete official systems; real sensitive intake requires P0 fixes first.,Unknown; potential clerical benefit offset by duplicate entry,Unknown; field work and official-system work remain,0 via this app alone,0 via this app alone,Unknown; no proven critical-path reduction,Authoritative lookup/scheduling and response export; project link; distinguish estimates from capacity commitments.,unknown,Unknown empirically; conditional budgets unknown,Unknown empirically; conditional budgets unknown,Unknown case share; see path splits and remaining limits,0 for classes requiring staff inspection/merits decision; otherwise unknown,"Administrative queues/corrections may shrink; required waits, applicant work and physical work remain; no validated percentage","An information response or fee statement is not authorization to build, connect or operate.","P0 security/schema/state/payment correctness; official case/fee/document/notification adapters; durable jobs, recovery and audit; see backlog",No audited per-slug annual count; do not allocate broad official totals to this row,Family-specific models and shared volume sensitivity only; no additive per-form savings,High source wiring; medium workflow-family; low/unmeasured impact,O02;O35,https://www.portland.gov/ppd/submit-and-pay-application-permit-type;https://www.portland.gov/ppd/infrastructure/sewer-stormwater-permit-requirements,evidence/catalog-verification.json#w6-fee-statement
waste-hauler-license,Waste Hauler / Recycler License,licenses,permit/license or conditional exemption,Business/regulatory licenses,BPS,Medium where official family source applies; otherwise catalog attribution only,"Jurisdiction, franchise/collection authority, equipment and reporting/renewal requirements.",Identify licensing authority and scope -> identity/site/credential/background or safety checks -> external recommendations -> fee/license -> renewals/enforcement,Public form schema/route implemented; original pipeline fixture reaches human_review. Client upload object/string-array validation mismatch reproduced No default discipline assignment; manual triage required,partial,https://www.portlandpermits.org/apply/waste-hauler-license,https://github.com/ekrolewicz6/portland-civic-labs/blob/23b4670d8d26b9093f6e401bb89d9d6f30d8506d/catalog/forms/licenses/waste-hauler-license.json,none,Regulator and external agencies determine eligibility; inspections/hearings depend on license.,Unknown; no measured department use,Unknown; no measured department use,0 demonstrated authoritative completions; no City issuing adapter,0 demonstrated authoritative completions,Unknown; no matched outcome cohort,Guidance or supervised comparison only. Staff must verify rules and enter/complete official systems; real sensitive intake requires P0 fixes first.,Unknown; potential clerical benefit offset by duplicate entry,Unknown; field work and official-system work remain,0 via this app alone,0 via this app alone,Unknown; no proven critical-path reduction,Per-license rule packs; license/background registries; renewal events and agency handoffs.,unknown,Unknown empirically; conditional budgets unknown,Unknown empirically; conditional budgets unknown,Unknown case share; see path splits and remaining limits,0 for classes requiring staff inspection/merits decision; otherwise unknown,"Administrative queues/corrections may shrink; required waits, applicant work and physical work remain; no validated percentage","Catalog labels are not evidence of City authority; OLCC, county and state permissions remain separate.","P0 security/schema/state/payment correctness; official case/fee/document/notification adapters; durable jobs, recovery and audit; see backlog",No audited per-slug annual count; do not allocate broad official totals to this row,Family-specific models and shared volume sensitivity only; no additive per-form savings,High source wiring; medium workflow-family; low/unmeasured impact,O40;O42;O43,https://multco.us/services/food-cart-license;https://www.portland.gov/ppd/cannabis;https://www.oregon.gov/olcc/marijuana/Pages/default.aspx,evidence/catalog-verification.json#waste-hauler-license
water-pressure-report,Water Pressure Concern,reports,report/field service,Reports/field service,Water Bureau,Medium where official family source applies; otherwise catalog attribution only,Service/asset investigation and field measurement/repair.,Receive location/evidence -> triage/jurisdiction/duplicate check -> dispatch -> investigation/physical work -> verify/close and notify,Public form schema/route implemented; original pipeline fixture reaches human_review. No default discipline assignment; manual triage required,partial,https://www.portlandpermits.org/apply/water-pressure-report,https://github.com/ekrolewicz6/portland-civic-labs/blob/23b4670d8d26b9093f6e401bb89d9d6f30d8506d/catalog/forms/reports/water-pressure-report.json,none,"Investigators, responders or maintenance crews perform and verify the work.",Unknown; no measured department use,Unknown; no measured department use,0 demonstrated authoritative completions; no City issuing adapter,0 demonstrated authoritative completions,Unknown; no matched outcome cohort,Guidance or supervised comparison only. Staff must verify rules and enter/complete official systems; real sensitive intake requires P0 fixes first.,Unknown; potential clerical benefit offset by duplicate entry,Unknown; field work and official-system work remain,0 via this app alone,0 via this app alone,Unknown; no proven critical-path reduction,"311/work-order integrations; asset and incident IDs; prioritization, duplicate matching and SLA/escalation.",unknown,Unknown empirically; conditional budgets unknown,Unknown empirically; conditional budgets unknown,Unknown case share; see path splits and remaining limits,0 for classes requiring staff inspection/merits decision; otherwise unknown,"Administrative queues/corrections may shrink; required waits, applicant work and physical work remain; no validated percentage","No outage, pothole or complaint is resolved merely because its form has been submitted.","P0 security/schema/state/payment correctness; official case/fee/document/notification adapters; durable jobs, recovery and audit; see backlog",No audited per-slug annual count; do not allocate broad official totals to this row,Family-specific models and shared volume sensitivity only; no additive per-form savings,High source wiring; medium workflow-family; low/unmeasured impact,O02,https://www.portland.gov/ppd/submit-and-pay-application-permit-type,evidence/catalog-verification.json#water-pressure-report
water-quality-report,Water Quality Concern,reports,report/field service,Reports/field service,Water Bureau,Medium where official family source applies; otherwise catalog attribution only,"Water Bureau response, sampling/lab work and confirmed resolution.",Receive location/evidence -> triage/jurisdiction/duplicate check -> dispatch -> investigation/physical work -> verify/close and notify,Public form schema/route implemented; original pipeline fixture reaches human_review. Client upload object/string-array validation mismatch reproduced No default discipline assignment; manual triage required,partial,https://www.portlandpermits.org/apply/water-quality-report,https://github.com/ekrolewicz6/portland-civic-labs/blob/23b4670d8d26b9093f6e401bb89d9d6f30d8506d/catalog/forms/reports/water-quality-report.json,none,"Investigators, responders or maintenance crews perform and verify the work.",Unknown; no measured department use,Unknown; no measured department use,0 demonstrated authoritative completions; no City issuing adapter,0 demonstrated authoritative completions,Unknown; no matched outcome cohort,Guidance or supervised comparison only. Staff must verify rules and enter/complete official systems; real sensitive intake requires P0 fixes first.,Unknown; potential clerical benefit offset by duplicate entry,Unknown; field work and official-system work remain,0 via this app alone,0 via this app alone,Unknown; no proven critical-path reduction,"311/work-order integrations; asset and incident IDs; prioritization, duplicate matching and SLA/escalation.",unknown,Unknown empirically; conditional budgets unknown,Unknown empirically; conditional budgets unknown,Unknown case share; see path splits and remaining limits,0 for classes requiring staff inspection/merits decision; otherwise unknown,"Administrative queues/corrections may shrink; required waits, applicant work and physical work remain; no validated percentage","No outage, pothole or complaint is resolved merely because its form has been submitted.","P0 security/schema/state/payment correctness; official case/fee/document/notification adapters; durable jobs, recovery and audit; see backlog",No audited per-slug annual count; do not allocate broad official totals to this row,Family-specific models and shared volume sensitivity only; no additive per-form savings,High source wiring; medium workflow-family; low/unmeasured impact,O02,https://www.portland.gov/ppd/submit-and-pay-application-permit-type,evidence/catalog-verification.json#water-quality-report
watershed-grant,Community Watershed Stewardship Grant,grants,funding application,Grants,BES,Medium where official family source applies; otherwise catalog attribution only,"Project eligibility and funding selection; recipient work, monitoring and closeout.",Program intake window -> eligibility -> merits/scoring/budget selection -> award agreement -> disbursement -> evidence/reporting/closeout,Public form schema/route implemented; original pipeline fixture reaches human_review. Client upload object/string-array validation mismatch reproduced No default discipline assignment; manual triage required,partial,https://www.portlandpermits.org/apply/watershed-grant,https://github.com/ekrolewicz6/portland-civic-labs/blob/23b4670d8d26b9093f6e401bb89d9d6f30d8506d/catalog/forms/grants/watershed-grant.json,none,"Program panel and funder decisions; recipient work, inspections/audit as required.",Unknown; no measured department use,Unknown; no measured department use,0 demonstrated authoritative completions; no City issuing adapter,0 demonstrated authoritative completions,Unknown; no matched outcome cohort,Guidance or supervised comparison only. Staff must verify rules and enter/complete official systems; real sensitive intake requires P0 fixes first.,Unknown; potential clerical benefit offset by duplicate entry,Unknown; field work and official-system work remain,0 via this app alone,0 via this app alone,Unknown; no proven critical-path reduction,"Program-specific application/scoring support, budget encumbrance, agreements, reporting and finance adapter.",unknown,Unknown empirically; conditional budgets unknown,Unknown empirically; conditional budgets unknown,Unknown case share; see path splits and remaining limits,0 for classes requiring staff inspection/merits decision; otherwise unknown,"Administrative queues/corrections may shrink; required waits, applicant work and physical work remain; no validated percentage",Funding availability and selection are not code-compliance permit decisions; current program intake status unverified.,"P0 security/schema/state/payment correctness; official case/fee/document/notification adapters; durable jobs, recovery and audit; see backlog",No audited per-slug annual count; do not allocate broad official totals to this row,Family-specific models and shared volume sensitivity only; no additive per-form savings,High source wiring; medium workflow-family; low/unmeasured impact,O46,https://www.portland.gov/bes/grants-incentives,evidence/catalog-verification.json#watershed-grant
wedding-reservation,Wedding / Ceremony Reservation,parks-recreation,reservation/use permission,Parks reservations/events,Portland Parks & Recreation,Medium where official family source applies; otherwise catalog attribution only,"Venue/date, guest capacity, agreement and any event conditions.",Inventory/date selection -> eligibility/conflict/access/safety review -> agreement/deposit/payment -> confirmed booking -> event/use -> damage/deposit closeout,Public form schema/route implemented; original pipeline fixture reaches exception. Legacy conditional-schema exception reproduced; not proof first UI page cannot render No default discipline assignment; manual triage required,partial / exception in isolated validation,https://www.portlandpermits.org/apply/wedding-reservation,https://github.com/ekrolewicz6/portland-civic-labs/blob/23b4670d8d26b9093f6e401bb89d9d6f30d8506d/catalog/forms/parks-recreation/wedding-reservation.json,none,Parks staff resolve special uses; users conduct events; maintenance/site checks remain.,Unknown; no measured department use,Unknown; no measured department use,0 demonstrated authoritative completions; no City issuing adapter,0 demonstrated authoritative completions,Unknown; no matched outcome cohort,Guidance or supervised comparison only. Staff must verify rules and enter/complete official systems; real sensitive intake requires P0 fixes first.,Unknown; potential clerical benefit offset by duplicate entry,Unknown; field work and official-system work remain,0 via this app alone,0 via this app alone,Unknown; no proven critical-path reduction,Real inventory with atomic reservations; pricing/deposits/refunds; event checklists and asset work orders.,M2;M3,Unknown empirically; conditional budgets M2;M3,Unknown empirically; conditional budgets M2;M3,Unknown case share; see path splits and remaining limits,0 for classes requiring staff inspection/merits decision; otherwise unknown,"Administrative queues/corrections may shrink; required waits, applicant work and physical work remain; no validated percentage",A generic form without a reservation backend does not reserve a venue; eight schemas have incompatible condition shapes.,"P0 security/schema/state/payment correctness; official case/fee/document/notification adapters; durable jobs, recovery and audit; see backlog",No audited per-slug annual count; do not allocate broad official totals to this row,Family-specific models and shared volume sensitivity only; no additive per-form savings,High source wiring; medium workflow-family; low/unmeasured impact,O28,https://www.portland.gov/fire/permits-inspections/public-assembly-permit-requirements,evidence/catalog-verification.json#wedding-reservation
welding-hot-work-permit,Welding / Hot Work Permit,permits,permit/license or conditional exemption,Fire operations,Portland Fire & Rescue,Medium where official family source applies; otherwise catalog attribution only,"Site combustibles, fire watch, operator/equipment and actual safe work/inspection.",Activity/hazard classification -> layout/equipment/safety plan -> fire review and required site inspection -> fee/permission -> monitored event/operation -> renewal or closeout,Public form schema/route implemented; original pipeline fixture reaches human_review. No default discipline assignment; manual triage required,partial,https://www.portlandpermits.org/apply/welding-hot-work-permit,https://github.com/ekrolewicz6/portland-civic-labs/blob/23b4670d8d26b9093f6e401bb89d9d6f30d8506d/catalog/forms/permits/welding-hot-work-permit.json,none,"Fire officer judgment, safe operation, trained personnel and site checks remain.",Unknown; no measured department use,Unknown; no measured department use,0 demonstrated authoritative completions; no City issuing adapter,0 demonstrated authoritative completions,Unknown; no matched outcome cohort,Guidance or supervised comparison only. Staff must verify rules and enter/complete official systems; real sensitive intake requires P0 fixes first.,Unknown; potential clerical benefit offset by duplicate entry,Unknown; field work and official-system work remain,0 via this app alone,0 via this app alone,Unknown; no proven critical-path reduction,"Hazard-specific checklists, capacity and separation rules, credential validation, inspection calendar, event/renewal records.",M3,Unknown empirically; conditional budgets M3,Unknown empirically; conditional budgets M3,Unknown case share; see path splits and remaining limits,0 for classes requiring staff inspection/merits decision; otherwise unknown,"Administrative queues/corrections may shrink; required waits, applicant work and physical work remain; no validated percentage","One general fire form is not a universal approval criterion for propane, hot work, lasers or pyrotechnics.","P0 security/schema/state/payment correctness; official case/fee/document/notification adapters; durable jobs, recovery and audit; see backlog",No audited per-slug annual count; do not allocate broad official totals to this row,Family-specific models and shared volume sensitivity only; no additive per-form savings,High source wiring; medium workflow-family; low/unmeasured impact,O28;O29,https://www.portland.gov/fire/permits-inspections/public-assembly-permit-requirements;https://www.portland.gov/fire/permits-inspections/documents/30008an-annual-permit-public-special-events-0/download,evidence/catalog-verification.json#welding-hot-work-permit
yard-tree-planting,Yard Tree Planting (Treebate),residents,rebate/benefit/exemption,Rebates/assistance,Urban Forestry,Medium where official family source applies; otherwise catalog attribution only,Catalog calls this Treebate; overlap with treebate and distinguish reimbursement from City planting service.,Eligibility/account -> proof of qualifying purchase/work/income -> validation -> credit/payment/exemption -> audit/recapture/renewal,Public form schema/route implemented; original pipeline fixture reaches human_review. Client upload object/string-array validation mismatch reproduced No default discipline assignment; manual triage required,partial,https://www.portlandpermits.org/apply/yard-tree-planting,https://github.com/ekrolewicz6/portland-civic-labs/blob/23b4670d8d26b9093f6e401bb89d9d6f30d8506d/catalog/forms/residents/yard-tree-planting.json,none,Applicant purchases/installs or provides financial evidence; program staff handle exceptions.,Unknown; no measured department use,Unknown; no measured department use,0 demonstrated authoritative completions; no City issuing adapter,0 demonstrated authoritative completions,Unknown; no matched outcome cohort,Guidance or supervised comparison only. Staff must verify rules and enter/complete official systems; real sensitive intake requires P0 fixes first.,Unknown; potential clerical benefit offset by duplicate entry,Unknown; field work and official-system work remain,0 via this app alone,0 via this app alone,Unknown; no proven critical-path reduction,Utility account/benefits integration; receipt/model validation; budget and credit ledger; recapture obligations.,M2,Unknown empirically; conditional budgets M2,Unknown empirically; conditional budgets M2,Unknown case share; see path splits and remaining limits,0 for classes requiring staff inspection/merits decision; otherwise unknown,"Administrative queues/corrections may shrink; required waits, applicant work and physical work remain; no validated percentage",Some incentives require physical work; SDC exemptions have continuing conditions; current eligibility needs a program-specific audit.,"P0 security/schema/state/payment correctness; official case/fee/document/notification adapters; durable jobs, recovery and audit; see backlog",No audited per-slug annual count; do not allocate broad official totals to this row,Family-specific models and shared volume sensitivity only; no additive per-form savings,High source wiring; medium workflow-family; low/unmeasured impact,O16;O45;O46,https://www.portland.gov/ppd/current-fee-schedules/housing-sdc-exemption;https://www.portland.gov/bes/grants-incentives/clean-river-rewards;https://www.portland.gov/bes/grants-incentives,evidence/catalog-verification.json#yard-tree-planting
