committee_id,candidate,week_start,week_end,cash_cents,public_cents,nonmatching_cents,individual_itemized_cents,unidentified_cents,cumulative_cash_cents,cumulative_public_cents,cumulative_nonmatching_cents,cumulative_individual_itemized_cents,cumulative_unidentified_cents
23208,Tiffany Koyama Lane,2024-12-30,2025-01-05,9600,0,9600,0,9600,9600,0,9600,0,9600
23208,Tiffany Koyama Lane,2025-01-06,2025-01-12,6500,0,6500,0,6500,16100,0,16100,0,16100
23208,Tiffany Koyama Lane,2025-01-13,2025-01-19,600,0,600,0,600,16700,0,16700,0,16700
23208,Tiffany Koyama Lane,2025-01-20,2025-01-26,5150,0,5150,0,5150,21850,0,21850,0,21850
23208,Tiffany Koyama Lane,2025-01-27,2025-02-02,500,0,500,0,500,22350,0,22350,0,22350
23208,Tiffany Koyama Lane,2025-02-03,2025-02-09,6369,0,6369,0,6369,28719,0,28719,0,28719
23208,Tiffany Koyama Lane,2025-02-10,2025-02-16,2793,0,2793,0,2793,31512,0,31512,0,31512
23208,Tiffany Koyama Lane,2025-02-17,2025-02-23,2500,0,2500,0,2500,34012,0,34012,0,34012
23208,Tiffany Koyama Lane,2025-02-24,2025-03-02,1500,0,1500,0,1500,35512,0,35512,0,35512
23208,Tiffany Koyama Lane,2025-03-03,2025-03-09,4885,0,4885,0,4885,40397,0,40397,0,40397
23208,Tiffany Koyama Lane,2025-03-10,2025-03-16,2793,0,2793,0,2793,43190,0,43190,0,43190
23208,Tiffany Koyama Lane,2025-03-17,2025-03-23,2500,0,2500,0,2500,45690,0,45690,0,45690
23208,Tiffany Koyama Lane,2025-03-24,2025-03-30,1000,0,1000,0,1000,46690,0,46690,0,46690
23208,Tiffany Koyama Lane,2025-03-31,2025-04-06,2500,0,2500,0,2500,49190,0,49190,0,49190
23208,Tiffany Koyama Lane,2025-04-07,2025-04-13,2000,0,2000,0,2000,51190,0,51190,0,51190
23208,Tiffany Koyama Lane,2025-04-14,2025-04-20,2500,0,2500,0,2500,53690,0,53690,0,53690
23208,Tiffany Koyama Lane,2025-04-21,2025-04-27,1000,0,1000,0,1000,54690,0,54690,0,54690
23208,Tiffany Koyama Lane,2025-04-28,2025-05-04,0,0,0,0,0,54690,0,54690,0,54690
23208,Tiffany Koyama Lane,2025-05-05,2025-05-11,2000,0,2000,0,2000,56690,0,56690,0,56690
23208,Tiffany Koyama Lane,2025-05-12,2025-05-18,170000,0,170000,170000,0,226690,0,226690,170000,56690
23208,Tiffany Koyama Lane,2025-05-19,2025-05-25,0,0,0,0,0,226690,0,226690,170000,56690
23208,Tiffany Koyama Lane,2025-05-26,2025-06-01,0,0,0,0,0,226690,0,226690,170000,56690
23208,Tiffany Koyama Lane,2025-06-02,2025-06-08,2000,0,2000,2000,0,228690,0,228690,172000,56690
23208,Tiffany Koyama Lane,2025-06-09,2025-06-15,0,0,0,0,0,228690,0,228690,172000,56690
23208,Tiffany Koyama Lane,2025-06-16,2025-06-22,0,0,0,0,0,228690,0,228690,172000,56690
23208,Tiffany Koyama Lane,2025-06-23,2025-06-29,0,0,0,0,0,228690,0,228690,172000,56690
23208,Tiffany Koyama Lane,2025-06-30,2025-07-06,2000,0,2000,0,2000,230690,0,230690,172000,58690
23208,Tiffany Koyama Lane,2025-07-07,2025-07-13,0,0,0,0,0,230690,0,230690,172000,58690
23208,Tiffany Koyama Lane,2025-07-14,2025-07-20,0,0,0,0,0,230690,0,230690,172000,58690
23208,Tiffany Koyama Lane,2025-07-21,2025-07-27,35000,0,35000,35000,0,265690,0,265690,207000,58690
23208,Tiffany Koyama Lane,2025-07-28,2025-08-03,0,0,0,0,0,265690,0,265690,207000,58690
23208,Tiffany Koyama Lane,2025-08-04,2025-08-10,2000,0,2000,0,2000,267690,0,267690,207000,60690
23208,Tiffany Koyama Lane,2025-08-11,2025-08-17,0,0,0,0,0,267690,0,267690,207000,60690
23208,Tiffany Koyama Lane,2025-08-18,2025-08-24,35000,0,35000,35000,0,302690,0,302690,242000,60690
23208,Tiffany Koyama Lane,2025-08-25,2025-08-31,1000,0,1000,0,1000,303690,0,303690,242000,61690
23208,Tiffany Koyama Lane,2025-09-01,2025-09-07,2000,0,2000,0,2000,305690,0,305690,242000,63690
23208,Tiffany Koyama Lane,2025-09-08,2025-09-14,478500,0,478500,100000,378500,784190,0,784190,342000,442190
23208,Tiffany Koyama Lane,2025-09-15,2025-09-21,77500,0,77500,5000,72500,861690,0,861690,347000,514690
23208,Tiffany Koyama Lane,2025-09-22,2025-09-28,48700,0,48700,15000,33700,910390,0,910390,362000,548390
23208,Tiffany Koyama Lane,2025-09-29,2025-10-05,119000,0,119000,70000,49000,1029390,0,1029390,432000,597390
23208,Tiffany Koyama Lane,2025-10-06,2025-10-12,72000,0,72000,35000,37000,1101390,0,1101390,467000,634390
23208,Tiffany Koyama Lane,2025-10-13,2025-10-19,2500,0,2500,0,2500,1103890,0,1103890,467000,636890
23208,Tiffany Koyama Lane,2025-10-20,2025-10-26,72500,0,72500,35000,37500,1176390,0,1176390,502000,674390
23208,Tiffany Koyama Lane,2025-10-27,2025-11-02,135226,0,135226,0,135226,1311616,0,1311616,502000,809616
23208,Tiffany Koyama Lane,2025-11-03,2025-11-09,102500,0,102500,0,102500,1414116,0,1414116,502000,912116
23208,Tiffany Koyama Lane,2025-11-10,2025-11-16,130000,0,130000,25000,105000,1544116,0,1544116,527000,1017116
23208,Tiffany Koyama Lane,2025-11-17,2025-11-23,222400,0,222400,135100,87300,1766516,0,1766516,662100,1104416
23208,Tiffany Koyama Lane,2025-11-24,2025-11-30,30226,0,30226,0,30226,1796742,0,1796742,662100,1134642
23208,Tiffany Koyama Lane,2025-12-01,2025-12-07,23500,0,23500,2000,21500,1820242,0,1820242,664100,1156142
23208,Tiffany Koyama Lane,2025-12-08,2025-12-14,131500,0,131500,10000,34000,1951742,0,1951742,674100,1190142
23208,Tiffany Koyama Lane,2025-12-15,2025-12-21,34000,0,34000,0,34000,1985742,0,1985742,674100,1224142
23208,Tiffany Koyama Lane,2025-12-22,2025-12-28,88700,0,88700,72700,16000,2074442,0,2074442,746800,1240142
23208,Tiffany Koyama Lane,2025-12-29,2026-01-04,151226,0,151226,95000,56226,2225668,0,2225668,841800,1296368
23208,Tiffany Koyama Lane,2026-01-05,2026-01-11,35000,0,35000,0,35000,2260668,0,2260668,841800,1331368
23208,Tiffany Koyama Lane,2026-01-12,2026-01-18,5094500,5000000,94500,55000,39500,7355168,5000000,2355168,896800,1370868
23208,Tiffany Koyama Lane,2026-01-19,2026-01-25,57000,0,57000,15000,42000,7412168,5000000,2412168,911800,1412868
23208,Tiffany Koyama Lane,2026-01-26,2026-02-01,40726,0,40726,0,40726,7452894,5000000,2452894,911800,1453594
23208,Tiffany Koyama Lane,2026-02-02,2026-02-08,107268,0,107268,40100,67168,7560162,5000000,2560162,951900,1520762
23208,Tiffany Koyama Lane,2026-02-09,2026-02-15,50667,0,50667,20000,30667,7610829,5000000,2610829,971900,1551429
23208,Tiffany Koyama Lane,2026-02-16,2026-02-22,32500,0,32500,0,32500,7643329,5000000,2643329,971900,1583929
23208,Tiffany Koyama Lane,2026-02-23,2026-03-01,52726,0,52726,0,52726,7696055,5000000,2696055,971900,1636655
23208,Tiffany Koyama Lane,2026-03-02,2026-03-08,78500,0,78500,40000,38500,7774555,5000000,2774555,1011900,1675155
23208,Tiffany Koyama Lane,2026-03-09,2026-03-15,124534,0,124534,0,124534,7899089,5000000,2899089,1011900,1799689
23208,Tiffany Koyama Lane,2026-03-16,2026-03-22,30000,0,30000,0,30000,7929089,5000000,2929089,1011900,1829689
23208,Tiffany Koyama Lane,2026-03-23,2026-03-29,88226,0,88226,15000,73226,8017315,5000000,3017315,1026900,1902915
23208,Tiffany Koyama Lane,2026-03-30,2026-04-05,67234,0,67234,29900,37334,8084549,5000000,3084549,1056800,1940249
23208,Tiffany Koyama Lane,2026-04-06,2026-04-12,292100,0,292100,82500,174600,8376649,5000000,3376649,1139300,2114849
23208,Tiffany Koyama Lane,2026-04-13,2026-04-19,158501,0,158501,70000,88501,8535150,5000000,3535150,1209300,2203350
23208,Tiffany Koyama Lane,2026-04-20,2026-04-26,153951,0,153951,37250,116701,8689101,5000000,3689101,1246550,2320051
23208,Tiffany Koyama Lane,2026-04-27,2026-05-03,298860,0,298860,120500,153360,8987961,5000000,3987961,1367050,2473411
23208,Tiffany Koyama Lane,2026-05-04,2026-05-10,101167,0,101167,14167,87000,9089128,5000000,4089128,1381217,2560411
23208,Tiffany Koyama Lane,2026-05-11,2026-05-17,167268,0,167268,28500,138768,9256396,5000000,4256396,1409717,2699179
23208,Tiffany Koyama Lane,2026-05-18,2026-05-24,157168,0,157168,79167,78001,9413564,5000000,4413564,1488884,2777180
23208,Tiffany Koyama Lane,2026-05-25,2026-05-31,5423960,5000000,423960,283726,140234,14837524,10000000,4837524,1772610,2917414
23208,Tiffany Koyama Lane,2026-06-01,2026-06-07,139167,0,139167,23166,116001,14976691,10000000,4976691,1795776,3033415
23208,Tiffany Koyama Lane,2026-06-08,2026-06-14,67501,0,67501,39500,28001,15044192,10000000,5044192,1835276,3061416
23208,Tiffany Koyama Lane,2026-06-15,2026-06-21,83900,0,83900,33300,50600,15128092,10000000,5128092,1868576,3112016
23208,Tiffany Koyama Lane,2026-06-22,2026-06-28,174934,0,174934,89700,85234,15303026,10000000,5303026,1958276,3197250
23208,Tiffany Koyama Lane,2026-06-29,2026-07-05,7238694,7093600,145094,42026,103068,22541720,17093600,5448120,2000302,3300318
23208,Tiffany Koyama Lane,2026-07-06,2026-07-12,72333,0,72333,25166,47167,22614053,17093600,5520453,2025468,3347485
23208,Tiffany Koyama Lane,2026-07-13,2026-07-19,112734,0,112734,38400,74334,22726787,17093600,5633187,2063868,3421819
23208,Tiffany Koyama Lane,2026-07-20,2026-07-26,1354700,1266600,88100,30000,58100,24081487,18360200,5721287,2093868,3479919
23208,Tiffany Koyama Lane,2026-07-27,2026-08-02,406362,0,406362,155127,251235,24487849,18360200,6127649,2248995,3731154
23208,Tiffany Koyama Lane,2026-08-03,2026-08-09,678832,465300,213532,44666,168866,25166681,18825500,6341181,2293661,3900020
23208,Tiffany Koyama Lane,2026-08-10,2026-08-16,120800,0,120800,51800,69000,25287481,18825500,6461981,2345461,3969020
23208,Tiffany Koyama Lane,2026-08-17,2026-08-23,1432735,1174500,258235,80900,167335,26720216,20000000,6720216,2426361,4136355
23208,Tiffany Koyama Lane,2026-08-24,2026-08-30,489694,0,489694,268526,221168,27209910,20000000,7209910,2694887,4357523
23208,Tiffany Koyama Lane,2026-08-31,2026-09-06,124166,0,124166,33000,91166,27334076,20000000,7334076,2727887,4448689
23208,Tiffany Koyama Lane,2026-09-07,2026-09-13,175066,0,175066,49366,125700,27509142,20000000,7509142,2777253,4574389
23208,Tiffany Koyama Lane,2026-09-14,2026-09-20,229780,0,229780,37112,192668,27738922,20000000,7738922,2814365,4767057
23208,Tiffany Koyama Lane,2026-09-21,2026-09-27,42000,0,42000,0,42000,27780922,20000000,7780922,2814365,4809057
23028,Angelita Morillo,2024-12-30,2025-01-05,6200,0,6200,0,6200,6200,0,6200,0,6200
23028,Angelita Morillo,2025-01-06,2025-01-12,1000,0,1000,0,1000,7200,0,7200,0,7200
23028,Angelita Morillo,2025-01-13,2025-01-19,3000,0,3000,0,3000,10200,0,10200,0,10200
23028,Angelita Morillo,2025-01-20,2025-01-26,3500,0,3500,0,3500,13700,0,13700,0,13700
23028,Angelita Morillo,2025-01-27,2025-02-02,3700,0,3700,0,3700,17400,0,17400,0,17400
23028,Angelita Morillo,2025-02-03,2025-02-09,2769,0,2769,0,2769,20169,0,20169,0,20169
23028,Angelita Morillo,2025-02-10,2025-02-16,3192,0,3192,0,3192,23361,0,23361,0,23361
23028,Angelita Morillo,2025-02-17,2025-02-23,3500,0,3500,0,3500,26861,0,26861,0,26861
23028,Angelita Morillo,2025-02-24,2025-03-02,2200,0,2200,0,2200,29061,0,29061,0,29061
23028,Angelita Morillo,2025-03-03,2025-03-09,2385,0,2385,0,2385,31446,0,31446,0,31446
23028,Angelita Morillo,2025-03-10,2025-03-16,3192,0,3192,0,3192,34638,0,34638,0,34638
23028,Angelita Morillo,2025-03-17,2025-03-23,2500,0,2500,0,2500,37138,0,37138,0,37138
23028,Angelita Morillo,2025-03-24,2025-03-30,500,0,500,0,500,37638,0,37638,0,37638
23028,Angelita Morillo,2025-03-31,2025-04-06,2700,0,2700,0,2700,40338,0,40338,0,40338
23028,Angelita Morillo,2025-04-07,2025-04-13,500,0,500,0,500,40838,0,40838,0,40838
23028,Angelita Morillo,2025-04-14,2025-04-20,2500,0,2500,0,2500,43338,0,43338,0,43338
23028,Angelita Morillo,2025-04-21,2025-04-27,2500,0,2500,0,2500,45838,0,45838,0,45838
23028,Angelita Morillo,2025-04-28,2025-05-04,1200,0,1200,0,1200,47038,0,47038,0,47038
23028,Angelita Morillo,2025-05-05,2025-05-11,2000,0,2000,0,2000,49038,0,49038,0,49038
23028,Angelita Morillo,2025-05-12,2025-05-18,500,0,500,0,500,49538,0,49538,0,49538
23028,Angelita Morillo,2025-05-19,2025-05-25,2500,0,2500,2500,0,52038,0,52038,2500,49538
23028,Angelita Morillo,2025-05-26,2025-06-01,500,0,500,0,500,52538,0,52538,2500,50038
23028,Angelita Morillo,2025-06-02,2025-06-08,2700,0,2700,0,2700,55238,0,55238,2500,52738
23028,Angelita Morillo,2025-06-09,2025-06-15,500,0,500,0,500,55738,0,55738,2500,53238
23028,Angelita Morillo,2025-06-16,2025-06-22,2500,0,2500,2500,0,58238,0,58238,5000,53238
23028,Angelita Morillo,2025-06-23,2025-06-29,500,0,500,0,500,58738,0,58738,5000,53738
23028,Angelita Morillo,2025-06-30,2025-07-06,2000,0,2000,0,2000,60738,0,60738,5000,55738
23028,Angelita Morillo,2025-07-07,2025-07-13,500,0,500,0,500,61238,0,61238,5000,56238
23028,Angelita Morillo,2025-07-14,2025-07-20,0,0,0,0,0,61238,0,61238,5000,56238
23028,Angelita Morillo,2025-07-21,2025-07-27,37500,0,37500,37500,0,98738,0,98738,42500,56238
23028,Angelita Morillo,2025-07-28,2025-08-03,500,0,500,0,500,99238,0,99238,42500,56738
23028,Angelita Morillo,2025-08-04,2025-08-10,1000,0,1000,0,1000,100238,0,100238,42500,57738
23028,Angelita Morillo,2025-08-11,2025-08-17,500,0,500,0,500,100738,0,100738,42500,58238
23028,Angelita Morillo,2025-08-18,2025-08-24,37500,0,37500,37500,0,138238,0,138238,80000,58238
23028,Angelita Morillo,2025-08-25,2025-08-31,1000,0,1000,0,1000,139238,0,139238,80000,59238
23028,Angelita Morillo,2025-09-01,2025-09-07,1000,0,1000,0,1000,140238,0,140238,80000,60238
23028,Angelita Morillo,2025-09-08,2025-09-14,500,0,500,0,500,140738,0,140738,80000,60738
23028,Angelita Morillo,2025-09-15,2025-09-21,0,0,0,0,0,140738,0,140738,80000,60738
23028,Angelita Morillo,2025-09-22,2025-09-28,0,0,0,0,0,140738,0,140738,80000,60738
23028,Angelita Morillo,2025-09-29,2025-10-05,1500,0,1500,0,1500,142238,0,142238,80000,62238
23028,Angelita Morillo,2025-10-06,2025-10-12,5100,0,5100,0,5100,147338,0,147338,80000,67338
23028,Angelita Morillo,2025-10-13,2025-10-19,10000,0,10000,0,10000,157338,0,157338,80000,77338
23028,Angelita Morillo,2025-10-20,2025-10-26,35000,0,35000,35000,0,192338,0,192338,115000,77338
23028,Angelita Morillo,2025-10-27,2025-11-02,3000,0,3000,0,3000,195338,0,195338,115000,80338
23028,Angelita Morillo,2025-11-03,2025-11-09,3600,0,3600,1000,2600,198938,0,198938,116000,82938
23028,Angelita Morillo,2025-11-10,2025-11-16,12000,0,12000,0,12000,210938,0,210938,116000,94938
23028,Angelita Morillo,2025-11-17,2025-11-23,112600,0,112600,105100,7500,323538,0,323538,221100,102438
23028,Angelita Morillo,2025-11-24,2025-11-30,19500,0,19500,15000,4500,343038,0,343038,236100,106938
23028,Angelita Morillo,2025-12-01,2025-12-07,1100,0,1100,1000,100,344138,0,344138,237100,107038
23028,Angelita Morillo,2025-12-08,2025-12-14,157100,0,157100,125100,32000,501238,0,501238,362200,139038
23028,Angelita Morillo,2025-12-15,2025-12-21,27500,0,27500,20000,7500,528738,0,528738,382200,146538
23028,Angelita Morillo,2025-12-22,2025-12-28,149000,0,149000,20000,41500,677738,0,677738,402200,188038
23028,Angelita Morillo,2025-12-29,2026-01-04,228545,0,228545,140000,88545,906283,0,906283,542200,276583
23028,Angelita Morillo,2026-01-05,2026-01-11,193100,0,193100,90000,103100,1099383,0,1099383,632200,379683
23028,Angelita Morillo,2026-01-12,2026-01-18,155500,0,155500,45000,60500,1254883,0,1254883,677200,440183
23028,Angelita Morillo,2026-01-19,2026-01-25,10500,0,10500,0,10500,1265383,0,1265383,677200,450683
23028,Angelita Morillo,2026-01-26,2026-02-01,32333,0,32333,0,32333,1297716,0,1297716,677200,483016
23028,Angelita Morillo,2026-02-02,2026-02-08,56133,0,56133,5000,51133,1353849,0,1353849,682200,534149
23028,Angelita Morillo,2026-02-09,2026-02-15,29500,0,29500,20000,9500,1383349,0,1383349,702200,543649
23028,Angelita Morillo,2026-02-16,2026-02-22,41000,0,41000,20000,21000,1424349,0,1424349,722200,564649
23028,Angelita Morillo,2026-02-23,2026-03-01,13500,0,13500,0,13500,1437849,0,1437849,722200,578149
23028,Angelita Morillo,2026-03-02,2026-03-08,109299,0,109299,65000,44299,1547148,0,1547148,787200,622448
23028,Angelita Morillo,2026-03-09,2026-03-15,115332,0,115332,35000,80332,1662480,0,1662480,822200,702780
23028,Angelita Morillo,2026-03-16,2026-03-22,25700,0,25700,0,25700,1688180,0,1688180,822200,728480
23028,Angelita Morillo,2026-03-23,2026-03-29,279100,0,279100,57500,221600,1967280,0,1967280,879700,950080
23028,Angelita Morillo,2026-03-30,2026-04-05,269433,0,269433,104900,164533,2236713,0,2236713,984600,1114613
23028,Angelita Morillo,2026-04-06,2026-04-12,140499,0,140499,35000,105499,2377212,0,2377212,1019600,1220112
23028,Angelita Morillo,2026-04-13,2026-04-19,78499,0,78499,25000,53499,2455711,0,2455711,1044600,1273611
23028,Angelita Morillo,2026-04-20,2026-04-26,98799,0,98799,48800,49999,2554510,0,2554510,1093400,1323610
23028,Angelita Morillo,2026-04-27,2026-05-03,166333,0,166333,80000,61333,2720843,0,2720843,1173400,1384943
23028,Angelita Morillo,2026-05-04,2026-05-10,77365,0,77365,11666,65699,2798208,0,2798208,1185066,1450642
23028,Angelita Morillo,2026-05-11,2026-05-17,132865,0,132865,12500,120365,2931073,0,2931073,1197566,1571007
23028,Angelita Morillo,2026-05-18,2026-05-24,5146665,5000000,146665,64166,82499,8077738,5000000,3077738,1261732,1653506
23028,Angelita Morillo,2026-05-25,2026-05-31,34333,0,34333,5000,29333,8112071,5000000,3112071,1266732,1682839
23028,Angelita Morillo,2026-06-01,2026-06-07,96864,0,96864,33999,62865,8208935,5000000,3208935,1300731,1745704
23028,Angelita Morillo,2026-06-08,2026-06-14,110099,0,110099,47600,62499,8319034,5000000,3319034,1348331,1808203
23028,Angelita Morillo,2026-06-15,2026-06-21,77300,0,77300,43300,34000,8396334,5000000,3396334,1391631,1842203
23028,Angelita Morillo,2026-06-22,2026-06-28,675733,0,675733,235100,390633,9072067,5000000,4072067,1626731,2232836
23028,Angelita Morillo,2026-06-29,2026-07-05,5145765,5000000,145765,40700,105065,14217832,10000000,4217832,1667431,2337901
23028,Angelita Morillo,2026-07-06,2026-07-12,248832,0,248832,129666,84166,14466664,10000000,4466664,1797097,2422067
23028,Angelita Morillo,2026-07-13,2026-07-19,164633,0,164633,37800,126833,14631297,10000000,4631297,1834897,2548900
23028,Angelita Morillo,2026-07-20,2026-07-26,93500,0,93500,29000,64500,14724797,10000000,4724797,1863897,2613400
23028,Angelita Morillo,2026-07-27,2026-08-02,353231,0,353231,213266,139965,15078028,10000000,5078028,2077163,2753365
23028,Angelita Morillo,2026-08-03,2026-08-09,4354032,4304800,49232,12466,36766,19432060,14304800,5127260,2089629,2790131
23028,Angelita Morillo,2026-08-10,2026-08-16,189000,0,189000,67300,121700,19621060,14304800,5316260,2156929,2911831
23028,Angelita Morillo,2026-08-17,2026-08-23,214332,0,214332,37500,176832,19835392,14304800,5530592,2194429,3088663
23028,Angelita Morillo,2026-08-24,2026-08-30,981165,830000,151165,84333,66832,20816557,15134800,5681757,2278762,3155495
23028,Angelita Morillo,2026-08-31,2026-09-06,101466,0,101466,23200,78266,20918023,15134800,5783223,2301962,3233761
23028,Angelita Morillo,2026-09-07,2026-09-13,1015366,858000,157366,25166,132200,21933389,15992800,5940589,2327128,3365961
23028,Angelita Morillo,2026-09-14,2026-09-20,1774478,1471700,302778,63112,239666,23707867,17464500,6243367,2390240,3605627
23028,Angelita Morillo,2026-09-21,2026-09-27,254000,0,254000,5000,249000,23961867,17464500,6497367,2395240,3854627
15109,Steve Novick,2024-12-30,2025-01-05,1000,0,1000,0,1000,1000,0,1000,0,1000
15109,Steve Novick,2025-01-06,2025-01-12,0,0,0,0,0,1000,0,1000,0,1000
15109,Steve Novick,2025-01-13,2025-01-19,2000,0,2000,0,2000,3000,0,3000,0,3000
15109,Steve Novick,2025-01-20,2025-01-26,0,0,0,0,0,3000,0,3000,0,3000
15109,Steve Novick,2025-01-27,2025-02-02,0,0,0,0,0,3000,0,3000,0,3000
15109,Steve Novick,2025-02-03,2025-02-09,0,0,0,0,0,3000,0,3000,0,3000
15109,Steve Novick,2025-02-10,2025-02-16,0,0,0,0,0,3000,0,3000,0,3000
15109,Steve Novick,2025-02-17,2025-02-23,0,0,0,0,0,3000,0,3000,0,3000
15109,Steve Novick,2025-02-24,2025-03-02,2000,0,2000,0,2000,5000,0,5000,0,5000
15109,Steve Novick,2025-03-03,2025-03-09,0,0,0,0,0,5000,0,5000,0,5000
15109,Steve Novick,2025-03-10,2025-03-16,0,0,0,0,0,5000,0,5000,0,5000
15109,Steve Novick,2025-03-17,2025-03-23,0,0,0,0,0,5000,0,5000,0,5000
15109,Steve Novick,2025-03-24,2025-03-30,0,0,0,0,0,5000,0,5000,0,5000
15109,Steve Novick,2025-03-31,2025-04-06,0,0,0,0,0,5000,0,5000,0,5000
15109,Steve Novick,2025-04-07,2025-04-13,0,0,0,0,0,5000,0,5000,0,5000
15109,Steve Novick,2025-04-14,2025-04-20,0,0,0,0,0,5000,0,5000,0,5000
15109,Steve Novick,2025-04-21,2025-04-27,0,0,0,0,0,5000,0,5000,0,5000
15109,Steve Novick,2025-04-28,2025-05-04,0,0,0,0,0,5000,0,5000,0,5000
15109,Steve Novick,2025-05-05,2025-05-11,0,0,0,0,0,5000,0,5000,0,5000
15109,Steve Novick,2025-05-12,2025-05-18,0,0,0,0,0,5000,0,5000,0,5000
15109,Steve Novick,2025-05-19,2025-05-25,0,0,0,0,0,5000,0,5000,0,5000
15109,Steve Novick,2025-05-26,2025-06-01,0,0,0,0,0,5000,0,5000,0,5000
15109,Steve Novick,2025-06-02,2025-06-08,0,0,0,0,0,5000,0,5000,0,5000
15109,Steve Novick,2025-06-09,2025-06-15,0,0,0,0,0,5000,0,5000,0,5000
15109,Steve Novick,2025-06-16,2025-06-22,0,0,0,0,0,5000,0,5000,0,5000
15109,Steve Novick,2025-06-23,2025-06-29,0,0,0,0,0,5000,0,5000,0,5000
15109,Steve Novick,2025-06-30,2025-07-06,0,0,0,0,0,5000,0,5000,0,5000
15109,Steve Novick,2025-07-07,2025-07-13,25000,0,25000,0,0,30000,0,30000,0,5000
15109,Steve Novick,2025-07-14,2025-07-20,0,0,0,0,0,30000,0,30000,0,5000
15109,Steve Novick,2025-07-21,2025-07-27,0,0,0,0,0,30000,0,30000,0,5000
15109,Steve Novick,2025-07-28,2025-08-03,0,0,0,0,0,30000,0,30000,0,5000
15109,Steve Novick,2025-08-04,2025-08-10,0,0,0,0,0,30000,0,30000,0,5000
15109,Steve Novick,2025-08-11,2025-08-17,0,0,0,0,0,30000,0,30000,0,5000
15109,Steve Novick,2025-08-18,2025-08-24,0,0,0,0,0,30000,0,30000,0,5000
15109,Steve Novick,2025-08-25,2025-08-31,0,0,0,0,0,30000,0,30000,0,5000
15109,Steve Novick,2025-09-01,2025-09-07,0,0,0,0,0,30000,0,30000,0,5000
15109,Steve Novick,2025-09-08,2025-09-14,0,0,0,0,0,30000,0,30000,0,5000
15109,Steve Novick,2025-09-15,2025-09-21,0,0,0,0,0,30000,0,30000,0,5000
15109,Steve Novick,2025-09-22,2025-09-28,0,0,0,0,0,30000,0,30000,0,5000
15109,Steve Novick,2025-09-29,2025-10-05,0,0,0,0,0,30000,0,30000,0,5000
15109,Steve Novick,2025-10-06,2025-10-12,0,0,0,0,0,30000,0,30000,0,5000
15109,Steve Novick,2025-10-13,2025-10-19,0,0,0,0,0,30000,0,30000,0,5000
15109,Steve Novick,2025-10-20,2025-10-26,0,0,0,0,0,30000,0,30000,0,5000
15109,Steve Novick,2025-10-27,2025-11-02,0,0,0,0,0,30000,0,30000,0,5000
15109,Steve Novick,2025-11-03,2025-11-09,0,0,0,0,0,30000,0,30000,0,5000
15109,Steve Novick,2025-11-10,2025-11-16,2000,0,2000,0,2000,32000,0,32000,0,7000
15109,Steve Novick,2025-11-17,2025-11-23,0,0,0,0,0,32000,0,32000,0,7000
15109,Steve Novick,2025-11-24,2025-11-30,0,0,0,0,0,32000,0,32000,0,7000
15109,Steve Novick,2025-12-01,2025-12-07,0,0,0,0,0,32000,0,32000,0,7000
15109,Steve Novick,2025-12-08,2025-12-14,25000,0,25000,25000,0,57000,0,57000,25000,7000
15109,Steve Novick,2025-12-15,2025-12-21,10000,0,10000,0,10000,67000,0,67000,25000,17000
15109,Steve Novick,2025-12-22,2025-12-28,401500,0,401500,322500,79000,468500,0,468500,347500,96000
15109,Steve Novick,2025-12-29,2026-01-04,266000,0,266000,202500,63500,734500,0,734500,550000,159500
15109,Steve Novick,2026-01-05,2026-01-11,95000,0,95000,70000,25000,829500,0,829500,620000,184500
15109,Steve Novick,2026-01-12,2026-01-18,80000,0,80000,25000,55000,909500,0,909500,645000,239500
15109,Steve Novick,2026-01-19,2026-01-25,12000,0,12000,0,12000,921500,0,921500,645000,251500
15109,Steve Novick,2026-01-26,2026-02-01,38500,0,38500,35000,3500,960000,0,960000,680000,255000
15109,Steve Novick,2026-02-02,2026-02-08,545100,0,545100,357500,187600,1505100,0,1505100,1037500,442600
15109,Steve Novick,2026-02-09,2026-02-15,157500,0,157500,55000,102500,1662600,0,1662600,1092500,545100
15109,Steve Novick,2026-02-16,2026-02-22,1000,0,1000,0,1000,1663600,0,1663600,1092500,546100
15109,Steve Novick,2026-02-23,2026-03-01,0,0,0,0,0,1663600,0,1663600,1092500,546100
15109,Steve Novick,2026-03-02,2026-03-08,37500,0,37500,35000,2500,1701100,0,1701100,1127500,548600
15109,Steve Novick,2026-03-09,2026-03-15,2500,0,2500,0,2500,1703600,0,1703600,1127500,551100
15109,Steve Novick,2026-03-16,2026-03-22,38500,0,38500,25000,13500,1742100,0,1742100,1152500,564600
15109,Steve Novick,2026-03-23,2026-03-29,112500,0,112500,105000,7500,1854600,0,1854600,1257500,572100
15109,Steve Novick,2026-03-30,2026-04-05,0,0,0,0,0,1854600,0,1854600,1257500,572100
15109,Steve Novick,2026-04-06,2026-04-12,37500,0,37500,35000,2500,1892100,0,1892100,1292500,574600
15109,Steve Novick,2026-04-13,2026-04-19,320500,0,320500,185000,135500,2212600,0,2212600,1477500,710100
15109,Steve Novick,2026-04-20,2026-04-26,132000,0,132000,52500,29500,2344600,0,2344600,1530000,739600
15109,Steve Novick,2026-04-27,2026-05-03,30000,0,30000,25000,5000,2374600,0,2374600,1555000,744600
15109,Steve Novick,2026-05-04,2026-05-10,0,0,0,0,0,2374600,0,2374600,1555000,744600
15109,Steve Novick,2026-05-11,2026-05-17,9000,0,9000,0,9000,2383600,0,2383600,1555000,753600
15109,Steve Novick,2026-05-18,2026-05-24,64500,0,64500,35000,29500,2448100,0,2448100,1590000,783100
15109,Steve Novick,2026-05-25,2026-05-31,304000,0,304000,225000,79000,2752100,0,2752100,1815000,862100
15109,Steve Novick,2026-06-01,2026-06-07,615000,0,615000,505000,110000,3367100,0,3367100,2320000,972100
15109,Steve Novick,2026-06-08,2026-06-14,415500,0,415500,370000,45500,3782600,0,3782600,2690000,1017600
15109,Steve Novick,2026-06-15,2026-06-21,205800,0,205800,137500,68300,3988400,0,3988400,2827500,1085900
15109,Steve Novick,2026-06-22,2026-06-28,491999,0,491999,222500,269499,4480399,0,4480399,3050000,1355399
15109,Steve Novick,2026-06-29,2026-07-05,157500,0,157500,80000,77500,4637899,0,4637899,3130000,1432899
15109,Steve Novick,2026-07-06,2026-07-12,224100,0,224100,95000,129100,4861999,0,4861999,3225000,1561999
15109,Steve Novick,2026-07-13,2026-07-19,420500,0,420500,230000,190500,5282499,0,5282499,3455000,1752499
15109,Steve Novick,2026-07-20,2026-07-26,487000,0,487000,235000,252000,5769499,0,5769499,3690000,2004499
15109,Steve Novick,2026-07-27,2026-08-02,447000,0,447000,228500,218500,6216499,0,6216499,3918500,2222999
15109,Steve Novick,2026-08-03,2026-08-09,10402500,10000000,402500,185000,217500,16618999,10000000,6618999,4103500,2440499
15109,Steve Novick,2026-08-10,2026-08-16,391000,0,391000,240000,151000,17009999,10000000,7009999,4343500,2591499
15109,Steve Novick,2026-08-17,2026-08-23,497500,0,497500,322500,175000,17507499,10000000,7507499,4666000,2766499
15109,Steve Novick,2026-08-24,2026-08-30,434300,0,434300,176000,223300,17941799,10000000,7941799,4842000,2989799
15109,Steve Novick,2026-08-31,2026-09-06,89500,0,89500,45000,44500,18031299,10000000,8031299,4887000,3034299
15109,Steve Novick,2026-09-07,2026-09-13,236500,0,236500,112000,89500,18267799,10000000,8267799,4999000,3123799
15109,Steve Novick,2026-09-14,2026-09-20,282500,0,282500,144500,138000,18550299,10000000,8550299,5143500,3261799
15109,Steve Novick,2026-09-21,2026-09-27,539100,0,539100,280500,258600,19089399,10000000,9089399,5424000,3520399
24661,Tom Sollitt,2024-12-30,2025-01-05,0,0,0,0,0,0,0,0,0,0
24661,Tom Sollitt,2025-01-06,2025-01-12,0,0,0,0,0,0,0,0,0,0
24661,Tom Sollitt,2025-01-13,2025-01-19,0,0,0,0,0,0,0,0,0,0
24661,Tom Sollitt,2025-01-20,2025-01-26,0,0,0,0,0,0,0,0,0,0
24661,Tom Sollitt,2025-01-27,2025-02-02,0,0,0,0,0,0,0,0,0,0
24661,Tom Sollitt,2025-02-03,2025-02-09,0,0,0,0,0,0,0,0,0,0
24661,Tom Sollitt,2025-02-10,2025-02-16,0,0,0,0,0,0,0,0,0,0
24661,Tom Sollitt,2025-02-17,2025-02-23,0,0,0,0,0,0,0,0,0,0
24661,Tom Sollitt,2025-02-24,2025-03-02,0,0,0,0,0,0,0,0,0,0
24661,Tom Sollitt,2025-03-03,2025-03-09,0,0,0,0,0,0,0,0,0,0
24661,Tom Sollitt,2025-03-10,2025-03-16,0,0,0,0,0,0,0,0,0,0
24661,Tom Sollitt,2025-03-17,2025-03-23,0,0,0,0,0,0,0,0,0,0
24661,Tom Sollitt,2025-03-24,2025-03-30,0,0,0,0,0,0,0,0,0,0
24661,Tom Sollitt,2025-03-31,2025-04-06,0,0,0,0,0,0,0,0,0,0
24661,Tom Sollitt,2025-04-07,2025-04-13,0,0,0,0,0,0,0,0,0,0
24661,Tom Sollitt,2025-04-14,2025-04-20,0,0,0,0,0,0,0,0,0,0
24661,Tom Sollitt,2025-04-21,2025-04-27,0,0,0,0,0,0,0,0,0,0
24661,Tom Sollitt,2025-04-28,2025-05-04,0,0,0,0,0,0,0,0,0,0
24661,Tom Sollitt,2025-05-05,2025-05-11,0,0,0,0,0,0,0,0,0,0
24661,Tom Sollitt,2025-05-12,2025-05-18,0,0,0,0,0,0,0,0,0,0
24661,Tom Sollitt,2025-05-19,2025-05-25,0,0,0,0,0,0,0,0,0,0
24661,Tom Sollitt,2025-05-26,2025-06-01,0,0,0,0,0,0,0,0,0,0
24661,Tom Sollitt,2025-06-02,2025-06-08,0,0,0,0,0,0,0,0,0,0
24661,Tom Sollitt,2025-06-09,2025-06-15,0,0,0,0,0,0,0,0,0,0
24661,Tom Sollitt,2025-06-16,2025-06-22,0,0,0,0,0,0,0,0,0,0
24661,Tom Sollitt,2025-06-23,2025-06-29,0,0,0,0,0,0,0,0,0,0
24661,Tom Sollitt,2025-06-30,2025-07-06,0,0,0,0,0,0,0,0,0,0
24661,Tom Sollitt,2025-07-07,2025-07-13,0,0,0,0,0,0,0,0,0,0
24661,Tom Sollitt,2025-07-14,2025-07-20,0,0,0,0,0,0,0,0,0,0
24661,Tom Sollitt,2025-07-21,2025-07-27,0,0,0,0,0,0,0,0,0,0
24661,Tom Sollitt,2025-07-28,2025-08-03,0,0,0,0,0,0,0,0,0,0
24661,Tom Sollitt,2025-08-04,2025-08-10,0,0,0,0,0,0,0,0,0,0
24661,Tom Sollitt,2025-08-11,2025-08-17,0,0,0,0,0,0,0,0,0,0
24661,Tom Sollitt,2025-08-18,2025-08-24,0,0,0,0,0,0,0,0,0,0
24661,Tom Sollitt,2025-08-25,2025-08-31,0,0,0,0,0,0,0,0,0,0
24661,Tom Sollitt,2025-09-01,2025-09-07,0,0,0,0,0,0,0,0,0,0
24661,Tom Sollitt,2025-09-08,2025-09-14,0,0,0,0,0,0,0,0,0,0
24661,Tom Sollitt,2025-09-15,2025-09-21,0,0,0,0,0,0,0,0,0,0
24661,Tom Sollitt,2025-09-22,2025-09-28,0,0,0,0,0,0,0,0,0,0
24661,Tom Sollitt,2025-09-29,2025-10-05,0,0,0,0,0,0,0,0,0,0
24661,Tom Sollitt,2025-10-06,2025-10-12,0,0,0,0,0,0,0,0,0,0
24661,Tom Sollitt,2025-10-13,2025-10-19,0,0,0,0,0,0,0,0,0,0
24661,Tom Sollitt,2025-10-20,2025-10-26,0,0,0,0,0,0,0,0,0,0
24661,Tom Sollitt,2025-10-27,2025-11-02,0,0,0,0,0,0,0,0,0,0
24661,Tom Sollitt,2025-11-03,2025-11-09,0,0,0,0,0,0,0,0,0,0
24661,Tom Sollitt,2025-11-10,2025-11-16,0,0,0,0,0,0,0,0,0,0
24661,Tom Sollitt,2025-11-17,2025-11-23,0,0,0,0,0,0,0,0,0,0
24661,Tom Sollitt,2025-11-24,2025-11-30,0,0,0,0,0,0,0,0,0,0
24661,Tom Sollitt,2025-12-01,2025-12-07,0,0,0,0,0,0,0,0,0,0
24661,Tom Sollitt,2025-12-08,2025-12-14,0,0,0,0,0,0,0,0,0,0
24661,Tom Sollitt,2025-12-15,2025-12-21,0,0,0,0,0,0,0,0,0,0
24661,Tom Sollitt,2025-12-22,2025-12-28,0,0,0,0,0,0,0,0,0,0
24661,Tom Sollitt,2025-12-29,2026-01-04,0,0,0,0,0,0,0,0,0,0
24661,Tom Sollitt,2026-01-05,2026-01-11,10000,0,10000,0,10000,10000,0,10000,0,10000
24661,Tom Sollitt,2026-01-12,2026-01-18,4000,0,4000,0,4000,14000,0,14000,0,14000
24661,Tom Sollitt,2026-01-19,2026-01-25,10000,0,10000,0,10000,24000,0,24000,0,24000
24661,Tom Sollitt,2026-01-26,2026-02-01,3500,0,3500,0,3500,27500,0,27500,0,27500
24661,Tom Sollitt,2026-02-02,2026-02-08,0,0,0,0,0,27500,0,27500,0,27500
24661,Tom Sollitt,2026-02-09,2026-02-15,0,0,0,0,0,27500,0,27500,0,27500
24661,Tom Sollitt,2026-02-16,2026-02-22,12000,0,12000,0,12000,39500,0,39500,0,39500
24661,Tom Sollitt,2026-02-23,2026-03-01,0,0,0,0,0,39500,0,39500,0,39500
24661,Tom Sollitt,2026-03-02,2026-03-08,0,0,0,0,0,39500,0,39500,0,39500
24661,Tom Sollitt,2026-03-09,2026-03-15,2500,0,2500,0,2500,42000,0,42000,0,42000
24661,Tom Sollitt,2026-03-16,2026-03-22,4000,0,4000,4000,0,46000,0,46000,4000,42000
24661,Tom Sollitt,2026-03-23,2026-03-29,0,0,0,0,0,46000,0,46000,4000,42000
24661,Tom Sollitt,2026-03-30,2026-04-05,0,0,0,0,0,46000,0,46000,4000,42000
24661,Tom Sollitt,2026-04-06,2026-04-12,2000,0,2000,0,2000,48000,0,48000,4000,44000
24661,Tom Sollitt,2026-04-13,2026-04-19,4000,0,4000,0,4000,52000,0,52000,4000,48000
24661,Tom Sollitt,2026-04-20,2026-04-26,0,0,0,0,0,52000,0,52000,4000,48000
24661,Tom Sollitt,2026-04-27,2026-05-03,32500,0,32500,0,2500,84500,0,84500,4000,50500
24661,Tom Sollitt,2026-05-04,2026-05-10,11000,0,11000,0,11000,95500,0,95500,4000,61500
24661,Tom Sollitt,2026-05-11,2026-05-17,10000,0,10000,0,0,105500,0,105500,4000,61500
24661,Tom Sollitt,2026-05-18,2026-05-24,6500,0,6500,0,6500,112000,0,112000,4000,68000
24661,Tom Sollitt,2026-05-25,2026-05-31,51000,0,51000,0,1000,163000,0,163000,4000,69000
24661,Tom Sollitt,2026-06-01,2026-06-07,0,0,0,0,0,163000,0,163000,4000,69000
24661,Tom Sollitt,2026-06-08,2026-06-14,0,0,0,0,0,163000,0,163000,4000,69000
24661,Tom Sollitt,2026-06-15,2026-06-21,0,0,0,0,0,163000,0,163000,4000,69000
24661,Tom Sollitt,2026-06-22,2026-06-28,55000,0,55000,4000,51000,218000,0,218000,8000,120000
24661,Tom Sollitt,2026-06-29,2026-07-05,28500,0,28500,0,28500,246500,0,246500,8000,148500
24661,Tom Sollitt,2026-07-06,2026-07-12,500,0,500,0,500,247000,0,247000,8000,149000
24661,Tom Sollitt,2026-07-13,2026-07-19,50000,0,50000,20000,30000,297000,0,297000,28000,179000
24661,Tom Sollitt,2026-07-20,2026-07-26,168200,0,168200,39000,129200,465200,0,465200,67000,308200
24661,Tom Sollitt,2026-07-27,2026-08-02,248300,0,248300,40000,208300,713500,0,713500,107000,516500
24661,Tom Sollitt,2026-08-03,2026-08-09,148500,0,148500,0,148500,862000,0,862000,107000,665000
24661,Tom Sollitt,2026-08-10,2026-08-16,2500,0,2500,0,2500,864500,0,864500,107000,667500
24661,Tom Sollitt,2026-08-17,2026-08-23,3305900,3278000,27900,20000,7900,4170400,3278000,892400,127000,675400
24661,Tom Sollitt,2026-08-24,2026-08-30,18800,0,18800,12300,6500,4189200,3278000,911200,139300,681900
24661,Tom Sollitt,2026-08-31,2026-09-06,0,0,0,0,0,4189200,3278000,911200,139300,681900
24661,Tom Sollitt,2026-09-07,2026-09-13,0,0,0,0,0,4189200,3278000,911200,139300,681900
24661,Tom Sollitt,2026-09-14,2026-09-20,0,0,0,0,0,4189200,3278000,911200,139300,681900
24661,Tom Sollitt,2026-09-21,2026-09-27,0,0,0,0,0,4189200,3278000,911200,139300,681900
24897,Kellie Torres,2024-12-30,2025-01-05,0,0,0,0,0,0,0,0,0,0
24897,Kellie Torres,2025-01-06,2025-01-12,0,0,0,0,0,0,0,0,0,0
24897,Kellie Torres,2025-01-13,2025-01-19,0,0,0,0,0,0,0,0,0,0
24897,Kellie Torres,2025-01-20,2025-01-26,0,0,0,0,0,0,0,0,0,0
24897,Kellie Torres,2025-01-27,2025-02-02,0,0,0,0,0,0,0,0,0,0
24897,Kellie Torres,2025-02-03,2025-02-09,0,0,0,0,0,0,0,0,0,0
24897,Kellie Torres,2025-02-10,2025-02-16,0,0,0,0,0,0,0,0,0,0
24897,Kellie Torres,2025-02-17,2025-02-23,0,0,0,0,0,0,0,0,0,0
24897,Kellie Torres,2025-02-24,2025-03-02,0,0,0,0,0,0,0,0,0,0
24897,Kellie Torres,2025-03-03,2025-03-09,0,0,0,0,0,0,0,0,0,0
24897,Kellie Torres,2025-03-10,2025-03-16,0,0,0,0,0,0,0,0,0,0
24897,Kellie Torres,2025-03-17,2025-03-23,0,0,0,0,0,0,0,0,0,0
24897,Kellie Torres,2025-03-24,2025-03-30,0,0,0,0,0,0,0,0,0,0
24897,Kellie Torres,2025-03-31,2025-04-06,0,0,0,0,0,0,0,0,0,0
24897,Kellie Torres,2025-04-07,2025-04-13,0,0,0,0,0,0,0,0,0,0
24897,Kellie Torres,2025-04-14,2025-04-20,0,0,0,0,0,0,0,0,0,0
24897,Kellie Torres,2025-04-21,2025-04-27,0,0,0,0,0,0,0,0,0,0
24897,Kellie Torres,2025-04-28,2025-05-04,0,0,0,0,0,0,0,0,0,0
24897,Kellie Torres,2025-05-05,2025-05-11,0,0,0,0,0,0,0,0,0,0
24897,Kellie Torres,2025-05-12,2025-05-18,0,0,0,0,0,0,0,0,0,0
24897,Kellie Torres,2025-05-19,2025-05-25,0,0,0,0,0,0,0,0,0,0
24897,Kellie Torres,2025-05-26,2025-06-01,0,0,0,0,0,0,0,0,0,0
24897,Kellie Torres,2025-06-02,2025-06-08,0,0,0,0,0,0,0,0,0,0
24897,Kellie Torres,2025-06-09,2025-06-15,0,0,0,0,0,0,0,0,0,0
24897,Kellie Torres,2025-06-16,2025-06-22,0,0,0,0,0,0,0,0,0,0
24897,Kellie Torres,2025-06-23,2025-06-29,0,0,0,0,0,0,0,0,0,0
24897,Kellie Torres,2025-06-30,2025-07-06,0,0,0,0,0,0,0,0,0,0
24897,Kellie Torres,2025-07-07,2025-07-13,0,0,0,0,0,0,0,0,0,0
24897,Kellie Torres,2025-07-14,2025-07-20,0,0,0,0,0,0,0,0,0,0
24897,Kellie Torres,2025-07-21,2025-07-27,0,0,0,0,0,0,0,0,0,0
24897,Kellie Torres,2025-07-28,2025-08-03,0,0,0,0,0,0,0,0,0,0
24897,Kellie Torres,2025-08-04,2025-08-10,0,0,0,0,0,0,0,0,0,0
24897,Kellie Torres,2025-08-11,2025-08-17,0,0,0,0,0,0,0,0,0,0
24897,Kellie Torres,2025-08-18,2025-08-24,0,0,0,0,0,0,0,0,0,0
24897,Kellie Torres,2025-08-25,2025-08-31,0,0,0,0,0,0,0,0,0,0
24897,Kellie Torres,2025-09-01,2025-09-07,0,0,0,0,0,0,0,0,0,0
24897,Kellie Torres,2025-09-08,2025-09-14,0,0,0,0,0,0,0,0,0,0
24897,Kellie Torres,2025-09-15,2025-09-21,0,0,0,0,0,0,0,0,0,0
24897,Kellie Torres,2025-09-22,2025-09-28,0,0,0,0,0,0,0,0,0,0
24897,Kellie Torres,2025-09-29,2025-10-05,0,0,0,0,0,0,0,0,0,0
24897,Kellie Torres,2025-10-06,2025-10-12,0,0,0,0,0,0,0,0,0,0
24897,Kellie Torres,2025-10-13,2025-10-19,0,0,0,0,0,0,0,0,0,0
24897,Kellie Torres,2025-10-20,2025-10-26,0,0,0,0,0,0,0,0,0,0
24897,Kellie Torres,2025-10-27,2025-11-02,0,0,0,0,0,0,0,0,0,0
24897,Kellie Torres,2025-11-03,2025-11-09,0,0,0,0,0,0,0,0,0,0
24897,Kellie Torres,2025-11-10,2025-11-16,0,0,0,0,0,0,0,0,0,0
24897,Kellie Torres,2025-11-17,2025-11-23,0,0,0,0,0,0,0,0,0,0
24897,Kellie Torres,2025-11-24,2025-11-30,0,0,0,0,0,0,0,0,0,0
24897,Kellie Torres,2025-12-01,2025-12-07,0,0,0,0,0,0,0,0,0,0
24897,Kellie Torres,2025-12-08,2025-12-14,0,0,0,0,0,0,0,0,0,0
24897,Kellie Torres,2025-12-15,2025-12-21,0,0,0,0,0,0,0,0,0,0
24897,Kellie Torres,2025-12-22,2025-12-28,0,0,0,0,0,0,0,0,0,0
24897,Kellie Torres,2025-12-29,2026-01-04,0,0,0,0,0,0,0,0,0,0
24897,Kellie Torres,2026-01-05,2026-01-11,0,0,0,0,0,0,0,0,0,0
24897,Kellie Torres,2026-01-12,2026-01-18,0,0,0,0,0,0,0,0,0,0
24897,Kellie Torres,2026-01-19,2026-01-25,0,0,0,0,0,0,0,0,0,0
24897,Kellie Torres,2026-01-26,2026-02-01,0,0,0,0,0,0,0,0,0,0
24897,Kellie Torres,2026-02-02,2026-02-08,0,0,0,0,0,0,0,0,0,0
24897,Kellie Torres,2026-02-09,2026-02-15,0,0,0,0,0,0,0,0,0,0
24897,Kellie Torres,2026-02-16,2026-02-22,0,0,0,0,0,0,0,0,0,0
24897,Kellie Torres,2026-02-23,2026-03-01,0,0,0,0,0,0,0,0,0,0
24897,Kellie Torres,2026-03-02,2026-03-08,0,0,0,0,0,0,0,0,0,0
24897,Kellie Torres,2026-03-09,2026-03-15,0,0,0,0,0,0,0,0,0,0
24897,Kellie Torres,2026-03-16,2026-03-22,25000,0,25000,25000,0,25000,0,25000,25000,0
24897,Kellie Torres,2026-03-23,2026-03-29,337500,0,337500,180000,157500,362500,0,362500,205000,157500
24897,Kellie Torres,2026-03-30,2026-04-05,746000,0,746000,270000,473500,1108500,0,1108500,475000,631000
24897,Kellie Torres,2026-04-06,2026-04-12,168000,0,168000,60000,108000,1276500,0,1276500,535000,739000
24897,Kellie Torres,2026-04-13,2026-04-19,178000,0,178000,107000,71000,1454500,0,1454500,642000,810000
24897,Kellie Torres,2026-04-20,2026-04-26,105000,0,105000,35000,70000,1559500,0,1559500,677000,880000
24897,Kellie Torres,2026-04-27,2026-05-03,264500,0,264500,202500,62000,1824000,0,1824000,879500,942000
24897,Kellie Torres,2026-05-04,2026-05-10,153500,0,153500,50000,53500,1977500,0,1977500,929500,995500
24897,Kellie Torres,2026-05-11,2026-05-17,117500,0,117500,70000,47500,2095000,0,2095000,999500,1043000
24897,Kellie Torres,2026-05-18,2026-05-24,83500,0,83500,0,83500,2178500,0,2178500,999500,1126500
24897,Kellie Torres,2026-05-25,2026-05-31,106000,0,106000,75000,31000,2284500,0,2284500,1074500,1157500
24897,Kellie Torres,2026-06-01,2026-06-07,42500,0,42500,0,42500,2327000,0,2327000,1074500,1200000
24897,Kellie Torres,2026-06-08,2026-06-14,143000,0,143000,70000,73000,2470000,0,2470000,1144500,1273000
24897,Kellie Torres,2026-06-15,2026-06-21,90000,0,90000,45000,22500,2560000,0,2560000,1189500,1295500
24897,Kellie Torres,2026-06-22,2026-06-28,182500,0,182500,75000,107500,2742500,0,2742500,1264500,1403000
24897,Kellie Torres,2026-06-29,2026-07-05,68500,0,68500,0,68500,2811000,0,2811000,1264500,1471500
24897,Kellie Torres,2026-07-06,2026-07-12,48000,0,48000,25000,23000,2859000,0,2859000,1289500,1494500
24897,Kellie Torres,2026-07-13,2026-07-19,10500,0,10500,0,10500,2869500,0,2869500,1289500,1505000
24897,Kellie Torres,2026-07-20,2026-07-26,186800,0,186800,99300,87500,3056300,0,3056300,1388800,1592500
24897,Kellie Torres,2026-07-27,2026-08-02,259000,0,259000,152500,106500,3315300,0,3315300,1541300,1699000
24897,Kellie Torres,2026-08-03,2026-08-09,9133500,7200000,1933500,1775000,158500,12448800,7200000,5248800,3316300,1857500
24897,Kellie Torres,2026-08-10,2026-08-16,412000,0,412000,282500,129500,12860800,7200000,5660800,3598800,1987000
24897,Kellie Torres,2026-08-17,2026-08-23,275800,0,275800,92500,183300,13136600,7200000,5936600,3691300,2170300
24897,Kellie Torres,2026-08-24,2026-08-30,2960500,2600000,360500,212500,148000,16097100,9800000,6297100,3903800,2318300
24897,Kellie Torres,2026-08-31,2026-09-06,546500,0,546500,297500,249000,16643600,9800000,6843600,4201300,2567300
24897,Kellie Torres,2026-09-07,2026-09-13,392500,0,392500,110000,282500,17036100,9800000,7236100,4311300,2849800
24897,Kellie Torres,2026-09-14,2026-09-20,0,0,0,0,0,17036100,9800000,7236100,4311300,2849800
24897,Kellie Torres,2026-09-21,2026-09-27,0,0,0,0,0,17036100,9800000,7236100,4311300,2849800
24973,Esther León,2024-12-30,2025-01-05,0,0,0,0,0,0,0,0,0,0
24973,Esther León,2025-01-06,2025-01-12,0,0,0,0,0,0,0,0,0,0
24973,Esther León,2025-01-13,2025-01-19,0,0,0,0,0,0,0,0,0,0
24973,Esther León,2025-01-20,2025-01-26,0,0,0,0,0,0,0,0,0,0
24973,Esther León,2025-01-27,2025-02-02,0,0,0,0,0,0,0,0,0,0
24973,Esther León,2025-02-03,2025-02-09,0,0,0,0,0,0,0,0,0,0
24973,Esther León,2025-02-10,2025-02-16,0,0,0,0,0,0,0,0,0,0
24973,Esther León,2025-02-17,2025-02-23,0,0,0,0,0,0,0,0,0,0
24973,Esther León,2025-02-24,2025-03-02,0,0,0,0,0,0,0,0,0,0
24973,Esther León,2025-03-03,2025-03-09,0,0,0,0,0,0,0,0,0,0
24973,Esther León,2025-03-10,2025-03-16,0,0,0,0,0,0,0,0,0,0
24973,Esther León,2025-03-17,2025-03-23,0,0,0,0,0,0,0,0,0,0
24973,Esther León,2025-03-24,2025-03-30,0,0,0,0,0,0,0,0,0,0
24973,Esther León,2025-03-31,2025-04-06,0,0,0,0,0,0,0,0,0,0
24973,Esther León,2025-04-07,2025-04-13,0,0,0,0,0,0,0,0,0,0
24973,Esther León,2025-04-14,2025-04-20,0,0,0,0,0,0,0,0,0,0
24973,Esther León,2025-04-21,2025-04-27,0,0,0,0,0,0,0,0,0,0
24973,Esther León,2025-04-28,2025-05-04,0,0,0,0,0,0,0,0,0,0
24973,Esther León,2025-05-05,2025-05-11,0,0,0,0,0,0,0,0,0,0
24973,Esther León,2025-05-12,2025-05-18,0,0,0,0,0,0,0,0,0,0
24973,Esther León,2025-05-19,2025-05-25,0,0,0,0,0,0,0,0,0,0
24973,Esther León,2025-05-26,2025-06-01,0,0,0,0,0,0,0,0,0,0
24973,Esther León,2025-06-02,2025-06-08,0,0,0,0,0,0,0,0,0,0
24973,Esther León,2025-06-09,2025-06-15,0,0,0,0,0,0,0,0,0,0
24973,Esther León,2025-06-16,2025-06-22,0,0,0,0,0,0,0,0,0,0
24973,Esther León,2025-06-23,2025-06-29,0,0,0,0,0,0,0,0,0,0
24973,Esther León,2025-06-30,2025-07-06,0,0,0,0,0,0,0,0,0,0
24973,Esther León,2025-07-07,2025-07-13,0,0,0,0,0,0,0,0,0,0
24973,Esther León,2025-07-14,2025-07-20,0,0,0,0,0,0,0,0,0,0
24973,Esther León,2025-07-21,2025-07-27,0,0,0,0,0,0,0,0,0,0
24973,Esther León,2025-07-28,2025-08-03,0,0,0,0,0,0,0,0,0,0
24973,Esther León,2025-08-04,2025-08-10,0,0,0,0,0,0,0,0,0,0
24973,Esther León,2025-08-11,2025-08-17,0,0,0,0,0,0,0,0,0,0
24973,Esther León,2025-08-18,2025-08-24,0,0,0,0,0,0,0,0,0,0
24973,Esther León,2025-08-25,2025-08-31,0,0,0,0,0,0,0,0,0,0
24973,Esther León,2025-09-01,2025-09-07,0,0,0,0,0,0,0,0,0,0
24973,Esther León,2025-09-08,2025-09-14,0,0,0,0,0,0,0,0,0,0
24973,Esther León,2025-09-15,2025-09-21,0,0,0,0,0,0,0,0,0,0
24973,Esther León,2025-09-22,2025-09-28,0,0,0,0,0,0,0,0,0,0
24973,Esther León,2025-09-29,2025-10-05,0,0,0,0,0,0,0,0,0,0
24973,Esther León,2025-10-06,2025-10-12,0,0,0,0,0,0,0,0,0,0
24973,Esther León,2025-10-13,2025-10-19,0,0,0,0,0,0,0,0,0,0
24973,Esther León,2025-10-20,2025-10-26,0,0,0,0,0,0,0,0,0,0
24973,Esther León,2025-10-27,2025-11-02,0,0,0,0,0,0,0,0,0,0
24973,Esther León,2025-11-03,2025-11-09,0,0,0,0,0,0,0,0,0,0
24973,Esther León,2025-11-10,2025-11-16,0,0,0,0,0,0,0,0,0,0
24973,Esther León,2025-11-17,2025-11-23,0,0,0,0,0,0,0,0,0,0
24973,Esther León,2025-11-24,2025-11-30,0,0,0,0,0,0,0,0,0,0
24973,Esther León,2025-12-01,2025-12-07,0,0,0,0,0,0,0,0,0,0
24973,Esther León,2025-12-08,2025-12-14,0,0,0,0,0,0,0,0,0,0
24973,Esther León,2025-12-15,2025-12-21,0,0,0,0,0,0,0,0,0,0
24973,Esther León,2025-12-22,2025-12-28,0,0,0,0,0,0,0,0,0,0
24973,Esther León,2025-12-29,2026-01-04,0,0,0,0,0,0,0,0,0,0
24973,Esther León,2026-01-05,2026-01-11,0,0,0,0,0,0,0,0,0,0
24973,Esther León,2026-01-12,2026-01-18,0,0,0,0,0,0,0,0,0,0
24973,Esther León,2026-01-19,2026-01-25,0,0,0,0,0,0,0,0,0,0
24973,Esther León,2026-01-26,2026-02-01,0,0,0,0,0,0,0,0,0,0
24973,Esther León,2026-02-02,2026-02-08,0,0,0,0,0,0,0,0,0,0
24973,Esther León,2026-02-09,2026-02-15,0,0,0,0,0,0,0,0,0,0
24973,Esther León,2026-02-16,2026-02-22,0,0,0,0,0,0,0,0,0,0
24973,Esther León,2026-02-23,2026-03-01,0,0,0,0,0,0,0,0,0,0
24973,Esther León,2026-03-02,2026-03-08,5500,0,5500,0,5500,5500,0,5500,0,5500
24973,Esther León,2026-03-09,2026-03-15,0,0,0,0,0,5500,0,5500,0,5500
24973,Esther León,2026-03-16,2026-03-22,0,0,0,0,0,5500,0,5500,0,5500
24973,Esther León,2026-03-23,2026-03-29,0,0,0,0,0,5500,0,5500,0,5500
24973,Esther León,2026-03-30,2026-04-05,0,0,0,0,0,5500,0,5500,0,5500
24973,Esther León,2026-04-06,2026-04-12,40500,0,40500,25000,15500,46000,0,46000,25000,21000
24973,Esther León,2026-04-13,2026-04-19,9000,0,9000,0,9000,55000,0,55000,25000,30000
24973,Esther León,2026-04-20,2026-04-26,0,0,0,0,0,55000,0,55000,25000,30000
24973,Esther León,2026-04-27,2026-05-03,0,0,0,0,0,55000,0,55000,25000,30000
24973,Esther León,2026-05-04,2026-05-10,85400,0,85400,0,85400,140400,0,140400,25000,115400
24973,Esther León,2026-05-11,2026-05-17,30000,0,30000,27500,2500,170400,0,170400,52500,117900
24973,Esther León,2026-05-18,2026-05-24,8500,0,8500,0,8500,178900,0,178900,52500,126400
24973,Esther León,2026-05-25,2026-05-31,16500,0,16500,0,16500,195400,0,195400,52500,142900
24973,Esther León,2026-06-01,2026-06-07,16000,0,16000,0,16000,211400,0,211400,52500,158900
24973,Esther León,2026-06-08,2026-06-14,4500,0,4500,2500,2000,215900,0,215900,55000,160900
24973,Esther León,2026-06-15,2026-06-21,40700,0,40700,0,40700,256600,0,256600,55000,201600
24973,Esther León,2026-06-22,2026-06-28,47000,0,47000,25000,22000,303600,0,303600,80000,223600
24973,Esther León,2026-06-29,2026-07-05,18500,0,18500,0,18500,322100,0,322100,80000,242100
24973,Esther León,2026-07-06,2026-07-12,32500,0,32500,2500,30000,354600,0,354600,82500,272100
24973,Esther León,2026-07-13,2026-07-19,65600,0,65600,0,65600,420200,0,420200,82500,337700
24973,Esther León,2026-07-20,2026-07-26,139300,0,139300,33300,106000,559500,0,559500,115800,443700
24973,Esther León,2026-07-27,2026-08-02,19600,0,19600,0,19600,579100,0,579100,115800,463300
24973,Esther León,2026-08-03,2026-08-09,5000,0,5000,0,5000,584100,0,584100,115800,468300
24973,Esther León,2026-08-10,2026-08-16,2500,0,2500,2500,0,586600,0,586600,118300,468300
24973,Esther León,2026-08-17,2026-08-23,1500,0,1500,0,1500,588100,0,588100,118300,469800
24973,Esther León,2026-08-24,2026-08-30,2897700,2869700,28000,22500,5500,3485800,2869700,616100,140800,475300
24973,Esther León,2026-08-31,2026-09-06,3000,0,3000,0,3000,3488800,2869700,619100,140800,478300
24973,Esther León,2026-09-07,2026-09-13,1500,0,1500,0,1500,3490300,2869700,620600,140800,479800
24973,Esther León,2026-09-14,2026-09-20,6100,0,6100,0,6100,3496400,2869700,626700,140800,485900
24973,Esther León,2026-09-21,2026-09-27,85500,81000,4500,0,4500,3581900,2950700,631200,140800,490400
24972,Joel Corcoran,2024-12-30,2025-01-05,0,0,0,0,0,0,0,0,0,0
24972,Joel Corcoran,2025-01-06,2025-01-12,0,0,0,0,0,0,0,0,0,0
24972,Joel Corcoran,2025-01-13,2025-01-19,0,0,0,0,0,0,0,0,0,0
24972,Joel Corcoran,2025-01-20,2025-01-26,0,0,0,0,0,0,0,0,0,0
24972,Joel Corcoran,2025-01-27,2025-02-02,0,0,0,0,0,0,0,0,0,0
24972,Joel Corcoran,2025-02-03,2025-02-09,0,0,0,0,0,0,0,0,0,0
24972,Joel Corcoran,2025-02-10,2025-02-16,0,0,0,0,0,0,0,0,0,0
24972,Joel Corcoran,2025-02-17,2025-02-23,0,0,0,0,0,0,0,0,0,0
24972,Joel Corcoran,2025-02-24,2025-03-02,0,0,0,0,0,0,0,0,0,0
24972,Joel Corcoran,2025-03-03,2025-03-09,0,0,0,0,0,0,0,0,0,0
24972,Joel Corcoran,2025-03-10,2025-03-16,0,0,0,0,0,0,0,0,0,0
24972,Joel Corcoran,2025-03-17,2025-03-23,0,0,0,0,0,0,0,0,0,0
24972,Joel Corcoran,2025-03-24,2025-03-30,0,0,0,0,0,0,0,0,0,0
24972,Joel Corcoran,2025-03-31,2025-04-06,0,0,0,0,0,0,0,0,0,0
24972,Joel Corcoran,2025-04-07,2025-04-13,0,0,0,0,0,0,0,0,0,0
24972,Joel Corcoran,2025-04-14,2025-04-20,0,0,0,0,0,0,0,0,0,0
24972,Joel Corcoran,2025-04-21,2025-04-27,0,0,0,0,0,0,0,0,0,0
24972,Joel Corcoran,2025-04-28,2025-05-04,0,0,0,0,0,0,0,0,0,0
24972,Joel Corcoran,2025-05-05,2025-05-11,0,0,0,0,0,0,0,0,0,0
24972,Joel Corcoran,2025-05-12,2025-05-18,0,0,0,0,0,0,0,0,0,0
24972,Joel Corcoran,2025-05-19,2025-05-25,0,0,0,0,0,0,0,0,0,0
24972,Joel Corcoran,2025-05-26,2025-06-01,0,0,0,0,0,0,0,0,0,0
24972,Joel Corcoran,2025-06-02,2025-06-08,0,0,0,0,0,0,0,0,0,0
24972,Joel Corcoran,2025-06-09,2025-06-15,0,0,0,0,0,0,0,0,0,0
24972,Joel Corcoran,2025-06-16,2025-06-22,0,0,0,0,0,0,0,0,0,0
24972,Joel Corcoran,2025-06-23,2025-06-29,0,0,0,0,0,0,0,0,0,0
24972,Joel Corcoran,2025-06-30,2025-07-06,0,0,0,0,0,0,0,0,0,0
24972,Joel Corcoran,2025-07-07,2025-07-13,0,0,0,0,0,0,0,0,0,0
24972,Joel Corcoran,2025-07-14,2025-07-20,0,0,0,0,0,0,0,0,0,0
24972,Joel Corcoran,2025-07-21,2025-07-27,0,0,0,0,0,0,0,0,0,0
24972,Joel Corcoran,2025-07-28,2025-08-03,0,0,0,0,0,0,0,0,0,0
24972,Joel Corcoran,2025-08-04,2025-08-10,0,0,0,0,0,0,0,0,0,0
24972,Joel Corcoran,2025-08-11,2025-08-17,0,0,0,0,0,0,0,0,0,0
24972,Joel Corcoran,2025-08-18,2025-08-24,0,0,0,0,0,0,0,0,0,0
24972,Joel Corcoran,2025-08-25,2025-08-31,0,0,0,0,0,0,0,0,0,0
24972,Joel Corcoran,2025-09-01,2025-09-07,0,0,0,0,0,0,0,0,0,0
24972,Joel Corcoran,2025-09-08,2025-09-14,0,0,0,0,0,0,0,0,0,0
24972,Joel Corcoran,2025-09-15,2025-09-21,0,0,0,0,0,0,0,0,0,0
24972,Joel Corcoran,2025-09-22,2025-09-28,0,0,0,0,0,0,0,0,0,0
24972,Joel Corcoran,2025-09-29,2025-10-05,0,0,0,0,0,0,0,0,0,0
24972,Joel Corcoran,2025-10-06,2025-10-12,0,0,0,0,0,0,0,0,0,0
24972,Joel Corcoran,2025-10-13,2025-10-19,0,0,0,0,0,0,0,0,0,0
24972,Joel Corcoran,2025-10-20,2025-10-26,0,0,0,0,0,0,0,0,0,0
24972,Joel Corcoran,2025-10-27,2025-11-02,0,0,0,0,0,0,0,0,0,0
24972,Joel Corcoran,2025-11-03,2025-11-09,0,0,0,0,0,0,0,0,0,0
24972,Joel Corcoran,2025-11-10,2025-11-16,0,0,0,0,0,0,0,0,0,0
24972,Joel Corcoran,2025-11-17,2025-11-23,0,0,0,0,0,0,0,0,0,0
24972,Joel Corcoran,2025-11-24,2025-11-30,0,0,0,0,0,0,0,0,0,0
24972,Joel Corcoran,2025-12-01,2025-12-07,0,0,0,0,0,0,0,0,0,0
24972,Joel Corcoran,2025-12-08,2025-12-14,0,0,0,0,0,0,0,0,0,0
24972,Joel Corcoran,2025-12-15,2025-12-21,0,0,0,0,0,0,0,0,0,0
24972,Joel Corcoran,2025-12-22,2025-12-28,0,0,0,0,0,0,0,0,0,0
24972,Joel Corcoran,2025-12-29,2026-01-04,0,0,0,0,0,0,0,0,0,0
24972,Joel Corcoran,2026-01-05,2026-01-11,0,0,0,0,0,0,0,0,0,0
24972,Joel Corcoran,2026-01-12,2026-01-18,0,0,0,0,0,0,0,0,0,0
24972,Joel Corcoran,2026-01-19,2026-01-25,0,0,0,0,0,0,0,0,0,0
24972,Joel Corcoran,2026-01-26,2026-02-01,0,0,0,0,0,0,0,0,0,0
24972,Joel Corcoran,2026-02-02,2026-02-08,0,0,0,0,0,0,0,0,0,0
24972,Joel Corcoran,2026-02-09,2026-02-15,0,0,0,0,0,0,0,0,0,0
24972,Joel Corcoran,2026-02-16,2026-02-22,0,0,0,0,0,0,0,0,0,0
24972,Joel Corcoran,2026-02-23,2026-03-01,0,0,0,0,0,0,0,0,0,0
24972,Joel Corcoran,2026-03-02,2026-03-08,0,0,0,0,0,0,0,0,0,0
24972,Joel Corcoran,2026-03-09,2026-03-15,0,0,0,0,0,0,0,0,0,0
24972,Joel Corcoran,2026-03-16,2026-03-22,0,0,0,0,0,0,0,0,0,0
24972,Joel Corcoran,2026-03-23,2026-03-29,0,0,0,0,0,0,0,0,0,0
24972,Joel Corcoran,2026-03-30,2026-04-05,0,0,0,0,0,0,0,0,0,0
24972,Joel Corcoran,2026-04-06,2026-04-12,20000,0,20000,0,20000,20000,0,20000,0,20000
24972,Joel Corcoran,2026-04-13,2026-04-19,5000,0,5000,0,5000,25000,0,25000,0,25000
24972,Joel Corcoran,2026-04-20,2026-04-26,0,0,0,0,0,25000,0,25000,0,25000
24972,Joel Corcoran,2026-04-27,2026-05-03,0,0,0,0,0,25000,0,25000,0,25000
24972,Joel Corcoran,2026-05-04,2026-05-10,75000,0,75000,40000,35000,100000,0,100000,40000,60000
24972,Joel Corcoran,2026-05-11,2026-05-17,129500,0,129500,50000,79500,229500,0,229500,90000,139500
24972,Joel Corcoran,2026-05-18,2026-05-24,2500,0,2500,0,2500,232000,0,232000,90000,142000
24972,Joel Corcoran,2026-05-25,2026-05-31,72500,0,72500,15000,57500,304500,0,304500,105000,199500
24972,Joel Corcoran,2026-06-01,2026-06-07,40000,0,40000,20000,20000,344500,0,344500,125000,219500
24972,Joel Corcoran,2026-06-08,2026-06-14,7500,0,7500,0,7500,352000,0,352000,125000,227000
24972,Joel Corcoran,2026-06-15,2026-06-21,500,0,500,0,500,352500,0,352500,125000,227500
24972,Joel Corcoran,2026-06-22,2026-06-28,0,0,0,0,0,352500,0,352500,125000,227500
24972,Joel Corcoran,2026-06-29,2026-07-05,15000,0,15000,0,15000,367500,0,367500,125000,242500
24972,Joel Corcoran,2026-07-06,2026-07-12,0,0,0,0,0,367500,0,367500,125000,242500
24972,Joel Corcoran,2026-07-13,2026-07-19,38000,0,38000,35000,3000,405500,0,405500,160000,245500
24972,Joel Corcoran,2026-07-20,2026-07-26,3500,0,3500,0,3500,409000,0,409000,160000,249000
24972,Joel Corcoran,2026-07-27,2026-08-02,500,0,500,0,500,409500,0,409500,160000,249500
24972,Joel Corcoran,2026-08-03,2026-08-09,0,0,0,0,0,409500,0,409500,160000,249500
24972,Joel Corcoran,2026-08-10,2026-08-16,0,0,0,0,0,409500,0,409500,160000,249500
24972,Joel Corcoran,2026-08-17,2026-08-23,0,0,0,0,0,409500,0,409500,160000,249500
24972,Joel Corcoran,2026-08-24,2026-08-30,0,0,0,0,0,409500,0,409500,160000,249500
24972,Joel Corcoran,2026-08-31,2026-09-06,0,0,0,0,0,409500,0,409500,160000,249500
24972,Joel Corcoran,2026-09-07,2026-09-13,0,0,0,0,0,409500,0,409500,160000,249500
24972,Joel Corcoran,2026-09-14,2026-09-20,0,0,0,0,0,409500,0,409500,160000,249500
24972,Joel Corcoran,2026-09-21,2026-09-27,0,0,0,0,0,409500,0,409500,160000,249500
24966,Matthias Hallett,2024-12-30,2025-01-05,0,0,0,0,0,0,0,0,0,0
24966,Matthias Hallett,2025-01-06,2025-01-12,0,0,0,0,0,0,0,0,0,0
24966,Matthias Hallett,2025-01-13,2025-01-19,0,0,0,0,0,0,0,0,0,0
24966,Matthias Hallett,2025-01-20,2025-01-26,0,0,0,0,0,0,0,0,0,0
24966,Matthias Hallett,2025-01-27,2025-02-02,0,0,0,0,0,0,0,0,0,0
24966,Matthias Hallett,2025-02-03,2025-02-09,0,0,0,0,0,0,0,0,0,0
24966,Matthias Hallett,2025-02-10,2025-02-16,0,0,0,0,0,0,0,0,0,0
24966,Matthias Hallett,2025-02-17,2025-02-23,0,0,0,0,0,0,0,0,0,0
24966,Matthias Hallett,2025-02-24,2025-03-02,0,0,0,0,0,0,0,0,0,0
24966,Matthias Hallett,2025-03-03,2025-03-09,0,0,0,0,0,0,0,0,0,0
24966,Matthias Hallett,2025-03-10,2025-03-16,0,0,0,0,0,0,0,0,0,0
24966,Matthias Hallett,2025-03-17,2025-03-23,0,0,0,0,0,0,0,0,0,0
24966,Matthias Hallett,2025-03-24,2025-03-30,0,0,0,0,0,0,0,0,0,0
24966,Matthias Hallett,2025-03-31,2025-04-06,0,0,0,0,0,0,0,0,0,0
24966,Matthias Hallett,2025-04-07,2025-04-13,0,0,0,0,0,0,0,0,0,0
24966,Matthias Hallett,2025-04-14,2025-04-20,0,0,0,0,0,0,0,0,0,0
24966,Matthias Hallett,2025-04-21,2025-04-27,0,0,0,0,0,0,0,0,0,0
24966,Matthias Hallett,2025-04-28,2025-05-04,0,0,0,0,0,0,0,0,0,0
24966,Matthias Hallett,2025-05-05,2025-05-11,0,0,0,0,0,0,0,0,0,0
24966,Matthias Hallett,2025-05-12,2025-05-18,0,0,0,0,0,0,0,0,0,0
24966,Matthias Hallett,2025-05-19,2025-05-25,0,0,0,0,0,0,0,0,0,0
24966,Matthias Hallett,2025-05-26,2025-06-01,0,0,0,0,0,0,0,0,0,0
24966,Matthias Hallett,2025-06-02,2025-06-08,0,0,0,0,0,0,0,0,0,0
24966,Matthias Hallett,2025-06-09,2025-06-15,0,0,0,0,0,0,0,0,0,0
24966,Matthias Hallett,2025-06-16,2025-06-22,0,0,0,0,0,0,0,0,0,0
24966,Matthias Hallett,2025-06-23,2025-06-29,0,0,0,0,0,0,0,0,0,0
24966,Matthias Hallett,2025-06-30,2025-07-06,0,0,0,0,0,0,0,0,0,0
24966,Matthias Hallett,2025-07-07,2025-07-13,0,0,0,0,0,0,0,0,0,0
24966,Matthias Hallett,2025-07-14,2025-07-20,0,0,0,0,0,0,0,0,0,0
24966,Matthias Hallett,2025-07-21,2025-07-27,0,0,0,0,0,0,0,0,0,0
24966,Matthias Hallett,2025-07-28,2025-08-03,0,0,0,0,0,0,0,0,0,0
24966,Matthias Hallett,2025-08-04,2025-08-10,0,0,0,0,0,0,0,0,0,0
24966,Matthias Hallett,2025-08-11,2025-08-17,0,0,0,0,0,0,0,0,0,0
24966,Matthias Hallett,2025-08-18,2025-08-24,0,0,0,0,0,0,0,0,0,0
24966,Matthias Hallett,2025-08-25,2025-08-31,0,0,0,0,0,0,0,0,0,0
24966,Matthias Hallett,2025-09-01,2025-09-07,0,0,0,0,0,0,0,0,0,0
24966,Matthias Hallett,2025-09-08,2025-09-14,0,0,0,0,0,0,0,0,0,0
24966,Matthias Hallett,2025-09-15,2025-09-21,0,0,0,0,0,0,0,0,0,0
24966,Matthias Hallett,2025-09-22,2025-09-28,0,0,0,0,0,0,0,0,0,0
24966,Matthias Hallett,2025-09-29,2025-10-05,0,0,0,0,0,0,0,0,0,0
24966,Matthias Hallett,2025-10-06,2025-10-12,0,0,0,0,0,0,0,0,0,0
24966,Matthias Hallett,2025-10-13,2025-10-19,0,0,0,0,0,0,0,0,0,0
24966,Matthias Hallett,2025-10-20,2025-10-26,0,0,0,0,0,0,0,0,0,0
24966,Matthias Hallett,2025-10-27,2025-11-02,0,0,0,0,0,0,0,0,0,0
24966,Matthias Hallett,2025-11-03,2025-11-09,0,0,0,0,0,0,0,0,0,0
24966,Matthias Hallett,2025-11-10,2025-11-16,0,0,0,0,0,0,0,0,0,0
24966,Matthias Hallett,2025-11-17,2025-11-23,0,0,0,0,0,0,0,0,0,0
24966,Matthias Hallett,2025-11-24,2025-11-30,0,0,0,0,0,0,0,0,0,0
24966,Matthias Hallett,2025-12-01,2025-12-07,0,0,0,0,0,0,0,0,0,0
24966,Matthias Hallett,2025-12-08,2025-12-14,0,0,0,0,0,0,0,0,0,0
24966,Matthias Hallett,2025-12-15,2025-12-21,0,0,0,0,0,0,0,0,0,0
24966,Matthias Hallett,2025-12-22,2025-12-28,0,0,0,0,0,0,0,0,0,0
24966,Matthias Hallett,2025-12-29,2026-01-04,0,0,0,0,0,0,0,0,0,0
24966,Matthias Hallett,2026-01-05,2026-01-11,0,0,0,0,0,0,0,0,0,0
24966,Matthias Hallett,2026-01-12,2026-01-18,0,0,0,0,0,0,0,0,0,0
24966,Matthias Hallett,2026-01-19,2026-01-25,0,0,0,0,0,0,0,0,0,0
24966,Matthias Hallett,2026-01-26,2026-02-01,0,0,0,0,0,0,0,0,0,0
24966,Matthias Hallett,2026-02-02,2026-02-08,0,0,0,0,0,0,0,0,0,0
24966,Matthias Hallett,2026-02-09,2026-02-15,0,0,0,0,0,0,0,0,0,0
24966,Matthias Hallett,2026-02-16,2026-02-22,0,0,0,0,0,0,0,0,0,0
24966,Matthias Hallett,2026-02-23,2026-03-01,0,0,0,0,0,0,0,0,0,0
24966,Matthias Hallett,2026-03-02,2026-03-08,0,0,0,0,0,0,0,0,0,0
24966,Matthias Hallett,2026-03-09,2026-03-15,0,0,0,0,0,0,0,0,0,0
24966,Matthias Hallett,2026-03-16,2026-03-22,0,0,0,0,0,0,0,0,0,0
24966,Matthias Hallett,2026-03-23,2026-03-29,0,0,0,0,0,0,0,0,0,0
24966,Matthias Hallett,2026-03-30,2026-04-05,0,0,0,0,0,0,0,0,0,0
24966,Matthias Hallett,2026-04-06,2026-04-12,0,0,0,0,0,0,0,0,0,0
24966,Matthias Hallett,2026-04-13,2026-04-19,0,0,0,0,0,0,0,0,0,0
24966,Matthias Hallett,2026-04-20,2026-04-26,0,0,0,0,0,0,0,0,0,0
24966,Matthias Hallett,2026-04-27,2026-05-03,0,0,0,0,0,0,0,0,0,0
24966,Matthias Hallett,2026-05-04,2026-05-10,0,0,0,0,0,0,0,0,0,0
24966,Matthias Hallett,2026-05-11,2026-05-17,0,0,0,0,0,0,0,0,0,0
24966,Matthias Hallett,2026-05-18,2026-05-24,0,0,0,0,0,0,0,0,0,0
24966,Matthias Hallett,2026-05-25,2026-05-31,0,0,0,0,0,0,0,0,0,0
24966,Matthias Hallett,2026-06-01,2026-06-07,0,0,0,0,0,0,0,0,0,0
24966,Matthias Hallett,2026-06-08,2026-06-14,0,0,0,0,0,0,0,0,0,0
24966,Matthias Hallett,2026-06-15,2026-06-21,0,0,0,0,0,0,0,0,0,0
24966,Matthias Hallett,2026-06-22,2026-06-28,0,0,0,0,0,0,0,0,0,0
24966,Matthias Hallett,2026-06-29,2026-07-05,0,0,0,0,0,0,0,0,0,0
24966,Matthias Hallett,2026-07-06,2026-07-12,0,0,0,0,0,0,0,0,0,0
24966,Matthias Hallett,2026-07-13,2026-07-19,80338,0,80338,30990,49348,80338,0,80338,30990,49348
24966,Matthias Hallett,2026-07-20,2026-07-26,8978,0,8978,0,8978,89316,0,89316,30990,58326
24966,Matthias Hallett,2026-07-27,2026-08-02,42948,0,42948,35448,7500,132264,0,132264,66438,65826
24966,Matthias Hallett,2026-08-03,2026-08-09,22500,0,22500,20000,2500,154764,0,154764,86438,68326
24966,Matthias Hallett,2026-08-10,2026-08-16,33906,0,33906,26136,7770,188670,0,188670,112574,76096
24966,Matthias Hallett,2026-08-17,2026-08-23,18355,0,18355,0,18355,207025,0,207025,112574,94451
24966,Matthias Hallett,2026-08-24,2026-08-30,5240,0,5240,0,5240,212265,0,212265,112574,99691
24966,Matthias Hallett,2026-08-31,2026-09-06,26136,0,26136,20896,5240,238401,0,238401,133470,104931
24966,Matthias Hallett,2026-09-07,2026-09-13,17500,0,17500,0,17500,255901,0,255901,133470,122431
24966,Matthias Hallett,2026-09-14,2026-09-20,25323,0,25323,15688,9635,281224,0,281224,149158,132066
24966,Matthias Hallett,2026-09-21,2026-09-27,0,0,0,0,0,281224,0,281224,149158,132066
24979,Cristal Otero,2024-12-30,2025-01-05,0,0,0,0,0,0,0,0,0,0
24979,Cristal Otero,2025-01-06,2025-01-12,0,0,0,0,0,0,0,0,0,0
24979,Cristal Otero,2025-01-13,2025-01-19,0,0,0,0,0,0,0,0,0,0
24979,Cristal Otero,2025-01-20,2025-01-26,0,0,0,0,0,0,0,0,0,0
24979,Cristal Otero,2025-01-27,2025-02-02,0,0,0,0,0,0,0,0,0,0
24979,Cristal Otero,2025-02-03,2025-02-09,0,0,0,0,0,0,0,0,0,0
24979,Cristal Otero,2025-02-10,2025-02-16,0,0,0,0,0,0,0,0,0,0
24979,Cristal Otero,2025-02-17,2025-02-23,0,0,0,0,0,0,0,0,0,0
24979,Cristal Otero,2025-02-24,2025-03-02,0,0,0,0,0,0,0,0,0,0
24979,Cristal Otero,2025-03-03,2025-03-09,0,0,0,0,0,0,0,0,0,0
24979,Cristal Otero,2025-03-10,2025-03-16,0,0,0,0,0,0,0,0,0,0
24979,Cristal Otero,2025-03-17,2025-03-23,0,0,0,0,0,0,0,0,0,0
24979,Cristal Otero,2025-03-24,2025-03-30,0,0,0,0,0,0,0,0,0,0
24979,Cristal Otero,2025-03-31,2025-04-06,0,0,0,0,0,0,0,0,0,0
24979,Cristal Otero,2025-04-07,2025-04-13,0,0,0,0,0,0,0,0,0,0
24979,Cristal Otero,2025-04-14,2025-04-20,0,0,0,0,0,0,0,0,0,0
24979,Cristal Otero,2025-04-21,2025-04-27,0,0,0,0,0,0,0,0,0,0
24979,Cristal Otero,2025-04-28,2025-05-04,0,0,0,0,0,0,0,0,0,0
24979,Cristal Otero,2025-05-05,2025-05-11,0,0,0,0,0,0,0,0,0,0
24979,Cristal Otero,2025-05-12,2025-05-18,0,0,0,0,0,0,0,0,0,0
24979,Cristal Otero,2025-05-19,2025-05-25,0,0,0,0,0,0,0,0,0,0
24979,Cristal Otero,2025-05-26,2025-06-01,0,0,0,0,0,0,0,0,0,0
24979,Cristal Otero,2025-06-02,2025-06-08,0,0,0,0,0,0,0,0,0,0
24979,Cristal Otero,2025-06-09,2025-06-15,0,0,0,0,0,0,0,0,0,0
24979,Cristal Otero,2025-06-16,2025-06-22,0,0,0,0,0,0,0,0,0,0
24979,Cristal Otero,2025-06-23,2025-06-29,0,0,0,0,0,0,0,0,0,0
24979,Cristal Otero,2025-06-30,2025-07-06,0,0,0,0,0,0,0,0,0,0
24979,Cristal Otero,2025-07-07,2025-07-13,0,0,0,0,0,0,0,0,0,0
24979,Cristal Otero,2025-07-14,2025-07-20,0,0,0,0,0,0,0,0,0,0
24979,Cristal Otero,2025-07-21,2025-07-27,0,0,0,0,0,0,0,0,0,0
24979,Cristal Otero,2025-07-28,2025-08-03,0,0,0,0,0,0,0,0,0,0
24979,Cristal Otero,2025-08-04,2025-08-10,0,0,0,0,0,0,0,0,0,0
24979,Cristal Otero,2025-08-11,2025-08-17,0,0,0,0,0,0,0,0,0,0
24979,Cristal Otero,2025-08-18,2025-08-24,0,0,0,0,0,0,0,0,0,0
24979,Cristal Otero,2025-08-25,2025-08-31,0,0,0,0,0,0,0,0,0,0
24979,Cristal Otero,2025-09-01,2025-09-07,0,0,0,0,0,0,0,0,0,0
24979,Cristal Otero,2025-09-08,2025-09-14,0,0,0,0,0,0,0,0,0,0
24979,Cristal Otero,2025-09-15,2025-09-21,0,0,0,0,0,0,0,0,0,0
24979,Cristal Otero,2025-09-22,2025-09-28,0,0,0,0,0,0,0,0,0,0
24979,Cristal Otero,2025-09-29,2025-10-05,0,0,0,0,0,0,0,0,0,0
24979,Cristal Otero,2025-10-06,2025-10-12,0,0,0,0,0,0,0,0,0,0
24979,Cristal Otero,2025-10-13,2025-10-19,0,0,0,0,0,0,0,0,0,0
24979,Cristal Otero,2025-10-20,2025-10-26,0,0,0,0,0,0,0,0,0,0
24979,Cristal Otero,2025-10-27,2025-11-02,0,0,0,0,0,0,0,0,0,0
24979,Cristal Otero,2025-11-03,2025-11-09,0,0,0,0,0,0,0,0,0,0
24979,Cristal Otero,2025-11-10,2025-11-16,0,0,0,0,0,0,0,0,0,0
24979,Cristal Otero,2025-11-17,2025-11-23,0,0,0,0,0,0,0,0,0,0
24979,Cristal Otero,2025-11-24,2025-11-30,0,0,0,0,0,0,0,0,0,0
24979,Cristal Otero,2025-12-01,2025-12-07,0,0,0,0,0,0,0,0,0,0
24979,Cristal Otero,2025-12-08,2025-12-14,0,0,0,0,0,0,0,0,0,0
24979,Cristal Otero,2025-12-15,2025-12-21,0,0,0,0,0,0,0,0,0,0
24979,Cristal Otero,2025-12-22,2025-12-28,0,0,0,0,0,0,0,0,0,0
24979,Cristal Otero,2025-12-29,2026-01-04,0,0,0,0,0,0,0,0,0,0
24979,Cristal Otero,2026-01-05,2026-01-11,0,0,0,0,0,0,0,0,0,0
24979,Cristal Otero,2026-01-12,2026-01-18,0,0,0,0,0,0,0,0,0,0
24979,Cristal Otero,2026-01-19,2026-01-25,0,0,0,0,0,0,0,0,0,0
24979,Cristal Otero,2026-01-26,2026-02-01,0,0,0,0,0,0,0,0,0,0
24979,Cristal Otero,2026-02-02,2026-02-08,0,0,0,0,0,0,0,0,0,0
24979,Cristal Otero,2026-02-09,2026-02-15,0,0,0,0,0,0,0,0,0,0
24979,Cristal Otero,2026-02-16,2026-02-22,0,0,0,0,0,0,0,0,0,0
24979,Cristal Otero,2026-02-23,2026-03-01,0,0,0,0,0,0,0,0,0,0
24979,Cristal Otero,2026-03-02,2026-03-08,0,0,0,0,0,0,0,0,0,0
24979,Cristal Otero,2026-03-09,2026-03-15,0,0,0,0,0,0,0,0,0,0
24979,Cristal Otero,2026-03-16,2026-03-22,0,0,0,0,0,0,0,0,0,0
24979,Cristal Otero,2026-03-23,2026-03-29,0,0,0,0,0,0,0,0,0,0
24979,Cristal Otero,2026-03-30,2026-04-05,0,0,0,0,0,0,0,0,0,0
24979,Cristal Otero,2026-04-06,2026-04-12,0,0,0,0,0,0,0,0,0,0
24979,Cristal Otero,2026-04-13,2026-04-19,0,0,0,0,0,0,0,0,0,0
24979,Cristal Otero,2026-04-20,2026-04-26,0,0,0,0,0,0,0,0,0,0
24979,Cristal Otero,2026-04-27,2026-05-03,0,0,0,0,0,0,0,0,0,0
24979,Cristal Otero,2026-05-04,2026-05-10,0,0,0,0,0,0,0,0,0,0
24979,Cristal Otero,2026-05-11,2026-05-17,0,0,0,0,0,0,0,0,0,0
24979,Cristal Otero,2026-05-18,2026-05-24,0,0,0,0,0,0,0,0,0,0
24979,Cristal Otero,2026-05-25,2026-05-31,0,0,0,0,0,0,0,0,0,0
24979,Cristal Otero,2026-06-01,2026-06-07,0,0,0,0,0,0,0,0,0,0
24979,Cristal Otero,2026-06-08,2026-06-14,0,0,0,0,0,0,0,0,0,0
24979,Cristal Otero,2026-06-15,2026-06-21,0,0,0,0,0,0,0,0,0,0
24979,Cristal Otero,2026-06-22,2026-06-28,0,0,0,0,0,0,0,0,0,0
24979,Cristal Otero,2026-06-29,2026-07-05,0,0,0,0,0,0,0,0,0,0
24979,Cristal Otero,2026-07-06,2026-07-12,0,0,0,0,0,0,0,0,0,0
24979,Cristal Otero,2026-07-13,2026-07-19,0,0,0,0,0,0,0,0,0,0
24979,Cristal Otero,2026-07-20,2026-07-26,52000,0,52000,0,52000,52000,0,52000,0,52000
24979,Cristal Otero,2026-07-27,2026-08-02,40000,0,40000,0,40000,92000,0,92000,0,92000
24979,Cristal Otero,2026-08-03,2026-08-09,1000,0,1000,0,1000,93000,0,93000,0,93000
24979,Cristal Otero,2026-08-10,2026-08-16,500,0,500,0,500,93500,0,93500,0,93500
24979,Cristal Otero,2026-08-17,2026-08-23,500,0,500,0,500,94000,0,94000,0,94000
24979,Cristal Otero,2026-08-24,2026-08-30,25000,0,25000,25000,0,119000,0,119000,25000,94000
24979,Cristal Otero,2026-08-31,2026-09-06,0,0,0,0,0,119000,0,119000,25000,94000
24979,Cristal Otero,2026-09-07,2026-09-13,0,0,0,0,0,119000,0,119000,25000,94000
24979,Cristal Otero,2026-09-14,2026-09-20,0,0,0,0,0,119000,0,119000,25000,94000
24979,Cristal Otero,2026-09-21,2026-09-27,0,0,0,0,0,119000,0,119000,25000,94000
23295,Eli Arnold,2024-12-30,2025-01-05,0,0,0,0,0,0,0,0,0,0
23295,Eli Arnold,2025-01-06,2025-01-12,0,0,0,0,0,0,0,0,0,0
23295,Eli Arnold,2025-01-13,2025-01-19,0,0,0,0,0,0,0,0,0,0
23295,Eli Arnold,2025-01-20,2025-01-26,0,0,0,0,0,0,0,0,0,0
23295,Eli Arnold,2025-01-27,2025-02-02,0,0,0,0,0,0,0,0,0,0
23295,Eli Arnold,2025-02-03,2025-02-09,0,0,0,0,0,0,0,0,0,0
23295,Eli Arnold,2025-02-10,2025-02-16,0,0,0,0,0,0,0,0,0,0
23295,Eli Arnold,2025-02-17,2025-02-23,0,0,0,0,0,0,0,0,0,0
23295,Eli Arnold,2025-02-24,2025-03-02,0,0,0,0,0,0,0,0,0,0
23295,Eli Arnold,2025-03-03,2025-03-09,0,0,0,0,0,0,0,0,0,0
23295,Eli Arnold,2025-03-10,2025-03-16,0,0,0,0,0,0,0,0,0,0
23295,Eli Arnold,2025-03-17,2025-03-23,0,0,0,0,0,0,0,0,0,0
23295,Eli Arnold,2025-03-24,2025-03-30,0,0,0,0,0,0,0,0,0,0
23295,Eli Arnold,2025-03-31,2025-04-06,0,0,0,0,0,0,0,0,0,0
23295,Eli Arnold,2025-04-07,2025-04-13,0,0,0,0,0,0,0,0,0,0
23295,Eli Arnold,2025-04-14,2025-04-20,0,0,0,0,0,0,0,0,0,0
23295,Eli Arnold,2025-04-21,2025-04-27,0,0,0,0,0,0,0,0,0,0
23295,Eli Arnold,2025-04-28,2025-05-04,0,0,0,0,0,0,0,0,0,0
23295,Eli Arnold,2025-05-05,2025-05-11,0,0,0,0,0,0,0,0,0,0
23295,Eli Arnold,2025-05-12,2025-05-18,0,0,0,0,0,0,0,0,0,0
23295,Eli Arnold,2025-05-19,2025-05-25,0,0,0,0,0,0,0,0,0,0
23295,Eli Arnold,2025-05-26,2025-06-01,0,0,0,0,0,0,0,0,0,0
23295,Eli Arnold,2025-06-02,2025-06-08,0,0,0,0,0,0,0,0,0,0
23295,Eli Arnold,2025-06-09,2025-06-15,0,0,0,0,0,0,0,0,0,0
23295,Eli Arnold,2025-06-16,2025-06-22,0,0,0,0,0,0,0,0,0,0
23295,Eli Arnold,2025-06-23,2025-06-29,0,0,0,0,0,0,0,0,0,0
23295,Eli Arnold,2025-06-30,2025-07-06,0,0,0,0,0,0,0,0,0,0
23295,Eli Arnold,2025-07-07,2025-07-13,0,0,0,0,0,0,0,0,0,0
23295,Eli Arnold,2025-07-14,2025-07-20,0,0,0,0,0,0,0,0,0,0
23295,Eli Arnold,2025-07-21,2025-07-27,0,0,0,0,0,0,0,0,0,0
23295,Eli Arnold,2025-07-28,2025-08-03,0,0,0,0,0,0,0,0,0,0
23295,Eli Arnold,2025-08-04,2025-08-10,0,0,0,0,0,0,0,0,0,0
23295,Eli Arnold,2025-08-11,2025-08-17,0,0,0,0,0,0,0,0,0,0
23295,Eli Arnold,2025-08-18,2025-08-24,0,0,0,0,0,0,0,0,0,0
23295,Eli Arnold,2025-08-25,2025-08-31,0,0,0,0,0,0,0,0,0,0
23295,Eli Arnold,2025-09-01,2025-09-07,0,0,0,0,0,0,0,0,0,0
23295,Eli Arnold,2025-09-08,2025-09-14,0,0,0,0,0,0,0,0,0,0
23295,Eli Arnold,2025-09-15,2025-09-21,0,0,0,0,0,0,0,0,0,0
23295,Eli Arnold,2025-09-22,2025-09-28,0,0,0,0,0,0,0,0,0,0
23295,Eli Arnold,2025-09-29,2025-10-05,0,0,0,0,0,0,0,0,0,0
23295,Eli Arnold,2025-10-06,2025-10-12,0,0,0,0,0,0,0,0,0,0
23295,Eli Arnold,2025-10-13,2025-10-19,0,0,0,0,0,0,0,0,0,0
23295,Eli Arnold,2025-10-20,2025-10-26,0,0,0,0,0,0,0,0,0,0
23295,Eli Arnold,2025-10-27,2025-11-02,0,0,0,0,0,0,0,0,0,0
23295,Eli Arnold,2025-11-03,2025-11-09,0,0,0,0,0,0,0,0,0,0
23295,Eli Arnold,2025-11-10,2025-11-16,890600,0,890600,645000,210600,890600,0,890600,645000,210600
23295,Eli Arnold,2025-11-17,2025-11-23,253500,0,253500,165000,88500,1144100,0,1144100,810000,299100
23295,Eli Arnold,2025-11-24,2025-11-30,138500,0,138500,87500,51000,1282600,0,1282600,897500,350100
23295,Eli Arnold,2025-12-01,2025-12-07,42000,0,42000,25000,17000,1324600,0,1324600,922500,367100
23295,Eli Arnold,2025-12-08,2025-12-14,318500,0,318500,70000,248500,1643100,0,1643100,992500,615600
23295,Eli Arnold,2025-12-15,2025-12-21,112500,0,112500,70000,42500,1755600,0,1755600,1062500,658100
23295,Eli Arnold,2025-12-22,2025-12-28,30000,0,30000,0,30000,1785600,0,1785600,1062500,688100
23295,Eli Arnold,2025-12-29,2026-01-04,187000,0,187000,87500,99500,1972600,0,1972600,1150000,787600
23295,Eli Arnold,2026-01-05,2026-01-11,70500,0,70500,25000,45500,2043100,0,2043100,1175000,833100
23295,Eli Arnold,2026-01-12,2026-01-18,299500,0,299500,125000,174500,2342600,0,2342600,1300000,1007600
23295,Eli Arnold,2026-01-19,2026-01-25,195000,0,195000,25000,170000,2537600,0,2537600,1325000,1177600
23295,Eli Arnold,2026-01-26,2026-02-01,5254500,5000000,254500,35000,219500,7792100,5000000,2792100,1360000,1397100
23295,Eli Arnold,2026-02-02,2026-02-08,79000,0,79000,25000,54000,7871100,5000000,2871100,1385000,1451100
23295,Eli Arnold,2026-02-09,2026-02-15,80000,0,80000,35000,45000,7951100,5000000,2951100,1420000,1496100
23295,Eli Arnold,2026-02-16,2026-02-22,53500,0,53500,10000,43500,8004600,5000000,3004600,1430000,1539600
23295,Eli Arnold,2026-02-23,2026-03-01,95000,0,95000,2500,92500,8099600,5000000,3099600,1432500,1632100
23295,Eli Arnold,2026-03-02,2026-03-08,175100,0,175100,60000,115100,8274700,5000000,3274700,1492500,1747200
23295,Eli Arnold,2026-03-09,2026-03-15,114500,0,114500,50000,64500,8389200,5000000,3389200,1542500,1811700
23295,Eli Arnold,2026-03-16,2026-03-22,45500,0,45500,10000,35500,8434700,5000000,3434700,1552500,1847200
23295,Eli Arnold,2026-03-23,2026-03-29,124000,0,124000,50000,74000,8558700,5000000,3558700,1602500,1921200
23295,Eli Arnold,2026-03-30,2026-04-05,46000,0,46000,25000,21000,8604700,5000000,3604700,1627500,1942200
23295,Eli Arnold,2026-04-06,2026-04-12,50500,0,50500,12500,38000,8655200,5000000,3655200,1640000,1980200
23295,Eli Arnold,2026-04-13,2026-04-19,162000,0,162000,100000,62000,8817200,5000000,3817200,1740000,2042200
23295,Eli Arnold,2026-04-20,2026-04-26,99500,0,99500,25000,74500,8916700,5000000,3916700,1765000,2116700
23295,Eli Arnold,2026-04-27,2026-05-03,51500,0,51500,2500,49000,8968200,5000000,3968200,1767500,2165700
23295,Eli Arnold,2026-05-04,2026-05-10,49000,0,49000,25000,24000,9017200,5000000,4017200,1792500,2189700
23295,Eli Arnold,2026-05-11,2026-05-17,67000,0,67000,25000,42000,9084200,5000000,4084200,1817500,2231700
23295,Eli Arnold,2026-05-18,2026-05-24,85500,0,85500,35000,50500,9169700,5000000,4169700,1852500,2282200
23295,Eli Arnold,2026-05-25,2026-05-31,267900,0,267900,78500,189400,9437600,5000000,4437600,1931000,2471600
23295,Eli Arnold,2026-06-01,2026-06-07,224500,0,224500,125000,99500,9662100,5000000,4662100,2056000,2571100
23295,Eli Arnold,2026-06-08,2026-06-14,178000,0,178000,88000,90000,9840100,5000000,4840100,2144000,2661100
23295,Eli Arnold,2026-06-15,2026-06-21,147500,0,147500,100000,47500,9987600,5000000,4987600,2244000,2708600
23295,Eli Arnold,2026-06-22,2026-06-28,207999,0,207999,110500,97499,10195599,5000000,5195599,2354500,2806099
23295,Eli Arnold,2026-06-29,2026-07-05,41000,0,41000,10000,31000,10236599,5000000,5236599,2364500,2837099
23295,Eli Arnold,2026-07-06,2026-07-12,5224000,5000000,224000,120000,104000,15460599,10000000,5460599,2484500,2941099
23295,Eli Arnold,2026-07-13,2026-07-19,183300,0,183300,110000,73300,15643899,10000000,5643899,2594500,3014399
23295,Eli Arnold,2026-07-20,2026-07-26,91000,0,91000,60000,31000,15734899,10000000,5734899,2654500,3045399
23295,Eli Arnold,2026-07-27,2026-08-02,223500,0,223500,94000,129500,15958399,10000000,5958399,2748500,3174899
23295,Eli Arnold,2026-08-03,2026-08-09,137000,0,137000,60000,77000,16095399,10000000,6095399,2808500,3251899
23295,Eli Arnold,2026-08-10,2026-08-16,154000,0,154000,45000,109000,16249399,10000000,6249399,2853500,3360899
23295,Eli Arnold,2026-08-17,2026-08-23,187500,0,187500,77500,110000,16436899,10000000,6436899,2931000,3470899
23295,Eli Arnold,2026-08-24,2026-08-30,7903216,7500000,403216,272500,130716,24340115,17500000,6840115,3203500,3601615
23295,Eli Arnold,2026-08-31,2026-09-06,301500,0,301500,192500,109000,24641615,17500000,7141615,3396000,3710615
23295,Eli Arnold,2026-09-07,2026-09-13,2140900,1949900,191000,27500,163500,26782515,19449900,7332615,3423500,3874115
23295,Eli Arnold,2026-09-14,2026-09-20,1469100,550100,919000,390000,529000,28251615,20000000,8251615,3813500,4403115
23295,Eli Arnold,2026-09-21,2026-09-27,316500,0,316500,152000,164500,28568115,20000000,8568115,3965500,4567615
23365,Mitch Green,2024-12-30,2025-01-05,2100,0,2100,0,2100,2100,0,2100,0,2100
23365,Mitch Green,2025-01-06,2025-01-12,131600,0,131600,105000,26600,133700,0,133700,105000,28700
23365,Mitch Green,2025-01-13,2025-01-19,0,0,0,0,0,133700,0,133700,105000,28700
23365,Mitch Green,2025-01-20,2025-01-26,4500,0,4500,0,4500,138200,0,138200,105000,33200
23365,Mitch Green,2025-01-27,2025-02-02,5150,0,5150,0,5150,143350,0,143350,105000,38350
23365,Mitch Green,2025-02-03,2025-02-09,3500,0,3500,0,3500,146850,0,146850,105000,41850
23365,Mitch Green,2025-02-10,2025-02-16,18869,0,18869,0,18869,165719,0,165719,105000,60719
23365,Mitch Green,2025-02-17,2025-02-23,192,0,192,0,192,165911,0,165911,105000,60911
23365,Mitch Green,2025-02-24,2025-03-02,7000,0,7000,0,7000,172911,0,172911,105000,67911
23365,Mitch Green,2025-03-03,2025-03-09,4500,0,4500,0,4500,177411,0,177411,105000,72411
23365,Mitch Green,2025-03-10,2025-03-16,2385,0,2385,0,2385,179796,0,179796,105000,74796
23365,Mitch Green,2025-03-17,2025-03-23,192,0,192,0,192,179988,0,179988,105000,74988
23365,Mitch Green,2025-03-24,2025-03-30,5000,0,5000,0,5000,184988,0,184988,105000,79988
23365,Mitch Green,2025-03-31,2025-04-06,3500,0,3500,2500,1000,188488,0,188488,107500,80988
23365,Mitch Green,2025-04-07,2025-04-13,3000,0,3000,0,3000,191488,0,191488,107500,83988
23365,Mitch Green,2025-04-14,2025-04-20,0,0,0,0,0,191488,0,191488,107500,83988
23365,Mitch Green,2025-04-21,2025-04-27,5000,0,5000,0,5000,196488,0,196488,107500,88988
23365,Mitch Green,2025-04-28,2025-05-04,1000,0,1000,0,1000,197488,0,197488,107500,89988
23365,Mitch Green,2025-05-05,2025-05-11,0,0,0,0,0,197488,0,197488,107500,89988
23365,Mitch Green,2025-05-12,2025-05-18,0,0,0,0,0,197488,0,197488,107500,89988
23365,Mitch Green,2025-05-19,2025-05-25,0,0,0,0,0,197488,0,197488,107500,89988
23365,Mitch Green,2025-05-26,2025-06-01,0,0,0,0,0,197488,0,197488,107500,89988
23365,Mitch Green,2025-06-02,2025-06-08,0,0,0,0,0,197488,0,197488,107500,89988
23365,Mitch Green,2025-06-09,2025-06-15,0,0,0,0,0,197488,0,197488,107500,89988
23365,Mitch Green,2025-06-16,2025-06-22,0,0,0,0,0,197488,0,197488,107500,89988
23365,Mitch Green,2025-06-23,2025-06-29,0,0,0,0,0,197488,0,197488,107500,89988
23365,Mitch Green,2025-06-30,2025-07-06,0,0,0,0,0,197488,0,197488,107500,89988
23365,Mitch Green,2025-07-07,2025-07-13,0,0,0,0,0,197488,0,197488,107500,89988
23365,Mitch Green,2025-07-14,2025-07-20,0,0,0,0,0,197488,0,197488,107500,89988
23365,Mitch Green,2025-07-21,2025-07-27,0,0,0,0,0,197488,0,197488,107500,89988
23365,Mitch Green,2025-07-28,2025-08-03,0,0,0,0,0,197488,0,197488,107500,89988
23365,Mitch Green,2025-08-04,2025-08-10,0,0,0,0,0,197488,0,197488,107500,89988
23365,Mitch Green,2025-08-11,2025-08-17,0,0,0,0,0,197488,0,197488,107500,89988
23365,Mitch Green,2025-08-18,2025-08-24,769112,0,769112,407500,361612,966600,0,966600,515000,451600
23365,Mitch Green,2025-08-25,2025-08-31,13500,0,13500,0,13500,980100,0,980100,515000,465100
23365,Mitch Green,2025-09-01,2025-09-07,15000,0,15000,0,15000,995100,0,995100,515000,480100
23365,Mitch Green,2025-09-08,2025-09-14,9400,0,9400,0,9400,1004500,0,1004500,515000,489500
23365,Mitch Green,2025-09-15,2025-09-21,85700,0,85700,52500,33200,1090200,0,1090200,567500,522700
23365,Mitch Green,2025-09-22,2025-09-28,1600,0,1600,0,1600,1091800,0,1091800,567500,524300
23365,Mitch Green,2025-09-29,2025-10-05,15500,0,15500,0,15500,1107300,0,1107300,567500,539800
23365,Mitch Green,2025-10-06,2025-10-12,0,0,0,0,0,1107300,0,1107300,567500,539800
23365,Mitch Green,2025-10-13,2025-10-19,50000,0,50000,50000,0,1157300,0,1157300,617500,539800
23365,Mitch Green,2025-10-20,2025-10-26,55800,0,55800,37500,18300,1213100,0,1213100,655000,558100
23365,Mitch Green,2025-10-27,2025-11-02,0,0,0,0,0,1213100,0,1213100,655000,558100
23365,Mitch Green,2025-11-03,2025-11-09,5500,0,5500,0,5500,1218600,0,1218600,655000,563600
23365,Mitch Green,2025-11-10,2025-11-16,11500,0,11500,0,11500,1230100,0,1230100,655000,575100
23365,Mitch Green,2025-11-17,2025-11-23,137300,0,137300,47600,89700,1367400,0,1367400,702600,664800
23365,Mitch Green,2025-11-24,2025-11-30,19800,0,19800,15000,4800,1387200,0,1387200,717600,669600
23365,Mitch Green,2025-12-01,2025-12-07,183700,0,183700,42500,141200,1570900,0,1570900,760100,810800
23365,Mitch Green,2025-12-08,2025-12-14,264200,0,264200,157500,19200,1835100,0,1835100,917600,830000
23365,Mitch Green,2025-12-15,2025-12-21,24600,0,24600,17500,7100,1859700,0,1859700,935100,837100
23365,Mitch Green,2025-12-22,2025-12-28,49500,0,49500,20000,29500,1909200,0,1909200,955100,866600
23365,Mitch Green,2025-12-29,2026-01-04,83500,0,83500,10000,73500,1992700,0,1992700,965100,940100
23365,Mitch Green,2026-01-05,2026-01-11,150400,0,150400,50000,50400,2143100,0,2143100,1015100,990500
23365,Mitch Green,2026-01-12,2026-01-18,59500,0,59500,50000,9500,2202600,0,2202600,1065100,1000000
23365,Mitch Green,2026-01-19,2026-01-25,36100,0,36100,0,36100,2238700,0,2238700,1065100,1036100
23365,Mitch Green,2026-01-26,2026-02-01,5057300,5000000,57300,0,7300,7296000,5000000,2296000,1065100,1043400
23365,Mitch Green,2026-02-02,2026-02-08,93666,0,93666,35000,58666,7389666,5000000,2389666,1100100,1102066
23365,Mitch Green,2026-02-09,2026-02-15,44167,0,44167,35000,9167,7433833,5000000,2433833,1135100,1111233
23365,Mitch Green,2026-02-16,2026-02-22,36100,0,36100,0,36100,7469933,5000000,2469933,1135100,1147333
23365,Mitch Green,2026-02-23,2026-03-01,83000,0,83000,70000,13000,7552933,5000000,2552933,1205100,1160333
23365,Mitch Green,2026-03-02,2026-03-08,158999,0,158999,95000,63999,7711932,5000000,2711932,1300100,1224332
23365,Mitch Green,2026-03-09,2026-03-15,90834,0,90834,0,90834,7802766,5000000,2802766,1300100,1315166
23365,Mitch Green,2026-03-16,2026-03-22,79100,0,79100,35000,44100,7881866,5000000,2881866,1335100,1359266
23365,Mitch Green,2026-03-23,2026-03-29,51500,0,51500,35000,16500,7933366,5000000,2933366,1370100,1375766
23365,Mitch Green,2026-03-30,2026-04-05,140033,0,140033,49900,90133,8073399,5000000,3073399,1420000,1465899
23365,Mitch Green,2026-04-06,2026-04-12,170399,0,170399,79500,90899,8243798,5000000,3243798,1499500,1556798
23365,Mitch Green,2026-04-13,2026-04-19,45500,0,45500,0,45500,8289298,5000000,3289298,1499500,1602298
23365,Mitch Green,2026-04-20,2026-04-26,90300,0,90300,8500,81800,8379598,5000000,3379598,1508000,1684098
23365,Mitch Green,2026-04-27,2026-05-03,156633,0,156633,36300,95333,8536231,5000000,3536231,1544300,1779431
23365,Mitch Green,2026-05-04,2026-05-10,73766,0,73766,27333,46433,8609997,5000000,3609997,1571633,1825864
23365,Mitch Green,2026-05-11,2026-05-17,45767,0,45767,0,45767,8655764,5000000,3655764,1571633,1871631
23365,Mitch Green,2026-05-18,2026-05-24,158179,0,158179,87667,70512,8813943,5000000,3813943,1659300,1942143
23365,Mitch Green,2026-05-25,2026-05-31,83633,0,83633,51300,32333,8897576,5000000,3897576,1710600,1974476
23365,Mitch Green,2026-06-01,2026-06-07,103665,0,103665,22666,80999,9001241,5000000,4001241,1733266,2055475
23365,Mitch Green,2026-06-08,2026-06-14,23100,0,23100,7500,15600,9024341,5000000,4024341,1740766,2071075
23365,Mitch Green,2026-06-15,2026-06-21,87900,0,87900,56800,31100,9112241,5000000,4112241,1797566,2102175
23365,Mitch Green,2026-06-22,2026-06-28,310645,0,310645,147000,163645,9422886,5000000,4422886,1944566,2265820
23365,Mitch Green,2026-06-29,2026-07-05,5072965,5000000,72965,1300,71665,14495851,10000000,4495851,1945866,2337485
23365,Mitch Green,2026-07-06,2026-07-12,185033,0,185033,72866,112167,14680884,10000000,4680884,2018732,2449652
23365,Mitch Green,2026-07-13,2026-07-19,115133,0,115133,38300,76833,14796017,10000000,4796017,2057032,2526485
23365,Mitch Green,2026-07-20,2026-07-26,903012,0,903012,638500,264512,15699029,10000000,5699029,2695532,2790997
23365,Mitch Green,2026-07-27,2026-08-02,402088,0,402088,270600,131488,16101117,10000000,6101117,2966132,2922485
23365,Mitch Green,2026-08-03,2026-08-09,110532,0,110532,5266,105266,16211649,10000000,6211649,2971398,3027751
23365,Mitch Green,2026-08-10,2026-08-16,5181100,5149100,32000,10800,21200,21392749,15149100,6243649,2982198,3048951
23365,Mitch Green,2026-08-17,2026-08-23,552695,433800,118895,65000,43895,21945444,15582900,6362544,3047198,3092846
23365,Mitch Green,2026-08-24,2026-08-30,165417,0,165417,75000,55417,22110861,15582900,6527961,3122198,3148263
23365,Mitch Green,2026-08-31,2026-09-06,104266,0,104266,25000,79266,22215127,15582900,6632227,3147198,3227529
23365,Mitch Green,2026-09-07,2026-09-13,813266,657200,156066,57766,98300,23028393,16240100,6788293,3204964,3325829
23365,Mitch Green,2026-09-14,2026-09-20,849148,0,849148,240332,608816,23877541,16240100,7637441,3445296,3934645
23365,Mitch Green,2026-09-21,2026-09-27,180245,0,180245,87500,92745,24057786,16240100,7817686,3532796,4027390
17629,Eric Zimmerman,2024-12-30,2025-01-05,1000,0,1000,0,1000,1000,0,1000,0,1000
17629,Eric Zimmerman,2025-01-06,2025-01-12,0,0,0,0,0,1000,0,1000,0,1000
17629,Eric Zimmerman,2025-01-13,2025-01-19,0,0,0,0,0,1000,0,1000,0,1000
17629,Eric Zimmerman,2025-01-20,2025-01-26,0,0,0,0,0,1000,0,1000,0,1000
17629,Eric Zimmerman,2025-01-27,2025-02-02,0,0,0,0,0,1000,0,1000,0,1000
17629,Eric Zimmerman,2025-02-03,2025-02-09,0,0,0,0,0,1000,0,1000,0,1000
17629,Eric Zimmerman,2025-02-10,2025-02-16,0,0,0,0,0,1000,0,1000,0,1000
17629,Eric Zimmerman,2025-02-17,2025-02-23,0,0,0,0,0,1000,0,1000,0,1000
17629,Eric Zimmerman,2025-02-24,2025-03-02,0,0,0,0,0,1000,0,1000,0,1000
17629,Eric Zimmerman,2025-03-03,2025-03-09,0,0,0,0,0,1000,0,1000,0,1000
17629,Eric Zimmerman,2025-03-10,2025-03-16,0,0,0,0,0,1000,0,1000,0,1000
17629,Eric Zimmerman,2025-03-17,2025-03-23,0,0,0,0,0,1000,0,1000,0,1000
17629,Eric Zimmerman,2025-03-24,2025-03-30,0,0,0,0,0,1000,0,1000,0,1000
17629,Eric Zimmerman,2025-03-31,2025-04-06,0,0,0,0,0,1000,0,1000,0,1000
17629,Eric Zimmerman,2025-04-07,2025-04-13,0,0,0,0,0,1000,0,1000,0,1000
17629,Eric Zimmerman,2025-04-14,2025-04-20,0,0,0,0,0,1000,0,1000,0,1000
17629,Eric Zimmerman,2025-04-21,2025-04-27,0,0,0,0,0,1000,0,1000,0,1000
17629,Eric Zimmerman,2025-04-28,2025-05-04,0,0,0,0,0,1000,0,1000,0,1000
17629,Eric Zimmerman,2025-05-05,2025-05-11,50000,0,50000,0,0,51000,0,51000,0,1000
17629,Eric Zimmerman,2025-05-12,2025-05-18,0,0,0,0,0,51000,0,51000,0,1000
17629,Eric Zimmerman,2025-05-19,2025-05-25,50000,0,50000,0,0,101000,0,101000,0,1000
17629,Eric Zimmerman,2025-05-26,2025-06-01,0,0,0,0,0,101000,0,101000,0,1000
17629,Eric Zimmerman,2025-06-02,2025-06-08,0,0,0,0,0,101000,0,101000,0,1000
17629,Eric Zimmerman,2025-06-09,2025-06-15,0,0,0,0,0,101000,0,101000,0,1000
17629,Eric Zimmerman,2025-06-16,2025-06-22,0,0,0,0,0,101000,0,101000,0,1000
17629,Eric Zimmerman,2025-06-23,2025-06-29,0,0,0,0,0,101000,0,101000,0,1000
17629,Eric Zimmerman,2025-06-30,2025-07-06,0,0,0,0,0,101000,0,101000,0,1000
17629,Eric Zimmerman,2025-07-07,2025-07-13,50000,0,50000,0,0,151000,0,151000,0,1000
17629,Eric Zimmerman,2025-07-14,2025-07-20,0,0,0,0,0,151000,0,151000,0,1000
17629,Eric Zimmerman,2025-07-21,2025-07-27,50000,0,50000,0,0,201000,0,201000,0,1000
17629,Eric Zimmerman,2025-07-28,2025-08-03,0,0,0,0,0,201000,0,201000,0,1000
17629,Eric Zimmerman,2025-08-04,2025-08-10,0,0,0,0,0,201000,0,201000,0,1000
17629,Eric Zimmerman,2025-08-11,2025-08-17,0,0,0,0,0,201000,0,201000,0,1000
17629,Eric Zimmerman,2025-08-18,2025-08-24,0,0,0,0,0,201000,0,201000,0,1000
17629,Eric Zimmerman,2025-08-25,2025-08-31,0,0,0,0,0,201000,0,201000,0,1000
17629,Eric Zimmerman,2025-09-01,2025-09-07,24500,0,24500,0,24500,225500,0,225500,0,25500
17629,Eric Zimmerman,2025-09-08,2025-09-14,2000,0,2000,0,2000,227500,0,227500,0,27500
17629,Eric Zimmerman,2025-09-15,2025-09-21,12500,0,12500,0,12500,240000,0,240000,0,40000
17629,Eric Zimmerman,2025-09-22,2025-09-28,70000,0,70000,70000,0,310000,0,310000,70000,40000
17629,Eric Zimmerman,2025-09-29,2025-10-05,0,0,0,0,0,310000,0,310000,70000,40000
17629,Eric Zimmerman,2025-10-06,2025-10-12,50000,0,50000,0,0,360000,0,360000,70000,40000
17629,Eric Zimmerman,2025-10-13,2025-10-19,2500,0,2500,0,2500,362500,0,362500,70000,42500
17629,Eric Zimmerman,2025-10-20,2025-10-26,0,0,0,0,0,362500,0,362500,70000,42500
17629,Eric Zimmerman,2025-10-27,2025-11-02,0,0,0,0,0,362500,0,362500,70000,42500
17629,Eric Zimmerman,2025-11-03,2025-11-09,0,0,0,0,0,362500,0,362500,70000,42500
17629,Eric Zimmerman,2025-11-10,2025-11-16,50000,0,50000,35000,15000,412500,0,412500,105000,57500
17629,Eric Zimmerman,2025-11-17,2025-11-23,0,0,0,0,0,412500,0,412500,105000,57500
17629,Eric Zimmerman,2025-11-24,2025-11-30,141000,0,141000,122500,18500,553500,0,553500,227500,76000
17629,Eric Zimmerman,2025-12-01,2025-12-07,10000,0,10000,0,10000,563500,0,563500,227500,86000
17629,Eric Zimmerman,2025-12-08,2025-12-14,2500,0,2500,0,2500,566000,0,566000,227500,88500
17629,Eric Zimmerman,2025-12-15,2025-12-21,0,0,0,0,0,566000,0,566000,227500,88500
17629,Eric Zimmerman,2025-12-22,2025-12-28,61300,0,61300,0,0,627300,0,627300,227500,88500
17629,Eric Zimmerman,2025-12-29,2026-01-04,19500,0,19500,0,19500,646800,0,646800,227500,108000
17629,Eric Zimmerman,2026-01-05,2026-01-11,0,0,0,0,0,646800,0,646800,227500,108000
17629,Eric Zimmerman,2026-01-12,2026-01-18,37500,0,37500,35000,2500,684300,0,684300,262500,110500
17629,Eric Zimmerman,2026-01-19,2026-01-25,18000,0,18000,0,18000,702300,0,702300,262500,128500
17629,Eric Zimmerman,2026-01-26,2026-02-01,155500,0,155500,0,68000,857800,0,857800,262500,196500
17629,Eric Zimmerman,2026-02-02,2026-02-08,25500,0,25500,20000,5500,883300,0,883300,282500,202000
17629,Eric Zimmerman,2026-02-09,2026-02-15,2500,0,2500,0,2500,885800,0,885800,282500,204500
17629,Eric Zimmerman,2026-02-16,2026-02-22,57500,0,57500,25000,32500,943300,0,943300,307500,237000
17629,Eric Zimmerman,2026-02-23,2026-03-01,52000,0,52000,35000,17000,995300,0,995300,342500,254000
17629,Eric Zimmerman,2026-03-02,2026-03-08,75000,0,75000,70000,5000,1070300,0,1070300,412500,259000
17629,Eric Zimmerman,2026-03-09,2026-03-15,2500,0,2500,0,2500,1072800,0,1072800,412500,261500
17629,Eric Zimmerman,2026-03-16,2026-03-22,40000,0,40000,35000,5000,1112800,0,1112800,447500,266500
17629,Eric Zimmerman,2026-03-23,2026-03-29,305000,0,305000,130000,87500,1417800,0,1417800,577500,354000
17629,Eric Zimmerman,2026-03-30,2026-04-05,112500,0,112500,105000,7500,1530300,0,1530300,682500,361500
17629,Eric Zimmerman,2026-04-06,2026-04-12,347500,0,347500,225000,122500,1877800,0,1877800,907500,484000
17629,Eric Zimmerman,2026-04-13,2026-04-19,196500,0,196500,120000,76500,2074300,0,2074300,1027500,560500
17629,Eric Zimmerman,2026-04-20,2026-04-26,93500,0,93500,60000,33500,2167800,0,2167800,1087500,594000
17629,Eric Zimmerman,2026-04-27,2026-05-03,208500,0,208500,130000,78500,2376300,0,2376300,1217500,672500
17629,Eric Zimmerman,2026-05-04,2026-05-10,212000,0,212000,110000,102000,2588300,0,2588300,1327500,774500
17629,Eric Zimmerman,2026-05-11,2026-05-17,321100,0,321100,250100,71000,2909400,0,2909400,1577600,845500
17629,Eric Zimmerman,2026-05-18,2026-05-24,52500,0,52500,10000,42500,2961900,0,2961900,1587600,888000
17629,Eric Zimmerman,2026-05-25,2026-05-31,107500,0,107500,105000,2500,3069400,0,3069400,1692600,890500
17629,Eric Zimmerman,2026-06-01,2026-06-07,188500,0,188500,132500,56000,3257900,0,3257900,1825100,946500
17629,Eric Zimmerman,2026-06-08,2026-06-14,230000,0,230000,140000,90000,3487900,0,3487900,1965100,1036500
17629,Eric Zimmerman,2026-06-15,2026-06-21,47000,0,47000,0,47000,3534900,0,3534900,1965100,1083500
17629,Eric Zimmerman,2026-06-22,2026-06-28,145300,0,145300,50000,95300,3680200,0,3680200,2015100,1178800
17629,Eric Zimmerman,2026-06-29,2026-07-05,54000,0,54000,40000,14000,3734200,0,3734200,2055100,1192800
17629,Eric Zimmerman,2026-07-06,2026-07-12,23500,0,23500,2500,21000,3757700,0,3757700,2057600,1213800
17629,Eric Zimmerman,2026-07-13,2026-07-19,10000,0,10000,0,10000,3767700,0,3767700,2057600,1223800
17629,Eric Zimmerman,2026-07-20,2026-07-26,6864700,6798000,66700,59200,7500,10632400,6798000,3834400,2116800,1231300
17629,Eric Zimmerman,2026-07-27,2026-08-02,103000,0,103000,62500,40500,10735400,6798000,3937400,2179300,1271800
17629,Eric Zimmerman,2026-08-03,2026-08-09,79500,0,79500,47500,32000,10814900,6798000,4016900,2226800,1303800
17629,Eric Zimmerman,2026-08-10,2026-08-16,473800,320000,153800,100000,53800,11288700,7118000,4170700,2326800,1357600
17629,Eric Zimmerman,2026-08-17,2026-08-23,832500,0,832500,710000,87500,12121200,7118000,5003200,3036800,1445100
17629,Eric Zimmerman,2026-08-24,2026-08-30,851000,0,851000,677500,173500,12972200,7118000,5854200,3714300,1618600
17629,Eric Zimmerman,2026-08-31,2026-09-06,262000,0,262000,102500,124500,13234200,7118000,6116200,3816800,1743100
17629,Eric Zimmerman,2026-09-07,2026-09-13,2403000,1692000,711000,535000,176000,15637200,8810000,6827200,4351800,1919100
17629,Eric Zimmerman,2026-09-14,2026-09-20,1082500,0,1082500,825500,257000,16719700,8810000,7909700,5177300,2176100
17629,Eric Zimmerman,2026-09-21,2026-09-27,584600,0,584600,360100,224500,17304300,8810000,8494300,5537400,2400600
23199,Olivia Clark,2024-12-30,2025-01-05,1000,0,1000,0,1000,1000,0,1000,0,1000
23199,Olivia Clark,2025-01-06,2025-01-12,50000,0,50000,0,0,51000,0,51000,0,1000
23199,Olivia Clark,2025-01-13,2025-01-19,50000,0,50000,50000,0,101000,0,101000,50000,1000
23199,Olivia Clark,2025-01-20,2025-01-26,0,0,0,0,0,101000,0,101000,50000,1000
23199,Olivia Clark,2025-01-27,2025-02-02,0,0,0,0,0,101000,0,101000,50000,1000
23199,Olivia Clark,2025-02-03,2025-02-09,0,0,0,0,0,101000,0,101000,50000,1000
23199,Olivia Clark,2025-02-10,2025-02-16,0,0,0,0,0,101000,0,101000,50000,1000
23199,Olivia Clark,2025-02-17,2025-02-23,2000,0,2000,0,2000,103000,0,103000,50000,3000
23199,Olivia Clark,2025-02-24,2025-03-02,0,0,0,0,0,103000,0,103000,50000,3000
23199,Olivia Clark,2025-03-03,2025-03-09,0,0,0,0,0,103000,0,103000,50000,3000
23199,Olivia Clark,2025-03-10,2025-03-16,0,0,0,0,0,103000,0,103000,50000,3000
23199,Olivia Clark,2025-03-17,2025-03-23,0,0,0,0,0,103000,0,103000,50000,3000
23199,Olivia Clark,2025-03-24,2025-03-30,0,0,0,0,0,103000,0,103000,50000,3000
23199,Olivia Clark,2025-03-31,2025-04-06,5000,0,5000,0,5000,108000,0,108000,50000,8000
23199,Olivia Clark,2025-04-07,2025-04-13,0,0,0,0,0,108000,0,108000,50000,8000
23199,Olivia Clark,2025-04-14,2025-04-20,0,0,0,0,0,108000,0,108000,50000,8000
23199,Olivia Clark,2025-04-21,2025-04-27,0,0,0,0,0,108000,0,108000,50000,8000
23199,Olivia Clark,2025-04-28,2025-05-04,0,0,0,0,0,108000,0,108000,50000,8000
23199,Olivia Clark,2025-05-05,2025-05-11,0,0,0,0,0,108000,0,108000,50000,8000
23199,Olivia Clark,2025-05-12,2025-05-18,0,0,0,0,0,108000,0,108000,50000,8000
23199,Olivia Clark,2025-05-19,2025-05-25,0,0,0,0,0,108000,0,108000,50000,8000
23199,Olivia Clark,2025-05-26,2025-06-01,0,0,0,0,0,108000,0,108000,50000,8000
23199,Olivia Clark,2025-06-02,2025-06-08,0,0,0,0,0,108000,0,108000,50000,8000
23199,Olivia Clark,2025-06-09,2025-06-15,0,0,0,0,0,108000,0,108000,50000,8000
23199,Olivia Clark,2025-06-16,2025-06-22,0,0,0,0,0,108000,0,108000,50000,8000
23199,Olivia Clark,2025-06-23,2025-06-29,0,0,0,0,0,108000,0,108000,50000,8000
23199,Olivia Clark,2025-06-30,2025-07-06,10000,0,10000,0,10000,118000,0,118000,50000,18000
23199,Olivia Clark,2025-07-07,2025-07-13,25000,0,25000,0,0,143000,0,143000,50000,18000
23199,Olivia Clark,2025-07-14,2025-07-20,30000,0,30000,30000,0,173000,0,173000,80000,18000
23199,Olivia Clark,2025-07-21,2025-07-27,30000,0,30000,30000,0,203000,0,203000,110000,18000
23199,Olivia Clark,2025-07-28,2025-08-03,5000,0,5000,0,5000,208000,0,208000,110000,23000
23199,Olivia Clark,2025-08-04,2025-08-10,35000,0,35000,35000,0,243000,0,243000,145000,23000
23199,Olivia Clark,2025-08-11,2025-08-17,0,0,0,0,0,243000,0,243000,145000,23000
23199,Olivia Clark,2025-08-18,2025-08-24,125000,0,125000,122500,2500,368000,0,368000,267500,25500
23199,Olivia Clark,2025-08-25,2025-08-31,70000,0,70000,70000,0,438000,0,438000,337500,25500
23199,Olivia Clark,2025-09-01,2025-09-07,109500,0,109500,60000,49500,547500,0,547500,397500,75000
23199,Olivia Clark,2025-09-08,2025-09-14,85000,0,85000,60000,25000,632500,0,632500,457500,100000
23199,Olivia Clark,2025-09-15,2025-09-21,220000,0,220000,95000,75000,852500,0,852500,552500,175000
23199,Olivia Clark,2025-09-22,2025-09-28,145000,0,145000,135000,10000,997500,0,997500,687500,185000
23199,Olivia Clark,2025-09-29,2025-10-05,25500,0,25500,0,25500,1023000,0,1023000,687500,210500
23199,Olivia Clark,2025-10-06,2025-10-12,130000,0,130000,0,30000,1153000,0,1153000,687500,240500
23199,Olivia Clark,2025-10-13,2025-10-19,111000,0,111000,50000,61000,1264000,0,1264000,737500,301500
23199,Olivia Clark,2025-10-20,2025-10-26,115000,0,115000,25000,40000,1379000,0,1379000,762500,341500
23199,Olivia Clark,2025-10-27,2025-11-02,168500,0,168500,105000,63500,1547500,0,1547500,867500,405000
23199,Olivia Clark,2025-11-03,2025-11-09,175000,0,175000,60000,115000,1722500,0,1722500,927500,520000
23199,Olivia Clark,2025-11-10,2025-11-16,290300,0,290300,170000,120300,2012800,0,2012800,1097500,640300
23199,Olivia Clark,2025-11-17,2025-11-23,178500,0,178500,50000,128500,2191300,0,2191300,1147500,768800
23199,Olivia Clark,2025-11-24,2025-11-30,162000,0,162000,122500,39500,2353300,0,2353300,1270000,808300
23199,Olivia Clark,2025-12-01,2025-12-07,153700,0,153700,85200,68500,2507000,0,2507000,1355200,876800
23199,Olivia Clark,2025-12-08,2025-12-14,225945,0,225945,173945,52000,2732945,0,2732945,1529145,928800
23199,Olivia Clark,2025-12-15,2025-12-21,238500,0,238500,60000,178500,2971445,0,2971445,1589145,1107300
23199,Olivia Clark,2025-12-22,2025-12-28,30500,0,30500,15000,15500,3001945,0,3001945,1604145,1122800
23199,Olivia Clark,2025-12-29,2026-01-04,25000,0,25000,0,25000,3026945,0,3026945,1604145,1147800
23199,Olivia Clark,2026-01-05,2026-01-11,5144500,5000000,144500,75000,69500,8171445,5000000,3171445,1679145,1217300
23199,Olivia Clark,2026-01-12,2026-01-18,36000,0,36000,32500,3500,8207445,5000000,3207445,1711645,1220800
23199,Olivia Clark,2026-01-19,2026-01-25,20500,0,20500,0,20500,8227945,5000000,3227945,1711645,1241300
23199,Olivia Clark,2026-01-26,2026-02-01,195000,0,195000,47500,97500,8422945,5000000,3422945,1759145,1338800
23199,Olivia Clark,2026-02-02,2026-02-08,160500,0,160500,95000,65500,8583445,5000000,3583445,1854145,1404300
23199,Olivia Clark,2026-02-09,2026-02-15,133500,0,133500,95000,38500,8716945,5000000,3716945,1949145,1442800
23199,Olivia Clark,2026-02-16,2026-02-22,52500,0,52500,25000,27500,8769445,5000000,3769445,1974145,1470300
23199,Olivia Clark,2026-02-23,2026-03-01,22000,0,22000,0,22000,8791445,5000000,3791445,1974145,1492300
23199,Olivia Clark,2026-03-02,2026-03-08,72500,0,72500,35000,37500,8863945,5000000,3863945,2009145,1529800
23199,Olivia Clark,2026-03-09,2026-03-15,143500,0,143500,70000,73500,9007445,5000000,4007445,2079145,1603300
23199,Olivia Clark,2026-03-16,2026-03-22,430000,0,430000,325000,105000,9437445,5000000,4437445,2404145,1708300
23199,Olivia Clark,2026-03-23,2026-03-29,89500,0,89500,70000,19500,9526945,5000000,4526945,2474145,1727800
23199,Olivia Clark,2026-03-30,2026-04-05,89200,0,89200,50000,39200,9616145,5000000,4616145,2524145,1767000
23199,Olivia Clark,2026-04-06,2026-04-12,166000,0,166000,111000,55000,9782145,5000000,4782145,2635145,1822000
23199,Olivia Clark,2026-04-13,2026-04-19,59500,0,59500,0,59500,9841645,5000000,4841645,2635145,1881500
23199,Olivia Clark,2026-04-20,2026-04-26,77500,0,77500,0,77500,9919145,5000000,4919145,2635145,1959000
23199,Olivia Clark,2026-04-27,2026-05-03,209500,0,209500,52500,157000,10128645,5000000,5128645,2687645,2116000
23199,Olivia Clark,2026-05-04,2026-05-10,50000,0,50000,25000,25000,10178645,5000000,5178645,2712645,2141000
23199,Olivia Clark,2026-05-11,2026-05-17,118500,0,118500,60000,58500,10297145,5000000,5297145,2772645,2199500
23199,Olivia Clark,2026-05-18,2026-05-24,34500,0,34500,0,34500,10331645,5000000,5331645,2772645,2234000
23199,Olivia Clark,2026-05-25,2026-05-31,72500,0,72500,35000,37500,10404145,5000000,5404145,2807645,2271500
23199,Olivia Clark,2026-06-01,2026-06-07,96000,0,96000,35000,61000,10500145,5000000,5500145,2842645,2332500
23199,Olivia Clark,2026-06-08,2026-06-14,323000,0,323000,230000,93000,10823145,5000000,5823145,3072645,2425500
23199,Olivia Clark,2026-06-15,2026-06-21,130000,0,130000,75000,55000,10953145,5000000,5953145,3147645,2480500
23199,Olivia Clark,2026-06-22,2026-06-28,5356000,5000000,356000,122500,233500,16309145,10000000,6309145,3270145,2714000
23199,Olivia Clark,2026-06-29,2026-07-05,116000,0,116000,67500,48500,16425145,10000000,6425145,3337645,2762500
23199,Olivia Clark,2026-07-06,2026-07-12,87100,0,87100,12500,74600,16512245,10000000,6512245,3350145,2837100
23199,Olivia Clark,2026-07-13,2026-07-19,103000,0,103000,25000,78000,16615245,10000000,6615245,3375145,2915100
23199,Olivia Clark,2026-07-20,2026-07-26,93000,0,93000,35000,58000,16708245,10000000,6708245,3410145,2973100
23199,Olivia Clark,2026-07-27,2026-08-02,91000,0,91000,50000,41000,16799245,10000000,6799245,3460145,3014100
23199,Olivia Clark,2026-08-03,2026-08-09,67000,0,67000,40000,27000,16866245,10000000,6866245,3500145,3041100
23199,Olivia Clark,2026-08-10,2026-08-16,79000,0,79000,30000,49000,16945245,10000000,6945245,3530145,3090100
23199,Olivia Clark,2026-08-17,2026-08-23,88400,0,88400,20000,68400,17033645,10000000,7033645,3550145,3158500
23199,Olivia Clark,2026-08-24,2026-08-30,75000,0,75000,35000,40000,17108645,10000000,7108645,3585145,3198500
23199,Olivia Clark,2026-08-31,2026-09-06,92000,0,92000,70000,22000,17200645,10000000,7200645,3655145,3220500
23199,Olivia Clark,2026-09-07,2026-09-13,37000,0,37000,35000,2000,17237645,10000000,7237645,3690145,3222500
23199,Olivia Clark,2026-09-14,2026-09-20,0,0,0,0,0,17237645,10000000,7237645,3690145,3222500
23199,Olivia Clark,2026-09-21,2026-09-27,0,0,0,0,0,17237645,10000000,7237645,3690145,3222500
23411,Jeremy Beausoleil Smith,2024-12-30,2025-01-05,0,0,0,0,0,0,0,0,0,0
23411,Jeremy Beausoleil Smith,2025-01-06,2025-01-12,0,0,0,0,0,0,0,0,0,0
23411,Jeremy Beausoleil Smith,2025-01-13,2025-01-19,0,0,0,0,0,0,0,0,0,0
23411,Jeremy Beausoleil Smith,2025-01-20,2025-01-26,0,0,0,0,0,0,0,0,0,0
23411,Jeremy Beausoleil Smith,2025-01-27,2025-02-02,0,0,0,0,0,0,0,0,0,0
23411,Jeremy Beausoleil Smith,2025-02-03,2025-02-09,0,0,0,0,0,0,0,0,0,0
23411,Jeremy Beausoleil Smith,2025-02-10,2025-02-16,0,0,0,0,0,0,0,0,0,0
23411,Jeremy Beausoleil Smith,2025-02-17,2025-02-23,0,0,0,0,0,0,0,0,0,0
23411,Jeremy Beausoleil Smith,2025-02-24,2025-03-02,0,0,0,0,0,0,0,0,0,0
23411,Jeremy Beausoleil Smith,2025-03-03,2025-03-09,0,0,0,0,0,0,0,0,0,0
23411,Jeremy Beausoleil Smith,2025-03-10,2025-03-16,0,0,0,0,0,0,0,0,0,0
23411,Jeremy Beausoleil Smith,2025-03-17,2025-03-23,0,0,0,0,0,0,0,0,0,0
23411,Jeremy Beausoleil Smith,2025-03-24,2025-03-30,0,0,0,0,0,0,0,0,0,0
23411,Jeremy Beausoleil Smith,2025-03-31,2025-04-06,0,0,0,0,0,0,0,0,0,0
23411,Jeremy Beausoleil Smith,2025-04-07,2025-04-13,0,0,0,0,0,0,0,0,0,0
23411,Jeremy Beausoleil Smith,2025-04-14,2025-04-20,0,0,0,0,0,0,0,0,0,0
23411,Jeremy Beausoleil Smith,2025-04-21,2025-04-27,0,0,0,0,0,0,0,0,0,0
23411,Jeremy Beausoleil Smith,2025-04-28,2025-05-04,0,0,0,0,0,0,0,0,0,0
23411,Jeremy Beausoleil Smith,2025-05-05,2025-05-11,0,0,0,0,0,0,0,0,0,0
23411,Jeremy Beausoleil Smith,2025-05-12,2025-05-18,0,0,0,0,0,0,0,0,0,0
23411,Jeremy Beausoleil Smith,2025-05-19,2025-05-25,0,0,0,0,0,0,0,0,0,0
23411,Jeremy Beausoleil Smith,2025-05-26,2025-06-01,0,0,0,0,0,0,0,0,0,0
23411,Jeremy Beausoleil Smith,2025-06-02,2025-06-08,0,0,0,0,0,0,0,0,0,0
23411,Jeremy Beausoleil Smith,2025-06-09,2025-06-15,0,0,0,0,0,0,0,0,0,0
23411,Jeremy Beausoleil Smith,2025-06-16,2025-06-22,0,0,0,0,0,0,0,0,0,0
23411,Jeremy Beausoleil Smith,2025-06-23,2025-06-29,0,0,0,0,0,0,0,0,0,0
23411,Jeremy Beausoleil Smith,2025-06-30,2025-07-06,0,0,0,0,0,0,0,0,0,0
23411,Jeremy Beausoleil Smith,2025-07-07,2025-07-13,0,0,0,0,0,0,0,0,0,0
23411,Jeremy Beausoleil Smith,2025-07-14,2025-07-20,0,0,0,0,0,0,0,0,0,0
23411,Jeremy Beausoleil Smith,2025-07-21,2025-07-27,0,0,0,0,0,0,0,0,0,0
23411,Jeremy Beausoleil Smith,2025-07-28,2025-08-03,0,0,0,0,0,0,0,0,0,0
23411,Jeremy Beausoleil Smith,2025-08-04,2025-08-10,0,0,0,0,0,0,0,0,0,0
23411,Jeremy Beausoleil Smith,2025-08-11,2025-08-17,0,0,0,0,0,0,0,0,0,0
23411,Jeremy Beausoleil Smith,2025-08-18,2025-08-24,0,0,0,0,0,0,0,0,0,0
23411,Jeremy Beausoleil Smith,2025-08-25,2025-08-31,0,0,0,0,0,0,0,0,0,0
23411,Jeremy Beausoleil Smith,2025-09-01,2025-09-07,0,0,0,0,0,0,0,0,0,0
23411,Jeremy Beausoleil Smith,2025-09-08,2025-09-14,0,0,0,0,0,0,0,0,0,0
23411,Jeremy Beausoleil Smith,2025-09-15,2025-09-21,0,0,0,0,0,0,0,0,0,0
23411,Jeremy Beausoleil Smith,2025-09-22,2025-09-28,0,0,0,0,0,0,0,0,0,0
23411,Jeremy Beausoleil Smith,2025-09-29,2025-10-05,0,0,0,0,0,0,0,0,0,0
23411,Jeremy Beausoleil Smith,2025-10-06,2025-10-12,0,0,0,0,0,0,0,0,0,0
23411,Jeremy Beausoleil Smith,2025-10-13,2025-10-19,22500,0,22500,0,22500,22500,0,22500,0,22500
23411,Jeremy Beausoleil Smith,2025-10-20,2025-10-26,8000,0,8000,0,8000,30500,0,30500,0,30500
23411,Jeremy Beausoleil Smith,2025-10-27,2025-11-02,27500,0,27500,0,27500,58000,0,58000,0,58000
23411,Jeremy Beausoleil Smith,2025-11-03,2025-11-09,2500,0,2500,0,2500,60500,0,60500,0,60500
23411,Jeremy Beausoleil Smith,2025-11-10,2025-11-16,5500,0,5500,0,5500,66000,0,66000,0,66000
23411,Jeremy Beausoleil Smith,2025-11-17,2025-11-23,7500,0,7500,0,7500,73500,0,73500,0,73500
23411,Jeremy Beausoleil Smith,2025-11-24,2025-11-30,31000,0,31000,25000,6000,104500,0,104500,25000,79500
23411,Jeremy Beausoleil Smith,2025-12-01,2025-12-07,12000,0,12000,0,12000,116500,0,116500,25000,91500
23411,Jeremy Beausoleil Smith,2025-12-08,2025-12-14,7500,0,7500,0,7500,124000,0,124000,25000,99000
23411,Jeremy Beausoleil Smith,2025-12-15,2025-12-21,40500,0,40500,0,40500,164500,0,164500,25000,139500
23411,Jeremy Beausoleil Smith,2025-12-22,2025-12-28,500,0,500,0,500,165000,0,165000,25000,140000
23411,Jeremy Beausoleil Smith,2025-12-29,2026-01-04,15500,0,15500,0,15500,180500,0,180500,25000,155500
23411,Jeremy Beausoleil Smith,2026-01-05,2026-01-11,33500,0,33500,0,33500,214000,0,214000,25000,189000
23411,Jeremy Beausoleil Smith,2026-01-12,2026-01-18,42000,0,42000,0,42000,256000,0,256000,25000,231000
23411,Jeremy Beausoleil Smith,2026-01-19,2026-01-25,29500,0,29500,0,29500,285500,0,285500,25000,260500
23411,Jeremy Beausoleil Smith,2026-01-26,2026-02-01,27500,0,27500,0,27500,313000,0,313000,25000,288000
23411,Jeremy Beausoleil Smith,2026-02-02,2026-02-08,20000,0,20000,0,20000,333000,0,333000,25000,308000
23411,Jeremy Beausoleil Smith,2026-02-09,2026-02-15,12000,0,12000,0,12000,345000,0,345000,25000,320000
23411,Jeremy Beausoleil Smith,2026-02-16,2026-02-22,13000,0,13000,0,13000,358000,0,358000,25000,333000
23411,Jeremy Beausoleil Smith,2026-02-23,2026-03-01,1500,0,1500,0,1500,359500,0,359500,25000,334500
23411,Jeremy Beausoleil Smith,2026-03-02,2026-03-08,2500,0,2500,0,2500,362000,0,362000,25000,337000
23411,Jeremy Beausoleil Smith,2026-03-09,2026-03-15,0,0,0,0,0,362000,0,362000,25000,337000
23411,Jeremy Beausoleil Smith,2026-03-16,2026-03-22,8500,0,8500,0,8500,370500,0,370500,25000,345500
23411,Jeremy Beausoleil Smith,2026-03-23,2026-03-29,0,0,0,0,0,370500,0,370500,25000,345500
23411,Jeremy Beausoleil Smith,2026-03-30,2026-04-05,2000,0,2000,0,2000,372500,0,372500,25000,347500
23411,Jeremy Beausoleil Smith,2026-04-06,2026-04-12,16500,0,16500,0,16500,389000,0,389000,25000,364000
23411,Jeremy Beausoleil Smith,2026-04-13,2026-04-19,19000,0,19000,15000,4000,408000,0,408000,40000,368000
23411,Jeremy Beausoleil Smith,2026-04-20,2026-04-26,2500,0,2500,0,2500,410500,0,410500,40000,370500
23411,Jeremy Beausoleil Smith,2026-04-27,2026-05-03,14200,0,14200,0,14200,424700,0,424700,40000,384700
23411,Jeremy Beausoleil Smith,2026-05-04,2026-05-10,6500,0,6500,0,6500,431200,0,431200,40000,391200
23411,Jeremy Beausoleil Smith,2026-05-11,2026-05-17,12200,0,12200,0,12200,443400,0,443400,40000,403400
23411,Jeremy Beausoleil Smith,2026-05-18,2026-05-24,28000,0,28000,2500,25500,471400,0,471400,42500,428900
23411,Jeremy Beausoleil Smith,2026-05-25,2026-05-31,86100,0,86100,2500,83600,557500,0,557500,45000,512500
23411,Jeremy Beausoleil Smith,2026-06-01,2026-06-07,93000,0,93000,0,93000,650500,0,650500,45000,605500
23411,Jeremy Beausoleil Smith,2026-06-08,2026-06-14,181200,0,181200,37500,143700,831700,0,831700,82500,749200
23411,Jeremy Beausoleil Smith,2026-06-15,2026-06-21,44100,0,44100,25000,19100,875800,0,875800,107500,768300
23411,Jeremy Beausoleil Smith,2026-06-22,2026-06-28,33500,0,33500,2500,31000,909300,0,909300,110000,799300
23411,Jeremy Beausoleil Smith,2026-06-29,2026-07-05,4040700,4023000,17700,0,17700,4950000,4023000,927000,110000,817000
23411,Jeremy Beausoleil Smith,2026-07-06,2026-07-12,67500,0,67500,0,67500,5017500,4023000,994500,110000,884500
23411,Jeremy Beausoleil Smith,2026-07-13,2026-07-19,250100,130000,120100,2500,117600,5267600,4153000,1114600,112500,1002100
23411,Jeremy Beausoleil Smith,2026-07-20,2026-07-26,82200,0,82200,2500,79700,5349800,4153000,1196800,115000,1081800
23411,Jeremy Beausoleil Smith,2026-07-27,2026-08-02,118900,0,118900,25000,93900,5468700,4153000,1315700,140000,1175700
23411,Jeremy Beausoleil Smith,2026-08-03,2026-08-09,25800,0,25800,0,25800,5494500,4153000,1341500,140000,1201500
23411,Jeremy Beausoleil Smith,2026-08-10,2026-08-16,1493500,1276000,217500,10000,122500,6988000,5429000,1559000,150000,1324000
23411,Jeremy Beausoleil Smith,2026-08-17,2026-08-23,2144100,2090000,54100,5000,49100,9132100,7519000,1613100,155000,1373100
23411,Jeremy Beausoleil Smith,2026-08-24,2026-08-30,76100,0,76100,0,76100,9208200,7519000,1689200,155000,1449200
23411,Jeremy Beausoleil Smith,2026-08-31,2026-09-06,136400,0,136400,2500,133900,9344600,7519000,1825600,157500,1583100
23411,Jeremy Beausoleil Smith,2026-09-07,2026-09-13,950100,896000,54100,0,54100,10294700,8415000,1879700,157500,1637200
23411,Jeremy Beausoleil Smith,2026-09-14,2026-09-20,27000,0,27000,4500,22500,10321700,8415000,1906700,162000,1659700
23411,Jeremy Beausoleil Smith,2026-09-21,2026-09-27,1000,0,1000,0,1000,10322700,8415000,1907700,162000,1660700
25040,Jamey Evenstar,2024-12-30,2025-01-05,0,0,0,0,0,0,0,0,0,0
25040,Jamey Evenstar,2025-01-06,2025-01-12,0,0,0,0,0,0,0,0,0,0
25040,Jamey Evenstar,2025-01-13,2025-01-19,0,0,0,0,0,0,0,0,0,0
25040,Jamey Evenstar,2025-01-20,2025-01-26,0,0,0,0,0,0,0,0,0,0
25040,Jamey Evenstar,2025-01-27,2025-02-02,0,0,0,0,0,0,0,0,0,0
25040,Jamey Evenstar,2025-02-03,2025-02-09,0,0,0,0,0,0,0,0,0,0
25040,Jamey Evenstar,2025-02-10,2025-02-16,0,0,0,0,0,0,0,0,0,0
25040,Jamey Evenstar,2025-02-17,2025-02-23,0,0,0,0,0,0,0,0,0,0
25040,Jamey Evenstar,2025-02-24,2025-03-02,0,0,0,0,0,0,0,0,0,0
25040,Jamey Evenstar,2025-03-03,2025-03-09,0,0,0,0,0,0,0,0,0,0
25040,Jamey Evenstar,2025-03-10,2025-03-16,0,0,0,0,0,0,0,0,0,0
25040,Jamey Evenstar,2025-03-17,2025-03-23,0,0,0,0,0,0,0,0,0,0
25040,Jamey Evenstar,2025-03-24,2025-03-30,0,0,0,0,0,0,0,0,0,0
25040,Jamey Evenstar,2025-03-31,2025-04-06,0,0,0,0,0,0,0,0,0,0
25040,Jamey Evenstar,2025-04-07,2025-04-13,0,0,0,0,0,0,0,0,0,0
25040,Jamey Evenstar,2025-04-14,2025-04-20,0,0,0,0,0,0,0,0,0,0
25040,Jamey Evenstar,2025-04-21,2025-04-27,0,0,0,0,0,0,0,0,0,0
25040,Jamey Evenstar,2025-04-28,2025-05-04,0,0,0,0,0,0,0,0,0,0
25040,Jamey Evenstar,2025-05-05,2025-05-11,0,0,0,0,0,0,0,0,0,0
25040,Jamey Evenstar,2025-05-12,2025-05-18,0,0,0,0,0,0,0,0,0,0
25040,Jamey Evenstar,2025-05-19,2025-05-25,0,0,0,0,0,0,0,0,0,0
25040,Jamey Evenstar,2025-05-26,2025-06-01,0,0,0,0,0,0,0,0,0,0
25040,Jamey Evenstar,2025-06-02,2025-06-08,0,0,0,0,0,0,0,0,0,0
25040,Jamey Evenstar,2025-06-09,2025-06-15,0,0,0,0,0,0,0,0,0,0
25040,Jamey Evenstar,2025-06-16,2025-06-22,0,0,0,0,0,0,0,0,0,0
25040,Jamey Evenstar,2025-06-23,2025-06-29,0,0,0,0,0,0,0,0,0,0
25040,Jamey Evenstar,2025-06-30,2025-07-06,0,0,0,0,0,0,0,0,0,0
25040,Jamey Evenstar,2025-07-07,2025-07-13,0,0,0,0,0,0,0,0,0,0
25040,Jamey Evenstar,2025-07-14,2025-07-20,0,0,0,0,0,0,0,0,0,0
25040,Jamey Evenstar,2025-07-21,2025-07-27,0,0,0,0,0,0,0,0,0,0
25040,Jamey Evenstar,2025-07-28,2025-08-03,0,0,0,0,0,0,0,0,0,0
25040,Jamey Evenstar,2025-08-04,2025-08-10,0,0,0,0,0,0,0,0,0,0
25040,Jamey Evenstar,2025-08-11,2025-08-17,0,0,0,0,0,0,0,0,0,0
25040,Jamey Evenstar,2025-08-18,2025-08-24,0,0,0,0,0,0,0,0,0,0
25040,Jamey Evenstar,2025-08-25,2025-08-31,0,0,0,0,0,0,0,0,0,0
25040,Jamey Evenstar,2025-09-01,2025-09-07,0,0,0,0,0,0,0,0,0,0
25040,Jamey Evenstar,2025-09-08,2025-09-14,0,0,0,0,0,0,0,0,0,0
25040,Jamey Evenstar,2025-09-15,2025-09-21,0,0,0,0,0,0,0,0,0,0
25040,Jamey Evenstar,2025-09-22,2025-09-28,0,0,0,0,0,0,0,0,0,0
25040,Jamey Evenstar,2025-09-29,2025-10-05,0,0,0,0,0,0,0,0,0,0
25040,Jamey Evenstar,2025-10-06,2025-10-12,0,0,0,0,0,0,0,0,0,0
25040,Jamey Evenstar,2025-10-13,2025-10-19,0,0,0,0,0,0,0,0,0,0
25040,Jamey Evenstar,2025-10-20,2025-10-26,0,0,0,0,0,0,0,0,0,0
25040,Jamey Evenstar,2025-10-27,2025-11-02,0,0,0,0,0,0,0,0,0,0
25040,Jamey Evenstar,2025-11-03,2025-11-09,0,0,0,0,0,0,0,0,0,0
25040,Jamey Evenstar,2025-11-10,2025-11-16,0,0,0,0,0,0,0,0,0,0
25040,Jamey Evenstar,2025-11-17,2025-11-23,0,0,0,0,0,0,0,0,0,0
25040,Jamey Evenstar,2025-11-24,2025-11-30,0,0,0,0,0,0,0,0,0,0
25040,Jamey Evenstar,2025-12-01,2025-12-07,0,0,0,0,0,0,0,0,0,0
25040,Jamey Evenstar,2025-12-08,2025-12-14,0,0,0,0,0,0,0,0,0,0
25040,Jamey Evenstar,2025-12-15,2025-12-21,0,0,0,0,0,0,0,0,0,0
25040,Jamey Evenstar,2025-12-22,2025-12-28,0,0,0,0,0,0,0,0,0,0
25040,Jamey Evenstar,2025-12-29,2026-01-04,0,0,0,0,0,0,0,0,0,0
25040,Jamey Evenstar,2026-01-05,2026-01-11,0,0,0,0,0,0,0,0,0,0
25040,Jamey Evenstar,2026-01-12,2026-01-18,0,0,0,0,0,0,0,0,0,0
25040,Jamey Evenstar,2026-01-19,2026-01-25,0,0,0,0,0,0,0,0,0,0
25040,Jamey Evenstar,2026-01-26,2026-02-01,0,0,0,0,0,0,0,0,0,0
25040,Jamey Evenstar,2026-02-02,2026-02-08,0,0,0,0,0,0,0,0,0,0
25040,Jamey Evenstar,2026-02-09,2026-02-15,0,0,0,0,0,0,0,0,0,0
25040,Jamey Evenstar,2026-02-16,2026-02-22,0,0,0,0,0,0,0,0,0,0
25040,Jamey Evenstar,2026-02-23,2026-03-01,0,0,0,0,0,0,0,0,0,0
25040,Jamey Evenstar,2026-03-02,2026-03-08,0,0,0,0,0,0,0,0,0,0
25040,Jamey Evenstar,2026-03-09,2026-03-15,0,0,0,0,0,0,0,0,0,0
25040,Jamey Evenstar,2026-03-16,2026-03-22,0,0,0,0,0,0,0,0,0,0
25040,Jamey Evenstar,2026-03-23,2026-03-29,0,0,0,0,0,0,0,0,0,0
25040,Jamey Evenstar,2026-03-30,2026-04-05,0,0,0,0,0,0,0,0,0,0
25040,Jamey Evenstar,2026-04-06,2026-04-12,0,0,0,0,0,0,0,0,0,0
25040,Jamey Evenstar,2026-04-13,2026-04-19,0,0,0,0,0,0,0,0,0,0
25040,Jamey Evenstar,2026-04-20,2026-04-26,0,0,0,0,0,0,0,0,0,0
25040,Jamey Evenstar,2026-04-27,2026-05-03,0,0,0,0,0,0,0,0,0,0
25040,Jamey Evenstar,2026-05-04,2026-05-10,0,0,0,0,0,0,0,0,0,0
25040,Jamey Evenstar,2026-05-11,2026-05-17,353000,0,353000,290000,63000,353000,0,353000,290000,63000
25040,Jamey Evenstar,2026-05-18,2026-05-24,462300,0,462300,175000,137300,815300,0,815300,465000,200300
25040,Jamey Evenstar,2026-05-25,2026-05-31,35500,0,35500,0,35500,850800,0,850800,465000,235800
25040,Jamey Evenstar,2026-06-01,2026-06-07,84000,0,84000,35000,49000,934800,0,934800,500000,284800
25040,Jamey Evenstar,2026-06-08,2026-06-14,19500,0,19500,0,19500,954300,0,954300,500000,304300
25040,Jamey Evenstar,2026-06-15,2026-06-21,32600,0,32600,15100,17500,986900,0,986900,515100,321800
25040,Jamey Evenstar,2026-06-22,2026-06-28,82300,0,82300,20000,62300,1069200,0,1069200,535100,384100
25040,Jamey Evenstar,2026-06-29,2026-07-05,163000,0,163000,27000,136000,1232200,0,1232200,562100,520100
25040,Jamey Evenstar,2026-07-06,2026-07-12,115444,0,115444,0,115444,1347644,0,1347644,562100,635544
25040,Jamey Evenstar,2026-07-13,2026-07-19,261526,0,261526,193000,68526,1609170,0,1609170,755100,704070
25040,Jamey Evenstar,2026-07-20,2026-07-26,116500,0,116500,36000,80500,1725670,0,1725670,791100,784570
25040,Jamey Evenstar,2026-07-27,2026-08-02,15500,0,15500,5000,10500,1741170,0,1741170,796100,795070
25040,Jamey Evenstar,2026-08-03,2026-08-09,4749500,4746000,3500,0,3500,6490670,4746000,1744670,796100,798570
25040,Jamey Evenstar,2026-08-10,2026-08-16,21500,0,21500,0,21500,6512170,4746000,1766170,796100,820070
25040,Jamey Evenstar,2026-08-17,2026-08-23,10250,0,10250,0,10250,6522420,4746000,1776420,796100,830320
25040,Jamey Evenstar,2026-08-24,2026-08-30,102750,0,102750,35000,67750,6625170,4746000,1879170,831100,898070
25040,Jamey Evenstar,2026-08-31,2026-09-06,26500,0,26500,5000,21500,6651670,4746000,1905670,836100,919570
25040,Jamey Evenstar,2026-09-07,2026-09-13,557500,515000,42500,0,42500,7209170,5261000,1948170,836100,962070
25040,Jamey Evenstar,2026-09-14,2026-09-20,126277,0,126277,0,126277,7335447,5261000,2074447,836100,1088347
25040,Jamey Evenstar,2026-09-21,2026-09-27,2000,0,2000,0,2000,7337447,5261000,2076447,836100,1090347
25103,Jayne Cronlund,2024-12-30,2025-01-05,0,0,0,0,0,0,0,0,0,0
25103,Jayne Cronlund,2025-01-06,2025-01-12,0,0,0,0,0,0,0,0,0,0
25103,Jayne Cronlund,2025-01-13,2025-01-19,0,0,0,0,0,0,0,0,0,0
25103,Jayne Cronlund,2025-01-20,2025-01-26,0,0,0,0,0,0,0,0,0,0
25103,Jayne Cronlund,2025-01-27,2025-02-02,0,0,0,0,0,0,0,0,0,0
25103,Jayne Cronlund,2025-02-03,2025-02-09,0,0,0,0,0,0,0,0,0,0
25103,Jayne Cronlund,2025-02-10,2025-02-16,0,0,0,0,0,0,0,0,0,0
25103,Jayne Cronlund,2025-02-17,2025-02-23,0,0,0,0,0,0,0,0,0,0
25103,Jayne Cronlund,2025-02-24,2025-03-02,0,0,0,0,0,0,0,0,0,0
25103,Jayne Cronlund,2025-03-03,2025-03-09,0,0,0,0,0,0,0,0,0,0
25103,Jayne Cronlund,2025-03-10,2025-03-16,0,0,0,0,0,0,0,0,0,0
25103,Jayne Cronlund,2025-03-17,2025-03-23,0,0,0,0,0,0,0,0,0,0
25103,Jayne Cronlund,2025-03-24,2025-03-30,0,0,0,0,0,0,0,0,0,0
25103,Jayne Cronlund,2025-03-31,2025-04-06,0,0,0,0,0,0,0,0,0,0
25103,Jayne Cronlund,2025-04-07,2025-04-13,0,0,0,0,0,0,0,0,0,0
25103,Jayne Cronlund,2025-04-14,2025-04-20,0,0,0,0,0,0,0,0,0,0
25103,Jayne Cronlund,2025-04-21,2025-04-27,0,0,0,0,0,0,0,0,0,0
25103,Jayne Cronlund,2025-04-28,2025-05-04,0,0,0,0,0,0,0,0,0,0
25103,Jayne Cronlund,2025-05-05,2025-05-11,0,0,0,0,0,0,0,0,0,0
25103,Jayne Cronlund,2025-05-12,2025-05-18,0,0,0,0,0,0,0,0,0,0
25103,Jayne Cronlund,2025-05-19,2025-05-25,0,0,0,0,0,0,0,0,0,0
25103,Jayne Cronlund,2025-05-26,2025-06-01,0,0,0,0,0,0,0,0,0,0
25103,Jayne Cronlund,2025-06-02,2025-06-08,0,0,0,0,0,0,0,0,0,0
25103,Jayne Cronlund,2025-06-09,2025-06-15,0,0,0,0,0,0,0,0,0,0
25103,Jayne Cronlund,2025-06-16,2025-06-22,0,0,0,0,0,0,0,0,0,0
25103,Jayne Cronlund,2025-06-23,2025-06-29,0,0,0,0,0,0,0,0,0,0
25103,Jayne Cronlund,2025-06-30,2025-07-06,0,0,0,0,0,0,0,0,0,0
25103,Jayne Cronlund,2025-07-07,2025-07-13,0,0,0,0,0,0,0,0,0,0
25103,Jayne Cronlund,2025-07-14,2025-07-20,0,0,0,0,0,0,0,0,0,0
25103,Jayne Cronlund,2025-07-21,2025-07-27,0,0,0,0,0,0,0,0,0,0
25103,Jayne Cronlund,2025-07-28,2025-08-03,0,0,0,0,0,0,0,0,0,0
25103,Jayne Cronlund,2025-08-04,2025-08-10,0,0,0,0,0,0,0,0,0,0
25103,Jayne Cronlund,2025-08-11,2025-08-17,0,0,0,0,0,0,0,0,0,0
25103,Jayne Cronlund,2025-08-18,2025-08-24,0,0,0,0,0,0,0,0,0,0
25103,Jayne Cronlund,2025-08-25,2025-08-31,0,0,0,0,0,0,0,0,0,0
25103,Jayne Cronlund,2025-09-01,2025-09-07,0,0,0,0,0,0,0,0,0,0
25103,Jayne Cronlund,2025-09-08,2025-09-14,0,0,0,0,0,0,0,0,0,0
25103,Jayne Cronlund,2025-09-15,2025-09-21,0,0,0,0,0,0,0,0,0,0
25103,Jayne Cronlund,2025-09-22,2025-09-28,0,0,0,0,0,0,0,0,0,0
25103,Jayne Cronlund,2025-09-29,2025-10-05,0,0,0,0,0,0,0,0,0,0
25103,Jayne Cronlund,2025-10-06,2025-10-12,0,0,0,0,0,0,0,0,0,0
25103,Jayne Cronlund,2025-10-13,2025-10-19,0,0,0,0,0,0,0,0,0,0
25103,Jayne Cronlund,2025-10-20,2025-10-26,0,0,0,0,0,0,0,0,0,0
25103,Jayne Cronlund,2025-10-27,2025-11-02,0,0,0,0,0,0,0,0,0,0
25103,Jayne Cronlund,2025-11-03,2025-11-09,0,0,0,0,0,0,0,0,0,0
25103,Jayne Cronlund,2025-11-10,2025-11-16,0,0,0,0,0,0,0,0,0,0
25103,Jayne Cronlund,2025-11-17,2025-11-23,0,0,0,0,0,0,0,0,0,0
25103,Jayne Cronlund,2025-11-24,2025-11-30,0,0,0,0,0,0,0,0,0,0
25103,Jayne Cronlund,2025-12-01,2025-12-07,0,0,0,0,0,0,0,0,0,0
25103,Jayne Cronlund,2025-12-08,2025-12-14,0,0,0,0,0,0,0,0,0,0
25103,Jayne Cronlund,2025-12-15,2025-12-21,0,0,0,0,0,0,0,0,0,0
25103,Jayne Cronlund,2025-12-22,2025-12-28,0,0,0,0,0,0,0,0,0,0
25103,Jayne Cronlund,2025-12-29,2026-01-04,0,0,0,0,0,0,0,0,0,0
25103,Jayne Cronlund,2026-01-05,2026-01-11,0,0,0,0,0,0,0,0,0,0
25103,Jayne Cronlund,2026-01-12,2026-01-18,0,0,0,0,0,0,0,0,0,0
25103,Jayne Cronlund,2026-01-19,2026-01-25,0,0,0,0,0,0,0,0,0,0
25103,Jayne Cronlund,2026-01-26,2026-02-01,0,0,0,0,0,0,0,0,0,0
25103,Jayne Cronlund,2026-02-02,2026-02-08,0,0,0,0,0,0,0,0,0,0
25103,Jayne Cronlund,2026-02-09,2026-02-15,0,0,0,0,0,0,0,0,0,0
25103,Jayne Cronlund,2026-02-16,2026-02-22,0,0,0,0,0,0,0,0,0,0
25103,Jayne Cronlund,2026-02-23,2026-03-01,0,0,0,0,0,0,0,0,0,0
25103,Jayne Cronlund,2026-03-02,2026-03-08,0,0,0,0,0,0,0,0,0,0
25103,Jayne Cronlund,2026-03-09,2026-03-15,0,0,0,0,0,0,0,0,0,0
25103,Jayne Cronlund,2026-03-16,2026-03-22,0,0,0,0,0,0,0,0,0,0
25103,Jayne Cronlund,2026-03-23,2026-03-29,0,0,0,0,0,0,0,0,0,0
25103,Jayne Cronlund,2026-03-30,2026-04-05,0,0,0,0,0,0,0,0,0,0
25103,Jayne Cronlund,2026-04-06,2026-04-12,0,0,0,0,0,0,0,0,0,0
25103,Jayne Cronlund,2026-04-13,2026-04-19,0,0,0,0,0,0,0,0,0,0
25103,Jayne Cronlund,2026-04-20,2026-04-26,0,0,0,0,0,0,0,0,0,0
25103,Jayne Cronlund,2026-04-27,2026-05-03,0,0,0,0,0,0,0,0,0,0
25103,Jayne Cronlund,2026-05-04,2026-05-10,0,0,0,0,0,0,0,0,0,0
25103,Jayne Cronlund,2026-05-11,2026-05-17,0,0,0,0,0,0,0,0,0,0
25103,Jayne Cronlund,2026-05-18,2026-05-24,0,0,0,0,0,0,0,0,0,0
25103,Jayne Cronlund,2026-05-25,2026-05-31,0,0,0,0,0,0,0,0,0,0
25103,Jayne Cronlund,2026-06-01,2026-06-07,0,0,0,0,0,0,0,0,0,0
25103,Jayne Cronlund,2026-06-08,2026-06-14,0,0,0,0,0,0,0,0,0,0
25103,Jayne Cronlund,2026-06-15,2026-06-21,0,0,0,0,0,0,0,0,0,0
25103,Jayne Cronlund,2026-06-22,2026-06-28,0,0,0,0,0,0,0,0,0,0
25103,Jayne Cronlund,2026-06-29,2026-07-05,0,0,0,0,0,0,0,0,0,0
25103,Jayne Cronlund,2026-07-06,2026-07-12,10000,0,10000,0,10000,10000,0,10000,0,10000
25103,Jayne Cronlund,2026-07-13,2026-07-19,333500,0,333500,187500,146000,343500,0,343500,187500,156000
25103,Jayne Cronlund,2026-07-20,2026-07-26,383500,0,383500,75000,308500,727000,0,727000,262500,464500
25103,Jayne Cronlund,2026-07-27,2026-08-02,373200,0,373200,155000,218200,1100200,0,1100200,417500,682700
25103,Jayne Cronlund,2026-08-03,2026-08-09,35000,0,35000,25000,10000,1135200,0,1135200,442500,692700
25103,Jayne Cronlund,2026-08-10,2026-08-16,4500,0,4500,0,4500,1139700,0,1139700,442500,697200
25103,Jayne Cronlund,2026-08-17,2026-08-23,3982000,3972000,10000,0,10000,5121700,3972000,1149700,442500,707200
25103,Jayne Cronlund,2026-08-24,2026-08-30,3500,0,3500,0,3500,5125200,3972000,1153200,442500,710700
25103,Jayne Cronlund,2026-08-31,2026-09-06,3500,0,3500,0,3500,5128700,3972000,1156700,442500,714200
25103,Jayne Cronlund,2026-09-07,2026-09-13,447000,180000,267000,192500,74500,5575700,4152000,1423700,635000,788700
25103,Jayne Cronlund,2026-09-14,2026-09-20,200500,0,200500,122500,78000,5776200,4152000,1624200,757500,866700
25103,Jayne Cronlund,2026-09-21,2026-09-27,7500,0,7500,0,7500,5783700,4152000,1631700,757500,874200
24615,John J Goldsmith,2024-12-30,2025-01-05,0,0,0,0,0,0,0,0,0,0
24615,John J Goldsmith,2025-01-06,2025-01-12,0,0,0,0,0,0,0,0,0,0
24615,John J Goldsmith,2025-01-13,2025-01-19,0,0,0,0,0,0,0,0,0,0
24615,John J Goldsmith,2025-01-20,2025-01-26,0,0,0,0,0,0,0,0,0,0
24615,John J Goldsmith,2025-01-27,2025-02-02,0,0,0,0,0,0,0,0,0,0
24615,John J Goldsmith,2025-02-03,2025-02-09,0,0,0,0,0,0,0,0,0,0
24615,John J Goldsmith,2025-02-10,2025-02-16,0,0,0,0,0,0,0,0,0,0
24615,John J Goldsmith,2025-02-17,2025-02-23,0,0,0,0,0,0,0,0,0,0
24615,John J Goldsmith,2025-02-24,2025-03-02,0,0,0,0,0,0,0,0,0,0
24615,John J Goldsmith,2025-03-03,2025-03-09,0,0,0,0,0,0,0,0,0,0
24615,John J Goldsmith,2025-03-10,2025-03-16,0,0,0,0,0,0,0,0,0,0
24615,John J Goldsmith,2025-03-17,2025-03-23,0,0,0,0,0,0,0,0,0,0
24615,John J Goldsmith,2025-03-24,2025-03-30,0,0,0,0,0,0,0,0,0,0
24615,John J Goldsmith,2025-03-31,2025-04-06,0,0,0,0,0,0,0,0,0,0
24615,John J Goldsmith,2025-04-07,2025-04-13,0,0,0,0,0,0,0,0,0,0
24615,John J Goldsmith,2025-04-14,2025-04-20,0,0,0,0,0,0,0,0,0,0
24615,John J Goldsmith,2025-04-21,2025-04-27,0,0,0,0,0,0,0,0,0,0
24615,John J Goldsmith,2025-04-28,2025-05-04,0,0,0,0,0,0,0,0,0,0
24615,John J Goldsmith,2025-05-05,2025-05-11,0,0,0,0,0,0,0,0,0,0
24615,John J Goldsmith,2025-05-12,2025-05-18,0,0,0,0,0,0,0,0,0,0
24615,John J Goldsmith,2025-05-19,2025-05-25,0,0,0,0,0,0,0,0,0,0
24615,John J Goldsmith,2025-05-26,2025-06-01,0,0,0,0,0,0,0,0,0,0
24615,John J Goldsmith,2025-06-02,2025-06-08,0,0,0,0,0,0,0,0,0,0
24615,John J Goldsmith,2025-06-09,2025-06-15,0,0,0,0,0,0,0,0,0,0
24615,John J Goldsmith,2025-06-16,2025-06-22,0,0,0,0,0,0,0,0,0,0
24615,John J Goldsmith,2025-06-23,2025-06-29,0,0,0,0,0,0,0,0,0,0
24615,John J Goldsmith,2025-06-30,2025-07-06,0,0,0,0,0,0,0,0,0,0
24615,John J Goldsmith,2025-07-07,2025-07-13,0,0,0,0,0,0,0,0,0,0
24615,John J Goldsmith,2025-07-14,2025-07-20,0,0,0,0,0,0,0,0,0,0
24615,John J Goldsmith,2025-07-21,2025-07-27,0,0,0,0,0,0,0,0,0,0
24615,John J Goldsmith,2025-07-28,2025-08-03,0,0,0,0,0,0,0,0,0,0
24615,John J Goldsmith,2025-08-04,2025-08-10,0,0,0,0,0,0,0,0,0,0
24615,John J Goldsmith,2025-08-11,2025-08-17,0,0,0,0,0,0,0,0,0,0
24615,John J Goldsmith,2025-08-18,2025-08-24,0,0,0,0,0,0,0,0,0,0
24615,John J Goldsmith,2025-08-25,2025-08-31,0,0,0,0,0,0,0,0,0,0
24615,John J Goldsmith,2025-09-01,2025-09-07,0,0,0,0,0,0,0,0,0,0
24615,John J Goldsmith,2025-09-08,2025-09-14,0,0,0,0,0,0,0,0,0,0
24615,John J Goldsmith,2025-09-15,2025-09-21,0,0,0,0,0,0,0,0,0,0
24615,John J Goldsmith,2025-09-22,2025-09-28,0,0,0,0,0,0,0,0,0,0
24615,John J Goldsmith,2025-09-29,2025-10-05,0,0,0,0,0,0,0,0,0,0
24615,John J Goldsmith,2025-10-06,2025-10-12,0,0,0,0,0,0,0,0,0,0
24615,John J Goldsmith,2025-10-13,2025-10-19,0,0,0,0,0,0,0,0,0,0
24615,John J Goldsmith,2025-10-20,2025-10-26,0,0,0,0,0,0,0,0,0,0
24615,John J Goldsmith,2025-10-27,2025-11-02,0,0,0,0,0,0,0,0,0,0
24615,John J Goldsmith,2025-11-03,2025-11-09,0,0,0,0,0,0,0,0,0,0
24615,John J Goldsmith,2025-11-10,2025-11-16,0,0,0,0,0,0,0,0,0,0
24615,John J Goldsmith,2025-11-17,2025-11-23,0,0,0,0,0,0,0,0,0,0
24615,John J Goldsmith,2025-11-24,2025-11-30,0,0,0,0,0,0,0,0,0,0
24615,John J Goldsmith,2025-12-01,2025-12-07,0,0,0,0,0,0,0,0,0,0
24615,John J Goldsmith,2025-12-08,2025-12-14,0,0,0,0,0,0,0,0,0,0
24615,John J Goldsmith,2025-12-15,2025-12-21,0,0,0,0,0,0,0,0,0,0
24615,John J Goldsmith,2025-12-22,2025-12-28,0,0,0,0,0,0,0,0,0,0
24615,John J Goldsmith,2025-12-29,2026-01-04,0,0,0,0,0,0,0,0,0,0
24615,John J Goldsmith,2026-01-05,2026-01-11,0,0,0,0,0,0,0,0,0,0
24615,John J Goldsmith,2026-01-12,2026-01-18,0,0,0,0,0,0,0,0,0,0
24615,John J Goldsmith,2026-01-19,2026-01-25,0,0,0,0,0,0,0,0,0,0
24615,John J Goldsmith,2026-01-26,2026-02-01,0,0,0,0,0,0,0,0,0,0
24615,John J Goldsmith,2026-02-02,2026-02-08,0,0,0,0,0,0,0,0,0,0
24615,John J Goldsmith,2026-02-09,2026-02-15,0,0,0,0,0,0,0,0,0,0
24615,John J Goldsmith,2026-02-16,2026-02-22,0,0,0,0,0,0,0,0,0,0
24615,John J Goldsmith,2026-02-23,2026-03-01,0,0,0,0,0,0,0,0,0,0
24615,John J Goldsmith,2026-03-02,2026-03-08,60000,0,60000,0,0,60000,0,60000,0,0
24615,John J Goldsmith,2026-03-09,2026-03-15,0,0,0,0,0,60000,0,60000,0,0
24615,John J Goldsmith,2026-03-16,2026-03-22,0,0,0,0,0,60000,0,60000,0,0
24615,John J Goldsmith,2026-03-23,2026-03-29,0,0,0,0,0,60000,0,60000,0,0
24615,John J Goldsmith,2026-03-30,2026-04-05,0,0,0,0,0,60000,0,60000,0,0
24615,John J Goldsmith,2026-04-06,2026-04-12,0,0,0,0,0,60000,0,60000,0,0
24615,John J Goldsmith,2026-04-13,2026-04-19,0,0,0,0,0,60000,0,60000,0,0
24615,John J Goldsmith,2026-04-20,2026-04-26,0,0,0,0,0,60000,0,60000,0,0
24615,John J Goldsmith,2026-04-27,2026-05-03,0,0,0,0,0,60000,0,60000,0,0
24615,John J Goldsmith,2026-05-04,2026-05-10,0,0,0,0,0,60000,0,60000,0,0
24615,John J Goldsmith,2026-05-11,2026-05-17,0,0,0,0,0,60000,0,60000,0,0
24615,John J Goldsmith,2026-05-18,2026-05-24,0,0,0,0,0,60000,0,60000,0,0
24615,John J Goldsmith,2026-05-25,2026-05-31,0,0,0,0,0,60000,0,60000,0,0
24615,John J Goldsmith,2026-06-01,2026-06-07,0,0,0,0,0,60000,0,60000,0,0
24615,John J Goldsmith,2026-06-08,2026-06-14,0,0,0,0,0,60000,0,60000,0,0
24615,John J Goldsmith,2026-06-15,2026-06-21,0,0,0,0,0,60000,0,60000,0,0
24615,John J Goldsmith,2026-06-22,2026-06-28,0,0,0,0,0,60000,0,60000,0,0
24615,John J Goldsmith,2026-06-29,2026-07-05,0,0,0,0,0,60000,0,60000,0,0
24615,John J Goldsmith,2026-07-06,2026-07-12,0,0,0,0,0,60000,0,60000,0,0
24615,John J Goldsmith,2026-07-13,2026-07-19,0,0,0,0,0,60000,0,60000,0,0
24615,John J Goldsmith,2026-07-20,2026-07-26,0,0,0,0,0,60000,0,60000,0,0
24615,John J Goldsmith,2026-07-27,2026-08-02,0,0,0,0,0,60000,0,60000,0,0
24615,John J Goldsmith,2026-08-03,2026-08-09,0,0,0,0,0,60000,0,60000,0,0
24615,John J Goldsmith,2026-08-10,2026-08-16,0,0,0,0,0,60000,0,60000,0,0
24615,John J Goldsmith,2026-08-17,2026-08-23,0,0,0,0,0,60000,0,60000,0,0
24615,John J Goldsmith,2026-08-24,2026-08-30,0,0,0,0,0,60000,0,60000,0,0
24615,John J Goldsmith,2026-08-31,2026-09-06,0,0,0,0,0,60000,0,60000,0,0
24615,John J Goldsmith,2026-09-07,2026-09-13,0,0,0,0,0,60000,0,60000,0,0
24615,John J Goldsmith,2026-09-14,2026-09-20,0,0,0,0,0,60000,0,60000,0,0
24615,John J Goldsmith,2026-09-21,2026-09-27,0,0,0,0,0,60000,0,60000,0,0
