entity_id,reported_name,identity_status,book_type,committee_id,candidate,district,contribution_records,distinct_reported_dates,gross_cents,observed_refund_cents,gross_less_observed_refunds_cents,first_date,last_date,gifts_2025,gross_2025_cents,gifts_2026,gross_2026_cents,dated_gifts,contribution_transaction_ids,refund_transaction_ids
committee:13920,Kitzhaber for Governor (13920),authoritative_committee_id,Political Committee,23199,Olivia Clark,4,1,1,50000,0,50000,2025-10-07,2025-10-07,1,50000,0,0,2025-10-07: $500.00 [ID 5426249],5426249,
committee:16015,Mark Gamba for Oregon (16015),authoritative_committee_id,Political Committee,23028,Angelita Morillo,3,1,1,35000,35000,0,2026-07-10,2026-07-10,0,0,1,35000,2026-07-10: $350.00 [ID 5721264],5721264,5728940
committee:16178,SMART Local 16 PAC (16178),authoritative_committee_id,Political Committee,17629,Eric Zimmerman,4,1,1,87500,0,87500,2026-03-25,2026-03-25,0,0,1,87500,2026-03-25: $875.00 [ID 5598549],5598549,
committee:1869,PAC 483 (1869),authoritative_committee_id,Political Committee,23028,Angelita Morillo,3,1,1,25000,0,25000,2026-04-29,2026-04-29,0,0,1,25000,2026-04-29: $250.00 [ID 5647230],5647230,
committee:1869,PAC 483 (1869),authoritative_committee_id,Political Committee,23208,Tiffany Koyama Lane,3,2,2,35000,0,35000,2026-04-28,2026-08-17,0,0,2,35000,2026-04-28: $250.00 [ID 5649199] | 2026-08-17: $100.00 [ID 5774295],5649199|5774295,
committee:1869,PAC 483 (1869),authoritative_committee_id,Political Committee,23365,Mitch Green,4,2,2,35000,0,35000,2026-04-28,2026-08-17,0,0,2,35000,2026-04-28: $250.00 [ID 5649158] | 2026-08-17: $100.00 [ID 5774260],5649158|5774260,
committee:20502,Liuna Local 737 Political Action (20502),authoritative_committee_id,Political Committee,17629,Eric Zimmerman,4,1,1,50000,0,50000,2025-05-05,2025-05-05,1,50000,0,0,2025-05-05: $500.00 [ID 5318590],5318590,
committee:21625,IBEW Local 48 Small Donor PAC (21625),authoritative_committee_id,Political Committee,15109,Steve Novick,3,1,1,35000,0,35000,2026-09-11,2026-09-11,0,0,1,35000,2026-09-11: $350.00 [ID 5830287],5830287,
committee:21625,IBEW Local 48 Small Donor PAC (21625),authoritative_committee_id,Political Committee,17629,Eric Zimmerman,4,1,1,87500,0,87500,2026-01-28,2026-01-28,0,0,1,87500,2026-01-28: $875.00 [ID 5529399],5529399,
committee:21625,IBEW Local 48 Small Donor PAC (21625),authoritative_committee_id,Political Committee,23199,Olivia Clark,4,1,1,50000,15000,35000,2026-01-28,2026-01-28,0,0,1,50000,2026-01-28: $500.00 [ID 5541114],5541114,5541665
committee:21625,IBEW Local 48 Small Donor PAC (21625),authoritative_committee_id,Political Committee,23365,Mitch Green,4,1,1,50000,15000,35000,2026-01-28,2026-01-28,0,0,1,50000,2026-01-28: $500.00 [ID 5532529],5532529,5554002
committee:221,Plumbers & Steamfitters PAC (221),authoritative_committee_id,Political Committee,17629,Eric Zimmerman,4,1,1,61300,0,61300,2025-12-23,2025-12-23,1,61300,0,0,2025-12-23: $613.00 [ID 5483180],5483180,
committee:223,Portland Metro Fire Fighters PAC (223),authoritative_committee_id,Political Committee,17629,Eric Zimmerman,4,1,1,50000,0,50000,2025-05-19,2025-05-19,1,50000,0,0,2025-05-19: $500.00 [ID 5318591],5318591,
committee:23140,Lesly Munoz for Oregon (23140),authoritative_committee_id,Political Committee,23028,Angelita Morillo,3,2,1,50000,50000,0,2026-06-25,2026-06-25,0,0,2,50000,2026-06-25: $250.00 [ID 5738881] | 2026-06-25: $250.00 [ID 5738925],5738881|5738925,5738882|5738926
committee:260,Portland Association of Teachers PAC (260),authoritative_committee_id,Political Committee,23028,Angelita Morillo,3,1,1,87500,0,87500,2025-12-22,2025-12-22,1,87500,0,0,2025-12-22: $875.00 [ID 5473943],5473943,
committee:260,Portland Association of Teachers PAC (260),authoritative_committee_id,Political Committee,23208,Tiffany Koyama Lane,3,2,2,122500,0,122500,2025-12-10,2026-04-06,1,87500,1,35000,2025-12-10: $875.00 [ID 5462487] | 2026-04-06: $350.00 [ID 5619278],5462487|5619278,
committee:260,Portland Association of Teachers PAC (260),authoritative_committee_id,Political Committee,23365,Mitch Green,4,1,1,87500,0,87500,2025-12-10,2025-12-10,1,87500,0,0,2025-12-10: $875.00 [ID 5462532],5462532,
committee:3591,Betsy PAC (3591),authoritative_committee_id,Political Committee,23199,Olivia Clark,4,1,1,50000,0,50000,2025-09-17,2025-09-17,1,50000,0,0,2025-09-17: $500.00 [ID 5397295],5397295,
committee:3816,Iron Workers District Council of the Pacific Northwest (3816),authoritative_committee_id,Political Committee,17629,Eric Zimmerman,4,1,1,50000,0,50000,2025-07-25,2025-07-25,1,50000,0,0,2025-07-25: $500.00 [ID 5367083],5367083,
committee:3816,Iron Workers District Council of the Pacific Northwest (3816),authoritative_committee_id,Political Committee,23028,Angelita Morillo,3,1,1,50000,0,50000,2026-01-12,2026-01-12,0,0,1,50000,2026-01-12: $500.00 [ID 5535540],5535540,
committee:3816,Iron Workers District Council of the Pacific Northwest (3816),authoritative_committee_id,Political Committee,23199,Olivia Clark,4,1,1,50000,0,50000,2025-10-22,2025-10-22,1,50000,0,0,2025-10-22: $500.00 [ID 5426272],5426272,
committee:3816,Iron Workers District Council of the Pacific Northwest (3816),authoritative_committee_id,Political Committee,23365,Mitch Green,4,1,1,50000,0,50000,2026-01-06,2026-01-06,0,0,1,50000,2026-01-06: $500.00 [ID 5494021],5494021,
committee:80,Joint Council of Teamsters No. 37 Political Fund (80),authoritative_committee_id,Political Committee,15109,Steve Novick,3,1,1,35000,0,35000,2026-08-28,2026-08-28,0,0,1,35000,2026-08-28: $350.00 [ID 5830278],5830278,
committee:80,Joint Council of Teamsters No. 37 Political Fund (80),authoritative_committee_id,Political Committee,17629,Eric Zimmerman,4,1,1,35000,0,35000,2026-08-31,2026-08-31,0,0,1,35000,2026-08-31: $350.00 [ID 5813851],5813851,
committee:80,Joint Council of Teamsters No. 37 Political Fund (80),authoritative_committee_id,Political Committee,23365,Mitch Green,4,1,1,35000,0,35000,2026-08-24,2026-08-24,0,0,1,35000,2026-08-24: $350.00 [ID 5775524],5775524,
record:00fdfab8d4b1462ed7567edc,Sonia Schmanski,provisional_record_group,Individual,24897,Kellie Torres,3,1,1,35000,0,35000,2026-03-29,2026-03-29,0,0,1,35000,2026-03-29: $350.00 [ID 5623860],5623860,
record:01335cfbfdfc1afbb143e0f1,Amy Osterlund,provisional_record_group,Individual,17629,Eric Zimmerman,4,1,1,25000,0,25000,2026-04-26,2026-04-26,0,0,1,25000,2026-04-26: $250.00 [ID 5651918],5651918,
record:0136d2a488b51fe64a5743ea,Diana Stuart,provisional_record_group,Individual,17629,Eric Zimmerman,4,1,1,25000,0,25000,2026-07-23,2026-07-23,0,0,1,25000,2026-07-23: $250.00 [ID 5747557],5747557,
record:013fda118259caa40a34b3a8,Dougal Williams,provisional_record_group,Individual,23295,Eli Arnold,4,1,1,25000,0,25000,2026-05-09,2026-05-09,0,0,1,25000,2026-05-09: $250.00 [ID 5674922],5674922,
record:016b6d93af3edbff7f928f53,Brian M Alfonse,provisional_record_group,Individual,23208,Tiffany Koyama Lane,3,1,1,35000,0,35000,2026-01-03,2026-01-03,0,0,1,35000,2026-01-03: $350.00 [ID 5488267],5488267,
record:01b488f5c80a19eaf4cdbb83,Donald Clark,provisional_record_group,Individual,23199,Olivia Clark,4,2,1,87500,2500,85000,2025-08-20,2025-08-20,2,87500,0,0,2025-08-20: $375.00 [ID 5375102] | 2025-08-20: $500.00 [ID 5660053],5375102|5660053,5397270
record:01fbb70817f7d3eee4a45388,Kellie Torres,provisional_record_group,Candidate & Immediate Family,24897,Kellie Torres,3,2,2,25000,0,25000,2026-04-05,2026-06-18,0,0,2,25000,2026-04-05: $25.00 [ID 5622339] | 2026-06-18: $225.00 [ID 5693700],5622339|5693700,
record:026f5d7b8d000686bf790871,Victor Soares,provisional_record_group,Individual,23295,Eli Arnold,4,1,1,25000,0,25000,2026-09-18,2026-09-18,0,0,1,25000,2026-09-18: $250.00 [ID 5821178],5821178,
record:029c52a406b50881cb0f90ed,Stewart Peterson,provisional_record_group,Individual,23295,Eli Arnold,4,1,1,5000,0,5000,2026-09-16,2026-09-16,0,0,1,5000,2026-09-16: $50.00 [ID 5820974],5820974,
record:03086e01f17895442e4d7e9d,Au Nguyen,provisional_record_group,Individual,23028,Angelita Morillo,3,1,1,35000,0,35000,2025-10-26,2025-10-26,1,35000,0,0,2025-10-26: $350.00 [ID 5417009],5417009,
record:030a8d4b961f771f2971c06d,Ben Goertz,provisional_record_group,Individual,25040,Jamey Evenstar,4,1,1,10000,0,10000,2026-07-16,2026-07-16,0,0,1,10000,2026-07-16: $100.00 [ID 5729010],5729010,
record:0372391b20f697c81ef41437,Timothy Kuzma,provisional_record_group,Individual,23295,Eli Arnold,4,1,1,25000,0,25000,2026-03-05,2026-03-05,0,0,1,25000,2026-03-05: $250.00 [ID 5573046],5573046,
record:03d1b51d541192d21ef29673,Caitlin Mwanga,provisional_record_group,Individual,17629,Eric Zimmerman,4,1,1,35000,0,35000,2026-03-05,2026-03-05,0,0,1,35000,2026-03-05: $350.00 [ID 5562834],5562834,
record:042c871bd1e89766dc8137c9,Stephen Goodman,provisional_record_group,Individual,24897,Kellie Torres,3,1,1,35000,0,35000,2026-05-03,2026-05-03,0,0,1,35000,2026-05-03: $350.00 [ID 5650792],5650792,
record:044bb0577d051932fa505d6a,Elizabeth Angel,provisional_record_group,Individual,17629,Eric Zimmerman,4,1,1,35000,0,35000,2026-08-31,2026-08-31,0,0,1,35000,2026-08-31: $350.00 [ID 5813843],5813843,
record:044bb0577d051932fa505d6a,Elizabeth Angel,provisional_record_group,Individual,23199,Olivia Clark,4,1,1,35000,0,35000,2026-08-31,2026-08-31,0,0,1,35000,2026-08-31: $350.00 [ID 5800293],5800293,
record:044bb0577d051932fa505d6a,Elizabeth Angel,provisional_record_group,Individual,23295,Eli Arnold,4,1,1,35000,0,35000,2026-08-31,2026-08-31,0,0,1,35000,2026-08-31: $350.00 [ID 5786203],5786203,
record:050732fd05019c9a86b1e966,Susan Pontefract,provisional_record_group,Individual,17629,Eric Zimmerman,4,2,2,27500,0,27500,2026-04-09,2026-09-18,0,0,2,27500,2026-04-09: $250.00 [ID 5651889] | 2026-09-18: $25.00 [ID 5828796],5651889|5828796,
record:058ecc8dbcf5e6be02cf9233,Marsea Hart,provisional_record_group,Individual,17629,Eric Zimmerman,4,1,1,35000,0,35000,2025-11-15,2025-11-15,1,35000,0,0,2025-11-15: $350.00 [ID 5451590],5451590,
record:05a3647617f7c6a175fd9644,David Michael Roach,provisional_record_group,Individual,17629,Eric Zimmerman,4,1,1,32500,0,32500,2026-09-21,2026-09-21,0,0,1,32500,2026-09-21: $325.00 [ID 5828872],5828872,
record:05ab903f66c172c2a279444d,Ann Chiu,provisional_record_group,Individual,23208,Tiffany Koyama Lane,3,1,1,20000,0,20000,2026-08-25,2026-08-25,0,0,1,20000,2026-08-25: $200.00 [ID 5785438],5785438,
record:05d538d425b57f3d43734164,Hans Witt,provisional_record_group,Individual,23295,Eli Arnold,4,1,1,10000,0,10000,2026-09-22,2026-09-22,0,0,1,10000,2026-09-22: $100.00 [ID 5820882],5820882,
record:05eedcfac032366a04f1b720,Robert Findlay,provisional_record_group,Individual,23365,Mitch Green,4,1,1,35000,0,35000,2026-06-23,2026-06-23,0,0,1,35000,2026-06-23: $350.00 [ID 5702521],5702521,
record:06256d4d3dbd3ebaec9434a8,Pasquale Pascuzzi,provisional_record_group,Individual,23295,Eli Arnold,4,1,1,30000,0,30000,2026-08-10,2026-08-10,0,0,1,30000,2026-08-10: $300.00 [ID 5786085],5786085,
record:06306c071509ae0afcd0df9b,Terry Epperson,provisional_record_group,Individual,23208,Tiffany Koyama Lane,3,1,1,10000,0,10000,2026-09-14,2026-09-14,0,0,1,10000,2026-09-14: $100.00 [ID 5814471],5814471,
record:06321561b9472318edcca4e4,Bruce Morrison,provisional_record_group,Individual,17629,Eric Zimmerman,4,1,1,10000,0,10000,2026-05-20,2026-05-20,0,0,1,10000,2026-05-20: $100.00 [ID 5679886],5679886,
record:065ed2a89e85852844ffb8af,Barry Raber,provisional_record_group,Individual,24897,Kellie Torres,3,1,1,35000,0,35000,2026-08-16,2026-08-16,0,0,1,35000,2026-08-16: $350.00 [ID 5812176],5812176,
record:06ce39d7e254bbe600a2837e,Aaron Deas,provisional_record_group,Individual,23199,Olivia Clark,4,1,1,35000,0,35000,2025-10-30,2025-10-30,1,35000,0,0,2025-10-30: $350.00 [ID 5426284],5426284,
record:0701405609067ba5413be71a,Laura P Wadlin,provisional_record_group,Individual,23208,Tiffany Koyama Lane,3,4,4,10800,2700,8100,2025-12-28,2026-06-28,1,2700,3,8100,2025-12-28: $27.00 [ID 5481777] | 2026-04-28: $27.00 [ID 5649171] | 2026-05-28: $27.00 [ID 5679202] | 2026-06-28: $27.00 [ID 5709326],5481777|5649171|5679202|5709326,5709338
record:0701405609067ba5413be71a,Laura P Wadlin,provisional_record_group,Individual,23365,Mitch Green,4,1,1,35000,10000,25000,2026-07-24,2026-07-24,0,0,1,35000,2026-07-24: $350.00 [ID 5738124],5738124,5738795
record:0750541f9065b9ccc3e0ae35,Mary Paganelli,provisional_record_group,Individual,23295,Eli Arnold,4,1,1,20000,0,20000,2026-08-01,2026-08-01,0,0,1,20000,2026-08-01: $200.00 [ID 5786046],5786046,
record:075e5586889b1648243347f3,Gun Denhart,provisional_record_group,Individual,23295,Eli Arnold,4,1,1,50000,15000,35000,2026-06-01,2026-06-01,0,0,1,50000,2026-06-01: $500.00 [ID 5686451],5686451,5686500
record:07c58e96b231d7aa0b49d18f,Mark Sexton,provisional_record_group,Individual,17629,Eric Zimmerman,4,1,1,25000,0,25000,2026-08-11,2026-08-11,0,0,1,25000,2026-08-11: $250.00 [ID 5778088],5778088,
record:07d5af0f660568c8c8dd8856,Northwest Oregon Labor Council,provisional_record_group,Labor Organization,15109,Steve Novick,3,1,1,25000,0,25000,2025-07-07,2025-07-07,1,25000,0,0,2025-07-07: $250.00 [ID 5356807],5356807,
record:07e8d64c5cfdb0c58172cdbe,Mike Litchman,provisional_record_group,Individual,23295,Eli Arnold,4,2,2,25000,0,25000,2025-12-11,2026-07-14,1,10000,1,15000,2025-12-11: $100.00 [ID 5460001] | 2026-07-14: $150.00 [ID 5747127],5460001|5747127,
record:088f611ebd14ed2b9bbd6819,Brad Messinger,provisional_record_group,Individual,23028,Angelita Morillo,3,1,1,35000,0,35000,2026-07-08,2026-07-08,0,0,1,35000,2026-07-08: $350.00 [ID 5712419],5712419,
record:094b45ddd8e95156ee178e11,Myrna Munoz,provisional_record_group,Individual,23208,Tiffany Koyama Lane,3,1,1,10100,0,10100,2026-07-30,2026-07-30,0,0,1,10100,2026-07-30: $101.00 [ID 5746743],5746743,
record:097e3cbaeedf3d375e1db8d1,Sara Reinhardt,provisional_record_group,Individual,23028,Angelita Morillo,3,1,1,35000,0,35000,2026-01-11,2026-01-11,0,0,1,35000,2026-01-11: $350.00 [ID 5500529],5500529,
record:09debdd79c2f2a32e221913b,Martin Leon,provisional_record_group,Individual,24973,Esther León,3,4,4,10000,0,10000,2026-05-12,2026-08-12,0,0,4,10000,2026-05-12: $25.00 [ID 5674360] | 2026-06-12: $25.00 [ID 5686832] | 2026-07-12: $25.00 [ID 5728598] | 2026-08-12: $25.00 [ID 5768246],5674360|5686832|5728598|5768246,
record:09f530d6dcaa494d512c6600,Barre Stoll,provisional_record_group,Individual,17629,Eric Zimmerman,4,1,1,35000,0,35000,2026-09-10,2026-09-10,0,0,1,35000,2026-09-10: $350.00 [ID 5813911],5813911,
record:0b3ac520109cba1734e0ea9d,Diane Rosenbaum,provisional_record_group,Individual,15109,Steve Novick,3,1,1,25000,0,25000,2026-02-08,2026-02-08,0,0,1,25000,2026-02-08: $250.00 [ID 5534856],5534856,
record:0b3ac520109cba1734e0ea9d,Diane Rosenbaum,provisional_record_group,Individual,23199,Olivia Clark,4,1,1,25000,0,25000,2026-04-03,2026-04-03,0,0,1,25000,2026-04-03: $250.00 [ID 5633070],5633070,
record:0b3dde9ec5a30cfe43160041,Kim Cassel Tardie,provisional_record_group,Individual,17629,Eric Zimmerman,4,1,1,35000,0,35000,2026-09-16,2026-09-16,0,0,1,35000,2026-09-16: $350.00 [ID 5813985],5813985,
record:0bc84b5a6e458a1107958c67,Kimberly Branam,provisional_record_group,Individual,24897,Kellie Torres,3,1,1,2500,0,2500,2026-09-06,2026-09-06,0,0,1,2500,2026-09-06: $25.00 [ID 5796971],5796971,
record:0be9a088d3945893a39c30fb,Chris Smith,provisional_record_group,Individual,23028,Angelita Morillo,3,1,1,35000,0,35000,2026-03-31,2026-03-31,0,0,1,35000,2026-03-31: $350.00 [ID 5618879],5618879,
record:0c28fd84ed7ed938ff2e40c0,Rachel Weisshaar,provisional_record_group,Individual,23028,Angelita Morillo,3,1,1,20000,0,20000,2026-06-29,2026-06-29,0,0,1,20000,2026-06-29: $200.00 [ID 5703003],5703003,
record:0c28fd84ed7ed938ff2e40c0,Rachel Weisshaar,provisional_record_group,Individual,25040,Jamey Evenstar,4,1,1,20000,0,20000,2026-08-30,2026-08-30,0,0,1,20000,2026-08-30: $200.00 [ID 5785318],5785318,
record:0c3aaafe8e3597ca76504f8e,John Duhamel,provisional_record_group,Candidate & Immediate Family,25040,Jamey Evenstar,4,1,1,75000,0,75000,2026-05-22,2026-05-22,0,0,1,75000,2026-05-22: $750.00 [ID 5677930],5677930,
record:0c4f2fed5083aae9d56b141e,Paul Fitzgerald,provisional_record_group,Individual,23199,Olivia Clark,4,1,1,35000,0,35000,2025-12-05,2025-12-05,1,35000,0,0,2025-12-05: $350.00 [ID 5473726],5473726,
record:0c8b8a492446f963babc9828,Andrew Bessmer,provisional_record_group,Individual,23365,Mitch Green,4,2,2,85000,0,85000,2025-08-23,2026-08-02,1,50000,1,35000,2025-08-23: $500.00 [ID 5384564] | 2026-08-02: $350.00 [ID 5748637],5384564|5748637,
record:0d0af9561d097432abef21cb,Tressa Barclay,provisional_record_group,Individual,23028,Angelita Morillo,3,1,1,35000,0,35000,2026-08-27,2026-08-27,0,0,1,35000,2026-08-27: $350.00 [ID 5785409],5785409,
record:0d0af9561d097432abef21cb,Tressa Barclay,provisional_record_group,Individual,23208,Tiffany Koyama Lane,3,1,1,35000,0,35000,2026-08-27,2026-08-27,0,0,1,35000,2026-08-27: $350.00 [ID 5785486],5785486,
record:0d1e1e6e8b2ac417e8fb3627,Tyler Frisbee,provisional_record_group,Individual,15109,Steve Novick,3,1,1,20000,0,20000,2026-06-09,2026-06-09,0,0,1,20000,2026-06-09: $200.00 [ID 5685114],5685114,
record:0d2962571e4356f74df0b182,Keil Mueller,provisional_record_group,Individual,23208,Tiffany Koyama Lane,3,3,3,35000,0,35000,2026-02-04,2026-04-04,0,0,3,35000,2026-02-04: $250.00 [ID 5532568] | 2026-03-04: $50.00 [ID 5564621] | 2026-04-04: $50.00 [ID 5601110],5532568|5564621|5601110,
record:0d2962571e4356f74df0b182,Keil Mueller,provisional_record_group,Individual,23365,Mitch Green,4,2,2,40000,5000,35000,2026-02-04,2026-03-04,0,0,2,40000,2026-02-04: $350.00 [ID 5532562] | 2026-03-04: $50.00 [ID 5564788],5532562|5564788,5564795
record:0d3b97e2d666c0b113752027,Dan Ryan,provisional_record_group,Individual,24897,Kellie Torres,3,1,1,35000,0,35000,2026-03-31,2026-03-31,0,0,1,35000,2026-03-31: $350.00 [ID 5621364],5621364,
record:0d5db4f8c4e0f000c45cc9c0,Jennifer Krauel,provisional_record_group,Individual,23028,Angelita Morillo,3,1,1,20000,0,20000,2025-12-21,2025-12-21,1,20000,0,0,2025-12-21: $200.00 [ID 5488119],5488119,
record:0d76850f2926c213c8d64d47,Abigale Lane,provisional_record_group,Individual,23208,Tiffany Koyama Lane,3,1,1,35000,0,35000,2026-05-30,2026-05-30,0,0,1,35000,2026-05-30: $350.00 [ID 5679252],5679252,
record:0d7d22a644edc3dbfd768856,Anne Stewart,provisional_record_group,Individual,17629,Eric Zimmerman,4,1,1,35000,0,35000,2026-04-17,2026-04-17,0,0,1,35000,2026-04-17: $350.00 [ID 5651910],5651910,
record:0db53a6d49631489e58edd9c,Barry Cain,provisional_record_group,Individual,24897,Kellie Torres,3,1,1,35000,0,35000,2026-08-09,2026-08-09,0,0,1,35000,2026-08-09: $350.00 [ID 5760928],5760928,
record:0de076690e368e69f91cce20,Amy Ruiz,provisional_record_group,Individual,17629,Eric Zimmerman,4,2,2,35000,0,35000,2026-04-09,2026-05-07,0,0,2,35000,2026-04-09: $150.00 [ID 5651886] | 2026-05-07: $200.00 [ID 5679850],5651886|5679850,
record:0e3ab764a2493d9a440c988a,Sue Van Brocklin,provisional_record_group,Individual,23199,Olivia Clark,4,2,2,50000,15000,35000,2025-12-22,2026-03-21,1,15000,1,35000,2025-12-22: $150.00 [ID 5473800] | 2026-03-21: $350.00 [ID 5633051],5473800|5633051,5633146
record:0e40b477eb590682fdb36336,Hau Hagedorn,provisional_record_group,Individual,23028,Angelita Morillo,3,1,1,10000,0,10000,2026-07-29,2026-07-29,0,0,1,10000,2026-07-29: $100.00 [ID 5746649],5746649,
record:0e40b477eb590682fdb36336,Hau Hagedorn,provisional_record_group,Individual,23208,Tiffany Koyama Lane,3,2,2,14000,0,14000,2026-07-29,2026-08-01,0,0,2,14000,2026-07-29: $100.00 [ID 5746724] | 2026-08-01: $40.00 [ID 5748760],5746724|5748760,
record:0e40b477eb590682fdb36336,Hau Hagedorn,provisional_record_group,Individual,23365,Mitch Green,4,1,1,10000,0,10000,2026-07-29,2026-07-29,0,0,1,10000,2026-07-29: $100.00 [ID 5745243],5745243,
record:0e768777e0cb3d62c8565cbb,J. Lee Lane Rahr,provisional_record_group,Individual,17629,Eric Zimmerman,4,1,1,15000,0,15000,2026-09-09,2026-09-09,0,0,1,15000,2026-09-09: $150.00 [ID 5813933],5813933,
record:0eab65c5d88f1f20e8c41f4f,Jeff Smith,provisional_record_group,Individual,15109,Steve Novick,3,1,1,25000,0,25000,2026-08-22,2026-08-22,0,0,1,25000,2026-08-22: $250.00 [ID 5793321],5793321,
record:0ec49c808c642dbbd14a83bb,Gordon Keane,provisional_record_group,Individual,23199,Olivia Clark,4,1,1,35000,0,35000,2025-12-15,2025-12-15,1,35000,0,0,2025-12-15: $350.00 [ID 5473774],5473774,
record:10501265dc060c53113a71ae,Keith Wilson,provisional_record_group,Individual,23199,Olivia Clark,4,1,1,35000,0,35000,2026-06-28,2026-06-28,0,0,1,35000,2026-06-28: $350.00 [ID 5717848],5717848,
record:1068726503c8950a11490783,James Anderson,provisional_record_group,Individual,23295,Eli Arnold,4,1,1,25000,0,25000,2026-01-13,2026-01-13,0,0,1,25000,2026-01-13: $250.00 [ID 5505130],5505130,
record:1086af640dd2bd26241161df,Zachary Kersten,provisional_record_group,Individual,24897,Kellie Torres,3,1,1,35000,10000,25000,2026-08-09,2026-08-09,0,0,1,35000,2026-08-09: $350.00 [ID 5780410],5780410,5780411
record:111553fd76dab65025afea45,John Bradley,provisional_record_group,Individual,17629,Eric Zimmerman,4,1,1,35000,0,35000,2026-09-15,2026-09-15,0,0,1,35000,2026-09-15: $350.00 [ID 5813977],5813977,
record:11dcb8be0d486e9c0bd965a3,Megan Brown,provisional_record_group,Individual,23208,Tiffany Koyama Lane,3,5,5,12500,0,12500,2026-05-06,2026-09-06,0,0,5,12500,2026-05-06: $25.00 [ID 5654637] | 2026-06-06: $25.00 [ID 5683731] | 2026-07-06: $25.00 [ID 5712657] | 2026-08-06: $25.00 [ID 5758599] | 2026-09-06: $25.00 [ID 5796061],5654637|5683731|5712657|5758599|5796061,
record:1218a7a61cffc30832d28531,Valerie Aitchison,provisional_record_group,Individual,17629,Eric Zimmerman,4,1,1,32500,0,32500,2026-09-10,2026-09-10,0,0,1,32500,2026-09-10: $325.00 [ID 5813914],5813914,
record:12449636dd7d2793b39dc586,Diane Goodwin,provisional_record_group,Individual,23208,Tiffany Koyama Lane,3,2,2,24934,0,24934,2026-07-29,2026-09-13,0,0,2,24934,2026-07-29: $83.34 [ID 5746714] | 2026-09-13: $166.00 [ID 5808001],5746714|5808001,
record:12449636dd7d2793b39dc586,Diane Goodwin,provisional_record_group,Individual,23365,Mitch Green,4,2,2,18333,0,18333,2026-05-09,2026-07-29,0,0,2,18333,2026-05-09: $100.00 [ID 5659001] | 2026-07-29: $83.33 [ID 5745233],5659001|5745233,
record:12466eebc708ee38258eb49a,Thomas Stilley,provisional_record_group,Individual,17629,Eric Zimmerman,4,1,1,35000,0,35000,2026-04-28,2026-04-28,0,0,1,35000,2026-04-28: $350.00 [ID 5651924],5651924,
record:126644e44e5552816d1a98a8,Jennifer Usselman,provisional_record_group,Individual,24897,Kellie Torres,3,1,1,2500,0,2500,2026-08-30,2026-08-30,0,0,1,2500,2026-08-30: $25.00 [ID 5795567],5795567,
record:126e3b8e3660cbd3dfe9d2f2,Leigh Shelton,provisional_record_group,Individual,23365,Mitch Green,4,2,2,22500,0,22500,2026-07-24,2026-09-16,0,0,2,22500,2026-07-24: $200.00 [ID 5738143] | 2026-09-16: $25.00 [ID 5818188],5738143|5818188,
record:127e35c2e33be1d1b2e6fe5d,Thomas McHugh,provisional_record_group,Individual,24897,Kellie Torres,3,2,2,50000,25000,25000,2026-03-22,2026-05-03,0,0,2,50000,2026-03-22: $250.00 [ID 5585155] | 2026-05-03: $250.00 [ID 5650786],5585155|5650786,5613307
record:12a131026e88b590eb7cf64d,Caryn Kayton,provisional_record_group,Individual,23411,Jeremy Beausoleil Smith,4,1,1,25000,0,25000,2026-06-08,2026-06-08,0,0,1,25000,2026-06-08: $250.00 [ID 5709303],5709303,
record:12ab313295a0762f9d510736,Christine Vernier,provisional_record_group,Individual,15109,Steve Novick,3,1,1,20000,0,20000,2026-02-08,2026-02-08,0,0,1,20000,2026-02-08: $200.00 [ID 5534854],5534854,
record:1328063c2709d98d5228e795,Donald Merkt,provisional_record_group,Individual,24897,Kellie Torres,3,1,1,20000,0,20000,2026-09-06,2026-09-06,0,0,1,20000,2026-09-06: $200.00 [ID 5799832],5799832,
record:132c5afb7eb5d62cb8bc079d,Jordan Lewis,provisional_record_group,Individual,23028,Angelita Morillo,3,1,1,15000,0,15000,2026-04-21,2026-04-21,0,0,1,15000,2026-04-21: $150.00 [ID 5635023],5635023,
record:136aad6f399f58d9a8898e1a,Michael Galizio,provisional_record_group,Individual,23295,Eli Arnold,4,1,1,10000,0,10000,2026-09-10,2026-09-10,0,0,1,10000,2026-09-10: $100.00 [ID 5820888],5820888,
record:1387d78ea440c522ca2d4997,Norma Dulin,provisional_record_group,Individual,15109,Steve Novick,3,1,1,25000,0,25000,2026-07-16,2026-07-16,0,0,1,25000,2026-07-16: $250.00 [ID 5732303],5732303,
record:13c159919c7d9b1d65b9880a,Rhianna Smith,provisional_record_group,Individual,23028,Angelita Morillo,3,5,5,12500,0,12500,2026-05-18,2026-09-18,0,0,5,12500,2026-05-18: $25.00 [ID 5672822] | 2026-06-18: $25.00 [ID 5697394] | 2026-07-18: $25.00 [ID 5728984] | 2026-08-18: $25.00 [ID 5774134] | 2026-09-18: $25.00 [ID 5818535],5672822|5697394|5728984|5774134|5818535,
record:13c159919c7d9b1d65b9880a,Rhianna Smith,provisional_record_group,Individual,23208,Tiffany Koyama Lane,3,5,5,12500,0,12500,2026-05-18,2026-09-18,0,0,5,12500,2026-05-18: $25.00 [ID 5672464] | 2026-06-18: $25.00 [ID 5697345] | 2026-07-18: $25.00 [ID 5729271] | 2026-08-18: $25.00 [ID 5774313] | 2026-09-18: $25.00 [ID 5817643],5672464|5697345|5729271|5774313|5817643,
record:13f9961e483f9e66233164b3,Judith Henderson,provisional_record_group,Individual,23199,Olivia Clark,4,1,1,25000,0,25000,2026-02-07,2026-02-07,0,0,1,25000,2026-02-07: $250.00 [ID 5541154],5541154,
record:141c5700fb911cdfb940ca5e,Nicholas Hara,provisional_record_group,Individual,23208,Tiffany Koyama Lane,3,1,1,5000,0,5000,2025-09-18,2025-09-18,1,5000,0,0,2025-09-18: $50.00 [ID 5384861],5384861,
record:14466646cb24b47b33f3cb71,Jeremy Sarant,provisional_record_group,Individual,15109,Steve Novick,3,1,1,5000,0,5000,2026-07-23,2026-07-23,0,0,1,5000,2026-07-23: $50.00 [ID 5760055],5760055,
record:144d8400f3d5f38872bc6d4a,Christian Aguinaga,provisional_record_group,Individual,23028,Angelita Morillo,3,1,1,35000,0,35000,2025-12-14,2025-12-14,1,35000,0,0,2025-12-14: $350.00 [ID 5488131],5488131,
record:1495340bae4093dcb3f37655,Frank Torresy,provisional_record_group,Individual,24897,Kellie Torres,3,1,1,25000,0,25000,2026-09-13,2026-09-13,0,0,1,25000,2026-09-13: $250.00 [ID 5811181],5811181,
record:14b9c08177b5ecea3e6fd221,RU BUDHI,provisional_record_group,Individual,24897,Kellie Torres,3,1,1,35000,0,35000,2026-04-12,2026-04-12,0,0,1,35000,2026-04-12: $350.00 [ID 5623660],5623660,
record:14bfc9cf7e183eae3457a60c,Adam Breindel,provisional_record_group,Individual,23295,Eli Arnold,4,1,1,35000,0,35000,2025-11-14,2025-11-14,1,35000,0,0,2025-11-14: $350.00 [ID 5459850],5459850,
record:157bdf763d50ed0f8feaba4b,Darin Sands,provisional_record_group,Individual,24897,Kellie Torres,3,1,1,25000,0,25000,2026-05-06,2026-05-06,0,0,1,25000,2026-05-06: $250.00 [ID 5653607],5653607,
record:160f7ba319ce357104d7a4e6,Samuel Metz,provisional_record_group,Individual,15109,Steve Novick,3,1,1,35000,0,35000,2026-06-23,2026-06-23,0,0,1,35000,2026-06-23: $350.00 [ID 5717564],5717564,
record:161ca90078253c75fb5f7d4e,Juno Suarez,provisional_record_group,Individual,23208,Tiffany Koyama Lane,3,1,1,5800,0,5800,2026-06-15,2026-06-15,0,0,1,5800,2026-06-15: $58.00 [ID 5697325],5697325,
record:1670483ce90ac43a405056c6,Joshua Bar-Lev,provisional_record_group,Individual,23295,Eli Arnold,4,1,1,25000,0,25000,2025-11-16,2025-11-16,1,25000,0,0,2025-11-16: $250.00 [ID 5459897],5459897,
record:17085dd93877fe467b627dba,Jeff Benerofe,provisional_record_group,Individual,25103,Jayne Cronlund,4,1,1,25000,0,25000,2026-09-15,2026-09-15,0,0,1,25000,2026-09-15: $250.00 [ID 5831793],5831793,
record:1755fb9a0dcd41c708fdb13a,Mary Scott,provisional_record_group,Individual,23199,Olivia Clark,4,2,1,27500,0,27500,2026-04-29,2026-04-29,0,0,2,27500,2026-04-29: $250.00 [ID 5653716] | 2026-04-29: $25.00 [ID 5653717],5653716|5653717,
record:1762d37b72c84040d2bfad4d,Tiffany Grabenhorst,provisional_record_group,Individual,24897,Kellie Torres,3,1,1,35000,0,35000,2026-08-09,2026-08-09,0,0,1,35000,2026-08-09: $350.00 [ID 5760957],5760957,
record:1796f2d4b520020c17643c76,Isaiah Kaplan,provisional_record_group,Individual,23365,Mitch Green,4,1,1,5000,0,5000,2026-09-17,2026-09-17,0,0,1,5000,2026-09-17: $50.00 [ID 5818223],5818223,
record:182e8ef9703778ce2a6def22,Paul Koops,provisional_record_group,Individual,23199,Olivia Clark,4,1,1,30000,0,30000,2025-07-27,2025-07-27,1,30000,0,0,2025-07-27: $300.00 [ID 5352309],5352309,
record:18813948c332fe9742f01424,Justin Altemus,provisional_record_group,Individual,23028,Angelita Morillo,3,2,2,5000,0,5000,2026-05-12,2026-06-12,0,0,2,5000,2026-05-12: $25.00 [ID 5662925] | 2026-06-12: $25.00 [ID 5687326],5662925|5687326,
record:18b28eb812a058c71016de08,Janet Schaeffer,provisional_record_group,Individual,23199,Olivia Clark,4,1,1,30000,0,30000,2026-03-21,2026-03-21,0,0,1,30000,2026-03-21: $300.00 [ID 5633056],5633056,
record:18c277f31076cff04b49e724,Tom Mulflur,provisional_record_group,Individual,15109,Steve Novick,3,1,1,35000,0,35000,2026-06-04,2026-06-04,0,0,1,35000,2026-06-04: $350.00 [ID 5685079],5685079,
record:18fd0f9104632421e25d9c70,Laura Wimmer,provisional_record_group,Individual,17629,Eric Zimmerman,4,1,1,35000,0,35000,2026-03-26,2026-03-26,0,0,1,35000,2026-03-26: $350.00 [ID 5598560],5598560,
record:18fd0f9104632421e25d9c70,Laura Wimmer,provisional_record_group,Individual,23199,Olivia Clark,4,1,1,35000,0,35000,2026-03-11,2026-03-11,0,0,1,35000,2026-03-11: $350.00 [ID 5586601],5586601,
record:190ec046b8934f670de9ef6b,Susan Souers,provisional_record_group,Individual,17629,Eric Zimmerman,4,1,1,25000,0,25000,2026-09-15,2026-09-15,0,0,1,25000,2026-09-15: $250.00 [ID 5813979],5813979,
record:19177e0b961c102196b1cc75,Whitney Goodman,provisional_record_group,Individual,24897,Kellie Torres,3,1,1,35000,0,35000,2026-05-03,2026-05-03,0,0,1,35000,2026-05-03: $350.00 [ID 5650796],5650796,
record:194514fc2560b81618007a0e,James Flynn,provisional_record_group,Individual,24897,Kellie Torres,3,1,1,35000,0,35000,2026-08-09,2026-08-09,0,0,1,35000,2026-08-09: $350.00 [ID 5760945],5760945,
record:195f5f1816c0a75c3bf0defb,Mardi Spitzer,provisional_record_group,Individual,15109,Steve Novick,3,1,1,35000,0,35000,2026-06-04,2026-06-04,0,0,1,35000,2026-06-04: $350.00 [ID 5685082],5685082,
record:196e5034172ba7c06399a0a4,Darion Jones,provisional_record_group,Individual,24897,Kellie Torres,3,1,1,25000,0,25000,2026-03-29,2026-03-29,0,0,1,25000,2026-03-29: $250.00 [ID 5623843],5623843,
record:19831badfe64946260e01228,Jill Nelson,provisional_record_group,Individual,24897,Kellie Torres,3,1,1,35000,0,35000,2026-08-09,2026-08-09,0,0,1,35000,2026-08-09: $350.00 [ID 5760883],5760883,
record:19c08591e22c0f63093b78be,Joseph P Gerharz,provisional_record_group,Individual,23028,Angelita Morillo,3,1,1,35000,0,35000,2025-08-24,2025-08-24,1,35000,0,0,2025-08-24: $350.00 [ID 5369848],5369848,
record:19cd4e2ba5cddc3582242056,Aidan Willis,provisional_record_group,Individual,23199,Olivia Clark,4,1,1,87500,0,87500,2025-11-26,2025-11-26,1,87500,0,0,2025-11-26: $875.00 [ID 5473711],5473711,
record:1a22600c800c85a4eef63941,Keith Wilson,provisional_record_group,Individual,24897,Kellie Torres,3,1,1,35000,0,35000,2026-08-16,2026-08-16,0,0,1,35000,2026-08-16: $350.00 [ID 5768608],5768608,
record:1ab969badeacd806ae36f6f7,Christopher Smith,provisional_record_group,Individual,15109,Steve Novick,3,1,1,35000,0,35000,2026-04-06,2026-04-06,0,0,1,35000,2026-04-06: $350.00 [ID 5612583],5612583,
record:1ad905e73596ee9612e8b631,Matthew Holt,provisional_record_group,Individual,23028,Angelita Morillo,3,1,1,20000,0,20000,2026-07-06,2026-07-06,0,0,1,20000,2026-07-06: $200.00 [ID 5712402],5712402,
record:1ad905e73596ee9612e8b631,Matthew Holt,provisional_record_group,Individual,23208,Tiffany Koyama Lane,3,1,1,20000,0,20000,2026-07-06,2026-07-06,0,0,1,20000,2026-07-06: $200.00 [ID 5712658],5712658,
record:1ad905e73596ee9612e8b631,Matthew Holt,provisional_record_group,Individual,23365,Mitch Green,4,1,1,20000,0,20000,2026-07-06,2026-07-06,0,0,1,20000,2026-07-06: $200.00 [ID 5712456],5712456,
record:1b1cdd30f692b36422b2984d,Laura Willimgham Milne,provisional_record_group,Individual,15109,Steve Novick,3,2,2,50000,0,50000,2025-12-29,2026-04-17,1,30000,1,20000,2025-12-29: $300.00 [ID 5503373] | 2026-04-17: $200.00 [ID 5657764],5503373|5657764,
record:1b30223e6d770cac375f0acd,Michael Menashe,provisional_record_group,Individual,24897,Kellie Torres,3,1,1,35000,0,35000,2026-08-09,2026-08-09,0,0,1,35000,2026-08-09: $350.00 [ID 5780408],5780408,
record:1b89fe60f6fa342728417c2c,Evelyn Kocher,provisional_record_group,Individual,23028,Angelita Morillo,3,1,1,10000,0,10000,2025-12-14,2025-12-14,1,10000,0,0,2025-12-14: $100.00 [ID 5488137],5488137,
record:1b8b9f043b906b0460fb94eb,Robert Maletis,provisional_record_group,Individual,15109,Steve Novick,3,1,1,35000,0,35000,2026-06-04,2026-06-04,0,0,1,35000,2026-06-04: $350.00 [ID 5685085],5685085,
record:1c1b8d4f2a17d16d01c7e8ff,Janis Harrison,provisional_record_group,Individual,17629,Eric Zimmerman,4,1,1,35000,0,35000,2026-09-16,2026-09-16,0,0,1,35000,2026-09-16: $350.00 [ID 5813982],5813982,
record:1cd2ce17dd2369a8da9cadb4,John Petrusich,provisional_record_group,Individual,24897,Kellie Torres,3,1,1,35000,0,35000,2026-08-02,2026-08-02,0,0,1,35000,2026-08-02: $350.00 [ID 5780398],5780398,
record:1d11cd44a94fc6e45a1d7655,Rebecca Stavenjord,provisional_record_group,Individual,23199,Olivia Clark,4,2,1,50000,0,50000,2025-01-13,2025-01-13,2,50000,0,0,2025-01-13: $350.00 [ID 5213464] | 2025-01-13: $150.00 [ID 5213467],5213464|5213467,
record:1d2dcf162e0be6994a74af04,N.Robert Stoll,provisional_record_group,Individual,24897,Kellie Torres,3,1,1,35000,0,35000,2026-08-30,2026-08-30,0,0,1,35000,2026-08-30: $350.00 [ID 5795589],5795589,
record:1d34a59420bb389d16f5119e,Chris Chase,provisional_record_group,Individual,17629,Eric Zimmerman,4,1,1,25000,0,25000,2026-04-14,2026-04-14,0,0,1,25000,2026-04-14: $250.00 [ID 5651894],5651894,
record:1d4ea18d92ddca6210910624,Noah Bernstein-Hanley,provisional_record_group,Individual,23365,Mitch Green,4,1,1,32500,0,32500,2026-07-24,2026-07-24,0,0,1,32500,2026-07-24: $325.00 [ID 5738122],5738122,
record:1d73120bc85a39f8467f15be,Michelle Milla,provisional_record_group,Individual,23295,Eli Arnold,4,1,1,5000,0,5000,2026-09-18,2026-09-18,0,0,1,5000,2026-09-18: $50.00 [ID 5821026],5821026,
record:1d7d5b28d0a0d7415006002d,Jan Miller,provisional_record_group,Individual,23199,Olivia Clark,4,1,1,25000,0,25000,2025-10-20,2025-10-20,1,25000,0,0,2025-10-20: $250.00 [ID 5426270],5426270,
record:1d7dfc56556c9fa105c23abb,Homer Williams,provisional_record_group,Individual,15109,Steve Novick,3,1,1,35000,0,35000,2026-09-24,2026-09-24,0,0,1,35000,2026-09-24: $350.00 [ID 5830533],5830533,
record:1d7dfc56556c9fa105c23abb,Homer Williams,provisional_record_group,Individual,17629,Eric Zimmerman,4,1,1,35000,0,35000,2026-09-18,2026-09-18,0,0,1,35000,2026-09-18: $350.00 [ID 5828801],5828801,
record:1d7dfc56556c9fa105c23abb,Homer Williams,provisional_record_group,Individual,23295,Eli Arnold,4,1,1,35000,0,35000,2026-09-16,2026-09-16,0,0,1,35000,2026-09-16: $350.00 [ID 5820948],5820948,
record:1d9c2d7bb63bc4028bf1482f,Jessica Mindlin,provisional_record_group,Individual,15109,Steve Novick,3,1,1,5000,0,5000,2026-07-28,2026-07-28,0,0,1,5000,2026-07-28: $50.00 [ID 5760121],5760121,
record:1e2c25a489896fee2c43d061,John Bennett,provisional_record_group,Individual,17629,Eric Zimmerman,4,1,1,25000,0,25000,2026-06-22,2026-06-22,0,0,1,25000,2026-06-22: $250.00 [ID 5704628],5704628,
record:1e2c25a489896fee2c43d061,John Bennett,provisional_record_group,Individual,23199,Olivia Clark,4,1,1,25000,0,25000,2026-06-22,2026-06-22,0,0,1,25000,2026-06-22: $250.00 [ID 5717796],5717796,
record:1e2c25a489896fee2c43d061,John Bennett,provisional_record_group,Individual,23295,Eli Arnold,4,1,1,25000,0,25000,2026-06-22,2026-06-22,0,0,1,25000,2026-06-22: $250.00 [ID 5704079],5704079,
record:1e4fa5872bad821ec956dc18,Patricia Greenfield,provisional_record_group,Individual,15109,Steve Novick,3,1,1,10000,0,10000,2026-08-27,2026-08-27,0,0,1,10000,2026-08-27: $100.00 [ID 5793331],5793331,
record:1ec2662c62a58f2ee3827e22,Tim Bergler,provisional_record_group,Individual,24897,Kellie Torres,3,1,1,35000,0,35000,2026-06-18,2026-06-18,0,0,1,35000,2026-06-18: $350.00 [ID 5693516],5693516,
record:1eda85a978bfb2f06cfe7191,Sandy Chung,provisional_record_group,Individual,23208,Tiffany Koyama Lane,3,1,1,35000,0,35000,2025-12-24,2025-12-24,1,35000,0,0,2025-12-24: $350.00 [ID 5481775],5481775,
record:1ef8bf5fe5e27c859f0f3d7e,Aaron Brown,provisional_record_group,Individual,23028,Angelita Morillo,3,1,1,10100,0,10100,2025-12-14,2025-12-14,1,10100,0,0,2025-12-14: $101.00 [ID 5488134],5488134,
record:1f5403218771e87a2e88e4ab,Kathleen Weber,provisional_record_group,Individual,25103,Jayne Cronlund,4,1,1,25000,0,25000,2026-07-26,2026-07-26,0,0,1,25000,2026-07-26: $250.00 [ID 5759178],5759178,
record:1f8f04b74124fdce23a36858,Mike Perham,provisional_record_group,Individual,23028,Angelita Morillo,3,2,2,40000,0,40000,2025-12-28,2026-02-12,1,20000,1,20000,2025-12-28: $200.00 [ID 5488156] | 2026-02-12: $200.00 [ID 5665454],5488156|5665454,
record:1f8f04b74124fdce23a36858,Mike Perham,provisional_record_group,Individual,23208,Tiffany Koyama Lane,3,1,1,20000,0,20000,2026-02-12,2026-02-12,0,0,1,20000,2026-02-12: $200.00 [ID 5538302],5538302,
record:1f8f04b74124fdce23a36858,Mike Perham,provisional_record_group,Individual,23365,Mitch Green,4,2,2,40000,5000,35000,2025-12-25,2026-02-12,1,20000,1,20000,2025-12-25: $200.00 [ID 5606746] | 2026-02-12: $200.00 [ID 5538341],5606746|5538341,5548375
record:200e36b89f7a3af3e6e2fd57,Eduardo Vides,provisional_record_group,Individual,17629,Eric Zimmerman,4,1,1,35000,0,35000,2026-06-04,2026-06-04,0,0,1,35000,2026-06-04: $350.00 [ID 5704568],5704568,
record:2055584922f27cef92ab5795,Thomas Rogers,provisional_record_group,Individual,23208,Tiffany Koyama Lane,3,3,3,7500,0,7500,2026-05-20,2026-07-20,0,0,3,7500,2026-05-20: $25.00 [ID 5672486] | 2026-06-20: $25.00 [ID 5697353] | 2026-07-20: $25.00 [ID 5738034],5672486|5697353|5738034,
record:2082fd2bc72cb6d9df57e109,Ryan Sepassi,provisional_record_group,Individual,23028,Angelita Morillo,3,1,1,20000,0,20000,2026-02-22,2026-02-22,0,0,1,20000,2026-02-22: $200.00 [ID 5559067],5559067,
record:208f31d6189c025267cd43b3,Steven Siegel,provisional_record_group,Individual,23199,Olivia Clark,4,1,1,25000,0,25000,2026-03-10,2026-03-10,0,0,1,25000,2026-03-10: $250.00 [ID 5586598],5586598,
record:20a90e64c70f9853fb6b26cd,David Coburn,provisional_record_group,Individual,23208,Tiffany Koyama Lane,3,1,1,10000,0,10000,2026-06-24,2026-06-24,0,0,1,10000,2026-06-24: $100.00 [ID 5702514],5702514,
record:20a90e64c70f9853fb6b26cd,David Coburn,provisional_record_group,Individual,23365,Mitch Green,4,2,2,25000,0,25000,2026-06-25,2026-07-24,0,0,2,25000,2026-06-25: $100.00 [ID 5702589] | 2026-07-24: $150.00 [ID 5738114],5702589|5738114,
record:20ed2d7940a9562377b6b084,James Anderson,provisional_record_group,Individual,23295,Eli Arnold,4,1,1,25000,15000,10000,2026-08-17,2026-08-17,0,0,1,25000,2026-08-17: $250.00 [ID 5786114],5786114,5786234
record:21a7ce3164088b5f06912e26,Lucy Kennedy-Wong,provisional_record_group,Individual,23028,Angelita Morillo,3,1,1,10000,0,10000,2026-07-30,2026-07-30,0,0,1,10000,2026-07-30: $100.00 [ID 5748571],5748571,
record:21ccd40d52be9eb215224a0f,Gay Greger,provisional_record_group,Individual,24897,Kellie Torres,3,1,1,15000,0,15000,2026-06-28,2026-06-28,0,0,1,15000,2026-06-28: $150.00 [ID 5706972],5706972,
record:21e80ac6364a5347967f8cde,John Andrews,provisional_record_group,Individual,15109,Steve Novick,3,1,1,25000,0,25000,2026-06-05,2026-06-05,0,0,1,25000,2026-06-05: $250.00 [ID 5685094],5685094,
record:21e80ac6364a5347967f8cde,John Andrews,provisional_record_group,Individual,17629,Eric Zimmerman,4,1,1,25000,0,25000,2026-05-11,2026-05-11,0,0,1,25000,2026-05-11: $250.00 [ID 5679870],5679870,
record:21f67b0c8822598bf0c5728a,Al NIKNABARD,provisional_record_group,Individual,24897,Kellie Torres,3,1,1,35000,0,35000,2026-08-09,2026-08-09,0,0,1,35000,2026-08-09: $350.00 [ID 5780413],5780413,
record:2227445600a9b7d816fabba4,Darlene Chirman,provisional_record_group,Individual,23208,Tiffany Koyama Lane,3,1,1,10000,0,10000,2025-12-12,2025-12-12,1,10000,0,0,2025-12-12: $100.00 [ID 5462495],5462495,
record:2251bfa0867dde2b5987a189,Mort Bishop,provisional_record_group,Individual,24897,Kellie Torres,3,1,1,25000,0,25000,2026-08-09,2026-08-09,0,0,1,25000,2026-08-09: $250.00 [ID 5761006],5761006,
record:22c605e88a8a466488461ecc,Shawn Menashe,provisional_record_group,Individual,17629,Eric Zimmerman,4,1,1,35000,0,35000,2026-08-20,2026-08-20,0,0,1,35000,2026-08-20: $350.00 [ID 5778123],5778123,
record:23232ca998644a0d2d08aa62,Jamie Dunphy,provisional_record_group,Individual,25040,Jamey Evenstar,4,2,2,11000,0,11000,2026-07-16,2026-07-24,0,0,2,11000,2026-07-16: $100.00 [ID 5729025] | 2026-07-24: $10.00 [ID 5738263],5729025|5738263,
record:2343310e7497c4ef5c488022,Rosemary Southwood,provisional_record_group,Individual,17629,Eric Zimmerman,4,2,2,40000,0,40000,2026-06-03,2026-06-09,0,0,2,40000,2026-06-03: $350.00 [ID 5704561] | 2026-06-09: $50.00 [ID 5704596],5704561|5704596,
record:23986c3d9d3cfd98f967b1b5,Harold Goldstein,provisional_record_group,Individual,15109,Steve Novick,3,1,1,35000,0,35000,2025-12-22,2025-12-22,1,35000,0,0,2025-12-22: $350.00 [ID 5503296],5503296,
record:2404d6caf0b73df59cf8c861,Edward Tenny,provisional_record_group,Individual,24897,Kellie Torres,3,2,2,35000,0,35000,2026-03-31,2026-08-02,0,0,2,35000,2026-03-31: $250.00 [ID 5621739] | 2026-08-02: $100.00 [ID 5751736],5621739|5751736,
record:2439366f721be12a60951287,Anita Chan,provisional_record_group,Individual,15109,Steve Novick,3,1,1,35000,0,35000,2026-08-31,2026-08-31,0,0,1,35000,2026-08-31: $350.00 [ID 5793340],5793340,
record:248afdc6536f9d6f5238e16d,William Gilliland,provisional_record_group,Individual,23295,Eli Arnold,4,1,1,2500,0,2500,2026-08-18,2026-08-18,0,0,1,2500,2026-08-18: $25.00 [ID 5786121],5786121,
record:24b1deb97d0774f68011de03,Ted Slupesky,provisional_record_group,Individual,17629,Eric Zimmerman,4,1,1,35000,0,35000,2026-09-17,2026-09-17,0,0,1,35000,2026-09-17: $350.00 [ID 5814005],5814005,
record:24b1deb97d0774f68011de03,Ted Slupesky,provisional_record_group,Individual,23295,Eli Arnold,4,1,1,35000,0,35000,2026-09-17,2026-09-17,0,0,1,35000,2026-09-17: $350.00 [ID 5821162],5821162,
record:24db6e92344eaa2c47a690b9,Robin Corrigan,provisional_record_group,Individual,15109,Steve Novick,3,1,1,10000,0,10000,2026-08-20,2026-08-20,0,0,1,10000,2026-08-20: $100.00 [ID 5793242],5793242,
record:25a0094f129117ca54bcaa40,Marty Kehoe,provisional_record_group,Individual,23295,Eli Arnold,4,1,1,35000,0,35000,2026-05-20,2026-05-20,0,0,1,35000,2026-05-20: $350.00 [ID 5674943],5674943,
record:25dab057b57a654c40ac31ab,Travis Parrott,provisional_record_group,Individual,24897,Kellie Torres,3,1,1,35000,0,35000,2026-08-09,2026-08-09,0,0,1,35000,2026-08-09: $350.00 [ID 5760991],5760991,
record:25f7cb39b771324f0df83de0,Rachel Jacobson,provisional_record_group,Individual,15109,Steve Novick,3,1,1,35000,0,35000,2026-07-03,2026-07-03,0,0,1,35000,2026-07-03: $350.00 [ID 5717618],5717618,
record:26bf4254a8626962f5ba681e,Sandra Mcdonough,provisional_record_group,Individual,15109,Steve Novick,3,1,1,25000,0,25000,2026-05-31,2026-05-31,0,0,1,25000,2026-05-31: $250.00 [ID 5685065],5685065,
record:26bf4254a8626962f5ba681e,Sandra Mcdonough,provisional_record_group,Individual,23199,Olivia Clark,4,1,1,25000,0,25000,2026-06-19,2026-06-19,0,0,1,25000,2026-06-19: $250.00 [ID 5717764],5717764,
record:2728ab51ca28f0a113a1c89b,Stephen Gomez,provisional_record_group,Individual,23028,Angelita Morillo,3,1,1,35000,10000,25000,2026-09-18,2026-09-18,0,0,1,35000,2026-09-18: $350.00 [ID 5821785],5821785,5821795
record:2728ab51ca28f0a113a1c89b,Stephen Gomez,provisional_record_group,Individual,23208,Tiffany Koyama Lane,3,1,1,35000,0,35000,2026-06-27,2026-06-27,0,0,1,35000,2026-06-27: $350.00 [ID 5702570],5702570,
record:2728ab51ca28f0a113a1c89b,Stephen Gomez,provisional_record_group,Individual,23365,Mitch Green,4,1,1,35000,0,35000,2025-08-20,2025-08-20,1,35000,0,0,2025-08-20: $350.00 [ID 5384490],5384490,
record:272b1bfdf04acf8dea762b22,Megan Baird,provisional_record_group,Individual,23365,Mitch Green,4,1,1,20000,0,20000,2026-09-16,2026-09-16,0,0,1,20000,2026-09-16: $200.00 [ID 5818182],5818182,
record:274d3c8efd62f829080f8f60,Duncan Wyse,provisional_record_group,Individual,17629,Eric Zimmerman,4,1,1,25000,0,25000,2026-08-24,2026-08-24,0,0,1,25000,2026-08-24: $250.00 [ID 5778160],5778160,
record:27a08ebbd63ea073a87837ad,Timothy Zimmerman,provisional_record_group,Individual,17629,Eric Zimmerman,4,1,1,35000,0,35000,2026-05-27,2026-05-27,0,0,1,35000,2026-05-27: $350.00 [ID 5679892],5679892,
record:27a08ebbd63ea073a87837ad,Timothy Zimmerman,provisional_record_group,Individual,24897,Kellie Torres,3,1,1,25000,0,25000,2026-05-27,2026-05-27,0,0,1,25000,2026-05-27: $250.00 [ID 5674519],5674519,
record:27c9e5c2a914ba307e22bbc7,Mike McGuire,provisional_record_group,Individual,23365,Mitch Green,4,1,1,35000,0,35000,2026-05-18,2026-05-18,0,0,1,35000,2026-05-18: $350.00 [ID 5672528],5672528,
record:27dfac4ec7d51f8875828060,Marsha Hanchrow,provisional_record_group,Individual,15109,Steve Novick,3,1,1,5000,0,5000,2026-09-24,2026-09-24,0,0,1,5000,2026-09-24: $50.00 [ID 5830526],5830526,
record:2822bb279fef1a31c715ccf0,Jennifer Park,provisional_record_group,Individual,23365,Mitch Green,4,2,1,50000,25000,25000,2026-09-20,2026-09-20,0,0,2,50000,2026-09-20: $250.00 [ID 5818388] | 2026-09-20: $250.00 [ID 5818391],5818388|5818391,5818389
record:287fe0196e9df661d49eba74,Mark Dinsmore,provisional_record_group,Individual,24966,Matthias Hallett,3,3,3,31344,0,31344,2026-07-31,2026-09-20,0,0,3,31344,2026-07-31: $104.48 [ID 5755693] | 2026-08-31: $104.48 [ID 5802080] | 2026-09-20: $104.48 [ID 5819807],5755693|5802080|5819807,
record:28910fbb978d527771d603ef,Brian Detman,provisional_record_group,Individual,23028,Angelita Morillo,3,1,1,20000,0,20000,2026-07-28,2026-07-28,0,0,1,20000,2026-07-28: $200.00 [ID 5746625],5746625,
record:28910fbb978d527771d603ef,Brian Detman,provisional_record_group,Individual,23208,Tiffany Koyama Lane,3,1,1,20000,0,20000,2026-07-28,2026-07-28,0,0,1,20000,2026-07-28: $200.00 [ID 5746704],5746704,
record:28910fbb978d527771d603ef,Brian Detman,provisional_record_group,Individual,23365,Mitch Green,4,1,1,20000,0,20000,2026-07-28,2026-07-28,0,0,1,20000,2026-07-28: $200.00 [ID 5745224],5745224,
record:28c7f0ab292bb126a1c94a03,Rebecca Harmon,provisional_record_group,Individual,15109,Steve Novick,3,1,1,25000,0,25000,2026-09-15,2026-09-15,0,0,1,25000,2026-09-15: $250.00 [ID 5830323],5830323,
record:28cad4c0bdf4fcd56dc16ce6,Christine Hertzog,provisional_record_group,Individual,23295,Eli Arnold,4,1,1,5000,0,5000,2026-08-26,2026-08-26,0,0,1,5000,2026-08-26: $50.00 [ID 5786158],5786158,
record:2923a2fbcd69c91ef3ee32ca,Neil Mcfarlane,provisional_record_group,Individual,23199,Olivia Clark,4,1,1,10000,0,10000,2026-07-24,2026-07-24,0,0,1,10000,2026-07-24: $100.00 [ID 5759618],5759618,
record:292e33916f165a434d6d94ae,Benjamin Mcleod,provisional_record_group,Individual,23365,Mitch Green,4,1,1,10000,0,10000,2026-07-24,2026-07-24,0,0,1,10000,2026-07-24: $100.00 [ID 5738120],5738120,
record:29e6eae7ff69da8949df6561,Timothy Morris,provisional_record_group,Individual,25040,Jamey Evenstar,4,1,1,10100,0,10100,2026-06-19,2026-06-19,0,0,1,10100,2026-06-19: $101.00 [ID 5697410],5697410,
record:29f35f18d3c0db9e08e5b1e5,Mladen Baricevic,provisional_record_group,Individual,23295,Eli Arnold,4,1,1,35000,0,35000,2025-12-16,2025-12-16,1,35000,0,0,2025-12-16: $350.00 [ID 5505048],5505048,
record:2a0c9a75aa9939a14f11e490,Adam Quaal,provisional_record_group,Individual,23365,Mitch Green,4,7,7,17000,2500,14500,2025-12-20,2026-09-20,1,2500,6,14500,2025-12-20: $25.00 [ID 5472028] | 2026-05-20: $25.00 [ID 5672544] | 2026-06-01: $20.00 [ID 5683568] | 2026-06-20: $25.00 [ID 5697311] | 2026-07-20: $25.00 [ID 5729303] | 2026-08-20: $25.00 [ID 5774262] | 2026-09-20: $25.00 [ID 5821889],5472028|5672544|5683568|5697311|5729303|5774262|5821889,5821899
record:2a211eb190dc6f436065eb57,Lisa Freeman,provisional_record_group,Individual,25040,Jamey Evenstar,4,3,2,60000,0,60000,2026-05-19,2026-07-16,0,0,3,60000,2026-05-19: $475.00 [ID 5672947] | 2026-05-19: $25.00 [ID 5672948] | 2026-07-16: $100.00 [ID 5729023],5672947|5672948|5729023,
record:2a64bf0cd60485fa3bcb9467,Nina Lane,provisional_record_group,Individual,23208,Tiffany Koyama Lane,3,1,1,10000,0,10000,2026-08-25,2026-08-25,0,0,1,10000,2026-08-25: $100.00 [ID 5785436],5785436,
record:2a66808a76ac1437d4fd8737,Kathryn Schmidt,provisional_record_group,Individual,15109,Steve Novick,3,1,1,35000,0,35000,2026-06-09,2026-06-09,0,0,1,35000,2026-06-09: $350.00 [ID 5685113],5685113,
record:2ab018f29a07830996290ba0,Richard Rees,provisional_record_group,Individual,17629,Eric Zimmerman,4,1,1,5000,0,5000,2026-09-21,2026-09-21,0,0,1,5000,2026-09-21: $50.00 [ID 5828908],5828908,
record:2b3966daeef6d65a63ee2c49,Charles Swindells,provisional_record_group,Individual,17629,Eric Zimmerman,4,1,1,35000,0,35000,2026-08-24,2026-08-24,0,0,1,35000,2026-08-24: $350.00 [ID 5778159],5778159,
record:2b3984211b353b903807c970,Vicki Smith,provisional_record_group,Individual,17629,Eric Zimmerman,4,1,1,10000,0,10000,2026-05-11,2026-05-11,0,0,1,10000,2026-05-11: $100.00 [ID 5679869],5679869,
record:2b713ef52cdfa891ac26cebe,Juan Chavez,provisional_record_group,Individual,23028,Angelita Morillo,3,1,1,35000,0,35000,2026-01-11,2026-01-11,0,0,1,35000,2026-01-11: $350.00 [ID 5524254],5524254,
record:2bb6d0c94a489600e25595f8,Janna Tessman,provisional_record_group,Individual,23028,Angelita Morillo,3,2,2,35000,0,35000,2025-11-23,2026-03-31,1,10100,1,24900,2025-11-23: $101.00 [ID 5462449] | 2026-03-31: $249.00 [ID 5618909],5462449|5618909,
record:2bb6d0c94a489600e25595f8,Janna Tessman,provisional_record_group,Individual,23208,Tiffany Koyama Lane,3,2,2,35000,0,35000,2025-11-19,2026-03-30,1,10100,1,24900,2025-11-19: $101.00 [ID 5442664] | 2026-03-30: $249.00 [ID 5619063],5442664|5619063,
record:2bb6d0c94a489600e25595f8,Janna Tessman,provisional_record_group,Individual,23365,Mitch Green,4,2,2,35000,0,35000,2025-11-19,2026-03-30,1,10100,1,24900,2025-11-19: $101.00 [ID 5442721] | 2026-03-30: $249.00 [ID 5600951],5442721|5600951,
record:2bdb7bc943e21fd84ce5a715,Lesly Munoz,provisional_record_group,Individual,23208,Tiffany Koyama Lane,3,1,1,12500,0,12500,2026-04-27,2026-04-27,0,0,1,12500,2026-04-27: $125.00 [ID 5640612],5640612,
record:2be1ea64e1a624f7ee0b6b87,Bryan Lewis,provisional_record_group,Individual,23208,Tiffany Koyama Lane,3,1,1,2500,0,2500,2026-08-25,2026-08-25,0,0,1,2500,2026-08-25: $25.00 [ID 5785429],5785429,
record:2c5055f0ec5a6951609c59d7,Todd Prendergast,provisional_record_group,Individual,17629,Eric Zimmerman,4,1,1,35000,0,35000,2026-04-09,2026-04-09,0,0,1,35000,2026-04-09: $350.00 [ID 5651885],5651885,
record:2c84524994b71b4d0e5b1890,Craig Wright,provisional_record_group,Individual,23199,Olivia Clark,4,1,1,25000,0,25000,2026-08-04,2026-08-04,0,0,1,25000,2026-08-04: $250.00 [ID 5759642],5759642,
record:2c8ffaccf93a6bb7393f6537,Christian Aguinaga,provisional_record_group,Individual,23365,Mitch Green,4,1,1,30000,0,30000,2026-07-24,2026-07-24,0,0,1,30000,2026-07-24: $300.00 [ID 5738118],5738118,
record:2c943a89c4c4745868549454,David Bergendorf,provisional_record_group,Individual,23208,Tiffany Koyama Lane,3,1,1,25000,0,25000,2026-05-18,2026-05-18,0,0,1,25000,2026-05-18: $250.00 [ID 5672470],5672470,
record:2cacbc080f37c840f9ffa7b8,Craig Olson,provisional_record_group,Individual,17629,Eric Zimmerman,4,1,1,35000,0,35000,2026-08-27,2026-08-27,0,0,1,35000,2026-08-27: $350.00 [ID 5813816],5813816,
record:2cd5b3b3fce328682edbee89,Michael Greenfield,provisional_record_group,Individual,23199,Olivia Clark,4,1,1,20000,0,20000,2026-06-28,2026-06-28,0,0,1,20000,2026-06-28: $200.00 [ID 5717860],5717860,
record:2cf46004d137ac88841d9f9d,Mary Simon,provisional_record_group,Individual,23199,Olivia Clark,4,1,1,7500,0,7500,2026-06-27,2026-06-27,0,0,1,7500,2026-06-27: $75.00 [ID 5717880],5717880,
record:2d3c6470439fdf5a3415938a,Jim Mark,provisional_record_group,Individual,24897,Kellie Torres,3,2,2,60000,0,60000,2026-08-09,2026-09-13,0,0,2,60000,2026-08-09: $350.00 [ID 5780400] | 2026-09-13: $250.00 [ID 5831612],5780400|5831612,
record:2d96bf04047a80bc0dbf792a,John Bishop,provisional_record_group,Individual,17629,Eric Zimmerman,4,1,1,35000,0,35000,2026-09-08,2026-09-08,0,0,1,35000,2026-09-08: $350.00 [ID 5813894],5813894,
record:2d96bf04047a80bc0dbf792a,John Bishop,provisional_record_group,Individual,23199,Olivia Clark,4,1,1,35000,0,35000,2026-09-08,2026-09-08,0,0,1,35000,2026-09-08: $350.00 [ID 5800302],5800302,
record:2db623281f6412ebb087eac9,Daniel Hildebrand,provisional_record_group,Individual,23411,Jeremy Beausoleil Smith,4,4,4,10000,0,10000,2026-05-22,2026-08-22,0,0,4,10000,2026-05-22: $25.00 [ID 5672553] | 2026-06-22: $25.00 [ID 5702468] | 2026-07-22: $25.00 [ID 5738000] | 2026-08-22: $25.00 [ID 5774493],5672553|5702468|5738000|5774493,
record:2dc1c7c5f97de8556d912c41,Alan DeLaTorre,provisional_record_group,Individual,23208,Tiffany Koyama Lane,3,1,1,7500,0,7500,2026-04-24,2026-04-24,0,0,1,7500,2026-04-24: $75.00 [ID 5640310],5640310,
record:2ef7ab2a7251ea5b9f313555,Alix Nathan,provisional_record_group,Individual,24897,Kellie Torres,3,1,1,35000,0,35000,2026-08-09,2026-08-09,0,0,1,35000,2026-08-09: $350.00 [ID 5812171],5812171,
record:2f58337b81c14c5a1a60b531,Todd Collins,provisional_record_group,Individual,24897,Kellie Torres,3,1,1,35000,0,35000,2026-08-09,2026-08-09,0,0,1,35000,2026-08-09: $350.00 [ID 5812170],5812170,
record:2f633a48575adf9bdcda1636,Erik Kvarsten,provisional_record_group,Individual,23199,Olivia Clark,4,1,1,25000,0,25000,2026-07-13,2026-07-13,0,0,1,25000,2026-07-13: $250.00 [ID 5759595],5759595,
record:2f76b493aa645577a3ce18c5,Enrique Farrera,provisional_record_group,Individual,23208,Tiffany Koyama Lane,3,1,1,12000,0,12000,2026-08-23,2026-08-23,0,0,1,12000,2026-08-23: $120.00 [ID 5774360],5774360,
record:2f85de622bc7f64d8045c914,Mary-Margaret Wheeler-Weber,provisional_record_group,Individual,15109,Steve Novick,3,1,1,2500,0,2500,2026-04-26,2026-04-26,0,0,1,2500,2026-04-26: $25.00 [ID 5657775],5657775,
record:2f85f8e1f1399d0fb3204308,Joan Neice,provisional_record_group,Individual,23295,Eli Arnold,4,1,1,10000,0,10000,2026-08-26,2026-08-26,0,0,1,10000,2026-08-26: $100.00 [ID 5786160],5786160,
record:2fbe74ce35f4e781a3d23c21,Mark Rosenbaum,provisional_record_group,Individual,17629,Eric Zimmerman,4,1,1,35000,0,35000,2026-09-16,2026-09-16,0,0,1,35000,2026-09-16: $350.00 [ID 5813988],5813988,
record:301c77498407ea85434b9be2,Jules Bailey,provisional_record_group,Individual,23295,Eli Arnold,4,1,1,35000,0,35000,2026-09-16,2026-09-16,0,0,1,35000,2026-09-16: $350.00 [ID 5821161],5821161,
record:3093e2693b2a4a447eb08319,Tammy Carpenter,provisional_record_group,Individual,23208,Tiffany Koyama Lane,3,1,1,10100,0,10100,2026-07-14,2026-07-14,0,0,1,10100,2026-07-14: $101.00 [ID 5729203],5729203,
record:30b42bae82f3265fd9b9f652,Michael Goodstein,provisional_record_group,Individual,15109,Steve Novick,3,1,1,35000,0,35000,2026-05-30,2026-05-30,0,0,1,35000,2026-05-30: $350.00 [ID 5685060],5685060,
record:310217360ea460ecc2c68290,Joseph Piucci,provisional_record_group,Individual,15109,Steve Novick,3,1,1,35000,0,35000,2026-07-28,2026-07-28,0,0,1,35000,2026-07-28: $350.00 [ID 5760119],5760119,
record:311a4dca3cde231898728f9d,Joel Stevenson,provisional_record_group,Individual,23295,Eli Arnold,4,2,2,3500,0,3500,2026-09-07,2026-09-19,0,0,2,3500,2026-09-07: $25.00 [ID 5820921] | 2026-09-19: $10.00 [ID 5820922],5820921|5820922,
record:311db78907927e1f5928dc66,Andres Oswill,provisional_record_group,Individual,25040,Jamey Evenstar,4,1,1,35000,0,35000,2026-05-16,2026-05-16,0,0,1,35000,2026-05-16: $350.00 [ID 5666200],5666200,
record:3144b1d663907c206b70b91a,Mitch Green,provisional_record_group,Individual,23028,Angelita Morillo,3,1,1,35000,0,35000,2026-06-26,2026-06-26,0,0,1,35000,2026-06-26: $350.00 [ID 5702929],5702929,
record:3173a8663766af8e55858c60,John Niemeyer,provisional_record_group,Individual,24897,Kellie Torres,3,1,1,35000,0,35000,2026-08-09,2026-08-09,0,0,1,35000,2026-08-09: $350.00 [ID 5812165],5812165,
record:320c87f724ef8ce874a8f38b,Jubitz Corporation,provisional_record_group,Business Entity,17629,Eric Zimmerman,4,1,1,50000,0,50000,2025-10-06,2025-10-06,1,50000,0,0,2025-10-06: $500.00 [ID 5414165],5414165,
record:320c87f724ef8ce874a8f38b,Jubitz Corporation,provisional_record_group,Business Entity,23199,Olivia Clark,4,1,1,50000,0,50000,2025-10-06,2025-10-06,1,50000,0,0,2025-10-06: $500.00 [ID 5426246],5426246,
record:32671eb3d86e16f40505889b,Matthew Chapman,provisional_record_group,Individual,17629,Eric Zimmerman,4,1,1,35000,0,35000,2026-09-12,2026-09-12,0,0,1,35000,2026-09-12: $350.00 [ID 5813937],5813937,
record:326bc8529c3875d2062d5d7c,Lester Baskin,provisional_record_group,Individual,24897,Kellie Torres,3,1,1,25000,0,25000,2026-08-09,2026-08-09,0,0,1,25000,2026-08-09: $250.00 [ID 5760893],5760893,
record:3295a4cc0d6056c745043486,Jonathan Pulvers,provisional_record_group,Individual,23028,Angelita Morillo,3,1,1,35000,0,35000,2026-06-25,2026-06-25,0,0,1,35000,2026-06-25: $350.00 [ID 5702866],5702866,
record:3295a4cc0d6056c745043486,Jonathan Pulvers,provisional_record_group,Individual,25040,Jamey Evenstar,4,1,1,32500,0,32500,2026-07-16,2026-07-16,0,0,1,32500,2026-07-16: $325.00 [ID 5729014],5729014,
record:32a0f354b4ba2dc385e1244f,Kristi Delagarza,provisional_record_group,Individual,23295,Eli Arnold,4,1,1,2500,0,2500,2026-09-21,2026-09-21,0,0,1,2500,2026-09-21: $25.00 [ID 5820881],5820881,
record:32f370104e35c1a41f4b1140,Philip Kalberer,provisional_record_group,Individual,15109,Steve Novick,3,1,1,20000,0,20000,2026-07-12,2026-07-12,0,0,1,20000,2026-07-12: $200.00 [ID 5732272],5732272,
record:330ef2d309e92d630f791439,Ron Sauer,provisional_record_group,Individual,24897,Kellie Torres,3,1,1,35000,0,35000,2026-08-09,2026-08-09,0,0,1,35000,2026-08-09: $350.00 [ID 5760954],5760954,
record:331b47240a9967f0258c8d4e,Jordan Lewis,provisional_record_group,Individual,23028,Angelita Morillo,3,1,1,20000,0,20000,2026-01-11,2026-01-11,0,0,1,20000,2026-01-11: $200.00 [ID 5500530],5500530,
record:33302503a39cd43a7981421b,Charlie MIchelle-Westley,provisional_record_group,Individual,23028,Angelita Morillo,3,1,1,3000,0,3000,2026-08-13,2026-08-13,0,0,1,3000,2026-08-13: $30.00 [ID 5767867],5767867,
record:335c8903888c302585d2a8bb,Cornelius Swart,provisional_record_group,Individual,23295,Eli Arnold,4,1,1,35000,0,35000,2026-09-17,2026-09-17,0,0,1,35000,2026-09-17: $350.00 [ID 5821166],5821166,
record:3366757ef235dbb85e02dfb4,Peter Angel,provisional_record_group,Individual,24897,Kellie Torres,3,1,1,35000,0,35000,2026-06-26,2026-06-26,0,0,1,35000,2026-06-26: $350.00 [ID 5702009],5702009,
record:33ceb019f6ecfcbab7c71c44,Dan Saltzman,provisional_record_group,Individual,15109,Steve Novick,3,1,1,35000,0,35000,2026-01-05,2026-01-05,0,0,1,35000,2026-01-05: $350.00 [ID 5503410],5503410,
record:33d7a617824c5672c2814c00,Clarence Bishop,provisional_record_group,Individual,23295,Eli Arnold,4,2,2,50000,0,50000,2026-06-13,2026-09-22,0,0,2,50000,2026-06-13: $250.00 [ID 5704040] | 2026-09-22: $250.00 [ID 5820984],5704040|5820984,
record:33f838bab2dbfd584adac2cf,Tom Walsh,provisional_record_group,Individual,15109,Steve Novick,3,1,1,25000,0,25000,2026-03-19,2026-03-19,0,0,1,25000,2026-03-19: $250.00 [ID 5612576],5612576,
record:340a69cd3ea0812402a3a81e,Angus Duncan,provisional_record_group,Individual,15109,Steve Novick,3,1,1,20000,0,20000,2026-06-10,2026-06-10,0,0,1,20000,2026-06-10: $200.00 [ID 5717479],5717479,
record:341e9568dfb93ca001044a06,scott feldstein,provisional_record_group,Individual,15109,Steve Novick,3,1,1,35000,0,35000,2026-02-13,2026-02-13,0,0,1,35000,2026-02-13: $350.00 [ID 5563370],5563370,
record:34355f895227670122617c83,Ulysses Sherman,provisional_record_group,Individual,24897,Kellie Torres,3,1,1,30000,0,30000,2026-08-09,2026-08-09,0,0,1,30000,2026-08-09: $300.00 [ID 5761000],5761000,
record:346ea8d6f7797db22d76c6ce,Kathryn Williams,provisional_record_group,Individual,17629,Eric Zimmerman,4,1,1,25000,0,25000,2026-05-07,2026-05-07,0,0,1,25000,2026-05-07: $250.00 [ID 5679851],5679851,
record:34969c86ae8613a485c27a38,Mary Ann Enright,provisional_record_group,Individual,23199,Olivia Clark,4,3,2,15000,0,15000,2026-01-27,2026-07-06,0,0,3,15000,2026-01-27: $25.00 [ID 5541170] | 2026-01-27: $100.00 [ID 5541173] | 2026-07-06: $25.00 [ID 5717912],5541170|5541173|5717912,
record:34b3c1727896955a7156da14,Carter Hagedorn,provisional_record_group,Individual,23208,Tiffany Koyama Lane,3,2,2,5000,0,5000,2026-08-06,2026-09-06,0,0,2,5000,2026-08-06: $25.00 [ID 5758598] | 2026-09-06: $25.00 [ID 5796060],5758598|5796060,
record:34da5a2a62cc299fa73f71fd,John Bennett,provisional_record_group,Individual,15109,Steve Novick,3,1,1,25000,0,25000,2026-06-17,2026-06-17,0,0,1,25000,2026-06-17: $250.00 [ID 5717508],5717508,
record:3564f80e8ac3660c0d8e15b3,Kristen Sheeran,provisional_record_group,Individual,24897,Kellie Torres,3,1,1,25000,0,25000,2026-05-31,2026-05-31,0,0,1,25000,2026-05-31: $250.00 [ID 5681973],5681973,
record:357c6a4c69d4cfeca8f920fa,Matt Santy,provisional_record_group,Individual,23295,Eli Arnold,4,1,1,1000,0,1000,2026-05-28,2026-05-28,0,0,1,1000,2026-05-28: $10.00 [ID 5674973],5674973,
record:362f68aba509f1c0cb0ca721,Elliot Leonard,provisional_record_group,Individual,15109,Steve Novick,3,1,1,10000,0,10000,2026-07-02,2026-07-02,0,0,1,10000,2026-07-02: $100.00 [ID 5717616],5717616,
record:36c5a02ea49da0cb49047ac6,Margaret Bolger,provisional_record_group,Individual,15109,Steve Novick,3,1,1,2500,0,2500,2026-08-04,2026-08-04,0,0,1,2500,2026-08-04: $25.00 [ID 5760177],5760177,
record:36d5d7127ba892340709edf3,James Labbe,provisional_record_group,Individual,23208,Tiffany Koyama Lane,3,1,1,35000,0,35000,2025-11-20,2025-11-20,1,35000,0,0,2025-11-20: $350.00 [ID 5442685],5442685,
record:36d5d7127ba892340709edf3,James Labbe,provisional_record_group,Individual,25040,Jamey Evenstar,4,2,2,30000,0,30000,2026-05-18,2026-07-16,0,0,2,30000,2026-05-18: $200.00 [ID 5672893] | 2026-07-16: $100.00 [ID 5729005],5672893|5729005,
record:36fbd7355b8b9f4b9643ad29,Home Faris,provisional_record_group,Individual,24897,Kellie Torres,3,1,1,25000,0,25000,2026-06-14,2026-06-14,0,0,1,25000,2026-06-14: $250.00 [ID 5693473],5693473,
record:374e8863aa30053c1fd694ab,Steven Goldberg,provisional_record_group,Individual,23208,Tiffany Koyama Lane,3,1,1,20000,0,20000,2026-06-16,2026-06-16,0,0,1,20000,2026-06-16: $200.00 [ID 5718524],5718524,
record:37603f8c7c84b6730826b8de,Cayla Kitayama,provisional_record_group,Individual,23208,Tiffany Koyama Lane,3,1,1,35000,0,35000,2026-04-27,2026-04-27,0,0,1,35000,2026-04-27: $350.00 [ID 5640611],5640611,
record:377c0451c679a75e59c99f9f,Gordon Keane,provisional_record_group,Individual,15109,Steve Novick,3,1,1,35000,0,35000,2026-07-13,2026-07-13,0,0,1,35000,2026-07-13: $350.00 [ID 5732275],5732275,
record:378d2694c19ed3163ae3d0ad,Cathleen Kaufmann,provisional_record_group,Individual,15109,Steve Novick,3,1,1,25000,0,25000,2026-04-25,2026-04-25,0,0,1,25000,2026-04-25: $250.00 [ID 5657774],5657774,
record:37a3792b48b96a68039dda42,Douglas Walta,provisional_record_group,Individual,23199,Olivia Clark,4,1,1,25000,15000,10000,2026-03-20,2026-03-20,0,0,1,25000,2026-03-20: $250.00 [ID 5586614],5586614,5653653
record:37dd3b14a3764808635614de,Chloe Stallworth,provisional_record_group,Individual,23028,Angelita Morillo,3,4,4,10000,0,10000,2026-05-31,2026-08-31,0,0,4,10000,2026-05-31: $25.00 [ID 5679473] | 2026-06-30: $25.00 [ID 5709210] | 2026-07-31: $25.00 [ID 5748573] | 2026-08-31: $25.00 [ID 5795993],5679473|5709210|5748573|5795993,
record:3828534c3cd11347a839e331,John Schroder,provisional_record_group,Individual,23028,Angelita Morillo,3,1,1,35000,0,35000,2025-12-31,2025-12-31,1,35000,0,0,2025-12-31: $350.00 [ID 5488168],5488168,
record:38352896aa3f0bddf262e21f,Steven van Eck,provisional_record_group,Individual,23365,Mitch Green,4,1,1,10000,0,10000,2026-07-29,2026-07-29,0,0,1,10000,2026-07-29: $100.00 [ID 5745239],5745239,
record:38500f04f631bba0bc91e72d,William Gaylord,provisional_record_group,Individual,15109,Steve Novick,3,1,1,35000,0,35000,2026-06-04,2026-06-04,0,0,1,35000,2026-06-04: $350.00 [ID 5685109],5685109,
record:38754b5e83e0363223207ade,Marta Poore,provisional_record_group,Individual,17629,Eric Zimmerman,4,1,1,10000,0,10000,2026-09-22,2026-09-22,0,0,1,10000,2026-09-22: $100.00 [ID 5828910],5828910,
record:38b271fd3dd2a175baeefd12,Peter Sharer,provisional_record_group,Individual,23365,Mitch Green,4,1,1,12100,0,12100,2026-07-26,2026-07-26,0,0,1,12100,2026-07-26: $121.00 [ID 5738177],5738177,
record:38e40c5df1cb850f8ea595dd,Nancy Murray,provisional_record_group,Individual,25103,Jayne Cronlund,4,1,1,25000,0,25000,2026-09-11,2026-09-11,0,0,1,25000,2026-09-11: $250.00 [ID 5831772],5831772,
record:390ec497bda983823e5c77ae,John Barlow,provisional_record_group,Individual,15109,Steve Novick,3,2,2,15000,0,15000,2026-07-23,2026-08-27,0,0,2,15000,2026-07-23: $100.00 [ID 5760054] | 2026-08-27: $50.00 [ID 5793327],5760054|5793327,
record:395e711ae49f940e63f7c2bb,Sean Moreland,provisional_record_group,Individual,23295,Eli Arnold,4,1,1,35000,0,35000,2026-09-16,2026-09-16,0,0,1,35000,2026-09-16: $350.00 [ID 5820918],5820918,
record:3994a825c882e6d1798025ed,Joseph Gerharz,provisional_record_group,Individual,23208,Tiffany Koyama Lane,3,1,1,35000,0,35000,2025-08-23,2025-08-23,1,35000,0,0,2025-08-23: $350.00 [ID 5384857],5384857,
record:3994a825c882e6d1798025ed,Joseph Gerharz,provisional_record_group,Individual,23365,Mitch Green,4,1,1,35000,0,35000,2025-08-23,2025-08-23,1,35000,0,0,2025-08-23: $350.00 [ID 5384563],5384563,
record:39d3b62057076925956f5fed,Mary Scurlock Adamson,provisional_record_group,Individual,15109,Steve Novick,3,1,1,10000,0,10000,2026-04-15,2026-04-15,0,0,1,10000,2026-04-15: $100.00 [ID 5657758],5657758,
record:39ed9961d24b9660c8a2c649,Linda Tomassi,provisional_record_group,Individual,23028,Angelita Morillo,3,1,1,25000,0,25000,2026-08-21,2026-08-21,0,0,1,25000,2026-08-21: $250.00 [ID 5774163],5774163,
record:39ed9961d24b9660c8a2c649,Linda Tomassi,provisional_record_group,Individual,23208,Tiffany Koyama Lane,3,1,1,35000,10000,25000,2026-08-21,2026-08-21,0,0,1,35000,2026-08-21: $350.00 [ID 5774339],5774339,5774340
record:39ed9961d24b9660c8a2c649,Linda Tomassi,provisional_record_group,Individual,23365,Mitch Green,4,1,1,35000,0,35000,2026-08-21,2026-08-21,0,0,1,35000,2026-08-21: $350.00 [ID 5774283],5774283,
record:39edc358d81cc63919a2fc9f,Colleen Mendola,provisional_record_group,Individual,24897,Kellie Torres,3,1,1,25000,0,25000,2026-03-31,2026-03-31,0,0,1,25000,2026-03-31: $250.00 [ID 5621474],5621474,
record:3a1eea21d4a25ab0ccd4961b,Cheryl Bradley,provisional_record_group,Individual,17629,Eric Zimmerman,4,1,1,35000,0,35000,2026-09-15,2026-09-15,0,0,1,35000,2026-09-15: $350.00 [ID 5813976],5813976,
record:3a2e2144378ec7ab0c5c4626,Lisa Caballero,provisional_record_group,Individual,17629,Eric Zimmerman,4,1,1,35000,0,35000,2026-01-13,2026-01-13,0,0,1,35000,2026-01-13: $350.00 [ID 5519859],5519859,
record:3a2e2144378ec7ab0c5c4626,Lisa Caballero,provisional_record_group,Individual,23199,Olivia Clark,4,1,1,32500,0,32500,2026-01-13,2026-01-13,0,0,1,32500,2026-01-13: $325.00 [ID 5513898],5513898,
record:3a2e2144378ec7ab0c5c4626,Lisa Caballero,provisional_record_group,Individual,23295,Eli Arnold,4,1,1,35000,0,35000,2025-11-14,2025-11-14,1,35000,0,0,2025-11-14: $350.00 [ID 5459861],5459861,
record:3a42bd48cc05e9bbb2ee4775,Leslie Kay,provisional_record_group,Individual,15109,Steve Novick,3,2,1,25000,0,25000,2026-07-23,2026-07-23,0,0,2,25000,2026-07-23: $225.00 [ID 5760087] | 2026-07-23: $25.00 [ID 5760088],5760087|5760088,
record:3b32e9a166c0f1166abaff00,Sally Long,provisional_record_group,Individual,23295,Eli Arnold,4,2,2,20000,0,20000,2026-07-09,2026-09-02,0,0,2,20000,2026-07-09: $150.00 [ID 5747097] | 2026-09-02: $50.00 [ID 5820982],5747097|5820982,
record:3b512e3bb5fc458bba80dd4b,Preston Vihlen,provisional_record_group,Individual,23208,Tiffany Koyama Lane,3,2,2,8000,0,8000,2026-08-05,2026-09-05,0,0,2,8000,2026-08-05: $40.00 [ID 5755047] | 2026-09-05: $40.00 [ID 5796055],5755047|5796055,
record:3b6761b2cf03b4f823b23639,Daniel Hayes,provisional_record_group,Individual,23295,Eli Arnold,4,1,1,20000,0,20000,2026-07-20,2026-07-20,0,0,1,20000,2026-07-20: $200.00 [ID 5747140],5747140,
record:3b8cd06b9553334d089bdcdd,Michael Mcnulty,provisional_record_group,Individual,15109,Steve Novick,3,1,1,25000,0,25000,2026-07-14,2026-07-14,0,0,1,25000,2026-07-14: $250.00 [ID 5732284],5732284,
record:3ba2568922b5031b8076e04b,Kay O'Neill,provisional_record_group,Individual,23208,Tiffany Koyama Lane,3,1,1,10000,0,10000,2026-09-19,2026-09-19,0,0,1,10000,2026-09-19: $100.00 [ID 5817650],5817650,
record:3bbed713796c134ae2f8b9bb,Sandra comstock,provisional_record_group,Individual,23208,Tiffany Koyama Lane,3,1,1,25000,0,25000,2025-11-20,2025-11-20,1,25000,0,0,2025-11-20: $250.00 [ID 5442682],5442682,
record:3bbed713796c134ae2f8b9bb,Sandra Comstock,provisional_record_group,Individual,23365,Mitch Green,4,2,2,55000,0,55000,2025-10-15,2025-12-05,2,55000,0,0,2025-10-15: $500.00 [ID 5410250] | 2025-12-05: $50.00 [ID 5456647],5410250|5456647,
record:3bbed713796c134ae2f8b9bb,Sandra Comstock,provisional_record_group,Individual,25040,Jamey Evenstar,4,2,1,35000,0,35000,2026-05-20,2026-05-20,0,0,2,35000,2026-05-20: $200.00 [ID 5672899] | 2026-05-20: $150.00 [ID 5672900],5672899|5672900,
record:3bc4dd5b714a46a36dc0c60d,Chris Casteel,provisional_record_group,Individual,23028,Angelita Morillo,3,2,1,13333,0,13333,2026-06-01,2026-06-01,0,0,2,13333,2026-06-01: $33.33 [ID 5683821] | 2026-06-01: $100.00 [ID 5683828],5683821|5683828,
record:3c16ad48a0a07f47739e058e,Davis Nafshun,provisional_record_group,Individual,23365,Mitch Green,4,7,7,17500,1000,16500,2025-12-21,2026-09-21,1,2500,6,15000,2025-12-21: $25.00 [ID 5472045] | 2026-04-21: $25.00 [ID 5640268] | 2026-05-21: $25.00 [ID 5672558] | 2026-06-21: $25.00 [ID 5702466] | 2026-07-21: $25.00 [ID 5738058] | 2026-08-21: $25.00 [ID 5774289] | 2026-09-21: $25.00 [ID 5821920],5472045|5640268|5672558|5702466|5738058|5774289|5821920,5821928
record:3c256d2e767f2aaff37c4a9e,Noelle Studer-Spevak,provisional_record_group,Individual,23208,Tiffany Koyama Lane,3,1,1,15000,0,15000,2026-06-05,2026-06-05,0,0,1,15000,2026-06-05: $150.00 [ID 5683707],5683707,
record:3cd65795bdd438b5abaa80ac,Matthew Albertson,provisional_record_group,Individual,23028,Angelita Morillo,3,2,2,11100,0,11100,2026-06-26,2026-07-05,0,0,2,11100,2026-06-26: $101.00 [ID 5702939] | 2026-07-05: $10.00 [ID 5712382],5702939|5712382,
record:3cebc38aad11ac4ade095bd4,Sue Kelly,provisional_record_group,Individual,15109,Steve Novick,3,1,1,35000,0,35000,2026-08-30,2026-08-30,0,0,1,35000,2026-08-30: $350.00 [ID 5793338],5793338,
record:3cebc38aad11ac4ade095bd4,Sue Kelly,provisional_record_group,Individual,17629,Eric Zimmerman,4,1,1,35000,0,35000,2026-08-30,2026-08-30,0,0,1,35000,2026-08-30: $350.00 [ID 5813840],5813840,
record:3cebc38aad11ac4ade095bd4,Sue Kelly,provisional_record_group,Individual,23295,Eli Arnold,4,1,1,32500,0,32500,2026-09-02,2026-09-02,0,0,1,32500,2026-09-02: $325.00 [ID 5820964],5820964,
record:3d96491481f2357bc4ad4af8,Pat Ferguson,provisional_record_group,Individual,23295,Eli Arnold,4,1,1,35000,0,35000,2026-02-09,2026-02-09,0,0,1,35000,2026-02-09: $350.00 [ID 5573033],5573033,
record:3dacd69acf233a5c200c751d,Whitney Goodman,provisional_record_group,Individual,15109,Steve Novick,3,1,1,35000,0,35000,2026-06-16,2026-06-16,0,0,1,35000,2026-06-16: $350.00 [ID 5717503],5717503,
record:3dacd69acf233a5c200c751d,Whitney Goodman,provisional_record_group,Individual,17629,Eric Zimmerman,4,1,1,35000,0,35000,2026-08-21,2026-08-21,0,0,1,35000,2026-08-21: $350.00 [ID 5778134],5778134,
record:3df9b4ab794da1476bc2f8f3,Thomas Imeson,provisional_record_group,Individual,15109,Steve Novick,3,1,1,10000,0,10000,2026-08-27,2026-08-27,0,0,1,10000,2026-08-27: $100.00 [ID 5793330],5793330,
record:3e4dc137dfbe89a1b2cd85cf,Merri Wyatt,provisional_record_group,Individual,23199,Olivia Clark,4,2,1,10200,0,10200,2025-12-05,2025-12-05,2,10200,0,0,2025-12-05: $1.00 [ID 5473721] | 2025-12-05: $101.00 [ID 5473725],5473721|5473725,
record:3e61c234f62f651dc82482b9,Ezra Hammer,provisional_record_group,Individual,17629,Eric Zimmerman,4,1,1,18000,0,18000,2026-09-16,2026-09-16,0,0,1,18000,2026-09-16: $180.00 [ID 5813984],5813984,
record:3e61c234f62f651dc82482b9,Ezra Hammer,provisional_record_group,Individual,23295,Eli Arnold,4,1,1,18000,0,18000,2026-09-16,2026-09-16,0,0,1,18000,2026-09-16: $180.00 [ID 5821258],5821258,
record:3eb4982402fd9233ac357f64,Eric Zimmerman,provisional_record_group,Candidate & Immediate Family,17629,Eric Zimmerman,4,1,1,35000,0,35000,2026-08-23,2026-08-23,0,0,1,35000,2026-08-23: $350.00 [ID 5778152],5778152,
record:3f092bcac0434a221e158103,Carmen Robbins,provisional_record_group,Individual,23199,Olivia Clark,4,1,1,15000,0,15000,2026-04-08,2026-04-08,0,0,1,15000,2026-04-08: $150.00 [ID 5633081],5633081,
record:3f0cb6962ead08e2ca53d8db,Tom Kelly,provisional_record_group,Individual,15109,Steve Novick,3,1,1,25000,0,25000,2026-04-14,2026-04-14,0,0,1,25000,2026-04-14: $250.00 [ID 5657755],5657755,
record:3f14ad83a88d91efcc0a0800,Mary King,provisional_record_group,Individual,23028,Angelita Morillo,3,3,3,4500,0,4500,2026-07-10,2026-09-10,0,0,3,4500,2026-07-10: $15.00 [ID 5718696] | 2026-08-10: $15.00 [ID 5767825] | 2026-09-10: $15.00 [ID 5807908],5718696|5767825|5807908,
record:3f14ad83a88d91efcc0a0800,Mary King,provisional_record_group,Individual,23208,Tiffany Koyama Lane,3,2,2,4000,0,4000,2025-06-04,2025-12-04,2,4000,0,0,2025-06-04: $20.00 [ID 5320561] | 2025-12-04: $20.00 [ID 5456694],5320561|5456694,
record:3f14ad83a88d91efcc0a0800,Mary King,provisional_record_group,Individual,23365,Mitch Green,4,3,3,4500,0,4500,2026-07-07,2026-09-07,0,0,3,4500,2026-07-07: $15.00 [ID 5712464] | 2026-08-07: $15.00 [ID 5758554] | 2026-09-07: $15.00 [ID 5806550],5712464|5758554|5806550,
record:3f710d9f877af42242c2611b,Jennifer Pereau Shasserre,provisional_record_group,Individual,25040,Jamey Evenstar,4,1,1,5000,0,5000,2026-07-16,2026-07-16,0,0,1,5000,2026-07-16: $50.00 [ID 5729039],5729039,
record:3fb48c308653c99fbe7c8c5a,Margery Harris,provisional_record_group,Individual,23199,Olivia Clark,4,1,1,20000,0,20000,2026-08-16,2026-08-16,0,0,1,20000,2026-08-16: $200.00 [ID 5800257],5800257,
record:40787b28aedb0a2cfe729ee9,Scott Andrews,provisional_record_group,Individual,24897,Kellie Torres,3,1,1,35000,0,35000,2026-08-09,2026-08-09,0,0,1,35000,2026-08-09: $350.00 [ID 5780406],5780406,
record:4147fd3ad0cd1a6534fb68d6,Thomas Kilbane,provisional_record_group,Individual,24897,Kellie Torres,3,1,1,32000,0,32000,2026-04-19,2026-04-19,0,0,1,32000,2026-04-19: $320.00 [ID 5635889],5635889,
record:418df6f743a206471150f685,Karen Stark,provisional_record_group,Individual,23295,Eli Arnold,4,1,1,2500,0,2500,2026-08-27,2026-08-27,0,0,1,2500,2026-08-27: $25.00 [ID 5786182],5786182,
record:41c5940e18bf33efae75bc8a,Bruce Morrison,provisional_record_group,Individual,23295,Eli Arnold,4,1,1,10000,0,10000,2026-08-17,2026-08-17,0,0,1,10000,2026-08-17: $100.00 [ID 5786117],5786117,
record:41f877ae46a5db3cb9d95b93,James Mclaughlin,provisional_record_group,Individual,17629,Eric Zimmerman,4,4,4,15000,0,15000,2026-06-10,2026-09-13,0,0,4,15000,2026-06-10: $50.00 [ID 5704592] | 2026-08-01: $50.00 [ID 5778065] | 2026-09-04: $25.00 [ID 5813878] | 2026-09-13: $25.00 [ID 5813946],5704592|5778065|5813878|5813946,
record:41f877ae46a5db3cb9d95b93,James Mclaughlin,provisional_record_group,Individual,23295,Eli Arnold,4,5,5,11000,0,11000,2026-06-10,2026-09-13,0,0,5,11000,2026-06-10: $5.00 [ID 5686478] | 2026-06-26: $5.00 [ID 5704091] | 2026-07-02: $50.00 [ID 5747078] | 2026-09-04: $25.00 [ID 5820960] | 2026-09-13: $25.00 [ID 5820959],5686478|5704091|5747078|5820960|5820959,
record:4271bbf7a4ed8651d23d9248,NW Oregon Labor Council,provisional_record_group,Labor Organization,23199,Olivia Clark,4,1,1,25000,0,25000,2025-07-07,2025-07-07,1,25000,0,0,2025-07-07: $250.00 [ID 5352304],5352304,
record:430bb608bf07cb48d0971c0d,Paterno Escarilla,provisional_record_group,Individual,25040,Jamey Evenstar,4,1,1,50000,0,50000,2026-05-21,2026-05-21,0,0,1,50000,2026-05-21: $500.00 [ID 5677928],5677928,
record:4344d8084d6976b2687fe3c5,Duncan Wyse,provisional_record_group,Individual,17629,Eric Zimmerman,4,1,1,35000,25000,10000,2026-09-15,2026-09-15,0,0,1,35000,2026-09-15: $350.00 [ID 5813959],5813959,5828757
record:43527d9ec443c6ba35188caa,Rob Reid,provisional_record_group,Individual,23028,Angelita Morillo,3,1,1,20000,0,20000,2026-09-04,2026-09-04,0,0,1,20000,2026-09-04: $200.00 [ID 5796028],5796028,
record:43527d9ec443c6ba35188caa,Rob Reid,provisional_record_group,Individual,23365,Mitch Green,4,1,1,20000,0,20000,2026-09-04,2026-09-04,0,0,1,20000,2026-09-04: $200.00 [ID 5795941],5795941,
record:438ea08af9112a3ef8f18622,Tyler Clarke,provisional_record_group,Individual,17629,Eric Zimmerman,4,1,1,35000,0,35000,2026-05-13,2026-05-13,0,0,1,35000,2026-05-13: $350.00 [ID 5679875],5679875,
record:43a880407bf796a87d06c0f4,Eric Rosenfeld,provisional_record_group,Individual,23295,Eli Arnold,4,1,1,35000,0,35000,2026-08-27,2026-08-27,0,0,1,35000,2026-08-27: $350.00 [ID 5786176],5786176,
record:43b31df37efe7c060086dc7c,Leslie Hammond,provisional_record_group,Individual,23199,Olivia Clark,4,1,1,35000,0,35000,2026-06-15,2026-06-15,0,0,1,35000,2026-06-15: $350.00 [ID 5717737],5717737,
record:43b31df37efe7c060086dc7c,Leslie Hammond,provisional_record_group,Individual,23295,Eli Arnold,4,1,1,15000,0,15000,2026-08-16,2026-08-16,0,0,1,15000,2026-08-16: $150.00 [ID 5786140],5786140,
record:43e753a185513e6cd26785f5,Carla Kelley,provisional_record_group,Individual,15109,Steve Novick,3,1,1,10000,0,10000,2026-08-20,2026-08-20,0,0,1,10000,2026-08-20: $100.00 [ID 5793244],5793244,
record:443937d2ce42e93e8180e38e,Christopher Schweizer,provisional_record_group,Individual,23028,Angelita Morillo,3,4,4,28100,5600,22500,2026-08-01,2026-08-30,0,0,4,28100,2026-08-01: $56.00 [ID 5748576] | 2026-08-14: $25.00 [ID 5767877] | 2026-08-22: $100.00 [ID 5774197] | 2026-08-30: $100.00 [ID 5785445],5748576|5767877|5774197|5785445,5785448
record:443937d2ce42e93e8180e38e,Christopher Schweizer,provisional_record_group,Individual,23208,Tiffany Koyama Lane,3,3,2,21000,0,21000,2026-08-16,2026-08-30,0,0,3,21000,2026-08-16: $100.00 [ID 5767806] | 2026-08-30: $100.00 [ID 5785510] | 2026-08-30: $10.00 [ID 5785519],5767806|5785510|5785519,
record:443937d2ce42e93e8180e38e,Christopher Schweizer,provisional_record_group,Individual,23365,Mitch Green,4,10,10,20500,0,20500,2026-04-07,2026-07-30,0,0,10,20500,2026-04-07: $50.00 [ID 5619182] | 2026-04-12: $20.00 [ID 5619265] | 2026-04-21: $10.00 [ID 5640265] | 2026-04-30: $13.00 [ID 5649211] | 2026-05-21: $10.00 [ID 5672560] | 2026-05-30: $13.00 [ID 5679206] | 2026-06-21: $10.00 [ID 5702463] | 2026-06-30: $13.00 [ID 5709439] | 2026-07-21: $10.00 [ID 5738067] | 2026-07-30: $56.00 [ID 5745259],5619182|5619265|5640265|5649211|5672560|5679206|5702463|5709439|5738067|5745259,
record:44503af11ba6731a759b7ad5,DIANA STUART,provisional_record_group,Individual,23199,Olivia Clark,4,1,1,25000,0,25000,2025-11-15,2025-11-15,1,25000,0,0,2025-11-15: $250.00 [ID 5444468],5444468,
record:44eef5b64e99e53e6cb3d6da,Robert Rapoza,provisional_record_group,Individual,23199,Olivia Clark,4,1,1,35000,0,35000,2025-09-10,2025-09-10,1,35000,0,0,2025-09-10: $350.00 [ID 5397281],5397281,
record:451096073d44d0c64576391e,Ervin Siverson,provisional_record_group,Individual,23295,Eli Arnold,4,1,1,10000,0,10000,2026-08-18,2026-08-18,0,0,1,10000,2026-08-18: $100.00 [ID 5786118],5786118,
record:452ac1b84b8f9c32e7a0482f,Ann Becklund,provisional_record_group,Individual,23199,Olivia Clark,4,1,1,25000,0,25000,2026-07-28,2026-07-28,0,0,1,25000,2026-07-28: $250.00 [ID 5759634],5759634,
record:45ee5f934fe74fad4dc945b1,Christopher Warner,provisional_record_group,Individual,15109,Steve Novick,3,1,1,35000,0,35000,2026-07-16,2026-07-16,0,0,1,35000,2026-07-16: $350.00 [ID 5732301],5732301,
record:464f9dfb65b08b60afedf31f,Anne Miller,provisional_record_group,Individual,25103,Jayne Cronlund,4,2,2,27500,0,27500,2026-07-17,2026-07-28,0,0,2,27500,2026-07-17: $250.00 [ID 5759004] | 2026-07-28: $25.00 [ID 5759286],5759004|5759286,
record:4661c4291457e6d2d341e638,Clarence Bishop III,provisional_record_group,Individual,23199,Olivia Clark,4,1,1,50000,15000,35000,2026-04-07,2026-04-07,0,0,1,50000,2026-04-07: $500.00 [ID 5633082],5633082,5653652
record:469452fb8b8d10ffc16e03ed,Patricia Dost,provisional_record_group,Individual,15109,Steve Novick,3,1,1,25000,0,25000,2026-03-25,2026-03-25,0,0,1,25000,2026-03-25: $250.00 [ID 5612580],5612580,
record:46e0d837aa0566dc49212d16,Sachie Hayakawa,provisional_record_group,Individual,23208,Tiffany Koyama Lane,3,1,1,10000,0,10000,2026-08-26,2026-08-26,0,0,1,10000,2026-08-26: $100.00 [ID 5790330],5790330,
record:47361b0f1b2e3924fdfaa323,Mark Rosenbaum,provisional_record_group,Individual,23199,Olivia Clark,4,1,1,35000,0,35000,2025-09-22,2025-09-22,1,35000,0,0,2025-09-22: $350.00 [ID 5397304],5397304,
record:47bd57a465dc88594f8c4d7e,Robert Bonaparte,provisional_record_group,Individual,15109,Steve Novick,3,1,1,25000,0,25000,2026-07-07,2026-07-07,0,0,1,25000,2026-07-07: $250.00 [ID 5717623],5717623,
record:47c737138385f00898af2561,Douglas Walta,provisional_record_group,Individual,23199,Olivia Clark,4,1,1,25000,0,25000,2026-02-12,2026-02-12,0,0,1,25000,2026-02-12: $250.00 [ID 5541185],5541185,
record:47c80167a11707d7ed064509,Tim Tees,provisional_record_group,Individual,15109,Steve Novick,3,1,1,25000,0,25000,2026-04-30,2026-04-30,0,0,1,25000,2026-04-30: $250.00 [ID 5657778],5657778,
record:47c80167a11707d7ed064509,Tim Tees,provisional_record_group,Individual,17629,Eric Zimmerman,4,1,1,25000,0,25000,2026-04-30,2026-04-30,0,0,1,25000,2026-04-30: $250.00 [ID 5651933],5651933,
record:47c80167a11707d7ed064509,Tim Tees,provisional_record_group,Individual,23199,Olivia Clark,4,1,1,25000,0,25000,2026-04-30,2026-04-30,0,0,1,25000,2026-04-30: $250.00 [ID 5653693],5653693,
record:47ffe481c0d1c025987c7a5b,Jim Mark,provisional_record_group,Individual,15109,Steve Novick,3,1,1,35000,0,35000,2026-06-04,2026-06-04,0,0,1,35000,2026-06-04: $350.00 [ID 5685078],5685078,
record:48585d976bb6cf5fabd4ee6a,James Ofsink,provisional_record_group,Individual,23028,Angelita Morillo,3,1,1,20000,0,20000,2026-06-03,2026-06-03,0,0,1,20000,2026-06-03: $200.00 [ID 5683833],5683833,
record:48585d976bb6cf5fabd4ee6a,James Ofsink,provisional_record_group,Individual,23365,Mitch Green,4,1,1,20000,0,20000,2026-06-03,2026-06-03,0,0,1,20000,2026-06-03: $200.00 [ID 5683582],5683582,
record:4872419079ed6da79cee2767,Cheryl Lawrence,provisional_record_group,Individual,25103,Jayne Cronlund,4,1,1,20000,0,20000,2026-09-10,2026-09-10,0,0,1,20000,2026-09-10: $200.00 [ID 5831767],5831767,
record:48ac047926b86c413922dc6b,John Liu,provisional_record_group,Individual,23295,Eli Arnold,4,1,1,35000,0,35000,2025-11-17,2025-11-17,1,35000,0,0,2025-11-17: $350.00 [ID 5459906],5459906,
record:48cc1e52d008591017baa31d,Hannah Sumner,provisional_record_group,Individual,23028,Angelita Morillo,3,1,1,2500,0,2500,2026-08-29,2026-08-29,0,0,1,2500,2026-08-29: $25.00 [ID 5785435],5785435,
record:48cc1e52d008591017baa31d,Hannah Sumner,provisional_record_group,Individual,23208,Tiffany Koyama Lane,3,2,2,5000,0,5000,2026-07-29,2026-08-29,0,0,2,5000,2026-07-29: $25.00 [ID 5746734] | 2026-08-29: $25.00 [ID 5785504],5746734|5785504,
record:48dff4a59fd1031a2993edab,Nancy Becker,provisional_record_group,Individual,15109,Steve Novick,3,3,3,15000,0,15000,2026-07-21,2026-09-21,0,0,3,15000,2026-07-21: $50.00 [ID 5760044] | 2026-08-21: $50.00 [ID 5793230] | 2026-09-21: $50.00 [ID 5830383],5760044|5793230|5830383,
record:48dff4a59fd1031a2993edab,Nancy Becker,provisional_record_group,Individual,23199,Olivia Clark,4,1,1,10000,0,10000,2026-08-14,2026-08-14,0,0,1,10000,2026-08-14: $100.00 [ID 5800254],5800254,
record:495803539ec6e84aec116971,Erica Fuller,provisional_record_group,Individual,23028,Angelita Morillo,3,1,1,25000,0,25000,2026-01-18,2026-01-18,0,0,1,25000,2026-01-18: $250.00 [ID 5524907],5524907,
record:49bb6a0700cd6f1c623c4cc7,Arthur Bradford,provisional_record_group,Individual,23295,Eli Arnold,4,1,1,25000,0,25000,2025-11-16,2025-11-16,1,25000,0,0,2025-11-16: $250.00 [ID 5459899],5459899,
record:49c052c189c9b86f1780143e,Jennifer Raleigh,provisional_record_group,Individual,23295,Eli Arnold,4,1,1,10000,0,10000,2026-03-29,2026-03-29,0,0,1,10000,2026-03-29: $100.00 [ID 5616484],5616484,
record:4a2df0c6830b57716efc2b9d,Al Niknabard,provisional_record_group,Individual,15109,Steve Novick,3,1,1,35000,35000,0,2026-08-13,2026-08-13,0,0,1,35000,2026-08-13: $350.00 [ID 5793192],5793192,5793352
record:4a5b5788633bb16feb597bd5,Dan Ware,provisional_record_group,Individual,24897,Kellie Torres,3,1,1,35000,0,35000,2026-08-09,2026-08-09,0,0,1,35000,2026-08-09: $350.00 [ID 5760896],5760896,
record:4a7f0b922485f9415fcf635e,Carolyn Lee,provisional_record_group,Individual,23208,Tiffany Koyama Lane,3,1,1,35000,0,35000,2026-08-25,2026-08-25,0,0,1,35000,2026-08-25: $350.00 [ID 5785398],5785398,
record:4a93b48d722929b0744fbd49,Robert Van brocklin,provisional_record_group,Individual,23199,Olivia Clark,4,1,1,35000,0,35000,2026-03-21,2026-03-21,0,0,1,35000,2026-03-21: $350.00 [ID 5633052],5633052,
record:4ab49407c2740678499db309,Richard Kaiser,provisional_record_group,Individual,23295,Eli Arnold,4,1,1,35000,0,35000,2026-07-09,2026-07-09,0,0,1,35000,2026-07-09: $350.00 [ID 5747096],5747096,
record:4adcfaa06397916dc81657db,Brian Cotlove,provisional_record_group,Individual,23295,Eli Arnold,4,1,1,35000,0,35000,2025-12-10,2025-12-10,1,35000,0,0,2025-12-10: $350.00 [ID 5463817],5463817,
record:4add0e194ac4c52653ea3ad3,Regina Cutler,provisional_record_group,Individual,15109,Steve Novick,3,1,1,35000,0,35000,2026-02-08,2026-02-08,0,0,1,35000,2026-02-08: $350.00 [ID 5534853],5534853,
record:4b0514c9bc9449465385b75d,Mark Goodman,provisional_record_group,Individual,24897,Kellie Torres,3,1,1,35000,0,35000,2026-05-03,2026-05-03,0,0,1,35000,2026-05-03: $350.00 [ID 5658420],5658420,
record:4b1da52212a04b33879da1f2,Janice Gould,provisional_record_group,Individual,23199,Olivia Clark,4,1,1,2500,0,2500,2025-12-06,2025-12-06,1,2500,0,0,2025-12-06: $25.00 [ID 5473735],5473735,
record:4bbd28b1b289fde46c35b849,Ashley Henry,provisional_record_group,Individual,15109,Steve Novick,3,1,1,25000,0,25000,2026-08-21,2026-08-21,0,0,1,25000,2026-08-21: $250.00 [ID 5793245],5793245,
record:4bc10798c161b3c2aa851135,Diana Rempe,provisional_record_group,Individual,23028,Angelita Morillo,3,1,1,35000,0,35000,2025-07-27,2025-07-27,1,35000,0,0,2025-07-27: $350.00 [ID 5349746],5349746,
record:4bd9206d9b308d3183e3655c,Andrew Seaman,provisional_record_group,Individual,15109,Steve Novick,3,1,1,25000,0,25000,2025-12-22,2025-12-22,1,25000,0,0,2025-12-22: $250.00 [ID 5503301],5503301,
record:4c251ed7e014efc3c3223743,John Daggett,provisional_record_group,Individual,23295,Eli Arnold,4,1,1,2500,0,2500,2026-09-16,2026-09-16,0,0,1,2500,2026-09-16: $25.00 [ID 5820995],5820995,
record:4cd5a2d083d6a14fa1bdf6ee,Misty Ibsen,provisional_record_group,Individual,25103,Jayne Cronlund,4,1,1,25000,0,25000,2026-07-20,2026-07-20,0,0,1,25000,2026-07-20: $250.00 [ID 5759202],5759202,
record:4cde395f3f3f068b691406c8,Keith Wilson,provisional_record_group,Individual,15109,Steve Novick,3,1,1,35000,0,35000,2026-09-08,2026-09-08,0,0,1,35000,2026-09-08: $350.00 [ID 5830261],5830261,
record:4cde395f3f3f068b691406c8,Keith Wilson,provisional_record_group,Individual,17629,Eric Zimmerman,4,1,1,35000,0,35000,2026-08-30,2026-08-30,0,0,1,35000,2026-08-30: $350.00 [ID 5813842],5813842,
record:4cde395f3f3f068b691406c8,Keith Wilson,provisional_record_group,Individual,23295,Eli Arnold,4,1,1,35000,0,35000,2026-09-15,2026-09-15,0,0,1,35000,2026-09-15: $350.00 [ID 5820976],5820976,
record:4cf9e82278b834fd6f15d8ee,Robert Dixon,provisional_record_group,Individual,15109,Steve Novick,3,1,1,35000,0,35000,2026-06-08,2026-06-08,0,0,1,35000,2026-06-08: $350.00 [ID 5685107],5685107,
record:4d28858aecad803e1c4f691a,Austen Chongpison,provisional_record_group,Individual,23208,Tiffany Koyama Lane,3,1,1,35000,0,35000,2026-04-18,2026-04-18,0,0,1,35000,2026-04-18: $350.00 [ID 5632206],5632206,
record:4d292cbabe532cf4bb7b5c44,Daniel Houf,provisional_record_group,Individual,24966,Matthias Hallett,3,1,1,20000,0,20000,2026-08-07,2026-08-07,0,0,1,20000,2026-08-07: $200.00 [ID 5755780],5755780,
record:4d689a5a3cec8afc47ddaa24,Roger Gertenrich,provisional_record_group,Individual,23199,Olivia Clark,4,1,1,10000,0,10000,2026-03-14,2026-03-14,0,0,1,10000,2026-03-14: $100.00 [ID 5586624],5586624,
record:4d9bf0307e2d5e8c49bd775b,Jen Schuberth,provisional_record_group,Individual,15109,Steve Novick,3,1,1,35000,0,35000,2025-12-28,2025-12-28,1,35000,0,0,2025-12-28: $350.00 [ID 5503353],5503353,
record:4dc7d1c2f75e71e3e459ada1,Ulysses Sherman,provisional_record_group,Individual,17629,Eric Zimmerman,4,1,1,30000,0,30000,2026-09-02,2026-09-02,0,0,1,30000,2026-09-02: $300.00 [ID 5813858],5813858,
record:4dc91b7e005d762f69972c61,Mary Knox,provisional_record_group,Individual,23365,Mitch Green,4,2,2,5000,0,5000,2026-07-31,2026-08-31,0,0,2,5000,2026-07-31: $25.00 [ID 5748625] | 2026-08-31: $25.00 [ID 5795924],5748625|5795924,
record:4dd16666bcdc896015c93cd3,Jennifer Shasserre,provisional_record_group,Individual,23365,Mitch Green,4,1,1,25000,0,25000,2026-07-24,2026-07-24,0,0,1,25000,2026-07-24: $250.00 [ID 5738162],5738162,
record:4de7ce6c9273ce44ac076277,Cheryl Matt,provisional_record_group,Individual,23411,Jeremy Beausoleil Smith,4,1,1,15000,0,15000,2026-04-13,2026-04-13,0,0,1,15000,2026-04-13: $150.00 [ID 5625943],5625943,
record:4dff36236d43d51207a4e27c,Jessica Burke,provisional_record_group,Individual,23295,Eli Arnold,4,1,1,35000,0,35000,2026-01-26,2026-01-26,0,0,1,35000,2026-01-26: $350.00 [ID 5524774],5524774,
record:4e5b345eb83616432cf34de9,Betsy Zucker,provisional_record_group,Individual,23365,Mitch Green,4,5,4,11800,0,11800,2026-07-08,2026-09-08,0,0,5,11800,2026-07-08: $50.00 [ID 5712467] | 2026-07-08: $6.00 [ID 5712470] | 2026-07-29: $50.00 [ID 5745238] | 2026-08-08: $6.00 [ID 5758581] | 2026-09-08: $6.00 [ID 5806561],5712467|5712470|5745238|5758581|5806561,
record:4e690ba3f229056850d2ae43,Susan Souers,provisional_record_group,Individual,23199,Olivia Clark,4,2,2,70000,35000,35000,2026-01-29,2026-05-14,0,0,2,70000,2026-01-29: $350.00 [ID 5541111] | 2026-05-14: $350.00 [ID 5666511],5541111|5666511,5717709
record:4ea5a6c2314b5802e26fbb5a,Edward Reckford,provisional_record_group,Individual,15109,Steve Novick,3,1,1,10000,0,10000,2026-06-28,2026-06-28,0,0,1,10000,2026-06-28: $100.00 [ID 5717596],5717596,
record:4edff4dd370d1ac3c7f905fa,Julie Richardson,provisional_record_group,Individual,25103,Jayne Cronlund,4,1,1,10000,0,10000,2026-09-16,2026-09-16,0,0,1,10000,2026-09-16: $100.00 [ID 5831794],5831794,
record:4f167a5b07d960f017a82233,Raffaele Timarchi,provisional_record_group,Individual,23028,Angelita Morillo,3,1,1,25000,0,25000,2026-06-25,2026-06-25,0,0,1,25000,2026-06-25: $250.00 [ID 5702890],5702890,
record:4f167a5b07d960f017a82233,Raffaele Timarchi,provisional_record_group,Individual,23365,Mitch Green,4,1,1,25000,0,25000,2026-07-24,2026-07-24,0,0,1,25000,2026-07-24: $250.00 [ID 5738109],5738109,
record:4f46abd36e46725d40795239,Naomi LeClair,provisional_record_group,Individual,24966,Matthias Hallett,3,1,1,10330,0,10330,2026-07-15,2026-07-15,0,0,1,10330,2026-07-15: $103.30 [ID 5755750],5755750,
record:4f6f8490c768657071143dac,Anthony Russell,provisional_record_group,Individual,25040,Jamey Evenstar,4,2,1,50000,0,50000,2026-05-16,2026-05-16,0,0,2,50000,2026-05-16: $350.00 [ID 5666213] | 2026-05-16: $150.00 [ID 5666216],5666213|5666216,
record:4f9d796441a887f711393c60,Ramin Farahmandpur,provisional_record_group,Individual,17629,Eric Zimmerman,4,1,1,5000,0,5000,2026-04-09,2026-04-09,0,0,1,5000,2026-04-09: $50.00 [ID 5651888],5651888,
record:4fb918688130810e96cc2f32,Elizabeth Cramer,provisional_record_group,Individual,17629,Eric Zimmerman,4,1,1,35000,0,35000,2026-08-21,2026-08-21,0,0,1,35000,2026-08-21: $350.00 [ID 5778128],5778128,
record:4fc2d1178725f1f9a3d3339c,Marvin Dunn,provisional_record_group,Individual,23199,Olivia Clark,4,1,1,25000,0,25000,2026-05-08,2026-05-08,0,0,1,25000,2026-05-08: $250.00 [ID 5660055],5660055,
record:4fc5ec8e3e9a6d65f5e15871,Gloria Bennett,provisional_record_group,Individual,15109,Steve Novick,3,1,1,25000,0,25000,2026-08-10,2026-08-10,0,0,1,25000,2026-08-10: $250.00 [ID 5793167],5793167,
record:4fc65bf8cee77c519ec0994e,Saba Saleem,provisional_record_group,Individual,23208,Tiffany Koyama Lane,3,4,4,10000,0,10000,2026-06-20,2026-09-20,0,0,4,10000,2026-06-20: $25.00 [ID 5697352] | 2026-07-20: $25.00 [ID 5738032] | 2026-08-20: $25.00 [ID 5774335] | 2026-09-20: $25.00 [ID 5818444],5697352|5738032|5774335|5818444,
record:50d793b507b05dce5117aa9e,Deborah Bessmer,provisional_record_group,Individual,23365,Mitch Green,4,1,1,35000,0,35000,2025-01-06,2025-01-06,1,35000,0,0,2025-01-06: $350.00 [ID 5198906],5198906,
record:511e8f78f9f9bb4f8bff9ee1,Elizabeth Angel,provisional_record_group,Individual,24897,Kellie Torres,3,1,1,35000,0,35000,2026-09-06,2026-09-06,0,0,1,35000,2026-09-06: $350.00 [ID 5799865],5799865,
record:5207210c03d3a45b1a330b43,Roger Dailey,provisional_record_group,Individual,24897,Kellie Torres,3,1,1,35000,0,35000,2026-08-09,2026-08-09,0,0,1,35000,2026-08-09: $350.00 [ID 5760942],5760942,
record:5222856590d9edad52e21624,Teresa Brandon,provisional_record_group,Individual,23208,Tiffany Koyama Lane,3,1,1,70000,0,70000,2025-09-29,2025-09-29,1,70000,0,0,2025-09-29: $700.00 [ID 5400848],5400848,
record:522caaca4bb7181845f9b354,Mike Phelps,provisional_record_group,Individual,23295,Eli Arnold,4,2,2,12500,0,12500,2026-07-15,2026-09-02,0,0,2,12500,2026-07-15: $100.00 [ID 5747132] | 2026-09-02: $25.00 [ID 5820985],5747132|5820985,
record:523395382dcb0a17c2e9ef9f,Olivia Clark,provisional_record_group,Candidate & Immediate Family,23199,Olivia Clark,4,1,1,50000,0,50000,2025-01-10,2025-01-10,1,50000,0,0,2025-01-10: $500.00 [ID 5213469],5213469,
record:523a47e212570614746cf3a0,Timothy Kuzma,provisional_record_group,Individual,17629,Eric Zimmerman,4,1,1,25000,0,25000,2026-09-07,2026-09-07,0,0,1,25000,2026-09-07: $250.00 [ID 5813886],5813886,
record:52d6b70592335d2cb04b20df,Peter Andrews,provisional_record_group,Individual,17629,Eric Zimmerman,4,1,1,35000,0,35000,2026-05-11,2026-05-11,0,0,1,35000,2026-05-11: $350.00 [ID 5679866],5679866,
record:52e498c20329fbb10db29f06,Jeffrey Weitzel,provisional_record_group,Individual,25040,Jamey Evenstar,4,1,1,10000,0,10000,2026-07-16,2026-07-16,0,0,1,10000,2026-07-16: $100.00 [ID 5729019],5729019,
record:5343bc8fb1def1320475fad8,Griffin ONeill,provisional_record_group,Individual,23365,Mitch Green,4,1,1,35000,0,35000,2026-09-12,2026-09-12,0,0,1,35000,2026-09-12: $350.00 [ID 5807713],5807713,
record:53590d96485fcd9812ad703f,Angie Pineo,provisional_record_group,Individual,23208,Tiffany Koyama Lane,3,1,1,2500,0,2500,2026-05-13,2026-05-13,0,0,1,2500,2026-05-13: $25.00 [ID 5665934],5665934,
record:53826d09b50fb2201ac8eb13,William Truncali,provisional_record_group,Individual,23295,Eli Arnold,4,1,1,10000,0,10000,2026-02-19,2026-02-19,0,0,1,10000,2026-02-19: $100.00 [ID 5554648],5554648,
record:53edc81e0823ccbfcccdac53,Kenneth Mehr,provisional_record_group,Individual,23295,Eli Arnold,4,1,1,10000,0,10000,2026-09-06,2026-09-06,0,0,1,10000,2026-09-06: $100.00 [ID 5820901],5820901,
record:53f4949897477e7d148c1009,Gabriela Norona,provisional_record_group,Individual,15109,Steve Novick,3,1,1,35000,0,35000,2026-07-28,2026-07-28,0,0,1,35000,2026-07-28: $350.00 [ID 5760120],5760120,
record:540cbb38c322e3ef8a37cb41,Katie Kaput,provisional_record_group,Individual,23028,Angelita Morillo,3,1,1,10000,0,10000,2026-09-20,2026-09-20,0,0,1,10000,2026-09-20: $100.00 [ID 5818561],5818561,
record:5434f7e3bbb70e468dc3fb6b,Richard Benner,provisional_record_group,Individual,15109,Steve Novick,3,1,1,10000,0,10000,2026-08-05,2026-08-05,0,0,1,10000,2026-08-05: $100.00 [ID 5760201],5760201,
record:54b436c9f2b37dbfa4f672e5,Ira Virden,provisional_record_group,Individual,24897,Kellie Torres,3,1,1,35000,0,35000,2026-08-09,2026-08-09,0,0,1,35000,2026-08-09: $350.00 [ID 5780402],5780402,
record:54ee1f184e81c1036c84eb70,Bruce Weitzel,provisional_record_group,Individual,23208,Tiffany Koyama Lane,3,1,1,35000,0,35000,2026-01-04,2026-01-04,0,0,1,35000,2026-01-04: $350.00 [ID 5488269],5488269,
record:550d52d489efd19cd9a0545a,Kristin Teigen,provisional_record_group,Individual,23028,Angelita Morillo,3,1,1,20000,0,20000,2026-07-29,2026-07-29,0,0,1,20000,2026-07-29: $200.00 [ID 5746646],5746646,
record:550d52d489efd19cd9a0545a,Kristin Teigen,provisional_record_group,Individual,23365,Mitch Green,4,1,1,5000,0,5000,2026-09-21,2026-09-21,0,0,1,5000,2026-09-21: $50.00 [ID 5821908],5821908,
record:550d52d489efd19cd9a0545a,Kristin Teigen,provisional_record_group,Individual,25040,Jamey Evenstar,4,1,1,10000,0,10000,2026-07-16,2026-07-16,0,0,1,10000,2026-07-16: $100.00 [ID 5729020],5729020,
record:552937a091a4c8b007dff8f6,Charles Swindells,provisional_record_group,Individual,15109,Steve Novick,3,1,1,35000,0,35000,2026-07-03,2026-07-03,0,0,1,35000,2026-07-03: $350.00 [ID 5717617],5717617,
record:553b8a46f9b40157e11003e4,Steve Kenney,provisional_record_group,Individual,23199,Olivia Clark,4,1,1,11000,0,11000,2026-04-11,2026-04-11,0,0,1,11000,2026-04-11: $110.00 [ID 5633092],5633092,
record:55570d9cdcb1ee4229214a9b,Elizabeth  A Cramer,provisional_record_group,Individual,24897,Kellie Torres,3,1,1,35000,0,35000,2026-08-09,2026-08-09,0,0,1,35000,2026-08-09: $350.00 [ID 5760959],5760959,
record:5571d5a70121dc21ce70db61,Charlene Zidell,provisional_record_group,Individual,23199,Olivia Clark,4,1,1,35000,0,35000,2026-03-20,2026-03-20,0,0,1,35000,2026-03-20: $350.00 [ID 5586615],5586615,
record:5571d5a70121dc21ce70db61,Charlene Zidell,provisional_record_group,Individual,24897,Kellie Torres,3,1,1,35000,0,35000,2026-08-16,2026-08-16,0,0,1,35000,2026-08-16: $350.00 [ID 5768631],5768631,
record:55fd6d21d6c6df72b4ae147d,Lee Buhler,provisional_record_group,Individual,23199,Olivia Clark,4,1,1,10000,0,10000,2026-07-11,2026-07-11,0,0,1,10000,2026-07-11: $100.00 [ID 5759628],5759628,
record:5669165d1b59d70cb8fac88b,Jonathan Singer,provisional_record_group,Individual,24897,Kellie Torres,3,1,1,25000,0,25000,2026-09-06,2026-09-06,0,0,1,25000,2026-09-06: $250.00 [ID 5799812],5799812,
record:56719179aae8e178d4bee044,Matt Almeida,provisional_record_group,Individual,23365,Mitch Green,4,1,1,35000,1000,34000,2026-07-24,2026-07-24,0,0,1,35000,2026-07-24: $350.00 [ID 5738104],5738104,5738796
record:56fc4453123bd3d90a5a9e5b,Nicholas Bradish,provisional_record_group,Individual,23365,Mitch Green,4,1,1,50000,0,50000,2025-09-17,2025-09-17,1,50000,0,0,2025-09-17: $500.00 [ID 5384579],5384579,
record:572933f32429f7fed4767355,Elizabeth Johnson,provisional_record_group,Individual,17629,Eric Zimmerman,4,1,1,32500,0,32500,2026-09-21,2026-09-21,0,0,1,32500,2026-09-21: $325.00 [ID 5828875],5828875,
record:57e13323fa86746e6dfcd8b2,Martin Sommer,provisional_record_group,Individual,23295,Eli Arnold,4,1,1,25000,0,25000,2026-08-26,2026-08-26,0,0,1,25000,2026-08-26: $250.00 [ID 5786170],5786170,
record:5824bec886334f598c98adc7,Eric Gold,provisional_record_group,Individual,23365,Mitch Green,4,4,4,10000,0,10000,2025-09-20,2025-12-20,4,10000,0,0,2025-09-20: $25.00 [ID 5386905] | 2025-10-20: $25.00 [ID 5416239] | 2025-11-20: $25.00 [ID 5442726] | 2025-12-20: $25.00 [ID 5472006],5386905|5416239|5442726|5472006,
record:58371c2e2cfc0e9479032039,Helena Birecki,provisional_record_group,Individual,23208,Tiffany Koyama Lane,3,1,1,25000,0,25000,2026-04-11,2026-04-11,0,0,1,25000,2026-04-11: $250.00 [ID 5619318],5619318,
record:584a9e9f5c02ce6856237858,Daniel Deutsch,provisional_record_group,Individual,24897,Kellie Torres,3,1,1,35000,0,35000,2026-06-14,2026-06-14,0,0,1,35000,2026-06-14: $350.00 [ID 5693477],5693477,
record:5869413e7627cdd8889c9bb5,Nancy Bardeschewski,provisional_record_group,Individual,24897,Kellie Torres,3,1,1,2500,0,2500,2026-05-03,2026-05-03,0,0,1,2500,2026-05-03: $25.00 [ID 5650902],5650902,
record:587417525deff4b06bbf8954,John Stangel,provisional_record_group,Individual,17629,Eric Zimmerman,4,1,1,10000,0,10000,2026-09-23,2026-09-23,0,0,1,10000,2026-09-23: $100.00 [ID 5828947],5828947,
record:58ca07518a3883379fb1d15e,Zachary Duffly,provisional_record_group,Individual,23365,Mitch Green,4,1,1,20000,0,20000,2026-09-16,2026-09-16,0,0,1,20000,2026-09-16: $200.00 [ID 5818192],5818192,
record:590e9ae9536a70ae523b3e6c,Mark New,provisional_record_group,Individual,17629,Eric Zimmerman,4,1,1,35000,0,35000,2026-03-31,2026-03-31,0,0,1,35000,2026-03-31: $350.00 [ID 5598564],5598564,
record:59230cb83899cadd978220d9,Jules Bailey,provisional_record_group,Individual,15109,Steve Novick,3,1,1,35000,35000,0,2026-09-16,2026-09-16,0,0,1,35000,2026-09-16: $350.00 [ID 5830354],5830354,5830562
record:59230cb83899cadd978220d9,Jules Bailey,provisional_record_group,Individual,17629,Eric Zimmerman,4,1,1,35000,0,35000,2026-05-07,2026-05-07,0,0,1,35000,2026-05-07: $350.00 [ID 5679849],5679849,
record:59ee14ffe08362d05dcfb1e1,Marjorie Lindblom,provisional_record_group,Individual,23295,Eli Arnold,4,1,1,87500,0,87500,2025-11-16,2025-11-16,1,87500,0,0,2025-11-16: $875.00 [ID 5459900],5459900,
record:5a04e1ce6e7705fce5284c6c,Sandra Comstock,provisional_record_group,Individual,23028,Angelita Morillo,3,1,1,25000,0,25000,2025-11-23,2025-11-23,1,25000,0,0,2025-11-23: $250.00 [ID 5462448],5462448,
record:5a6bcd76c05bbafa00048200,CAROL TURNER,provisional_record_group,Individual,15109,Steve Novick,3,2,2,35000,0,35000,2026-02-05,2026-08-17,0,0,2,35000,2026-02-05: $200.00 [ID 5534844] | 2026-08-17: $150.00 [ID 5793207],5534844|5793207,
record:5a9a3c7aace778da6e218aaf,Paul Milne,provisional_record_group,Individual,17629,Eric Zimmerman,4,1,1,35000,0,35000,2026-09-21,2026-09-21,0,0,1,35000,2026-09-21: $350.00 [ID 5828866],5828866,
record:5a9a3c7aace778da6e218aaf,Paul Milne,provisional_record_group,Individual,23295,Eli Arnold,4,2,2,35000,0,35000,2026-07-06,2026-09-10,0,0,2,35000,2026-07-06: $250.00 [ID 5747080] | 2026-09-10: $100.00 [ID 5820981],5747080|5820981,
record:5ab61c2e206780a6d07b5de9,Marcus Braun,provisional_record_group,Individual,23295,Eli Arnold,4,1,1,25000,0,25000,2026-03-09,2026-03-09,0,0,1,25000,2026-03-09: $250.00 [ID 5573064],5573064,
record:5b0309b5a4fbefe0ccd67b7c,Amy Reed,provisional_record_group,Individual,25103,Jayne Cronlund,4,2,2,35000,0,35000,2026-07-24,2026-09-16,0,0,2,35000,2026-07-24: $250.00 [ID 5759113] | 2026-09-16: $100.00 [ID 5831788],5759113|5831788,
record:5b063b3aeb6f5040df637ae3,Marsea Hart,provisional_record_group,Individual,23295,Eli Arnold,4,1,1,35000,0,35000,2025-11-15,2025-11-15,1,35000,0,0,2025-11-15: $350.00 [ID 5459896],5459896,
record:5b32d2508e495d7054255b70,Ted Labbe,provisional_record_group,Individual,23028,Angelita Morillo,3,1,1,35000,0,35000,2025-11-23,2025-11-23,1,35000,0,0,2025-11-23: $350.00 [ID 5462447],5462447,
record:5b857219edc6a75e53b40364,Monica Santoyo,provisional_record_group,Individual,23365,Mitch Green,4,1,1,10000,0,10000,2026-07-24,2026-07-24,0,0,1,10000,2026-07-24: $100.00 [ID 5738161],5738161,
record:5bd49c764ffc222ee6feb1c7,Katherine Goeddel,provisional_record_group,Individual,23199,Olivia Clark,4,1,1,25000,0,25000,2025-09-05,2025-09-05,1,25000,0,0,2025-09-05: $250.00 [ID 5397280],5397280,
record:5bf33fb6ffb97e7a5fb3dac4,Sam Scheidler,provisional_record_group,Individual,23199,Olivia Clark,4,1,1,25000,0,25000,2026-08-01,2026-08-01,0,0,1,25000,2026-08-01: $250.00 [ID 5759640],5759640,
record:5c0af97f434cbf890808909e,John Schroeder,provisional_record_group,Individual,23365,Mitch Green,4,1,1,35000,0,35000,2025-12-09,2025-12-09,1,35000,0,0,2025-12-09: $350.00 [ID 5462531],5462531,
record:5c0af97f434cbf890808909e,John Schroeder,provisional_record_group,Individual,25040,Jamey Evenstar,4,1,1,35000,0,35000,2026-07-22,2026-07-22,0,0,1,35000,2026-07-22: $350.00 [ID 5738248],5738248,
record:5c4888166f22f26133e64846,Camille Castillo,provisional_record_group,Individual,24973,Esther León,3,1,1,33300,0,33300,2026-07-24,2026-07-24,0,0,1,33300,2026-07-24: $333.00 [ID 5737880],5737880,
record:5c6eb8bed3b968fb93091070,Jason Renaud,provisional_record_group,Individual,23365,Mitch Green,4,1,1,25000,0,25000,2026-05-21,2026-05-21,0,0,1,25000,2026-05-21: $250.00 [ID 5672562],5672562,
record:5cbc7adff2d182c1fd185e24,Kyle Prosen,provisional_record_group,Individual,24661,Tom Sollitt,3,1,1,10800,0,10800,2026-08-26,2026-08-26,0,0,1,10800,2026-08-26: $108.00 [ID 5801239],5801239,
record:5cd225dac1d8300fc221c765,Daniel Deutsch,provisional_record_group,Individual,15109,Steve Novick,3,1,1,35000,0,35000,2026-06-10,2026-06-10,0,0,1,35000,2026-06-10: $350.00 [ID 5717483],5717483,
record:5cd225dac1d8300fc221c765,Daniel Deutsch,provisional_record_group,Individual,17629,Eric Zimmerman,4,1,1,35000,0,35000,2026-06-10,2026-06-10,0,0,1,35000,2026-06-10: $350.00 [ID 5704594],5704594,
record:5cd225dac1d8300fc221c765,Daniel Deutsch,provisional_record_group,Individual,23199,Olivia Clark,4,1,1,35000,0,35000,2026-06-10,2026-06-10,0,0,1,35000,2026-06-10: $350.00 [ID 5685665],5685665,
record:5cd225dac1d8300fc221c765,Daniel Deutsch,provisional_record_group,Individual,23295,Eli Arnold,4,1,1,35000,0,35000,2025-11-14,2025-11-14,1,35000,0,0,2025-11-14: $350.00 [ID 5459854],5459854,
record:5cfdb7e4a5325be6edb0694c,David Squire,provisional_record_group,Individual,15109,Steve Novick,3,1,1,35000,0,35000,2026-06-05,2026-06-05,0,0,1,35000,2026-06-05: $350.00 [ID 5685095],5685095,
record:5cfdb7e4a5325be6edb0694c,David Squire,provisional_record_group,Individual,17629,Eric Zimmerman,4,1,1,35000,0,35000,2026-08-24,2026-08-24,0,0,1,35000,2026-08-24: $350.00 [ID 5778153],5778153,
record:5d44e417f4acf59740521fc2,Deane Funk,provisional_record_group,Individual,15109,Steve Novick,3,1,1,15000,0,15000,2026-08-04,2026-08-04,0,0,1,15000,2026-08-04: $150.00 [ID 5793154],5793154,
record:5de4bda441a504736fd1eba9,Syed Qasimuddin,provisional_record_group,Individual,23208,Tiffany Koyama Lane,3,1,1,10100,0,10100,2026-04-28,2026-04-28,0,0,1,10100,2026-04-28: $101.00 [ID 5649190],5649190,
record:5e27be87d621f1d8d588d409,Frank Torresy,provisional_record_group,Individual,17629,Eric Zimmerman,4,1,1,25000,0,25000,2026-09-08,2026-09-08,0,0,1,25000,2026-09-08: $250.00 [ID 5813889],5813889,
record:5ea5beadd16c2c9bbbeb3163,Joon Ae Haworth-Kaufka,provisional_record_group,Individual,23208,Tiffany Koyama Lane,3,1,1,15000,0,15000,2026-08-31,2026-08-31,0,0,1,15000,2026-08-31: $150.00 [ID 5795990],5795990,
record:5eab9e7d8273c927cf76b888,Rebecca Crosby,provisional_record_group,Individual,25103,Jayne Cronlund,4,1,1,10000,0,10000,2026-09-18,2026-09-18,0,0,1,10000,2026-09-18: $100.00 [ID 5831812],5831812,
record:5eb450fc901d608470f4c4e7,Jo Ann Hardesty,provisional_record_group,Individual,23208,Tiffany Koyama Lane,3,1,1,15000,0,15000,2026-05-30,2026-05-30,0,0,1,15000,2026-05-30: $150.00 [ID 5679258],5679258,
record:5f0d1a63b0bb128d379b6588,Liz Tilbury,provisional_record_group,Individual,23295,Eli Arnold,4,1,1,15000,0,15000,2026-03-26,2026-03-26,0,0,1,15000,2026-03-26: $150.00 [ID 5616467],5616467,
record:5f1c0b6766e29f984f5fa330,Jill Garvey,provisional_record_group,Individual,23199,Olivia Clark,4,1,1,25000,0,25000,2026-05-14,2026-05-14,0,0,1,25000,2026-05-14: $250.00 [ID 5666513],5666513,
record:5f1c0b6766e29f984f5fa330,Jill Garvey,provisional_record_group,Individual,23295,Eli Arnold,4,1,1,25000,0,25000,2026-05-14,2026-05-14,0,0,1,25000,2026-05-14: $250.00 [ID 5674925],5674925,
record:5f1ecfc3df8eb4a8f40fd64e,Jean Butcher,provisional_record_group,Individual,15109,Steve Novick,3,1,1,20000,0,20000,2026-09-22,2026-09-22,0,0,1,20000,2026-09-22: $200.00 [ID 5830447],5830447,
record:5f2d1422afe1309e7f7b0581,Steven Silverman,provisional_record_group,Individual,15109,Steve Novick,3,1,1,35000,0,35000,2026-06-07,2026-06-07,0,0,1,35000,2026-06-07: $350.00 [ID 5685101],5685101,
record:5f48e1d5e7cc5dd2cf186e7b,Margaret Edera,provisional_record_group,Individual,23365,Mitch Green,4,1,1,10000,0,10000,2026-08-27,2026-08-27,0,0,1,10000,2026-08-27: $100.00 [ID 5821887],5821887,
record:5fa6410168cd6f4976872de7,Bonnie Serkin,provisional_record_group,Individual,24897,Kellie Torres,3,1,1,35000,0,35000,2026-09-06,2026-09-06,0,0,1,35000,2026-09-06: $350.00 [ID 5799055],5799055,
record:5fb813bdd4d65e69abc59e87,Mardi Spitzer,provisional_record_group,Individual,24897,Kellie Torres,3,1,1,35000,0,35000,2026-08-09,2026-08-09,0,0,1,35000,2026-08-09: $350.00 [ID 5761031],5761031,
record:5fcfa5ce353a7c4e708509a7,Barbara Francis,provisional_record_group,Individual,23295,Eli Arnold,4,1,1,25000,0,25000,2026-07-14,2026-07-14,0,0,1,25000,2026-07-14: $250.00 [ID 5747112],5747112,
record:602898bfb00eea57af32b9d5,Thomas Usher,provisional_record_group,Individual,17629,Eric Zimmerman,4,1,1,35000,0,35000,2026-09-14,2026-09-14,0,0,1,35000,2026-09-14: $350.00 [ID 5813954],5813954,
record:608262e63f3a8b9a7cee63b7,Barbara Kanz,provisional_record_group,Individual,17629,Eric Zimmerman,4,2,2,30000,0,30000,2026-08-18,2026-09-13,0,0,2,30000,2026-08-18: $150.00 [ID 5778116] | 2026-09-13: $150.00 [ID 5813942],5778116|5813942,
record:608e84f63c8fc7e5571cd3fc,Kimberly Cunningham,provisional_record_group,Individual,23199,Olivia Clark,4,1,1,25000,0,25000,2026-06-10,2026-06-10,0,0,1,25000,2026-06-10: $250.00 [ID 5685664],5685664,
record:60d8666e903241c9c5fc78e7,Barry Raber,provisional_record_group,Individual,17629,Eric Zimmerman,4,1,1,35000,0,35000,2026-08-21,2026-08-21,0,0,1,35000,2026-08-21: $350.00 [ID 5778133],5778133,
record:610462eb5b08c1c873402b9b,Lindsay Stewart,provisional_record_group,Individual,17629,Eric Zimmerman,4,1,1,25000,0,25000,2026-09-15,2026-09-15,0,0,1,25000,2026-09-15: $250.00 [ID 5813957],5813957,
record:612cb4c80656b5c142c01a80,Rocks Zayda,provisional_record_group,Individual,23365,Mitch Green,4,1,1,2500,0,2500,2026-09-01,2026-09-01,0,0,1,2500,2026-09-01: $25.00 [ID 5795931],5795931,
record:615e6ac89c954221b694a356,Cristin Campbell,provisional_record_group,Individual,23295,Eli Arnold,4,1,1,10000,0,10000,2026-09-16,2026-09-16,0,0,1,10000,2026-09-16: $100.00 [ID 5820965],5820965,
record:63071f9b8fc21cc2dbc0d9f6,Rion Bourgeois,provisional_record_group,Individual,15109,Steve Novick,3,1,1,25000,0,25000,2026-02-05,2026-02-05,0,0,1,25000,2026-02-05: $250.00 [ID 5563359],5563359,
record:6312e8ae89506996300b99d3,Marc Abrams,provisional_record_group,Individual,17629,Eric Zimmerman,4,1,1,15000,0,15000,2026-03-26,2026-03-26,0,0,1,15000,2026-03-26: $150.00 [ID 5598559],5598559,
record:63212bb5d0f79888827f798c,Halie Symmons,provisional_record_group,Individual,23028,Angelita Morillo,3,2,2,10000,0,10000,2026-08-12,2026-09-12,0,0,2,10000,2026-08-12: $50.00 [ID 5767856] | 2026-09-12: $50.00 [ID 5807964],5767856|5807964,
record:6385f96386490aaace9e3cc4,Randolph Miller,provisional_record_group,Individual,15109,Steve Novick,3,1,1,25000,0,25000,2026-01-15,2026-01-15,0,0,1,25000,2026-01-15: $250.00 [ID 5528670],5528670,
record:63bf87f5c5953796636d6903,Nathan Junkert,provisional_record_group,Individual,23028,Angelita Morillo,3,1,1,20000,0,20000,2026-03-29,2026-03-29,0,0,1,20000,2026-03-29: $200.00 [ID 5618744],5618744,
record:63f79023c0f45d7a9518effa,John Russell,provisional_record_group,Individual,24897,Kellie Torres,3,1,1,35000,0,35000,2026-04-19,2026-04-19,0,0,1,35000,2026-04-19: $350.00 [ID 5633829],5633829,
record:640d97a2bfd8fc78d08f0df0,Jeffrey Scherer,provisional_record_group,Individual,23295,Eli Arnold,4,1,1,25000,0,25000,2026-07-09,2026-07-09,0,0,1,25000,2026-07-09: $250.00 [ID 5747095],5747095,
record:64827a5142c26012325d5568,Marc Fenton,provisional_record_group,Individual,15109,Steve Novick,3,1,1,25000,0,25000,2026-07-11,2026-07-11,0,0,1,25000,2026-07-11: $250.00 [ID 5732269],5732269,
record:650c28a0f9409ccbca9a1def,Robert Stoll,provisional_record_group,Individual,23199,Olivia Clark,4,1,1,30000,0,30000,2026-03-18,2026-03-18,0,0,1,30000,2026-03-18: $300.00 [ID 5586606],5586606,
record:650c42f956655826a6553911,Dale Lambert,provisional_record_group,Individual,15109,Steve Novick,3,5,5,25500,0,25500,2026-08-24,2026-09-24,0,0,5,25500,2026-08-24: $10.00 [ID 5793322] | 2026-08-27: $100.00 [ID 5793333] | 2026-09-11: $70.00 [ID 5830284] | 2026-09-17: $70.00 [ID 5830360] | 2026-09-24: $5.00 [ID 5830532],5793322|5793333|5830284|5830360|5830532,
record:6572028c09c2d4ba152207f3,Martin Brantley,provisional_record_group,Individual,17629,Eric Zimmerman,4,1,1,25000,0,25000,2026-08-21,2026-08-21,0,0,1,25000,2026-08-21: $250.00 [ID 5778135],5778135,
record:658e34bbacc99eb940e45e9e,Donald Powell,provisional_record_group,Individual,15109,Steve Novick,3,2,2,20000,0,20000,2026-08-13,2026-09-15,0,0,2,20000,2026-08-13: $100.00 [ID 5793189] | 2026-09-15: $100.00 [ID 5830320],5793189|5830320,
record:65b90e31b0d23ea1008fa21d,Kevin Smith,provisional_record_group,Individual,23199,Olivia Clark,4,1,1,15000,0,15000,2025-11-01,2025-11-01,1,15000,0,0,2025-11-01: $150.00 [ID 5444400],5444400,
record:6674ccf374eb70f1d38cf2ed,Janet Stein,provisional_record_group,Individual,15109,Steve Novick,3,1,1,10000,0,10000,2026-06-23,2026-06-23,0,0,1,10000,2026-06-23: $100.00 [ID 5717565],5717565,
record:669ab3981b9c7a86cb02b0ce,Kip Williams,provisional_record_group,Individual,23365,Mitch Green,4,1,1,35000,0,35000,2026-07-24,2026-07-24,0,0,1,35000,2026-07-24: $350.00 [ID 5738125],5738125,
record:66fc9c9858f8e5184922df4b,Jeanne Kaliszewski,provisional_record_group,Individual,23208,Tiffany Koyama Lane,3,1,1,2500,0,2500,2026-06-05,2026-06-05,0,0,1,2500,2026-06-05: $25.00 [ID 5683711],5683711,
record:6743e5f59eaf5d0cbea262ed,Tom Sollitt,provisional_record_group,Candidate & Immediate Family,24661,Tom Sollitt,3,2,2,40000,0,40000,2026-05-02,2026-05-12,0,0,2,40000,2026-05-02: $300.00 [ID 5669081] | 2026-05-12: $100.00 [ID 5669082],5669081|5669082,
record:6790506b8b474a330e0244bd,Malin Petruisch,provisional_record_group,Individual,17629,Eric Zimmerman,4,1,1,35000,0,35000,2025-09-26,2025-09-26,1,35000,0,0,2025-09-26: $350.00 [ID 5414164],5414164,
record:67b3f8a7e6a0b8cf617342fb,Bob Weinstein,provisional_record_group,Individual,17629,Eric Zimmerman,4,2,2,15000,0,15000,2026-07-29,2026-09-10,0,0,2,15000,2026-07-29: $100.00 [ID 5747567] | 2026-09-10: $50.00 [ID 5813904],5747567|5813904,
record:67b3f8a7e6a0b8cf617342fb,Bob Weinstein,provisional_record_group,Individual,23295,Eli Arnold,4,1,1,7500,0,7500,2026-08-20,2026-08-20,0,0,1,7500,2026-08-20: $75.00 [ID 5786133],5786133,
record:67d56ea4525ceb2384de62b0,Chris Reid,provisional_record_group,Individual,23199,Olivia Clark,4,1,1,25000,0,25000,2025-11-19,2025-11-19,1,25000,0,0,2025-11-19: $250.00 [ID 5444494],5444494,
record:67f7ed9d1c9d487065ba829d,James Kelly,provisional_record_group,Individual,15109,Steve Novick,3,1,1,35000,0,35000,2025-12-26,2025-12-26,1,35000,0,0,2025-12-26: $350.00 [ID 5503347],5503347,
record:67f7ed9d1c9d487065ba829d,James Kelly,provisional_record_group,Individual,17629,Eric Zimmerman,4,1,1,35000,0,35000,2026-08-28,2026-08-28,0,0,1,35000,2026-08-28: $350.00 [ID 5813823],5813823,
record:67f7ed9d1c9d487065ba829d,James Kelly,provisional_record_group,Individual,23295,Eli Arnold,4,1,1,35000,0,35000,2026-04-14,2026-04-14,0,0,1,35000,2026-04-14: $350.00 [ID 5634471],5634471,
record:681cc1577f2faa28beee3c6a,Juno Suarez,provisional_record_group,Individual,23208,Tiffany Koyama Lane,3,3,3,17400,0,17400,2026-07-15,2026-09-15,0,0,3,17400,2026-07-15: $58.00 [ID 5729219] | 2026-08-15: $58.00 [ID 5767796] | 2026-09-15: $58.00 [ID 5814474],5729219|5767796|5814474,
record:682f830f843b2a8f29a6cb8a,Dan Rowan,provisional_record_group,Individual,15109,Steve Novick,3,1,1,25000,0,25000,2026-09-23,2026-09-23,0,0,1,25000,2026-09-23: $250.00 [ID 5830482],5830482,
record:684835e05bc5b8704a54d3ed,Christopher Gustafson,provisional_record_group,Individual,23208,Tiffany Koyama Lane,3,1,1,35000,0,35000,2026-05-30,2026-05-30,0,0,1,35000,2026-05-30: $350.00 [ID 5679246],5679246,
record:6849c912b13d1cc7862b7d3e,Elizabeth Withers,provisional_record_group,Individual,23028,Angelita Morillo,3,1,1,2500,0,2500,2026-04-12,2026-04-12,0,0,1,2500,2026-04-12: $25.00 [ID 5622532],5622532,
record:6849c912b13d1cc7862b7d3e,Elizabeth Withers,provisional_record_group,Individual,23208,Tiffany Koyama Lane,3,1,1,2500,0,2500,2026-04-12,2026-04-12,0,0,1,2500,2026-04-12: $25.00 [ID 5619349],5619349,
record:6849c912b13d1cc7862b7d3e,Elizabeth Withers,provisional_record_group,Individual,23365,Mitch Green,4,2,2,22500,0,22500,2025-08-23,2026-04-12,1,20000,1,2500,2025-08-23: $200.00 [ID 5384560] | 2026-04-12: $25.00 [ID 5619259],5384560|5619259,
record:68acaa1b725499ff65098042,Dan Lavey,provisional_record_group,Individual,15109,Steve Novick,3,1,1,35000,0,35000,2026-08-20,2026-08-20,0,0,1,35000,2026-08-20: $350.00 [ID 5793246],5793246,
record:68acaa1b725499ff65098042,Dan Lavey,provisional_record_group,Individual,23199,Olivia Clark,4,1,1,35000,0,35000,2025-12-04,2025-12-04,1,35000,0,0,2025-12-04: $350.00 [ID 5473715],5473715,
record:68b95de553e03ae143083ec8,Penny Dodge,provisional_record_group,Individual,15109,Steve Novick,3,1,1,35000,0,35000,2026-08-13,2026-08-13,0,0,1,35000,2026-08-13: $350.00 [ID 5793191],5793191,
record:694c9278be988502662443f2,Katharina Liedtke-Liss,provisional_record_group,Individual,24897,Kellie Torres,3,1,1,25000,0,25000,2026-09-06,2026-09-06,0,0,1,25000,2026-09-06: $250.00 [ID 5799809],5799809,
record:6990ae3c14b26fb9e7034e0c,Joe D'Ambrosia,provisional_record_group,Individual,23411,Jeremy Beausoleil Smith,4,1,1,10000,0,10000,2026-06-13,2026-06-13,0,0,1,10000,2026-06-13: $100.00 [ID 5687216],5687216,
record:69b2abec1c02dbf274e2b631,Julia Winkler,provisional_record_group,Individual,15109,Steve Novick,3,1,1,35000,0,35000,2026-06-14,2026-06-14,0,0,1,35000,2026-06-14: $350.00 [ID 5717501],5717501,
record:6ab0f400138ff6e2a81c66f0,Jennifer Krauel,provisional_record_group,Individual,23028,Angelita Morillo,3,1,1,35000,20000,15000,2026-06-10,2026-06-10,0,0,1,35000,2026-06-10: $350.00 [ID 5687312],5687312,5687313
record:6acafe3de2f8287b9a2452ba,Darin Sands,provisional_record_group,Individual,17629,Eric Zimmerman,4,1,1,35000,0,35000,2026-09-15,2026-09-15,0,0,1,35000,2026-09-15: $350.00 [ID 5813975],5813975,
record:6b48828593fe3dc867877b39,Jeffrey Reingold,provisional_record_group,Individual,17629,Eric Zimmerman,4,1,1,35000,0,35000,2026-09-15,2026-09-15,0,0,1,35000,2026-09-15: $350.00 [ID 5813995],5813995,
record:6b7a724b59df3be2edf34570,Andrea Kappa,provisional_record_group,Individual,25103,Jayne Cronlund,4,2,1,50000,0,50000,2026-07-28,2026-07-28,0,0,2,50000,2026-07-28: $325.00 [ID 5768127] | 2026-07-28: $175.00 [ID 5769166],5768127|5769166,
record:6b7b7ca34083310891abccb7,Michele Castro Ruffin,provisional_record_group,Individual,23028,Angelita Morillo,3,1,1,35000,0,35000,2026-03-15,2026-03-15,0,0,1,35000,2026-03-15: $350.00 [ID 5579963],5579963,
record:6b7f36573f42edc7dc1db45c,Chrys Martin,provisional_record_group,Individual,23295,Eli Arnold,4,2,2,27500,0,27500,2026-06-10,2026-09-02,0,0,2,27500,2026-06-10: $250.00 [ID 5686487] | 2026-09-02: $25.00 [ID 5820969],5686487|5820969,
record:6ba74c1a0f27b28987c58e5c,Sarah Schrott,provisional_record_group,Individual,24897,Kellie Torres,3,1,1,35000,0,35000,2026-08-30,2026-08-30,0,0,1,35000,2026-08-30: $350.00 [ID 5795578],5795578,
record:6bb9ee7f58a1f01c9480bc5f,Joshua Hinerfeld,provisional_record_group,Individual,23199,Olivia Clark,4,1,1,25000,0,25000,2026-03-30,2026-03-30,0,0,1,25000,2026-03-30: $250.00 [ID 5633067],5633067,
record:6bce10cdc2bdb5af8a6fbf20,Ross Lienhart,provisional_record_group,Individual,15109,Steve Novick,3,1,1,35000,0,35000,2026-08-27,2026-08-27,0,0,1,35000,2026-08-27: $350.00 [ID 5793335],5793335,
record:6c99183b73da3e2cab8f7d4b,Sue Marshall,provisional_record_group,Individual,25103,Jayne Cronlund,4,1,1,87500,0,87500,2026-07-18,2026-07-18,0,0,1,87500,2026-07-18: $875.00 [ID 5759015],5759015,
record:6c9fec5e0398bbb41c8b0f73,Clyde Holland,provisional_record_group,Individual,15109,Steve Novick,3,1,1,35000,0,35000,2026-06-05,2026-06-05,0,0,1,35000,2026-06-05: $350.00 [ID 5685097],5685097,
record:6cc4f0c9cca003890bfb7569,Randolph Miller,provisional_record_group,Individual,17629,Eric Zimmerman,4,1,1,25000,0,25000,2026-06-04,2026-06-04,0,0,1,25000,2026-06-04: $250.00 [ID 5704564],5704564,
record:6cc4f0c9cca003890bfb7569,Randolph Miller,provisional_record_group,Individual,24897,Kellie Torres,3,1,1,25000,0,25000,2026-08-30,2026-08-30,0,0,1,25000,2026-08-30: $250.00 [ID 5795605],5795605,
record:6ccd89c3300b963eff92b540,Merri Wyatt,provisional_record_group,Individual,15109,Steve Novick,3,1,1,35000,0,35000,2026-05-22,2026-05-22,0,0,1,35000,2026-05-22: $350.00 [ID 5685041],5685041,
record:6ce71306b9e85564dcec3dd9,Marta Poore,provisional_record_group,Individual,23295,Eli Arnold,4,1,1,10000,0,10000,2026-08-22,2026-08-22,0,0,1,10000,2026-08-22: $100.00 [ID 5786137],5786137,
record:6cfe4e712eb6df3d6133d534,Keith Voigt,provisional_record_group,Individual,23295,Eli Arnold,4,1,1,5000,0,5000,2026-07-22,2026-07-22,0,0,1,5000,2026-07-22: $50.00 [ID 5747147],5747147,
record:6dd260680720dc8338548e9f,Rion Bourgeois,provisional_record_group,Individual,15109,Steve Novick,3,1,1,2500,0,2500,2026-08-04,2026-08-04,0,0,1,2500,2026-08-04: $25.00 [ID 5760180],5760180,
record:6e27e0f2cd2069a8dc01fbb3,Scott Goodman,provisional_record_group,Individual,23295,Eli Arnold,4,1,1,35000,0,35000,2025-11-14,2025-11-14,1,35000,0,0,2025-11-14: $350.00 [ID 5459891],5459891,
record:6ec11279b11a875aab7d90de,Michael Powell,provisional_record_group,Individual,24897,Kellie Torres,3,1,1,25000,0,25000,2026-09-13,2026-09-13,0,0,1,25000,2026-09-13: $250.00 [ID 5810899],5810899,
record:6eeba1dbf222a4e374386084,Rosemary Southwood,provisional_record_group,Individual,23295,Eli Arnold,4,1,1,35000,0,35000,2025-11-14,2025-11-14,1,35000,0,0,2025-11-14: $350.00 [ID 5459859],5459859,
record:6f23eec3b065682b32982ba8,Deidre Tokiwa,provisional_record_group,Individual,23028,Angelita Morillo,3,3,3,19000,0,19000,2026-07-26,2026-09-20,0,0,3,19000,2026-07-26: $40.00 [ID 5738338] | 2026-08-10: $100.00 [ID 5767829] | 2026-09-20: $50.00 [ID 5818586],5738338|5767829|5818586,
record:6f23eec3b065682b32982ba8,Deidre Tokiwa,provisional_record_group,Individual,23208,Tiffany Koyama Lane,3,1,1,10000,0,10000,2026-08-25,2026-08-25,0,0,1,10000,2026-08-25: $100.00 [ID 5785434],5785434,
record:6f3093c0d8e1d437be71d00b,Raymond Davis,provisional_record_group,Individual,23295,Eli Arnold,4,1,1,35000,2500,32500,2026-08-04,2026-08-04,0,0,1,35000,2026-08-04: $350.00 [ID 5786050],5786050,5786233
record:7031a9e69fd7a63d649f3546,Michael Edera,provisional_record_group,Individual,23208,Tiffany Koyama Lane,3,4,3,18500,0,18500,2026-06-22,2026-08-25,0,0,4,18500,2026-06-22: $50.00 [ID 5702475] | 2026-06-25: $10.00 [ID 5702527] | 2026-08-25: $50.00 [ID 5785388] | 2026-08-25: $75.00 [ID 5785415],5702475|5702527|5785388|5785415,
record:7031a9e69fd7a63d649f3546,Michael Edera,provisional_record_group,Individual,23365,Mitch Green,4,4,4,36000,10000,26000,2026-06-22,2026-09-20,0,0,4,36000,2026-06-22: $50.00 [ID 5702489] | 2026-06-25: $10.00 [ID 5702584] | 2026-07-24: $200.00 [ID 5738126] | 2026-09-20: $100.00 [ID 5821890],5702489|5702584|5738126|5821890,5821897
record:70413d9dcd9c43426b48430b,Megan Beck,provisional_record_group,Individual,23028,Angelita Morillo,3,1,1,35000,0,35000,2026-07-29,2026-07-29,0,0,1,35000,2026-07-29: $350.00 [ID 5746639],5746639,
record:70413d9dcd9c43426b48430b,Megan Beck,provisional_record_group,Individual,23208,Tiffany Koyama Lane,3,1,1,35000,0,35000,2026-07-29,2026-07-29,0,0,1,35000,2026-07-29: $350.00 [ID 5746715],5746715,
record:70413d9dcd9c43426b48430b,Megan Beck,provisional_record_group,Individual,23365,Mitch Green,4,1,1,35000,0,35000,2026-07-29,2026-07-29,0,0,1,35000,2026-07-29: $350.00 [ID 5745234],5745234,
record:70a4a5f1fb94ca76f52db588,Jennifer Yocom,provisional_record_group,Individual,17629,Eric Zimmerman,4,1,1,20000,0,20000,2026-02-05,2026-02-05,0,0,1,20000,2026-02-05: $200.00 [ID 5562813],5562813,
record:70a4a5f1fb94ca76f52db588,Jennifer Yocom,provisional_record_group,Individual,24897,Kellie Torres,3,1,1,10000,0,10000,2026-05-12,2026-05-12,0,0,1,10000,2026-05-12: $100.00 [ID 5661427],5661427,
record:70c9cd3cb8779c32c0d77ddb,James Mclaughlin,provisional_record_group,Individual,23295,Eli Arnold,4,1,1,5000,0,5000,2026-08-01,2026-08-01,0,0,1,5000,2026-08-01: $50.00 [ID 5786029],5786029,
record:71897c717a070a305325fd03,Norm Frink,provisional_record_group,Individual,23295,Eli Arnold,4,3,3,45000,10000,35000,2026-03-10,2026-06-16,0,0,3,45000,2026-03-10: $250.00 [ID 5573077] | 2026-05-28: $100.00 [ID 5674969] | 2026-06-16: $100.00 [ID 5704042],5573077|5674969|5704042,5704328
record:7255ea495aeb35660861873a,Charlene Zidell,provisional_record_group,Individual,17629,Eric Zimmerman,4,1,1,35000,0,35000,2026-03-20,2026-03-20,0,0,1,35000,2026-03-20: $350.00 [ID 5598547],5598547,
record:72704e2b2b3aa8bac45b8340,Bob Palmer,provisional_record_group,Individual,17629,Eric Zimmerman,4,1,1,25000,0,25000,2026-02-19,2026-02-19,0,0,1,25000,2026-02-19: $250.00 [ID 5562822],5562822,
record:72704e2b2b3aa8bac45b8340,Bob Palmer,provisional_record_group,Individual,23199,Olivia Clark,4,1,1,25000,0,25000,2026-02-19,2026-02-19,0,0,1,25000,2026-02-19: $250.00 [ID 5586577],5586577,
record:72704e2b2b3aa8bac45b8340,Bob Palmer,provisional_record_group,Individual,23295,Eli Arnold,4,1,1,25000,0,25000,2025-11-18,2025-11-18,1,25000,0,0,2025-11-18: $250.00 [ID 5459908],5459908,
record:72856ce901ec505ebe277a93,Mark Alleman,provisional_record_group,Individual,24972,Joel Corcoran,3,1,1,35000,0,35000,2026-07-19,2026-07-19,0,0,1,35000,2026-07-19: $350.00 [ID 5733618],5733618,
record:72c4ecd886326cab3f03499e,Alexa Vasconcelos,provisional_record_group,Individual,24897,Kellie Torres,3,1,1,35000,0,35000,2026-08-30,2026-08-30,0,0,1,35000,2026-08-30: $350.00 [ID 5831603],5831603,
record:72f6491acbce8c3223c96913,Steve Marsden,provisional_record_group,Individual,15109,Steve Novick,3,1,1,35000,0,35000,2026-02-06,2026-02-06,0,0,1,35000,2026-02-06: $350.00 [ID 5534849],5534849,
record:730bc0abf000999e9b192f9a,Emerson Levy,provisional_record_group,Individual,17629,Eric Zimmerman,4,1,1,25000,0,25000,2026-09-13,2026-09-13,0,0,1,25000,2026-09-13: $250.00 [ID 5813945],5813945,
record:733b9815d9fd7e14a8626357,Daniel Gardner,provisional_record_group,Individual,23208,Tiffany Koyama Lane,3,2,1,70000,35000,35000,2026-05-30,2026-05-30,0,0,2,70000,2026-05-30: $350.00 [ID 5679233] | 2026-05-30: $350.00 [ID 5679249],5679233|5679249,5679261
record:73518f4f9131927d7cf3dc0e,Marc Parks,provisional_record_group,Individual,15109,Steve Novick,3,1,1,10000,0,10000,2026-09-22,2026-09-22,0,0,1,10000,2026-09-22: $100.00 [ID 5830449],5830449,
record:73768259ec4859f4946f41ff,Cheryl Bradley,provisional_record_group,Individual,24897,Kellie Torres,3,1,1,35000,0,35000,2026-08-09,2026-08-09,0,0,1,35000,2026-08-09: $350.00 [ID 5760836],5760836,
record:74457212ae25adf7e1987564,Christine Barbour,provisional_record_group,Individual,23199,Olivia Clark,4,1,1,35000,0,35000,2026-02-15,2026-02-15,0,0,1,35000,2026-02-15: $350.00 [ID 5541181],5541181,
record:74558ffd1ed3e78d1cf39127,Daniel Brase,provisional_record_group,Individual,24661,Tom Sollitt,3,1,1,10000,0,10000,2026-07-20,2026-07-20,0,0,1,10000,2026-07-20: $100.00 [ID 5732058],5732058,
record:7475604e953b9eee06158670,Northwest Oregon Labor Council,provisional_record_group,Labor Organization,17629,Eric Zimmerman,4,1,1,50000,0,50000,2025-07-07,2025-07-07,1,50000,0,0,2025-07-07: $500.00 [ID 5337535],5337535,
record:7475b3628d78c841d740281f,Mary Matthews,provisional_record_group,Individual,23028,Angelita Morillo,3,4,4,60000,0,60000,2025-12-14,2026-04-26,1,35000,3,25000,2025-12-14: $350.00 [ID 5488130] | 2026-01-18: $200.00 [ID 5524909] | 2026-03-29: $25.00 [ID 5618824] | 2026-04-26: $25.00 [ID 5639315],5488130|5524909|5618824|5639315,
record:748c2b2f63f88bb184e33379,Joseph Angel,provisional_record_group,Individual,17629,Eric Zimmerman,4,1,1,35000,0,35000,2026-08-21,2026-08-21,0,0,1,35000,2026-08-21: $350.00 [ID 5778137],5778137,
record:749101f820b196aa258af62f,Todd Gooding,provisional_record_group,Individual,24897,Kellie Torres,3,1,1,35000,0,35000,2026-08-09,2026-08-09,0,0,1,35000,2026-08-09: $350.00 [ID 5812169],5812169,
record:7493b1a6adba0c14f02163d7,Marilyn Couch,provisional_record_group,Individual,15109,Steve Novick,3,1,1,10000,0,10000,2026-06-23,2026-06-23,0,0,1,10000,2026-06-23: $100.00 [ID 5717573],5717573,
record:7496154ff70b69d9b9a644bc,Sean Rice,provisional_record_group,Individual,23365,Mitch Green,4,1,1,20000,0,20000,2026-09-17,2026-09-17,0,0,1,20000,2026-09-17: $200.00 [ID 5818262],5818262,
record:74c9727d85eaac61ce40a4bf,Misha Isaak,provisional_record_group,Individual,15109,Steve Novick,3,1,1,35000,0,35000,2026-05-31,2026-05-31,0,0,1,35000,2026-05-31: $350.00 [ID 5685063],5685063,
record:74dbc3df16cff520aa97a8d0,Hannah Camfield-Bronstein,provisional_record_group,Individual,23028,Angelita Morillo,3,1,1,20000,0,20000,2026-06-25,2026-06-25,0,0,1,20000,2026-06-25: $200.00 [ID 5702849],5702849,
record:74e03ceb4c233647df39deec,Brian Smith,provisional_record_group,Individual,23295,Eli Arnold,4,3,2,6000,0,6000,2026-04-16,2026-09-21,0,0,3,6000,2026-04-16: $25.00 [ID 5634477] | 2026-04-16: $25.00 [ID 5634478] | 2026-09-21: $10.00 [ID 5820890],5634477|5634478|5820890,
record:752615aae16fb1a08b0aab67,Wade Hilts,provisional_record_group,Individual,23365,Mitch Green,4,1,1,20000,0,20000,2026-03-08,2026-03-08,0,0,1,20000,2026-03-08: $200.00 [ID 5564823],5564823,
record:7546867f7e01d87ac3d9386c,Patrick O'Herron,provisional_record_group,Individual,23028,Angelita Morillo,3,1,1,35000,0,35000,2026-06-24,2026-06-24,0,0,1,35000,2026-06-24: $350.00 [ID 5699067],5699067,
record:7546867f7e01d87ac3d9386c,Patrick O'Herron,provisional_record_group,Individual,23208,Tiffany Koyama Lane,3,1,1,35000,0,35000,2026-06-24,2026-06-24,0,0,1,35000,2026-06-24: $350.00 [ID 5702491],5702491,
record:7546867f7e01d87ac3d9386c,Patrick O'Herron,provisional_record_group,Individual,23365,Mitch Green,4,1,1,35000,0,35000,2026-06-24,2026-06-24,0,0,1,35000,2026-06-24: $350.00 [ID 5702530],5702530,
record:755c8a7033924d1399a26f13,Lydia Hanson,provisional_record_group,Individual,23208,Tiffany Koyama Lane,3,3,3,6000,0,6000,2026-07-12,2026-09-12,0,0,3,6000,2026-07-12: $20.00 [ID 5721487] | 2026-08-12: $20.00 [ID 5767775] | 2026-09-12: $20.00 [ID 5807985],5721487|5767775|5807985,
record:756f39c99c79751e8c36c6e0,Stephen Kafoury,provisional_record_group,Individual,15109,Steve Novick,3,1,1,10000,0,10000,2026-06-23,2026-06-23,0,0,1,10000,2026-06-23: $100.00 [ID 5717572],5717572,
record:76b1ac3897489db1ae427509,Brett Murphy,provisional_record_group,Individual,17629,Eric Zimmerman,4,1,1,35000,0,35000,2026-08-27,2026-08-27,0,0,1,35000,2026-08-27: $350.00 [ID 5813817],5813817,
record:76b1ac3897489db1ae427509,Brett Murphy,provisional_record_group,Individual,24897,Kellie Torres,3,1,1,35000,0,35000,2026-08-02,2026-08-02,0,0,1,35000,2026-08-02: $350.00 [ID 5780397],5780397,
record:76b63e50717101fbada0209d,Valdez Bravo,provisional_record_group,Individual,23208,Tiffany Koyama Lane,3,1,1,4000,0,4000,2026-07-30,2026-07-30,0,0,1,4000,2026-07-30: $40.00 [ID 5746740],5746740,
record:772152b68cdea0461bc99bec,Carolyn Tomei,provisional_record_group,Individual,23199,Olivia Clark,4,1,1,35000,35000,0,2025-09-02,2025-09-02,1,35000,0,0,2025-09-02: $350.00 [ID 5375113],5375113,5397274
record:77248974cf21d018873e2aac,Isabella Wild,provisional_record_group,Individual,17629,Eric Zimmerman,4,1,1,35000,0,35000,2026-09-23,2026-09-23,0,0,1,35000,2026-09-23: $350.00 [ID 5828949],5828949,
record:77ac609afb0984072f062bbe,Jonathan Brown,provisional_record_group,Individual,23365,Mitch Green,4,1,1,35000,5000,30000,2026-07-26,2026-07-26,0,0,1,35000,2026-07-26: $350.00 [ID 5738175],5738175,5738793
record:77b7f722c5646d07cde00d1f,Tamara Banker,provisional_record_group,Individual,25103,Jayne Cronlund,4,1,1,50000,0,50000,2026-07-16,2026-07-16,0,0,1,50000,2026-07-16: $500.00 [ID 5758998],5758998,
record:77cd3359f31c92f313b43fb3,Glen Ulmer,provisional_record_group,Individual,17629,Eric Zimmerman,4,1,1,25000,0,25000,2026-09-11,2026-09-11,0,0,1,25000,2026-09-11: $250.00 [ID 5813922],5813922,
record:782a34183528d509a7df7312,Andres Oswill,provisional_record_group,Individual,23028,Angelita Morillo,3,1,1,15000,0,15000,2025-11-30,2025-11-30,1,15000,0,0,2025-11-30: $150.00 [ID 5462456],5462456,
record:782a34183528d509a7df7312,Andres Oswill,provisional_record_group,Individual,23208,Tiffany Koyama Lane,3,2,2,20000,0,20000,2025-09-22,2026-08-04,1,15000,1,5000,2025-09-22: $150.00 [ID 5386923] | 2026-08-04: $50.00 [ID 5755029],5386923|5755029,
record:782a34183528d509a7df7312,Andres Oswill,provisional_record_group,Individual,23365,Mitch Green,4,1,1,15000,0,15000,2025-11-26,2025-11-26,1,15000,0,0,2025-11-26: $150.00 [ID 5447162],5447162,
record:786b090b5d95152823f462be,Kathleen Shriver,provisional_record_group,Individual,15109,Steve Novick,3,2,2,35000,0,35000,2026-07-06,2026-09-08,0,0,2,35000,2026-07-06: $250.00 [ID 5717622] | 2026-09-08: $100.00 [ID 5830259],5717622|5830259,
record:78ac5aac4823add2a8c07f42,Bodo Heiliger,provisional_record_group,Individual,23199,Olivia Clark,4,1,1,25000,0,25000,2025-11-15,2025-11-15,1,25000,0,0,2025-11-15: $250.00 [ID 5444469],5444469,
record:78b194cc6411f4f9957eeaa2,David Garrett,provisional_record_group,Individual,23295,Eli Arnold,4,1,1,35000,0,35000,2026-09-22,2026-09-22,0,0,1,35000,2026-09-22: $350.00 [ID 5821236],5821236,
record:78c1d94789fa63de41df9b54,Chris Dearth,provisional_record_group,Individual,15109,Steve Novick,3,2,2,20000,0,20000,2026-04-14,2026-08-02,0,0,2,20000,2026-04-14: $100.00 [ID 5657754] | 2026-08-02: $100.00 [ID 5760149],5657754|5760149,
record:790d418d5b78fdb74442636a,Adrian Snead,provisional_record_group,Individual,24972,Joel Corcoran,3,1,1,15000,0,15000,2026-05-31,2026-05-31,0,0,1,15000,2026-05-31: $150.00 [ID 5681962],5681962,
record:790f2195e9a7d15aa9b771ee,Daniel Yates,provisional_record_group,Individual,15109,Steve Novick,3,1,1,35000,0,35000,2026-08-05,2026-08-05,0,0,1,35000,2026-08-05: $350.00 [ID 5760202],5760202,
record:796062d1b73df1a469470432,Jim Morse,provisional_record_group,Individual,15109,Steve Novick,3,1,1,35000,0,35000,2026-06-04,2026-06-04,0,0,1,35000,2026-06-04: $350.00 [ID 5685080],5685080,
record:79892d926bc9e7dfecc023ab,Kevin Faris,provisional_record_group,Individual,23295,Eli Arnold,4,1,1,12500,0,12500,2026-08-09,2026-08-09,0,0,1,12500,2026-08-09: $125.00 [ID 5786075],5786075,
record:79a7a5bdf10c02644e8b7795,Amanda Fritz,provisional_record_group,Individual,15109,Steve Novick,3,1,1,10000,0,10000,2026-07-29,2026-07-29,0,0,1,10000,2026-07-29: $100.00 [ID 5760128],5760128,
record:79a7a5bdf10c02644e8b7795,Amanda Fritz,provisional_record_group,Individual,25103,Jayne Cronlund,4,1,1,25000,0,25000,2026-09-09,2026-09-09,0,0,1,25000,2026-09-09: $250.00 [ID 5802193],5802193,
record:79aea0e9d76f216348864529,Ben Harris,provisional_record_group,Individual,23199,Olivia Clark,4,1,1,35000,0,35000,2026-02-10,2026-02-10,0,0,1,35000,2026-02-10: $350.00 [ID 5541165],5541165,
record:79c1e876d0ea874449ffac7e,Preston Frazier,provisional_record_group,Individual,23411,Jeremy Beausoleil Smith,4,3,3,7500,0,7500,2026-07-18,2026-09-18,0,0,3,7500,2026-07-18: $25.00 [ID 5729337] | 2026-08-18: $25.00 [ID 5774480] | 2026-09-18: $25.00 [ID 5817708],5729337|5774480|5817708,
record:79c5749e917afd7c36ccddd4,Noah Siegel,provisional_record_group,Individual,24897,Kellie Torres,3,1,1,5000,0,5000,2026-09-06,2026-09-06,0,0,1,5000,2026-09-06: $50.00 [ID 5799845],5799845,
record:7aa1bd68c28152fab9c189d8,Suzanne Rinehart Bishop,provisional_record_group,Individual,24897,Kellie Torres,3,1,1,25000,0,25000,2026-03-31,2026-03-31,0,0,1,25000,2026-03-31: $250.00 [ID 5621679],5621679,
record:7ab4d12e97682cfff456334b,"Robert Warren,",provisional_record_group,Individual,24897,Kellie Torres,3,1,1,35000,0,35000,2026-08-16,2026-08-16,0,0,1,35000,2026-08-16: $350.00 [ID 5768606],5768606,
record:7b41f3933012fee60a5e328f,Alicia Emel,provisional_record_group,Individual,24897,Kellie Torres,3,1,1,2500,0,2500,2026-08-23,2026-08-23,0,0,1,2500,2026-08-23: $25.00 [ID 5775029],5775029,
record:7b41f3933012fee60a5e328f,Alicia Emel,provisional_record_group,Individual,24966,Matthias Hallett,3,1,1,5240,0,5240,2026-09-17,2026-09-17,0,0,1,5240,2026-09-17: $52.40 [ID 5819798],5819798,
record:7b4585278e29b414d47b1180,Laurel Shonerd,provisional_record_group,Individual,23365,Mitch Green,4,1,1,35000,0,35000,2026-06-26,2026-06-26,0,0,1,35000,2026-06-26: $350.00 [ID 5702603],5702603,
record:7b5166203b323cc27714c26e,Mary (Mitzi) Scott,provisional_record_group,Individual,15109,Steve Novick,3,1,1,35000,0,35000,2026-09-11,2026-09-11,0,0,1,35000,2026-09-11: $350.00 [ID 5830294],5830294,
record:7b54529752798b5867d413aa,Marnie Glickman,provisional_record_group,Individual,23028,Angelita Morillo,3,3,3,105000,0,105000,2025-12-31,2026-04-29,1,35000,2,70000,2025-12-31: $350.00 [ID 5491305] | 2026-03-31: $350.00 [ID 5618872] | 2026-04-29: $350.00 [ID 5647366],5491305|5618872|5647366,
record:7b832d92ce2f777f15729319,Elena Korngold,provisional_record_group,Individual,17629,Eric Zimmerman,4,1,1,10000,0,10000,2026-08-29,2026-08-29,0,0,1,10000,2026-08-29: $100.00 [ID 5813839],5813839,
record:7c2934ee33ab58fcfcbe682e,Todd Bauman,provisional_record_group,Individual,23199,Olivia Clark,4,1,1,35000,0,35000,2026-03-26,2026-03-26,0,0,1,35000,2026-03-26: $350.00 [ID 5633047],5633047,
record:7ccb41f9848451872c5e5f3b,Michael Miller,provisional_record_group,Individual,25103,Jayne Cronlund,4,3,3,37500,0,37500,2026-07-16,2026-09-16,0,0,3,37500,2026-07-16: $250.00 [ID 5758999] | 2026-07-28: $25.00 [ID 5759287] | 2026-09-16: $100.00 [ID 5831796],5758999|5759287|5831796,
record:7cd0e9ab1d07a1cfa9c17b75,Travis Johnson,provisional_record_group,Individual,23365,Mitch Green,4,1,1,35000,0,35000,2026-07-24,2026-07-24,0,0,1,35000,2026-07-24: $350.00 [ID 5738134],5738134,
record:7d0af74277af1aa10b1e75ca,Jill Zidell,provisional_record_group,Individual,24897,Kellie Torres,3,1,1,35000,0,35000,2026-08-09,2026-08-09,0,0,1,35000,2026-08-09: $350.00 [ID 5760889],5760889,
record:7d2486336e074c617d02a03a,Jean Maurer,provisional_record_group,Individual,15109,Steve Novick,3,1,1,35000,0,35000,2026-05-30,2026-05-30,0,0,1,35000,2026-05-30: $350.00 [ID 5685062],5685062,
record:7d54aba0affd8214ad6298c9,Tim Sheils,provisional_record_group,Individual,15109,Steve Novick,3,1,1,10000,0,10000,2026-09-16,2026-09-16,0,0,1,10000,2026-09-16: $100.00 [ID 5830348],5830348,
record:7d8464b01ecac26d1268f2ea,Adam Davis,provisional_record_group,Individual,15109,Steve Novick,3,1,1,25000,0,25000,2026-09-07,2026-09-07,0,0,1,25000,2026-09-07: $250.00 [ID 5830257],5830257,
record:7d8ae718d5704566c113e5af,Bob Weinstein,provisional_record_group,Individual,15109,Steve Novick,3,1,1,7500,0,7500,2026-09-22,2026-09-22,0,0,1,7500,2026-09-22: $75.00 [ID 5830443],5830443,
record:7e0148418020c0f1bba5b9e3,James Such,provisional_record_group,Individual,23365,Mitch Green,4,2,2,30000,10000,20000,2025-12-31,2026-06-23,1,10000,1,20000,2025-12-31: $100.00 [ID 5488225] | 2026-06-23: $200.00 [ID 5702511],5488225|5702511,5702557
record:7e6eadf8468ca2de2ec11c45,Jen Schuberth,provisional_record_group,Individual,15109,Steve Novick,3,2,1,52500,0,52500,2026-02-07,2026-02-07,0,0,2,52500,2026-02-07: $100.00 [ID 5534851] | 2026-02-07: $425.00 [ID 5534852],5534851|5534852,
record:7e8b2221c988d234c0f4c841,David Dickson,provisional_record_group,Individual,17629,Eric Zimmerman,4,1,1,5000,0,5000,2026-08-21,2026-08-21,0,0,1,5000,2026-08-21: $50.00 [ID 5778151],5778151,
record:7e953774f67950277cfeae6d,Matt Chapman,provisional_record_group,Individual,24897,Kellie Torres,3,1,1,35000,0,35000,2026-09-13,2026-09-13,0,0,1,35000,2026-09-13: $350.00 [ID 5810934],5810934,
record:7eac574868fcf8db5084b0d3,Luke Marshall,provisional_record_group,Individual,17629,Eric Zimmerman,4,1,1,25000,0,25000,2026-09-24,2026-09-24,0,0,1,25000,2026-09-24: $250.00 [ID 5828951],5828951,
record:7f86384064d4006c758c18df,Rebecca Green,provisional_record_group,Individual,24966,Matthias Hallett,3,2,2,15570,0,15570,2026-07-15,2026-08-12,0,0,2,15570,2026-07-15: $103.30 [ID 5755779] | 2026-08-12: $52.40 [ID 5771202],5755779|5771202,
record:7fa984ec5c90e89e7de40ae2,Barbara Warner,provisional_record_group,Individual,15109,Steve Novick,3,1,1,35000,0,35000,2026-06-22,2026-06-22,0,0,1,35000,2026-06-22: $350.00 [ID 5717585],5717585,
record:7ff993dc1cc4ea3ad4caa061,Helena Birecki,provisional_record_group,Individual,23365,Mitch Green,4,2,2,32500,0,32500,2026-04-11,2026-07-25,0,0,2,32500,2026-04-11: $300.00 [ID 5619234] | 2026-07-25: $25.00 [ID 5738150],5619234|5738150,
record:7ff993dc1cc4ea3ad4caa061,Helena Birecki,provisional_record_group,Individual,25040,Jamey Evenstar,4,1,1,30000,0,30000,2026-07-17,2026-07-17,0,0,1,30000,2026-07-17: $300.00 [ID 5729031],5729031,
record:803959035598fc5b1f4edf6c,Barbara Ford,provisional_record_group,Individual,23365,Mitch Green,4,1,1,20000,0,20000,2026-04-07,2026-04-07,0,0,1,20000,2026-04-07: $200.00 [ID 5619187],5619187,
record:807df8bea660718fe38228bb,Blaise Scollard,provisional_record_group,Individual,15109,Steve Novick,3,1,1,35000,0,35000,2026-08-14,2026-08-14,0,0,1,35000,2026-08-14: $350.00 [ID 5793215],5793215,
record:808a070383b44611b6e5b595,Ann Usher,provisional_record_group,Individual,17629,Eric Zimmerman,4,1,1,35000,0,35000,2026-09-15,2026-09-15,0,0,1,35000,2026-09-15: $350.00 [ID 5813980],5813980,
record:81b0de721a7ef24862b7126c,Carole Bryan,provisional_record_group,Individual,23365,Mitch Green,4,1,1,15000,0,15000,2026-02-13,2026-02-13,0,0,1,15000,2026-02-13: $150.00 [ID 5538348],5538348,
record:81c65d35fbaf521da4d0d3e2,Robert Warren,provisional_record_group,Individual,17629,Eric Zimmerman,4,1,1,35000,0,35000,2026-08-21,2026-08-21,0,0,1,35000,2026-08-21: $350.00 [ID 5778136],5778136,
record:8209b015ee6e65544504c6a7,John Bates,provisional_record_group,Individual,23365,Mitch Green,4,1,1,10000,0,10000,2026-09-21,2026-09-21,0,0,1,10000,2026-09-21: $100.00 [ID 5821894],5821894,
record:8228b86f7896a58dd80000e4,John Gillette,provisional_record_group,Individual,23295,Eli Arnold,4,1,1,2500,0,2500,2026-09-02,2026-09-02,0,0,1,2500,2026-09-02: $25.00 [ID 5820894],5820894,
record:8239f03ac8ff15eca36e2883,Jessie Maran,provisional_record_group,Individual,24661,Tom Sollitt,3,1,1,20000,0,20000,2026-07-15,2026-07-15,0,0,1,20000,2026-07-15: $200.00 [ID 5727362],5727362,
record:82448e8921022917307b5caa,Tom Murphy,provisional_record_group,Individual,23295,Eli Arnold,4,1,1,35000,0,35000,2026-07-27,2026-07-27,0,0,1,35000,2026-07-27: $350.00 [ID 5747169],5747169,
record:824f346f75d6f93310687e08,Ken Nitta,provisional_record_group,Individual,23208,Tiffany Koyama Lane,3,1,1,25000,0,25000,2025-11-17,2025-11-17,1,25000,0,0,2025-11-17: $250.00 [ID 5442651],5442651,
record:826180ff337845729a2a5cc0,Brian Denning,provisional_record_group,Individual,23208,Tiffany Koyama Lane,3,2,2,2000,0,2000,2026-05-28,2026-08-28,0,0,2,2000,2026-05-28: $10.00 [ID 5679198] | 2026-08-28: $10.00 [ID 5785496],5679198|5785496,
record:8268458199f229d22bd2b96a,Peter Bishop,provisional_record_group,Individual,17629,Eric Zimmerman,4,1,1,25000,0,25000,2026-09-22,2026-09-22,0,0,1,25000,2026-09-22: $250.00 [ID 5828918],5828918,
record:8278201c55f5a3e38d3b3d2a,Emily Castle,provisional_record_group,Individual,23028,Angelita Morillo,3,4,4,7100,0,7100,2026-06-29,2026-09-05,0,0,4,7100,2026-06-29: $50.00 [ID 5709177] | 2026-07-05: $7.00 [ID 5712380] | 2026-08-05: $7.00 [ID 5755079] | 2026-09-05: $7.00 [ID 5796040],5709177|5712380|5755079|5796040,
record:82aac6108747af6d732232cd,Andrew Bessmer,provisional_record_group,Individual,23365,Mitch Green,4,1,1,35000,0,35000,2025-01-06,2025-01-06,1,35000,0,0,2025-01-06: $350.00 [ID 5198908],5198908,
record:82d6d0948d1b662e851189cc,Yuuki Sakai,provisional_record_group,Individual,23208,Tiffany Koyama Lane,3,4,4,20000,0,20000,2026-05-30,2026-08-30,0,0,4,20000,2026-05-30: $50.00 [ID 5679243] | 2026-06-30: $50.00 [ID 5709360] | 2026-07-30: $50.00 [ID 5748748] | 2026-08-30: $50.00 [ID 5785520],5679243|5709360|5748748|5785520,
record:82fbc727d966a6928cb85294,Mary Emerson,provisional_record_group,Individual,23208,Tiffany Koyama Lane,3,2,2,32500,0,32500,2026-04-08,2026-07-28,0,0,2,32500,2026-04-08: $200.00 [ID 5619292] | 2026-07-28: $125.00 [ID 5746699],5619292|5746699,
record:82fbc727d966a6928cb85294,Mary Emerson,provisional_record_group,Individual,23365,Mitch Green,4,1,1,20000,0,20000,2026-04-08,2026-04-08,0,0,1,20000,2026-04-08: $200.00 [ID 5619197],5619197,
record:83483f04b16f3a409320f8d2,Daniel Pope,provisional_record_group,Individual,15109,Steve Novick,3,1,1,10000,0,10000,2026-09-15,2026-09-15,0,0,1,10000,2026-09-15: $100.00 [ID 5830328],5830328,
record:836dbd9d11979b0900e54075,Lee Holzman,provisional_record_group,Individual,23295,Eli Arnold,4,1,1,35000,0,35000,2025-11-14,2025-11-14,1,35000,0,0,2025-11-14: $350.00 [ID 5459888],5459888,
record:837dd8b358f565791bca31f5,Ron Sauer,provisional_record_group,Individual,15109,Steve Novick,3,1,1,35000,0,35000,2026-06-04,2026-06-04,0,0,1,35000,2026-06-04: $350.00 [ID 5685081],5685081,
record:83a0ea2d2f258c08f0955273,Marisa Trujillo DeMull,provisional_record_group,Individual,25040,Jamey Evenstar,4,1,1,500,0,500,2026-07-16,2026-07-16,0,0,1,500,2026-07-16: $5.00 [ID 5729034],5729034,
record:83ea2b04530ef6ed23b67e87,Annie Naranjo Rivera,provisional_record_group,Individual,23208,Tiffany Koyama Lane,3,1,1,24900,0,24900,2026-08-18,2026-08-18,0,0,1,24900,2026-08-18: $249.00 [ID 5774308],5774308,
record:845bba4583988240b497d630,Chad Lykins,provisional_record_group,Individual,23365,Mitch Green,4,1,1,35000,0,35000,2025-10-25,2025-10-25,1,35000,0,0,2025-10-25: $350.00 [ID 5416248],5416248,
record:84672ab1fa678755008bf3b3,Taylor Goodman,provisional_record_group,Individual,17629,Eric Zimmerman,4,1,1,35000,0,35000,2026-09-09,2026-09-09,0,0,1,35000,2026-09-09: $350.00 [ID 5813891],5813891,
record:847876ed817af14d61f2056c,Zachary Sielicky,provisional_record_group,Individual,17629,Eric Zimmerman,4,1,1,15000,0,15000,2026-05-07,2026-05-07,0,0,1,15000,2026-05-07: $150.00 [ID 5679848],5679848,
record:84958187b7c8cf0a786391bd,Jubitz Corporation,provisional_record_group,Business Entity,24897,Kellie Torres,3,1,1,50000,0,50000,2026-05-09,2026-05-09,0,0,1,50000,2026-05-09: $500.00 [ID 5661316],5661316,
record:84cdd7b948702eeba21c5732,David Squire,provisional_record_group,Individual,24897,Kellie Torres,3,1,1,35000,0,35000,2026-08-09,2026-08-09,0,0,1,35000,2026-08-09: $350.00 [ID 5812168],5812168,
record:84e36db8344e4aae9a086543,Nancy Frisch,provisional_record_group,Individual,15109,Steve Novick,3,1,1,35000,0,35000,2026-06-05,2026-06-05,0,0,1,35000,2026-06-05: $350.00 [ID 5685096],5685096,
record:84e4135f9b6c59243f036673,Chris Smith,provisional_record_group,Individual,23208,Tiffany Koyama Lane,3,1,1,35000,0,35000,2026-04-07,2026-04-07,0,0,1,35000,2026-04-07: $350.00 [ID 5619287],5619287,
record:84e4135f9b6c59243f036673,Chris Smith,provisional_record_group,Individual,23365,Mitch Green,4,1,1,35000,2500,32500,2026-03-18,2026-03-18,0,0,1,35000,2026-03-18: $350.00 [ID 5585523],5585523,5585556
record:851eedd8ad7ccefaff500568,Robin McArthur,provisional_record_group,Individual,23199,Olivia Clark,4,1,1,35000,0,35000,2025-10-27,2025-10-27,1,35000,0,0,2025-10-27: $350.00 [ID 5426283],5426283,
record:857012c5d05d79319f5d7dfd,Michelle Giguere,provisional_record_group,Individual,15109,Steve Novick,3,1,1,35000,0,35000,2026-07-16,2026-07-16,0,0,1,35000,2026-07-16: $350.00 [ID 5732294],5732294,
record:857012c5d05d79319f5d7dfd,Michelle Giguere,provisional_record_group,Individual,23199,Olivia Clark,4,1,1,25000,0,25000,2025-10-15,2025-10-15,1,25000,0,0,2025-10-15: $250.00 [ID 5426261],5426261,
record:863b48d45d25b8d1da34cf10,Todd Bradley,provisional_record_group,Individual,15109,Steve Novick,3,1,1,25000,0,25000,2026-06-27,2026-06-27,0,0,1,25000,2026-06-27: $250.00 [ID 5717595],5717595,
record:86433707461adac656841025,Raymond Davis,provisional_record_group,Individual,24897,Kellie Torres,3,1,1,35000,0,35000,2026-08-09,2026-08-09,0,0,1,35000,2026-08-09: $350.00 [ID 5760936],5760936,
record:8644587a4115818f8c8b29e1,Jim Labbe,provisional_record_group,Individual,23028,Angelita Morillo,3,1,1,35000,0,35000,2025-11-23,2025-11-23,1,35000,0,0,2025-11-23: $350.00 [ID 5462446],5462446,
record:86a633fd0645d857a26e6d47,Richard Stein,provisional_record_group,Individual,17629,Eric Zimmerman,4,1,1,35000,0,35000,2026-09-16,2026-09-16,0,0,1,35000,2026-09-16: $350.00 [ID 5813983],5813983,
record:86bec20ac6fa0496bd37a6c2,Jo Anne Trow,provisional_record_group,Individual,15109,Steve Novick,3,1,1,35000,0,35000,2026-01-02,2026-01-02,0,0,1,35000,2026-01-02: $350.00 [ID 5503409],5503409,
record:86d2937ccee0a8df47d1f501,Kay Ellen O'Neill,provisional_record_group,Individual,23365,Mitch Green,4,3,3,65400,40400,25000,2026-05-05,2026-07-26,0,0,3,65400,2026-05-05: $50.00 [ID 5658065] | 2026-06-09: $25.00 [ID 5687171] | 2026-07-26: $579.00 [ID 5738176],5658065|5687171|5738176,5738790
record:86e860a29f305f7737c6210f,Donald Singer,provisional_record_group,Individual,15109,Steve Novick,3,1,1,35000,0,35000,2026-06-10,2026-06-10,0,0,1,35000,2026-06-10: $350.00 [ID 5685116],5685116,
record:86e860a29f305f7737c6210f,Donald Singer,provisional_record_group,Individual,17629,Eric Zimmerman,4,2,2,40000,5000,35000,2026-06-10,2026-08-15,0,0,2,40000,2026-06-10: $350.00 [ID 5704591] | 2026-08-15: $50.00 [ID 5778103],5704591|5778103,5778283
record:86e860a29f305f7737c6210f,Donald Singer,provisional_record_group,Individual,23199,Olivia Clark,4,1,1,35000,0,35000,2026-06-10,2026-06-10,0,0,1,35000,2026-06-10: $350.00 [ID 5685642],5685642,
record:86e860a29f305f7737c6210f,Donald Singer,provisional_record_group,Individual,23295,Eli Arnold,4,1,1,35000,0,35000,2025-11-17,2025-11-17,1,35000,0,0,2025-11-17: $350.00 [ID 5459905],5459905,
record:870c0ebf23f3ef8aa6a8d321,Jon Ball,provisional_record_group,Individual,15109,Steve Novick,3,1,1,35000,0,35000,2026-08-05,2026-08-05,0,0,1,35000,2026-08-05: $350.00 [ID 5760204],5760204,
record:8711f0a1b3e3752676558eb7,Andrew Roddam,provisional_record_group,Individual,17629,Eric Zimmerman,4,1,1,17500,0,17500,2026-08-25,2026-08-25,0,0,1,17500,2026-08-25: $175.00 [ID 5778185],5778185,
record:87807a12dbfce5d194d001cc,Willie Levenson,provisional_record_group,Individual,23199,Olivia Clark,4,1,1,10000,0,10000,2026-08-23,2026-08-23,0,0,1,10000,2026-08-23: $100.00 [ID 5800288],5800288,
record:87a3e8265e092f576d1db306,Diane Torres,provisional_record_group,Individual,23208,Tiffany Koyama Lane,3,4,4,8104,0,8104,2026-05-29,2026-08-29,0,0,4,8104,2026-05-29: $20.26 [ID 5679221] | 2026-06-29: $20.26 [ID 5709334] | 2026-07-29: $20.26 [ID 5746736] | 2026-08-29: $20.26 [ID 5785505],5679221|5709334|5746736|5785505,
record:87be0b13925b4c348343274e,David Knowles,provisional_record_group,Individual,15109,Steve Novick,3,1,1,25000,0,25000,2026-07-23,2026-07-23,0,0,1,25000,2026-07-23: $250.00 [ID 5760066],5760066,
record:87e9ab5ead9032c07a905a30,Erik Szeto,provisional_record_group,Individual,15109,Steve Novick,3,1,1,50000,0,50000,2026-02-05,2026-02-05,0,0,1,50000,2026-02-05: $500.00 [ID 5534845],5534845,
record:87e9ab5ead9032c07a905a30,Erik Szeto,provisional_record_group,Individual,23199,Olivia Clark,4,1,1,35000,0,35000,2026-03-24,2026-03-24,0,0,1,35000,2026-03-24: $350.00 [ID 5633043],5633043,
record:889c31bd05536182698a9895,James Lindsay,provisional_record_group,Individual,23295,Eli Arnold,4,1,1,1000,0,1000,2026-09-21,2026-09-21,0,0,1,1000,2026-09-21: $10.00 [ID 5820949],5820949,
record:88ea3318b304cc8a5e72f147,Steven Lien,provisional_record_group,Individual,17629,Eric Zimmerman,4,2,2,20200,0,20200,2026-05-11,2026-09-23,0,0,2,20200,2026-05-11: $101.00 [ID 5679873] | 2026-09-23: $101.00 [ID 5828950],5679873|5828950,
record:890a7ba020ff7d5c6d3ab64f,Scott Goodman,provisional_record_group,Individual,15109,Steve Novick,3,1,1,35000,0,35000,2026-03-02,2026-03-02,0,0,1,35000,2026-03-02: $350.00 [ID 5563380],5563380,
record:890a7ba020ff7d5c6d3ab64f,Scott Goodman,provisional_record_group,Individual,17629,Eric Zimmerman,4,1,1,35000,0,35000,2026-03-02,2026-03-02,0,0,1,35000,2026-03-02: $350.00 [ID 5562833],5562833,
record:890a7ba020ff7d5c6d3ab64f,Scott Goodman,provisional_record_group,Individual,23199,Olivia Clark,4,1,1,35000,0,35000,2026-03-02,2026-03-02,0,0,1,35000,2026-03-02: $350.00 [ID 5586589],5586589,
record:89499f6cc3ed5b8f075602d3,Geoffrey Stuckart,provisional_record_group,Individual,15109,Steve Novick,3,1,1,25000,0,25000,2026-08-10,2026-08-10,0,0,1,25000,2026-08-10: $250.00 [ID 5793166],5793166,
record:895b5d0bef5a82e08c1b2163,Jerold Howard,provisional_record_group,Individual,23365,Mitch Green,4,1,1,35000,0,35000,2026-09-22,2026-09-22,0,0,1,35000,2026-09-22: $350.00 [ID 5821927],5821927,
record:895c9a29e0d1e0ba47ec16b6,Kathleen Pool,provisional_record_group,Individual,15109,Steve Novick,3,1,1,30000,0,30000,2026-03-26,2026-03-26,0,0,1,30000,2026-03-26: $300.00 [ID 5612581],5612581,
record:89b5150e865b3b3e9d6b75f2,Margot Black,provisional_record_group,Individual,25040,Jamey Evenstar,4,1,1,30000,0,30000,2026-07-16,2026-07-16,0,0,1,30000,2026-07-16: $300.00 [ID 5729016],5729016,
record:89ec8155a0716a9fa4048405,Aidan Willis,provisional_record_group,Individual,17629,Eric Zimmerman,4,1,1,87500,0,87500,2025-11-26,2025-11-26,1,87500,0,0,2025-11-26: $875.00 [ID 5451530],5451530,
record:89ec8155a0716a9fa4048405,Aidan Willis,provisional_record_group,Individual,23295,Eli Arnold,4,1,1,87500,0,87500,2025-11-26,2025-11-26,1,87500,0,0,2025-11-26: $875.00 [ID 5459941],5459941,
record:8a0c5db3e816cc410ada8e19,Benjamin Agre,provisional_record_group,Individual,23365,Mitch Green,4,1,1,35000,0,35000,2026-03-08,2026-03-08,0,0,1,35000,2026-03-08: $350.00 [ID 5564805],5564805,
record:8a2e9fa77aee138409923fbc,Lance Lindblom,provisional_record_group,Individual,23295,Eli Arnold,4,1,1,87500,0,87500,2025-11-16,2025-11-16,1,87500,0,0,2025-11-16: $875.00 [ID 5459901],5459901,
record:8a96450dddfd3d018986901b,Douglas de Weese,provisional_record_group,Individual,24897,Kellie Torres,3,1,1,25000,0,25000,2026-09-06,2026-09-06,0,0,1,25000,2026-09-06: $250.00 [ID 5831608],5831608,
record:8a9fe3745f1aeccb28f54e3a,Emily Ivers,provisional_record_group,Individual,23365,Mitch Green,4,1,1,25000,0,25000,2026-09-22,2026-09-22,0,0,1,25000,2026-09-22: $250.00 [ID 5821915],5821915,
record:8b3cbe3b7217593d40029eca,Douglas De Weese,provisional_record_group,Individual,17629,Eric Zimmerman,4,1,1,35000,0,35000,2026-08-04,2026-08-04,0,0,1,35000,2026-08-04: $350.00 [ID 5778074],5778074,
record:8b3cbe3b7217593d40029eca,Douglas de Weese,provisional_record_group,Individual,23295,Eli Arnold,4,1,1,35000,0,35000,2025-11-14,2025-11-14,1,35000,0,0,2025-11-14: $350.00 [ID 5459892],5459892,
record:8b82a598f2dc7025d0ea5634,Matthew Dalrymple,provisional_record_group,Individual,23028,Angelita Morillo,3,1,1,35000,0,35000,2026-08-10,2026-08-10,0,0,1,35000,2026-08-10: $350.00 [ID 5767828],5767828,
record:8bb0043d54565d25941aec32,Daniel Saltzman,provisional_record_group,Individual,17629,Eric Zimmerman,4,1,1,35000,0,35000,2026-09-21,2026-09-21,0,0,1,35000,2026-09-21: $350.00 [ID 5828909],5828909,
record:8be5d23de4d19c4082e2a4dc,Wade Hilts,provisional_record_group,Individual,23365,Mitch Green,4,1,1,35000,0,35000,2025-01-06,2025-01-06,1,35000,0,0,2025-01-06: $350.00 [ID 5198905],5198905,
record:8bf4d7007fe8f6ecc23c6490,Kandis Nunn,provisional_record_group,Individual,23199,Olivia Clark,4,1,1,35000,0,35000,2026-04-09,2026-04-09,0,0,1,35000,2026-04-09: $350.00 [ID 5633083],5633083,
record:8c3df97e81337bb40733623c,Johnell Bell,provisional_record_group,Individual,23199,Olivia Clark,4,1,1,50000,0,50000,2025-11-16,2025-11-16,1,50000,0,0,2025-11-16: $500.00 [ID 5444470],5444470,
record:8c7f93a49e42f2a1aeab6745,Susan Rieke-Smith,provisional_record_group,Individual,17629,Eric Zimmerman,4,1,1,35000,0,35000,2026-04-01,2026-04-01,0,0,1,35000,2026-04-01: $350.00 [ID 5598565],5598565,
record:8c805736c1c4a302ce4c2703,Denise Frisbee,provisional_record_group,Individual,15109,Steve Novick,3,1,1,35000,0,35000,2026-05-30,2026-05-30,0,0,1,35000,2026-05-30: $350.00 [ID 5685061],5685061,
record:8cee3b0a0f00283a8005c384,Mark Sexton,provisional_record_group,Individual,23365,Mitch Green,4,1,1,25000,0,25000,2026-04-05,2026-04-05,0,0,1,25000,2026-04-05: $250.00 [ID 5601037],5601037,
record:8d2a19ba8aeb5e4ed9a779be,James Beck,provisional_record_group,Individual,25103,Jayne Cronlund,4,1,1,35000,0,35000,2026-09-10,2026-09-10,0,0,1,35000,2026-09-10: $350.00 [ID 5831765],5831765,
record:8d33f293cb89d6dccb549985,Ross Lienhart,provisional_record_group,Individual,24897,Kellie Torres,3,1,1,35000,0,35000,2026-08-30,2026-08-30,0,0,1,35000,2026-08-30: $350.00 [ID 5795599],5795599,
record:8d6ba0b833db8239d241286b,Lauren Waude,provisional_record_group,Individual,23208,Tiffany Koyama Lane,3,1,1,15000,0,15000,2026-08-25,2026-08-25,0,0,1,15000,2026-08-25: $150.00 [ID 5785401],5785401,
record:8d8661d5eda5b689622d11dc,Diana Rempe,provisional_record_group,Individual,23208,Tiffany Koyama Lane,3,2,2,60000,25000,35000,2025-07-24,2026-05-12,1,35000,1,25000,2025-07-24: $350.00 [ID 5364187] | 2026-05-12: $250.00 [ID 5665897],5364187|5665897,5665928
record:8d8661d5eda5b689622d11dc,Diana Rempe,provisional_record_group,Individual,23365,Mitch Green,4,1,1,35000,0,35000,2025-08-20,2025-08-20,1,35000,0,0,2025-08-20: $350.00 [ID 5384585],5384585,
record:8d8c32cb3bd874724d9686e6,Suzanne Kahn,provisional_record_group,Individual,17629,Eric Zimmerman,4,2,2,35000,0,35000,2026-06-23,2026-07-30,0,0,2,35000,2026-06-23: $250.00 [ID 5704636] | 2026-07-30: $100.00 [ID 5747570],5704636|5747570,
record:8d8c32cb3bd874724d9686e6,Suzanne Kahn,provisional_record_group,Individual,23295,Eli Arnold,4,1,1,35000,0,35000,2026-06-22,2026-06-22,0,0,1,35000,2026-06-22: $350.00 [ID 5704080],5704080,
record:8e42db3459ffdcbff9fc2010,Sandra Bradley,provisional_record_group,Individual,23199,Olivia Clark,4,1,1,15000,0,15000,2026-07-20,2026-07-20,0,0,1,15000,2026-07-20: $150.00 [ID 5759608],5759608,
record:8e8591bd1df6f5c112958fc9,Jay Zidell,provisional_record_group,Individual,17629,Eric Zimmerman,4,1,1,32500,2500,30000,2026-08-21,2026-08-21,0,0,1,32500,2026-08-21: $325.00 [ID 5778150],5778150,5778285
record:8e87e71656cb43b7b996da77,Edy Dorsen,provisional_record_group,Individual,24897,Kellie Torres,3,1,1,25000,0,25000,2026-08-09,2026-08-09,0,0,1,25000,2026-08-09: $250.00 [ID 5780405],5780405,
record:8ec42d11e9220e4e36dfba34,Kamaljit Bains,provisional_record_group,Individual,17629,Eric Zimmerman,4,1,1,35000,0,35000,2026-08-25,2026-08-25,0,0,1,35000,2026-08-25: $350.00 [ID 5778184],5778184,
record:8eee19f31c169fc5d6dc85a4,Randolph Foster,provisional_record_group,Individual,23295,Eli Arnold,4,1,1,25000,0,25000,2026-09-21,2026-09-21,0,0,1,25000,2026-09-21: $250.00 [ID 5821276],5821276,
record:8eeef5e2f6da2036bed976a1,Todd Foster,provisional_record_group,Individual,24972,Joel Corcoran,3,1,1,50000,0,50000,2026-05-13,2026-05-13,0,0,1,50000,2026-05-13: $500.00 [ID 5665559],5665559,
record:8f16c9e3180cba389310f960,Jonathan Radmacher,provisional_record_group,Individual,15109,Steve Novick,3,2,2,30000,0,30000,2026-08-20,2026-09-24,0,0,2,30000,2026-08-20: $250.00 [ID 5793237] | 2026-09-24: $50.00 [ID 5830517],5793237|5830517,
record:8f5728ed83ea41fe12f56b91,Cara Althoff,provisional_record_group,Individual,23208,Tiffany Koyama Lane,3,1,1,33000,3000,30000,2026-05-30,2026-05-30,0,0,1,33000,2026-05-30: $330.00 [ID 5679245],5679245,5679259
record:8f7794cf6f186b8da6f37e64,Juno Suarez,provisional_record_group,Individual,23028,Angelita Morillo,3,4,4,23200,0,23200,2026-06-15,2026-09-15,0,0,4,23200,2026-06-15: $58.00 [ID 5697376] | 2026-07-15: $58.00 [ID 5728943] | 2026-08-15: $58.00 [ID 5767875] | 2026-09-15: $58.00 [ID 5818459],5697376|5728943|5767875|5818459,
record:8f7794cf6f186b8da6f37e64,Juno Suarez,provisional_record_group,Individual,23365,Mitch Green,4,4,4,23200,0,23200,2026-06-15,2026-09-15,0,0,4,23200,2026-06-15: $58.00 [ID 5697288] | 2026-07-15: $58.00 [ID 5729263] | 2026-08-15: $58.00 [ID 5767577] | 2026-09-15: $58.00 [ID 5818145],5697288|5729263|5767577|5818145,
record:8f98e43faedf30f255d6ce3c,Debbie Geffrard,provisional_record_group,Individual,15109,Steve Novick,3,1,1,35000,0,35000,2026-06-04,2026-06-04,0,0,1,35000,2026-06-04: $350.00 [ID 5685093],5685093,
record:8fa5b2383daafc74439b4b6b,Bonnie Serkin,provisional_record_group,Individual,15109,Steve Novick,3,1,1,35000,0,35000,2025-12-22,2025-12-22,1,35000,0,0,2025-12-22: $350.00 [ID 5503315],5503315,
record:8fc6e51dce56fe931ec69c25,Karina Petrusich,provisional_record_group,Individual,17629,Eric Zimmerman,4,1,1,35000,0,35000,2025-11-24,2025-11-24,1,35000,0,0,2025-11-24: $350.00 [ID 5451525],5451525,
record:8fc6e51dce56fe931ec69c25,Karina Petrusich,provisional_record_group,Individual,23199,Olivia Clark,4,1,1,35000,0,35000,2025-11-24,2025-11-24,1,35000,0,0,2025-11-24: $350.00 [ID 5444501],5444501,
record:8fc6e51dce56fe931ec69c25,Karina Petrusich,provisional_record_group,Individual,23295,Eli Arnold,4,1,1,35000,0,35000,2025-11-14,2025-11-14,1,35000,0,0,2025-11-14: $350.00 [ID 5459912],5459912,
record:8fdc22002f30b5095e5cd142,Mark O'Leavey,provisional_record_group,Individual,24897,Kellie Torres,3,1,1,12500,0,12500,2026-08-16,2026-08-16,0,0,1,12500,2026-08-16: $125.00 [ID 5768636],5768636,
record:8fe07566c2fd7f573b462429,Jennifer Raleigh,provisional_record_group,Individual,23295,Eli Arnold,4,1,1,2500,0,2500,2026-09-11,2026-09-11,0,0,1,2500,2026-09-11: $25.00 [ID 5821257],5821257,
record:8fef500ace0c2c4dc89c3409,Ruth Brown,provisional_record_group,Individual,24897,Kellie Torres,3,1,1,25000,0,25000,2026-05-06,2026-05-06,0,0,1,25000,2026-05-06: $250.00 [ID 5653609],5653609,
record:8ff326f77d38ea9e0cfc7dd9,Lili Koyama,provisional_record_group,Individual,23208,Tiffany Koyama Lane,3,2,2,5000,0,5000,2026-08-17,2026-08-25,0,0,2,5000,2026-08-17: $40.00 [ID 5774286] | 2026-08-25: $10.00 [ID 5785432],5774286|5785432,
record:900101d08c2edb3424b92762,Benjamin Gilbert,provisional_record_group,Individual,23208,Tiffany Koyama Lane,3,2,2,70000,0,70000,2025-10-25,2026-01-12,1,35000,1,35000,2025-10-25: $350.00 [ID 5416226] | 2026-01-12: $350.00 [ID 5510873],5416226|5510873,
record:900101d08c2edb3424b92762,Benjamin Gilbert,provisional_record_group,Individual,23365,Mitch Green,4,2,2,37500,2500,35000,2025-08-20,2025-08-24,2,37500,0,0,2025-08-20: $350.00 [ID 5384463] | 2025-08-24: $25.00 [ID 5384567],5384463|5384567,5491641
record:900ef34e20b7b1bb2455b26d,Sean Ostler,provisional_record_group,Individual,23295,Eli Arnold,4,1,1,25000,0,25000,2026-01-08,2026-01-08,0,0,1,25000,2026-01-08: $250.00 [ID 5505098],5505098,
record:9067612c9cab40bcfb24a454,Robert Derrick,provisional_record_group,Individual,23295,Eli Arnold,4,1,1,5000,0,5000,2026-09-02,2026-09-02,0,0,1,5000,2026-09-02: $50.00 [ID 5820898],5820898,
record:90902419ac4b42dd95f1bde9,Nancy Murakami,provisional_record_group,Individual,23208,Tiffany Koyama Lane,3,1,1,35000,0,35000,2026-08-29,2026-08-29,0,0,1,35000,2026-08-29: $350.00 [ID 5785500],5785500,
record:909996f72e6ba1705a0019d6,York Hayes,provisional_record_group,Individual,23365,Mitch Green,4,2,1,15000,0,15000,2026-09-17,2026-09-17,0,0,2,15000,2026-09-17: $50.00 [ID 5819346] | 2026-09-17: $100.00 [ID 5819347],5819346|5819347,
record:91384b37dc8acd0eba5968e8,Roger Becker,provisional_record_group,Individual,23295,Eli Arnold,4,1,1,35000,0,35000,2026-06-20,2026-06-20,0,0,1,35000,2026-06-20: $350.00 [ID 5704070],5704070,
record:9153e1a96889bbf8aabbf5aa,Stephen Goodman,provisional_record_group,Individual,15109,Steve Novick,3,1,1,35000,0,35000,2026-07-13,2026-07-13,0,0,1,35000,2026-07-13: $350.00 [ID 5732274],5732274,
record:9153e1a96889bbf8aabbf5aa,Stephen Goodman,provisional_record_group,Individual,17629,Eric Zimmerman,4,1,1,35000,0,35000,2026-08-21,2026-08-21,0,0,1,35000,2026-08-21: $350.00 [ID 5778129],5778129,
record:916336b17a8d8dd87f088468,Thomas Chamberlain,provisional_record_group,Individual,15109,Steve Novick,3,1,1,25000,0,25000,2026-04-24,2026-04-24,0,0,1,25000,2026-04-24: $250.00 [ID 5657769],5657769,
record:91765c92527c46e46610777a,Maija Spencer,provisional_record_group,Individual,23208,Tiffany Koyama Lane,3,1,1,10000,0,10000,2026-08-25,2026-08-25,0,0,1,10000,2026-08-25: $100.00 [ID 5785404],5785404,
record:91e424642746cc471fbffba7,Erica Hartman,provisional_record_group,Individual,25103,Jayne Cronlund,4,1,1,2500,0,2500,2026-09-09,2026-09-09,0,0,1,2500,2026-09-09: $25.00 [ID 5802192],5802192,
record:924ba16fbb6be12097116234,Robert Walsh,provisional_record_group,Individual,15109,Steve Novick,3,1,1,35000,0,35000,2026-06-10,2026-06-10,0,0,1,35000,2026-06-10: $350.00 [ID 5717605],5717605,
record:9349c3eb37c4c03d63c04946,James M Labbe,provisional_record_group,Individual,23365,Mitch Green,4,2,1,122500,0,122500,2025-12-10,2025-12-10,2,122500,0,0,2025-12-10: $875.00 [ID 5462533] | 2025-12-10: $350.00 [ID 5462536],5462533|5462536,
record:93befb36eb7e0dac0b221ce0,Russ Humberston,provisional_record_group,Individual,23295,Eli Arnold,4,1,1,35000,0,35000,2026-07-15,2026-07-15,0,0,1,35000,2026-07-15: $350.00 [ID 5747130],5747130,
record:93ce5ce7e131f910d25f9f50,Ben Hufford,provisional_record_group,Individual,17629,Eric Zimmerman,4,1,1,35000,0,35000,2026-04-20,2026-04-20,0,0,1,35000,2026-04-20: $350.00 [ID 5651911],5651911,
record:9438af3ea613bd7cf401a823,John Tapogna,provisional_record_group,Individual,15109,Steve Novick,3,1,1,35000,0,35000,2026-07-25,2026-07-25,0,0,1,35000,2026-07-25: $350.00 [ID 5760083],5760083,
record:94c7f2c0ad9c9c03947a4e24,Mary Davies,provisional_record_group,Individual,23028,Angelita Morillo,3,2,2,2000,0,2000,2025-11-09,2025-12-07,2,2000,0,0,2025-11-09: $10.00 [ID 5462438] | 2025-12-07: $10.00 [ID 5488118],5462438|5488118,
record:94f6a2d470ff4ba845de14c3,Martin Kehoe,provisional_record_group,Individual,15109,Steve Novick,3,2,2,35000,0,35000,2026-05-27,2026-09-22,0,0,2,35000,2026-05-27: $250.00 [ID 5685046] | 2026-09-22: $100.00 [ID 5830453],5685046|5830453,
record:94f6a2d470ff4ba845de14c3,Martin Kehoe,provisional_record_group,Individual,23295,Eli Arnold,4,1,1,2500,2500,0,2026-06-11,2026-06-11,0,0,1,2500,2026-06-11: $25.00 [ID 5686494],5686494,5704028
record:95291f4a1e94fd4e7c15b8b2,Paul Milne,provisional_record_group,Individual,24897,Kellie Torres,3,1,1,25000,0,25000,2026-07-12,2026-07-12,0,0,1,25000,2026-07-12: $250.00 [ID 5718815],5718815,
record:952dd78f9e19dd62c4ddf442,James Anderson,provisional_record_group,Individual,17629,Eric Zimmerman,4,1,1,35000,0,35000,2026-06-09,2026-06-09,0,0,1,35000,2026-06-09: $350.00 [ID 5704590],5704590,
record:956a356004ec11b4a03f80aa,Doug Klotz,provisional_record_group,Individual,15109,Steve Novick,3,1,1,5000,0,5000,2026-09-24,2026-09-24,0,0,1,5000,2026-09-24: $50.00 [ID 5830527],5830527,
record:957704c75566ccd157216619,David Pollock,provisional_record_group,Individual,23199,Olivia Clark,4,1,1,35000,0,35000,2025-09-15,2025-09-15,1,35000,0,0,2025-09-15: $350.00 [ID 5397288],5397288,
record:96219a21778fbb0dd7cb41ea,Pete Sandrock,provisional_record_group,Individual,23199,Olivia Clark,4,1,1,25000,0,25000,2026-06-09,2026-06-09,0,0,1,25000,2026-06-09: $250.00 [ID 5685640],5685640,
record:962f8bf29d4f03cd1b40a043,David Cheezem,provisional_record_group,Individual,25040,Jamey Evenstar,4,1,1,20000,0,20000,2026-05-21,2026-05-21,0,0,1,20000,2026-05-21: $200.00 [ID 5672905],5672905,
record:968e4201e47b34b4f1c08559,Mary Scurlock Adamson,provisional_record_group,Individual,15109,Steve Novick,3,1,1,15000,0,15000,2026-08-27,2026-08-27,0,0,1,15000,2026-08-27: $150.00 [ID 5793281],5793281,
record:9711828eac70bd13054a2a68,Donald Powell,provisional_record_group,Individual,17629,Eric Zimmerman,4,1,1,25000,15000,10000,2026-08-25,2026-08-25,0,0,1,25000,2026-08-25: $250.00 [ID 5778167],5778167,5813798
record:973c976c10eca08d9092e9ca,Patricia McCaig,provisional_record_group,Individual,23199,Olivia Clark,4,1,1,35000,0,35000,2025-08-30,2025-08-30,1,35000,0,0,2025-08-30: $350.00 [ID 5375114],5375114,
record:974829c9e641f259639a0bb3,Belinda Miller,provisional_record_group,Individual,23028,Angelita Morillo,3,2,2,15000,0,15000,2026-04-28,2026-06-27,0,0,2,15000,2026-04-28: $100.00 [ID 5647372] | 2026-06-27: $50.00 [ID 5702976],5647372|5702976,
record:9759e0273d68b6eb0180097b,Milo Wadlin,provisional_record_group,Individual,15109,Steve Novick,3,2,2,35000,0,35000,2026-07-24,2026-08-04,0,0,2,35000,2026-07-24: $250.00 [ID 5760068] | 2026-08-04: $100.00 [ID 5760176],5760068|5760176,
record:97a9c3b7a7eacf314f718016,Ben Furr,provisional_record_group,Individual,23199,Olivia Clark,4,1,1,25000,0,25000,2025-12-15,2025-12-15,1,25000,0,0,2025-12-15: $250.00 [ID 5473775],5473775,
record:981f1928f0112bdde3fcd7a0,Henry Lazenby,provisional_record_group,Individual,15109,Steve Novick,3,1,1,10000,0,10000,2026-09-15,2026-09-15,0,0,1,10000,2026-09-15: $100.00 [ID 5830326],5830326,
record:984ebe7c5bf3be095b6d5f37,Ruth Ann Williamson,provisional_record_group,Individual,23365,Mitch Green,4,1,1,35000,5000,30000,2026-03-26,2026-03-26,0,0,1,35000,2026-03-26: $350.00 [ID 5592769],5592769,5592775
record:985cf758411723f9629b2a6d,Samantha Woehl,provisional_record_group,Individual,24973,Esther León,3,1,1,25000,0,25000,2026-04-12,2026-04-12,0,0,1,25000,2026-04-12: $250.00 [ID 5643009],5643009,
record:989f6db06b13cb1e62596283,Hala Gores,provisional_record_group,Individual,15109,Steve Novick,3,1,1,35000,0,35000,2026-09-22,2026-09-22,0,0,1,35000,2026-09-22: $350.00 [ID 5830457],5830457,
record:98d4fe712a0742f74f8ec46a,Homer Williams,provisional_record_group,Individual,24897,Kellie Torres,3,1,1,25000,0,25000,2026-07-21,2026-07-21,0,0,1,25000,2026-07-21: $250.00 [ID 5733633],5733633,
record:98e1b56c7a4709d3ffe80923,Lisa Johnson,provisional_record_group,Individual,24897,Kellie Torres,3,1,1,25000,0,25000,2026-04-14,2026-04-14,0,0,1,25000,2026-04-14: $250.00 [ID 5626347],5626347,
record:98f566820914d18c75ea355d,Gregory LaVielle,provisional_record_group,Individual,23365,Mitch Green,4,1,1,2500,0,2500,2026-09-20,2026-09-20,0,0,1,2500,2026-09-20: $25.00 [ID 5818410],5818410,
record:98f566820914d18c75ea355d,Gregory LaVielle,provisional_record_group,Individual,23411,Jeremy Beausoleil Smith,4,1,1,2000,0,2000,2026-09-16,2026-09-16,0,0,1,2000,2026-09-16: $20.00 [ID 5814274],5814274,
record:9918f1a0218936b686e614ac,Brandon Mullen,provisional_record_group,Individual,23028,Angelita Morillo,3,1,1,27500,0,27500,2026-07-18,2026-07-18,0,0,1,27500,2026-07-18: $275.00 [ID 5728982],5728982,
record:9918f1a0218936b686e614ac,Brandon Mullen,provisional_record_group,Individual,23365,Mitch Green,4,1,1,32500,0,32500,2026-07-18,2026-07-18,0,0,1,32500,2026-07-18: $325.00 [ID 5729296],5729296,
record:9930a350becc97a612533b43,Alexander Tinker,provisional_record_group,Individual,15109,Steve Novick,3,1,1,35000,0,35000,2026-06-08,2026-06-08,0,0,1,35000,2026-06-08: $350.00 [ID 5685108],5685108,
record:993d5465ec0a5cae1f996cf5,Lyndelle Light,provisional_record_group,Individual,23295,Eli Arnold,4,2,2,12500,0,12500,2026-03-19,2026-09-21,0,0,2,12500,2026-03-19: $100.00 [ID 5616451] | 2026-09-21: $25.00 [ID 5821265],5616451|5821265,
record:995ae40c31d74dd8d7df9949,Thomas Delacour,provisional_record_group,Individual,23365,Mitch Green,4,6,6,15000,0,15000,2025-12-20,2026-09-20,1,2500,5,12500,2025-12-20: $25.00 [ID 5472017] | 2026-05-20: $25.00 [ID 5672552] | 2026-06-20: $25.00 [ID 5697319] | 2026-07-20: $25.00 [ID 5738020] | 2026-08-20: $25.00 [ID 5774276] | 2026-09-20: $25.00 [ID 5818402],5472017|5672552|5697319|5738020|5774276|5818402,
record:998ade4193d2c9acbf2474b2,Brian Torres,provisional_record_group,Individual,23208,Tiffany Koyama Lane,3,1,1,35000,10000,25000,2026-05-30,2026-05-30,0,0,1,35000,2026-05-30: $350.00 [ID 5679235],5679235,5679260
record:99ce8b0a302cbcabab884b4e,Carla Smith,provisional_record_group,Candidate & Immediate Family,23411,Jeremy Beausoleil Smith,4,1,1,34500,0,34500,2026-08-15,2026-08-15,0,0,1,34500,2026-08-15: $345.00 [ID 5774439],5774439,
record:9a2df4e0f427509326360dd7,Susan Ferguson,provisional_record_group,Individual,15109,Steve Novick,3,1,1,10000,0,10000,2026-09-01,2026-09-01,0,0,1,10000,2026-09-01: $100.00 [ID 5793345],5793345,
record:9a52c16f12dedb3f4a0c5109,Deborah Bessmer,provisional_record_group,Individual,23365,Mitch Green,4,2,2,85000,0,85000,2025-08-23,2026-08-02,1,50000,1,35000,2025-08-23: $500.00 [ID 5384565] | 2026-08-02: $350.00 [ID 5748639],5384565|5748639,
record:9b3ed9610754772412ff5291,John Russell,provisional_record_group,Individual,17629,Eric Zimmerman,4,1,1,35000,0,35000,2026-08-21,2026-08-21,0,0,1,35000,2026-08-21: $350.00 [ID 5778131],5778131,
record:9b3ed9610754772412ff5291,John Russell,provisional_record_group,Individual,23199,Olivia Clark,4,1,1,2500,0,2500,2025-12-05,2025-12-05,1,2500,0,0,2025-12-05: $25.00 [ID 5473723],5473723,
record:9b688eeb5fe478bd60759f0e,Kevin Kahn,provisional_record_group,Individual,17629,Eric Zimmerman,4,1,1,25000,0,25000,2026-07-30,2026-07-30,0,0,1,25000,2026-07-30: $250.00 [ID 5747571],5747571,
record:9b688eeb5fe478bd60759f0e,Kevin Kahn,provisional_record_group,Individual,23295,Eli Arnold,4,1,1,35000,0,35000,2026-06-26,2026-06-26,0,0,1,35000,2026-06-26: $350.00 [ID 5704100],5704100,
record:9b8a2a5877b466d016fb05f6,Barbara Obrzut,provisional_record_group,Individual,17629,Eric Zimmerman,4,1,1,2500,0,2500,2026-09-09,2026-09-09,0,0,1,2500,2026-09-09: $25.00 [ID 5813907],5813907,
record:9b8a2a5877b466d016fb05f6,Barbara Obrzut,provisional_record_group,Individual,23199,Olivia Clark,4,2,1,15000,0,15000,2026-06-16,2026-06-16,0,0,2,15000,2026-06-16: $100.00 [ID 5717748] | 2026-06-16: $50.00 [ID 5717755],5717748|5717755,
record:9ba3c1e13f3ee22ccba710bc,Jennifer Krauel,provisional_record_group,Individual,23365,Mitch Green,4,2,2,75000,50000,25000,2026-01-09,2026-01-12,0,0,2,75000,2026-01-09: $500.00 [ID 5500678] | 2026-01-12: $250.00 [ID 5510871],5500678|5510871,5510870
record:9bdabe5380f443b5473c97cf,Steve Bruner,provisional_record_group,Individual,15109,Steve Novick,3,1,1,35000,0,35000,2026-05-31,2026-05-31,0,0,1,35000,2026-05-31: $350.00 [ID 5685064],5685064,
record:9befdd905dd602cac95f2443,Joe Squires,provisional_record_group,Individual,24897,Kellie Torres,3,1,1,25000,0,25000,2026-04-12,2026-04-12,0,0,1,25000,2026-04-12: $250.00 [ID 5628086],5628086,
record:9bf2206f612688fa8d48d646,Kyle Curtis,provisional_record_group,Individual,23208,Tiffany Koyama Lane,3,1,1,4000,0,4000,2026-09-04,2026-09-04,0,0,1,4000,2026-09-04: $40.00 [ID 5796044],5796044,
record:9bfd8a239c9aa67be273f518,Adam Foltzer,provisional_record_group,Individual,23365,Mitch Green,4,1,1,35000,0,35000,2026-07-24,2026-07-24,0,0,1,35000,2026-07-24: $350.00 [ID 5738123],5738123,
record:9c36659cfc1222bdad2f4ecb,Dennis Harper,provisional_record_group,Individual,23295,Eli Arnold,4,1,1,2500,0,2500,2026-02-27,2026-02-27,0,0,1,2500,2026-02-27: $25.00 [ID 5554682],5554682,
record:9c4127453727527246aaf0ed,Andrea Pastor,provisional_record_group,Individual,25040,Jamey Evenstar,4,1,1,20000,0,20000,2026-07-05,2026-07-05,0,0,1,20000,2026-07-05: $200.00 [ID 5709052],5709052,
record:9c6de0879ab0127d90eff5d4,Tony Morse,provisional_record_group,Individual,17629,Eric Zimmerman,4,1,1,35000,0,35000,2026-04-10,2026-04-10,0,0,1,35000,2026-04-10: $350.00 [ID 5651891],5651891,
record:9ca9ea35319fa9ab49037c0b,Christi Goodman,provisional_record_group,Individual,24897,Kellie Torres,3,1,1,35000,0,35000,2026-05-03,2026-05-03,0,0,1,35000,2026-05-03: $350.00 [ID 5650886],5650886,
record:9d61bfa618ba0998fae2048a,Jonathan Bennett,provisional_record_group,Individual,15109,Steve Novick,3,1,1,25000,0,25000,2026-06-08,2026-06-08,0,0,1,25000,2026-06-08: $250.00 [ID 5685110],5685110,
record:9dc5c356a4b978f72136c703,Eva Hamer,provisional_record_group,Individual,15109,Steve Novick,3,1,1,35000,0,35000,2026-06-13,2026-06-13,0,0,1,35000,2026-06-13: $350.00 [ID 5717500],5717500,
record:9dc5c356a4b978f72136c703,Eva Hamer,provisional_record_group,Individual,23365,Mitch Green,4,1,1,35000,2500,32500,2026-09-18,2026-09-18,0,0,1,35000,2026-09-18: $350.00 [ID 5821888],5821888,5821901
record:9dc651128a8028a5b46cf01e,P Diane Mountain,provisional_record_group,Individual,15109,Steve Novick,3,1,1,50000,0,50000,2026-03-25,2026-03-25,0,0,1,50000,2026-03-25: $500.00 [ID 5612579],5612579,
record:9df15f91929fb0c178f946fb,David Griggs,provisional_record_group,Individual,23295,Eli Arnold,4,1,1,35000,0,35000,2026-06-11,2026-06-11,0,0,1,35000,2026-06-11: $350.00 [ID 5686499],5686499,
record:9dff912ebc43f6584344833a,James Kelly,provisional_record_group,Individual,24897,Kellie Torres,3,1,1,35000,0,35000,2026-08-23,2026-08-23,0,0,1,35000,2026-08-23: $350.00 [ID 5774999],5774999,
record:9eac7ed8d824f51d32184fe1,Tessa Bridge,provisional_record_group,Individual,23028,Angelita Morillo,3,1,1,50000,15000,35000,2026-05-21,2026-05-21,0,0,1,50000,2026-05-21: $500.00 [ID 5679444],5679444,5679455
record:9eac7ed8d824f51d32184fe1,Tessa Bridge,provisional_record_group,Individual,23208,Tiffany Koyama Lane,3,1,1,35000,5000,30000,2026-05-21,2026-05-21,0,0,1,35000,2026-05-21: $350.00 [ID 5679168],5679168,5679182
record:9eac7ed8d824f51d32184fe1,Tessa Bridge,provisional_record_group,Individual,23365,Mitch Green,4,1,1,50000,20000,30000,2026-05-27,2026-05-27,0,0,1,50000,2026-05-27: $500.00 [ID 5701786],5701786,5701829
record:9eca203075d6f35b57554107,Kevin Bumatay,provisional_record_group,Individual,17629,Eric Zimmerman,4,1,1,35000,0,35000,2026-05-11,2026-05-11,0,0,1,35000,2026-05-11: $350.00 [ID 5679871],5679871,
record:9edece411a7258e75cc04e70,John Bradley,provisional_record_group,Individual,24897,Kellie Torres,3,1,1,35000,0,35000,2026-08-09,2026-08-09,0,0,1,35000,2026-08-09: $350.00 [ID 5760835],5760835,
record:9ef85a900003d8fb5c08b0b4,Kyle Prosen,provisional_record_group,Individual,17629,Eric Zimmerman,4,1,1,34200,0,34200,2026-07-23,2026-07-23,0,0,1,34200,2026-07-23: $342.00 [ID 5747555],5747555,
record:9efa476c1cbaf86badd296b0,Kent Snyder,provisional_record_group,Individual,15109,Steve Novick,3,2,2,35000,0,35000,2026-02-05,2026-07-23,0,0,2,35000,2026-02-05: $250.00 [ID 5534846] | 2026-07-23: $100.00 [ID 5760065],5534846|5760065,
record:9f63f3d2077b0a14aa00302a,Alison Stump,provisional_record_group,Individual,23028,Angelita Morillo,3,4,4,3833,0,3833,2026-08-09,2026-09-09,0,0,4,3833,2026-08-09: $10.00 [ID 5758650] | 2026-08-29: $8.33 [ID 5785440] | 2026-08-30: $10.00 [ID 5785458] | 2026-09-09: $10.00 [ID 5807883],5758650|5785440|5785458|5807883,
record:9f8efaaaf010c9ad7d7a86ee,Gary Banker,provisional_record_group,Individual,25103,Jayne Cronlund,4,1,1,50000,0,50000,2026-07-28,2026-07-28,0,0,1,50000,2026-07-28: $500.00 [ID 5759284],5759284,
record:9fae56547557cfe5bd96da93,Monica Smiley,provisional_record_group,Individual,25103,Jayne Cronlund,4,1,1,10000,0,10000,2026-09-17,2026-09-17,0,0,1,10000,2026-09-17: $100.00 [ID 5831803],5831803,
record:9ffdc2bb1317a3fc99d8e852,David Solomon,provisional_record_group,Individual,17629,Eric Zimmerman,4,1,1,10000,0,10000,2026-08-04,2026-08-04,0,0,1,10000,2026-08-04: $100.00 [ID 5778075],5778075,
record:a00719bceb5bcd9cbba27724,James Russell,provisional_record_group,Individual,25040,Jamey Evenstar,4,1,1,2000,0,2000,2026-07-01,2026-07-01,0,0,1,2000,2026-07-01: $20.00 [ID 5709001],5709001,
record:a0238f575048e85970d59be7,Amelia MacRae,provisional_record_group,Individual,23365,Mitch Green,4,1,1,2500,0,2500,2026-09-18,2026-09-18,0,0,1,2500,2026-09-18: $25.00 [ID 5818298],5818298,
record:a02a64b9e8db59c8fe8ffc76,Susan Kass,provisional_record_group,Individual,24897,Kellie Torres,3,1,1,10000,0,10000,2026-09-06,2026-09-06,0,0,1,10000,2026-09-06: $100.00 [ID 5831605],5831605,
record:a0587ca7a7ae6105601d3f72,Brendan Sanchez,provisional_record_group,Individual,23208,Tiffany Koyama Lane,3,2,2,19000,0,19000,2026-01-25,2026-08-10,0,0,2,19000,2026-01-25: $150.00 [ID 5516864] | 2026-08-10: $40.00 [ID 5758614],5516864|5758614,
record:a0867024eef4c012b44d4d87,Brett Wilcox,provisional_record_group,Individual,15109,Steve Novick,3,1,1,25000,0,25000,2026-06-19,2026-06-19,0,0,1,25000,2026-06-19: $250.00 [ID 5732244],5732244,
record:a0a00a8479799bb340727695,Dianne Nielsen,provisional_record_group,Individual,17629,Eric Zimmerman,4,1,1,35000,0,35000,2026-09-09,2026-09-09,0,0,1,35000,2026-09-09: $350.00 [ID 5813906],5813906,
record:a0c719da15a6fa2e781f0391,Momoko Saunders,provisional_record_group,Individual,15109,Steve Novick,3,1,1,35000,0,35000,2026-01-05,2026-01-05,0,0,1,35000,2026-01-05: $350.00 [ID 5528653],5528653,
record:a0c942356805edb11eb8e6a2,Sara Fischer,provisional_record_group,Individual,23208,Tiffany Koyama Lane,3,1,1,10000,0,10000,2026-05-30,2026-05-30,0,0,1,10000,2026-05-30: $100.00 [ID 5679238],5679238,
record:a0efa67d5ebde981e20f44c7,Stephen Kafoury,provisional_record_group,Individual,24897,Kellie Torres,3,1,1,10000,0,10000,2026-07-21,2026-07-21,0,0,1,10000,2026-07-21: $100.00 [ID 5733636],5733636,
record:a12f2caab41478c33dad3d33,Jill Jarrett,provisional_record_group,Individual,23295,Eli Arnold,4,1,1,1000,0,1000,2026-09-16,2026-09-16,0,0,1,1000,2026-09-16: $10.00 [ID 5820897],5820897,
record:a18c26ba51b3deb1eec4af78,Rebecca J Kennedy,provisional_record_group,Individual,23208,Tiffany Koyama Lane,3,1,1,12500,0,12500,2025-09-13,2025-09-13,1,12500,0,0,2025-09-13: $125.00 [ID 5383363],5383363,
record:a1cd314430efba0bdd3d166e,Matthew Santy,provisional_record_group,Individual,23295,Eli Arnold,4,1,1,24000,0,24000,2026-07-27,2026-07-27,0,0,1,24000,2026-07-27: $240.00 [ID 5747170],5747170,
record:a1db7794a8fb45557b9e8722,David Levine,provisional_record_group,Individual,23028,Angelita Morillo,3,1,1,35000,0,35000,2026-03-08,2026-03-08,0,0,1,35000,2026-03-08: $350.00 [ID 5579907],5579907,
record:a1db7794a8fb45557b9e8722,David Levine,provisional_record_group,Individual,23208,Tiffany Koyama Lane,3,1,1,35000,0,35000,2026-03-06,2026-03-06,0,0,1,35000,2026-03-06: $350.00 [ID 5564628],5564628,
record:a1db7794a8fb45557b9e8722,David Levine,provisional_record_group,Individual,23365,Mitch Green,4,1,1,35000,0,35000,2026-03-06,2026-03-06,0,0,1,35000,2026-03-06: $350.00 [ID 5564798],5564798,
record:a1fee99928fbb3e8d9cb46a7,Will Aitchison,provisional_record_group,Individual,17629,Eric Zimmerman,4,1,1,32500,0,32500,2026-09-10,2026-09-10,0,0,1,32500,2026-09-10: $325.00 [ID 5813915],5813915,
record:a288a4c877cf8ee61b257840,Nathan Frankel,provisional_record_group,Individual,24897,Kellie Torres,3,1,1,35000,0,35000,2026-08-09,2026-08-09,0,0,1,35000,2026-08-09: $350.00 [ID 5761004],5761004,
record:a2b0961057ab633c80c5d61a,Catherine Sweeney,provisional_record_group,Individual,23199,Olivia Clark,4,1,1,25000,0,25000,2025-11-23,2025-11-23,1,25000,0,0,2025-11-23: $250.00 [ID 5444495],5444495,
record:a2b270048eb09be2bb55efa3,Steven Lien,provisional_record_group,Individual,24897,Kellie Torres,3,1,1,10100,0,10100,2026-07-21,2026-07-21,0,0,1,10100,2026-07-21: $101.00 [ID 5733635],5733635,
record:a2c7df79b9022a04b34969a6,Karina Petrusich,provisional_record_group,Individual,24897,Kellie Torres,3,1,1,35000,0,35000,2026-08-02,2026-08-02,0,0,1,35000,2026-08-02: $350.00 [ID 5751741],5751741,
record:a2d45b2f00747e82ceeda8b0,Farrah Chaichi,provisional_record_group,Individual,23028,Angelita Morillo,3,4,4,16100,0,16100,2026-06-13,2026-09-13,0,0,4,16100,2026-06-13: $101.00 [ID 5687335] | 2026-07-13: $20.00 [ID 5728937] | 2026-08-13: $20.00 [ID 5767869] | 2026-09-13: $20.00 [ID 5807997],5687335|5728937|5767869|5807997,
record:a2d45b2f00747e82ceeda8b0,Farrah Chaichi,provisional_record_group,Individual,23208,Tiffany Koyama Lane,3,1,1,10100,0,10100,2026-05-03,2026-05-03,0,0,1,10100,2026-05-03: $101.00 [ID 5649297],5649297,
record:a2d45b2f00747e82ceeda8b0,Farrah Chaichi,provisional_record_group,Individual,23365,Mitch Green,4,1,1,10100,0,10100,2026-07-10,2026-07-10,0,0,1,10100,2026-07-10: $101.00 [ID 5718548],5718548,
record:a30b2c77e3a13e32d3a3717c,William Selman,provisional_record_group,Individual,23365,Mitch Green,4,1,1,35000,7500,27500,2026-07-10,2026-07-10,0,0,1,35000,2026-07-10: $350.00 [ID 5729202],5729202,5729230
record:a32e090a18fa6fb099e4c9f6,Ellie Booth,provisional_record_group,Individual,24897,Kellie Torres,3,1,1,2500,0,2500,2026-08-02,2026-08-02,0,0,1,2500,2026-08-02: $25.00 [ID 5780399],5780399,
record:a32f573b520393a895ba2ba1,Dan Root,provisional_record_group,Individual,23295,Eli Arnold,4,1,1,35000,0,35000,2026-08-26,2026-08-26,0,0,1,35000,2026-08-26: $350.00 [ID 5786157],5786157,
record:a337838f30f91315a724f2de,Steve McCollion,provisional_record_group,Individual,24897,Kellie Torres,3,1,1,35000,0,35000,2026-08-02,2026-08-02,0,0,1,35000,2026-08-02: $350.00 [ID 5751717],5751717,
record:a342c44442cc796e3205f61a,Debbie Chow Matto,provisional_record_group,Individual,23295,Eli Arnold,4,1,1,10000,0,10000,2026-09-16,2026-09-16,0,0,1,10000,2026-09-16: $100.00 [ID 5820938],5820938,
record:a37102602e3496720234da04,Jane Monson,provisional_record_group,Individual,23199,Olivia Clark,4,1,1,15000,0,15000,2026-03-21,2026-03-21,0,0,1,15000,2026-03-21: $150.00 [ID 5633061],5633061,
record:a3c533fa30b77a9e0f053c1a,Adrienne Tourtelot,provisional_record_group,Individual,23365,Mitch Green,4,2,1,12600,0,12600,2026-09-17,2026-09-17,0,0,2,12600,2026-09-17: $25.00 [ID 5818258] | 2026-09-17: $101.00 [ID 5818261],5818258|5818261,
record:a45aeb154ab7a18f9fe17bba,David Vernier,provisional_record_group,Individual,15109,Steve Novick,3,1,1,20000,0,20000,2026-08-27,2026-08-27,0,0,1,20000,2026-08-27: $200.00 [ID 5793326],5793326,
record:a4686fe7ca95ae46934a6e59,Vadim Mozyrsky,provisional_record_group,Individual,23295,Eli Arnold,4,1,1,35000,0,35000,2025-11-14,2025-11-14,1,35000,0,0,2025-11-14: $350.00 [ID 5459889],5459889,
record:a5aa3f0d47eed2f0e4267cd9,Amy Tate,provisional_record_group,Individual,24897,Kellie Torres,3,1,1,10000,0,10000,2026-06-14,2026-06-14,0,0,1,10000,2026-06-14: $100.00 [ID 5693370],5693370,
record:a5c353ec8e2294049b017e6a,Charles Colt,provisional_record_group,Individual,23295,Eli Arnold,4,1,1,25000,0,25000,2026-03-29,2026-03-29,0,0,1,25000,2026-03-29: $250.00 [ID 5616485],5616485,
record:a5e74ff6141643946c0592e4,Greg Goodman,provisional_record_group,Individual,15109,Steve Novick,3,1,1,35000,0,35000,2026-08-21,2026-08-21,0,0,1,35000,2026-08-21: $350.00 [ID 5793318],5793318,
record:a62645ac6ceac6cb431cd914,Andrew Fortgang,provisional_record_group,Individual,23295,Eli Arnold,4,2,1,12500,0,12500,2026-05-28,2026-05-28,0,0,2,12500,2026-05-28: $25.00 [ID 5686399] | 2026-05-28: $100.00 [ID 5686415],5686399|5686415,
record:a6331e6add4c6f8f50895d8a,James Barta,provisional_record_group,Individual,15109,Steve Novick,3,1,1,20000,0,20000,2026-07-16,2026-07-16,0,0,1,20000,2026-07-16: $200.00 [ID 5732302],5732302,
record:a66231bca70398831567bcdb,Mark Goodman,provisional_record_group,Individual,15109,Steve Novick,3,1,1,35000,0,35000,2026-06-17,2026-06-17,0,0,1,35000,2026-06-17: $350.00 [ID 5717509],5717509,
record:a66231bca70398831567bcdb,Mark Goodman,provisional_record_group,Individual,17629,Eric Zimmerman,4,1,1,35000,0,35000,2026-09-09,2026-09-09,0,0,1,35000,2026-09-09: $350.00 [ID 5813892],5813892,
record:a66231bca70398831567bcdb,Mark Goodman,provisional_record_group,Individual,23199,Olivia Clark,4,2,2,70000,0,70000,2025-08-25,2025-12-08,2,70000,0,0,2025-08-25: $350.00 [ID 5375105] | 2025-12-08: $350.00 [ID 5473737],5375105|5473737,
record:a672f48634f3496fa2d294a4,Jordan Lewis,provisional_record_group,Individual,23208,Tiffany Koyama Lane,3,1,1,29750,0,29750,2026-04-21,2026-04-21,0,0,1,29750,2026-04-21: $297.50 [ID 5640266],5640266,
record:a672f48634f3496fa2d294a4,Jordan Lewis,provisional_record_group,Individual,23365,Mitch Green,4,1,1,35000,0,35000,2025-08-20,2025-08-20,1,35000,0,0,2025-08-20: $350.00 [ID 5384420],5384420,
record:a6a9e5a4c7ee646b40521ff9,Bruce Goldberg,provisional_record_group,Individual,15109,Steve Novick,3,1,1,10000,0,10000,2026-08-04,2026-08-04,0,0,1,10000,2026-08-04: $100.00 [ID 5760179],5760179,
record:a6c3459fdefb244dc48c1e95,Julie Miner,provisional_record_group,Individual,23208,Tiffany Koyama Lane,3,1,1,25000,0,25000,2026-04-28,2026-04-28,0,0,1,25000,2026-04-28: $250.00 [ID 5649194],5649194,
record:a6f992d167f89f500880497c,Elizabeth Walker,provisional_record_group,Individual,24897,Kellie Torres,3,1,1,35000,0,35000,2026-08-09,2026-08-09,0,0,1,35000,2026-08-09: $350.00 [ID 5812174],5812174,
record:a6fc9944ce1866efb5b0893a,Ru Budhi,provisional_record_group,Individual,23295,Eli Arnold,4,1,1,35000,0,35000,2025-12-16,2025-12-16,1,35000,0,0,2025-12-16: $350.00 [ID 5505047],5505047,
record:a7034142e6fd016b4e45b69d,Katherine McLellan,provisional_record_group,Individual,24972,Joel Corcoran,3,1,1,20000,0,20000,2026-05-05,2026-05-05,0,0,1,20000,2026-05-05: $200.00 [ID 5658397],5658397,
record:a70451b9ae1bf8615bd475f1,Dan Berne,provisional_record_group,Individual,17629,Eric Zimmerman,4,2,2,5000,0,5000,2026-07-09,2026-08-07,0,0,2,5000,2026-07-09: $25.00 [ID 5747541] | 2026-08-07: $25.00 [ID 5778082],5747541|5778082,
record:a714a4cbc8ded5372f63ddf6,Russell Sloop,provisional_record_group,Individual,24897,Kellie Torres,3,1,1,35000,0,35000,2026-08-09,2026-08-09,0,0,1,35000,2026-08-09: $350.00 [ID 5761001],5761001,
record:a778fd5b36c201d45b91dafa,Gary Piercy,provisional_record_group,Individual,23199,Olivia Clark,4,1,1,25000,0,25000,2026-03-18,2026-03-18,0,0,1,25000,2026-03-18: $250.00 [ID 5586609],5586609,
record:a78fb75fff5e4eafe20fd24d,Merilee Karr,provisional_record_group,Individual,15109,Steve Novick,3,1,1,10000,0,10000,2026-09-22,2026-09-22,0,0,1,10000,2026-09-22: $100.00 [ID 5830437],5830437,
record:a7c30cba0fb098ad205ecfc8,RICHARD MARCH,provisional_record_group,Individual,23208,Tiffany Koyama Lane,3,1,1,20000,0,20000,2026-08-15,2026-08-15,0,0,1,20000,2026-08-15: $200.00 [ID 5774261],5774261,
record:a7cac5fedee3d167631bed8b,Traci Kiyama,provisional_record_group,Individual,23208,Tiffany Koyama Lane,3,2,1,85000,0,85000,2025-05-12,2025-05-12,2,85000,0,0,2025-05-12: $500.00 [ID 5320564] | 2025-05-12: $350.00 [ID 5320566],5320564|5320566,
record:a8061d19d7f27845e281c1f9,Joseph Petrusich,provisional_record_group,Individual,17629,Eric Zimmerman,4,1,1,35000,0,35000,2025-09-25,2025-09-25,1,35000,0,0,2025-09-25: $350.00 [ID 5387596],5387596,
record:a814615bdcb1ade50a1cba07,Marnie Glickman,provisional_record_group,Individual,23365,Mitch Green,4,1,1,35000,0,35000,2025-08-20,2025-08-20,1,35000,0,0,2025-08-20: $350.00 [ID 5384485],5384485,
record:a841e6cdd325c609f26f2dd8,Jim Morse,provisional_record_group,Individual,17629,Eric Zimmerman,4,1,1,35000,0,35000,2026-08-24,2026-08-24,0,0,1,35000,2026-08-24: $350.00 [ID 5778154],5778154,
record:a841e6cdd325c609f26f2dd8,Jim Morse,provisional_record_group,Individual,24897,Kellie Torres,3,1,1,35000,0,35000,2026-08-09,2026-08-09,0,0,1,35000,2026-08-09: $350.00 [ID 5760903],5760903,
record:a93144ff940d802518c32a7e,Marsea Hart,provisional_record_group,Individual,23199,Olivia Clark,4,1,1,35000,0,35000,2025-11-15,2025-11-15,1,35000,0,0,2025-11-15: $350.00 [ID 5444467],5444467,
record:a9635e9bbeb19950564db235,Sarah Schrott,provisional_record_group,Individual,17629,Eric Zimmerman,4,1,1,35000,0,35000,2026-08-30,2026-08-30,0,0,1,35000,2026-08-30: $350.00 [ID 5813841],5813841,
record:a9635e9bbeb19950564db235,Sarah Schrott,provisional_record_group,Individual,23295,Eli Arnold,4,1,1,35000,0,35000,2026-08-30,2026-08-30,0,0,1,35000,2026-08-30: $350.00 [ID 5786200],5786200,
record:a9a9dc0ead4b6613b8a106ab,Hilary Abraham,provisional_record_group,Individual,25103,Jayne Cronlund,4,1,1,25000,0,25000,2026-09-18,2026-09-18,0,0,1,25000,2026-09-18: $250.00 [ID 5831811],5831811,
record:aa88f4f46dd5b03eee21591f,Celia Heron,provisional_record_group,Individual,23199,Olivia Clark,4,1,1,20000,0,20000,2026-01-10,2026-01-10,0,0,1,20000,2026-01-10: $200.00 [ID 5513897],5513897,
record:aaa7338fe5767a60bc094f1e,Travis Baskerville,provisional_record_group,Individual,24661,Tom Sollitt,3,1,1,20000,0,20000,2026-07-29,2026-07-29,0,0,1,20000,2026-07-29: $200.00 [ID 5754815],5754815,
record:aaf5763c9e6db443432922f5,Amy Sacks,provisional_record_group,Individual,23199,Olivia Clark,4,1,1,25000,0,25000,2025-09-14,2025-09-14,1,25000,0,0,2025-09-14: $250.00 [ID 5397285],5397285,
record:ab1aac9b9437156ac848bdd3,Thomas Rogers,provisional_record_group,Individual,23365,Mitch Green,4,1,1,2500,0,2500,2025-04-03,2025-04-03,1,2500,0,0,2025-04-03: $25.00 [ID 5296379],5296379,
record:ab1dd3cf03fd05b00d5fe767,Diana Harris,provisional_record_group,Individual,23199,Olivia Clark,4,1,1,25000,0,25000,2026-03-18,2026-03-18,0,0,1,25000,2026-03-18: $250.00 [ID 5586610],5586610,
record:ab38952185cafb3766055cc7,Julia Brim-Edwards,provisional_record_group,Individual,15109,Steve Novick,3,1,1,25000,0,25000,2026-08-17,2026-08-17,0,0,1,25000,2026-08-17: $250.00 [ID 5793208],5793208,
record:ab4096dbf9e577eef85e3cc2,James McLaughlin,provisional_record_group,Individual,17629,Eric Zimmerman,4,1,1,5000,0,5000,2026-05-11,2026-05-11,0,0,1,5000,2026-05-11: $50.00 [ID 5679863],5679863,
record:ac0136e7526753a5ecba4bee,Michael Green,provisional_record_group,Individual,23365,Mitch Green,4,1,1,10000,0,10000,2026-08-29,2026-08-29,0,0,1,10000,2026-08-29: $100.00 [ID 5785347],5785347,
record:ac52b288d82546e135182cb6,Robin Karr-Morse,provisional_record_group,Individual,23365,Mitch Green,4,2,2,25000,0,25000,2026-07-24,2026-08-27,0,0,2,25000,2026-07-24: $50.00 [ID 5738158] | 2026-08-27: $200.00 [ID 5818128],5738158|5818128,
record:ac5f93fdad682ea54d4e72ff,Lisa Kislingbury Anderson,provisional_record_group,Individual,23208,Tiffany Koyama Lane,3,1,1,2500,0,2500,2026-06-05,2026-06-05,0,0,1,2500,2026-06-05: $25.00 [ID 5683713],5683713,
record:ac80273376a7d10e953660e5,Gary Clark,provisional_record_group,Individual,23295,Eli Arnold,4,1,1,35000,0,35000,2026-07-22,2026-07-22,0,0,1,35000,2026-07-22: $350.00 [ID 5747145],5747145,
record:ac850e67bf27e224d700101f,Jason Renaud,provisional_record_group,Individual,15109,Steve Novick,3,1,1,25000,0,25000,2025-12-10,2025-12-10,1,25000,0,0,2025-12-10: $250.00 [ID 5459663],5459663,
record:ac87eb3f01273c662692bb29,William Weinischke,provisional_record_group,Individual,15109,Steve Novick,3,1,1,15000,0,15000,2026-06-22,2026-06-22,0,0,1,15000,2026-06-22: $150.00 [ID 5717586],5717586,
record:ac9a31592abb3ad5f9e54ef7,Michael Powell,provisional_record_group,Individual,15109,Steve Novick,3,1,1,35000,0,35000,2026-09-16,2026-09-16,0,0,1,35000,2026-09-16: $350.00 [ID 5830353],5830353,
record:ac9a31592abb3ad5f9e54ef7,Michael Powell,provisional_record_group,Individual,17629,Eric Zimmerman,4,1,1,35000,0,35000,2026-09-16,2026-09-16,0,0,1,35000,2026-09-16: $350.00 [ID 5814004],5814004,
record:acd0133421ab0333e478d297,Jonathan Ling,provisional_record_group,Individual,24973,Esther León,3,1,1,25000,0,25000,2026-05-11,2026-05-11,0,0,1,25000,2026-05-11: $250.00 [ID 5667511],5667511,
record:acf3ffd48d2a4216b64b62b0,Valarie Smith,provisional_record_group,Individual,23028,Angelita Morillo,3,1,1,1500,0,1500,2026-08-30,2026-08-30,0,0,1,1500,2026-08-30: $15.00 [ID 5785456],5785456,
record:ad581621f748db2031354777,Elliot Leonard,provisional_record_group,Individual,15109,Steve Novick,3,1,1,5000,0,5000,2026-09-22,2026-09-22,0,0,1,5000,2026-09-22: $50.00 [ID 5830445],5830445,
record:ad80ba83e0976b1823a38200,Jeffrey Weitzel,provisional_record_group,Individual,23365,Mitch Green,4,1,1,20000,0,20000,2026-07-25,2026-07-25,0,0,1,20000,2026-07-25: $200.00 [ID 5738170],5738170,
record:ada50fee3418e7e30b5c7854,Joe Finkbonner,provisional_record_group,Individual,15109,Steve Novick,3,1,1,35000,0,35000,2026-07-28,2026-07-28,0,0,1,35000,2026-07-28: $350.00 [ID 5760113],5760113,
record:adbd44c5fe26d00256165e13,Morgan Goodman,provisional_record_group,Individual,24897,Kellie Torres,3,1,1,35000,0,35000,2026-05-03,2026-05-03,0,0,1,35000,2026-05-03: $350.00 [ID 5650814],5650814,
record:ae235eea58fe45b849659542,Kari Koch,provisional_record_group,Individual,25040,Jamey Evenstar,4,1,1,10000,0,10000,2026-07-16,2026-07-16,0,0,1,10000,2026-07-16: $100.00 [ID 5729021],5729021,
record:ae2e892c1712aa4aead8cf7b,Duncan Wyse,provisional_record_group,Individual,15109,Steve Novick,3,1,1,25000,0,25000,2026-06-12,2026-06-12,0,0,1,25000,2026-06-12: $250.00 [ID 5717485],5717485,
record:ae3803ccce65a2f57603c666,Paul Utz,provisional_record_group,Individual,15109,Steve Novick,3,1,1,87500,0,87500,2025-12-30,2025-12-30,1,87500,0,0,2025-12-30: $875.00 [ID 5503397],5503397,
record:ae57449bd8e75165c4fd7c23,Gunnar Erickson,provisional_record_group,Individual,23295,Eli Arnold,4,1,1,35000,0,35000,2026-08-27,2026-08-27,0,0,1,35000,2026-08-27: $350.00 [ID 5786178],5786178,
record:ae657c41a93cfbe27c168e26,Julia Brim-Edwards,provisional_record_group,Individual,24897,Kellie Torres,3,1,1,25000,0,25000,2026-03-31,2026-03-31,0,0,1,25000,2026-03-31: $250.00 [ID 5622318],5622318,
record:ae6c6ba36d76279623de3392,Bert Tavelli,provisional_record_group,Individual,23199,Olivia Clark,4,1,1,10000,0,10000,2026-06-22,2026-06-22,0,0,1,10000,2026-06-22: $100.00 [ID 5717798],5717798,
record:ae9e6a4a30a8d706e5f62f67,Diana Bianco,provisional_record_group,Individual,15109,Steve Novick,3,1,1,20000,0,20000,2026-02-09,2026-02-09,0,0,1,20000,2026-02-09: $200.00 [ID 5534859],5534859,
record:aee63e21a66e39f5f7c6f4a1,John Russell,provisional_record_group,Individual,23295,Eli Arnold,4,1,1,25000,0,25000,2026-02-02,2026-02-02,0,0,1,25000,2026-02-02: $250.00 [ID 5554616],5554616,
record:aeed4217f652dc9fb71b93f6,Robert Bonaparte,provisional_record_group,Individual,15109,Steve Novick,3,1,1,20000,10000,10000,2026-09-22,2026-09-22,0,0,1,20000,2026-09-22: $200.00 [ID 5830422],5830422,5830563
record:af99893e186815f9efbd9fe3,Robyn Gregory,provisional_record_group,Individual,23208,Tiffany Koyama Lane,3,1,1,15000,0,15000,2025-09-12,2025-09-12,1,15000,0,0,2025-09-12: $150.00 [ID 5383344],5383344,
record:afd6a3613b120ab2274da5e6,Sharon Toscano,provisional_record_group,Individual,23199,Olivia Clark,4,1,1,35000,0,35000,2026-02-08,2026-02-08,0,0,1,35000,2026-02-08: $350.00 [ID 5541157],5541157,
record:b01a8ae58f9767168118d176,Domonic Biggi,provisional_record_group,Individual,23295,Eli Arnold,4,2,2,20000,0,20000,2026-09-03,2026-09-14,0,0,2,20000,2026-09-03: $100.00 [ID 5820950] | 2026-09-14: $100.00 [ID 5820951],5820950|5820951,
record:b0a165810fb049b60c366ff9,Seth Caddy,provisional_record_group,Individual,23365,Mitch Green,4,4,4,10000,0,10000,2025-12-20,2026-07-20,1,2500,3,7500,2025-12-20: $25.00 [ID 5472011] | 2026-05-20: $25.00 [ID 5672541] | 2026-06-20: $25.00 [ID 5697318] | 2026-07-20: $25.00 [ID 5738022],5472011|5672541|5697318|5738022,
record:b0cc466b86e167184ea3dd7e,Jane Mason,provisional_record_group,Individual,23199,Olivia Clark,4,1,1,35000,0,35000,2026-01-10,2026-01-10,0,0,1,35000,2026-01-10: $350.00 [ID 5513903],5513903,
record:b0fb65d31b6742d2d132f326,Diana E Goldschmidt,provisional_record_group,Individual,23411,Jeremy Beausoleil Smith,4,1,1,25000,0,25000,2026-07-31,2026-07-31,0,0,1,25000,2026-07-31: $250.00 [ID 5768120],5768120,
record:b12a7d93603030931b29ea17,Cynthia Dulcich,provisional_record_group,Individual,17629,Eric Zimmerman,4,1,1,35000,0,35000,2026-04-28,2026-04-28,0,0,1,35000,2026-04-28: $350.00 [ID 5651920],5651920,
record:b1447f40d71de4c09cd6d81f,Robert Smith,provisional_record_group,Candidate & Immediate Family,23411,Jeremy Beausoleil Smith,4,1,1,25500,0,25500,2026-08-15,2026-08-15,0,0,1,25500,2026-08-15: $255.00 [ID 5774451],5774451,
record:b16dc74dae8e1a299f036e25,Mark Jamieson,provisional_record_group,Individual,24897,Kellie Torres,3,1,1,5000,0,5000,2026-08-23,2026-08-23,0,0,1,5000,2026-08-23: $50.00 [ID 5774918],5774918,
record:b1772552ba3168e51b6cdbd1,Andrew Rowe,provisional_record_group,Individual,17629,Eric Zimmerman,4,1,1,35000,0,35000,2026-05-28,2026-05-28,0,0,1,35000,2026-05-28: $350.00 [ID 5679894],5679894,
record:b1ba3b9b173290596deb4750,Kevin Shanley,provisional_record_group,Individual,23199,Olivia Clark,4,1,1,25000,0,25000,2026-06-28,2026-06-28,0,0,1,25000,2026-06-28: $250.00 [ID 5717889],5717889,
record:b1e48c526708852f74442d10,Ryan Sotomayor,provisional_record_group,Individual,23028,Angelita Morillo,3,1,1,5000,0,5000,2026-08-24,2026-08-24,0,0,1,5000,2026-08-24: $50.00 [ID 5775533],5775533,
record:b1e48c526708852f74442d10,Ryan Sotomayor,provisional_record_group,Individual,23208,Tiffany Koyama Lane,3,2,2,10000,0,10000,2026-07-30,2026-08-30,0,0,2,10000,2026-07-30: $50.00 [ID 5748752] | 2026-08-30: $50.00 [ID 5785513],5748752|5785513,
record:b1e48c526708852f74442d10,Ryan Sotomayor,provisional_record_group,Individual,23365,Mitch Green,4,2,2,10000,0,10000,2026-07-24,2026-08-24,0,0,2,10000,2026-07-24: $50.00 [ID 5738159] | 2026-08-24: $50.00 [ID 5775516],5738159|5775516,
record:b221ae65b6b7fc59ae2ccbba,Eugene Uphoff,provisional_record_group,Individual,15109,Steve Novick,3,1,1,10000,0,10000,2026-08-11,2026-08-11,0,0,1,10000,2026-08-11: $100.00 [ID 5793168],5793168,
record:b26c4f54423aa0532685f588,Gay Greger,provisional_record_group,Individual,15109,Steve Novick,3,1,1,10000,0,10000,2026-08-27,2026-08-27,0,0,1,10000,2026-08-27: $100.00 [ID 5793328],5793328,
record:b2dec29cc8ee148df797c810,Eric Lindauer,provisional_record_group,Individual,15109,Steve Novick,3,1,1,25000,0,25000,2026-07-31,2026-07-31,0,0,1,25000,2026-07-31: $250.00 [ID 5760144],5760144,
record:b2eaecef51a755b714e1d27b,Eric Graessley,provisional_record_group,Individual,23365,Mitch Green,4,1,1,10000,0,10000,2026-09-20,2026-09-20,0,0,1,10000,2026-09-20: $100.00 [ID 5818375],5818375,
record:b2f71716931f8fba3ae71ec9,Kaye Burnet,provisional_record_group,Individual,23028,Angelita Morillo,3,1,1,3500,0,3500,2026-09-20,2026-09-20,0,0,1,3500,2026-09-20: $35.00 [ID 5818573],5818573,
record:b32754af541bf090248b9037,Talia Gad,provisional_record_group,Individual,17629,Eric Zimmerman,4,1,1,25000,0,25000,2026-09-16,2026-09-16,0,0,1,25000,2026-09-16: $250.00 [ID 5813996],5813996,
record:b37eecaa43ec09fa08a669ab,Peter Hayes,provisional_record_group,Individual,23295,Eli Arnold,4,1,1,5000,0,5000,2026-08-27,2026-08-27,0,0,1,5000,2026-08-27: $50.00 [ID 5786175],5786175,
record:b38d2d88807922e4210a0cce,Lisa Tran,provisional_record_group,Individual,24661,Tom Sollitt,3,1,1,25000,0,25000,2026-07-20,2026-07-20,0,0,1,25000,2026-07-20: $250.00 [ID 5732057],5732057,
record:b3ebcb6ffe16a8e740a42105,Clyde Holland,provisional_record_group,Individual,24897,Kellie Torres,3,1,1,35000,0,35000,2026-08-09,2026-08-09,0,0,1,35000,2026-08-09: $350.00 [ID 5780401],5780401,
record:b40bff0cf42a20d92606cacf,Peter Northrup,provisional_record_group,Individual,23295,Eli Arnold,4,1,1,50000,15000,35000,2026-04-19,2026-04-19,0,0,1,50000,2026-04-19: $500.00 [ID 5634490],5634490,5640856
record:b45cba06f0b1e818c52371b8,Mary Li,provisional_record_group,Individual,23208,Tiffany Koyama Lane,3,2,2,31000,0,31000,2025-09-13,2026-08-26,1,12500,1,18500,2025-09-13: $125.00 [ID 5409548] | 2026-08-26: $185.00 [ID 5785457],5409548|5785457,
record:b478213d1becde2bb453d3af,Robert Ames,provisional_record_group,Individual,24897,Kellie Torres,3,1,1,35000,0,35000,2026-08-09,2026-08-09,0,0,1,35000,2026-08-09: $350.00 [ID 5780403],5780403,
record:b4af7d6e69926dd1ead8c071,Kate Willie,provisional_record_group,Individual,24897,Kellie Torres,3,1,1,25000,0,25000,2026-03-29,2026-03-29,0,0,1,25000,2026-03-29: $250.00 [ID 5619052],5619052,
record:b4e11017676575f260ebeb2a,Patrick Aitchison,provisional_record_group,Individual,15109,Steve Novick,3,1,1,20000,0,20000,2026-07-13,2026-07-13,0,0,1,20000,2026-07-13: $200.00 [ID 5732283],5732283,
record:b50b35b5e871a032f10d9d4b,Stephen Goodman,provisional_record_group,Individual,23199,Olivia Clark,4,1,1,35000,0,35000,2025-12-10,2025-12-10,1,35000,0,0,2025-12-10: $350.00 [ID 5473746],5473746,
record:b52dbd36fd91a8fe522a6f09,Laura Graser,provisional_record_group,Individual,15109,Steve Novick,3,1,1,10000,0,10000,2026-06-23,2026-06-23,0,0,1,10000,2026-06-23: $100.00 [ID 5717567],5717567,
record:b54fca459f4402566b0f62ed,Timothy Boyle,provisional_record_group,Individual,17629,Eric Zimmerman,4,1,1,35000,0,35000,2026-09-18,2026-09-18,0,0,1,35000,2026-09-18: $350.00 [ID 5828804],5828804,
record:b57731ffc1a30d8dd14cf04a,Robert McCullough,provisional_record_group,Individual,23199,Olivia Clark,4,1,1,35000,0,35000,2026-03-21,2026-03-21,0,0,1,35000,2026-03-21: $350.00 [ID 5586619],5586619,
record:b5d53f511355100ed7169769,Kathleen Holt,provisional_record_group,Individual,23028,Angelita Morillo,3,1,1,35000,0,35000,2026-07-29,2026-07-29,0,0,1,35000,2026-07-29: $350.00 [ID 5746657],5746657,
record:b5d53f511355100ed7169769,Kathleen Holt,provisional_record_group,Individual,23208,Tiffany Koyama Lane,3,1,1,30000,0,30000,2026-05-30,2026-05-30,0,0,1,30000,2026-05-30: $300.00 [ID 5679254],5679254,
record:b5d53f511355100ed7169769,Kathleen Holt,provisional_record_group,Individual,23365,Mitch Green,4,1,1,35000,0,35000,2026-07-29,2026-07-29,0,0,1,35000,2026-07-29: $350.00 [ID 5745251],5745251,
record:b60ff1d8c6586adb080581db,Stan Amy,provisional_record_group,Individual,23295,Eli Arnold,4,1,1,35000,0,35000,2026-06-02,2026-06-02,0,0,1,35000,2026-06-02: $350.00 [ID 5686458],5686458,
record:b622e86398339661cebb8570,Rosemary Furfey,provisional_record_group,Individual,15109,Steve Novick,3,1,1,10000,0,10000,2026-08-02,2026-08-02,0,0,1,10000,2026-08-02: $100.00 [ID 5760171],5760171,
record:b6ee1fb9cff28e00c243203b,Matthew Cleinman,provisional_record_group,Individual,23365,Mitch Green,4,1,1,20000,0,20000,2025-08-22,2025-08-22,1,20000,0,0,2025-08-22: $200.00 [ID 5384550],5384550,
record:b727a0149f2ff152c718802d,Sarah Foster,provisional_record_group,Individual,23028,Angelita Morillo,3,2,2,12666,0,12666,2026-05-21,2026-06-25,0,0,2,12666,2026-05-21: $116.66 [ID 5672837] | 2026-06-25: $10.00 [ID 5702851],5672837|5702851,
record:b727a0149f2ff152c718802d,Sarah Foster,provisional_record_group,Individual,23208,Tiffany Koyama Lane,3,2,2,12667,0,12667,2026-05-21,2026-06-25,0,0,2,12667,2026-05-21: $116.67 [ID 5672502] | 2026-06-25: $10.00 [ID 5702529],5672502|5702529,
record:b727a0149f2ff152c718802d,Sarah Foster,provisional_record_group,Individual,23365,Mitch Green,4,2,2,12667,0,12667,2026-05-21,2026-06-25,0,0,2,12667,2026-05-21: $116.67 [ID 5672570] | 2026-06-25: $10.00 [ID 5702585],5672570|5702585,
record:b88172743c9b3289d90abf42,Kirk Maag,provisional_record_group,Individual,17629,Eric Zimmerman,4,1,1,35000,0,35000,2026-08-13,2026-08-13,0,0,1,35000,2026-08-13: $350.00 [ID 5778090],5778090,
record:b8ce80a82de7a952d339de24,Steve Hanrahan,provisional_record_group,Individual,15109,Steve Novick,3,1,1,10000,0,10000,2026-07-25,2026-07-25,0,0,1,10000,2026-07-25: $100.00 [ID 5760082],5760082,
record:b8d5d803cfe65bd7c78897ad,Ronals Sauer,provisional_record_group,Individual,17629,Eric Zimmerman,4,1,1,35000,0,35000,2026-08-20,2026-08-20,0,0,1,35000,2026-08-20: $350.00 [ID 5778127],5778127,
record:b962000185870d1f0b66782d,Brendan Pettit,provisional_record_group,Individual,24966,Matthias Hallett,3,1,1,10330,0,10330,2026-07-15,2026-07-15,0,0,1,10330,2026-07-15: $103.30 [ID 5755773],5755773,
record:b97064fbb428b677e05d0316,Sue Kelly,provisional_record_group,Individual,24897,Kellie Torres,3,1,1,35000,0,35000,2026-08-30,2026-08-30,0,0,1,35000,2026-08-30: $350.00 [ID 5795580],5795580,
record:b97e5c1133ed8d818dbfc542,Fred Jubitz,provisional_record_group,Individual,24897,Kellie Torres,3,1,1,35000,0,35000,2026-08-09,2026-08-09,0,0,1,35000,2026-08-09: $350.00 [ID 5780404],5780404,
record:b99b135af1aed60680f23bf7,Don Powell,provisional_record_group,Individual,24897,Kellie Torres,3,1,1,10000,0,10000,2026-06-21,2026-06-21,0,0,1,10000,2026-06-21: $100.00 [ID 5701995],5701995,
record:b9a794e05bbcc9a3149f7999,Lynn Parks,provisional_record_group,Individual,23208,Tiffany Koyama Lane,3,2,2,25000,0,25000,2026-04-28,2026-09-10,0,0,2,25000,2026-04-28: $150.00 [ID 5649168] | 2026-09-10: $100.00 [ID 5807895],5649168|5807895,
record:b9c165096a36b4deac558e13,Mary Matthews,provisional_record_group,Individual,23028,Angelita Morillo,3,2,2,5000,0,5000,2026-05-26,2026-06-26,0,0,2,5000,2026-05-26: $25.00 [ID 5679448] | 2026-06-26: $25.00 [ID 5702956],5679448|5702956,
record:b9c165096a36b4deac558e13,Mary Matthews,provisional_record_group,Individual,23208,Tiffany Koyama Lane,3,1,1,35000,0,35000,2025-10-11,2025-10-11,1,35000,0,0,2025-10-11: $350.00 [ID 5407219],5407219,
record:ba03ea7988e36190dbe405f8,Sheila O¿¿¿Neill,provisional_record_group,Individual,25103,Jayne Cronlund,4,1,1,10000,0,10000,2026-09-10,2026-09-10,0,0,1,10000,2026-09-10: $100.00 [ID 5831769],5831769,
record:ba6f9cf6709e66dc30b5f7d7,Katherine Hawkins,provisional_record_group,Individual,24897,Kellie Torres,3,1,1,25000,0,25000,2026-03-31,2026-03-31,0,0,1,25000,2026-03-31: $250.00 [ID 5621631],5621631,
record:ba785c312de9c47c81d7e650,Judith Deleo,provisional_record_group,Individual,23295,Eli Arnold,4,1,1,25000,0,25000,2026-05-31,2026-05-31,0,0,1,25000,2026-05-31: $250.00 [ID 5686447],5686447,
record:ba7f8f8412872d3bc5bf566f,Robert Walsh,provisional_record_group,Individual,17629,Eric Zimmerman,4,1,1,35000,0,35000,2026-08-26,2026-08-26,0,0,1,35000,2026-08-26: $350.00 [ID 5813827],5813827,
record:baac06be1d91a3fa71ca895a,Peter Angel,provisional_record_group,Individual,17629,Eric Zimmerman,4,1,1,35000,0,35000,2026-08-20,2026-08-20,0,0,1,35000,2026-08-20: $350.00 [ID 5813806],5813806,
record:baac06be1d91a3fa71ca895a,Peter Angel,provisional_record_group,Individual,23199,Olivia Clark,4,1,1,35000,0,35000,2026-08-31,2026-08-31,0,0,1,35000,2026-08-31: $350.00 [ID 5800292],5800292,
record:baac06be1d91a3fa71ca895a,Peter Angel,provisional_record_group,Individual,23295,Eli Arnold,4,1,1,35000,0,35000,2026-08-31,2026-08-31,0,0,1,35000,2026-08-31: $350.00 [ID 5786202],5786202,
record:bab8ac48c98bfb112b687deb,Barre Stoll,provisional_record_group,Individual,23199,Olivia Clark,4,1,1,35000,0,35000,2026-03-19,2026-03-19,0,0,1,35000,2026-03-19: $350.00 [ID 5586613],5586613,
record:bb10a7f511081e18b98a194d,Rob Maletis,provisional_record_group,Individual,17629,Eric Zimmerman,4,1,1,35000,0,35000,2026-08-21,2026-08-21,0,0,1,35000,2026-08-21: $350.00 [ID 5778143],5778143,
record:bb5a9ac9dd14422a2f9ad42f,Mark LeRoux,provisional_record_group,Individual,24897,Kellie Torres,3,1,1,35000,0,35000,2026-08-09,2026-08-09,0,0,1,35000,2026-08-09: $350.00 [ID 5760986],5760986,
record:bb6ad34466bac618926407bf,Thomas Morgan,provisional_record_group,Individual,23295,Eli Arnold,4,1,1,10000,0,10000,2026-08-31,2026-08-31,0,0,1,10000,2026-08-31: $100.00 [ID 5820875],5820875,
record:bb852b7df8f9b04527603b08,John Taylor,provisional_record_group,Individual,17629,Eric Zimmerman,4,1,1,20000,0,20000,2026-09-18,2026-09-18,0,0,1,20000,2026-09-18: $200.00 [ID 5828825],5828825,
record:bbd18fc8bae2030ab3f70bde,doyle canning,provisional_record_group,Individual,23208,Tiffany Koyama Lane,3,1,1,10100,0,10100,2026-09-12,2026-09-12,0,0,1,10100,2026-09-12: $101.00 [ID 5807970],5807970,
record:bc13c75f3c3c634e153970cd,Tiffany Casey,provisional_record_group,Individual,24897,Kellie Torres,3,1,1,25000,0,25000,2026-03-31,2026-03-31,0,0,1,25000,2026-03-31: $250.00 [ID 5621387],5621387,
record:bc41adb875e9be4a522475ff,Lew Bowers,provisional_record_group,Individual,15109,Steve Novick,3,1,1,2500,0,2500,2026-07-30,2026-07-30,0,0,1,2500,2026-07-30: $25.00 [ID 5760139],5760139,
record:bc75037f255978e888d428d7,Annie Ellison,provisional_record_group,Individual,23208,Tiffany Koyama Lane,3,1,1,35000,0,35000,2025-12-22,2025-12-22,1,35000,0,0,2025-12-22: $350.00 [ID 5530594],5530594,
record:bc9597c74280f50fe47f92e0,Alan McCollom,provisional_record_group,Individual,23365,Mitch Green,4,1,1,35000,0,35000,2025-12-05,2025-12-05,1,35000,0,0,2025-12-05: $350.00 [ID 5456633],5456633,
record:bcb1fc6b4c1ef5b295f24778,Marisa DeMull,provisional_record_group,Individual,25040,Jamey Evenstar,4,2,1,50000,0,50000,2026-05-16,2026-05-16,0,0,2,50000,2026-05-16: $350.00 [ID 5666201] | 2026-05-16: $150.00 [ID 5666203],5666201|5666203,
record:bcb4875c085f962f8df9f346,John Urang,provisional_record_group,Individual,15109,Steve Novick,3,1,1,5000,0,5000,2026-08-04,2026-08-04,0,0,1,5000,2026-08-04: $50.00 [ID 5793152],5793152,
record:bcb5f2650254d71bf5f54b52,Amy Beacom,provisional_record_group,Individual,25103,Jayne Cronlund,4,1,1,50000,0,50000,2026-07-28,2026-07-28,0,0,1,50000,2026-07-28: $500.00 [ID 5759285],5759285,
record:bcbc71df1cb2f41a0facdf35,Kelli Kerbawy,provisional_record_group,Individual,23295,Eli Arnold,4,1,1,35000,0,35000,2025-11-17,2025-11-17,1,35000,0,0,2025-11-17: $350.00 [ID 5459904],5459904,
record:bcfdf65f161d5b1dfdf96779,Maria Perry-Crawshaw,provisional_record_group,Individual,23295,Eli Arnold,4,1,1,87500,0,87500,2025-12-30,2025-12-30,1,87500,0,0,2025-12-30: $875.00 [ID 5505089],5505089,
record:bd15a17246f9357eece518d1,John Ogden,provisional_record_group,Individual,17629,Eric Zimmerman,4,1,1,35000,0,35000,2026-08-25,2026-08-25,0,0,1,35000,2026-08-25: $350.00 [ID 5778182],5778182,
record:bdbec83c2c1e7877fbeb6451,Chloe Johnson,provisional_record_group,Individual,24897,Kellie Torres,3,1,1,25000,0,25000,2026-08-23,2026-08-23,0,0,1,25000,2026-08-23: $250.00 [ID 5774896],5774896,
record:bddac200c58be6b2b9be6c78,Douglas De Weese,provisional_record_group,Individual,23199,Olivia Clark,4,1,1,35000,0,35000,2026-06-06,2026-06-06,0,0,1,35000,2026-06-06: $350.00 [ID 5685630],5685630,
record:be4be0e801c539e341f75481,Erin Moran,provisional_record_group,Individual,25103,Jayne Cronlund,4,1,1,35000,0,35000,2026-09-13,2026-09-13,0,0,1,35000,2026-09-13: $350.00 [ID 5831777],5831777,
record:be89415ca26b67f4eea81903,Janet Williamson,provisional_record_group,Individual,23199,Olivia Clark,4,1,1,25000,0,25000,2025-11-05,2025-11-05,1,25000,0,0,2025-11-05: $250.00 [ID 5444406],5444406,
record:be9331e13563417e160d1e3c,Lauren Menashe,provisional_record_group,Individual,24897,Kellie Torres,3,1,1,35000,0,35000,2026-08-09,2026-08-09,0,0,1,35000,2026-08-09: $350.00 [ID 5780407],5780407,
record:be9a308981eed57e0c012d01,Johanna Brenner,provisional_record_group,Individual,23365,Mitch Green,4,6,6,15000,0,15000,2025-12-20,2026-09-20,1,2500,5,12500,2025-12-20: $25.00 [ID 5472013] | 2026-05-20: $25.00 [ID 5672547] | 2026-06-20: $25.00 [ID 5697317] | 2026-07-20: $25.00 [ID 5738027] | 2026-08-20: $25.00 [ID 5774271] | 2026-09-20: $25.00 [ID 5818405],5472013|5672547|5697317|5738027|5774271|5818405,
record:beb0a45448bab78ac80062ab,Lucas Norris,provisional_record_group,Individual,23028,Angelita Morillo,3,1,1,11666,0,11666,2026-05-04,2026-05-04,0,0,1,11666,2026-05-04: $116.66 [ID 5656480],5656480,
record:beb0a45448bab78ac80062ab,Lucas Norris,provisional_record_group,Individual,23208,Tiffany Koyama Lane,3,1,1,11667,0,11667,2026-05-04,2026-05-04,0,0,1,11667,2026-05-04: $116.67 [ID 5654626],5654626,
record:beb0a45448bab78ac80062ab,Lucas Norris,provisional_record_group,Individual,23365,Mitch Green,4,1,1,11667,0,11667,2026-05-04,2026-05-04,0,0,1,11667,2026-05-04: $116.67 [ID 5658057],5658057,
record:c0579dae1f3c74b5debb9b2e,Barbara Ford,provisional_record_group,Individual,23365,Mitch Green,4,1,1,20000,7500,12500,2026-07-26,2026-07-26,0,0,1,20000,2026-07-26: $200.00 [ID 5738180],5738180,5738792
record:c0e592c3a3660f2888ee130a,Julia Marrocco,provisional_record_group,Individual,23295,Eli Arnold,4,1,1,10000,0,10000,2026-09-17,2026-09-17,0,0,1,10000,2026-09-17: $100.00 [ID 5821046],5821046,
record:c148c5b5121f57a6697f07b0,TC Staton,provisional_record_group,Individual,15109,Steve Novick,3,1,1,35000,0,35000,2026-01-27,2026-01-27,0,0,1,35000,2026-01-27: $350.00 [ID 5528691],5528691,
record:c15eb1d8d153e4c7fa2d00f2,Jessica Getman,provisional_record_group,Individual,24897,Kellie Torres,3,1,1,35000,0,35000,2026-08-09,2026-08-09,0,0,1,35000,2026-08-09: $350.00 [ID 5780412],5780412,
record:c17ab79e48bafe3263103371,Elizabeth Kilgore,provisional_record_group,Individual,23208,Tiffany Koyama Lane,3,1,1,5000,0,5000,2025-11-17,2025-11-17,1,5000,0,0,2025-11-17: $50.00 [ID 5442656],5442656,
record:c1a122b5bdf00b7004cbe246,Annie Naranjo-Rivera,provisional_record_group,Individual,23208,Tiffany Koyama Lane,3,1,1,10100,0,10100,2026-02-06,2026-02-06,0,0,1,10100,2026-02-06: $101.00 [ID 5532593],5532593,
record:c1d1d33d5582cb0b260db268,Brian Alfrey,provisional_record_group,Individual,24897,Kellie Torres,3,1,1,25000,0,25000,2026-03-29,2026-03-29,0,0,1,25000,2026-03-29: $250.00 [ID 5619037],5619037,
record:c1daf3610ab595af6d94a7b1,Doug McLeod,provisional_record_group,Individual,23295,Eli Arnold,4,1,1,25000,0,25000,2026-01-23,2026-01-23,0,0,1,25000,2026-01-23: $250.00 [ID 5524737],5524737,
record:c276febce42211249bb2aebb,William Hawkins,provisional_record_group,Individual,24897,Kellie Torres,3,2,2,35000,0,35000,2026-03-31,2026-07-21,0,0,2,35000,2026-03-31: $250.00 [ID 5621686] | 2026-07-21: $100.00 [ID 5733641],5621686|5733641,
record:c2a58f3d1329bfea906f999d,Heather Heatlie,provisional_record_group,Individual,23365,Mitch Green,4,2,2,7500,0,7500,2026-06-27,2026-09-20,0,0,2,7500,2026-06-27: $50.00 [ID 5702633] | 2026-09-20: $25.00 [ID 5818409],5702633|5818409,
record:c2b3dff4bf199acda0f3790d,Daniel Floyd,provisional_record_group,Individual,24897,Kellie Torres,3,1,1,35000,0,35000,2026-03-29,2026-03-29,0,0,1,35000,2026-03-29: $350.00 [ID 5619064],5619064,
record:c2c559727f5e052d4e4d81e0,Chase Lingelbach,provisional_record_group,Individual,23365,Mitch Green,4,1,1,13120,0,13120,2026-09-18,2026-09-18,0,0,1,13120,2026-09-18: $131.20 [ID 5818241],5818241,
record:c2eb15d95d57f1eb67f64e10,Matthew Conine,provisional_record_group,Individual,23295,Eli Arnold,4,1,1,35000,0,35000,2026-03-03,2026-03-03,0,0,1,35000,2026-03-03: $350.00 [ID 5573044],5573044,
record:c35954f5ed1b1d9481eccdcf,Ted Labbe,provisional_record_group,Individual,23208,Tiffany Koyama Lane,3,1,1,35000,0,35000,2025-11-20,2025-11-20,1,35000,0,0,2025-11-20: $350.00 [ID 5442684],5442684,
record:c35954f5ed1b1d9481eccdcf,Ted Labbe,provisional_record_group,Individual,23365,Mitch Green,4,1,1,35000,0,35000,2025-11-20,2025-11-20,1,35000,0,0,2025-11-20: $350.00 [ID 5442744],5442744,
record:c37757f8ef4228fe56336689,Kyle Curtis,provisional_record_group,Individual,23208,Tiffany Koyama Lane,3,1,1,20000,0,20000,2026-01-15,2026-01-15,0,0,1,20000,2026-01-15: $200.00 [ID 5510892],5510892,
record:c39783dd7a0585bc371ed075,Georgia Jack,provisional_record_group,Individual,24661,Tom Sollitt,3,1,1,20000,0,20000,2026-08-19,2026-08-19,0,0,1,20000,2026-08-19: $200.00 [ID 5801233],5801233,
record:c39783dd7a0585bc371ed075,Georgia Jack,provisional_record_group,Individual,24897,Kellie Torres,3,1,1,10000,0,10000,2026-08-16,2026-08-16,0,0,1,10000,2026-08-16: $100.00 [ID 5768561],5768561,
record:c3f7b0695fe032533ea2dbf3,Adam Mcisaac,provisional_record_group,Individual,15109,Steve Novick,3,1,1,10000,0,10000,2026-08-04,2026-08-04,0,0,1,10000,2026-08-04: $100.00 [ID 5760175],5760175,
record:c403ada34aed62330f34e046,Wesley Smith,provisional_record_group,Candidate & Immediate Family,23411,Jeremy Beausoleil Smith,4,1,1,25000,0,25000,2026-08-15,2026-08-15,0,0,1,25000,2026-08-15: $250.00 [ID 5774446],5774446,
record:c431d1b8db17bcbd50cc8905,John Gillette,provisional_record_group,Individual,23295,Eli Arnold,4,2,2,20000,0,20000,2026-05-28,2026-05-29,0,0,2,20000,2026-05-28: $100.00 [ID 5686406] | 2026-05-29: $100.00 [ID 5686441],5686406|5686441,
record:c4d94e3622caf806a8a45d30,Ellen Weeks,provisional_record_group,Individual,24897,Kellie Torres,3,1,1,10000,0,10000,2026-08-30,2026-08-30,0,0,1,10000,2026-08-30: $100.00 [ID 5795587],5795587,
record:c5567617633edc4002091c1d,Dan Ryan,provisional_record_group,Individual,17629,Eric Zimmerman,4,1,1,35000,0,35000,2026-08-26,2026-08-26,0,0,1,35000,2026-08-26: $350.00 [ID 5778190],5778190,
record:c5645675b8714fc01ac69771,Gregory Mulvihill,provisional_record_group,Individual,23199,Olivia Clark,4,1,1,30000,0,30000,2025-09-27,2025-09-27,1,30000,0,0,2025-09-27: $300.00 [ID 5397309],5397309,
record:c5b446180059bb03544623dd,Michael Sugar,provisional_record_group,Individual,23028,Angelita Morillo,3,1,1,11300,0,11300,2026-04-26,2026-04-26,0,0,1,11300,2026-04-26: $113.00 [ID 5642623],5642623,
record:c5c2b88fcdc72f435ac5ab30,Lewis Brantley,provisional_record_group,Individual,24897,Kellie Torres,3,1,1,35000,0,35000,2026-08-09,2026-08-09,0,0,1,35000,2026-08-09: $350.00 [ID 5761005],5761005,
record:c5c7d87a5a5cf7e8f4dab4ae,Andrew Middag,provisional_record_group,Individual,23411,Jeremy Beausoleil Smith,4,1,1,10000,0,10000,2026-08-15,2026-08-15,0,0,1,10000,2026-08-15: $100.00 [ID 5767673],5767673,
record:c644d09eb34c33179713d535,Timur Ender,provisional_record_group,Individual,23028,Angelita Morillo,3,1,1,35000,0,35000,2026-01-04,2026-01-04,0,0,1,35000,2026-01-04: $350.00 [ID 5500496],5500496,
record:c6590095d98c783f9bafd07d,Annette Mcfarlane,provisional_record_group,Individual,23199,Olivia Clark,4,1,1,10000,0,10000,2026-07-24,2026-07-24,0,0,1,10000,2026-07-24: $100.00 [ID 5759619],5759619,
record:c6b200f952b42e8711ac92b8,Don Powell,provisional_record_group,Individual,23199,Olivia Clark,4,1,1,35000,0,35000,2025-11-15,2025-11-15,1,35000,0,0,2025-11-15: $350.00 [ID 5444462],5444462,
record:c6f4763ed2f1ca9a948e05b9,Donald Powell,provisional_record_group,Individual,17629,Eric Zimmerman,4,1,1,25000,0,25000,2026-03-26,2026-03-26,0,0,1,25000,2026-03-26: $250.00 [ID 5598550],5598550,
record:c78477ad3ac2bc85a91b7338,Marilyn Epstein,provisional_record_group,Individual,15109,Steve Novick,3,1,1,35000,0,35000,2026-07-27,2026-07-27,0,0,1,35000,2026-07-27: $350.00 [ID 5760089],5760089,
record:c796127b4c75478a03fc66cc,Karen Tosi,provisional_record_group,Individual,15109,Steve Novick,3,1,1,50000,0,50000,2025-12-30,2025-12-30,1,50000,0,0,2025-12-30: $500.00 [ID 5503378],5503378,
record:c7d46c38c3d4a2c9d8a1ae45,Bruce Jaynes,provisional_record_group,Individual,17629,Eric Zimmerman,4,1,1,20000,0,20000,2026-08-24,2026-08-24,0,0,1,20000,2026-08-24: $200.00 [ID 5778156],5778156,
record:c7f00f5a18407e7d2185b176,Rob Maletis,provisional_record_group,Individual,24897,Kellie Torres,3,1,1,35000,0,35000,2026-08-09,2026-08-09,0,0,1,35000,2026-08-09: $350.00 [ID 5761015],5761015,
record:c80569db15b6628d7011302b,David Shaw,provisional_record_group,Individual,15109,Steve Novick,3,2,2,35000,0,35000,2026-04-14,2026-07-28,0,0,2,35000,2026-04-14: $250.00 [ID 5657756] | 2026-07-28: $100.00 [ID 5760111],5657756|5760111,
record:ca13d8e1058f481f2edb1407,Robert Harrison,provisional_record_group,Individual,17629,Eric Zimmerman,4,1,1,35000,0,35000,2026-08-21,2026-08-21,0,0,1,35000,2026-08-21: $350.00 [ID 5778132],5778132,
record:ca6e9d6443038329319b5e64,Macgregor Hall,provisional_record_group,Individual,15109,Steve Novick,3,1,1,25000,0,25000,2026-06-04,2026-06-04,0,0,1,25000,2026-06-04: $250.00 [ID 5685076],5685076,
record:ca7cf760543e9e7309e3fc0f,Ben Davis,provisional_record_group,Individual,24966,Matthias Hallett,3,1,1,25000,0,25000,2026-07-28,2026-07-28,0,0,1,25000,2026-07-28: $250.00 [ID 5755689],5755689,
record:cb44abf9d171b3bb6ee44737,Nicholas Caleb,provisional_record_group,Individual,23208,Tiffany Koyama Lane,3,1,1,10100,0,10100,2026-04-29,2026-04-29,0,0,1,10100,2026-04-29: $101.00 [ID 5649235],5649235,
record:cb581de30d9c627f1e1cbfb0,Matthew Van Natta,provisional_record_group,Individual,23028,Angelita Morillo,3,1,1,35000,0,35000,2026-04-29,2026-04-29,0,0,1,35000,2026-04-29: $350.00 [ID 5647334],5647334,
record:cb59c4762b85c2abff9c8e72,Chris Burton,provisional_record_group,Individual,23295,Eli Arnold,4,4,4,10000,0,10000,2026-05-27,2026-08-27,0,0,4,10000,2026-05-27: $25.00 [ID 5674962] | 2026-06-27: $25.00 [ID 5704093] | 2026-07-27: $25.00 [ID 5747157] | 2026-08-27: $25.00 [ID 5786166],5674962|5704093|5747157|5786166,
record:cb91bdff2bd9c7317f4e7c1a,Glenn Traeger,provisional_record_group,Individual,17629,Eric Zimmerman,4,1,1,10000,0,10000,2026-08-21,2026-08-21,0,0,1,10000,2026-08-21: $100.00 [ID 5778145],5778145,
record:cb91bdff2bd9c7317f4e7c1a,Glenn Traeger,provisional_record_group,Individual,23199,Olivia Clark,4,1,1,10000,0,10000,2026-08-21,2026-08-21,0,0,1,10000,2026-08-21: $100.00 [ID 5800281],5800281,
record:cbbb2d5e84bb17a3bef12f68,Travis Meuwissen,provisional_record_group,Individual,17629,Eric Zimmerman,4,1,1,20000,0,20000,2026-08-25,2026-08-25,0,0,1,20000,2026-08-25: $200.00 [ID 5778183],5778183,
record:cbec3df50e8e4df1eee0129a,Kyle Prosen,provisional_record_group,Individual,24897,Kellie Torres,3,1,1,34200,0,34200,2026-07-26,2026-07-26,0,0,1,34200,2026-07-26: $342.00 [ID 5739069],5739069,
record:cc5b079ffa86665a947c5d5d,Amy Coplen,provisional_record_group,Individual,23028,Angelita Morillo,3,1,1,10000,0,10000,2026-07-03,2026-07-03,0,0,1,10000,2026-07-03: $100.00 [ID 5709234],5709234,
record:cc9eb19c9ff5185110e217c0,Richard Louis Brown,provisional_record_group,Individual,25103,Jayne Cronlund,4,1,1,25000,0,25000,2026-08-09,2026-08-09,0,0,1,25000,2026-08-09: $250.00 [ID 5759301],5759301,
record:cd1126241ee87120f6c5d4e0,James Toscano,provisional_record_group,Individual,23199,Olivia Clark,4,1,1,35000,0,35000,2026-02-07,2026-02-07,0,0,1,35000,2026-02-07: $350.00 [ID 5541155],5541155,
record:cd21d9334f0785c8458d9363,Andrew Fortgang,provisional_record_group,Individual,17629,Eric Zimmerman,4,2,1,37500,0,37500,2026-06-04,2026-06-04,0,0,2,37500,2026-06-04: $25.00 [ID 5704567] | 2026-06-04: $350.00 [ID 5704595],5704567|5704595,
record:cd3639bb857b4ff96e220b65,Jennifer Van Meter,provisional_record_group,Individual,23028,Angelita Morillo,3,1,1,25000,0,25000,2026-08-28,2026-08-28,0,0,1,25000,2026-08-28: $250.00 [ID 5785414],5785414,
record:cd3639bb857b4ff96e220b65,Jennifer Van Meter,provisional_record_group,Individual,23208,Tiffany Koyama Lane,3,1,1,25000,0,25000,2026-08-28,2026-08-28,0,0,1,25000,2026-08-28: $250.00 [ID 5785490],5785490,
record:cd3639bb857b4ff96e220b65,Jennifer Van Meter,provisional_record_group,Individual,23365,Mitch Green,4,2,2,30000,0,30000,2026-08-28,2026-09-19,0,0,2,30000,2026-08-28: $250.00 [ID 5785342] | 2026-09-19: $50.00 [ID 5818348],5785342|5818348,
record:cd46819f331e90bb5a427499,Debbie Craig,provisional_record_group,Individual,25103,Jayne Cronlund,4,1,1,10000,0,10000,2026-09-16,2026-09-16,0,0,1,10000,2026-09-16: $100.00 [ID 5831795],5831795,
record:cd5f5d390859065a214c6aae,Tim Plummer,provisional_record_group,Individual,23028,Angelita Morillo,3,1,1,35000,0,35000,2025-12-31,2025-12-31,1,35000,0,0,2025-12-31: $350.00 [ID 5488176],5488176,
record:cd7799aa96d5dcf0d6943093,Rosemary Schwimmer,provisional_record_group,Individual,24897,Kellie Torres,3,1,1,5000,0,5000,2026-07-21,2026-07-21,0,0,1,5000,2026-07-21: $50.00 [ID 5733640],5733640,
record:cd7cf49d5c573e5c62be0c0d,Mark Wiener,provisional_record_group,Individual,15109,Steve Novick,3,1,1,35000,0,35000,2026-07-26,2026-07-26,0,0,1,35000,2026-07-26: $350.00 [ID 5760085],5760085,
record:cd8dc6075a39b80df0825abe,John Barlow,provisional_record_group,Individual,15109,Steve Novick,3,1,1,10000,0,10000,2026-04-14,2026-04-14,0,0,1,10000,2026-04-14: $100.00 [ID 5657750],5657750,
record:cdcea787406b601d46d5f69d,Randy Smith,provisional_record_group,Individual,23295,Eli Arnold,4,1,1,5000,0,5000,2026-08-28,2026-08-28,0,0,1,5000,2026-08-28: $50.00 [ID 5786183],5786183,
record:ce62dd0a8bee58f76c3fd0eb,Sally Mize,provisional_record_group,Individual,23295,Eli Arnold,4,1,1,30000,20000,10000,2026-06-17,2026-06-17,0,0,1,30000,2026-06-17: $300.00 [ID 5704106],5704106,5704329
record:ce71bb30f2ed0a449ee7ec08,Lori Faris,provisional_record_group,Individual,23295,Eli Arnold,4,1,1,12500,0,12500,2026-08-09,2026-08-09,0,0,1,12500,2026-08-09: $125.00 [ID 5786076],5786076,
record:ced0d1127feab728f29d8811,Erin Hogan-Freemole,provisional_record_group,Individual,23028,Angelita Morillo,3,5,3,6500,0,6500,2026-07-28,2026-09-09,0,0,5,6500,2026-07-28: $10.00 [ID 5746628] | 2026-07-28: $10.00 [ID 5746629] | 2026-08-28: $10.00 [ID 5785420] | 2026-08-28: $10.00 [ID 5785428] | 2026-09-09: $25.00 [ID 5807877],5746628|5746629|5785420|5785428|5807877,
record:cf240974e24dce0d1d312069,Barbara Nay,provisional_record_group,Individual,17629,Eric Zimmerman,4,1,1,25000,0,25000,2026-09-11,2026-09-11,0,0,1,25000,2026-09-11: $250.00 [ID 5813936],5813936,
record:cf240974e24dce0d1d312069,Barbara Nay,provisional_record_group,Individual,23199,Olivia Clark,4,1,1,25000,0,25000,2026-06-10,2026-06-10,0,0,1,25000,2026-06-10: $250.00 [ID 5685663],5685663,
record:cf55543ffe6843d522a728fe,Tim Tees,provisional_record_group,Individual,23365,Mitch Green,4,1,1,35000,0,35000,2026-04-30,2026-04-30,0,0,1,35000,2026-04-30: $350.00 [ID 5649219],5649219,
record:cfb39a665d0d6595fa2cd8e6,Elyssa Kiva,provisional_record_group,Individual,23028,Angelita Morillo,3,4,4,14500,0,14500,2026-06-26,2026-08-29,0,0,4,14500,2026-06-26: $100.00 [ID 5702907] | 2026-06-29: $15.00 [ID 5709185] | 2026-07-29: $15.00 [ID 5746660] | 2026-08-29: $15.00 [ID 5785433],5702907|5709185|5746660|5785433,
record:cfc9c536f66b19af86689bff,JA Atwood,provisional_record_group,Individual,24897,Kellie Torres,3,1,1,35000,0,35000,2026-08-09,2026-08-09,0,0,1,35000,2026-08-09: $350.00 [ID 5812164],5812164,
record:cff3c2ecda25f93e6c2a01ab,Ashur Cabrera,provisional_record_group,Individual,23028,Angelita Morillo,3,1,1,10000,0,10000,2026-04-05,2026-04-05,0,0,1,10000,2026-04-05: $100.00 [ID 5621645],5621645,
record:d01c05ad30163dd1d476fee4,Bryan Stecker,provisional_record_group,Individual,23411,Jeremy Beausoleil Smith,4,1,1,25000,0,25000,2026-06-17,2026-06-17,0,0,1,25000,2026-06-17: $250.00 [ID 5693450],5693450,
record:d0ef2f0f2af2863aee51d34a,Olivia Rush,provisional_record_group,Individual,23028,Angelita Morillo,3,1,1,11666,0,11666,2026-07-29,2026-07-29,0,0,1,11666,2026-07-29: $116.66 [ID 5746651],5746651,
record:d0ef2f0f2af2863aee51d34a,Olivia Rush,provisional_record_group,Individual,23208,Tiffany Koyama Lane,3,1,1,11667,0,11667,2026-07-29,2026-07-29,0,0,1,11667,2026-07-29: $116.67 [ID 5746726],5746726,
record:d0ef2f0f2af2863aee51d34a,Olivia Rush,provisional_record_group,Individual,23365,Mitch Green,4,1,1,11667,0,11667,2026-07-29,2026-07-29,0,0,1,11667,2026-07-29: $116.67 [ID 5745246],5745246,
record:d0f846cc6f964f5f2ef9c83c,Judy Peterman,provisional_record_group,Individual,23199,Olivia Clark,4,1,1,20000,0,20000,2025-11-02,2025-11-02,1,20000,0,0,2025-11-02: $200.00 [ID 5444401],5444401,
record:d11545dbf943fed5ae80c8f7,Pamela Hayes,provisional_record_group,Individual,23295,Eli Arnold,4,1,1,10000,0,10000,2026-08-27,2026-08-27,0,0,1,10000,2026-08-27: $100.00 [ID 5786177],5786177,
record:d12ddc874cf5040b04070bd4,Randall Edwards,provisional_record_group,Individual,15109,Steve Novick,3,1,1,25000,0,25000,2026-09-23,2026-09-23,0,0,1,25000,2026-09-23: $250.00 [ID 5830522],5830522,
record:d14e6e954235f8f5bd95caf1,Leslie Howell,provisional_record_group,Individual,23199,Olivia Clark,4,1,1,20000,0,20000,2026-01-10,2026-01-10,0,0,1,20000,2026-01-10: $200.00 [ID 5513895],5513895,
record:d153576ef8b9b700867586e4,Toby Hodges,provisional_record_group,Individual,23028,Angelita Morillo,3,5,5,3976,0,3976,2026-06-07,2026-09-18,0,0,5,3976,2026-06-07: $6.66 [ID 5687296] | 2026-07-07: $6.66 [ID 5712413] | 2026-08-07: $6.66 [ID 5758641] | 2026-09-07: $6.66 [ID 5807806] | 2026-09-18: $13.12 [ID 5818523],5687296|5712413|5758641|5807806|5818523,
record:d153576ef8b9b700867586e4,Toby Hodges,provisional_record_group,Individual,23208,Tiffany Koyama Lane,3,5,5,3976,0,3976,2026-06-07,2026-09-18,0,0,5,3976,2026-06-07: $6.66 [ID 5686982] | 2026-07-07: $6.66 [ID 5712664] | 2026-08-07: $6.66 [ID 5758603] | 2026-09-07: $6.66 [ID 5807817] | 2026-09-18: $13.12 [ID 5817618],5686982|5712664|5758603|5807817|5817618,
record:d153576ef8b9b700867586e4,Toby Hodges,provisional_record_group,Individual,23365,Mitch Green,4,7,7,9642,0,9642,2026-04-24,2026-09-18,0,0,7,9642,2026-04-24: $50.00 [ID 5640296] | 2026-05-07: $6.66 [ID 5658072] | 2026-06-07: $6.66 [ID 5687161] | 2026-07-07: $6.66 [ID 5712463] | 2026-08-07: $6.66 [ID 5758556] | 2026-09-07: $6.66 [ID 5806549] | 2026-09-18: $13.12 [ID 5818239],5640296|5658072|5687161|5712463|5758556|5806549|5818239,
record:d181bc9699d4c04c11e6b849,Jennifer Yocom,provisional_record_group,Individual,17629,Eric Zimmerman,4,1,1,15000,0,15000,2026-04-09,2026-04-09,0,0,1,15000,2026-04-09: $150.00 [ID 5651880],5651880,
record:d1ac5f1e66338fecc03369fe,Molly Keating,provisional_record_group,Individual,23199,Olivia Clark,4,1,1,15000,0,15000,2026-06-10,2026-06-10,0,0,1,15000,2026-06-10: $150.00 [ID 5685661],5685661,
record:d1c3e395224d308a7d615c85,Chris Beck,provisional_record_group,Individual,25103,Jayne Cronlund,4,1,1,12500,0,12500,2026-09-18,2026-09-18,0,0,1,12500,2026-09-18: $125.00 [ID 5831810],5831810,
record:d210f8908493c7cd11218e40,Ryan Nielsen,provisional_record_group,Individual,17629,Eric Zimmerman,4,1,1,35000,0,35000,2026-07-05,2026-07-05,0,0,1,35000,2026-07-05: $350.00 [ID 5747534],5747534,
record:d27bda3950f6f88126492fd4,Helena Birecki,provisional_record_group,Individual,23028,Angelita Morillo,3,1,1,30000,0,30000,2026-03-08,2026-03-08,0,0,1,30000,2026-03-08: $300.00 [ID 5579912],5579912,
record:d2e6ce8449b94284d0b83a28,Ren Anderson,provisional_record_group,Individual,23295,Eli Arnold,4,1,1,10000,0,10000,2026-09-03,2026-09-03,0,0,1,10000,2026-09-03: $100.00 [ID 5820916],5820916,
record:d3071c221e7323950efa87ed,Warren Rosenfeld,provisional_record_group,Individual,15109,Steve Novick,3,3,1,87500,0,87500,2025-12-22,2025-12-22,3,87500,0,0,2025-12-22: $350.00 [ID 5503304] | 2025-12-22: $350.00 [ID 5503310] | 2025-12-22: $175.00 [ID 5503313],5503304|5503310|5503313,
record:d3071c221e7323950efa87ed,Warren Rosenfeld,provisional_record_group,Individual,17629,Eric Zimmerman,4,1,1,35000,0,35000,2026-08-20,2026-08-20,0,0,1,35000,2026-08-20: $350.00 [ID 5778126],5778126,
record:d3071c221e7323950efa87ed,warren rosenfeld,provisional_record_group,Individual,23199,Olivia Clark,4,2,2,43945,0,43945,2025-11-04,2025-12-09,2,43945,0,0,2025-11-04: $350.00 [ID 5444403] | 2025-12-09: $89.45 [ID 5473738],5444403|5473738,
record:d3071c221e7323950efa87ed,Warren Rosenfeld,provisional_record_group,Individual,23295,Eli Arnold,4,1,1,35000,0,35000,2025-11-17,2025-11-17,1,35000,0,0,2025-11-17: $350.00 [ID 5459907],5459907,
record:d37d28399243a16399d275ed,Mignon Leins,provisional_record_group,Individual,25040,Jamey Evenstar,4,2,1,50000,0,50000,2026-05-16,2026-05-16,0,0,2,50000,2026-05-16: $350.00 [ID 5672884] | 2026-05-16: $150.00 [ID 5672885],5672884|5672885,
record:d389863ad78d5a5bb20bd5fc,Vanessa Clifford,provisional_record_group,Individual,23208,Tiffany Koyama Lane,3,1,1,2500,0,2500,2026-05-22,2026-05-22,0,0,1,2500,2026-05-22: $25.00 [ID 5672511],5672511,
record:d3a12c119764446040d2b8ac,Matthew Goodman,provisional_record_group,Individual,17629,Eric Zimmerman,4,1,1,35000,0,35000,2026-09-09,2026-09-09,0,0,1,35000,2026-09-09: $350.00 [ID 5813890],5813890,
record:d3d78f48307483f357350d2b,Luci Longoria,provisional_record_group,Individual,23028,Angelita Morillo,3,2,2,13500,0,13500,2026-05-17,2026-06-25,0,0,2,13500,2026-05-17: $100.00 [ID 5666100] | 2026-06-25: $35.00 [ID 5715828],5666100|5715828,
record:d3d78f48307483f357350d2b,Luci Longoria,provisional_record_group,Individual,23208,Tiffany Koyama Lane,3,2,2,10000,0,10000,2026-08-03,2026-09-03,0,0,2,10000,2026-08-03: $50.00 [ID 5755024] | 2026-09-03: $50.00 [ID 5796041],5755024|5796041,
record:d3d78f48307483f357350d2b,Luci Longoria,provisional_record_group,Individual,23365,Mitch Green,4,1,1,32500,0,32500,2026-07-29,2026-07-29,0,0,1,32500,2026-07-29: $325.00 [ID 5745252],5745252,
record:d3d78f48307483f357350d2b,Luci Longoria,provisional_record_group,Individual,25040,Jamey Evenstar,4,1,1,10000,0,10000,2026-07-16,2026-07-16,0,0,1,10000,2026-07-16: $100.00 [ID 5729017],5729017,
record:d441cdcca2e4ebb6596c20cf,Myra Wilkinson,provisional_record_group,Individual,23411,Jeremy Beausoleil Smith,4,1,1,2500,0,2500,2026-09-03,2026-09-03,0,0,1,2500,2026-09-03: $25.00 [ID 5796148],5796148,
record:d4940330b17f5fb8e70530d9,Benjamin Gilbert,provisional_record_group,Individual,23028,Angelita Morillo,3,1,1,35000,0,35000,2025-12-14,2025-12-14,1,35000,0,0,2025-12-14: $350.00 [ID 5488133],5488133,
record:d5add76a8f1b6d3644a13ae5,Dennis Johnson,provisional_record_group,Individual,23295,Eli Arnold,4,1,1,10000,0,10000,2026-09-22,2026-09-22,0,0,1,10000,2026-09-22: $100.00 [ID 5821256],5821256,
record:d5b237cbdb06b80b2120a3fb,Zari Santner,provisional_record_group,Individual,15109,Steve Novick,3,1,1,15000,0,15000,2026-07-25,2026-07-25,0,0,1,15000,2026-07-25: $150.00 [ID 5760081],5760081,
record:d5e2a30f1dba5a0531224e2d,Courtney Rosenthal,provisional_record_group,Individual,23365,Mitch Green,4,1,1,20000,0,20000,2026-08-23,2026-08-23,0,0,1,20000,2026-08-23: $200.00 [ID 5774327],5774327,
record:d5ef259e1629d4afce857cd5,Jubitz Corporation,provisional_record_group,Business Entity,15109,Steve Novick,3,1,1,50000,0,50000,2026-04-20,2026-04-20,0,0,1,50000,2026-04-20: $500.00 [ID 5657767],5657767,
record:d60038485bf814a202af3327,Keaton Ray,provisional_record_group,Individual,24973,Esther León,3,1,1,25000,0,25000,2026-06-23,2026-06-23,0,0,1,25000,2026-06-23: $250.00 [ID 5705605],5705605,
record:d6344ae08db6d31cd7474644,Richard Skogrand,provisional_record_group,Individual,24897,Kellie Torres,3,2,2,30000,0,30000,2026-04-19,2026-09-06,0,0,2,30000,2026-04-19: $150.00 [ID 5633825] | 2026-09-06: $150.00 [ID 5799843],5633825|5799843,
record:d7024fdec64b7c90f28e8a90,Tom Mulflur,provisional_record_group,Individual,24897,Kellie Torres,3,1,1,35000,0,35000,2026-08-09,2026-08-09,0,0,1,35000,2026-08-09: $350.00 [ID 5760999],5760999,
record:d702e7179037a41b190ff315,Timothy Bergler,provisional_record_group,Individual,17629,Eric Zimmerman,4,1,1,10000,0,10000,2026-09-03,2026-09-03,0,0,1,10000,2026-09-03: $100.00 [ID 5813872],5813872,
record:d738dba18feacd087340156f,Alex Potash,provisional_record_group,Individual,24966,Matthias Hallett,3,1,1,10448,0,10448,2026-08-12,2026-08-12,0,0,1,10448,2026-08-12: $104.48 [ID 5771204],5771204,
record:d753d62597d95478595ddeb8,Jim Lottsfeldt,provisional_record_group,Individual,23295,Eli Arnold,4,1,1,25000,0,25000,2026-09-14,2026-09-14,0,0,1,25000,2026-09-14: $250.00 [ID 5821075],5821075,
record:d77770a6e54462b4694cf82f,Lory Utz,provisional_record_group,Individual,15109,Steve Novick,3,1,1,20000,0,20000,2026-08-11,2026-08-11,0,0,1,20000,2026-08-11: $200.00 [ID 5793182],5793182,
record:d780c09db737bbc8deef8a8b,Patricia Frobes,provisional_record_group,Individual,24897,Kellie Torres,3,1,1,25000,0,25000,2026-06-26,2026-06-26,0,0,1,25000,2026-06-26: $250.00 [ID 5702020],5702020,
record:d7a6b5d54c2ee55cfc1ea38e,Erin Wallace,provisional_record_group,Individual,17629,Eric Zimmerman,4,1,1,35000,0,35000,2026-04-09,2026-04-09,0,0,1,35000,2026-04-09: $350.00 [ID 5651884],5651884,
record:d87ece753512bfedb39ea9b1,Ardys Dunn,provisional_record_group,Individual,23199,Olivia Clark,4,1,1,35000,0,35000,2025-12-10,2025-12-10,1,35000,0,0,2025-12-10: $350.00 [ID 5473749],5473749,
record:d8908983268496ef16e9585d,Roger Vrilakas,provisional_record_group,Individual,15109,Steve Novick,3,1,1,35000,0,35000,2026-02-05,2026-02-05,0,0,1,35000,2026-02-05: $350.00 [ID 5534843],5534843,
record:d8908983268496ef16e9585d,Roger Vrilakas,provisional_record_group,Individual,17629,Eric Zimmerman,4,1,1,35000,0,35000,2026-08-29,2026-08-29,0,0,1,35000,2026-08-29: $350.00 [ID 5813837],5813837,
record:d8908983268496ef16e9585d,Roger Vrilakas,provisional_record_group,Individual,23199,Olivia Clark,4,1,1,35000,0,35000,2026-06-10,2026-06-10,0,0,1,35000,2026-06-10: $350.00 [ID 5685643],5685643,
record:d8908983268496ef16e9585d,Roger Vrilakas,provisional_record_group,Individual,23295,Eli Arnold,4,1,1,35000,0,35000,2026-08-27,2026-08-27,0,0,1,35000,2026-08-27: $350.00 [ID 5786181],5786181,
record:d8cd6c4cf4dde800c9a2c7cf,Wendy Watkins,provisional_record_group,Individual,23199,Olivia Clark,4,1,1,30000,0,30000,2025-07-17,2025-07-17,1,30000,0,0,2025-07-17: $300.00 [ID 5352306],5352306,
record:d8cea2e68603ba62b0733477,Sandy Polishuk,provisional_record_group,Individual,23365,Mitch Green,4,1,1,30000,2000,28000,2026-07-24,2026-07-24,0,0,1,30000,2026-07-24: $300.00 [ID 5738142],5738142,5738797
record:d8e24f177a99af367c0ad264,Kristina Sisto,provisional_record_group,Individual,23028,Angelita Morillo,3,4,4,10000,0,10000,2025-05-25,2025-08-24,4,10000,0,0,2025-05-25: $25.00 [ID 5317809] | 2025-06-22: $25.00 [ID 5328781] | 2025-07-27: $25.00 [ID 5349751] | 2025-08-24: $25.00 [ID 5369849],5317809|5328781|5349751|5369849,
record:d8f384dcef1640f034f815ba,John May,provisional_record_group,Individual,15109,Steve Novick,3,1,1,2500,0,2500,2026-08-20,2026-08-20,0,0,1,2500,2026-08-20: $25.00 [ID 5793239],5793239,
record:d969d40f5727cf1d83914271,Josh Billeter,provisional_record_group,Individual,17629,Eric Zimmerman,4,2,2,35000,0,35000,2026-03-29,2026-05-07,0,0,2,35000,2026-03-29: $200.00 [ID 5598563] | 2026-05-07: $150.00 [ID 5679852],5598563|5679852,
record:d98998fb6f0b4f97bddd0d82,Mark Kaltenbach,provisional_record_group,Individual,15109,Steve Novick,3,1,1,25000,0,25000,2026-08-04,2026-08-04,0,0,1,25000,2026-08-04: $250.00 [ID 5760178],5760178,
record:d9e2a068de08a8ca153748bf,Sonya Fischer,provisional_record_group,Individual,15109,Steve Novick,3,1,1,35000,0,35000,2026-08-20,2026-08-20,0,0,1,35000,2026-08-20: $350.00 [ID 5793236],5793236,
record:da09b6575e8ebdb7dc8da082,John Gillette,provisional_record_group,Individual,17629,Eric Zimmerman,4,1,1,20000,0,20000,2026-09-14,2026-09-14,0,0,1,20000,2026-09-14: $200.00 [ID 5813989],5813989,
record:da209d7c12901255e2dd0713,Elinor Gollay,provisional_record_group,Individual,15109,Steve Novick,3,1,1,25000,0,25000,2026-08-14,2026-08-14,0,0,1,25000,2026-08-14: $250.00 [ID 5793193],5793193,
record:da3c972c2e71f12c9b1addd3,Jim Lindsay,provisional_record_group,Individual,23295,Eli Arnold,4,1,1,10000,0,10000,2026-06-22,2026-06-22,0,0,1,10000,2026-06-22: $100.00 [ID 5704081],5704081,
record:da981e42a556af12db35d530,Mark Faust,provisional_record_group,Individual,23208,Tiffany Koyama Lane,3,1,1,10000,0,10000,2026-05-30,2026-05-30,0,0,1,10000,2026-05-30: $100.00 [ID 5679237],5679237,
record:dab156df7335af121c85d502,Spencer Alan,provisional_record_group,Individual,23028,Angelita Morillo,3,1,1,25000,0,25000,2026-07-26,2026-07-26,0,0,1,25000,2026-07-26: $250.00 [ID 5738331],5738331,
record:dab156df7335af121c85d502,Spencer Alan,provisional_record_group,Individual,23208,Tiffany Koyama Lane,3,1,1,25000,0,25000,2026-07-26,2026-07-26,0,0,1,25000,2026-07-26: $250.00 [ID 5738077],5738077,
record:dab156df7335af121c85d502,Spencer Alan,provisional_record_group,Individual,23365,Mitch Green,4,1,1,25000,0,25000,2026-07-26,2026-07-26,0,0,1,25000,2026-07-26: $250.00 [ID 5738182],5738182,
record:dad052b4dab049bd836ed3cb,Betsy Johnson,provisional_record_group,Individual,15109,Steve Novick,3,1,1,32500,0,32500,2026-09-21,2026-09-21,0,0,1,32500,2026-09-21: $325.00 [ID 5830477],5830477,
record:dad8066a93d8fe4b803f5316,Craig Boretz,provisional_record_group,Individual,23295,Eli Arnold,4,2,1,12500,0,12500,2026-01-12,2026-01-12,0,0,2,12500,2026-01-12: $100.00 [ID 5505111] | 2026-01-12: $25.00 [ID 5505122],5505111|5505122,
record:daebe4f2c6ceb64262d067a3,Michael Greenfield,provisional_record_group,Individual,15109,Steve Novick,3,1,1,2500,0,2500,2026-06-23,2026-06-23,0,0,1,2500,2026-06-23: $25.00 [ID 5717566],5717566,
record:dbb3f2aabebf5d06483e303c,Gerard Drummond,provisional_record_group,Individual,23295,Eli Arnold,4,1,1,25000,0,25000,2026-03-31,2026-03-31,0,0,1,25000,2026-03-31: $250.00 [ID 5616487],5616487,
record:dbcb8ced43077c5e1e2de837,Tory Morseth,provisional_record_group,Individual,24661,Tom Sollitt,3,1,1,20000,0,20000,2026-07-29,2026-07-29,0,0,1,20000,2026-07-29: $200.00 [ID 5754814],5754814,
record:dbde340d4077db7805ad11f4,Molly Boyle,provisional_record_group,Individual,24897,Kellie Torres,3,1,1,35000,0,35000,2026-08-09,2026-08-09,0,0,1,35000,2026-08-09: $350.00 [ID 5760961],5760961,
record:dbedefb9782a8562d267c9ab,Jonathan Tasini,provisional_record_group,Individual,23028,Angelita Morillo,3,1,1,35000,0,35000,2026-06-15,2026-06-15,0,0,1,35000,2026-06-15: $350.00 [ID 5697379],5697379,
record:dbedefb9782a8562d267c9ab,Jonathan Tasini,provisional_record_group,Individual,23365,Mitch Green,4,1,1,35000,0,35000,2026-06-15,2026-06-15,0,0,1,35000,2026-06-15: $350.00 [ID 5697296],5697296,
record:dc97968b2a4a1c756a518da7,Bernice Corman,provisional_record_group,Individual,15109,Steve Novick,3,1,1,35000,0,35000,2025-12-22,2025-12-22,1,35000,0,0,2025-12-22: $350.00 [ID 5503307],5503307,
record:dceaf26eef2f28086779643c,Matthew Goodman,provisional_record_group,Individual,24897,Kellie Torres,3,1,1,35000,0,35000,2026-05-17,2026-05-17,0,0,1,35000,2026-05-17: $350.00 [ID 5677837],5677837,
record:dd55c392d0f4dba58745ec7f,Evan Bowman,provisional_record_group,Individual,25040,Jamey Evenstar,4,1,1,10000,0,10000,2026-07-16,2026-07-16,0,0,1,10000,2026-07-16: $100.00 [ID 5729022],5729022,
record:dd822a1275de322003aacf14,Leah Sanchez,provisional_record_group,Individual,23208,Tiffany Koyama Lane,3,1,1,35000,2500,32500,2026-04-18,2026-04-18,0,0,1,35000,2026-04-18: $350.00 [ID 5632205],5632205,5637552
record:de416f88626c26f9cb724914,Myra Wilkinson,provisional_record_group,Individual,23411,Jeremy Beausoleil Smith,4,2,2,5000,0,5000,2026-05-31,2026-06-14,0,0,2,5000,2026-05-31: $25.00 [ID 5679310] | 2026-06-14: $25.00 [ID 5687232],5679310|5687232,
record:de49852ad642b29e9eb5042e,Bennett Li-Kennedy,provisional_record_group,Individual,23208,Tiffany Koyama Lane,3,1,1,12500,0,12500,2025-09-13,2025-09-13,1,12500,0,0,2025-09-13: $125.00 [ID 5383365],5383365,
record:de62207b6897a884af054450,Katherine Yoo Sollitt Koo,provisional_record_group,Candidate & Immediate Family,24661,Tom Sollitt,3,1,1,50000,0,50000,2026-05-31,2026-05-31,0,0,1,50000,2026-05-31: $500.00 [ID 5684486],5684486,
record:de94c82635c41d9f8f9fc53d,Robert Wise,provisional_record_group,Individual,25103,Jayne Cronlund,4,1,1,15000,0,15000,2026-09-11,2026-09-11,0,0,1,15000,2026-09-11: $150.00 [ID 5831773],5831773,
record:de95630699039e39acd541cd,David Gray,provisional_record_group,Individual,23295,Eli Arnold,4,1,1,35000,0,35000,2025-11-14,2025-11-14,1,35000,0,0,2025-11-14: $350.00 [ID 5459860],5459860,
record:dec1fdd0f8e113d90135f991,Chris Johnson,provisional_record_group,Individual,23295,Eli Arnold,4,1,1,10000,0,10000,2026-08-26,2026-08-26,0,0,1,10000,2026-08-26: $100.00 [ID 5786172],5786172,
record:dec4af6484fac1c40feb8822,Heather Stilley,provisional_record_group,Individual,17629,Eric Zimmerman,4,1,1,35000,0,35000,2026-04-28,2026-04-28,0,0,1,35000,2026-04-28: $350.00 [ID 5651925],5651925,
record:decad16c8e90554738c8fbf0,Erik Aanestad,provisional_record_group,Individual,24973,Esther León,3,1,1,22500,0,22500,2026-08-24,2026-08-24,0,0,1,22500,2026-08-24: $225.00 [ID 5778472],5778472,
record:df036f1197b439c821ea616b,Shahriyar Smith,provisional_record_group,Individual,24897,Kellie Torres,3,1,1,35000,0,35000,2026-03-29,2026-03-29,0,0,1,35000,2026-03-29: $350.00 [ID 5619029],5619029,
record:df6953fc677c16f30a7c412f,Mary Duhamel,provisional_record_group,Candidate & Immediate Family,25040,Jamey Evenstar,4,1,1,75000,0,75000,2026-05-22,2026-05-22,0,0,1,75000,2026-05-22: $750.00 [ID 5677929],5677929,
record:dfa6c800565d741c24f98263,Youssef Khodaparast,provisional_record_group,Individual,23365,Mitch Green,4,2,2,37500,15000,22500,2025-12-06,2026-07-24,1,2500,1,35000,2025-12-06: $25.00 [ID 5456671] | 2026-07-24: $350.00 [ID 5738131],5456671|5738131,5738794
record:e018cd4110b878fe7321fd1d,Ava Li-Kennedy,provisional_record_group,Individual,23208,Tiffany Koyama Lane,3,1,1,12500,0,12500,2025-09-13,2025-09-13,1,12500,0,0,2025-09-13: $125.00 [ID 5383366],5383366,
record:e02d451e6032a7559f242520,Miles Palacios,provisional_record_group,Individual,23028,Angelita Morillo,3,1,1,10100,0,10100,2026-08-09,2026-08-09,0,0,1,10100,2026-08-09: $101.00 [ID 5758647],5758647,
record:e04e5287380a3c5573ac755a,Matthew Goodman,provisional_record_group,Individual,23199,Olivia Clark,4,1,1,35000,0,35000,2025-12-08,2025-12-08,1,35000,0,0,2025-12-08: $350.00 [ID 5473736],5473736,
record:e0625673d38356bece4ceada,Ernest Munch,provisional_record_group,Individual,17629,Eric Zimmerman,4,1,1,35000,0,35000,2026-09-10,2026-09-10,0,0,1,35000,2026-09-10: $350.00 [ID 5813908],5813908,
record:e07523542c977c3f042957c7,Scot Sullivan,provisional_record_group,Individual,23295,Eli Arnold,4,1,1,10000,0,10000,2026-09-16,2026-09-16,0,0,1,10000,2026-09-16: $100.00 [ID 5821253],5821253,
record:e0b726b1c1f3b74a6bde3ad3,Mike Thelin,provisional_record_group,Individual,24897,Kellie Torres,3,1,1,25000,0,25000,2026-08-16,2026-08-16,0,0,1,25000,2026-08-16: $250.00 [ID 5768616],5768616,
record:e0dd062fdca95df799e38d56,Alex Osborne,provisional_record_group,Individual,24897,Kellie Torres,3,1,1,35000,0,35000,2026-08-09,2026-08-09,0,0,1,35000,2026-08-09: $350.00 [ID 5812172],5812172,
record:e108489038c00b1886e3fb58,Angela Bonilla,provisional_record_group,Individual,23208,Tiffany Koyama Lane,3,1,1,2500,0,2500,2026-08-30,2026-08-30,0,0,1,2500,2026-08-30: $25.00 [ID 5785515],5785515,
record:e171394ded6b1273358f57c2,Bryan Aptekar,provisional_record_group,Individual,24897,Kellie Torres,3,1,1,5000,0,5000,2026-07-21,2026-07-21,0,0,1,5000,2026-07-21: $50.00 [ID 5733632],5733632,
record:e178e04fcbbb0d6bd8e7c4f8,Mark Sherman,provisional_record_group,Individual,23028,Angelita Morillo,3,1,1,35000,0,35000,2026-07-29,2026-07-29,0,0,1,35000,2026-07-29: $350.00 [ID 5746635],5746635,
record:e178e04fcbbb0d6bd8e7c4f8,Mark Sherman,provisional_record_group,Individual,23208,Tiffany Koyama Lane,3,1,1,35000,0,35000,2026-06-29,2026-06-29,0,0,1,35000,2026-06-29: $350.00 [ID 5709328],5709328,
record:e18afd853bb77ca21383efbf,Susan Schnitzer,provisional_record_group,Individual,24897,Kellie Torres,3,1,1,35000,0,35000,2026-08-09,2026-08-09,0,0,1,35000,2026-08-09: $350.00 [ID 5760900],5760900,
record:e18e02c4ffac3eaaf22e35cc,Parker Brocker-Knapp,provisional_record_group,Individual,17629,Eric Zimmerman,4,1,1,5000,0,5000,2026-08-21,2026-08-21,0,0,1,5000,2026-08-21: $50.00 [ID 5778141],5778141,
record:e198178824f7da9dfd49227c,Julie Donn,provisional_record_group,Individual,25040,Jamey Evenstar,4,3,2,90000,0,90000,2026-05-16,2026-06-04,0,0,3,90000,2026-05-16: $275.00 [ID 5666220] | 2026-05-16: $275.00 [ID 5672886] | 2026-06-04: $350.00 [ID 5683787],5666220|5672886|5683787,
record:e20a5fde1c0e0a5ebbc464b9,Veron Strickland,provisional_record_group,Individual,24972,Joel Corcoran,3,1,1,20000,0,20000,2026-06-04,2026-06-04,0,0,1,20000,2026-06-04: $200.00 [ID 5681967],5681967,
record:e2aae5ee7cc5c4eae35f3e3f,Matthew Illias,provisional_record_group,Individual,24897,Kellie Torres,3,1,1,35000,0,35000,2026-09-06,2026-09-06,0,0,1,35000,2026-09-06: $350.00 [ID 5799863],5799863,
record:e2e85319259ad352e9c15c37,Lilith Automata,provisional_record_group,Individual,17629,Eric Zimmerman,4,1,1,35000,0,35000,2026-09-22,2026-09-22,0,0,1,35000,2026-09-22: $350.00 [ID 5828919],5828919,
record:e30a04666a3fce1bdb9a0e1a,Julia Brim-Edwards,provisional_record_group,Individual,17629,Eric Zimmerman,4,1,1,35000,0,35000,2026-03-01,2026-03-01,0,0,1,35000,2026-03-01: $350.00 [ID 5562832],5562832,
record:e3af1ef138b9a57763fea98e,Skylar Cruz,provisional_record_group,Individual,23028,Angelita Morillo,3,1,1,25000,0,25000,2026-06-25,2026-06-25,0,0,1,25000,2026-06-25: $250.00 [ID 5702867],5702867,
record:e3b56fdfcc21cbacbca76017,Vadim Mozyrsky,provisional_record_group,Individual,17629,Eric Zimmerman,4,1,1,12500,0,12500,2026-07-29,2026-07-29,0,0,1,12500,2026-07-29: $125.00 [ID 5747564],5747564,
record:e3f3c396a2eba78d9cfe6eeb,Sylvia Choi,provisional_record_group,Individual,24661,Tom Sollitt,3,4,4,13500,0,13500,2026-03-17,2026-08-26,0,0,4,13500,2026-03-17: $40.00 [ID 5599193] | 2026-06-24: $40.00 [ID 5727342] | 2026-07-20: $40.00 [ID 5760350] | 2026-08-26: $15.00 [ID 5808214],5599193|5727342|5760350|5808214,
record:e414438fe8d2ec6ed5ebbddd,Joseph Petrusich,provisional_record_group,Individual,23199,Olivia Clark,4,1,1,35000,0,35000,2025-09-25,2025-09-25,1,35000,0,0,2025-09-25: $350.00 [ID 5397307],5397307,
record:e414438fe8d2ec6ed5ebbddd,Joseph Petrusich,provisional_record_group,Individual,23295,Eli Arnold,4,1,1,35000,0,35000,2025-11-14,2025-11-14,1,35000,0,0,2025-11-14: $350.00 [ID 5459913],5459913,
record:e509428da56a1eff16c5b3d7,Randolph Miller,provisional_record_group,Individual,23199,Olivia Clark,4,1,1,25000,0,25000,2025-12-09,2025-12-09,1,25000,0,0,2025-12-09: $250.00 [ID 5473740],5473740,
record:e5287832b1710b2c1301cb82,Laura Snodgrass,provisional_record_group,Individual,23028,Angelita Morillo,3,1,1,9000,0,9000,2026-06-25,2026-06-25,0,0,1,9000,2026-06-25: $90.00 [ID 5702863],5702863,
record:e55e12f32bfcb13060bf0b3b,Breanne Austin,provisional_record_group,Individual,23208,Tiffany Koyama Lane,3,1,1,15000,0,15000,2026-03-26,2026-03-26,0,0,1,15000,2026-03-26: $150.00 [ID 5592778],5592778,
record:e57cd73e39cae3dd78932b71,Patricia Zimmerman,provisional_record_group,Individual,24897,Kellie Torres,3,1,1,25000,0,25000,2026-05-27,2026-05-27,0,0,1,25000,2026-05-27: $250.00 [ID 5674516],5674516,
record:e5983e428cdbf686f072844d,Mia Birk,provisional_record_group,Individual,17629,Eric Zimmerman,4,1,1,2500,0,2500,2026-08-21,2026-08-21,0,0,1,2500,2026-08-21: $25.00 [ID 5778144],5778144,
record:e5d4549690a74c055d06a256,Bob Lefeber,provisional_record_group,Individual,24897,Kellie Torres,3,1,1,25000,0,25000,2026-08-16,2026-08-16,0,0,1,25000,2026-08-16: $250.00 [ID 5812175],5812175,
record:e603ce34c25af7faec8fb454,Craig Peterson,provisional_record_group,Individual,24897,Kellie Torres,3,1,1,35000,0,35000,2026-08-09,2026-08-09,0,0,1,35000,2026-08-09: $350.00 [ID 5760909],5760909,
record:e62d2643b68138b501a87192,Richard Perkins,provisional_record_group,Individual,23295,Eli Arnold,4,1,1,25000,0,25000,2026-07-13,2026-07-13,0,0,1,25000,2026-07-13: $250.00 [ID 5747111],5747111,
record:e64045b8626b0e88fd57a0ee,Chuck Sheketoff,provisional_record_group,Individual,15109,Steve Novick,3,1,1,10000,0,10000,2026-08-13,2026-08-13,0,0,1,10000,2026-08-13: $100.00 [ID 5793190],5793190,
record:e644a74b4581a54e7feebff5,Glynda Russell,provisional_record_group,Individual,25040,Jamey Evenstar,4,1,1,15000,0,15000,2026-08-29,2026-08-29,0,0,1,15000,2026-08-29: $150.00 [ID 5785317],5785317,
record:e67639aff9d9e92a66ffc40e,John Gillette,provisional_record_group,Individual,23295,Eli Arnold,4,1,1,10000,0,10000,2026-04-18,2026-04-18,0,0,1,10000,2026-04-18: $100.00 [ID 5634489],5634489,
record:e69bb6fd699c237a67b4ed5e,Michael Riscica,provisional_record_group,Individual,24897,Kellie Torres,3,1,1,25000,0,25000,2026-03-31,2026-03-31,0,0,1,25000,2026-03-31: $250.00 [ID 5621619],5621619,
record:e6b7610ce3b1adb2d756098c,Christy Eugenis,provisional_record_group,Individual,23295,Eli Arnold,4,1,1,35000,0,35000,2026-06-02,2026-06-02,0,0,1,35000,2026-06-02: $350.00 [ID 5686459],5686459,
record:e6f115dbbb9d62c103cf8709,Nancy Spencer,provisional_record_group,Individual,15109,Steve Novick,3,1,1,50000,0,50000,2026-04-14,2026-04-14,0,0,1,50000,2026-04-14: $500.00 [ID 5657753],5657753,
record:e704b57e43f24d936cab0ef6,Michela Bedard,provisional_record_group,Individual,23365,Mitch Green,4,1,1,15000,0,15000,2026-09-12,2026-09-12,0,0,1,15000,2026-09-12: $150.00 [ID 5807716],5807716,
record:e7106986c29d9ffd3491b4ea,Albert Solheim,provisional_record_group,Individual,23295,Eli Arnold,4,1,1,35000,0,35000,2026-09-18,2026-09-18,0,0,1,35000,2026-09-18: $350.00 [ID 5820906],5820906,
record:e7644fb5e481619858f9ec8d,Ross Lienhart,provisional_record_group,Individual,17629,Eric Zimmerman,4,1,1,35000,0,35000,2026-08-27,2026-08-27,0,0,1,35000,2026-08-27: $350.00 [ID 5813822],5813822,
record:e7644fb5e481619858f9ec8d,Ross Lienhart,provisional_record_group,Individual,23199,Olivia Clark,4,1,1,35000,0,35000,2026-08-27,2026-08-27,0,0,1,35000,2026-08-27: $350.00 [ID 5800291],5800291,
record:e76f5907f61f2ac082e8b53d,Christine Hertzog,provisional_record_group,Individual,23295,Eli Arnold,4,1,1,2500,0,2500,2026-09-16,2026-09-16,0,0,1,2500,2026-09-16: $25.00 [ID 5821280],5821280,
record:e7786a1b43a8a2e9ca0d37ae,Mariniah Prendergast,provisional_record_group,Individual,17629,Eric Zimmerman,4,1,1,35000,0,35000,2026-04-09,2026-04-09,0,0,1,35000,2026-04-09: $350.00 [ID 5651887],5651887,
record:e7c7c55e3cdb6846f7686383,Thomas Ranieri,provisional_record_group,Individual,17629,Eric Zimmerman,4,1,1,25000,0,25000,2026-08-31,2026-08-31,0,0,1,25000,2026-08-31: $250.00 [ID 5813850],5813850,
record:e845a62ba6a033a2a1dc338c,Au Nguyen,provisional_record_group,Individual,23208,Tiffany Koyama Lane,3,2,1,35000,0,35000,2025-09-13,2025-09-13,2,35000,0,0,2025-09-13: $250.00 [ID 5383349] | 2025-09-13: $100.00 [ID 5383361],5383349|5383361,
record:e845a62ba6a033a2a1dc338c,Au Nguyen,provisional_record_group,Individual,23365,Mitch Green,4,1,1,35000,0,35000,2025-08-21,2025-08-21,1,35000,0,0,2025-08-21: $350.00 [ID 5384525],5384525,
record:e845a62ba6a033a2a1dc338c,Au Nguyen,provisional_record_group,Individual,25040,Jamey Evenstar,4,1,1,20000,0,20000,2026-06-24,2026-06-24,0,0,1,20000,2026-06-24: $200.00 [ID 5702774],5702774,
record:e856cac7ba29f4d0b4bb557f,John Pontefract,provisional_record_group,Individual,17629,Eric Zimmerman,4,2,2,27500,0,27500,2026-04-09,2026-09-18,0,0,2,27500,2026-04-09: $250.00 [ID 5651890] | 2026-09-18: $25.00 [ID 5828807],5651890|5828807,
record:e85c5d4b173f5721177a2eb1,Hanna Osman,provisional_record_group,Individual,23365,Mitch Green,4,1,1,20000,0,20000,2025-08-21,2025-08-21,1,20000,0,0,2025-08-21: $200.00 [ID 5384541],5384541,
record:e87324d0482b640385ca925b,Eileen Kirschner,provisional_record_group,Individual,23028,Angelita Morillo,3,1,1,35000,0,35000,2026-03-29,2026-03-29,0,0,1,35000,2026-03-29: $350.00 [ID 5618822],5618822,
record:e8a4d0d98b9519a97ecaca53,Richard Peppers,provisional_record_group,Individual,15109,Steve Novick,3,1,1,2500,0,2500,2026-09-17,2026-09-17,0,0,1,2500,2026-09-17: $25.00 [ID 5830358],5830358,
record:e8e387b8cd08d1e953138d4c,Andrew Rowe,provisional_record_group,Individual,23199,Olivia Clark,4,1,1,35000,0,35000,2026-05-28,2026-05-28,0,0,1,35000,2026-05-28: $350.00 [ID 5685616],5685616,
record:e91c904872a7a97b0e7f3b6d,Lydia Hanson,provisional_record_group,Individual,23208,Tiffany Koyama Lane,3,1,1,2000,0,2000,2026-06-12,2026-06-12,0,0,1,2000,2026-06-12: $20.00 [ID 5686998],5686998,
record:e93b23b3ea3b155157c1ba18,Kalyn Free,provisional_record_group,Individual,15109,Steve Novick,3,1,1,35000,0,35000,2025-12-22,2025-12-22,1,35000,0,0,2025-12-22: $350.00 [ID 5503331],5503331,
record:e97b8dc358dac975e05e1a73,Diana Stuart,provisional_record_group,Individual,24897,Kellie Torres,3,1,1,5000,0,5000,2026-08-09,2026-08-09,0,0,1,5000,2026-08-09: $50.00 [ID 5760880],5760880,
record:e9b6419f67fbef70fc146e22,James Mclaughlin,provisional_record_group,Individual,17629,Eric Zimmerman,4,1,1,5000,0,5000,2026-07-02,2026-07-02,0,0,1,5000,2026-07-02: $50.00 [ID 5747532],5747532,
record:e9ceb53bd78db776a316b3ea,Mark Childs,provisional_record_group,Individual,17629,Eric Zimmerman,4,1,1,32500,0,32500,2026-09-15,2026-09-15,0,0,1,32500,2026-09-15: $325.00 [ID 5813973],5813973,
record:ea8354a6e5061d5df7426673,Jan Zuckerman,provisional_record_group,Individual,23365,Mitch Green,4,1,1,5000,0,5000,2026-08-30,2026-08-30,0,0,1,5000,2026-08-30: $50.00 [ID 5785351],5785351,
record:ead6db1e4599fbe3619193ee,John Russell,provisional_record_group,Individual,15109,Steve Novick,3,1,1,35000,0,35000,2026-06-04,2026-06-04,0,0,1,35000,2026-06-04: $350.00 [ID 5685083],5685083,
record:eae67e03b132102962877a4b,Suzanne Bishop,provisional_record_group,Individual,15109,Steve Novick,3,1,1,25000,0,25000,2026-09-22,2026-09-22,0,0,1,25000,2026-09-22: $250.00 [ID 5830451],5830451,
record:eae67e03b132102962877a4b,Suzanne Bishop,provisional_record_group,Individual,17629,Eric Zimmerman,4,2,2,70000,35000,35000,2026-04-14,2026-08-20,0,0,2,70000,2026-04-14: $350.00 [ID 5651900] | 2026-08-20: $350.00 [ID 5778124],5651900|5778124,5778284
record:eae67e03b132102962877a4b,Suzanne Bishop,provisional_record_group,Individual,23199,Olivia Clark,4,1,1,25000,0,25000,2025-10-18,2025-10-18,1,25000,0,0,2025-10-18: $250.00 [ID 5426269],5426269,
record:eaf7833369eeb323157cb36c,Daniel Lavey,provisional_record_group,Individual,17629,Eric Zimmerman,4,1,1,25000,0,25000,2026-04-14,2026-04-14,0,0,1,25000,2026-04-14: $250.00 [ID 5651895],5651895,
record:eb0bd9bf9da63c66b039d4c8,Michael Veale,provisional_record_group,Individual,23199,Olivia Clark,4,1,1,35000,0,35000,2025-09-16,2025-09-16,1,35000,0,0,2025-09-16: $350.00 [ID 5397290],5397290,
record:eb74735afeebc07280014915,Lance Killian,provisional_record_group,Individual,23295,Eli Arnold,4,1,1,25000,0,25000,2025-12-10,2025-12-10,1,25000,0,0,2025-12-10: $250.00 [ID 5459961],5459961,
record:eb7890b7d2cec418fd15d6c6,Sally Mize,provisional_record_group,Individual,23295,Eli Arnold,4,1,1,25000,0,25000,2025-12-01,2025-12-01,1,25000,0,0,2025-12-01: $250.00 [ID 5459942],5459942,
record:eba17c3c3279939dc848f14e,Charles Robinowitz,provisional_record_group,Individual,15109,Steve Novick,3,1,1,25000,0,25000,2026-08-20,2026-08-20,0,0,1,25000,2026-08-20: $250.00 [ID 5793238],5793238,
record:ebf551031e1f4d6f2f5a6ab0,Tai Faux,provisional_record_group,Individual,23411,Jeremy Beausoleil Smith,4,1,1,25000,0,25000,2025-11-26,2025-11-26,1,25000,0,0,2025-11-26: $250.00 [ID 5447175],5447175,
record:ec46025eda97d46c52b8aa14,Dennis Mulvihill,provisional_record_group,Individual,23199,Olivia Clark,4,1,1,35000,0,35000,2025-08-06,2025-08-06,1,35000,0,0,2025-08-06: $350.00 [ID 5375095],5375095,
record:ecad090b7fddfd670b84dc57,David Groth,provisional_record_group,Individual,17629,Eric Zimmerman,4,1,1,20000,0,20000,2026-08-19,2026-08-19,0,0,1,20000,2026-08-19: $200.00 [ID 5778118],5778118,
record:ecce9a1173923a25f6e95cd0,Mary Emerson,provisional_record_group,Individual,23028,Angelita Morillo,3,1,1,32500,0,32500,2026-04-12,2026-04-12,0,0,1,32500,2026-04-12: $325.00 [ID 5621729],5621729,
record:ed9cba306079b47f940b60f3,Daniel Rodriguez,provisional_record_group,Individual,23295,Eli Arnold,4,3,3,25000,0,25000,2026-04-06,2026-09-21,0,0,3,25000,2026-04-06: $100.00 [ID 5616501] | 2026-08-30: $100.00 [ID 5786201] | 2026-09-21: $50.00 [ID 5820968],5616501|5786201|5820968,
record:edbcd9078e8ceaa844cafd27,Phillip Brooks,provisional_record_group,Individual,15109,Steve Novick,3,1,1,35000,0,35000,2026-06-28,2026-06-28,0,0,1,35000,2026-06-28: $350.00 [ID 5717597],5717597,
record:edc3de2eb060e5eeba10a5cf,Jeffry Smith,provisional_record_group,Individual,17629,Eric Zimmerman,4,1,1,35000,0,35000,2026-04-01,2026-04-01,0,0,1,35000,2026-04-01: $350.00 [ID 5598566],5598566,
record:edcb78919384445523d5bf0d,Eli Arnold,provisional_record_group,Candidate & Immediate Family,23295,Eli Arnold,4,1,1,35000,0,35000,2025-11-12,2025-11-12,1,35000,0,0,2025-11-12: $350.00 [ID 5459833],5459833,
record:ee85f68b43e0e2953dd3da86,Brian Smith,provisional_record_group,Individual,23295,Eli Arnold,4,6,6,15000,0,15000,2026-04-27,2026-08-27,0,0,6,15000,2026-04-27: $25.00 [ID 5640860] | 2026-05-27: $25.00 [ID 5674960] | 2026-06-27: $25.00 [ID 5704092] | 2026-07-27: $25.00 [ID 5747156] | 2026-08-17: $25.00 [ID 5786107] | 2026-08-27: $25.00 [ID 5786173],5640860|5674960|5704092|5747156|5786107|5786173,
record:ee933c56d2e3b80161fec307,Alice Powell,provisional_record_group,Individual,15109,Steve Novick,3,1,1,25000,0,25000,2026-08-09,2026-08-09,0,0,1,25000,2026-08-09: $250.00 [ID 5760214],5760214,
record:ee933c56d2e3b80161fec307,Alice Powell,provisional_record_group,Individual,17629,Eric Zimmerman,4,1,1,35000,0,35000,2026-09-16,2026-09-16,0,0,1,35000,2026-09-16: $350.00 [ID 5814003],5814003,
record:ee9ded71163b30de456bda56,Kristin Hammond,provisional_record_group,Individual,17629,Eric Zimmerman,4,1,1,35000,0,35000,2026-08-20,2026-08-20,0,0,1,35000,2026-08-20: $350.00 [ID 5778121],5778121,
record:ef18d1680250345b53990252,Thomas Dodson,provisional_record_group,Individual,23295,Eli Arnold,4,4,4,20000,0,20000,2026-06-01,2026-09-01,0,0,4,20000,2026-06-01: $50.00 [ID 5686448] | 2026-07-01: $50.00 [ID 5747070] | 2026-08-01: $50.00 [ID 5786021] | 2026-09-01: $50.00 [ID 5820928],5686448|5747070|5786021|5820928,
record:ef1b509d65b7c348343b2735,Paul Rippey,provisional_record_group,Individual,23365,Mitch Green,4,1,1,10000,0,10000,2026-09-21,2026-09-21,0,0,1,10000,2026-09-21: $100.00 [ID 5818400],5818400,
record:ef511734b70d6ade6ffa61a8,Stu Peterson,provisional_record_group,Individual,23295,Eli Arnold,4,1,1,5000,0,5000,2026-05-30,2026-05-30,0,0,1,5000,2026-05-30: $50.00 [ID 5686443],5686443,
record:efc56f575e625ddce74b8ca6,Steve Heard,provisional_record_group,Individual,23295,Eli Arnold,4,1,1,87500,0,87500,2026-01-12,2026-01-12,0,0,1,87500,2026-01-12: $875.00 [ID 5505119],5505119,
record:efc97015058e8d2663125f2a,Wynn Kiyama,provisional_record_group,Individual,23208,Tiffany Koyama Lane,3,2,1,85000,0,85000,2025-05-12,2025-05-12,2,85000,0,0,2025-05-12: $500.00 [ID 5320565] | 2025-05-12: $350.00 [ID 5320567],5320565|5320567,
record:f03d2fa89a22c0a7b6e3bab2,Thomas Wiley,provisional_record_group,Individual,17629,Eric Zimmerman,4,1,1,35000,0,35000,2026-09-21,2026-09-21,0,0,1,35000,2026-09-21: $350.00 [ID 5828869],5828869,
record:f0b0e68c9a9152a49cb2d506,Michael Casaday,provisional_record_group,Individual,23028,Angelita Morillo,3,1,1,5000,0,5000,2026-09-22,2026-09-22,0,0,1,5000,2026-09-22: $50.00 [ID 5821873],5821873,
record:f136b85c38e1c45a9c54383f,John Miller,provisional_record_group,Individual,23199,Olivia Clark,4,1,1,32500,0,32500,2026-06-30,2026-06-30,0,0,1,32500,2026-06-30: $325.00 [ID 5717899],5717899,
record:f1746c7c6615d165251890ef,Anne-Marie Oliver,provisional_record_group,Individual,24979,Cristal Otero,3,1,1,25000,0,25000,2026-08-29,2026-08-29,0,0,1,25000,2026-08-29: $250.00 [ID 5804088],5804088,
record:f184d5d4f2c2a78ee9d84477,Casady Monroe,provisional_record_group,Individual,23028,Angelita Morillo,3,1,1,25000,0,25000,2026-07-29,2026-07-29,0,0,1,25000,2026-07-29: $250.00 [ID 5746642],5746642,
record:f184d5d4f2c2a78ee9d84477,Casady Monroe,provisional_record_group,Individual,23208,Tiffany Koyama Lane,3,1,1,25000,0,25000,2026-07-29,2026-07-29,0,0,1,25000,2026-07-29: $250.00 [ID 5746718],5746718,
record:f184d5d4f2c2a78ee9d84477,Casady Monroe,provisional_record_group,Individual,23365,Mitch Green,4,1,1,25000,0,25000,2026-07-29,2026-07-29,0,0,1,25000,2026-07-29: $250.00 [ID 5745237],5745237,
record:f1e7ce290fff0856eed57c06,Susan Schnitzer,provisional_record_group,Individual,17629,Eric Zimmerman,4,1,1,35000,0,35000,2026-08-20,2026-08-20,0,0,1,35000,2026-08-20: $350.00 [ID 5778125],5778125,
record:f24d29068f024b213cc8e626,John Goldsmith,provisional_record_group,Candidate & Immediate Family,24615,John J Goldsmith,4,1,1,60000,0,60000,2026-03-05,2026-03-05,0,0,1,60000,2026-03-05: $600.00 [ID 5599571],5599571,
record:f303febf2136ed7c3d706a06,Sawiga Tonsiengsom,provisional_record_group,Individual,23208,Tiffany Koyama Lane,3,1,1,32500,0,32500,2026-06-09,2026-06-09,0,0,1,32500,2026-06-09: $325.00 [ID 5686987],5686987,
record:f306c6f71a7363b5e2bff948,Crystal Lamb,provisional_record_group,Individual,17629,Eric Zimmerman,4,1,1,25000,0,25000,2026-09-08,2026-09-08,0,0,1,25000,2026-09-08: $250.00 [ID 5813888],5813888,
record:f311bc1fa517c708cad1670c,George Passadore,provisional_record_group,Individual,23199,Olivia Clark,4,1,1,35000,0,35000,2026-06-09,2026-06-09,0,0,1,35000,2026-06-09: $350.00 [ID 5685641],5685641,
record:f34938f6551d6e8058b7ade2,Howard Goldstein,provisional_record_group,Individual,23199,Olivia Clark,4,1,1,25000,0,25000,2025-09-15,2025-09-15,1,25000,0,0,2025-09-15: $250.00 [ID 5397287],5397287,
record:f374faa3a8c9d95a02115fac,Peter Stott,provisional_record_group,Individual,24897,Kellie Torres,3,1,1,35000,0,35000,2026-08-09,2026-08-09,0,0,1,35000,2026-08-09: $350.00 [ID 5760925],5760925,
record:f39013cb96cfe9f315be094c,William Scott,provisional_record_group,Individual,15109,Steve Novick,3,1,1,35000,0,35000,2026-02-05,2026-02-05,0,0,1,35000,2026-02-05: $350.00 [ID 5534808],5534808,
record:f3a70d8dca9e6e04be051dae,Jason Renaud,provisional_record_group,Individual,23028,Angelita Morillo,3,1,1,25000,0,25000,2026-04-14,2026-04-14,0,0,1,25000,2026-04-14: $250.00 [ID 5626299],5626299,
record:f3aa3273035c1cd9b68615b5,Megan Peters,provisional_record_group,Individual,23365,Mitch Green,4,5,5,20000,5000,15000,2025-12-20,2026-07-24,1,2500,4,17500,2025-12-20: $25.00 [ID 5472035] | 2026-05-20: $25.00 [ID 5672536] | 2026-06-20: $25.00 [ID 5697314] | 2026-07-20: $25.00 [ID 5738030] | 2026-07-24: $100.00 [ID 5738127],5472035|5672536|5697314|5738030|5738127,5738791
record:f4072944d431e0ee6737b63c,Jonathan Isaacs,provisional_record_group,Individual,17629,Eric Zimmerman,4,1,1,35000,0,35000,2026-03-26,2026-03-26,0,0,1,35000,2026-03-26: $350.00 [ID 5598558],5598558,
record:f40cffc5aaf4517654f89f1a,Kevin Kohnstamm,provisional_record_group,Individual,23295,Eli Arnold,4,1,1,25000,0,25000,2026-04-20,2026-04-20,0,0,1,25000,2026-04-20: $250.00 [ID 5634498],5634498,
record:f40cffc5aaf4517654f89f1a,Kevin Kohnstamm,provisional_record_group,Individual,24897,Kellie Torres,3,1,1,20000,0,20000,2026-08-09,2026-08-09,0,0,1,20000,2026-08-09: $200.00 [ID 5780409],5780409,
record:f42e1d65a3efe0c292b59e78,Julie Stott,provisional_record_group,Individual,24897,Kellie Torres,3,1,1,35000,0,35000,2026-08-09,2026-08-09,0,0,1,35000,2026-08-09: $350.00 [ID 5760926],5760926,
record:f43f3556b11986f2d0bdd7eb,Eric Norberg,provisional_record_group,Individual,23295,Eli Arnold,4,1,1,10000,0,10000,2026-08-26,2026-08-26,0,0,1,10000,2026-08-26: $100.00 [ID 5786159],5786159,
record:f46985029966f23ea7d12580,Malin Petrusich,provisional_record_group,Individual,23199,Olivia Clark,4,1,1,35000,0,35000,2025-09-26,2025-09-26,1,35000,0,0,2025-09-26: $350.00 [ID 5397308],5397308,
record:f4897006f66c785064b28702,Pamela Knowles,provisional_record_group,Individual,15109,Steve Novick,3,1,1,35000,0,35000,2026-08-22,2026-08-22,0,0,1,35000,2026-08-22: $350.00 [ID 5793320],5793320,
record:f4acfe1ebb4854bd70fbc3c3,Gregory McCoy,provisional_record_group,Individual,24897,Kellie Torres,3,1,1,35000,0,35000,2026-08-09,2026-08-09,0,0,1,35000,2026-08-09: $350.00 [ID 5760887],5760887,
record:f4c5cce23927d9dad645de67,Joel Statz,provisional_record_group,Individual,23028,Angelita Morillo,3,1,1,10000,0,10000,2026-09-12,2026-09-12,0,0,1,10000,2026-09-12: $100.00 [ID 5807957],5807957,
record:f5096ddc41178044b7294bb6,Al Niknabard,provisional_record_group,Individual,17629,Eric Zimmerman,4,1,1,35000,0,35000,2026-08-16,2026-08-16,0,0,1,35000,2026-08-16: $350.00 [ID 5778109],5778109,
record:f549b5c96cb5b39fd749ee92,Greg Goodam,provisional_record_group,Individual,24897,Kellie Torres,3,1,1,35000,0,35000,2026-04-26,2026-04-26,0,0,1,35000,2026-04-26: $350.00 [ID 5642627],5642627,
record:f5560c40e4b6e4b2ab878155,Wilder Schmaltz,provisional_record_group,Individual,23028,Angelita Morillo,3,1,1,5000,0,5000,2026-02-08,2026-02-08,0,0,1,5000,2026-02-08: $50.00 [ID 5534642],5534642,
record:f5560c40e4b6e4b2ab878155,Wilder Schmaltz,provisional_record_group,Individual,23208,Tiffany Koyama Lane,3,2,2,6000,0,6000,2026-02-04,2026-05-12,0,0,2,6000,2026-02-04: $50.00 [ID 5532570] | 2026-05-12: $10.00 [ID 5665912],5532570|5665912,
record:f556bdc592b490ee27718cad,Justin Altemus,provisional_record_group,Individual,23028,Angelita Morillo,3,3,3,7500,0,7500,2026-07-12,2026-09-12,0,0,3,7500,2026-07-12: $25.00 [ID 5718744] | 2026-08-14: $25.00 [ID 5767878] | 2026-09-12: $25.00 [ID 5807959],5718744|5767878|5807959,
record:f57e2d792eff08d178ba66a1,Jill Eiland,provisional_record_group,Individual,15109,Steve Novick,3,1,1,16000,0,16000,2026-08-01,2026-08-01,0,0,1,16000,2026-08-01: $160.00 [ID 5760170],5760170,
record:f57e2d792eff08d178ba66a1,Jill Eiland,provisional_record_group,Individual,23199,Olivia Clark,4,1,1,15000,0,15000,2026-08-04,2026-08-04,0,0,1,15000,2026-08-04: $150.00 [ID 5759643],5759643,
record:f5b00f6b550ac47cd471ce7b,Noriyuki Murakami,provisional_record_group,Individual,23208,Tiffany Koyama Lane,3,2,2,50000,15000,35000,2025-11-14,2026-08-08,1,25000,1,25000,2025-11-14: $250.00 [ID 5437738] | 2026-08-08: $250.00 [ID 5763516],5437738|5763516,5763521
record:f5cdb283df86beabbc3adfdd,Laurie Ware,provisional_record_group,Individual,24897,Kellie Torres,3,1,1,35000,0,35000,2026-08-09,2026-08-09,0,0,1,35000,2026-08-09: $350.00 [ID 5760894],5760894,
record:f5dd0bb1208dc93323376c04,Eloise Carson,provisional_record_group,Individual,23295,Eli Arnold,4,1,1,10000,0,10000,2026-09-16,2026-09-16,0,0,1,10000,2026-09-16: $100.00 [ID 5820930],5820930,
record:f60f56c03e055b3ac703eb39,Patricia Frobes,provisional_record_group,Individual,15109,Steve Novick,3,1,1,25000,0,25000,2026-06-23,2026-06-23,0,0,1,25000,2026-06-23: $250.00 [ID 5717570],5717570,
record:f60f56c03e055b3ac703eb39,Patricia Frobes,provisional_record_group,Individual,25103,Jayne Cronlund,4,1,1,25000,0,25000,2026-09-13,2026-09-13,0,0,1,25000,2026-09-13: $250.00 [ID 5831776],5831776,
record:f625b8b4dbc97acf0c30d713,Paul Andrews,provisional_record_group,Individual,17629,Eric Zimmerman,4,1,1,35000,0,35000,2026-05-11,2026-05-11,0,0,1,35000,2026-05-11: $350.00 [ID 5679865],5679865,
record:f66170c288c7fb1251115f56,Barry Stein,provisional_record_group,Individual,15109,Steve Novick,3,1,1,35000,0,35000,2026-04-14,2026-04-14,0,0,1,35000,2026-04-14: $350.00 [ID 5657751],5657751,
record:f66de45bd78197adf5f84801,Devon Zastrow Newman,provisional_record_group,Individual,24972,Joel Corcoran,3,1,1,20000,0,20000,2026-05-05,2026-05-05,0,0,1,20000,2026-05-05: $200.00 [ID 5658399],5658399,
record:f68fef966ac7324297828650,Ivan Gold,provisional_record_group,Individual,17629,Eric Zimmerman,4,1,1,35000,0,35000,2026-09-15,2026-09-15,0,0,1,35000,2026-09-15: $350.00 [ID 5813974],5813974,
record:f6be9cc9f4bad98bbece9587,Paul Solomon,provisional_record_group,Individual,24897,Kellie Torres,3,2,1,60000,0,60000,2026-09-06,2026-09-06,0,0,2,60000,2026-09-06: $250.00 [ID 5799321] | 2026-09-06: $350.00 [ID 5799484],5799321|5799484,
record:f73ac1a0d54e91821d948c65,Robert Galanakis,provisional_record_group,Individual,23208,Tiffany Koyama Lane,3,1,1,5000,0,5000,2026-09-17,2026-09-17,0,0,1,5000,2026-09-17: $50.00 [ID 5814510],5814510,
record:f73c86b7a0d71398b7b3ec45,Judith Shaver,provisional_record_group,Individual,17629,Eric Zimmerman,4,1,1,25000,0,25000,2026-05-11,2026-05-11,0,0,1,25000,2026-05-11: $250.00 [ID 5679856],5679856,
record:f73d88556a5e8c916bd89712,Ryna Mehr,provisional_record_group,Individual,23295,Eli Arnold,4,1,1,20000,0,20000,2026-07-09,2026-07-09,0,0,1,20000,2026-07-09: $200.00 [ID 5747098],5747098,
record:f7adb8f33bf500a89c5f47d2,Ronald Beltz,provisional_record_group,Individual,17629,Eric Zimmerman,4,1,1,35000,0,35000,2026-08-21,2026-08-21,0,0,1,35000,2026-08-21: $350.00 [ID 5778130],5778130,
record:f7adb8f33bf500a89c5f47d2,Ronald Beltz,provisional_record_group,Individual,23295,Eli Arnold,4,1,1,25000,0,25000,2026-06-19,2026-06-19,0,0,1,25000,2026-06-19: $250.00 [ID 5704060],5704060,
record:f8f6107a0292e9362ec1dbe2,Andrew Hoan,provisional_record_group,Individual,24897,Kellie Torres,3,1,1,25000,0,25000,2026-05-12,2026-05-12,0,0,1,25000,2026-05-12: $250.00 [ID 5661433],5661433,
record:f94529b5d45bcaf6e01d029e,Roger L Gertenrich,provisional_record_group,Individual,23295,Eli Arnold,4,2,2,12500,0,12500,2026-04-06,2026-08-18,0,0,2,12500,2026-04-06: $25.00 [ID 5616500] | 2026-08-18: $100.00 [ID 5786143],5616500|5786143,
record:f950a62340da2cbfbacb467a,Theresa Preston-Werner,provisional_record_group,Individual,23028,Angelita Morillo,3,1,1,35000,0,35000,2026-07-10,2026-07-10,0,0,1,35000,2026-07-10: $350.00 [ID 5721265],5721265,
record:f950a62340da2cbfbacb467a,Theresa Preston-Werner,provisional_record_group,Individual,23365,Mitch Green,4,1,1,35000,0,35000,2026-02-27,2026-02-27,0,0,1,35000,2026-02-27: $350.00 [ID 5576992],5576992,
record:f982ecc8e9d18f776e442e89,Tom Preston-Werner,provisional_record_group,Individual,23028,Angelita Morillo,3,1,1,35000,0,35000,2026-07-10,2026-07-10,0,0,1,35000,2026-07-10: $350.00 [ID 5721266],5721266,
record:f982ecc8e9d18f776e442e89,Tom Preston-Werner,provisional_record_group,Individual,23365,Mitch Green,4,1,1,35000,0,35000,2026-02-27,2026-02-27,0,0,1,35000,2026-02-27: $350.00 [ID 5576994],5576994,
record:f9cd43651f0ac881f4b71af6,Patricia Zimmerman,provisional_record_group,Individual,17629,Eric Zimmerman,4,1,1,35000,0,35000,2026-05-27,2026-05-27,0,0,1,35000,2026-05-27: $350.00 [ID 5679891],5679891,
record:fa80c3c729e63a1ec1ccb6f4,Laura Willingham Milne,provisional_record_group,Individual,17629,Eric Zimmerman,4,1,1,35000,0,35000,2026-09-21,2026-09-21,0,0,1,35000,2026-09-21: $350.00 [ID 5828864],5828864,
record:fa80c3c729e63a1ec1ccb6f4,Laura Willingham Milne,provisional_record_group,Individual,23295,Eli Arnold,4,1,1,35000,0,35000,2026-09-21,2026-09-21,0,0,1,35000,2026-09-21: $350.00 [ID 5821208],5821208,
record:fa89074e61aecd947a197385,Tracy Harris,provisional_record_group,Individual,17629,Eric Zimmerman,4,1,1,25000,0,25000,2026-09-16,2026-09-16,0,0,1,25000,2026-09-16: $250.00 [ID 5814001],5814001,
record:fa89074e61aecd947a197385,Tracy Harris,provisional_record_group,Individual,24966,Matthias Hallett,3,1,1,10448,0,10448,2026-08-10,2026-08-10,0,0,1,10448,2026-08-10: $104.48 [ID 5760823],5760823,
record:fab2aad41a1545680aed89d6,Junha Kim,provisional_record_group,Individual,23028,Angelita Morillo,3,1,1,19000,0,19000,2026-06-25,2026-06-25,0,0,1,19000,2026-06-25: $190.00 [ID 5702877],5702877,
record:fac20cf3b6868904c60de817,Paul Gunderson,provisional_record_group,Individual,15109,Steve Novick,3,1,1,25000,0,25000,2026-08-26,2026-08-26,0,0,1,25000,2026-08-26: $250.00 [ID 5793324],5793324,
record:fadf43eccdf2e603fbeb4f1e,Maureen Hurst,provisional_record_group,Individual,24966,Matthias Hallett,3,1,1,10448,0,10448,2026-08-31,2026-08-31,0,0,1,10448,2026-08-31: $104.48 [ID 5802084],5802084,
record:fb24de4b24192b74962282aa,Daniel Hayes,provisional_record_group,Individual,17629,Eric Zimmerman,4,1,1,25000,0,25000,2026-06-09,2026-06-09,0,0,1,25000,2026-06-09: $250.00 [ID 5704579],5704579,
record:fb4673cf0de513be79c3ed8b,Sally Doerfler,provisional_record_group,Individual,23295,Eli Arnold,4,1,1,25000,0,25000,2026-09-02,2026-09-02,0,0,1,25000,2026-09-02: $250.00 [ID 5821016],5821016,
record:fb68fdaa805a3f7ba9b44aed,Ross Conklin,provisional_record_group,Individual,23028,Angelita Morillo,3,1,1,20000,0,20000,2026-04-26,2026-04-26,0,0,1,20000,2026-04-26: $200.00 [ID 5639320],5639320,
record:fb971ec183b61a6f62d9270f,Carolyn Covington,provisional_record_group,Individual,25040,Jamey Evenstar,4,7,6,75000,0,75000,2026-05-16,2026-09-01,0,0,7,75000,2026-05-16: $250.00 [ID 5666218] | 2026-05-16: $250.00 [ID 5666219] | 2026-06-16: $50.00 [ID 5697407] | 2026-07-01: $50.00 [ID 5709017] | 2026-07-16: $50.00 [ID 5729033] | 2026-08-01: $50.00 [ID 5748604] | 2026-09-01: $50.00 [ID 5795906],5666218|5666219|5697407|5709017|5729033|5748604|5795906,
record:fbbfeab62e69db9138c68f5f,Scott Pedersen,provisional_record_group,Individual,23365,Mitch Green,4,1,1,25000,0,25000,2026-01-12,2026-01-12,0,0,1,25000,2026-01-12: $250.00 [ID 5510874],5510874,
record:fbd37ef0afd4f32d2d27e430,Paul Balmer,provisional_record_group,Individual,15109,Steve Novick,3,1,1,17500,0,17500,2026-06-17,2026-06-17,0,0,1,17500,2026-06-17: $175.00 [ID 5717511],5717511,
record:fbeb5225d73d9fdfcec52678,Robin Springer,provisional_record_group,Individual,17629,Eric Zimmerman,4,1,1,35000,0,35000,2026-08-28,2026-08-28,0,0,1,35000,2026-08-28: $350.00 [ID 5813826],5813826,
record:fc16f99c19fb7691484f45f4,Mia Birk,provisional_record_group,Individual,24897,Kellie Torres,3,1,1,5000,0,5000,2026-09-06,2026-09-06,0,0,1,5000,2026-09-06: $50.00 [ID 5799853],5799853,
record:fc1b83d90a2cc5c5c2b09fda,Halie Symmons,provisional_record_group,Individual,23208,Tiffany Koyama Lane,3,3,3,15000,0,15000,2026-06-12,2026-09-12,0,0,3,15000,2026-06-12: $50.00 [ID 5686997] | 2026-08-12: $50.00 [ID 5767776] | 2026-09-12: $50.00 [ID 5807990],5686997|5767776|5807990,
record:fc1b83d90a2cc5c5c2b09fda,Halie Symmons,provisional_record_group,Individual,23365,Mitch Green,4,3,3,15000,0,15000,2026-06-12,2026-09-12,0,0,3,15000,2026-06-12: $50.00 [ID 5687180] | 2026-08-12: $50.00 [ID 5767557] | 2026-09-12: $50.00 [ID 5807725],5687180|5767557|5807725,
record:fc4339c486fa1a4580800165,Charlene M Westley,provisional_record_group,Individual,23365,Mitch Green,4,2,2,5000,0,5000,2026-07-26,2026-08-09,0,0,2,5000,2026-07-26: $25.00 [ID 5738179] | 2026-08-09: $25.00 [ID 5758592],5738179|5758592,
record:fc6420fd4335ab8bb0adccf5,Aisling Coghlan,provisional_record_group,Individual,15109,Steve Novick,3,1,1,35000,0,35000,2026-07-26,2026-07-26,0,0,1,35000,2026-07-26: $350.00 [ID 5760084],5760084,
record:fcb81b3f82261d0011ccbf0e,Greg Goodman,provisional_record_group,Individual,23199,Olivia Clark,4,1,1,35000,0,35000,2025-08-21,2025-08-21,1,35000,0,0,2025-08-21: $350.00 [ID 5375098],5375098,
record:fdb09d10a9dfa6e2e1f7ef9f,Melvin Mark,provisional_record_group,Individual,17629,Eric Zimmerman,4,1,1,35000,0,35000,2026-05-11,2026-05-11,0,0,1,35000,2026-05-11: $350.00 [ID 5679864],5679864,
record:fdbaecea6af0c169cb7ba2b1,Robert Walsh,provisional_record_group,Individual,24897,Kellie Torres,3,1,1,35000,0,35000,2026-08-10,2026-08-10,0,0,1,35000,2026-08-10: $350.00 [ID 5760657],5760657,
record:fdebc5aa256420783fe47685,Kristin Ohlson,provisional_record_group,Individual,15109,Steve Novick,3,2,2,25000,0,25000,2026-08-12,2026-08-20,0,0,2,25000,2026-08-12: $100.00 [ID 5793187] | 2026-08-20: $150.00 [ID 5793232],5793187|5793232,
record:fe59bf34fb708b9509688635,Grace Serbu,provisional_record_group,Individual,17629,Eric Zimmerman,4,1,1,35000,0,35000,2026-09-16,2026-09-16,0,0,1,35000,2026-09-16: $350.00 [ID 5813981],5813981,
record:fe9da70a39a89ca2cafebd45,Jeff Bennett,provisional_record_group,Individual,23208,Tiffany Koyama Lane,3,1,1,25000,0,25000,2025-12-30,2025-12-30,1,25000,0,0,2025-12-30: $250.00 [ID 5488253],5488253,
record:feb3ca5fb969c88f9d948ea3,Christopher Lang,provisional_record_group,Individual,23208,Tiffany Koyama Lane,3,3,3,30000,0,30000,2026-07-13,2026-09-13,0,0,3,30000,2026-07-13: $200.00 [ID 5721509] | 2026-08-15: $50.00 [ID 5767804] | 2026-09-13: $50.00 [ID 5808008],5721509|5767804|5808008,
record:fecb4a47686ef2a19c2ecedd,Neil Matteucci,provisional_record_group,Individual,23199,Olivia Clark,4,1,1,35000,0,35000,2026-06-30,2026-06-30,0,0,1,35000,2026-06-30: $350.00 [ID 5717885],5717885,
record:ff0559973d1beef0214b61e6,Michael Hanna,provisional_record_group,Individual,24897,Kellie Torres,3,1,1,25000,0,25000,2026-08-23,2026-08-23,0,0,1,25000,2026-08-23: $250.00 [ID 5774897],5774897,
record:ffd3b07b4eebed3016362ccc,Richard Bardeschewski,provisional_record_group,Individual,24897,Kellie Torres,3,1,1,35000,0,35000,2026-03-31,2026-03-31,0,0,1,35000,2026-03-31: $350.00 [ID 5623848],5623848,
record:fff0cac9d19c4053eff660f2,Marsea Hart,provisional_record_group,Individual,24897,Kellie Torres,3,1,1,35000,0,35000,2026-08-16,2026-08-16,0,0,1,35000,2026-08-16: $350.00 [ID 5768619],5768619,
