entity_id,reported_name,identity_status,book_type,candidate_count,candidate_portfolio,contribution_records,distinct_reported_dates,candidate_date_combinations,gross_cents,observed_refund_cents,gross_less_observed_refunds_cents,repeat_records_same_candidate,repeat_dates_same_candidate,first_date,last_date
committee:260,Portland Association of Teachers PAC (260),authoritative_committee_id,Political Committee,3,"Angelita Morillo: $875.00, 1 records / 1 dates | Tiffany Koyama Lane: $1225.00, 2 records / 2 dates | Mitch Green: $875.00, 1 records / 1 dates",4,3,4,297500,0,297500,True,True,2025-12-10,2026-04-06
committee:21625,IBEW Local 48 Small Donor PAC (21625),authoritative_committee_id,Political Committee,4,"Steve Novick: $350.00, 1 records / 1 dates | Eric Zimmerman: $875.00, 1 records / 1 dates | Olivia Clark: $500.00, 1 records / 1 dates | Mitch Green: $500.00, 1 records / 1 dates",4,2,4,222500,30000,192500,False,False,2026-01-28,2026-09-11
record:d3071c221e7323950efa87ed,Warren Rosenfeld,provisional_record_group,Individual,4,"Steve Novick: $875.00, 3 records / 1 dates | Eric Zimmerman: $350.00, 1 records / 1 dates | Olivia Clark: $439.45, 2 records / 2 dates | Eli Arnold: $350.00, 1 records / 1 dates",7,5,5,201445,0,201445,True,True,2025-11-04,2026-08-20
committee:3816,Iron Workers District Council of the Pacific Northwest (3816),authoritative_committee_id,Political Committee,4,"Eric Zimmerman: $500.00, 1 records / 1 dates | Angelita Morillo: $500.00, 1 records / 1 dates | Olivia Clark: $500.00, 1 records / 1 dates | Mitch Green: $500.00, 1 records / 1 dates",4,4,4,200000,0,200000,False,False,2025-07-25,2026-01-12
record:89ec8155a0716a9fa4048405,Aidan Willis,provisional_record_group,Individual,2,"Eric Zimmerman: $875.00, 1 records / 1 dates | Eli Arnold: $875.00, 1 records / 1 dates",2,1,2,175000,0,175000,False,False,2025-11-26,2025-11-26
record:86e860a29f305f7737c6210f,Donald Singer,provisional_record_group,Individual,4,"Steve Novick: $350.00, 1 records / 1 dates | Eric Zimmerman: $400.00, 2 records / 2 dates | Olivia Clark: $350.00, 1 records / 1 dates | Eli Arnold: $350.00, 1 records / 1 dates",5,3,5,145000,5000,140000,True,True,2025-11-17,2026-08-15
record:5cd225dac1d8300fc221c765,Daniel Deutsch,provisional_record_group,Individual,4,"Steve Novick: $350.00, 1 records / 1 dates | Eric Zimmerman: $350.00, 1 records / 1 dates | Olivia Clark: $350.00, 1 records / 1 dates | Eli Arnold: $350.00, 1 records / 1 dates",4,2,4,140000,0,140000,False,False,2025-11-14,2026-06-10
record:a66231bca70398831567bcdb,Mark Goodman,provisional_record_group,Individual,3,"Steve Novick: $350.00, 1 records / 1 dates | Eric Zimmerman: $350.00, 1 records / 1 dates | Olivia Clark: $700.00, 2 records / 2 dates",4,4,4,140000,0,140000,True,True,2025-08-25,2026-09-09
record:d8908983268496ef16e9585d,Roger Vrilakas,provisional_record_group,Individual,4,"Steve Novick: $350.00, 1 records / 1 dates | Eric Zimmerman: $350.00, 1 records / 1 dates | Olivia Clark: $350.00, 1 records / 1 dates | Eli Arnold: $350.00, 1 records / 1 dates",4,4,4,140000,0,140000,False,False,2026-02-05,2026-08-29
record:9eac7ed8d824f51d32184fe1,Tessa Bridge,provisional_record_group,Individual,3,"Angelita Morillo: $500.00, 1 records / 1 dates | Tiffany Koyama Lane: $350.00, 1 records / 1 dates | Mitch Green: $500.00, 1 records / 1 dates",3,2,3,135000,40000,95000,False,False,2026-05-21,2026-05-27
record:9349c3eb37c4c03d63c04946,James M Labbe,provisional_record_group,Individual,1,"Mitch Green: $1225.00, 2 records / 1 dates",2,1,1,122500,0,122500,True,False,2025-12-10,2025-12-10
record:eae67e03b132102962877a4b,Suzanne Bishop,provisional_record_group,Individual,3,"Steve Novick: $250.00, 1 records / 1 dates | Eric Zimmerman: $700.00, 2 records / 2 dates | Olivia Clark: $250.00, 1 records / 1 dates",4,4,4,120000,35000,85000,True,True,2025-10-18,2026-09-22
record:3bbed713796c134ae2f8b9bb,Sandra comstock,provisional_record_group,Individual,3,"Tiffany Koyama Lane: $250.00, 1 records / 1 dates | Mitch Green: $550.00, 2 records / 2 dates | Jamey Evenstar: $350.00, 2 records / 1 dates",5,4,4,115000,0,115000,True,True,2025-10-15,2026-05-20
record:900101d08c2edb3424b92762,Benjamin Gilbert,provisional_record_group,Individual,2,"Tiffany Koyama Lane: $700.00, 2 records / 2 dates | Mitch Green: $375.00, 2 records / 2 dates",4,4,4,107500,2500,105000,True,True,2025-08-20,2026-01-12
committee:80,Joint Council of Teamsters No. 37 Political Fund (80),authoritative_committee_id,Political Committee,3,"Steve Novick: $350.00, 1 records / 1 dates | Eric Zimmerman: $350.00, 1 records / 1 dates | Mitch Green: $350.00, 1 records / 1 dates",3,3,3,105000,0,105000,False,False,2026-08-24,2026-08-31
record:044bb0577d051932fa505d6a,Elizabeth Angel,provisional_record_group,Individual,3,"Eric Zimmerman: $350.00, 1 records / 1 dates | Olivia Clark: $350.00, 1 records / 1 dates | Eli Arnold: $350.00, 1 records / 1 dates",3,1,3,105000,0,105000,False,False,2026-08-31,2026-08-31
record:1d7dfc56556c9fa105c23abb,Homer Williams,provisional_record_group,Individual,3,"Steve Novick: $350.00, 1 records / 1 dates | Eric Zimmerman: $350.00, 1 records / 1 dates | Eli Arnold: $350.00, 1 records / 1 dates",3,3,3,105000,0,105000,False,False,2026-09-16,2026-09-24
record:2728ab51ca28f0a113a1c89b,Stephen Gomez,provisional_record_group,Individual,3,"Angelita Morillo: $350.00, 1 records / 1 dates | Tiffany Koyama Lane: $350.00, 1 records / 1 dates | Mitch Green: $350.00, 1 records / 1 dates",3,3,3,105000,10000,95000,False,False,2025-08-20,2026-09-18
record:2bb6d0c94a489600e25595f8,Janna Tessman,provisional_record_group,Individual,3,"Angelita Morillo: $350.00, 2 records / 2 dates | Tiffany Koyama Lane: $350.00, 2 records / 2 dates | Mitch Green: $350.00, 2 records / 2 dates",6,4,6,105000,0,105000,True,True,2025-11-19,2026-03-31
record:4cde395f3f3f068b691406c8,Keith Wilson,provisional_record_group,Individual,3,"Steve Novick: $350.00, 1 records / 1 dates | Eric Zimmerman: $350.00, 1 records / 1 dates | Eli Arnold: $350.00, 1 records / 1 dates",3,3,3,105000,0,105000,False,False,2026-08-30,2026-09-15
record:67f7ed9d1c9d487065ba829d,James Kelly,provisional_record_group,Individual,3,"Steve Novick: $350.00, 1 records / 1 dates | Eric Zimmerman: $350.00, 1 records / 1 dates | Eli Arnold: $350.00, 1 records / 1 dates",3,3,3,105000,0,105000,False,False,2025-12-26,2026-08-28
record:70413d9dcd9c43426b48430b,Megan Beck,provisional_record_group,Individual,3,"Angelita Morillo: $350.00, 1 records / 1 dates | Tiffany Koyama Lane: $350.00, 1 records / 1 dates | Mitch Green: $350.00, 1 records / 1 dates",3,1,3,105000,0,105000,False,False,2026-07-29,2026-07-29
record:7546867f7e01d87ac3d9386c,Patrick O'Herron,provisional_record_group,Individual,3,"Angelita Morillo: $350.00, 1 records / 1 dates | Tiffany Koyama Lane: $350.00, 1 records / 1 dates | Mitch Green: $350.00, 1 records / 1 dates",3,1,3,105000,0,105000,False,False,2026-06-24,2026-06-24
record:7b54529752798b5867d413aa,Marnie Glickman,provisional_record_group,Individual,1,"Angelita Morillo: $1050.00, 3 records / 3 dates",3,3,3,105000,0,105000,True,True,2025-12-31,2026-04-29
record:890a7ba020ff7d5c6d3ab64f,Scott Goodman,provisional_record_group,Individual,3,"Steve Novick: $350.00, 1 records / 1 dates | Eric Zimmerman: $350.00, 1 records / 1 dates | Olivia Clark: $350.00, 1 records / 1 dates",3,1,3,105000,0,105000,False,False,2026-03-02,2026-03-02
record:8fc6e51dce56fe931ec69c25,Karina Petrusich,provisional_record_group,Individual,3,"Eric Zimmerman: $350.00, 1 records / 1 dates | Olivia Clark: $350.00, 1 records / 1 dates | Eli Arnold: $350.00, 1 records / 1 dates",3,2,3,105000,0,105000,False,False,2025-11-14,2025-11-24
record:a1db7794a8fb45557b9e8722,David Levine,provisional_record_group,Individual,3,"Angelita Morillo: $350.00, 1 records / 1 dates | Tiffany Koyama Lane: $350.00, 1 records / 1 dates | Mitch Green: $350.00, 1 records / 1 dates",3,2,3,105000,0,105000,False,False,2026-03-06,2026-03-08
record:baac06be1d91a3fa71ca895a,Peter Angel,provisional_record_group,Individual,3,"Eric Zimmerman: $350.00, 1 records / 1 dates | Olivia Clark: $350.00, 1 records / 1 dates | Eli Arnold: $350.00, 1 records / 1 dates",3,2,3,105000,0,105000,False,False,2026-08-20,2026-08-31
record:3a2e2144378ec7ab0c5c4626,Lisa Caballero,provisional_record_group,Individual,3,"Eric Zimmerman: $350.00, 1 records / 1 dates | Olivia Clark: $325.00, 1 records / 1 dates | Eli Arnold: $350.00, 1 records / 1 dates",3,2,3,102500,0,102500,False,False,2025-11-14,2026-01-13
record:3cebc38aad11ac4ade095bd4,Sue Kelly,provisional_record_group,Individual,3,"Steve Novick: $350.00, 1 records / 1 dates | Eric Zimmerman: $350.00, 1 records / 1 dates | Eli Arnold: $325.00, 1 records / 1 dates",3,2,3,102500,0,102500,False,False,2026-08-30,2026-09-02
record:1f8f04b74124fdce23a36858,Mike Perham,provisional_record_group,Individual,3,"Angelita Morillo: $400.00, 2 records / 2 dates | Tiffany Koyama Lane: $200.00, 1 records / 1 dates | Mitch Green: $400.00, 2 records / 2 dates",5,3,5,100000,5000,95000,True,True,2025-12-25,2026-02-12
record:320c87f724ef8ce874a8f38b,Jubitz Corporation,provisional_record_group,Business Entity,2,"Eric Zimmerman: $500.00, 1 records / 1 dates | Olivia Clark: $500.00, 1 records / 1 dates",2,1,2,100000,0,100000,False,False,2025-10-06,2025-10-06
record:b5d53f511355100ed7169769,Kathleen Holt,provisional_record_group,Individual,3,"Angelita Morillo: $350.00, 1 records / 1 dates | Tiffany Koyama Lane: $300.00, 1 records / 1 dates | Mitch Green: $350.00, 1 records / 1 dates",3,2,3,100000,0,100000,False,False,2026-05-30,2026-07-29
committee:1869,PAC 483 (1869),authoritative_committee_id,Political Committee,3,"Angelita Morillo: $250.00, 1 records / 1 dates | Tiffany Koyama Lane: $350.00, 2 records / 2 dates | Mitch Green: $350.00, 2 records / 2 dates",5,3,5,95000,0,95000,True,True,2026-04-28,2026-08-17
record:39ed9961d24b9660c8a2c649,Linda Tomassi,provisional_record_group,Individual,3,"Angelita Morillo: $250.00, 1 records / 1 dates | Tiffany Koyama Lane: $350.00, 1 records / 1 dates | Mitch Green: $350.00, 1 records / 1 dates",3,1,3,95000,10000,85000,False,False,2026-08-21,2026-08-21
record:8d8661d5eda5b689622d11dc,Diana Rempe,provisional_record_group,Individual,2,"Tiffany Koyama Lane: $600.00, 2 records / 2 dates | Mitch Green: $350.00, 1 records / 1 dates",3,3,3,95000,25000,70000,True,True,2025-07-24,2026-05-12
record:e198178824f7da9dfd49227c,Julie Donn,provisional_record_group,Individual,1,"Jamey Evenstar: $900.00, 3 records / 2 dates",3,2,2,90000,0,90000,True,True,2026-05-16,2026-06-04
record:e845a62ba6a033a2a1dc338c,Au Nguyen,provisional_record_group,Individual,3,"Tiffany Koyama Lane: $350.00, 2 records / 1 dates | Mitch Green: $350.00, 1 records / 1 dates | Jamey Evenstar: $200.00, 1 records / 1 dates",4,3,3,90000,0,90000,True,False,2025-08-21,2026-06-24
committee:16178,SMART Local 16 PAC (16178),authoritative_committee_id,Political Committee,1,"Eric Zimmerman: $875.00, 1 records / 1 dates",1,1,1,87500,0,87500,False,False,2026-03-25,2026-03-25
record:01b488f5c80a19eaf4cdbb83,Donald Clark,provisional_record_group,Individual,1,"Olivia Clark: $875.00, 2 records / 1 dates",2,1,1,87500,2500,85000,True,False,2025-08-20,2025-08-20
record:19cd4e2ba5cddc3582242056,Aidan Willis,provisional_record_group,Individual,1,"Olivia Clark: $875.00, 1 records / 1 dates",1,1,1,87500,0,87500,False,False,2025-11-26,2025-11-26
record:59ee14ffe08362d05dcfb1e1,Marjorie Lindblom,provisional_record_group,Individual,1,"Eli Arnold: $875.00, 1 records / 1 dates",1,1,1,87500,0,87500,False,False,2025-11-16,2025-11-16
record:6c99183b73da3e2cab8f7d4b,Sue Marshall,provisional_record_group,Individual,1,"Jayne Cronlund: $875.00, 1 records / 1 dates",1,1,1,87500,0,87500,False,False,2026-07-18,2026-07-18
record:8a2e9fa77aee138409923fbc,Lance Lindblom,provisional_record_group,Individual,1,"Eli Arnold: $875.00, 1 records / 1 dates",1,1,1,87500,0,87500,False,False,2025-11-16,2025-11-16
record:ae3803ccce65a2f57603c666,Paul Utz,provisional_record_group,Individual,1,"Steve Novick: $875.00, 1 records / 1 dates",1,1,1,87500,0,87500,False,False,2025-12-30,2025-12-30
record:bcfdf65f161d5b1dfdf96779,Maria Perry-Crawshaw,provisional_record_group,Individual,1,"Eli Arnold: $875.00, 1 records / 1 dates",1,1,1,87500,0,87500,False,False,2025-12-30,2025-12-30
record:efc56f575e625ddce74b8ca6,Steve Heard,provisional_record_group,Individual,1,"Eli Arnold: $875.00, 1 records / 1 dates",1,1,1,87500,0,87500,False,False,2026-01-12,2026-01-12
record:0c8b8a492446f963babc9828,Andrew Bessmer,provisional_record_group,Individual,1,"Mitch Green: $850.00, 2 records / 2 dates",2,2,2,85000,0,85000,True,True,2025-08-23,2026-08-02
record:87e9ab5ead9032c07a905a30,Erik Szeto,provisional_record_group,Individual,2,"Steve Novick: $500.00, 1 records / 1 dates | Olivia Clark: $350.00, 1 records / 1 dates",2,2,2,85000,0,85000,False,False,2026-02-05,2026-03-24
record:9a52c16f12dedb3f4a0c5109,Deborah Bessmer,provisional_record_group,Individual,1,"Mitch Green: $850.00, 2 records / 2 dates",2,2,2,85000,0,85000,True,True,2025-08-23,2026-08-02
record:a7cac5fedee3d167631bed8b,Traci Kiyama,provisional_record_group,Individual,1,"Tiffany Koyama Lane: $850.00, 2 records / 1 dates",2,1,1,85000,0,85000,True,False,2025-05-12,2025-05-12
record:efc97015058e8d2663125f2a,Wynn Kiyama,provisional_record_group,Individual,1,"Tiffany Koyama Lane: $850.00, 2 records / 1 dates",2,1,1,85000,0,85000,True,False,2025-05-12,2025-05-12
record:cd3639bb857b4ff96e220b65,Jennifer Van Meter,provisional_record_group,Individual,3,"Angelita Morillo: $250.00, 1 records / 1 dates | Tiffany Koyama Lane: $250.00, 1 records / 1 dates | Mitch Green: $300.00, 2 records / 2 dates",4,2,4,80000,0,80000,True,True,2026-08-28,2026-09-19
record:0c3aaafe8e3597ca76504f8e,John Duhamel,provisional_record_group,Candidate & Immediate Family,1,"Jamey Evenstar: $750.00, 1 records / 1 dates",1,1,1,75000,0,75000,False,False,2026-05-22,2026-05-22
record:0d2962571e4356f74df0b182,Keil Mueller,provisional_record_group,Individual,2,"Tiffany Koyama Lane: $350.00, 3 records / 3 dates | Mitch Green: $400.00, 2 records / 2 dates",5,3,5,75000,5000,70000,True,True,2026-02-04,2026-04-04
record:1e2c25a489896fee2c43d061,John Bennett,provisional_record_group,Individual,3,"Eric Zimmerman: $250.00, 1 records / 1 dates | Olivia Clark: $250.00, 1 records / 1 dates | Eli Arnold: $250.00, 1 records / 1 dates",3,1,3,75000,0,75000,False,False,2026-06-22,2026-06-22
record:47c80167a11707d7ed064509,Tim Tees,provisional_record_group,Individual,3,"Steve Novick: $250.00, 1 records / 1 dates | Eric Zimmerman: $250.00, 1 records / 1 dates | Olivia Clark: $250.00, 1 records / 1 dates",3,1,3,75000,0,75000,False,False,2026-04-30,2026-04-30
record:72704e2b2b3aa8bac45b8340,Bob Palmer,provisional_record_group,Individual,3,"Eric Zimmerman: $250.00, 1 records / 1 dates | Olivia Clark: $250.00, 1 records / 1 dates | Eli Arnold: $250.00, 1 records / 1 dates",3,2,3,75000,0,75000,False,False,2025-11-18,2026-02-19
record:9ba3c1e13f3ee22ccba710bc,Jennifer Krauel,provisional_record_group,Individual,1,"Mitch Green: $750.00, 2 records / 2 dates",2,2,2,75000,50000,25000,True,True,2026-01-09,2026-01-12
record:dab156df7335af121c85d502,Spencer Alan,provisional_record_group,Individual,3,"Angelita Morillo: $250.00, 1 records / 1 dates | Tiffany Koyama Lane: $250.00, 1 records / 1 dates | Mitch Green: $250.00, 1 records / 1 dates",3,1,3,75000,0,75000,False,False,2026-07-26,2026-07-26
record:df6953fc677c16f30a7c412f,Mary Duhamel,provisional_record_group,Candidate & Immediate Family,1,"Jamey Evenstar: $750.00, 1 records / 1 dates",1,1,1,75000,0,75000,False,False,2026-05-22,2026-05-22
record:f184d5d4f2c2a78ee9d84477,Casady Monroe,provisional_record_group,Individual,3,"Angelita Morillo: $250.00, 1 records / 1 dates | Tiffany Koyama Lane: $250.00, 1 records / 1 dates | Mitch Green: $250.00, 1 records / 1 dates",3,1,3,75000,0,75000,False,False,2026-07-29,2026-07-29
record:fb971ec183b61a6f62d9270f,Carolyn Covington,provisional_record_group,Individual,1,"Jamey Evenstar: $750.00, 7 records / 6 dates",7,6,6,75000,0,75000,True,True,2026-05-16,2026-09-01
record:0d0af9561d097432abef21cb,Tressa Barclay,provisional_record_group,Individual,2,"Angelita Morillo: $350.00, 1 records / 1 dates | Tiffany Koyama Lane: $350.00, 1 records / 1 dates",2,1,2,70000,0,70000,False,False,2026-08-27,2026-08-27
record:18fd0f9104632421e25d9c70,Laura Wimmer,provisional_record_group,Individual,2,"Eric Zimmerman: $350.00, 1 records / 1 dates | Olivia Clark: $350.00, 1 records / 1 dates",2,2,2,70000,0,70000,False,False,2026-03-11,2026-03-26
record:24b1deb97d0774f68011de03,Ted Slupesky,provisional_record_group,Individual,2,"Eric Zimmerman: $350.00, 1 records / 1 dates | Eli Arnold: $350.00, 1 records / 1 dates",2,1,2,70000,0,70000,False,False,2026-09-17,2026-09-17
record:2d96bf04047a80bc0dbf792a,John Bishop,provisional_record_group,Individual,2,"Eric Zimmerman: $350.00, 1 records / 1 dates | Olivia Clark: $350.00, 1 records / 1 dates",2,1,2,70000,0,70000,False,False,2026-09-08,2026-09-08
record:3994a825c882e6d1798025ed,Joseph Gerharz,provisional_record_group,Individual,2,"Tiffany Koyama Lane: $350.00, 1 records / 1 dates | Mitch Green: $350.00, 1 records / 1 dates",2,1,2,70000,0,70000,False,False,2025-08-23,2025-08-23
record:3dacd69acf233a5c200c751d,Whitney Goodman,provisional_record_group,Individual,2,"Steve Novick: $350.00, 1 records / 1 dates | Eric Zimmerman: $350.00, 1 records / 1 dates",2,2,2,70000,0,70000,False,False,2026-06-16,2026-08-21
record:4e690ba3f229056850d2ae43,Susan Souers,provisional_record_group,Individual,1,"Olivia Clark: $700.00, 2 records / 2 dates",2,2,2,70000,35000,35000,True,True,2026-01-29,2026-05-14
record:5222856590d9edad52e21624,Teresa Brandon,provisional_record_group,Individual,1,"Tiffany Koyama Lane: $700.00, 1 records / 1 dates",1,1,1,70000,0,70000,False,False,2025-09-29,2025-09-29
record:5571d5a70121dc21ce70db61,Charlene Zidell,provisional_record_group,Individual,2,"Olivia Clark: $350.00, 1 records / 1 dates | Kellie Torres: $350.00, 1 records / 1 dates",2,2,2,70000,0,70000,False,False,2026-03-20,2026-08-16
record:59230cb83899cadd978220d9,Jules Bailey,provisional_record_group,Individual,2,"Steve Novick: $350.00, 1 records / 1 dates | Eric Zimmerman: $350.00, 1 records / 1 dates",2,2,2,70000,35000,35000,False,False,2026-05-07,2026-09-16
record:5a9a3c7aace778da6e218aaf,Paul Milne,provisional_record_group,Individual,2,"Eric Zimmerman: $350.00, 1 records / 1 dates | Eli Arnold: $350.00, 2 records / 2 dates",3,3,3,70000,0,70000,True,True,2026-07-06,2026-09-21
record:5c0af97f434cbf890808909e,John Schroeder,provisional_record_group,Individual,2,"Mitch Green: $350.00, 1 records / 1 dates | Jamey Evenstar: $350.00, 1 records / 1 dates",2,2,2,70000,0,70000,False,False,2025-12-09,2026-07-22
record:5cfdb7e4a5325be6edb0694c,David Squire,provisional_record_group,Individual,2,"Steve Novick: $350.00, 1 records / 1 dates | Eric Zimmerman: $350.00, 1 records / 1 dates",2,2,2,70000,0,70000,False,False,2026-06-05,2026-08-24
record:68acaa1b725499ff65098042,Dan Lavey,provisional_record_group,Individual,2,"Steve Novick: $350.00, 1 records / 1 dates | Olivia Clark: $350.00, 1 records / 1 dates",2,2,2,70000,0,70000,False,False,2025-12-04,2026-08-20
record:733b9815d9fd7e14a8626357,Daniel Gardner,provisional_record_group,Individual,1,"Tiffany Koyama Lane: $700.00, 2 records / 1 dates",2,1,1,70000,35000,35000,True,False,2026-05-30,2026-05-30
record:76b1ac3897489db1ae427509,Brett Murphy,provisional_record_group,Individual,2,"Eric Zimmerman: $350.00, 1 records / 1 dates | Kellie Torres: $350.00, 1 records / 1 dates",2,2,2,70000,0,70000,False,False,2026-08-02,2026-08-27
record:84e4135f9b6c59243f036673,Chris Smith,provisional_record_group,Individual,2,"Tiffany Koyama Lane: $350.00, 1 records / 1 dates | Mitch Green: $350.00, 1 records / 1 dates",2,2,2,70000,2500,67500,False,False,2026-03-18,2026-04-07
record:8b3cbe3b7217593d40029eca,Douglas De Weese,provisional_record_group,Individual,2,"Eric Zimmerman: $350.00, 1 records / 1 dates | Eli Arnold: $350.00, 1 records / 1 dates",2,2,2,70000,0,70000,False,False,2025-11-14,2026-08-04
record:8d8c32cb3bd874724d9686e6,Suzanne Kahn,provisional_record_group,Individual,2,"Eric Zimmerman: $350.00, 2 records / 2 dates | Eli Arnold: $350.00, 1 records / 1 dates",3,3,3,70000,0,70000,True,True,2026-06-22,2026-07-30
record:9153e1a96889bbf8aabbf5aa,Stephen Goodman,provisional_record_group,Individual,2,"Steve Novick: $350.00, 1 records / 1 dates | Eric Zimmerman: $350.00, 1 records / 1 dates",2,2,2,70000,0,70000,False,False,2026-07-13,2026-08-21
record:9dc5c356a4b978f72136c703,Eva Hamer,provisional_record_group,Individual,2,"Steve Novick: $350.00, 1 records / 1 dates | Mitch Green: $350.00, 1 records / 1 dates",2,2,2,70000,2500,67500,False,False,2026-06-13,2026-09-18
record:a841e6cdd325c609f26f2dd8,Jim Morse,provisional_record_group,Individual,2,"Eric Zimmerman: $350.00, 1 records / 1 dates | Kellie Torres: $350.00, 1 records / 1 dates",2,2,2,70000,0,70000,False,False,2026-08-09,2026-08-24
record:a9635e9bbeb19950564db235,Sarah Schrott,provisional_record_group,Individual,2,"Eric Zimmerman: $350.00, 1 records / 1 dates | Eli Arnold: $350.00, 1 records / 1 dates",2,1,2,70000,0,70000,False,False,2026-08-30,2026-08-30
record:ac9a31592abb3ad5f9e54ef7,Michael Powell,provisional_record_group,Individual,2,"Steve Novick: $350.00, 1 records / 1 dates | Eric Zimmerman: $350.00, 1 records / 1 dates",2,1,2,70000,0,70000,False,False,2026-09-16,2026-09-16
record:c35954f5ed1b1d9481eccdcf,Ted Labbe,provisional_record_group,Individual,2,"Tiffany Koyama Lane: $350.00, 1 records / 1 dates | Mitch Green: $350.00, 1 records / 1 dates",2,1,2,70000,0,70000,False,False,2025-11-20,2025-11-20
record:dbedefb9782a8562d267c9ab,Jonathan Tasini,provisional_record_group,Individual,2,"Angelita Morillo: $350.00, 1 records / 1 dates | Mitch Green: $350.00, 1 records / 1 dates",2,1,2,70000,0,70000,False,False,2026-06-15,2026-06-15
record:e178e04fcbbb0d6bd8e7c4f8,Mark Sherman,provisional_record_group,Individual,2,"Angelita Morillo: $350.00, 1 records / 1 dates | Tiffany Koyama Lane: $350.00, 1 records / 1 dates",2,2,2,70000,0,70000,False,False,2026-06-29,2026-07-29
record:e414438fe8d2ec6ed5ebbddd,Joseph Petrusich,provisional_record_group,Individual,2,"Olivia Clark: $350.00, 1 records / 1 dates | Eli Arnold: $350.00, 1 records / 1 dates",2,2,2,70000,0,70000,False,False,2025-09-25,2025-11-14
record:e7644fb5e481619858f9ec8d,Ross Lienhart,provisional_record_group,Individual,2,"Eric Zimmerman: $350.00, 1 records / 1 dates | Olivia Clark: $350.00, 1 records / 1 dates",2,1,2,70000,0,70000,False,False,2026-08-27,2026-08-27
record:f950a62340da2cbfbacb467a,Theresa Preston-Werner,provisional_record_group,Individual,2,"Angelita Morillo: $350.00, 1 records / 1 dates | Mitch Green: $350.00, 1 records / 1 dates",2,2,2,70000,0,70000,False,False,2026-02-27,2026-07-10
record:f982ecc8e9d18f776e442e89,Tom Preston-Werner,provisional_record_group,Individual,2,"Angelita Morillo: $350.00, 1 records / 1 dates | Mitch Green: $350.00, 1 records / 1 dates",2,2,2,70000,0,70000,False,False,2026-02-27,2026-07-10
record:fa80c3c729e63a1ec1ccb6f4,Laura Willingham Milne,provisional_record_group,Individual,2,"Eric Zimmerman: $350.00, 1 records / 1 dates | Eli Arnold: $350.00, 1 records / 1 dates",2,1,2,70000,0,70000,False,False,2026-09-21,2026-09-21
record:443937d2ce42e93e8180e38e,Christopher Schweizer,provisional_record_group,Individual,3,"Angelita Morillo: $281.00, 4 records / 4 dates | Tiffany Koyama Lane: $210.00, 3 records / 2 dates | Mitch Green: $205.00, 10 records / 10 dates",17,15,16,69600,5600,64000,True,True,2026-04-07,2026-08-30
record:3295a4cc0d6056c745043486,Jonathan Pulvers,provisional_record_group,Individual,2,"Angelita Morillo: $350.00, 1 records / 1 dates | Jamey Evenstar: $325.00, 1 records / 1 dates",2,2,2,67500,0,67500,False,False,2026-06-25,2026-07-16
record:d3d78f48307483f357350d2b,Luci Longoria,provisional_record_group,Individual,4,"Angelita Morillo: $135.00, 2 records / 2 dates | Tiffany Koyama Lane: $100.00, 2 records / 2 dates | Mitch Green: $325.00, 1 records / 1 dates | Jamey Evenstar: $100.00, 1 records / 1 dates",6,6,6,66000,0,66000,True,True,2026-05-17,2026-09-03
record:86d2937ccee0a8df47d1f501,Kay Ellen O'Neill,provisional_record_group,Individual,1,"Mitch Green: $654.00, 3 records / 3 dates",3,3,3,65400,40400,25000,True,True,2026-05-05,2026-07-26
record:36d5d7127ba892340709edf3,James Labbe,provisional_record_group,Individual,2,"Tiffany Koyama Lane: $350.00, 1 records / 1 dates | Jamey Evenstar: $300.00, 2 records / 2 dates",3,3,3,65000,0,65000,True,True,2025-11-20,2026-07-16
record:a672f48634f3496fa2d294a4,Jordan Lewis,provisional_record_group,Individual,2,"Tiffany Koyama Lane: $297.50, 1 records / 1 dates | Mitch Green: $350.00, 1 records / 1 dates",2,2,2,64750,0,64750,False,False,2025-08-20,2026-04-21
record:7ff993dc1cc4ea3ad4caa061,Helena Birecki,provisional_record_group,Individual,2,"Mitch Green: $325.00, 2 records / 2 dates | Jamey Evenstar: $300.00, 1 records / 1 dates",3,3,3,62500,0,62500,True,True,2026-04-11,2026-07-25
committee:221,Plumbers & Steamfitters PAC (221),authoritative_committee_id,Political Committee,1,"Eric Zimmerman: $613.00, 1 records / 1 dates",1,1,1,61300,0,61300,False,False,2025-12-23,2025-12-23
record:1ad905e73596ee9612e8b631,Matthew Holt,provisional_record_group,Individual,3,"Angelita Morillo: $200.00, 1 records / 1 dates | Tiffany Koyama Lane: $200.00, 1 records / 1 dates | Mitch Green: $200.00, 1 records / 1 dates",3,1,3,60000,0,60000,False,False,2026-07-06,2026-07-06
record:27a08ebbd63ea073a87837ad,Timothy Zimmerman,provisional_record_group,Individual,2,"Eric Zimmerman: $350.00, 1 records / 1 dates | Kellie Torres: $250.00, 1 records / 1 dates",2,1,2,60000,0,60000,False,False,2026-05-27,2026-05-27
record:28910fbb978d527771d603ef,Brian Detman,provisional_record_group,Individual,3,"Angelita Morillo: $200.00, 1 records / 1 dates | Tiffany Koyama Lane: $200.00, 1 records / 1 dates | Mitch Green: $200.00, 1 records / 1 dates",3,1,3,60000,0,60000,False,False,2026-07-28,2026-07-28
record:2a211eb190dc6f436065eb57,Lisa Freeman,provisional_record_group,Individual,1,"Jamey Evenstar: $600.00, 3 records / 2 dates",3,2,2,60000,0,60000,True,True,2026-05-19,2026-07-16
record:2d3c6470439fdf5a3415938a,Jim Mark,provisional_record_group,Individual,1,"Kellie Torres: $600.00, 2 records / 2 dates",2,2,2,60000,0,60000,True,True,2026-08-09,2026-09-13
record:7475b3628d78c841d740281f,Mary Matthews,provisional_record_group,Individual,1,"Angelita Morillo: $600.00, 4 records / 4 dates",4,4,4,60000,0,60000,True,True,2025-12-14,2026-04-26
record:857012c5d05d79319f5d7dfd,Michelle Giguere,provisional_record_group,Individual,2,"Steve Novick: $350.00, 1 records / 1 dates | Olivia Clark: $250.00, 1 records / 1 dates",2,2,2,60000,0,60000,False,False,2025-10-15,2026-07-16
record:9918f1a0218936b686e614ac,Brandon Mullen,provisional_record_group,Individual,2,"Angelita Morillo: $275.00, 1 records / 1 dates | Mitch Green: $325.00, 1 records / 1 dates",2,1,2,60000,0,60000,False,False,2026-07-18,2026-07-18
record:9b688eeb5fe478bd60759f0e,Kevin Kahn,provisional_record_group,Individual,2,"Eric Zimmerman: $250.00, 1 records / 1 dates | Eli Arnold: $350.00, 1 records / 1 dates",2,2,2,60000,0,60000,False,False,2026-06-26,2026-07-30
record:ee933c56d2e3b80161fec307,Alice Powell,provisional_record_group,Individual,2,"Steve Novick: $250.00, 1 records / 1 dates | Eric Zimmerman: $350.00, 1 records / 1 dates",2,2,2,60000,0,60000,False,False,2026-08-09,2026-09-16
record:f24d29068f024b213cc8e626,John Goldsmith,provisional_record_group,Candidate & Immediate Family,1,"John J Goldsmith: $600.00, 1 records / 1 dates",1,1,1,60000,0,60000,False,False,2026-03-05,2026-03-05
record:f6be9cc9f4bad98bbece9587,Paul Solomon,provisional_record_group,Individual,1,"Kellie Torres: $600.00, 2 records / 1 dates",2,1,1,60000,0,60000,True,False,2026-09-06,2026-09-06
record:f7adb8f33bf500a89c5f47d2,Ronald Beltz,provisional_record_group,Individual,2,"Eric Zimmerman: $350.00, 1 records / 1 dates | Eli Arnold: $250.00, 1 records / 1 dates",2,2,2,60000,0,60000,False,False,2026-06-19,2026-08-21
record:7031a9e69fd7a63d649f3546,Michael Edera,provisional_record_group,Individual,2,"Tiffany Koyama Lane: $185.00, 4 records / 3 dates | Mitch Green: $360.00, 4 records / 4 dates",8,5,7,54500,10000,44500,True,True,2026-06-22,2026-09-20
record:7e6eadf8468ca2de2ec11c45,Jen Schuberth,provisional_record_group,Individual,1,"Steve Novick: $525.00, 2 records / 1 dates",2,1,1,52500,0,52500,True,False,2026-02-07,2026-02-07
record:82fbc727d966a6928cb85294,Mary Emerson,provisional_record_group,Individual,2,"Tiffany Koyama Lane: $325.00, 2 records / 2 dates | Mitch Green: $200.00, 1 records / 1 dates",3,2,3,52500,0,52500,True,True,2026-04-08,2026-07-28
committee:13920,Kitzhaber for Governor (13920),authoritative_committee_id,Political Committee,1,"Olivia Clark: $500.00, 1 records / 1 dates",1,1,1,50000,0,50000,False,False,2025-10-07,2025-10-07
committee:20502,Liuna Local 737 Political Action (20502),authoritative_committee_id,Political Committee,1,"Eric Zimmerman: $500.00, 1 records / 1 dates",1,1,1,50000,0,50000,False,False,2025-05-05,2025-05-05
committee:223,Portland Metro Fire Fighters PAC (223),authoritative_committee_id,Political Committee,1,"Eric Zimmerman: $500.00, 1 records / 1 dates",1,1,1,50000,0,50000,False,False,2025-05-19,2025-05-19
committee:23140,Lesly Munoz for Oregon (23140),authoritative_committee_id,Political Committee,1,"Angelita Morillo: $500.00, 2 records / 1 dates",2,1,1,50000,50000,0,True,False,2026-06-25,2026-06-25
committee:3591,Betsy PAC (3591),authoritative_committee_id,Political Committee,1,"Olivia Clark: $500.00, 1 records / 1 dates",1,1,1,50000,0,50000,False,False,2025-09-17,2025-09-17
record:075e5586889b1648243347f3,Gun Denhart,provisional_record_group,Individual,1,"Eli Arnold: $500.00, 1 records / 1 dates",1,1,1,50000,15000,35000,False,False,2026-06-01,2026-06-01
record:0b3ac520109cba1734e0ea9d,Diane Rosenbaum,provisional_record_group,Individual,2,"Steve Novick: $250.00, 1 records / 1 dates | Olivia Clark: $250.00, 1 records / 1 dates",2,2,2,50000,0,50000,False,False,2026-02-08,2026-04-03
record:0e3ab764a2493d9a440c988a,Sue Van Brocklin,provisional_record_group,Individual,1,"Olivia Clark: $500.00, 2 records / 2 dates",2,2,2,50000,15000,35000,True,True,2025-12-22,2026-03-21
record:127e35c2e33be1d1b2e6fe5d,Thomas McHugh,provisional_record_group,Individual,1,"Kellie Torres: $500.00, 2 records / 2 dates",2,2,2,50000,25000,25000,True,True,2026-03-22,2026-05-03
record:1b1cdd30f692b36422b2984d,Laura Willimgham Milne,provisional_record_group,Individual,1,"Steve Novick: $500.00, 2 records / 2 dates",2,2,2,50000,0,50000,True,True,2025-12-29,2026-04-17
record:1d11cd44a94fc6e45a1d7655,Rebecca Stavenjord,provisional_record_group,Individual,1,"Olivia Clark: $500.00, 2 records / 1 dates",2,1,1,50000,0,50000,True,False,2025-01-13,2025-01-13
record:21e80ac6364a5347967f8cde,John Andrews,provisional_record_group,Individual,2,"Steve Novick: $250.00, 1 records / 1 dates | Eric Zimmerman: $250.00, 1 records / 1 dates",2,2,2,50000,0,50000,False,False,2026-05-11,2026-06-05
record:26bf4254a8626962f5ba681e,Sandra Mcdonough,provisional_record_group,Individual,2,"Steve Novick: $250.00, 1 records / 1 dates | Olivia Clark: $250.00, 1 records / 1 dates",2,2,2,50000,0,50000,False,False,2026-05-31,2026-06-19
record:2822bb279fef1a31c715ccf0,Jennifer Park,provisional_record_group,Individual,1,"Mitch Green: $500.00, 2 records / 1 dates",2,1,1,50000,25000,25000,True,False,2026-09-20,2026-09-20
record:33d7a617824c5672c2814c00,Clarence Bishop,provisional_record_group,Individual,1,"Eli Arnold: $500.00, 2 records / 2 dates",2,2,2,50000,0,50000,True,True,2026-06-13,2026-09-22
record:430bb608bf07cb48d0971c0d,Paterno Escarilla,provisional_record_group,Individual,1,"Jamey Evenstar: $500.00, 1 records / 1 dates",1,1,1,50000,0,50000,False,False,2026-05-21,2026-05-21
record:43b31df37efe7c060086dc7c,Leslie Hammond,provisional_record_group,Individual,2,"Olivia Clark: $350.00, 1 records / 1 dates | Eli Arnold: $150.00, 1 records / 1 dates",2,2,2,50000,0,50000,False,False,2026-06-15,2026-08-16
record:4661c4291457e6d2d341e638,Clarence Bishop III,provisional_record_group,Individual,1,"Olivia Clark: $500.00, 1 records / 1 dates",1,1,1,50000,15000,35000,False,False,2026-04-07,2026-04-07
record:4f167a5b07d960f017a82233,Raffaele Timarchi,provisional_record_group,Individual,2,"Angelita Morillo: $250.00, 1 records / 1 dates | Mitch Green: $250.00, 1 records / 1 dates",2,2,2,50000,0,50000,False,False,2026-06-25,2026-07-24
record:4f6f8490c768657071143dac,Anthony Russell,provisional_record_group,Individual,1,"Jamey Evenstar: $500.00, 2 records / 1 dates",2,1,1,50000,0,50000,True,False,2026-05-16,2026-05-16
record:523395382dcb0a17c2e9ef9f,Olivia Clark,provisional_record_group,Candidate & Immediate Family,1,"Olivia Clark: $500.00, 1 records / 1 dates",1,1,1,50000,0,50000,False,False,2025-01-10,2025-01-10
record:56fc4453123bd3d90a5a9e5b,Nicholas Bradish,provisional_record_group,Individual,1,"Mitch Green: $500.00, 1 records / 1 dates",1,1,1,50000,0,50000,False,False,2025-09-17,2025-09-17
record:5f1c0b6766e29f984f5fa330,Jill Garvey,provisional_record_group,Individual,2,"Olivia Clark: $250.00, 1 records / 1 dates | Eli Arnold: $250.00, 1 records / 1 dates",2,1,2,50000,0,50000,False,False,2026-05-14,2026-05-14
record:6b7a724b59df3be2edf34570,Andrea Kappa,provisional_record_group,Individual,1,"Jayne Cronlund: $500.00, 2 records / 1 dates",2,1,1,50000,0,50000,True,False,2026-07-28,2026-07-28
record:6cc4f0c9cca003890bfb7569,Randolph Miller,provisional_record_group,Individual,2,"Eric Zimmerman: $250.00, 1 records / 1 dates | Kellie Torres: $250.00, 1 records / 1 dates",2,2,2,50000,0,50000,False,False,2026-06-04,2026-08-30
record:7475604e953b9eee06158670,Northwest Oregon Labor Council,provisional_record_group,Labor Organization,1,"Eric Zimmerman: $500.00, 1 records / 1 dates",1,1,1,50000,0,50000,False,False,2025-07-07,2025-07-07
record:77b7f722c5646d07cde00d1f,Tamara Banker,provisional_record_group,Individual,1,"Jayne Cronlund: $500.00, 1 records / 1 dates",1,1,1,50000,0,50000,False,False,2026-07-16,2026-07-16
record:782a34183528d509a7df7312,Andres Oswill,provisional_record_group,Individual,3,"Angelita Morillo: $150.00, 1 records / 1 dates | Tiffany Koyama Lane: $200.00, 2 records / 2 dates | Mitch Green: $150.00, 1 records / 1 dates",4,4,4,50000,0,50000,True,True,2025-09-22,2026-08-04
record:84958187b7c8cf0a786391bd,Jubitz Corporation,provisional_record_group,Business Entity,1,"Kellie Torres: $500.00, 1 records / 1 dates",1,1,1,50000,0,50000,False,False,2026-05-09,2026-05-09
record:8c3df97e81337bb40733623c,Johnell Bell,provisional_record_group,Individual,1,"Olivia Clark: $500.00, 1 records / 1 dates",1,1,1,50000,0,50000,False,False,2025-11-16,2025-11-16
record:8eeef5e2f6da2036bed976a1,Todd Foster,provisional_record_group,Individual,1,"Joel Corcoran: $500.00, 1 records / 1 dates",1,1,1,50000,0,50000,False,False,2026-05-13,2026-05-13
record:9dc651128a8028a5b46cf01e,P Diane Mountain,provisional_record_group,Individual,1,"Steve Novick: $500.00, 1 records / 1 dates",1,1,1,50000,0,50000,False,False,2026-03-25,2026-03-25
record:9f8efaaaf010c9ad7d7a86ee,Gary Banker,provisional_record_group,Individual,1,"Jayne Cronlund: $500.00, 1 records / 1 dates",1,1,1,50000,0,50000,False,False,2026-07-28,2026-07-28
record:b40bff0cf42a20d92606cacf,Peter Northrup,provisional_record_group,Individual,1,"Eli Arnold: $500.00, 1 records / 1 dates",1,1,1,50000,15000,35000,False,False,2026-04-19,2026-04-19
record:bcb1fc6b4c1ef5b295f24778,Marisa DeMull,provisional_record_group,Individual,1,"Jamey Evenstar: $500.00, 2 records / 1 dates",2,1,1,50000,0,50000,True,False,2026-05-16,2026-05-16
record:bcb5f2650254d71bf5f54b52,Amy Beacom,provisional_record_group,Individual,1,"Jayne Cronlund: $500.00, 1 records / 1 dates",1,1,1,50000,0,50000,False,False,2026-07-28,2026-07-28
record:c796127b4c75478a03fc66cc,Karen Tosi,provisional_record_group,Individual,1,"Steve Novick: $500.00, 1 records / 1 dates",1,1,1,50000,0,50000,False,False,2025-12-30,2025-12-30
record:cf240974e24dce0d1d312069,Barbara Nay,provisional_record_group,Individual,2,"Eric Zimmerman: $250.00, 1 records / 1 dates | Olivia Clark: $250.00, 1 records / 1 dates",2,2,2,50000,0,50000,False,False,2026-06-10,2026-09-11
record:d37d28399243a16399d275ed,Mignon Leins,provisional_record_group,Individual,1,"Jamey Evenstar: $500.00, 2 records / 1 dates",2,1,1,50000,0,50000,True,False,2026-05-16,2026-05-16
record:d5ef259e1629d4afce857cd5,Jubitz Corporation,provisional_record_group,Business Entity,1,"Steve Novick: $500.00, 1 records / 1 dates",1,1,1,50000,0,50000,False,False,2026-04-20,2026-04-20
record:de62207b6897a884af054450,Katherine Yoo Sollitt Koo,provisional_record_group,Candidate & Immediate Family,1,"Tom Sollitt: $500.00, 1 records / 1 dates",1,1,1,50000,0,50000,False,False,2026-05-31,2026-05-31
record:e6f115dbbb9d62c103cf8709,Nancy Spencer,provisional_record_group,Individual,1,"Steve Novick: $500.00, 1 records / 1 dates",1,1,1,50000,0,50000,False,False,2026-04-14,2026-04-14
record:f5b00f6b550ac47cd471ce7b,Noriyuki Murakami,provisional_record_group,Individual,1,"Tiffany Koyama Lane: $500.00, 2 records / 2 dates",2,2,2,50000,15000,35000,True,True,2025-11-14,2026-08-08
record:f60f56c03e055b3ac703eb39,Patricia Frobes,provisional_record_group,Individual,2,"Steve Novick: $250.00, 1 records / 1 dates | Jayne Cronlund: $250.00, 1 records / 1 dates",2,2,2,50000,0,50000,False,False,2026-06-23,2026-09-13
record:8f7794cf6f186b8da6f37e64,Juno Suarez,provisional_record_group,Individual,2,"Angelita Morillo: $232.00, 4 records / 4 dates | Mitch Green: $232.00, 4 records / 4 dates",8,4,8,46400,0,46400,True,True,2026-06-15,2026-09-15
record:0701405609067ba5413be71a,Laura P Wadlin,provisional_record_group,Individual,2,"Tiffany Koyama Lane: $108.00, 4 records / 4 dates | Mitch Green: $350.00, 1 records / 1 dates",5,5,5,45800,12700,33100,True,True,2025-12-28,2026-07-24
record:71897c717a070a305325fd03,Norm Frink,provisional_record_group,Individual,1,"Eli Arnold: $450.00, 3 records / 3 dates",3,3,3,45000,10000,35000,True,True,2026-03-10,2026-06-16
record:f40cffc5aaf4517654f89f1a,Kevin Kohnstamm,provisional_record_group,Individual,2,"Eli Arnold: $250.00, 1 records / 1 dates | Kellie Torres: $200.00, 1 records / 1 dates",2,2,2,45000,0,45000,False,False,2026-04-20,2026-08-09
record:12449636dd7d2793b39dc586,Diane Goodwin,provisional_record_group,Individual,2,"Tiffany Koyama Lane: $249.34, 2 records / 2 dates | Mitch Green: $183.33, 2 records / 2 dates",4,3,4,43267,0,43267,True,True,2026-05-09,2026-09-13
record:0c28fd84ed7ed938ff2e40c0,Rachel Weisshaar,provisional_record_group,Individual,2,"Angelita Morillo: $200.00, 1 records / 1 dates | Jamey Evenstar: $200.00, 1 records / 1 dates",2,2,2,40000,0,40000,False,False,2026-06-29,2026-08-30
record:2343310e7497c4ef5c488022,Rosemary Southwood,provisional_record_group,Individual,1,"Eric Zimmerman: $400.00, 2 records / 2 dates",2,2,2,40000,0,40000,True,True,2026-06-03,2026-06-09
record:43527d9ec443c6ba35188caa,Rob Reid,provisional_record_group,Individual,2,"Angelita Morillo: $200.00, 1 records / 1 dates | Mitch Green: $200.00, 1 records / 1 dates",2,1,2,40000,0,40000,False,False,2026-09-04,2026-09-04
record:48585d976bb6cf5fabd4ee6a,James Ofsink,provisional_record_group,Individual,2,"Angelita Morillo: $200.00, 1 records / 1 dates | Mitch Green: $200.00, 1 records / 1 dates",2,1,2,40000,0,40000,False,False,2026-06-03,2026-06-03
record:6743e5f59eaf5d0cbea262ed,Tom Sollitt,provisional_record_group,Candidate & Immediate Family,1,"Tom Sollitt: $400.00, 2 records / 2 dates",2,2,2,40000,0,40000,True,True,2026-05-02,2026-05-12
record:b9c165096a36b4deac558e13,Mary Matthews,provisional_record_group,Individual,2,"Angelita Morillo: $50.00, 2 records / 2 dates | Tiffany Koyama Lane: $350.00, 1 records / 1 dates",3,3,3,40000,0,40000,True,True,2025-10-11,2026-06-26
record:b727a0149f2ff152c718802d,Sarah Foster,provisional_record_group,Individual,3,"Angelita Morillo: $126.66, 2 records / 2 dates | Tiffany Koyama Lane: $126.67, 2 records / 2 dates | Mitch Green: $126.67, 2 records / 2 dates",6,2,6,38000,0,38000,True,True,2026-05-21,2026-06-25
record:7ccb41f9848451872c5e5f3b,Michael Miller,provisional_record_group,Individual,1,"Jayne Cronlund: $375.00, 3 records / 3 dates",3,3,3,37500,0,37500,True,True,2026-07-16,2026-09-16
record:94f6a2d470ff4ba845de14c3,Martin Kehoe,provisional_record_group,Individual,2,"Steve Novick: $350.00, 2 records / 2 dates | Eli Arnold: $25.00, 1 records / 1 dates",3,3,3,37500,2500,35000,True,True,2026-05-27,2026-09-22
record:9b3ed9610754772412ff5291,John Russell,provisional_record_group,Individual,2,"Eric Zimmerman: $350.00, 1 records / 1 dates | Olivia Clark: $25.00, 1 records / 1 dates",2,2,2,37500,0,37500,False,False,2025-12-05,2026-08-21
record:cd21d9334f0785c8458d9363,Andrew Fortgang,provisional_record_group,Individual,1,"Eric Zimmerman: $375.00, 2 records / 1 dates",2,1,1,37500,0,37500,True,False,2026-06-04,2026-06-04
record:dfa6c800565d741c24f98263,Youssef Khodaparast,provisional_record_group,Individual,1,"Mitch Green: $375.00, 2 records / 2 dates",2,2,2,37500,15000,22500,True,True,2025-12-06,2026-07-24
record:a2d45b2f00747e82ceeda8b0,Farrah Chaichi,provisional_record_group,Individual,3,"Angelita Morillo: $161.00, 4 records / 4 dates | Tiffany Koyama Lane: $101.00, 1 records / 1 dates | Mitch Green: $101.00, 1 records / 1 dates",6,6,6,36300,0,36300,True,True,2026-05-03,2026-09-13
record:3e61c234f62f651dc82482b9,Ezra Hammer,provisional_record_group,Individual,2,"Eric Zimmerman: $180.00, 1 records / 1 dates | Eli Arnold: $180.00, 1 records / 1 dates",2,1,2,36000,0,36000,False,False,2026-09-16,2026-09-16
record:fa89074e61aecd947a197385,Tracy Harris,provisional_record_group,Individual,2,"Eric Zimmerman: $250.00, 1 records / 1 dates | Matthias Hallett: $104.48, 1 records / 1 dates",2,2,2,35448,0,35448,False,False,2026-08-10,2026-09-16
committee:16015,Mark Gamba for Oregon (16015),authoritative_committee_id,Political Committee,1,"Angelita Morillo: $350.00, 1 records / 1 dates",1,1,1,35000,35000,0,False,False,2026-07-10,2026-07-10
record:00fdfab8d4b1462ed7567edc,Sonia Schmanski,provisional_record_group,Individual,1,"Kellie Torres: $350.00, 1 records / 1 dates",1,1,1,35000,0,35000,False,False,2026-03-29,2026-03-29
record:016b6d93af3edbff7f928f53,Brian M Alfonse,provisional_record_group,Individual,1,"Tiffany Koyama Lane: $350.00, 1 records / 1 dates",1,1,1,35000,0,35000,False,False,2026-01-03,2026-01-03
record:03086e01f17895442e4d7e9d,Au Nguyen,provisional_record_group,Individual,1,"Angelita Morillo: $350.00, 1 records / 1 dates",1,1,1,35000,0,35000,False,False,2025-10-26,2025-10-26
record:03d1b51d541192d21ef29673,Caitlin Mwanga,provisional_record_group,Individual,1,"Eric Zimmerman: $350.00, 1 records / 1 dates",1,1,1,35000,0,35000,False,False,2026-03-05,2026-03-05
record:042c871bd1e89766dc8137c9,Stephen Goodman,provisional_record_group,Individual,1,"Kellie Torres: $350.00, 1 records / 1 dates",1,1,1,35000,0,35000,False,False,2026-05-03,2026-05-03
record:058ecc8dbcf5e6be02cf9233,Marsea Hart,provisional_record_group,Individual,1,"Eric Zimmerman: $350.00, 1 records / 1 dates",1,1,1,35000,0,35000,False,False,2025-11-15,2025-11-15
record:05eedcfac032366a04f1b720,Robert Findlay,provisional_record_group,Individual,1,"Mitch Green: $350.00, 1 records / 1 dates",1,1,1,35000,0,35000,False,False,2026-06-23,2026-06-23
record:065ed2a89e85852844ffb8af,Barry Raber,provisional_record_group,Individual,1,"Kellie Torres: $350.00, 1 records / 1 dates",1,1,1,35000,0,35000,False,False,2026-08-16,2026-08-16
record:06ce39d7e254bbe600a2837e,Aaron Deas,provisional_record_group,Individual,1,"Olivia Clark: $350.00, 1 records / 1 dates",1,1,1,35000,0,35000,False,False,2025-10-30,2025-10-30
record:088f611ebd14ed2b9bbd6819,Brad Messinger,provisional_record_group,Individual,1,"Angelita Morillo: $350.00, 1 records / 1 dates",1,1,1,35000,0,35000,False,False,2026-07-08,2026-07-08
record:097e3cbaeedf3d375e1db8d1,Sara Reinhardt,provisional_record_group,Individual,1,"Angelita Morillo: $350.00, 1 records / 1 dates",1,1,1,35000,0,35000,False,False,2026-01-11,2026-01-11
record:09f530d6dcaa494d512c6600,Barre Stoll,provisional_record_group,Individual,1,"Eric Zimmerman: $350.00, 1 records / 1 dates",1,1,1,35000,0,35000,False,False,2026-09-10,2026-09-10
record:0b3dde9ec5a30cfe43160041,Kim Cassel Tardie,provisional_record_group,Individual,1,"Eric Zimmerman: $350.00, 1 records / 1 dates",1,1,1,35000,0,35000,False,False,2026-09-16,2026-09-16
record:0be9a088d3945893a39c30fb,Chris Smith,provisional_record_group,Individual,1,"Angelita Morillo: $350.00, 1 records / 1 dates",1,1,1,35000,0,35000,False,False,2026-03-31,2026-03-31
record:0c4f2fed5083aae9d56b141e,Paul Fitzgerald,provisional_record_group,Individual,1,"Olivia Clark: $350.00, 1 records / 1 dates",1,1,1,35000,0,35000,False,False,2025-12-05,2025-12-05
record:0d3b97e2d666c0b113752027,Dan Ryan,provisional_record_group,Individual,1,"Kellie Torres: $350.00, 1 records / 1 dates",1,1,1,35000,0,35000,False,False,2026-03-31,2026-03-31
record:0d76850f2926c213c8d64d47,Abigale Lane,provisional_record_group,Individual,1,"Tiffany Koyama Lane: $350.00, 1 records / 1 dates",1,1,1,35000,0,35000,False,False,2026-05-30,2026-05-30
record:0d7d22a644edc3dbfd768856,Anne Stewart,provisional_record_group,Individual,1,"Eric Zimmerman: $350.00, 1 records / 1 dates",1,1,1,35000,0,35000,False,False,2026-04-17,2026-04-17
record:0db53a6d49631489e58edd9c,Barry Cain,provisional_record_group,Individual,1,"Kellie Torres: $350.00, 1 records / 1 dates",1,1,1,35000,0,35000,False,False,2026-08-09,2026-08-09
record:0de076690e368e69f91cce20,Amy Ruiz,provisional_record_group,Individual,1,"Eric Zimmerman: $350.00, 2 records / 2 dates",2,2,2,35000,0,35000,True,True,2026-04-09,2026-05-07
record:0ec49c808c642dbbd14a83bb,Gordon Keane,provisional_record_group,Individual,1,"Olivia Clark: $350.00, 1 records / 1 dates",1,1,1,35000,0,35000,False,False,2025-12-15,2025-12-15
record:10501265dc060c53113a71ae,Keith Wilson,provisional_record_group,Individual,1,"Olivia Clark: $350.00, 1 records / 1 dates",1,1,1,35000,0,35000,False,False,2026-06-28,2026-06-28
record:1086af640dd2bd26241161df,Zachary Kersten,provisional_record_group,Individual,1,"Kellie Torres: $350.00, 1 records / 1 dates",1,1,1,35000,10000,25000,False,False,2026-08-09,2026-08-09
record:111553fd76dab65025afea45,John Bradley,provisional_record_group,Individual,1,"Eric Zimmerman: $350.00, 1 records / 1 dates",1,1,1,35000,0,35000,False,False,2026-09-15,2026-09-15
record:12466eebc708ee38258eb49a,Thomas Stilley,provisional_record_group,Individual,1,"Eric Zimmerman: $350.00, 1 records / 1 dates",1,1,1,35000,0,35000,False,False,2026-04-28,2026-04-28
record:144d8400f3d5f38872bc6d4a,Christian Aguinaga,provisional_record_group,Individual,1,"Angelita Morillo: $350.00, 1 records / 1 dates",1,1,1,35000,0,35000,False,False,2025-12-14,2025-12-14
record:14b9c08177b5ecea3e6fd221,RU BUDHI,provisional_record_group,Individual,1,"Kellie Torres: $350.00, 1 records / 1 dates",1,1,1,35000,0,35000,False,False,2026-04-12,2026-04-12
record:14bfc9cf7e183eae3457a60c,Adam Breindel,provisional_record_group,Individual,1,"Eli Arnold: $350.00, 1 records / 1 dates",1,1,1,35000,0,35000,False,False,2025-11-14,2025-11-14
record:160f7ba319ce357104d7a4e6,Samuel Metz,provisional_record_group,Individual,1,"Steve Novick: $350.00, 1 records / 1 dates",1,1,1,35000,0,35000,False,False,2026-06-23,2026-06-23
record:1762d37b72c84040d2bfad4d,Tiffany Grabenhorst,provisional_record_group,Individual,1,"Kellie Torres: $350.00, 1 records / 1 dates",1,1,1,35000,0,35000,False,False,2026-08-09,2026-08-09
record:18c277f31076cff04b49e724,Tom Mulflur,provisional_record_group,Individual,1,"Steve Novick: $350.00, 1 records / 1 dates",1,1,1,35000,0,35000,False,False,2026-06-04,2026-06-04
record:19177e0b961c102196b1cc75,Whitney Goodman,provisional_record_group,Individual,1,"Kellie Torres: $350.00, 1 records / 1 dates",1,1,1,35000,0,35000,False,False,2026-05-03,2026-05-03
record:194514fc2560b81618007a0e,James Flynn,provisional_record_group,Individual,1,"Kellie Torres: $350.00, 1 records / 1 dates",1,1,1,35000,0,35000,False,False,2026-08-09,2026-08-09
record:195f5f1816c0a75c3bf0defb,Mardi Spitzer,provisional_record_group,Individual,1,"Steve Novick: $350.00, 1 records / 1 dates",1,1,1,35000,0,35000,False,False,2026-06-04,2026-06-04
record:19831badfe64946260e01228,Jill Nelson,provisional_record_group,Individual,1,"Kellie Torres: $350.00, 1 records / 1 dates",1,1,1,35000,0,35000,False,False,2026-08-09,2026-08-09
record:19c08591e22c0f63093b78be,Joseph P Gerharz,provisional_record_group,Individual,1,"Angelita Morillo: $350.00, 1 records / 1 dates",1,1,1,35000,0,35000,False,False,2025-08-24,2025-08-24
record:1a22600c800c85a4eef63941,Keith Wilson,provisional_record_group,Individual,1,"Kellie Torres: $350.00, 1 records / 1 dates",1,1,1,35000,0,35000,False,False,2026-08-16,2026-08-16
record:1ab969badeacd806ae36f6f7,Christopher Smith,provisional_record_group,Individual,1,"Steve Novick: $350.00, 1 records / 1 dates",1,1,1,35000,0,35000,False,False,2026-04-06,2026-04-06
record:1b30223e6d770cac375f0acd,Michael Menashe,provisional_record_group,Individual,1,"Kellie Torres: $350.00, 1 records / 1 dates",1,1,1,35000,0,35000,False,False,2026-08-09,2026-08-09
record:1b8b9f043b906b0460fb94eb,Robert Maletis,provisional_record_group,Individual,1,"Steve Novick: $350.00, 1 records / 1 dates",1,1,1,35000,0,35000,False,False,2026-06-04,2026-06-04
record:1c1b8d4f2a17d16d01c7e8ff,Janis Harrison,provisional_record_group,Individual,1,"Eric Zimmerman: $350.00, 1 records / 1 dates",1,1,1,35000,0,35000,False,False,2026-09-16,2026-09-16
record:1cd2ce17dd2369a8da9cadb4,John Petrusich,provisional_record_group,Individual,1,"Kellie Torres: $350.00, 1 records / 1 dates",1,1,1,35000,0,35000,False,False,2026-08-02,2026-08-02
record:1d2dcf162e0be6994a74af04,N.Robert Stoll,provisional_record_group,Individual,1,"Kellie Torres: $350.00, 1 records / 1 dates",1,1,1,35000,0,35000,False,False,2026-08-30,2026-08-30
record:1ec2662c62a58f2ee3827e22,Tim Bergler,provisional_record_group,Individual,1,"Kellie Torres: $350.00, 1 records / 1 dates",1,1,1,35000,0,35000,False,False,2026-06-18,2026-06-18
record:1eda85a978bfb2f06cfe7191,Sandy Chung,provisional_record_group,Individual,1,"Tiffany Koyama Lane: $350.00, 1 records / 1 dates",1,1,1,35000,0,35000,False,False,2025-12-24,2025-12-24
record:200e36b89f7a3af3e6e2fd57,Eduardo Vides,provisional_record_group,Individual,1,"Eric Zimmerman: $350.00, 1 records / 1 dates",1,1,1,35000,0,35000,False,False,2026-06-04,2026-06-04
record:20a90e64c70f9853fb6b26cd,David Coburn,provisional_record_group,Individual,2,"Tiffany Koyama Lane: $100.00, 1 records / 1 dates | Mitch Green: $250.00, 2 records / 2 dates",3,3,3,35000,0,35000,True,True,2026-06-24,2026-07-24
record:21f67b0c8822598bf0c5728a,Al NIKNABARD,provisional_record_group,Individual,1,"Kellie Torres: $350.00, 1 records / 1 dates",1,1,1,35000,0,35000,False,False,2026-08-09,2026-08-09
record:22c605e88a8a466488461ecc,Shawn Menashe,provisional_record_group,Individual,1,"Eric Zimmerman: $350.00, 1 records / 1 dates",1,1,1,35000,0,35000,False,False,2026-08-20,2026-08-20
record:23986c3d9d3cfd98f967b1b5,Harold Goldstein,provisional_record_group,Individual,1,"Steve Novick: $350.00, 1 records / 1 dates",1,1,1,35000,0,35000,False,False,2025-12-22,2025-12-22
record:2404d6caf0b73df59cf8c861,Edward Tenny,provisional_record_group,Individual,1,"Kellie Torres: $350.00, 2 records / 2 dates",2,2,2,35000,0,35000,True,True,2026-03-31,2026-08-02
record:2439366f721be12a60951287,Anita Chan,provisional_record_group,Individual,1,"Steve Novick: $350.00, 1 records / 1 dates",1,1,1,35000,0,35000,False,False,2026-08-31,2026-08-31
record:25a0094f129117ca54bcaa40,Marty Kehoe,provisional_record_group,Individual,1,"Eli Arnold: $350.00, 1 records / 1 dates",1,1,1,35000,0,35000,False,False,2026-05-20,2026-05-20
record:25dab057b57a654c40ac31ab,Travis Parrott,provisional_record_group,Individual,1,"Kellie Torres: $350.00, 1 records / 1 dates",1,1,1,35000,0,35000,False,False,2026-08-09,2026-08-09
record:25f7cb39b771324f0df83de0,Rachel Jacobson,provisional_record_group,Individual,1,"Steve Novick: $350.00, 1 records / 1 dates",1,1,1,35000,0,35000,False,False,2026-07-03,2026-07-03
record:27c9e5c2a914ba307e22bbc7,Mike McGuire,provisional_record_group,Individual,1,"Mitch Green: $350.00, 1 records / 1 dates",1,1,1,35000,0,35000,False,False,2026-05-18,2026-05-18
record:29f35f18d3c0db9e08e5b1e5,Mladen Baricevic,provisional_record_group,Individual,1,"Eli Arnold: $350.00, 1 records / 1 dates",1,1,1,35000,0,35000,False,False,2025-12-16,2025-12-16
record:2a66808a76ac1437d4fd8737,Kathryn Schmidt,provisional_record_group,Individual,1,"Steve Novick: $350.00, 1 records / 1 dates",1,1,1,35000,0,35000,False,False,2026-06-09,2026-06-09
record:2b3966daeef6d65a63ee2c49,Charles Swindells,provisional_record_group,Individual,1,"Eric Zimmerman: $350.00, 1 records / 1 dates",1,1,1,35000,0,35000,False,False,2026-08-24,2026-08-24
record:2b713ef52cdfa891ac26cebe,Juan Chavez,provisional_record_group,Individual,1,"Angelita Morillo: $350.00, 1 records / 1 dates",1,1,1,35000,0,35000,False,False,2026-01-11,2026-01-11
record:2c5055f0ec5a6951609c59d7,Todd Prendergast,provisional_record_group,Individual,1,"Eric Zimmerman: $350.00, 1 records / 1 dates",1,1,1,35000,0,35000,False,False,2026-04-09,2026-04-09
record:2cacbc080f37c840f9ffa7b8,Craig Olson,provisional_record_group,Individual,1,"Eric Zimmerman: $350.00, 1 records / 1 dates",1,1,1,35000,0,35000,False,False,2026-08-27,2026-08-27
record:2ef7ab2a7251ea5b9f313555,Alix Nathan,provisional_record_group,Individual,1,"Kellie Torres: $350.00, 1 records / 1 dates",1,1,1,35000,0,35000,False,False,2026-08-09,2026-08-09
record:2f58337b81c14c5a1a60b531,Todd Collins,provisional_record_group,Individual,1,"Kellie Torres: $350.00, 1 records / 1 dates",1,1,1,35000,0,35000,False,False,2026-08-09,2026-08-09
record:2fbe74ce35f4e781a3d23c21,Mark Rosenbaum,provisional_record_group,Individual,1,"Eric Zimmerman: $350.00, 1 records / 1 dates",1,1,1,35000,0,35000,False,False,2026-09-16,2026-09-16
record:301c77498407ea85434b9be2,Jules Bailey,provisional_record_group,Individual,1,"Eli Arnold: $350.00, 1 records / 1 dates",1,1,1,35000,0,35000,False,False,2026-09-16,2026-09-16
record:30b42bae82f3265fd9b9f652,Michael Goodstein,provisional_record_group,Individual,1,"Steve Novick: $350.00, 1 records / 1 dates",1,1,1,35000,0,35000,False,False,2026-05-30,2026-05-30
record:310217360ea460ecc2c68290,Joseph Piucci,provisional_record_group,Individual,1,"Steve Novick: $350.00, 1 records / 1 dates",1,1,1,35000,0,35000,False,False,2026-07-28,2026-07-28
record:311db78907927e1f5928dc66,Andres Oswill,provisional_record_group,Individual,1,"Jamey Evenstar: $350.00, 1 records / 1 dates",1,1,1,35000,0,35000,False,False,2026-05-16,2026-05-16
record:3144b1d663907c206b70b91a,Mitch Green,provisional_record_group,Individual,1,"Angelita Morillo: $350.00, 1 records / 1 dates",1,1,1,35000,0,35000,False,False,2026-06-26,2026-06-26
record:3173a8663766af8e55858c60,John Niemeyer,provisional_record_group,Individual,1,"Kellie Torres: $350.00, 1 records / 1 dates",1,1,1,35000,0,35000,False,False,2026-08-09,2026-08-09
record:32671eb3d86e16f40505889b,Matthew Chapman,provisional_record_group,Individual,1,"Eric Zimmerman: $350.00, 1 records / 1 dates",1,1,1,35000,0,35000,False,False,2026-09-12,2026-09-12
record:330ef2d309e92d630f791439,Ron Sauer,provisional_record_group,Individual,1,"Kellie Torres: $350.00, 1 records / 1 dates",1,1,1,35000,0,35000,False,False,2026-08-09,2026-08-09
record:335c8903888c302585d2a8bb,Cornelius Swart,provisional_record_group,Individual,1,"Eli Arnold: $350.00, 1 records / 1 dates",1,1,1,35000,0,35000,False,False,2026-09-17,2026-09-17
record:3366757ef235dbb85e02dfb4,Peter Angel,provisional_record_group,Individual,1,"Kellie Torres: $350.00, 1 records / 1 dates",1,1,1,35000,0,35000,False,False,2026-06-26,2026-06-26
record:33ceb019f6ecfcbab7c71c44,Dan Saltzman,provisional_record_group,Individual,1,"Steve Novick: $350.00, 1 records / 1 dates",1,1,1,35000,0,35000,False,False,2026-01-05,2026-01-05
record:341e9568dfb93ca001044a06,scott feldstein,provisional_record_group,Individual,1,"Steve Novick: $350.00, 1 records / 1 dates",1,1,1,35000,0,35000,False,False,2026-02-13,2026-02-13
record:37603f8c7c84b6730826b8de,Cayla Kitayama,provisional_record_group,Individual,1,"Tiffany Koyama Lane: $350.00, 1 records / 1 dates",1,1,1,35000,0,35000,False,False,2026-04-27,2026-04-27
record:377c0451c679a75e59c99f9f,Gordon Keane,provisional_record_group,Individual,1,"Steve Novick: $350.00, 1 records / 1 dates",1,1,1,35000,0,35000,False,False,2026-07-13,2026-07-13
record:3828534c3cd11347a839e331,John Schroder,provisional_record_group,Individual,1,"Angelita Morillo: $350.00, 1 records / 1 dates",1,1,1,35000,0,35000,False,False,2025-12-31,2025-12-31
record:38500f04f631bba0bc91e72d,William Gaylord,provisional_record_group,Individual,1,"Steve Novick: $350.00, 1 records / 1 dates",1,1,1,35000,0,35000,False,False,2026-06-04,2026-06-04
record:395e711ae49f940e63f7c2bb,Sean Moreland,provisional_record_group,Individual,1,"Eli Arnold: $350.00, 1 records / 1 dates",1,1,1,35000,0,35000,False,False,2026-09-16,2026-09-16
record:3a1eea21d4a25ab0ccd4961b,Cheryl Bradley,provisional_record_group,Individual,1,"Eric Zimmerman: $350.00, 1 records / 1 dates",1,1,1,35000,0,35000,False,False,2026-09-15,2026-09-15
record:3d96491481f2357bc4ad4af8,Pat Ferguson,provisional_record_group,Individual,1,"Eli Arnold: $350.00, 1 records / 1 dates",1,1,1,35000,0,35000,False,False,2026-02-09,2026-02-09
record:3eb4982402fd9233ac357f64,Eric Zimmerman,provisional_record_group,Candidate & Immediate Family,1,"Eric Zimmerman: $350.00, 1 records / 1 dates",1,1,1,35000,0,35000,False,False,2026-08-23,2026-08-23
record:40787b28aedb0a2cfe729ee9,Scott Andrews,provisional_record_group,Individual,1,"Kellie Torres: $350.00, 1 records / 1 dates",1,1,1,35000,0,35000,False,False,2026-08-09,2026-08-09
record:4344d8084d6976b2687fe3c5,Duncan Wyse,provisional_record_group,Individual,1,"Eric Zimmerman: $350.00, 1 records / 1 dates",1,1,1,35000,25000,10000,False,False,2026-09-15,2026-09-15
record:438ea08af9112a3ef8f18622,Tyler Clarke,provisional_record_group,Individual,1,"Eric Zimmerman: $350.00, 1 records / 1 dates",1,1,1,35000,0,35000,False,False,2026-05-13,2026-05-13
record:43a880407bf796a87d06c0f4,Eric Rosenfeld,provisional_record_group,Individual,1,"Eli Arnold: $350.00, 1 records / 1 dates",1,1,1,35000,0,35000,False,False,2026-08-27,2026-08-27
record:44eef5b64e99e53e6cb3d6da,Robert Rapoza,provisional_record_group,Individual,1,"Olivia Clark: $350.00, 1 records / 1 dates",1,1,1,35000,0,35000,False,False,2025-09-10,2025-09-10
record:45ee5f934fe74fad4dc945b1,Christopher Warner,provisional_record_group,Individual,1,"Steve Novick: $350.00, 1 records / 1 dates",1,1,1,35000,0,35000,False,False,2026-07-16,2026-07-16
record:47361b0f1b2e3924fdfaa323,Mark Rosenbaum,provisional_record_group,Individual,1,"Olivia Clark: $350.00, 1 records / 1 dates",1,1,1,35000,0,35000,False,False,2025-09-22,2025-09-22
record:47ffe481c0d1c025987c7a5b,Jim Mark,provisional_record_group,Individual,1,"Steve Novick: $350.00, 1 records / 1 dates",1,1,1,35000,0,35000,False,False,2026-06-04,2026-06-04
record:48ac047926b86c413922dc6b,John Liu,provisional_record_group,Individual,1,"Eli Arnold: $350.00, 1 records / 1 dates",1,1,1,35000,0,35000,False,False,2025-11-17,2025-11-17
record:4a2df0c6830b57716efc2b9d,Al Niknabard,provisional_record_group,Individual,1,"Steve Novick: $350.00, 1 records / 1 dates",1,1,1,35000,35000,0,False,False,2026-08-13,2026-08-13
record:4a5b5788633bb16feb597bd5,Dan Ware,provisional_record_group,Individual,1,"Kellie Torres: $350.00, 1 records / 1 dates",1,1,1,35000,0,35000,False,False,2026-08-09,2026-08-09
record:4a7f0b922485f9415fcf635e,Carolyn Lee,provisional_record_group,Individual,1,"Tiffany Koyama Lane: $350.00, 1 records / 1 dates",1,1,1,35000,0,35000,False,False,2026-08-25,2026-08-25
record:4a93b48d722929b0744fbd49,Robert Van brocklin,provisional_record_group,Individual,1,"Olivia Clark: $350.00, 1 records / 1 dates",1,1,1,35000,0,35000,False,False,2026-03-21,2026-03-21
record:4ab49407c2740678499db309,Richard Kaiser,provisional_record_group,Individual,1,"Eli Arnold: $350.00, 1 records / 1 dates",1,1,1,35000,0,35000,False,False,2026-07-09,2026-07-09
record:4adcfaa06397916dc81657db,Brian Cotlove,provisional_record_group,Individual,1,"Eli Arnold: $350.00, 1 records / 1 dates",1,1,1,35000,0,35000,False,False,2025-12-10,2025-12-10
record:4add0e194ac4c52653ea3ad3,Regina Cutler,provisional_record_group,Individual,1,"Steve Novick: $350.00, 1 records / 1 dates",1,1,1,35000,0,35000,False,False,2026-02-08,2026-02-08
record:4b0514c9bc9449465385b75d,Mark Goodman,provisional_record_group,Individual,1,"Kellie Torres: $350.00, 1 records / 1 dates",1,1,1,35000,0,35000,False,False,2026-05-03,2026-05-03
record:4bc10798c161b3c2aa851135,Diana Rempe,provisional_record_group,Individual,1,"Angelita Morillo: $350.00, 1 records / 1 dates",1,1,1,35000,0,35000,False,False,2025-07-27,2025-07-27
record:4cf9e82278b834fd6f15d8ee,Robert Dixon,provisional_record_group,Individual,1,"Steve Novick: $350.00, 1 records / 1 dates",1,1,1,35000,0,35000,False,False,2026-06-08,2026-06-08
record:4d28858aecad803e1c4f691a,Austen Chongpison,provisional_record_group,Individual,1,"Tiffany Koyama Lane: $350.00, 1 records / 1 dates",1,1,1,35000,0,35000,False,False,2026-04-18,2026-04-18
record:4d9bf0307e2d5e8c49bd775b,Jen Schuberth,provisional_record_group,Individual,1,"Steve Novick: $350.00, 1 records / 1 dates",1,1,1,35000,0,35000,False,False,2025-12-28,2025-12-28
record:4dff36236d43d51207a4e27c,Jessica Burke,provisional_record_group,Individual,1,"Eli Arnold: $350.00, 1 records / 1 dates",1,1,1,35000,0,35000,False,False,2026-01-26,2026-01-26
record:4fb918688130810e96cc2f32,Elizabeth Cramer,provisional_record_group,Individual,1,"Eric Zimmerman: $350.00, 1 records / 1 dates",1,1,1,35000,0,35000,False,False,2026-08-21,2026-08-21
record:50d793b507b05dce5117aa9e,Deborah Bessmer,provisional_record_group,Individual,1,"Mitch Green: $350.00, 1 records / 1 dates",1,1,1,35000,0,35000,False,False,2025-01-06,2025-01-06
record:511e8f78f9f9bb4f8bff9ee1,Elizabeth Angel,provisional_record_group,Individual,1,"Kellie Torres: $350.00, 1 records / 1 dates",1,1,1,35000,0,35000,False,False,2026-09-06,2026-09-06
record:5207210c03d3a45b1a330b43,Roger Dailey,provisional_record_group,Individual,1,"Kellie Torres: $350.00, 1 records / 1 dates",1,1,1,35000,0,35000,False,False,2026-08-09,2026-08-09
record:52d6b70592335d2cb04b20df,Peter Andrews,provisional_record_group,Individual,1,"Eric Zimmerman: $350.00, 1 records / 1 dates",1,1,1,35000,0,35000,False,False,2026-05-11,2026-05-11
record:5343bc8fb1def1320475fad8,Griffin ONeill,provisional_record_group,Individual,1,"Mitch Green: $350.00, 1 records / 1 dates",1,1,1,35000,0,35000,False,False,2026-09-12,2026-09-12
record:53f4949897477e7d148c1009,Gabriela Norona,provisional_record_group,Individual,1,"Steve Novick: $350.00, 1 records / 1 dates",1,1,1,35000,0,35000,False,False,2026-07-28,2026-07-28
record:54b436c9f2b37dbfa4f672e5,Ira Virden,provisional_record_group,Individual,1,"Kellie Torres: $350.00, 1 records / 1 dates",1,1,1,35000,0,35000,False,False,2026-08-09,2026-08-09
record:54ee1f184e81c1036c84eb70,Bruce Weitzel,provisional_record_group,Individual,1,"Tiffany Koyama Lane: $350.00, 1 records / 1 dates",1,1,1,35000,0,35000,False,False,2026-01-04,2026-01-04
record:550d52d489efd19cd9a0545a,Kristin Teigen,provisional_record_group,Individual,3,"Angelita Morillo: $200.00, 1 records / 1 dates | Mitch Green: $50.00, 1 records / 1 dates | Jamey Evenstar: $100.00, 1 records / 1 dates",3,3,3,35000,0,35000,False,False,2026-07-16,2026-09-21
record:552937a091a4c8b007dff8f6,Charles Swindells,provisional_record_group,Individual,1,"Steve Novick: $350.00, 1 records / 1 dates",1,1,1,35000,0,35000,False,False,2026-07-03,2026-07-03
record:55570d9cdcb1ee4229214a9b,Elizabeth  A Cramer,provisional_record_group,Individual,1,"Kellie Torres: $350.00, 1 records / 1 dates",1,1,1,35000,0,35000,False,False,2026-08-09,2026-08-09
record:56719179aae8e178d4bee044,Matt Almeida,provisional_record_group,Individual,1,"Mitch Green: $350.00, 1 records / 1 dates",1,1,1,35000,1000,34000,False,False,2026-07-24,2026-07-24
record:584a9e9f5c02ce6856237858,Daniel Deutsch,provisional_record_group,Individual,1,"Kellie Torres: $350.00, 1 records / 1 dates",1,1,1,35000,0,35000,False,False,2026-06-14,2026-06-14
record:590e9ae9536a70ae523b3e6c,Mark New,provisional_record_group,Individual,1,"Eric Zimmerman: $350.00, 1 records / 1 dates",1,1,1,35000,0,35000,False,False,2026-03-31,2026-03-31
record:5a6bcd76c05bbafa00048200,CAROL TURNER,provisional_record_group,Individual,1,"Steve Novick: $350.00, 2 records / 2 dates",2,2,2,35000,0,35000,True,True,2026-02-05,2026-08-17
record:5b0309b5a4fbefe0ccd67b7c,Amy Reed,provisional_record_group,Individual,1,"Jayne Cronlund: $350.00, 2 records / 2 dates",2,2,2,35000,0,35000,True,True,2026-07-24,2026-09-16
record:5b063b3aeb6f5040df637ae3,Marsea Hart,provisional_record_group,Individual,1,"Eli Arnold: $350.00, 1 records / 1 dates",1,1,1,35000,0,35000,False,False,2025-11-15,2025-11-15
record:5b32d2508e495d7054255b70,Ted Labbe,provisional_record_group,Individual,1,"Angelita Morillo: $350.00, 1 records / 1 dates",1,1,1,35000,0,35000,False,False,2025-11-23,2025-11-23
record:5f2d1422afe1309e7f7b0581,Steven Silverman,provisional_record_group,Individual,1,"Steve Novick: $350.00, 1 records / 1 dates",1,1,1,35000,0,35000,False,False,2026-06-07,2026-06-07
record:5fa6410168cd6f4976872de7,Bonnie Serkin,provisional_record_group,Individual,1,"Kellie Torres: $350.00, 1 records / 1 dates",1,1,1,35000,0,35000,False,False,2026-09-06,2026-09-06
record:5fb813bdd4d65e69abc59e87,Mardi Spitzer,provisional_record_group,Individual,1,"Kellie Torres: $350.00, 1 records / 1 dates",1,1,1,35000,0,35000,False,False,2026-08-09,2026-08-09
record:602898bfb00eea57af32b9d5,Thomas Usher,provisional_record_group,Individual,1,"Eric Zimmerman: $350.00, 1 records / 1 dates",1,1,1,35000,0,35000,False,False,2026-09-14,2026-09-14
record:60d8666e903241c9c5fc78e7,Barry Raber,provisional_record_group,Individual,1,"Eric Zimmerman: $350.00, 1 records / 1 dates",1,1,1,35000,0,35000,False,False,2026-08-21,2026-08-21
record:63f79023c0f45d7a9518effa,John Russell,provisional_record_group,Individual,1,"Kellie Torres: $350.00, 1 records / 1 dates",1,1,1,35000,0,35000,False,False,2026-04-19,2026-04-19
record:669ab3981b9c7a86cb02b0ce,Kip Williams,provisional_record_group,Individual,1,"Mitch Green: $350.00, 1 records / 1 dates",1,1,1,35000,0,35000,False,False,2026-07-24,2026-07-24
record:6790506b8b474a330e0244bd,Malin Petruisch,provisional_record_group,Individual,1,"Eric Zimmerman: $350.00, 1 records / 1 dates",1,1,1,35000,0,35000,False,False,2025-09-26,2025-09-26
record:684835e05bc5b8704a54d3ed,Christopher Gustafson,provisional_record_group,Individual,1,"Tiffany Koyama Lane: $350.00, 1 records / 1 dates",1,1,1,35000,0,35000,False,False,2026-05-30,2026-05-30
record:68b95de553e03ae143083ec8,Penny Dodge,provisional_record_group,Individual,1,"Steve Novick: $350.00, 1 records / 1 dates",1,1,1,35000,0,35000,False,False,2026-08-13,2026-08-13
record:69b2abec1c02dbf274e2b631,Julia Winkler,provisional_record_group,Individual,1,"Steve Novick: $350.00, 1 records / 1 dates",1,1,1,35000,0,35000,False,False,2026-06-14,2026-06-14
record:6ab0f400138ff6e2a81c66f0,Jennifer Krauel,provisional_record_group,Individual,1,"Angelita Morillo: $350.00, 1 records / 1 dates",1,1,1,35000,20000,15000,False,False,2026-06-10,2026-06-10
record:6acafe3de2f8287b9a2452ba,Darin Sands,provisional_record_group,Individual,1,"Eric Zimmerman: $350.00, 1 records / 1 dates",1,1,1,35000,0,35000,False,False,2026-09-15,2026-09-15
record:6b48828593fe3dc867877b39,Jeffrey Reingold,provisional_record_group,Individual,1,"Eric Zimmerman: $350.00, 1 records / 1 dates",1,1,1,35000,0,35000,False,False,2026-09-15,2026-09-15
record:6b7b7ca34083310891abccb7,Michele Castro Ruffin,provisional_record_group,Individual,1,"Angelita Morillo: $350.00, 1 records / 1 dates",1,1,1,35000,0,35000,False,False,2026-03-15,2026-03-15
record:6ba74c1a0f27b28987c58e5c,Sarah Schrott,provisional_record_group,Individual,1,"Kellie Torres: $350.00, 1 records / 1 dates",1,1,1,35000,0,35000,False,False,2026-08-30,2026-08-30
record:6bce10cdc2bdb5af8a6fbf20,Ross Lienhart,provisional_record_group,Individual,1,"Steve Novick: $350.00, 1 records / 1 dates",1,1,1,35000,0,35000,False,False,2026-08-27,2026-08-27
record:6c9fec5e0398bbb41c8b0f73,Clyde Holland,provisional_record_group,Individual,1,"Steve Novick: $350.00, 1 records / 1 dates",1,1,1,35000,0,35000,False,False,2026-06-05,2026-06-05
record:6ccd89c3300b963eff92b540,Merri Wyatt,provisional_record_group,Individual,1,"Steve Novick: $350.00, 1 records / 1 dates",1,1,1,35000,0,35000,False,False,2026-05-22,2026-05-22
record:6e27e0f2cd2069a8dc01fbb3,Scott Goodman,provisional_record_group,Individual,1,"Eli Arnold: $350.00, 1 records / 1 dates",1,1,1,35000,0,35000,False,False,2025-11-14,2025-11-14
record:6eeba1dbf222a4e374386084,Rosemary Southwood,provisional_record_group,Individual,1,"Eli Arnold: $350.00, 1 records / 1 dates",1,1,1,35000,0,35000,False,False,2025-11-14,2025-11-14
record:6f3093c0d8e1d437be71d00b,Raymond Davis,provisional_record_group,Individual,1,"Eli Arnold: $350.00, 1 records / 1 dates",1,1,1,35000,2500,32500,False,False,2026-08-04,2026-08-04
record:7255ea495aeb35660861873a,Charlene Zidell,provisional_record_group,Individual,1,"Eric Zimmerman: $350.00, 1 records / 1 dates",1,1,1,35000,0,35000,False,False,2026-03-20,2026-03-20
record:72856ce901ec505ebe277a93,Mark Alleman,provisional_record_group,Individual,1,"Joel Corcoran: $350.00, 1 records / 1 dates",1,1,1,35000,0,35000,False,False,2026-07-19,2026-07-19
record:72c4ecd886326cab3f03499e,Alexa Vasconcelos,provisional_record_group,Individual,1,"Kellie Torres: $350.00, 1 records / 1 dates",1,1,1,35000,0,35000,False,False,2026-08-30,2026-08-30
record:72f6491acbce8c3223c96913,Steve Marsden,provisional_record_group,Individual,1,"Steve Novick: $350.00, 1 records / 1 dates",1,1,1,35000,0,35000,False,False,2026-02-06,2026-02-06
record:73768259ec4859f4946f41ff,Cheryl Bradley,provisional_record_group,Individual,1,"Kellie Torres: $350.00, 1 records / 1 dates",1,1,1,35000,0,35000,False,False,2026-08-09,2026-08-09
record:74457212ae25adf7e1987564,Christine Barbour,provisional_record_group,Individual,1,"Olivia Clark: $350.00, 1 records / 1 dates",1,1,1,35000,0,35000,False,False,2026-02-15,2026-02-15
record:748c2b2f63f88bb184e33379,Joseph Angel,provisional_record_group,Individual,1,"Eric Zimmerman: $350.00, 1 records / 1 dates",1,1,1,35000,0,35000,False,False,2026-08-21,2026-08-21
record:749101f820b196aa258af62f,Todd Gooding,provisional_record_group,Individual,1,"Kellie Torres: $350.00, 1 records / 1 dates",1,1,1,35000,0,35000,False,False,2026-08-09,2026-08-09
record:74c9727d85eaac61ce40a4bf,Misha Isaak,provisional_record_group,Individual,1,"Steve Novick: $350.00, 1 records / 1 dates",1,1,1,35000,0,35000,False,False,2026-05-31,2026-05-31
record:772152b68cdea0461bc99bec,Carolyn Tomei,provisional_record_group,Individual,1,"Olivia Clark: $350.00, 1 records / 1 dates",1,1,1,35000,35000,0,False,False,2025-09-02,2025-09-02
record:77248974cf21d018873e2aac,Isabella Wild,provisional_record_group,Individual,1,"Eric Zimmerman: $350.00, 1 records / 1 dates",1,1,1,35000,0,35000,False,False,2026-09-23,2026-09-23
record:77ac609afb0984072f062bbe,Jonathan Brown,provisional_record_group,Individual,1,"Mitch Green: $350.00, 1 records / 1 dates",1,1,1,35000,5000,30000,False,False,2026-07-26,2026-07-26
record:786b090b5d95152823f462be,Kathleen Shriver,provisional_record_group,Individual,1,"Steve Novick: $350.00, 2 records / 2 dates",2,2,2,35000,0,35000,True,True,2026-07-06,2026-09-08
record:78b194cc6411f4f9957eeaa2,David Garrett,provisional_record_group,Individual,1,"Eli Arnold: $350.00, 1 records / 1 dates",1,1,1,35000,0,35000,False,False,2026-09-22,2026-09-22
record:790f2195e9a7d15aa9b771ee,Daniel Yates,provisional_record_group,Individual,1,"Steve Novick: $350.00, 1 records / 1 dates",1,1,1,35000,0,35000,False,False,2026-08-05,2026-08-05
record:796062d1b73df1a469470432,Jim Morse,provisional_record_group,Individual,1,"Steve Novick: $350.00, 1 records / 1 dates",1,1,1,35000,0,35000,False,False,2026-06-04,2026-06-04
record:79a7a5bdf10c02644e8b7795,Amanda Fritz,provisional_record_group,Individual,2,"Steve Novick: $100.00, 1 records / 1 dates | Jayne Cronlund: $250.00, 1 records / 1 dates",2,2,2,35000,0,35000,False,False,2026-07-29,2026-09-09
record:79aea0e9d76f216348864529,Ben Harris,provisional_record_group,Individual,1,"Olivia Clark: $350.00, 1 records / 1 dates",1,1,1,35000,0,35000,False,False,2026-02-10,2026-02-10
record:7ab4d12e97682cfff456334b,"Robert Warren,",provisional_record_group,Individual,1,"Kellie Torres: $350.00, 1 records / 1 dates",1,1,1,35000,0,35000,False,False,2026-08-16,2026-08-16
record:7b4585278e29b414d47b1180,Laurel Shonerd,provisional_record_group,Individual,1,"Mitch Green: $350.00, 1 records / 1 dates",1,1,1,35000,0,35000,False,False,2026-06-26,2026-06-26
record:7b5166203b323cc27714c26e,Mary (Mitzi) Scott,provisional_record_group,Individual,1,"Steve Novick: $350.00, 1 records / 1 dates",1,1,1,35000,0,35000,False,False,2026-09-11,2026-09-11
record:7c2934ee33ab58fcfcbe682e,Todd Bauman,provisional_record_group,Individual,1,"Olivia Clark: $350.00, 1 records / 1 dates",1,1,1,35000,0,35000,False,False,2026-03-26,2026-03-26
record:7cd0e9ab1d07a1cfa9c17b75,Travis Johnson,provisional_record_group,Individual,1,"Mitch Green: $350.00, 1 records / 1 dates",1,1,1,35000,0,35000,False,False,2026-07-24,2026-07-24
record:7d0af74277af1aa10b1e75ca,Jill Zidell,provisional_record_group,Individual,1,"Kellie Torres: $350.00, 1 records / 1 dates",1,1,1,35000,0,35000,False,False,2026-08-09,2026-08-09
record:7d2486336e074c617d02a03a,Jean Maurer,provisional_record_group,Individual,1,"Steve Novick: $350.00, 1 records / 1 dates",1,1,1,35000,0,35000,False,False,2026-05-30,2026-05-30
record:7e953774f67950277cfeae6d,Matt Chapman,provisional_record_group,Individual,1,"Kellie Torres: $350.00, 1 records / 1 dates",1,1,1,35000,0,35000,False,False,2026-09-13,2026-09-13
record:7fa984ec5c90e89e7de40ae2,Barbara Warner,provisional_record_group,Individual,1,"Steve Novick: $350.00, 1 records / 1 dates",1,1,1,35000,0,35000,False,False,2026-06-22,2026-06-22
record:807df8bea660718fe38228bb,Blaise Scollard,provisional_record_group,Individual,1,"Steve Novick: $350.00, 1 records / 1 dates",1,1,1,35000,0,35000,False,False,2026-08-14,2026-08-14
record:808a070383b44611b6e5b595,Ann Usher,provisional_record_group,Individual,1,"Eric Zimmerman: $350.00, 1 records / 1 dates",1,1,1,35000,0,35000,False,False,2026-09-15,2026-09-15
record:81c65d35fbaf521da4d0d3e2,Robert Warren,provisional_record_group,Individual,1,"Eric Zimmerman: $350.00, 1 records / 1 dates",1,1,1,35000,0,35000,False,False,2026-08-21,2026-08-21
record:82448e8921022917307b5caa,Tom Murphy,provisional_record_group,Individual,1,"Eli Arnold: $350.00, 1 records / 1 dates",1,1,1,35000,0,35000,False,False,2026-07-27,2026-07-27
record:82aac6108747af6d732232cd,Andrew Bessmer,provisional_record_group,Individual,1,"Mitch Green: $350.00, 1 records / 1 dates",1,1,1,35000,0,35000,False,False,2025-01-06,2025-01-06
record:836dbd9d11979b0900e54075,Lee Holzman,provisional_record_group,Individual,1,"Eli Arnold: $350.00, 1 records / 1 dates",1,1,1,35000,0,35000,False,False,2025-11-14,2025-11-14
record:837dd8b358f565791bca31f5,Ron Sauer,provisional_record_group,Individual,1,"Steve Novick: $350.00, 1 records / 1 dates",1,1,1,35000,0,35000,False,False,2026-06-04,2026-06-04
record:845bba4583988240b497d630,Chad Lykins,provisional_record_group,Individual,1,"Mitch Green: $350.00, 1 records / 1 dates",1,1,1,35000,0,35000,False,False,2025-10-25,2025-10-25
record:84672ab1fa678755008bf3b3,Taylor Goodman,provisional_record_group,Individual,1,"Eric Zimmerman: $350.00, 1 records / 1 dates",1,1,1,35000,0,35000,False,False,2026-09-09,2026-09-09
record:84cdd7b948702eeba21c5732,David Squire,provisional_record_group,Individual,1,"Kellie Torres: $350.00, 1 records / 1 dates",1,1,1,35000,0,35000,False,False,2026-08-09,2026-08-09
record:84e36db8344e4aae9a086543,Nancy Frisch,provisional_record_group,Individual,1,"Steve Novick: $350.00, 1 records / 1 dates",1,1,1,35000,0,35000,False,False,2026-06-05,2026-06-05
record:851eedd8ad7ccefaff500568,Robin McArthur,provisional_record_group,Individual,1,"Olivia Clark: $350.00, 1 records / 1 dates",1,1,1,35000,0,35000,False,False,2025-10-27,2025-10-27
record:86433707461adac656841025,Raymond Davis,provisional_record_group,Individual,1,"Kellie Torres: $350.00, 1 records / 1 dates",1,1,1,35000,0,35000,False,False,2026-08-09,2026-08-09
record:8644587a4115818f8c8b29e1,Jim Labbe,provisional_record_group,Individual,1,"Angelita Morillo: $350.00, 1 records / 1 dates",1,1,1,35000,0,35000,False,False,2025-11-23,2025-11-23
record:86a633fd0645d857a26e6d47,Richard Stein,provisional_record_group,Individual,1,"Eric Zimmerman: $350.00, 1 records / 1 dates",1,1,1,35000,0,35000,False,False,2026-09-16,2026-09-16
record:86bec20ac6fa0496bd37a6c2,Jo Anne Trow,provisional_record_group,Individual,1,"Steve Novick: $350.00, 1 records / 1 dates",1,1,1,35000,0,35000,False,False,2026-01-02,2026-01-02
record:870c0ebf23f3ef8aa6a8d321,Jon Ball,provisional_record_group,Individual,1,"Steve Novick: $350.00, 1 records / 1 dates",1,1,1,35000,0,35000,False,False,2026-08-05,2026-08-05
record:895b5d0bef5a82e08c1b2163,Jerold Howard,provisional_record_group,Individual,1,"Mitch Green: $350.00, 1 records / 1 dates",1,1,1,35000,0,35000,False,False,2026-09-22,2026-09-22
record:8a0c5db3e816cc410ada8e19,Benjamin Agre,provisional_record_group,Individual,1,"Mitch Green: $350.00, 1 records / 1 dates",1,1,1,35000,0,35000,False,False,2026-03-08,2026-03-08
record:8b82a598f2dc7025d0ea5634,Matthew Dalrymple,provisional_record_group,Individual,1,"Angelita Morillo: $350.00, 1 records / 1 dates",1,1,1,35000,0,35000,False,False,2026-08-10,2026-08-10
record:8bb0043d54565d25941aec32,Daniel Saltzman,provisional_record_group,Individual,1,"Eric Zimmerman: $350.00, 1 records / 1 dates",1,1,1,35000,0,35000,False,False,2026-09-21,2026-09-21
record:8be5d23de4d19c4082e2a4dc,Wade Hilts,provisional_record_group,Individual,1,"Mitch Green: $350.00, 1 records / 1 dates",1,1,1,35000,0,35000,False,False,2025-01-06,2025-01-06
record:8bf4d7007fe8f6ecc23c6490,Kandis Nunn,provisional_record_group,Individual,1,"Olivia Clark: $350.00, 1 records / 1 dates",1,1,1,35000,0,35000,False,False,2026-04-09,2026-04-09
record:8c7f93a49e42f2a1aeab6745,Susan Rieke-Smith,provisional_record_group,Individual,1,"Eric Zimmerman: $350.00, 1 records / 1 dates",1,1,1,35000,0,35000,False,False,2026-04-01,2026-04-01
record:8c805736c1c4a302ce4c2703,Denise Frisbee,provisional_record_group,Individual,1,"Steve Novick: $350.00, 1 records / 1 dates",1,1,1,35000,0,35000,False,False,2026-05-30,2026-05-30
record:8d2a19ba8aeb5e4ed9a779be,James Beck,provisional_record_group,Individual,1,"Jayne Cronlund: $350.00, 1 records / 1 dates",1,1,1,35000,0,35000,False,False,2026-09-10,2026-09-10
record:8d33f293cb89d6dccb549985,Ross Lienhart,provisional_record_group,Individual,1,"Kellie Torres: $350.00, 1 records / 1 dates",1,1,1,35000,0,35000,False,False,2026-08-30,2026-08-30
record:8ec42d11e9220e4e36dfba34,Kamaljit Bains,provisional_record_group,Individual,1,"Eric Zimmerman: $350.00, 1 records / 1 dates",1,1,1,35000,0,35000,False,False,2026-08-25,2026-08-25
record:8f98e43faedf30f255d6ce3c,Debbie Geffrard,provisional_record_group,Individual,1,"Steve Novick: $350.00, 1 records / 1 dates",1,1,1,35000,0,35000,False,False,2026-06-04,2026-06-04
record:8fa5b2383daafc74439b4b6b,Bonnie Serkin,provisional_record_group,Individual,1,"Steve Novick: $350.00, 1 records / 1 dates",1,1,1,35000,0,35000,False,False,2025-12-22,2025-12-22
record:90902419ac4b42dd95f1bde9,Nancy Murakami,provisional_record_group,Individual,1,"Tiffany Koyama Lane: $350.00, 1 records / 1 dates",1,1,1,35000,0,35000,False,False,2026-08-29,2026-08-29
record:91384b37dc8acd0eba5968e8,Roger Becker,provisional_record_group,Individual,1,"Eli Arnold: $350.00, 1 records / 1 dates",1,1,1,35000,0,35000,False,False,2026-06-20,2026-06-20
record:924ba16fbb6be12097116234,Robert Walsh,provisional_record_group,Individual,1,"Steve Novick: $350.00, 1 records / 1 dates",1,1,1,35000,0,35000,False,False,2026-06-10,2026-06-10
record:93befb36eb7e0dac0b221ce0,Russ Humberston,provisional_record_group,Individual,1,"Eli Arnold: $350.00, 1 records / 1 dates",1,1,1,35000,0,35000,False,False,2026-07-15,2026-07-15
record:93ce5ce7e131f910d25f9f50,Ben Hufford,provisional_record_group,Individual,1,"Eric Zimmerman: $350.00, 1 records / 1 dates",1,1,1,35000,0,35000,False,False,2026-04-20,2026-04-20
record:9438af3ea613bd7cf401a823,John Tapogna,provisional_record_group,Individual,1,"Steve Novick: $350.00, 1 records / 1 dates",1,1,1,35000,0,35000,False,False,2026-07-25,2026-07-25
record:952dd78f9e19dd62c4ddf442,James Anderson,provisional_record_group,Individual,1,"Eric Zimmerman: $350.00, 1 records / 1 dates",1,1,1,35000,0,35000,False,False,2026-06-09,2026-06-09
record:957704c75566ccd157216619,David Pollock,provisional_record_group,Individual,1,"Olivia Clark: $350.00, 1 records / 1 dates",1,1,1,35000,0,35000,False,False,2025-09-15,2025-09-15
record:973c976c10eca08d9092e9ca,Patricia McCaig,provisional_record_group,Individual,1,"Olivia Clark: $350.00, 1 records / 1 dates",1,1,1,35000,0,35000,False,False,2025-08-30,2025-08-30
record:9759e0273d68b6eb0180097b,Milo Wadlin,provisional_record_group,Individual,1,"Steve Novick: $350.00, 2 records / 2 dates",2,2,2,35000,0,35000,True,True,2026-07-24,2026-08-04
record:984ebe7c5bf3be095b6d5f37,Ruth Ann Williamson,provisional_record_group,Individual,1,"Mitch Green: $350.00, 1 records / 1 dates",1,1,1,35000,5000,30000,False,False,2026-03-26,2026-03-26
record:989f6db06b13cb1e62596283,Hala Gores,provisional_record_group,Individual,1,"Steve Novick: $350.00, 1 records / 1 dates",1,1,1,35000,0,35000,False,False,2026-09-22,2026-09-22
record:9930a350becc97a612533b43,Alexander Tinker,provisional_record_group,Individual,1,"Steve Novick: $350.00, 1 records / 1 dates",1,1,1,35000,0,35000,False,False,2026-06-08,2026-06-08
record:998ade4193d2c9acbf2474b2,Brian Torres,provisional_record_group,Individual,1,"Tiffany Koyama Lane: $350.00, 1 records / 1 dates",1,1,1,35000,10000,25000,False,False,2026-05-30,2026-05-30
record:9bdabe5380f443b5473c97cf,Steve Bruner,provisional_record_group,Individual,1,"Steve Novick: $350.00, 1 records / 1 dates",1,1,1,35000,0,35000,False,False,2026-05-31,2026-05-31
record:9bfd8a239c9aa67be273f518,Adam Foltzer,provisional_record_group,Individual,1,"Mitch Green: $350.00, 1 records / 1 dates",1,1,1,35000,0,35000,False,False,2026-07-24,2026-07-24
record:9c6de0879ab0127d90eff5d4,Tony Morse,provisional_record_group,Individual,1,"Eric Zimmerman: $350.00, 1 records / 1 dates",1,1,1,35000,0,35000,False,False,2026-04-10,2026-04-10
record:9ca9ea35319fa9ab49037c0b,Christi Goodman,provisional_record_group,Individual,1,"Kellie Torres: $350.00, 1 records / 1 dates",1,1,1,35000,0,35000,False,False,2026-05-03,2026-05-03
record:9df15f91929fb0c178f946fb,David Griggs,provisional_record_group,Individual,1,"Eli Arnold: $350.00, 1 records / 1 dates",1,1,1,35000,0,35000,False,False,2026-06-11,2026-06-11
record:9dff912ebc43f6584344833a,James Kelly,provisional_record_group,Individual,1,"Kellie Torres: $350.00, 1 records / 1 dates",1,1,1,35000,0,35000,False,False,2026-08-23,2026-08-23
record:9eca203075d6f35b57554107,Kevin Bumatay,provisional_record_group,Individual,1,"Eric Zimmerman: $350.00, 1 records / 1 dates",1,1,1,35000,0,35000,False,False,2026-05-11,2026-05-11
record:9edece411a7258e75cc04e70,John Bradley,provisional_record_group,Individual,1,"Kellie Torres: $350.00, 1 records / 1 dates",1,1,1,35000,0,35000,False,False,2026-08-09,2026-08-09
record:9efa476c1cbaf86badd296b0,Kent Snyder,provisional_record_group,Individual,1,"Steve Novick: $350.00, 2 records / 2 dates",2,2,2,35000,0,35000,True,True,2026-02-05,2026-07-23
record:a0a00a8479799bb340727695,Dianne Nielsen,provisional_record_group,Individual,1,"Eric Zimmerman: $350.00, 1 records / 1 dates",1,1,1,35000,0,35000,False,False,2026-09-09,2026-09-09
record:a0c719da15a6fa2e781f0391,Momoko Saunders,provisional_record_group,Individual,1,"Steve Novick: $350.00, 1 records / 1 dates",1,1,1,35000,0,35000,False,False,2026-01-05,2026-01-05
record:a288a4c877cf8ee61b257840,Nathan Frankel,provisional_record_group,Individual,1,"Kellie Torres: $350.00, 1 records / 1 dates",1,1,1,35000,0,35000,False,False,2026-08-09,2026-08-09
record:a2c7df79b9022a04b34969a6,Karina Petrusich,provisional_record_group,Individual,1,"Kellie Torres: $350.00, 1 records / 1 dates",1,1,1,35000,0,35000,False,False,2026-08-02,2026-08-02
record:a30b2c77e3a13e32d3a3717c,William Selman,provisional_record_group,Individual,1,"Mitch Green: $350.00, 1 records / 1 dates",1,1,1,35000,7500,27500,False,False,2026-07-10,2026-07-10
record:a32f573b520393a895ba2ba1,Dan Root,provisional_record_group,Individual,1,"Eli Arnold: $350.00, 1 records / 1 dates",1,1,1,35000,0,35000,False,False,2026-08-26,2026-08-26
record:a337838f30f91315a724f2de,Steve McCollion,provisional_record_group,Individual,1,"Kellie Torres: $350.00, 1 records / 1 dates",1,1,1,35000,0,35000,False,False,2026-08-02,2026-08-02
record:a4686fe7ca95ae46934a6e59,Vadim Mozyrsky,provisional_record_group,Individual,1,"Eli Arnold: $350.00, 1 records / 1 dates",1,1,1,35000,0,35000,False,False,2025-11-14,2025-11-14
record:a5e74ff6141643946c0592e4,Greg Goodman,provisional_record_group,Individual,1,"Steve Novick: $350.00, 1 records / 1 dates",1,1,1,35000,0,35000,False,False,2026-08-21,2026-08-21
record:a6f992d167f89f500880497c,Elizabeth Walker,provisional_record_group,Individual,1,"Kellie Torres: $350.00, 1 records / 1 dates",1,1,1,35000,0,35000,False,False,2026-08-09,2026-08-09
record:a6fc9944ce1866efb5b0893a,Ru Budhi,provisional_record_group,Individual,1,"Eli Arnold: $350.00, 1 records / 1 dates",1,1,1,35000,0,35000,False,False,2025-12-16,2025-12-16
record:a714a4cbc8ded5372f63ddf6,Russell Sloop,provisional_record_group,Individual,1,"Kellie Torres: $350.00, 1 records / 1 dates",1,1,1,35000,0,35000,False,False,2026-08-09,2026-08-09
record:a8061d19d7f27845e281c1f9,Joseph Petrusich,provisional_record_group,Individual,1,"Eric Zimmerman: $350.00, 1 records / 1 dates",1,1,1,35000,0,35000,False,False,2025-09-25,2025-09-25
record:a814615bdcb1ade50a1cba07,Marnie Glickman,provisional_record_group,Individual,1,"Mitch Green: $350.00, 1 records / 1 dates",1,1,1,35000,0,35000,False,False,2025-08-20,2025-08-20
record:a93144ff940d802518c32a7e,Marsea Hart,provisional_record_group,Individual,1,"Olivia Clark: $350.00, 1 records / 1 dates",1,1,1,35000,0,35000,False,False,2025-11-15,2025-11-15
record:ac80273376a7d10e953660e5,Gary Clark,provisional_record_group,Individual,1,"Eli Arnold: $350.00, 1 records / 1 dates",1,1,1,35000,0,35000,False,False,2026-07-22,2026-07-22
record:ada50fee3418e7e30b5c7854,Joe Finkbonner,provisional_record_group,Individual,1,"Steve Novick: $350.00, 1 records / 1 dates",1,1,1,35000,0,35000,False,False,2026-07-28,2026-07-28
record:adbd44c5fe26d00256165e13,Morgan Goodman,provisional_record_group,Individual,1,"Kellie Torres: $350.00, 1 records / 1 dates",1,1,1,35000,0,35000,False,False,2026-05-03,2026-05-03
record:ae57449bd8e75165c4fd7c23,Gunnar Erickson,provisional_record_group,Individual,1,"Eli Arnold: $350.00, 1 records / 1 dates",1,1,1,35000,0,35000,False,False,2026-08-27,2026-08-27
record:afd6a3613b120ab2274da5e6,Sharon Toscano,provisional_record_group,Individual,1,"Olivia Clark: $350.00, 1 records / 1 dates",1,1,1,35000,0,35000,False,False,2026-02-08,2026-02-08
record:b0cc466b86e167184ea3dd7e,Jane Mason,provisional_record_group,Individual,1,"Olivia Clark: $350.00, 1 records / 1 dates",1,1,1,35000,0,35000,False,False,2026-01-10,2026-01-10
record:b12a7d93603030931b29ea17,Cynthia Dulcich,provisional_record_group,Individual,1,"Eric Zimmerman: $350.00, 1 records / 1 dates",1,1,1,35000,0,35000,False,False,2026-04-28,2026-04-28
record:b1772552ba3168e51b6cdbd1,Andrew Rowe,provisional_record_group,Individual,1,"Eric Zimmerman: $350.00, 1 records / 1 dates",1,1,1,35000,0,35000,False,False,2026-05-28,2026-05-28
record:b3ebcb6ffe16a8e740a42105,Clyde Holland,provisional_record_group,Individual,1,"Kellie Torres: $350.00, 1 records / 1 dates",1,1,1,35000,0,35000,False,False,2026-08-09,2026-08-09
record:b478213d1becde2bb453d3af,Robert Ames,provisional_record_group,Individual,1,"Kellie Torres: $350.00, 1 records / 1 dates",1,1,1,35000,0,35000,False,False,2026-08-09,2026-08-09
record:b50b35b5e871a032f10d9d4b,Stephen Goodman,provisional_record_group,Individual,1,"Olivia Clark: $350.00, 1 records / 1 dates",1,1,1,35000,0,35000,False,False,2025-12-10,2025-12-10
record:b54fca459f4402566b0f62ed,Timothy Boyle,provisional_record_group,Individual,1,"Eric Zimmerman: $350.00, 1 records / 1 dates",1,1,1,35000,0,35000,False,False,2026-09-18,2026-09-18
record:b57731ffc1a30d8dd14cf04a,Robert McCullough,provisional_record_group,Individual,1,"Olivia Clark: $350.00, 1 records / 1 dates",1,1,1,35000,0,35000,False,False,2026-03-21,2026-03-21
record:b60ff1d8c6586adb080581db,Stan Amy,provisional_record_group,Individual,1,"Eli Arnold: $350.00, 1 records / 1 dates",1,1,1,35000,0,35000,False,False,2026-06-02,2026-06-02
record:b88172743c9b3289d90abf42,Kirk Maag,provisional_record_group,Individual,1,"Eric Zimmerman: $350.00, 1 records / 1 dates",1,1,1,35000,0,35000,False,False,2026-08-13,2026-08-13
record:b8d5d803cfe65bd7c78897ad,Ronals Sauer,provisional_record_group,Individual,1,"Eric Zimmerman: $350.00, 1 records / 1 dates",1,1,1,35000,0,35000,False,False,2026-08-20,2026-08-20
record:b97064fbb428b677e05d0316,Sue Kelly,provisional_record_group,Individual,1,"Kellie Torres: $350.00, 1 records / 1 dates",1,1,1,35000,0,35000,False,False,2026-08-30,2026-08-30
record:b97e5c1133ed8d818dbfc542,Fred Jubitz,provisional_record_group,Individual,1,"Kellie Torres: $350.00, 1 records / 1 dates",1,1,1,35000,0,35000,False,False,2026-08-09,2026-08-09
record:ba7f8f8412872d3bc5bf566f,Robert Walsh,provisional_record_group,Individual,1,"Eric Zimmerman: $350.00, 1 records / 1 dates",1,1,1,35000,0,35000,False,False,2026-08-26,2026-08-26
record:bab8ac48c98bfb112b687deb,Barre Stoll,provisional_record_group,Individual,1,"Olivia Clark: $350.00, 1 records / 1 dates",1,1,1,35000,0,35000,False,False,2026-03-19,2026-03-19
record:bb10a7f511081e18b98a194d,Rob Maletis,provisional_record_group,Individual,1,"Eric Zimmerman: $350.00, 1 records / 1 dates",1,1,1,35000,0,35000,False,False,2026-08-21,2026-08-21
record:bb5a9ac9dd14422a2f9ad42f,Mark LeRoux,provisional_record_group,Individual,1,"Kellie Torres: $350.00, 1 records / 1 dates",1,1,1,35000,0,35000,False,False,2026-08-09,2026-08-09
record:bc75037f255978e888d428d7,Annie Ellison,provisional_record_group,Individual,1,"Tiffany Koyama Lane: $350.00, 1 records / 1 dates",1,1,1,35000,0,35000,False,False,2025-12-22,2025-12-22
record:bc9597c74280f50fe47f92e0,Alan McCollom,provisional_record_group,Individual,1,"Mitch Green: $350.00, 1 records / 1 dates",1,1,1,35000,0,35000,False,False,2025-12-05,2025-12-05
record:bcbc71df1cb2f41a0facdf35,Kelli Kerbawy,provisional_record_group,Individual,1,"Eli Arnold: $350.00, 1 records / 1 dates",1,1,1,35000,0,35000,False,False,2025-11-17,2025-11-17
record:bd15a17246f9357eece518d1,John Ogden,provisional_record_group,Individual,1,"Eric Zimmerman: $350.00, 1 records / 1 dates",1,1,1,35000,0,35000,False,False,2026-08-25,2026-08-25
record:bddac200c58be6b2b9be6c78,Douglas De Weese,provisional_record_group,Individual,1,"Olivia Clark: $350.00, 1 records / 1 dates",1,1,1,35000,0,35000,False,False,2026-06-06,2026-06-06
record:be4be0e801c539e341f75481,Erin Moran,provisional_record_group,Individual,1,"Jayne Cronlund: $350.00, 1 records / 1 dates",1,1,1,35000,0,35000,False,False,2026-09-13,2026-09-13
record:be9331e13563417e160d1e3c,Lauren Menashe,provisional_record_group,Individual,1,"Kellie Torres: $350.00, 1 records / 1 dates",1,1,1,35000,0,35000,False,False,2026-08-09,2026-08-09
record:beb0a45448bab78ac80062ab,Lucas Norris,provisional_record_group,Individual,3,"Angelita Morillo: $116.66, 1 records / 1 dates | Tiffany Koyama Lane: $116.67, 1 records / 1 dates | Mitch Green: $116.67, 1 records / 1 dates",3,1,3,35000,0,35000,False,False,2026-05-04,2026-05-04
record:c148c5b5121f57a6697f07b0,TC Staton,provisional_record_group,Individual,1,"Steve Novick: $350.00, 1 records / 1 dates",1,1,1,35000,0,35000,False,False,2026-01-27,2026-01-27
record:c15eb1d8d153e4c7fa2d00f2,Jessica Getman,provisional_record_group,Individual,1,"Kellie Torres: $350.00, 1 records / 1 dates",1,1,1,35000,0,35000,False,False,2026-08-09,2026-08-09
record:c276febce42211249bb2aebb,William Hawkins,provisional_record_group,Individual,1,"Kellie Torres: $350.00, 2 records / 2 dates",2,2,2,35000,0,35000,True,True,2026-03-31,2026-07-21
record:c2b3dff4bf199acda0f3790d,Daniel Floyd,provisional_record_group,Individual,1,"Kellie Torres: $350.00, 1 records / 1 dates",1,1,1,35000,0,35000,False,False,2026-03-29,2026-03-29
record:c2eb15d95d57f1eb67f64e10,Matthew Conine,provisional_record_group,Individual,1,"Eli Arnold: $350.00, 1 records / 1 dates",1,1,1,35000,0,35000,False,False,2026-03-03,2026-03-03
record:c5567617633edc4002091c1d,Dan Ryan,provisional_record_group,Individual,1,"Eric Zimmerman: $350.00, 1 records / 1 dates",1,1,1,35000,0,35000,False,False,2026-08-26,2026-08-26
record:c5c2b88fcdc72f435ac5ab30,Lewis Brantley,provisional_record_group,Individual,1,"Kellie Torres: $350.00, 1 records / 1 dates",1,1,1,35000,0,35000,False,False,2026-08-09,2026-08-09
record:c644d09eb34c33179713d535,Timur Ender,provisional_record_group,Individual,1,"Angelita Morillo: $350.00, 1 records / 1 dates",1,1,1,35000,0,35000,False,False,2026-01-04,2026-01-04
record:c6b200f952b42e8711ac92b8,Don Powell,provisional_record_group,Individual,1,"Olivia Clark: $350.00, 1 records / 1 dates",1,1,1,35000,0,35000,False,False,2025-11-15,2025-11-15
record:c78477ad3ac2bc85a91b7338,Marilyn Epstein,provisional_record_group,Individual,1,"Steve Novick: $350.00, 1 records / 1 dates",1,1,1,35000,0,35000,False,False,2026-07-27,2026-07-27
record:c7f00f5a18407e7d2185b176,Rob Maletis,provisional_record_group,Individual,1,"Kellie Torres: $350.00, 1 records / 1 dates",1,1,1,35000,0,35000,False,False,2026-08-09,2026-08-09
record:c80569db15b6628d7011302b,David Shaw,provisional_record_group,Individual,1,"Steve Novick: $350.00, 2 records / 2 dates",2,2,2,35000,0,35000,True,True,2026-04-14,2026-07-28
record:ca13d8e1058f481f2edb1407,Robert Harrison,provisional_record_group,Individual,1,"Eric Zimmerman: $350.00, 1 records / 1 dates",1,1,1,35000,0,35000,False,False,2026-08-21,2026-08-21
record:cb581de30d9c627f1e1cbfb0,Matthew Van Natta,provisional_record_group,Individual,1,"Angelita Morillo: $350.00, 1 records / 1 dates",1,1,1,35000,0,35000,False,False,2026-04-29,2026-04-29
record:cd1126241ee87120f6c5d4e0,James Toscano,provisional_record_group,Individual,1,"Olivia Clark: $350.00, 1 records / 1 dates",1,1,1,35000,0,35000,False,False,2026-02-07,2026-02-07
record:cd5f5d390859065a214c6aae,Tim Plummer,provisional_record_group,Individual,1,"Angelita Morillo: $350.00, 1 records / 1 dates",1,1,1,35000,0,35000,False,False,2025-12-31,2025-12-31
record:cd7cf49d5c573e5c62be0c0d,Mark Wiener,provisional_record_group,Individual,1,"Steve Novick: $350.00, 1 records / 1 dates",1,1,1,35000,0,35000,False,False,2026-07-26,2026-07-26
record:cf55543ffe6843d522a728fe,Tim Tees,provisional_record_group,Individual,1,"Mitch Green: $350.00, 1 records / 1 dates",1,1,1,35000,0,35000,False,False,2026-04-30,2026-04-30
record:cfc9c536f66b19af86689bff,JA Atwood,provisional_record_group,Individual,1,"Kellie Torres: $350.00, 1 records / 1 dates",1,1,1,35000,0,35000,False,False,2026-08-09,2026-08-09
record:d0ef2f0f2af2863aee51d34a,Olivia Rush,provisional_record_group,Individual,3,"Angelita Morillo: $116.66, 1 records / 1 dates | Tiffany Koyama Lane: $116.67, 1 records / 1 dates | Mitch Green: $116.67, 1 records / 1 dates",3,1,3,35000,0,35000,False,False,2026-07-29,2026-07-29
record:d210f8908493c7cd11218e40,Ryan Nielsen,provisional_record_group,Individual,1,"Eric Zimmerman: $350.00, 1 records / 1 dates",1,1,1,35000,0,35000,False,False,2026-07-05,2026-07-05
record:d3a12c119764446040d2b8ac,Matthew Goodman,provisional_record_group,Individual,1,"Eric Zimmerman: $350.00, 1 records / 1 dates",1,1,1,35000,0,35000,False,False,2026-09-09,2026-09-09
record:d4940330b17f5fb8e70530d9,Benjamin Gilbert,provisional_record_group,Individual,1,"Angelita Morillo: $350.00, 1 records / 1 dates",1,1,1,35000,0,35000,False,False,2025-12-14,2025-12-14
record:d7024fdec64b7c90f28e8a90,Tom Mulflur,provisional_record_group,Individual,1,"Kellie Torres: $350.00, 1 records / 1 dates",1,1,1,35000,0,35000,False,False,2026-08-09,2026-08-09
record:d7a6b5d54c2ee55cfc1ea38e,Erin Wallace,provisional_record_group,Individual,1,"Eric Zimmerman: $350.00, 1 records / 1 dates",1,1,1,35000,0,35000,False,False,2026-04-09,2026-04-09
record:d87ece753512bfedb39ea9b1,Ardys Dunn,provisional_record_group,Individual,1,"Olivia Clark: $350.00, 1 records / 1 dates",1,1,1,35000,0,35000,False,False,2025-12-10,2025-12-10
record:d969d40f5727cf1d83914271,Josh Billeter,provisional_record_group,Individual,1,"Eric Zimmerman: $350.00, 2 records / 2 dates",2,2,2,35000,0,35000,True,True,2026-03-29,2026-05-07
record:d9e2a068de08a8ca153748bf,Sonya Fischer,provisional_record_group,Individual,1,"Steve Novick: $350.00, 1 records / 1 dates",1,1,1,35000,0,35000,False,False,2026-08-20,2026-08-20
record:dbde340d4077db7805ad11f4,Molly Boyle,provisional_record_group,Individual,1,"Kellie Torres: $350.00, 1 records / 1 dates",1,1,1,35000,0,35000,False,False,2026-08-09,2026-08-09
record:dc97968b2a4a1c756a518da7,Bernice Corman,provisional_record_group,Individual,1,"Steve Novick: $350.00, 1 records / 1 dates",1,1,1,35000,0,35000,False,False,2025-12-22,2025-12-22
record:dceaf26eef2f28086779643c,Matthew Goodman,provisional_record_group,Individual,1,"Kellie Torres: $350.00, 1 records / 1 dates",1,1,1,35000,0,35000,False,False,2026-05-17,2026-05-17
record:dd822a1275de322003aacf14,Leah Sanchez,provisional_record_group,Individual,1,"Tiffany Koyama Lane: $350.00, 1 records / 1 dates",1,1,1,35000,2500,32500,False,False,2026-04-18,2026-04-18
record:de95630699039e39acd541cd,David Gray,provisional_record_group,Individual,1,"Eli Arnold: $350.00, 1 records / 1 dates",1,1,1,35000,0,35000,False,False,2025-11-14,2025-11-14
record:dec4af6484fac1c40feb8822,Heather Stilley,provisional_record_group,Individual,1,"Eric Zimmerman: $350.00, 1 records / 1 dates",1,1,1,35000,0,35000,False,False,2026-04-28,2026-04-28
record:df036f1197b439c821ea616b,Shahriyar Smith,provisional_record_group,Individual,1,"Kellie Torres: $350.00, 1 records / 1 dates",1,1,1,35000,0,35000,False,False,2026-03-29,2026-03-29
record:e04e5287380a3c5573ac755a,Matthew Goodman,provisional_record_group,Individual,1,"Olivia Clark: $350.00, 1 records / 1 dates",1,1,1,35000,0,35000,False,False,2025-12-08,2025-12-08
record:e0625673d38356bece4ceada,Ernest Munch,provisional_record_group,Individual,1,"Eric Zimmerman: $350.00, 1 records / 1 dates",1,1,1,35000,0,35000,False,False,2026-09-10,2026-09-10
record:e0dd062fdca95df799e38d56,Alex Osborne,provisional_record_group,Individual,1,"Kellie Torres: $350.00, 1 records / 1 dates",1,1,1,35000,0,35000,False,False,2026-08-09,2026-08-09
record:e18afd853bb77ca21383efbf,Susan Schnitzer,provisional_record_group,Individual,1,"Kellie Torres: $350.00, 1 records / 1 dates",1,1,1,35000,0,35000,False,False,2026-08-09,2026-08-09
record:e2aae5ee7cc5c4eae35f3e3f,Matthew Illias,provisional_record_group,Individual,1,"Kellie Torres: $350.00, 1 records / 1 dates",1,1,1,35000,0,35000,False,False,2026-09-06,2026-09-06
record:e2e85319259ad352e9c15c37,Lilith Automata,provisional_record_group,Individual,1,"Eric Zimmerman: $350.00, 1 records / 1 dates",1,1,1,35000,0,35000,False,False,2026-09-22,2026-09-22
record:e30a04666a3fce1bdb9a0e1a,Julia Brim-Edwards,provisional_record_group,Individual,1,"Eric Zimmerman: $350.00, 1 records / 1 dates",1,1,1,35000,0,35000,False,False,2026-03-01,2026-03-01
record:e603ce34c25af7faec8fb454,Craig Peterson,provisional_record_group,Individual,1,"Kellie Torres: $350.00, 1 records / 1 dates",1,1,1,35000,0,35000,False,False,2026-08-09,2026-08-09
record:e6b7610ce3b1adb2d756098c,Christy Eugenis,provisional_record_group,Individual,1,"Eli Arnold: $350.00, 1 records / 1 dates",1,1,1,35000,0,35000,False,False,2026-06-02,2026-06-02
record:e7106986c29d9ffd3491b4ea,Albert Solheim,provisional_record_group,Individual,1,"Eli Arnold: $350.00, 1 records / 1 dates",1,1,1,35000,0,35000,False,False,2026-09-18,2026-09-18
record:e7786a1b43a8a2e9ca0d37ae,Mariniah Prendergast,provisional_record_group,Individual,1,"Eric Zimmerman: $350.00, 1 records / 1 dates",1,1,1,35000,0,35000,False,False,2026-04-09,2026-04-09
record:e87324d0482b640385ca925b,Eileen Kirschner,provisional_record_group,Individual,1,"Angelita Morillo: $350.00, 1 records / 1 dates",1,1,1,35000,0,35000,False,False,2026-03-29,2026-03-29
record:e8e387b8cd08d1e953138d4c,Andrew Rowe,provisional_record_group,Individual,1,"Olivia Clark: $350.00, 1 records / 1 dates",1,1,1,35000,0,35000,False,False,2026-05-28,2026-05-28
record:e93b23b3ea3b155157c1ba18,Kalyn Free,provisional_record_group,Individual,1,"Steve Novick: $350.00, 1 records / 1 dates",1,1,1,35000,0,35000,False,False,2025-12-22,2025-12-22
record:ead6db1e4599fbe3619193ee,John Russell,provisional_record_group,Individual,1,"Steve Novick: $350.00, 1 records / 1 dates",1,1,1,35000,0,35000,False,False,2026-06-04,2026-06-04
record:eb0bd9bf9da63c66b039d4c8,Michael Veale,provisional_record_group,Individual,1,"Olivia Clark: $350.00, 1 records / 1 dates",1,1,1,35000,0,35000,False,False,2025-09-16,2025-09-16
record:ec46025eda97d46c52b8aa14,Dennis Mulvihill,provisional_record_group,Individual,1,"Olivia Clark: $350.00, 1 records / 1 dates",1,1,1,35000,0,35000,False,False,2025-08-06,2025-08-06
record:edbcd9078e8ceaa844cafd27,Phillip Brooks,provisional_record_group,Individual,1,"Steve Novick: $350.00, 1 records / 1 dates",1,1,1,35000,0,35000,False,False,2026-06-28,2026-06-28
record:edc3de2eb060e5eeba10a5cf,Jeffry Smith,provisional_record_group,Individual,1,"Eric Zimmerman: $350.00, 1 records / 1 dates",1,1,1,35000,0,35000,False,False,2026-04-01,2026-04-01
record:edcb78919384445523d5bf0d,Eli Arnold,provisional_record_group,Candidate & Immediate Family,1,"Eli Arnold: $350.00, 1 records / 1 dates",1,1,1,35000,0,35000,False,False,2025-11-12,2025-11-12
record:ee9ded71163b30de456bda56,Kristin Hammond,provisional_record_group,Individual,1,"Eric Zimmerman: $350.00, 1 records / 1 dates",1,1,1,35000,0,35000,False,False,2026-08-20,2026-08-20
record:f03d2fa89a22c0a7b6e3bab2,Thomas Wiley,provisional_record_group,Individual,1,"Eric Zimmerman: $350.00, 1 records / 1 dates",1,1,1,35000,0,35000,False,False,2026-09-21,2026-09-21
record:f1e7ce290fff0856eed57c06,Susan Schnitzer,provisional_record_group,Individual,1,"Eric Zimmerman: $350.00, 1 records / 1 dates",1,1,1,35000,0,35000,False,False,2026-08-20,2026-08-20
record:f311bc1fa517c708cad1670c,George Passadore,provisional_record_group,Individual,1,"Olivia Clark: $350.00, 1 records / 1 dates",1,1,1,35000,0,35000,False,False,2026-06-09,2026-06-09
record:f374faa3a8c9d95a02115fac,Peter Stott,provisional_record_group,Individual,1,"Kellie Torres: $350.00, 1 records / 1 dates",1,1,1,35000,0,35000,False,False,2026-08-09,2026-08-09
record:f39013cb96cfe9f315be094c,William Scott,provisional_record_group,Individual,1,"Steve Novick: $350.00, 1 records / 1 dates",1,1,1,35000,0,35000,False,False,2026-02-05,2026-02-05
record:f4072944d431e0ee6737b63c,Jonathan Isaacs,provisional_record_group,Individual,1,"Eric Zimmerman: $350.00, 1 records / 1 dates",1,1,1,35000,0,35000,False,False,2026-03-26,2026-03-26
record:f42e1d65a3efe0c292b59e78,Julie Stott,provisional_record_group,Individual,1,"Kellie Torres: $350.00, 1 records / 1 dates",1,1,1,35000,0,35000,False,False,2026-08-09,2026-08-09
record:f46985029966f23ea7d12580,Malin Petrusich,provisional_record_group,Individual,1,"Olivia Clark: $350.00, 1 records / 1 dates",1,1,1,35000,0,35000,False,False,2025-09-26,2025-09-26
record:f4897006f66c785064b28702,Pamela Knowles,provisional_record_group,Individual,1,"Steve Novick: $350.00, 1 records / 1 dates",1,1,1,35000,0,35000,False,False,2026-08-22,2026-08-22
record:f4acfe1ebb4854bd70fbc3c3,Gregory McCoy,provisional_record_group,Individual,1,"Kellie Torres: $350.00, 1 records / 1 dates",1,1,1,35000,0,35000,False,False,2026-08-09,2026-08-09
record:f5096ddc41178044b7294bb6,Al Niknabard,provisional_record_group,Individual,1,"Eric Zimmerman: $350.00, 1 records / 1 dates",1,1,1,35000,0,35000,False,False,2026-08-16,2026-08-16
record:f549b5c96cb5b39fd749ee92,Greg Goodam,provisional_record_group,Individual,1,"Kellie Torres: $350.00, 1 records / 1 dates",1,1,1,35000,0,35000,False,False,2026-04-26,2026-04-26
record:f5cdb283df86beabbc3adfdd,Laurie Ware,provisional_record_group,Individual,1,"Kellie Torres: $350.00, 1 records / 1 dates",1,1,1,35000,0,35000,False,False,2026-08-09,2026-08-09
record:f625b8b4dbc97acf0c30d713,Paul Andrews,provisional_record_group,Individual,1,"Eric Zimmerman: $350.00, 1 records / 1 dates",1,1,1,35000,0,35000,False,False,2026-05-11,2026-05-11
record:f66170c288c7fb1251115f56,Barry Stein,provisional_record_group,Individual,1,"Steve Novick: $350.00, 1 records / 1 dates",1,1,1,35000,0,35000,False,False,2026-04-14,2026-04-14
record:f68fef966ac7324297828650,Ivan Gold,provisional_record_group,Individual,1,"Eric Zimmerman: $350.00, 1 records / 1 dates",1,1,1,35000,0,35000,False,False,2026-09-15,2026-09-15
record:f9cd43651f0ac881f4b71af6,Patricia Zimmerman,provisional_record_group,Individual,1,"Eric Zimmerman: $350.00, 1 records / 1 dates",1,1,1,35000,0,35000,False,False,2026-05-27,2026-05-27
record:fbeb5225d73d9fdfcec52678,Robin Springer,provisional_record_group,Individual,1,"Eric Zimmerman: $350.00, 1 records / 1 dates",1,1,1,35000,0,35000,False,False,2026-08-28,2026-08-28
record:fc6420fd4335ab8bb0adccf5,Aisling Coghlan,provisional_record_group,Individual,1,"Steve Novick: $350.00, 1 records / 1 dates",1,1,1,35000,0,35000,False,False,2026-07-26,2026-07-26
record:fcb81b3f82261d0011ccbf0e,Greg Goodman,provisional_record_group,Individual,1,"Olivia Clark: $350.00, 1 records / 1 dates",1,1,1,35000,0,35000,False,False,2025-08-21,2025-08-21
record:fdb09d10a9dfa6e2e1f7ef9f,Melvin Mark,provisional_record_group,Individual,1,"Eric Zimmerman: $350.00, 1 records / 1 dates",1,1,1,35000,0,35000,False,False,2026-05-11,2026-05-11
record:fdbaecea6af0c169cb7ba2b1,Robert Walsh,provisional_record_group,Individual,1,"Kellie Torres: $350.00, 1 records / 1 dates",1,1,1,35000,0,35000,False,False,2026-08-10,2026-08-10
record:fe59bf34fb708b9509688635,Grace Serbu,provisional_record_group,Individual,1,"Eric Zimmerman: $350.00, 1 records / 1 dates",1,1,1,35000,0,35000,False,False,2026-09-16,2026-09-16
record:fecb4a47686ef2a19c2ecedd,Neil Matteucci,provisional_record_group,Individual,1,"Olivia Clark: $350.00, 1 records / 1 dates",1,1,1,35000,0,35000,False,False,2026-06-30,2026-06-30
record:ffd3b07b4eebed3016362ccc,Richard Bardeschewski,provisional_record_group,Individual,1,"Kellie Torres: $350.00, 1 records / 1 dates",1,1,1,35000,0,35000,False,False,2026-03-31,2026-03-31
record:fff0cac9d19c4053eff660f2,Marsea Hart,provisional_record_group,Individual,1,"Kellie Torres: $350.00, 1 records / 1 dates",1,1,1,35000,0,35000,False,False,2026-08-16,2026-08-16
record:99ce8b0a302cbcabab884b4e,Carla Smith,provisional_record_group,Candidate & Immediate Family,1,"Jeremy Beausoleil Smith: $345.00, 1 records / 1 dates",1,1,1,34500,0,34500,False,False,2026-08-15,2026-08-15
record:9ef85a900003d8fb5c08b0b4,Kyle Prosen,provisional_record_group,Individual,1,"Eric Zimmerman: $342.00, 1 records / 1 dates",1,1,1,34200,0,34200,False,False,2026-07-23,2026-07-23
record:cbec3df50e8e4df1eee0129a,Kyle Prosen,provisional_record_group,Individual,1,"Kellie Torres: $342.00, 1 records / 1 dates",1,1,1,34200,0,34200,False,False,2026-07-26,2026-07-26
record:0e40b477eb590682fdb36336,Hau Hagedorn,provisional_record_group,Individual,3,"Angelita Morillo: $100.00, 1 records / 1 dates | Tiffany Koyama Lane: $140.00, 2 records / 2 dates | Mitch Green: $100.00, 1 records / 1 dates",4,2,4,34000,0,34000,True,True,2026-07-29,2026-08-01
record:5c4888166f22f26133e64846,Camille Castillo,provisional_record_group,Individual,1,"Esther León: $333.00, 1 records / 1 dates",1,1,1,33300,0,33300,False,False,2026-07-24,2026-07-24
record:8f5728ed83ea41fe12f56b91,Cara Althoff,provisional_record_group,Individual,1,"Tiffany Koyama Lane: $330.00, 1 records / 1 dates",1,1,1,33000,3000,30000,False,False,2026-05-30,2026-05-30
record:05a3647617f7c6a175fd9644,David Michael Roach,provisional_record_group,Individual,1,"Eric Zimmerman: $325.00, 1 records / 1 dates",1,1,1,32500,0,32500,False,False,2026-09-21,2026-09-21
record:1218a7a61cffc30832d28531,Valerie Aitchison,provisional_record_group,Individual,1,"Eric Zimmerman: $325.00, 1 records / 1 dates",1,1,1,32500,0,32500,False,False,2026-09-10,2026-09-10
record:1d4ea18d92ddca6210910624,Noah Bernstein-Hanley,provisional_record_group,Individual,1,"Mitch Green: $325.00, 1 records / 1 dates",1,1,1,32500,0,32500,False,False,2026-07-24,2026-07-24
record:572933f32429f7fed4767355,Elizabeth Johnson,provisional_record_group,Individual,1,"Eric Zimmerman: $325.00, 1 records / 1 dates",1,1,1,32500,0,32500,False,False,2026-09-21,2026-09-21
record:8e8591bd1df6f5c112958fc9,Jay Zidell,provisional_record_group,Individual,1,"Eric Zimmerman: $325.00, 1 records / 1 dates",1,1,1,32500,2500,30000,False,False,2026-08-21,2026-08-21
record:a1fee99928fbb3e8d9cb46a7,Will Aitchison,provisional_record_group,Individual,1,"Eric Zimmerman: $325.00, 1 records / 1 dates",1,1,1,32500,0,32500,False,False,2026-09-10,2026-09-10
record:dad052b4dab049bd836ed3cb,Betsy Johnson,provisional_record_group,Individual,1,"Steve Novick: $325.00, 1 records / 1 dates",1,1,1,32500,0,32500,False,False,2026-09-21,2026-09-21
record:e9ceb53bd78db776a316b3ea,Mark Childs,provisional_record_group,Individual,1,"Eric Zimmerman: $325.00, 1 records / 1 dates",1,1,1,32500,0,32500,False,False,2026-09-15,2026-09-15
record:ecce9a1173923a25f6e95cd0,Mary Emerson,provisional_record_group,Individual,1,"Angelita Morillo: $325.00, 1 records / 1 dates",1,1,1,32500,0,32500,False,False,2026-04-12,2026-04-12
record:f136b85c38e1c45a9c54383f,John Miller,provisional_record_group,Individual,1,"Olivia Clark: $325.00, 1 records / 1 dates",1,1,1,32500,0,32500,False,False,2026-06-30,2026-06-30
record:f303febf2136ed7c3d706a06,Sawiga Tonsiengsom,provisional_record_group,Individual,1,"Tiffany Koyama Lane: $325.00, 1 records / 1 dates",1,1,1,32500,0,32500,False,False,2026-06-09,2026-06-09
record:4147fd3ad0cd1a6534fb68d6,Thomas Kilbane,provisional_record_group,Individual,1,"Kellie Torres: $320.00, 1 records / 1 dates",1,1,1,32000,0,32000,False,False,2026-04-19,2026-04-19
record:287fe0196e9df661d49eba74,Mark Dinsmore,provisional_record_group,Individual,1,"Matthias Hallett: $313.44, 3 records / 3 dates",3,3,3,31344,0,31344,True,True,2026-07-31,2026-09-20
record:b45cba06f0b1e818c52371b8,Mary Li,provisional_record_group,Individual,1,"Tiffany Koyama Lane: $310.00, 2 records / 2 dates",2,2,2,31000,0,31000,True,True,2025-09-13,2026-08-26
record:f57e2d792eff08d178ba66a1,Jill Eiland,provisional_record_group,Individual,2,"Steve Novick: $160.00, 1 records / 1 dates | Olivia Clark: $150.00, 1 records / 1 dates",2,2,2,31000,0,31000,False,False,2026-08-01,2026-08-04
record:06256d4d3dbd3ebaec9434a8,Pasquale Pascuzzi,provisional_record_group,Individual,1,"Eli Arnold: $300.00, 1 records / 1 dates",1,1,1,30000,0,30000,False,False,2026-08-10,2026-08-10
record:182e8ef9703778ce2a6def22,Paul Koops,provisional_record_group,Individual,1,"Olivia Clark: $300.00, 1 records / 1 dates",1,1,1,30000,0,30000,False,False,2025-07-27,2025-07-27
record:18b28eb812a058c71016de08,Janet Schaeffer,provisional_record_group,Individual,1,"Olivia Clark: $300.00, 1 records / 1 dates",1,1,1,30000,0,30000,False,False,2026-03-21,2026-03-21
record:2c8ffaccf93a6bb7393f6537,Christian Aguinaga,provisional_record_group,Individual,1,"Mitch Green: $300.00, 1 records / 1 dates",1,1,1,30000,0,30000,False,False,2026-07-24,2026-07-24
record:34355f895227670122617c83,Ulysses Sherman,provisional_record_group,Individual,1,"Kellie Torres: $300.00, 1 records / 1 dates",1,1,1,30000,0,30000,False,False,2026-08-09,2026-08-09
record:4dc7d1c2f75e71e3e459ada1,Ulysses Sherman,provisional_record_group,Individual,1,"Eric Zimmerman: $300.00, 1 records / 1 dates",1,1,1,30000,0,30000,False,False,2026-09-02,2026-09-02
record:608262e63f3a8b9a7cee63b7,Barbara Kanz,provisional_record_group,Individual,1,"Eric Zimmerman: $300.00, 2 records / 2 dates",2,2,2,30000,0,30000,True,True,2026-08-18,2026-09-13
record:650c28a0f9409ccbca9a1def,Robert Stoll,provisional_record_group,Individual,1,"Olivia Clark: $300.00, 1 records / 1 dates",1,1,1,30000,0,30000,False,False,2026-03-18,2026-03-18
record:70a4a5f1fb94ca76f52db588,Jennifer Yocom,provisional_record_group,Individual,2,"Eric Zimmerman: $200.00, 1 records / 1 dates | Kellie Torres: $100.00, 1 records / 1 dates",2,2,2,30000,0,30000,False,False,2026-02-05,2026-05-12
record:7e0148418020c0f1bba5b9e3,James Such,provisional_record_group,Individual,1,"Mitch Green: $300.00, 2 records / 2 dates",2,2,2,30000,10000,20000,True,True,2025-12-31,2026-06-23
record:895c9a29e0d1e0ba47ec16b6,Kathleen Pool,provisional_record_group,Individual,1,"Steve Novick: $300.00, 1 records / 1 dates",1,1,1,30000,0,30000,False,False,2026-03-26,2026-03-26
record:89b5150e865b3b3e9d6b75f2,Margot Black,provisional_record_group,Individual,1,"Jamey Evenstar: $300.00, 1 records / 1 dates",1,1,1,30000,0,30000,False,False,2026-07-16,2026-07-16
record:8f16c9e3180cba389310f960,Jonathan Radmacher,provisional_record_group,Individual,1,"Steve Novick: $300.00, 2 records / 2 dates",2,2,2,30000,0,30000,True,True,2026-08-20,2026-09-24
record:c39783dd7a0585bc371ed075,Georgia Jack,provisional_record_group,Individual,2,"Tom Sollitt: $200.00, 1 records / 1 dates | Kellie Torres: $100.00, 1 records / 1 dates",2,2,2,30000,0,30000,False,False,2026-08-16,2026-08-19
record:c5645675b8714fc01ac69771,Gregory Mulvihill,provisional_record_group,Individual,1,"Olivia Clark: $300.00, 1 records / 1 dates",1,1,1,30000,0,30000,False,False,2025-09-27,2025-09-27
record:ce62dd0a8bee58f76c3fd0eb,Sally Mize,provisional_record_group,Individual,1,"Eli Arnold: $300.00, 1 records / 1 dates",1,1,1,30000,20000,10000,False,False,2026-06-17,2026-06-17
record:d27bda3950f6f88126492fd4,Helena Birecki,provisional_record_group,Individual,1,"Angelita Morillo: $300.00, 1 records / 1 dates",1,1,1,30000,0,30000,False,False,2026-03-08,2026-03-08
record:d6344ae08db6d31cd7474644,Richard Skogrand,provisional_record_group,Individual,1,"Kellie Torres: $300.00, 2 records / 2 dates",2,2,2,30000,0,30000,True,True,2026-04-19,2026-09-06
record:d8cd6c4cf4dde800c9a2c7cf,Wendy Watkins,provisional_record_group,Individual,1,"Olivia Clark: $300.00, 1 records / 1 dates",1,1,1,30000,0,30000,False,False,2025-07-17,2025-07-17
record:d8cea2e68603ba62b0733477,Sandy Polishuk,provisional_record_group,Individual,1,"Mitch Green: $300.00, 1 records / 1 dates",1,1,1,30000,2000,28000,False,False,2026-07-24,2026-07-24
record:fc1b83d90a2cc5c5c2b09fda,Halie Symmons,provisional_record_group,Individual,2,"Tiffany Koyama Lane: $150.00, 3 records / 3 dates | Mitch Green: $150.00, 3 records / 3 dates",6,3,6,30000,0,30000,True,True,2026-06-12,2026-09-12
record:feb3ca5fb969c88f9d948ea3,Christopher Lang,provisional_record_group,Individual,1,"Tiffany Koyama Lane: $300.00, 3 records / 3 dates",3,3,3,30000,0,30000,True,True,2026-07-13,2026-09-13
record:6f23eec3b065682b32982ba8,Deidre Tokiwa,provisional_record_group,Individual,2,"Angelita Morillo: $190.00, 3 records / 3 dates | Tiffany Koyama Lane: $100.00, 1 records / 1 dates",4,4,4,29000,0,29000,True,True,2026-07-26,2026-09-20
record:050732fd05019c9a86b1e966,Susan Pontefract,provisional_record_group,Individual,1,"Eric Zimmerman: $275.00, 2 records / 2 dates",2,2,2,27500,0,27500,True,True,2026-04-09,2026-09-18
record:1755fb9a0dcd41c708fdb13a,Mary Scott,provisional_record_group,Individual,1,"Olivia Clark: $275.00, 2 records / 1 dates",2,1,1,27500,0,27500,True,False,2026-04-29,2026-04-29
record:464f9dfb65b08b60afedf31f,Anne Miller,provisional_record_group,Individual,1,"Jayne Cronlund: $275.00, 2 records / 2 dates",2,2,2,27500,0,27500,True,True,2026-07-17,2026-07-28
record:6849c912b13d1cc7862b7d3e,Elizabeth Withers,provisional_record_group,Individual,3,"Angelita Morillo: $25.00, 1 records / 1 dates | Tiffany Koyama Lane: $25.00, 1 records / 1 dates | Mitch Green: $225.00, 2 records / 2 dates",4,2,4,27500,0,27500,True,True,2025-08-23,2026-04-12
record:6b7f36573f42edc7dc1db45c,Chrys Martin,provisional_record_group,Individual,1,"Eli Arnold: $275.00, 2 records / 2 dates",2,2,2,27500,0,27500,True,True,2026-06-10,2026-09-02
record:e856cac7ba29f4d0b4bb557f,John Pontefract,provisional_record_group,Individual,1,"Eric Zimmerman: $275.00, 2 records / 2 dates",2,2,2,27500,0,27500,True,True,2026-04-09,2026-09-18
record:41f877ae46a5db3cb9d95b93,James Mclaughlin,provisional_record_group,Individual,2,"Eric Zimmerman: $150.00, 4 records / 4 dates | Eli Arnold: $110.00, 5 records / 5 dates",9,6,9,26000,0,26000,True,True,2026-06-10,2026-09-13
record:650c42f956655826a6553911,Dale Lambert,provisional_record_group,Individual,1,"Steve Novick: $255.00, 5 records / 5 dates",5,5,5,25500,0,25500,True,True,2026-08-24,2026-09-24
record:b1447f40d71de4c09cd6d81f,Robert Smith,provisional_record_group,Candidate & Immediate Family,1,"Jeremy Beausoleil Smith: $255.00, 1 records / 1 dates",1,1,1,25500,0,25500,False,False,2026-08-15,2026-08-15
record:01335cfbfdfc1afbb143e0f1,Amy Osterlund,provisional_record_group,Individual,1,"Eric Zimmerman: $250.00, 1 records / 1 dates",1,1,1,25000,0,25000,False,False,2026-04-26,2026-04-26
record:0136d2a488b51fe64a5743ea,Diana Stuart,provisional_record_group,Individual,1,"Eric Zimmerman: $250.00, 1 records / 1 dates",1,1,1,25000,0,25000,False,False,2026-07-23,2026-07-23
record:013fda118259caa40a34b3a8,Dougal Williams,provisional_record_group,Individual,1,"Eli Arnold: $250.00, 1 records / 1 dates",1,1,1,25000,0,25000,False,False,2026-05-09,2026-05-09
record:01fbb70817f7d3eee4a45388,Kellie Torres,provisional_record_group,Candidate & Immediate Family,1,"Kellie Torres: $250.00, 2 records / 2 dates",2,2,2,25000,0,25000,True,True,2026-04-05,2026-06-18
record:026f5d7b8d000686bf790871,Victor Soares,provisional_record_group,Individual,1,"Eli Arnold: $250.00, 1 records / 1 dates",1,1,1,25000,0,25000,False,False,2026-09-18,2026-09-18
record:0372391b20f697c81ef41437,Timothy Kuzma,provisional_record_group,Individual,1,"Eli Arnold: $250.00, 1 records / 1 dates",1,1,1,25000,0,25000,False,False,2026-03-05,2026-03-05
record:07c58e96b231d7aa0b49d18f,Mark Sexton,provisional_record_group,Individual,1,"Eric Zimmerman: $250.00, 1 records / 1 dates",1,1,1,25000,0,25000,False,False,2026-08-11,2026-08-11
record:07d5af0f660568c8c8dd8856,Northwest Oregon Labor Council,provisional_record_group,Labor Organization,1,"Steve Novick: $250.00, 1 records / 1 dates",1,1,1,25000,0,25000,False,False,2025-07-07,2025-07-07
record:07e8d64c5cfdb0c58172cdbe,Mike Litchman,provisional_record_group,Individual,1,"Eli Arnold: $250.00, 2 records / 2 dates",2,2,2,25000,0,25000,True,True,2025-12-11,2026-07-14
record:0eab65c5d88f1f20e8c41f4f,Jeff Smith,provisional_record_group,Individual,1,"Steve Novick: $250.00, 1 records / 1 dates",1,1,1,25000,0,25000,False,False,2026-08-22,2026-08-22
record:1068726503c8950a11490783,James Anderson,provisional_record_group,Individual,1,"Eli Arnold: $250.00, 1 records / 1 dates",1,1,1,25000,0,25000,False,False,2026-01-13,2026-01-13
record:12a131026e88b590eb7cf64d,Caryn Kayton,provisional_record_group,Individual,1,"Jeremy Beausoleil Smith: $250.00, 1 records / 1 dates",1,1,1,25000,0,25000,False,False,2026-06-08,2026-06-08
record:1387d78ea440c522ca2d4997,Norma Dulin,provisional_record_group,Individual,1,"Steve Novick: $250.00, 1 records / 1 dates",1,1,1,25000,0,25000,False,False,2026-07-16,2026-07-16
record:13c159919c7d9b1d65b9880a,Rhianna Smith,provisional_record_group,Individual,2,"Angelita Morillo: $125.00, 5 records / 5 dates | Tiffany Koyama Lane: $125.00, 5 records / 5 dates",10,5,10,25000,0,25000,True,True,2026-05-18,2026-09-18
record:13f9961e483f9e66233164b3,Judith Henderson,provisional_record_group,Individual,1,"Olivia Clark: $250.00, 1 records / 1 dates",1,1,1,25000,0,25000,False,False,2026-02-07,2026-02-07
record:1495340bae4093dcb3f37655,Frank Torresy,provisional_record_group,Individual,1,"Kellie Torres: $250.00, 1 records / 1 dates",1,1,1,25000,0,25000,False,False,2026-09-13,2026-09-13
record:157bdf763d50ed0f8feaba4b,Darin Sands,provisional_record_group,Individual,1,"Kellie Torres: $250.00, 1 records / 1 dates",1,1,1,25000,0,25000,False,False,2026-05-06,2026-05-06
record:1670483ce90ac43a405056c6,Joshua Bar-Lev,provisional_record_group,Individual,1,"Eli Arnold: $250.00, 1 records / 1 dates",1,1,1,25000,0,25000,False,False,2025-11-16,2025-11-16
record:17085dd93877fe467b627dba,Jeff Benerofe,provisional_record_group,Individual,1,"Jayne Cronlund: $250.00, 1 records / 1 dates",1,1,1,25000,0,25000,False,False,2026-09-15,2026-09-15
record:190ec046b8934f670de9ef6b,Susan Souers,provisional_record_group,Individual,1,"Eric Zimmerman: $250.00, 1 records / 1 dates",1,1,1,25000,0,25000,False,False,2026-09-15,2026-09-15
record:196e5034172ba7c06399a0a4,Darion Jones,provisional_record_group,Individual,1,"Kellie Torres: $250.00, 1 records / 1 dates",1,1,1,25000,0,25000,False,False,2026-03-29,2026-03-29
record:1d34a59420bb389d16f5119e,Chris Chase,provisional_record_group,Individual,1,"Eric Zimmerman: $250.00, 1 records / 1 dates",1,1,1,25000,0,25000,False,False,2026-04-14,2026-04-14
record:1d7d5b28d0a0d7415006002d,Jan Miller,provisional_record_group,Individual,1,"Olivia Clark: $250.00, 1 records / 1 dates",1,1,1,25000,0,25000,False,False,2025-10-20,2025-10-20
record:1f5403218771e87a2e88e4ab,Kathleen Weber,provisional_record_group,Individual,1,"Jayne Cronlund: $250.00, 1 records / 1 dates",1,1,1,25000,0,25000,False,False,2026-07-26,2026-07-26
record:208f31d6189c025267cd43b3,Steven Siegel,provisional_record_group,Individual,1,"Olivia Clark: $250.00, 1 records / 1 dates",1,1,1,25000,0,25000,False,False,2026-03-10,2026-03-10
record:20ed2d7940a9562377b6b084,James Anderson,provisional_record_group,Individual,1,"Eli Arnold: $250.00, 1 records / 1 dates",1,1,1,25000,15000,10000,False,False,2026-08-17,2026-08-17
record:2251bfa0867dde2b5987a189,Mort Bishop,provisional_record_group,Individual,1,"Kellie Torres: $250.00, 1 records / 1 dates",1,1,1,25000,0,25000,False,False,2026-08-09,2026-08-09
record:274d3c8efd62f829080f8f60,Duncan Wyse,provisional_record_group,Individual,1,"Eric Zimmerman: $250.00, 1 records / 1 dates",1,1,1,25000,0,25000,False,False,2026-08-24,2026-08-24
record:28c7f0ab292bb126a1c94a03,Rebecca Harmon,provisional_record_group,Individual,1,"Steve Novick: $250.00, 1 records / 1 dates",1,1,1,25000,0,25000,False,False,2026-09-15,2026-09-15
record:2c84524994b71b4d0e5b1890,Craig Wright,provisional_record_group,Individual,1,"Olivia Clark: $250.00, 1 records / 1 dates",1,1,1,25000,0,25000,False,False,2026-08-04,2026-08-04
record:2c943a89c4c4745868549454,David Bergendorf,provisional_record_group,Individual,1,"Tiffany Koyama Lane: $250.00, 1 records / 1 dates",1,1,1,25000,0,25000,False,False,2026-05-18,2026-05-18
record:2f633a48575adf9bdcda1636,Erik Kvarsten,provisional_record_group,Individual,1,"Olivia Clark: $250.00, 1 records / 1 dates",1,1,1,25000,0,25000,False,False,2026-07-13,2026-07-13
record:326bc8529c3875d2062d5d7c,Lester Baskin,provisional_record_group,Individual,1,"Kellie Torres: $250.00, 1 records / 1 dates",1,1,1,25000,0,25000,False,False,2026-08-09,2026-08-09
record:33f838bab2dbfd584adac2cf,Tom Walsh,provisional_record_group,Individual,1,"Steve Novick: $250.00, 1 records / 1 dates",1,1,1,25000,0,25000,False,False,2026-03-19,2026-03-19
record:346ea8d6f7797db22d76c6ce,Kathryn Williams,provisional_record_group,Individual,1,"Eric Zimmerman: $250.00, 1 records / 1 dates",1,1,1,25000,0,25000,False,False,2026-05-07,2026-05-07
record:34da5a2a62cc299fa73f71fd,John Bennett,provisional_record_group,Individual,1,"Steve Novick: $250.00, 1 records / 1 dates",1,1,1,25000,0,25000,False,False,2026-06-17,2026-06-17
record:3564f80e8ac3660c0d8e15b3,Kristen Sheeran,provisional_record_group,Individual,1,"Kellie Torres: $250.00, 1 records / 1 dates",1,1,1,25000,0,25000,False,False,2026-05-31,2026-05-31
record:36fbd7355b8b9f4b9643ad29,Home Faris,provisional_record_group,Individual,1,"Kellie Torres: $250.00, 1 records / 1 dates",1,1,1,25000,0,25000,False,False,2026-06-14,2026-06-14
record:378d2694c19ed3163ae3d0ad,Cathleen Kaufmann,provisional_record_group,Individual,1,"Steve Novick: $250.00, 1 records / 1 dates",1,1,1,25000,0,25000,False,False,2026-04-25,2026-04-25
record:37a3792b48b96a68039dda42,Douglas Walta,provisional_record_group,Individual,1,"Olivia Clark: $250.00, 1 records / 1 dates",1,1,1,25000,15000,10000,False,False,2026-03-20,2026-03-20
record:38e40c5df1cb850f8ea595dd,Nancy Murray,provisional_record_group,Individual,1,"Jayne Cronlund: $250.00, 1 records / 1 dates",1,1,1,25000,0,25000,False,False,2026-09-11,2026-09-11
record:39edc358d81cc63919a2fc9f,Colleen Mendola,provisional_record_group,Individual,1,"Kellie Torres: $250.00, 1 records / 1 dates",1,1,1,25000,0,25000,False,False,2026-03-31,2026-03-31
record:3a42bd48cc05e9bbb2ee4775,Leslie Kay,provisional_record_group,Individual,1,"Steve Novick: $250.00, 2 records / 1 dates",2,1,1,25000,0,25000,True,False,2026-07-23,2026-07-23
record:3b8cd06b9553334d089bdcdd,Michael Mcnulty,provisional_record_group,Individual,1,"Steve Novick: $250.00, 1 records / 1 dates",1,1,1,25000,0,25000,False,False,2026-07-14,2026-07-14
record:3f0cb6962ead08e2ca53d8db,Tom Kelly,provisional_record_group,Individual,1,"Steve Novick: $250.00, 1 records / 1 dates",1,1,1,25000,0,25000,False,False,2026-04-14,2026-04-14
record:4271bbf7a4ed8651d23d9248,NW Oregon Labor Council,provisional_record_group,Labor Organization,1,"Olivia Clark: $250.00, 1 records / 1 dates",1,1,1,25000,0,25000,False,False,2025-07-07,2025-07-07
record:44503af11ba6731a759b7ad5,DIANA STUART,provisional_record_group,Individual,1,"Olivia Clark: $250.00, 1 records / 1 dates",1,1,1,25000,0,25000,False,False,2025-11-15,2025-11-15
record:452ac1b84b8f9c32e7a0482f,Ann Becklund,provisional_record_group,Individual,1,"Olivia Clark: $250.00, 1 records / 1 dates",1,1,1,25000,0,25000,False,False,2026-07-28,2026-07-28
record:469452fb8b8d10ffc16e03ed,Patricia Dost,provisional_record_group,Individual,1,"Steve Novick: $250.00, 1 records / 1 dates",1,1,1,25000,0,25000,False,False,2026-03-25,2026-03-25
record:47bd57a465dc88594f8c4d7e,Robert Bonaparte,provisional_record_group,Individual,1,"Steve Novick: $250.00, 1 records / 1 dates",1,1,1,25000,0,25000,False,False,2026-07-07,2026-07-07
record:47c737138385f00898af2561,Douglas Walta,provisional_record_group,Individual,1,"Olivia Clark: $250.00, 1 records / 1 dates",1,1,1,25000,0,25000,False,False,2026-02-12,2026-02-12
record:48dff4a59fd1031a2993edab,Nancy Becker,provisional_record_group,Individual,2,"Steve Novick: $150.00, 3 records / 3 dates | Olivia Clark: $100.00, 1 records / 1 dates",4,4,4,25000,0,25000,True,True,2026-07-21,2026-09-21
record:495803539ec6e84aec116971,Erica Fuller,provisional_record_group,Individual,1,"Angelita Morillo: $250.00, 1 records / 1 dates",1,1,1,25000,0,25000,False,False,2026-01-18,2026-01-18
record:49bb6a0700cd6f1c623c4cc7,Arthur Bradford,provisional_record_group,Individual,1,"Eli Arnold: $250.00, 1 records / 1 dates",1,1,1,25000,0,25000,False,False,2025-11-16,2025-11-16
record:4bbd28b1b289fde46c35b849,Ashley Henry,provisional_record_group,Individual,1,"Steve Novick: $250.00, 1 records / 1 dates",1,1,1,25000,0,25000,False,False,2026-08-21,2026-08-21
record:4bd9206d9b308d3183e3655c,Andrew Seaman,provisional_record_group,Individual,1,"Steve Novick: $250.00, 1 records / 1 dates",1,1,1,25000,0,25000,False,False,2025-12-22,2025-12-22
record:4cd5a2d083d6a14fa1bdf6ee,Misty Ibsen,provisional_record_group,Individual,1,"Jayne Cronlund: $250.00, 1 records / 1 dates",1,1,1,25000,0,25000,False,False,2026-07-20,2026-07-20
record:4dd16666bcdc896015c93cd3,Jennifer Shasserre,provisional_record_group,Individual,1,"Mitch Green: $250.00, 1 records / 1 dates",1,1,1,25000,0,25000,False,False,2026-07-24,2026-07-24
record:4fc2d1178725f1f9a3d3339c,Marvin Dunn,provisional_record_group,Individual,1,"Olivia Clark: $250.00, 1 records / 1 dates",1,1,1,25000,0,25000,False,False,2026-05-08,2026-05-08
record:4fc5ec8e3e9a6d65f5e15871,Gloria Bennett,provisional_record_group,Individual,1,"Steve Novick: $250.00, 1 records / 1 dates",1,1,1,25000,0,25000,False,False,2026-08-10,2026-08-10
record:523a47e212570614746cf3a0,Timothy Kuzma,provisional_record_group,Individual,1,"Eric Zimmerman: $250.00, 1 records / 1 dates",1,1,1,25000,0,25000,False,False,2026-09-07,2026-09-07
record:5669165d1b59d70cb8fac88b,Jonathan Singer,provisional_record_group,Individual,1,"Kellie Torres: $250.00, 1 records / 1 dates",1,1,1,25000,0,25000,False,False,2026-09-06,2026-09-06
record:57e13323fa86746e6dfcd8b2,Martin Sommer,provisional_record_group,Individual,1,"Eli Arnold: $250.00, 1 records / 1 dates",1,1,1,25000,0,25000,False,False,2026-08-26,2026-08-26
record:58371c2e2cfc0e9479032039,Helena Birecki,provisional_record_group,Individual,1,"Tiffany Koyama Lane: $250.00, 1 records / 1 dates",1,1,1,25000,0,25000,False,False,2026-04-11,2026-04-11
record:5a04e1ce6e7705fce5284c6c,Sandra Comstock,provisional_record_group,Individual,1,"Angelita Morillo: $250.00, 1 records / 1 dates",1,1,1,25000,0,25000,False,False,2025-11-23,2025-11-23
record:5ab61c2e206780a6d07b5de9,Marcus Braun,provisional_record_group,Individual,1,"Eli Arnold: $250.00, 1 records / 1 dates",1,1,1,25000,0,25000,False,False,2026-03-09,2026-03-09
record:5bd49c764ffc222ee6feb1c7,Katherine Goeddel,provisional_record_group,Individual,1,"Olivia Clark: $250.00, 1 records / 1 dates",1,1,1,25000,0,25000,False,False,2025-09-05,2025-09-05
record:5bf33fb6ffb97e7a5fb3dac4,Sam Scheidler,provisional_record_group,Individual,1,"Olivia Clark: $250.00, 1 records / 1 dates",1,1,1,25000,0,25000,False,False,2026-08-01,2026-08-01
record:5c6eb8bed3b968fb93091070,Jason Renaud,provisional_record_group,Individual,1,"Mitch Green: $250.00, 1 records / 1 dates",1,1,1,25000,0,25000,False,False,2026-05-21,2026-05-21
record:5e27be87d621f1d8d588d409,Frank Torresy,provisional_record_group,Individual,1,"Eric Zimmerman: $250.00, 1 records / 1 dates",1,1,1,25000,0,25000,False,False,2026-09-08,2026-09-08
record:5fcfa5ce353a7c4e708509a7,Barbara Francis,provisional_record_group,Individual,1,"Eli Arnold: $250.00, 1 records / 1 dates",1,1,1,25000,0,25000,False,False,2026-07-14,2026-07-14
record:608e84f63c8fc7e5571cd3fc,Kimberly Cunningham,provisional_record_group,Individual,1,"Olivia Clark: $250.00, 1 records / 1 dates",1,1,1,25000,0,25000,False,False,2026-06-10,2026-06-10
record:610462eb5b08c1c873402b9b,Lindsay Stewart,provisional_record_group,Individual,1,"Eric Zimmerman: $250.00, 1 records / 1 dates",1,1,1,25000,0,25000,False,False,2026-09-15,2026-09-15
record:63071f9b8fc21cc2dbc0d9f6,Rion Bourgeois,provisional_record_group,Individual,1,"Steve Novick: $250.00, 1 records / 1 dates",1,1,1,25000,0,25000,False,False,2026-02-05,2026-02-05
record:6385f96386490aaace9e3cc4,Randolph Miller,provisional_record_group,Individual,1,"Steve Novick: $250.00, 1 records / 1 dates",1,1,1,25000,0,25000,False,False,2026-01-15,2026-01-15
record:640d97a2bfd8fc78d08f0df0,Jeffrey Scherer,provisional_record_group,Individual,1,"Eli Arnold: $250.00, 1 records / 1 dates",1,1,1,25000,0,25000,False,False,2026-07-09,2026-07-09
record:64827a5142c26012325d5568,Marc Fenton,provisional_record_group,Individual,1,"Steve Novick: $250.00, 1 records / 1 dates",1,1,1,25000,0,25000,False,False,2026-07-11,2026-07-11
record:6572028c09c2d4ba152207f3,Martin Brantley,provisional_record_group,Individual,1,"Eric Zimmerman: $250.00, 1 records / 1 dates",1,1,1,25000,0,25000,False,False,2026-08-21,2026-08-21
record:67d56ea4525ceb2384de62b0,Chris Reid,provisional_record_group,Individual,1,"Olivia Clark: $250.00, 1 records / 1 dates",1,1,1,25000,0,25000,False,False,2025-11-19,2025-11-19
record:682f830f843b2a8f29a6cb8a,Dan Rowan,provisional_record_group,Individual,1,"Steve Novick: $250.00, 1 records / 1 dates",1,1,1,25000,0,25000,False,False,2026-09-23,2026-09-23
record:694c9278be988502662443f2,Katharina Liedtke-Liss,provisional_record_group,Individual,1,"Kellie Torres: $250.00, 1 records / 1 dates",1,1,1,25000,0,25000,False,False,2026-09-06,2026-09-06
record:6bb9ee7f58a1f01c9480bc5f,Joshua Hinerfeld,provisional_record_group,Individual,1,"Olivia Clark: $250.00, 1 records / 1 dates",1,1,1,25000,0,25000,False,False,2026-03-30,2026-03-30
record:6ec11279b11a875aab7d90de,Michael Powell,provisional_record_group,Individual,1,"Kellie Torres: $250.00, 1 records / 1 dates",1,1,1,25000,0,25000,False,False,2026-09-13,2026-09-13
record:730bc0abf000999e9b192f9a,Emerson Levy,provisional_record_group,Individual,1,"Eric Zimmerman: $250.00, 1 records / 1 dates",1,1,1,25000,0,25000,False,False,2026-09-13,2026-09-13
record:77cd3359f31c92f313b43fb3,Glen Ulmer,provisional_record_group,Individual,1,"Eric Zimmerman: $250.00, 1 records / 1 dates",1,1,1,25000,0,25000,False,False,2026-09-11,2026-09-11
record:78ac5aac4823add2a8c07f42,Bodo Heiliger,provisional_record_group,Individual,1,"Olivia Clark: $250.00, 1 records / 1 dates",1,1,1,25000,0,25000,False,False,2025-11-15,2025-11-15
record:7aa1bd68c28152fab9c189d8,Suzanne Rinehart Bishop,provisional_record_group,Individual,1,"Kellie Torres: $250.00, 1 records / 1 dates",1,1,1,25000,0,25000,False,False,2026-03-31,2026-03-31
record:7d8464b01ecac26d1268f2ea,Adam Davis,provisional_record_group,Individual,1,"Steve Novick: $250.00, 1 records / 1 dates",1,1,1,25000,0,25000,False,False,2026-09-07,2026-09-07
record:7eac574868fcf8db5084b0d3,Luke Marshall,provisional_record_group,Individual,1,"Eric Zimmerman: $250.00, 1 records / 1 dates",1,1,1,25000,0,25000,False,False,2026-09-24,2026-09-24
record:824f346f75d6f93310687e08,Ken Nitta,provisional_record_group,Individual,1,"Tiffany Koyama Lane: $250.00, 1 records / 1 dates",1,1,1,25000,0,25000,False,False,2025-11-17,2025-11-17
record:8268458199f229d22bd2b96a,Peter Bishop,provisional_record_group,Individual,1,"Eric Zimmerman: $250.00, 1 records / 1 dates",1,1,1,25000,0,25000,False,False,2026-09-22,2026-09-22
record:863b48d45d25b8d1da34cf10,Todd Bradley,provisional_record_group,Individual,1,"Steve Novick: $250.00, 1 records / 1 dates",1,1,1,25000,0,25000,False,False,2026-06-27,2026-06-27
record:87be0b13925b4c348343274e,David Knowles,provisional_record_group,Individual,1,"Steve Novick: $250.00, 1 records / 1 dates",1,1,1,25000,0,25000,False,False,2026-07-23,2026-07-23
record:89499f6cc3ed5b8f075602d3,Geoffrey Stuckart,provisional_record_group,Individual,1,"Steve Novick: $250.00, 1 records / 1 dates",1,1,1,25000,0,25000,False,False,2026-08-10,2026-08-10
record:8a96450dddfd3d018986901b,Douglas de Weese,provisional_record_group,Individual,1,"Kellie Torres: $250.00, 1 records / 1 dates",1,1,1,25000,0,25000,False,False,2026-09-06,2026-09-06
record:8a9fe3745f1aeccb28f54e3a,Emily Ivers,provisional_record_group,Individual,1,"Mitch Green: $250.00, 1 records / 1 dates",1,1,1,25000,0,25000,False,False,2026-09-22,2026-09-22
record:8cee3b0a0f00283a8005c384,Mark Sexton,provisional_record_group,Individual,1,"Mitch Green: $250.00, 1 records / 1 dates",1,1,1,25000,0,25000,False,False,2026-04-05,2026-04-05
record:8e87e71656cb43b7b996da77,Edy Dorsen,provisional_record_group,Individual,1,"Kellie Torres: $250.00, 1 records / 1 dates",1,1,1,25000,0,25000,False,False,2026-08-09,2026-08-09
record:8eee19f31c169fc5d6dc85a4,Randolph Foster,provisional_record_group,Individual,1,"Eli Arnold: $250.00, 1 records / 1 dates",1,1,1,25000,0,25000,False,False,2026-09-21,2026-09-21
record:8fef500ace0c2c4dc89c3409,Ruth Brown,provisional_record_group,Individual,1,"Kellie Torres: $250.00, 1 records / 1 dates",1,1,1,25000,0,25000,False,False,2026-05-06,2026-05-06
record:900ef34e20b7b1bb2455b26d,Sean Ostler,provisional_record_group,Individual,1,"Eli Arnold: $250.00, 1 records / 1 dates",1,1,1,25000,0,25000,False,False,2026-01-08,2026-01-08
record:916336b17a8d8dd87f088468,Thomas Chamberlain,provisional_record_group,Individual,1,"Steve Novick: $250.00, 1 records / 1 dates",1,1,1,25000,0,25000,False,False,2026-04-24,2026-04-24
record:95291f4a1e94fd4e7c15b8b2,Paul Milne,provisional_record_group,Individual,1,"Kellie Torres: $250.00, 1 records / 1 dates",1,1,1,25000,0,25000,False,False,2026-07-12,2026-07-12
record:96219a21778fbb0dd7cb41ea,Pete Sandrock,provisional_record_group,Individual,1,"Olivia Clark: $250.00, 1 records / 1 dates",1,1,1,25000,0,25000,False,False,2026-06-09,2026-06-09
record:9711828eac70bd13054a2a68,Donald Powell,provisional_record_group,Individual,1,"Eric Zimmerman: $250.00, 1 records / 1 dates",1,1,1,25000,15000,10000,False,False,2026-08-25,2026-08-25
record:97a9c3b7a7eacf314f718016,Ben Furr,provisional_record_group,Individual,1,"Olivia Clark: $250.00, 1 records / 1 dates",1,1,1,25000,0,25000,False,False,2025-12-15,2025-12-15
record:985cf758411723f9629b2a6d,Samantha Woehl,provisional_record_group,Individual,1,"Esther León: $250.00, 1 records / 1 dates",1,1,1,25000,0,25000,False,False,2026-04-12,2026-04-12
record:98d4fe712a0742f74f8ec46a,Homer Williams,provisional_record_group,Individual,1,"Kellie Torres: $250.00, 1 records / 1 dates",1,1,1,25000,0,25000,False,False,2026-07-21,2026-07-21
record:98e1b56c7a4709d3ffe80923,Lisa Johnson,provisional_record_group,Individual,1,"Kellie Torres: $250.00, 1 records / 1 dates",1,1,1,25000,0,25000,False,False,2026-04-14,2026-04-14
record:9befdd905dd602cac95f2443,Joe Squires,provisional_record_group,Individual,1,"Kellie Torres: $250.00, 1 records / 1 dates",1,1,1,25000,0,25000,False,False,2026-04-12,2026-04-12
record:9d61bfa618ba0998fae2048a,Jonathan Bennett,provisional_record_group,Individual,1,"Steve Novick: $250.00, 1 records / 1 dates",1,1,1,25000,0,25000,False,False,2026-06-08,2026-06-08
record:a0867024eef4c012b44d4d87,Brett Wilcox,provisional_record_group,Individual,1,"Steve Novick: $250.00, 1 records / 1 dates",1,1,1,25000,0,25000,False,False,2026-06-19,2026-06-19
record:a2b0961057ab633c80c5d61a,Catherine Sweeney,provisional_record_group,Individual,1,"Olivia Clark: $250.00, 1 records / 1 dates",1,1,1,25000,0,25000,False,False,2025-11-23,2025-11-23
record:a5c353ec8e2294049b017e6a,Charles Colt,provisional_record_group,Individual,1,"Eli Arnold: $250.00, 1 records / 1 dates",1,1,1,25000,0,25000,False,False,2026-03-29,2026-03-29
record:a6c3459fdefb244dc48c1e95,Julie Miner,provisional_record_group,Individual,1,"Tiffany Koyama Lane: $250.00, 1 records / 1 dates",1,1,1,25000,0,25000,False,False,2026-04-28,2026-04-28
record:a778fd5b36c201d45b91dafa,Gary Piercy,provisional_record_group,Individual,1,"Olivia Clark: $250.00, 1 records / 1 dates",1,1,1,25000,0,25000,False,False,2026-03-18,2026-03-18
record:a9a9dc0ead4b6613b8a106ab,Hilary Abraham,provisional_record_group,Individual,1,"Jayne Cronlund: $250.00, 1 records / 1 dates",1,1,1,25000,0,25000,False,False,2026-09-18,2026-09-18
record:aaf5763c9e6db443432922f5,Amy Sacks,provisional_record_group,Individual,1,"Olivia Clark: $250.00, 1 records / 1 dates",1,1,1,25000,0,25000,False,False,2025-09-14,2025-09-14
record:ab1dd3cf03fd05b00d5fe767,Diana Harris,provisional_record_group,Individual,1,"Olivia Clark: $250.00, 1 records / 1 dates",1,1,1,25000,0,25000,False,False,2026-03-18,2026-03-18
record:ab38952185cafb3766055cc7,Julia Brim-Edwards,provisional_record_group,Individual,1,"Steve Novick: $250.00, 1 records / 1 dates",1,1,1,25000,0,25000,False,False,2026-08-17,2026-08-17
record:ac52b288d82546e135182cb6,Robin Karr-Morse,provisional_record_group,Individual,1,"Mitch Green: $250.00, 2 records / 2 dates",2,2,2,25000,0,25000,True,True,2026-07-24,2026-08-27
record:ac850e67bf27e224d700101f,Jason Renaud,provisional_record_group,Individual,1,"Steve Novick: $250.00, 1 records / 1 dates",1,1,1,25000,0,25000,False,False,2025-12-10,2025-12-10
record:acd0133421ab0333e478d297,Jonathan Ling,provisional_record_group,Individual,1,"Esther León: $250.00, 1 records / 1 dates",1,1,1,25000,0,25000,False,False,2026-05-11,2026-05-11
record:ae2e892c1712aa4aead8cf7b,Duncan Wyse,provisional_record_group,Individual,1,"Steve Novick: $250.00, 1 records / 1 dates",1,1,1,25000,0,25000,False,False,2026-06-12,2026-06-12
record:ae657c41a93cfbe27c168e26,Julia Brim-Edwards,provisional_record_group,Individual,1,"Kellie Torres: $250.00, 1 records / 1 dates",1,1,1,25000,0,25000,False,False,2026-03-31,2026-03-31
record:aee63e21a66e39f5f7c6f4a1,John Russell,provisional_record_group,Individual,1,"Eli Arnold: $250.00, 1 records / 1 dates",1,1,1,25000,0,25000,False,False,2026-02-02,2026-02-02
record:b0fb65d31b6742d2d132f326,Diana E Goldschmidt,provisional_record_group,Individual,1,"Jeremy Beausoleil Smith: $250.00, 1 records / 1 dates",1,1,1,25000,0,25000,False,False,2026-07-31,2026-07-31
record:b1ba3b9b173290596deb4750,Kevin Shanley,provisional_record_group,Individual,1,"Olivia Clark: $250.00, 1 records / 1 dates",1,1,1,25000,0,25000,False,False,2026-06-28,2026-06-28
record:b1e48c526708852f74442d10,Ryan Sotomayor,provisional_record_group,Individual,3,"Angelita Morillo: $50.00, 1 records / 1 dates | Tiffany Koyama Lane: $100.00, 2 records / 2 dates | Mitch Green: $100.00, 2 records / 2 dates",5,4,5,25000,0,25000,True,True,2026-07-24,2026-08-30
record:b2dec29cc8ee148df797c810,Eric Lindauer,provisional_record_group,Individual,1,"Steve Novick: $250.00, 1 records / 1 dates",1,1,1,25000,0,25000,False,False,2026-07-31,2026-07-31
record:b32754af541bf090248b9037,Talia Gad,provisional_record_group,Individual,1,"Eric Zimmerman: $250.00, 1 records / 1 dates",1,1,1,25000,0,25000,False,False,2026-09-16,2026-09-16
record:b38d2d88807922e4210a0cce,Lisa Tran,provisional_record_group,Individual,1,"Tom Sollitt: $250.00, 1 records / 1 dates",1,1,1,25000,0,25000,False,False,2026-07-20,2026-07-20
record:b4af7d6e69926dd1ead8c071,Kate Willie,provisional_record_group,Individual,1,"Kellie Torres: $250.00, 1 records / 1 dates",1,1,1,25000,0,25000,False,False,2026-03-29,2026-03-29
record:b9a794e05bbcc9a3149f7999,Lynn Parks,provisional_record_group,Individual,1,"Tiffany Koyama Lane: $250.00, 2 records / 2 dates",2,2,2,25000,0,25000,True,True,2026-04-28,2026-09-10
record:ba6f9cf6709e66dc30b5f7d7,Katherine Hawkins,provisional_record_group,Individual,1,"Kellie Torres: $250.00, 1 records / 1 dates",1,1,1,25000,0,25000,False,False,2026-03-31,2026-03-31
record:ba785c312de9c47c81d7e650,Judith Deleo,provisional_record_group,Individual,1,"Eli Arnold: $250.00, 1 records / 1 dates",1,1,1,25000,0,25000,False,False,2026-05-31,2026-05-31
record:bc13c75f3c3c634e153970cd,Tiffany Casey,provisional_record_group,Individual,1,"Kellie Torres: $250.00, 1 records / 1 dates",1,1,1,25000,0,25000,False,False,2026-03-31,2026-03-31
record:bdbec83c2c1e7877fbeb6451,Chloe Johnson,provisional_record_group,Individual,1,"Kellie Torres: $250.00, 1 records / 1 dates",1,1,1,25000,0,25000,False,False,2026-08-23,2026-08-23
record:be89415ca26b67f4eea81903,Janet Williamson,provisional_record_group,Individual,1,"Olivia Clark: $250.00, 1 records / 1 dates",1,1,1,25000,0,25000,False,False,2025-11-05,2025-11-05
record:c1d1d33d5582cb0b260db268,Brian Alfrey,provisional_record_group,Individual,1,"Kellie Torres: $250.00, 1 records / 1 dates",1,1,1,25000,0,25000,False,False,2026-03-29,2026-03-29
record:c1daf3610ab595af6d94a7b1,Doug McLeod,provisional_record_group,Individual,1,"Eli Arnold: $250.00, 1 records / 1 dates",1,1,1,25000,0,25000,False,False,2026-01-23,2026-01-23
record:c403ada34aed62330f34e046,Wesley Smith,provisional_record_group,Candidate & Immediate Family,1,"Jeremy Beausoleil Smith: $250.00, 1 records / 1 dates",1,1,1,25000,0,25000,False,False,2026-08-15,2026-08-15
record:c6f4763ed2f1ca9a948e05b9,Donald Powell,provisional_record_group,Individual,1,"Eric Zimmerman: $250.00, 1 records / 1 dates",1,1,1,25000,0,25000,False,False,2026-03-26,2026-03-26
record:ca6e9d6443038329319b5e64,Macgregor Hall,provisional_record_group,Individual,1,"Steve Novick: $250.00, 1 records / 1 dates",1,1,1,25000,0,25000,False,False,2026-06-04,2026-06-04
record:ca7cf760543e9e7309e3fc0f,Ben Davis,provisional_record_group,Individual,1,"Matthias Hallett: $250.00, 1 records / 1 dates",1,1,1,25000,0,25000,False,False,2026-07-28,2026-07-28
record:cc9eb19c9ff5185110e217c0,Richard Louis Brown,provisional_record_group,Individual,1,"Jayne Cronlund: $250.00, 1 records / 1 dates",1,1,1,25000,0,25000,False,False,2026-08-09,2026-08-09
record:d01c05ad30163dd1d476fee4,Bryan Stecker,provisional_record_group,Individual,1,"Jeremy Beausoleil Smith: $250.00, 1 records / 1 dates",1,1,1,25000,0,25000,False,False,2026-06-17,2026-06-17
record:d12ddc874cf5040b04070bd4,Randall Edwards,provisional_record_group,Individual,1,"Steve Novick: $250.00, 1 records / 1 dates",1,1,1,25000,0,25000,False,False,2026-09-23,2026-09-23
record:d60038485bf814a202af3327,Keaton Ray,provisional_record_group,Individual,1,"Esther León: $250.00, 1 records / 1 dates",1,1,1,25000,0,25000,False,False,2026-06-23,2026-06-23
record:d753d62597d95478595ddeb8,Jim Lottsfeldt,provisional_record_group,Individual,1,"Eli Arnold: $250.00, 1 records / 1 dates",1,1,1,25000,0,25000,False,False,2026-09-14,2026-09-14
record:d780c09db737bbc8deef8a8b,Patricia Frobes,provisional_record_group,Individual,1,"Kellie Torres: $250.00, 1 records / 1 dates",1,1,1,25000,0,25000,False,False,2026-06-26,2026-06-26
record:d98998fb6f0b4f97bddd0d82,Mark Kaltenbach,provisional_record_group,Individual,1,"Steve Novick: $250.00, 1 records / 1 dates",1,1,1,25000,0,25000,False,False,2026-08-04,2026-08-04
record:da209d7c12901255e2dd0713,Elinor Gollay,provisional_record_group,Individual,1,"Steve Novick: $250.00, 1 records / 1 dates",1,1,1,25000,0,25000,False,False,2026-08-14,2026-08-14
record:dbb3f2aabebf5d06483e303c,Gerard Drummond,provisional_record_group,Individual,1,"Eli Arnold: $250.00, 1 records / 1 dates",1,1,1,25000,0,25000,False,False,2026-03-31,2026-03-31
record:e0b726b1c1f3b74a6bde3ad3,Mike Thelin,provisional_record_group,Individual,1,"Kellie Torres: $250.00, 1 records / 1 dates",1,1,1,25000,0,25000,False,False,2026-08-16,2026-08-16
record:e3af1ef138b9a57763fea98e,Skylar Cruz,provisional_record_group,Individual,1,"Angelita Morillo: $250.00, 1 records / 1 dates",1,1,1,25000,0,25000,False,False,2026-06-25,2026-06-25
record:e509428da56a1eff16c5b3d7,Randolph Miller,provisional_record_group,Individual,1,"Olivia Clark: $250.00, 1 records / 1 dates",1,1,1,25000,0,25000,False,False,2025-12-09,2025-12-09
record:e57cd73e39cae3dd78932b71,Patricia Zimmerman,provisional_record_group,Individual,1,"Kellie Torres: $250.00, 1 records / 1 dates",1,1,1,25000,0,25000,False,False,2026-05-27,2026-05-27
record:e5d4549690a74c055d06a256,Bob Lefeber,provisional_record_group,Individual,1,"Kellie Torres: $250.00, 1 records / 1 dates",1,1,1,25000,0,25000,False,False,2026-08-16,2026-08-16
record:e62d2643b68138b501a87192,Richard Perkins,provisional_record_group,Individual,1,"Eli Arnold: $250.00, 1 records / 1 dates",1,1,1,25000,0,25000,False,False,2026-07-13,2026-07-13
record:e69bb6fd699c237a67b4ed5e,Michael Riscica,provisional_record_group,Individual,1,"Kellie Torres: $250.00, 1 records / 1 dates",1,1,1,25000,0,25000,False,False,2026-03-31,2026-03-31
record:e7c7c55e3cdb6846f7686383,Thomas Ranieri,provisional_record_group,Individual,1,"Eric Zimmerman: $250.00, 1 records / 1 dates",1,1,1,25000,0,25000,False,False,2026-08-31,2026-08-31
record:eaf7833369eeb323157cb36c,Daniel Lavey,provisional_record_group,Individual,1,"Eric Zimmerman: $250.00, 1 records / 1 dates",1,1,1,25000,0,25000,False,False,2026-04-14,2026-04-14
record:eb74735afeebc07280014915,Lance Killian,provisional_record_group,Individual,1,"Eli Arnold: $250.00, 1 records / 1 dates",1,1,1,25000,0,25000,False,False,2025-12-10,2025-12-10
record:eb7890b7d2cec418fd15d6c6,Sally Mize,provisional_record_group,Individual,1,"Eli Arnold: $250.00, 1 records / 1 dates",1,1,1,25000,0,25000,False,False,2025-12-01,2025-12-01
record:eba17c3c3279939dc848f14e,Charles Robinowitz,provisional_record_group,Individual,1,"Steve Novick: $250.00, 1 records / 1 dates",1,1,1,25000,0,25000,False,False,2026-08-20,2026-08-20
record:ebf551031e1f4d6f2f5a6ab0,Tai Faux,provisional_record_group,Individual,1,"Jeremy Beausoleil Smith: $250.00, 1 records / 1 dates",1,1,1,25000,0,25000,False,False,2025-11-26,2025-11-26
record:ed9cba306079b47f940b60f3,Daniel Rodriguez,provisional_record_group,Individual,1,"Eli Arnold: $250.00, 3 records / 3 dates",3,3,3,25000,0,25000,True,True,2026-04-06,2026-09-21
record:f1746c7c6615d165251890ef,Anne-Marie Oliver,provisional_record_group,Individual,1,"Cristal Otero: $250.00, 1 records / 1 dates",1,1,1,25000,0,25000,False,False,2026-08-29,2026-08-29
record:f306c6f71a7363b5e2bff948,Crystal Lamb,provisional_record_group,Individual,1,"Eric Zimmerman: $250.00, 1 records / 1 dates",1,1,1,25000,0,25000,False,False,2026-09-08,2026-09-08
record:f34938f6551d6e8058b7ade2,Howard Goldstein,provisional_record_group,Individual,1,"Olivia Clark: $250.00, 1 records / 1 dates",1,1,1,25000,0,25000,False,False,2025-09-15,2025-09-15
record:f3a70d8dca9e6e04be051dae,Jason Renaud,provisional_record_group,Individual,1,"Angelita Morillo: $250.00, 1 records / 1 dates",1,1,1,25000,0,25000,False,False,2026-04-14,2026-04-14
record:f73c86b7a0d71398b7b3ec45,Judith Shaver,provisional_record_group,Individual,1,"Eric Zimmerman: $250.00, 1 records / 1 dates",1,1,1,25000,0,25000,False,False,2026-05-11,2026-05-11
record:f8f6107a0292e9362ec1dbe2,Andrew Hoan,provisional_record_group,Individual,1,"Kellie Torres: $250.00, 1 records / 1 dates",1,1,1,25000,0,25000,False,False,2026-05-12,2026-05-12
record:fac20cf3b6868904c60de817,Paul Gunderson,provisional_record_group,Individual,1,"Steve Novick: $250.00, 1 records / 1 dates",1,1,1,25000,0,25000,False,False,2026-08-26,2026-08-26
record:fb24de4b24192b74962282aa,Daniel Hayes,provisional_record_group,Individual,1,"Eric Zimmerman: $250.00, 1 records / 1 dates",1,1,1,25000,0,25000,False,False,2026-06-09,2026-06-09
record:fb4673cf0de513be79c3ed8b,Sally Doerfler,provisional_record_group,Individual,1,"Eli Arnold: $250.00, 1 records / 1 dates",1,1,1,25000,0,25000,False,False,2026-09-02,2026-09-02
record:fbbfeab62e69db9138c68f5f,Scott Pedersen,provisional_record_group,Individual,1,"Mitch Green: $250.00, 1 records / 1 dates",1,1,1,25000,0,25000,False,False,2026-01-12,2026-01-12
record:fdebc5aa256420783fe47685,Kristin Ohlson,provisional_record_group,Individual,1,"Steve Novick: $250.00, 2 records / 2 dates",2,2,2,25000,0,25000,True,True,2026-08-12,2026-08-20
record:fe9da70a39a89ca2cafebd45,Jeff Bennett,provisional_record_group,Individual,1,"Tiffany Koyama Lane: $250.00, 1 records / 1 dates",1,1,1,25000,0,25000,False,False,2025-12-30,2025-12-30
record:ff0559973d1beef0214b61e6,Michael Hanna,provisional_record_group,Individual,1,"Kellie Torres: $250.00, 1 records / 1 dates",1,1,1,25000,0,25000,False,False,2026-08-23,2026-08-23
record:83ea2b04530ef6ed23b67e87,Annie Naranjo Rivera,provisional_record_group,Individual,1,"Tiffany Koyama Lane: $249.00, 1 records / 1 dates",1,1,1,24900,0,24900,False,False,2026-08-18,2026-08-18
record:a1cd314430efba0bdd3d166e,Matthew Santy,provisional_record_group,Individual,1,"Eli Arnold: $240.00, 1 records / 1 dates",1,1,1,24000,0,24000,False,False,2026-07-27,2026-07-27
record:126e3b8e3660cbd3dfe9d2f2,Leigh Shelton,provisional_record_group,Individual,1,"Mitch Green: $225.00, 2 records / 2 dates",2,2,2,22500,0,22500,True,True,2026-07-24,2026-09-16
record:67b3f8a7e6a0b8cf617342fb,Bob Weinstein,provisional_record_group,Individual,2,"Eric Zimmerman: $150.00, 2 records / 2 dates | Eli Arnold: $75.00, 1 records / 1 dates",3,3,3,22500,0,22500,True,True,2026-07-29,2026-09-10
record:decad16c8e90554738c8fbf0,Erik Aanestad,provisional_record_group,Individual,1,"Esther León: $225.00, 1 records / 1 dates",1,1,1,22500,0,22500,False,False,2026-08-24,2026-08-24
record:88ea3318b304cc8a5e72f147,Steven Lien,provisional_record_group,Individual,1,"Eric Zimmerman: $202.00, 2 records / 2 dates",2,2,2,20200,0,20200,True,True,2026-05-11,2026-09-23
record:05ab903f66c172c2a279444d,Ann Chiu,provisional_record_group,Individual,1,"Tiffany Koyama Lane: $200.00, 1 records / 1 dates",1,1,1,20000,0,20000,False,False,2026-08-25,2026-08-25
record:0750541f9065b9ccc3e0ae35,Mary Paganelli,provisional_record_group,Individual,1,"Eli Arnold: $200.00, 1 records / 1 dates",1,1,1,20000,0,20000,False,False,2026-08-01,2026-08-01
record:0d1e1e6e8b2ac417e8fb3627,Tyler Frisbee,provisional_record_group,Individual,1,"Steve Novick: $200.00, 1 records / 1 dates",1,1,1,20000,0,20000,False,False,2026-06-09,2026-06-09
record:0d5db4f8c4e0f000c45cc9c0,Jennifer Krauel,provisional_record_group,Individual,1,"Angelita Morillo: $200.00, 1 records / 1 dates",1,1,1,20000,0,20000,False,False,2025-12-21,2025-12-21
record:12ab313295a0762f9d510736,Christine Vernier,provisional_record_group,Individual,1,"Steve Novick: $200.00, 1 records / 1 dates",1,1,1,20000,0,20000,False,False,2026-02-08,2026-02-08
record:1328063c2709d98d5228e795,Donald Merkt,provisional_record_group,Individual,1,"Kellie Torres: $200.00, 1 records / 1 dates",1,1,1,20000,0,20000,False,False,2026-09-06,2026-09-06
record:2082fd2bc72cb6d9df57e109,Ryan Sepassi,provisional_record_group,Individual,1,"Angelita Morillo: $200.00, 1 records / 1 dates",1,1,1,20000,0,20000,False,False,2026-02-22,2026-02-22
record:272b1bfdf04acf8dea762b22,Megan Baird,provisional_record_group,Individual,1,"Mitch Green: $200.00, 1 records / 1 dates",1,1,1,20000,0,20000,False,False,2026-09-16,2026-09-16
record:2cd5b3b3fce328682edbee89,Michael Greenfield,provisional_record_group,Individual,1,"Olivia Clark: $200.00, 1 records / 1 dates",1,1,1,20000,0,20000,False,False,2026-06-28,2026-06-28
record:32f370104e35c1a41f4b1140,Philip Kalberer,provisional_record_group,Individual,1,"Steve Novick: $200.00, 1 records / 1 dates",1,1,1,20000,0,20000,False,False,2026-07-12,2026-07-12
record:331b47240a9967f0258c8d4e,Jordan Lewis,provisional_record_group,Individual,1,"Angelita Morillo: $200.00, 1 records / 1 dates",1,1,1,20000,0,20000,False,False,2026-01-11,2026-01-11
record:340a69cd3ea0812402a3a81e,Angus Duncan,provisional_record_group,Individual,1,"Steve Novick: $200.00, 1 records / 1 dates",1,1,1,20000,0,20000,False,False,2026-06-10,2026-06-10
record:374e8863aa30053c1fd694ab,Steven Goldberg,provisional_record_group,Individual,1,"Tiffany Koyama Lane: $200.00, 1 records / 1 dates",1,1,1,20000,0,20000,False,False,2026-06-16,2026-06-16
record:3b32e9a166c0f1166abaff00,Sally Long,provisional_record_group,Individual,1,"Eli Arnold: $200.00, 2 records / 2 dates",2,2,2,20000,0,20000,True,True,2026-07-09,2026-09-02
record:3b6761b2cf03b4f823b23639,Daniel Hayes,provisional_record_group,Individual,1,"Eli Arnold: $200.00, 1 records / 1 dates",1,1,1,20000,0,20000,False,False,2026-07-20,2026-07-20
record:3fb48c308653c99fbe7c8c5a,Margery Harris,provisional_record_group,Individual,1,"Olivia Clark: $200.00, 1 records / 1 dates",1,1,1,20000,0,20000,False,False,2026-08-16,2026-08-16
record:4872419079ed6da79cee2767,Cheryl Lawrence,provisional_record_group,Individual,1,"Jayne Cronlund: $200.00, 1 records / 1 dates",1,1,1,20000,0,20000,False,False,2026-09-10,2026-09-10
record:4d292cbabe532cf4bb7b5c44,Daniel Houf,provisional_record_group,Individual,1,"Matthias Hallett: $200.00, 1 records / 1 dates",1,1,1,20000,0,20000,False,False,2026-08-07,2026-08-07
record:58ca07518a3883379fb1d15e,Zachary Duffly,provisional_record_group,Individual,1,"Mitch Green: $200.00, 1 records / 1 dates",1,1,1,20000,0,20000,False,False,2026-09-16,2026-09-16
record:5f1ecfc3df8eb4a8f40fd64e,Jean Butcher,provisional_record_group,Individual,1,"Steve Novick: $200.00, 1 records / 1 dates",1,1,1,20000,0,20000,False,False,2026-09-22,2026-09-22
record:63bf87f5c5953796636d6903,Nathan Junkert,provisional_record_group,Individual,1,"Angelita Morillo: $200.00, 1 records / 1 dates",1,1,1,20000,0,20000,False,False,2026-03-29,2026-03-29
record:658e34bbacc99eb940e45e9e,Donald Powell,provisional_record_group,Individual,1,"Steve Novick: $200.00, 2 records / 2 dates",2,2,2,20000,0,20000,True,True,2026-08-13,2026-09-15
record:7496154ff70b69d9b9a644bc,Sean Rice,provisional_record_group,Individual,1,"Mitch Green: $200.00, 1 records / 1 dates",1,1,1,20000,0,20000,False,False,2026-09-17,2026-09-17
record:74dbc3df16cff520aa97a8d0,Hannah Camfield-Bronstein,provisional_record_group,Individual,1,"Angelita Morillo: $200.00, 1 records / 1 dates",1,1,1,20000,0,20000,False,False,2026-06-25,2026-06-25
record:752615aae16fb1a08b0aab67,Wade Hilts,provisional_record_group,Individual,1,"Mitch Green: $200.00, 1 records / 1 dates",1,1,1,20000,0,20000,False,False,2026-03-08,2026-03-08
record:78c1d94789fa63de41df9b54,Chris Dearth,provisional_record_group,Individual,1,"Steve Novick: $200.00, 2 records / 2 dates",2,2,2,20000,0,20000,True,True,2026-04-14,2026-08-02
record:803959035598fc5b1f4edf6c,Barbara Ford,provisional_record_group,Individual,1,"Mitch Green: $200.00, 1 records / 1 dates",1,1,1,20000,0,20000,False,False,2026-04-07,2026-04-07
record:8239f03ac8ff15eca36e2883,Jessie Maran,provisional_record_group,Individual,1,"Tom Sollitt: $200.00, 1 records / 1 dates",1,1,1,20000,0,20000,False,False,2026-07-15,2026-07-15
record:82d6d0948d1b662e851189cc,Yuuki Sakai,provisional_record_group,Individual,1,"Tiffany Koyama Lane: $200.00, 4 records / 4 dates",4,4,4,20000,0,20000,True,True,2026-05-30,2026-08-30
record:962f8bf29d4f03cd1b40a043,David Cheezem,provisional_record_group,Individual,1,"Jamey Evenstar: $200.00, 1 records / 1 dates",1,1,1,20000,0,20000,False,False,2026-05-21,2026-05-21
record:9c4127453727527246aaf0ed,Andrea Pastor,provisional_record_group,Individual,1,"Jamey Evenstar: $200.00, 1 records / 1 dates",1,1,1,20000,0,20000,False,False,2026-07-05,2026-07-05
record:a45aeb154ab7a18f9fe17bba,David Vernier,provisional_record_group,Individual,1,"Steve Novick: $200.00, 1 records / 1 dates",1,1,1,20000,0,20000,False,False,2026-08-27,2026-08-27
record:a6331e6add4c6f8f50895d8a,James Barta,provisional_record_group,Individual,1,"Steve Novick: $200.00, 1 records / 1 dates",1,1,1,20000,0,20000,False,False,2026-07-16,2026-07-16
record:a7034142e6fd016b4e45b69d,Katherine McLellan,provisional_record_group,Individual,1,"Joel Corcoran: $200.00, 1 records / 1 dates",1,1,1,20000,0,20000,False,False,2026-05-05,2026-05-05
record:a7c30cba0fb098ad205ecfc8,RICHARD MARCH,provisional_record_group,Individual,1,"Tiffany Koyama Lane: $200.00, 1 records / 1 dates",1,1,1,20000,0,20000,False,False,2026-08-15,2026-08-15
record:aa88f4f46dd5b03eee21591f,Celia Heron,provisional_record_group,Individual,1,"Olivia Clark: $200.00, 1 records / 1 dates",1,1,1,20000,0,20000,False,False,2026-01-10,2026-01-10
record:aaa7338fe5767a60bc094f1e,Travis Baskerville,provisional_record_group,Individual,1,"Tom Sollitt: $200.00, 1 records / 1 dates",1,1,1,20000,0,20000,False,False,2026-07-29,2026-07-29
record:ad80ba83e0976b1823a38200,Jeffrey Weitzel,provisional_record_group,Individual,1,"Mitch Green: $200.00, 1 records / 1 dates",1,1,1,20000,0,20000,False,False,2026-07-25,2026-07-25
record:ae9e6a4a30a8d706e5f62f67,Diana Bianco,provisional_record_group,Individual,1,"Steve Novick: $200.00, 1 records / 1 dates",1,1,1,20000,0,20000,False,False,2026-02-09,2026-02-09
record:aeed4217f652dc9fb71b93f6,Robert Bonaparte,provisional_record_group,Individual,1,"Steve Novick: $200.00, 1 records / 1 dates",1,1,1,20000,10000,10000,False,False,2026-09-22,2026-09-22
record:b01a8ae58f9767168118d176,Domonic Biggi,provisional_record_group,Individual,1,"Eli Arnold: $200.00, 2 records / 2 dates",2,2,2,20000,0,20000,True,True,2026-09-03,2026-09-14
record:b4e11017676575f260ebeb2a,Patrick Aitchison,provisional_record_group,Individual,1,"Steve Novick: $200.00, 1 records / 1 dates",1,1,1,20000,0,20000,False,False,2026-07-13,2026-07-13
record:b6ee1fb9cff28e00c243203b,Matthew Cleinman,provisional_record_group,Individual,1,"Mitch Green: $200.00, 1 records / 1 dates",1,1,1,20000,0,20000,False,False,2025-08-22,2025-08-22
record:bb852b7df8f9b04527603b08,John Taylor,provisional_record_group,Individual,1,"Eric Zimmerman: $200.00, 1 records / 1 dates",1,1,1,20000,0,20000,False,False,2026-09-18,2026-09-18
record:c0579dae1f3c74b5debb9b2e,Barbara Ford,provisional_record_group,Individual,1,"Mitch Green: $200.00, 1 records / 1 dates",1,1,1,20000,7500,12500,False,False,2026-07-26,2026-07-26
record:c37757f8ef4228fe56336689,Kyle Curtis,provisional_record_group,Individual,1,"Tiffany Koyama Lane: $200.00, 1 records / 1 dates",1,1,1,20000,0,20000,False,False,2026-01-15,2026-01-15
record:c431d1b8db17bcbd50cc8905,John Gillette,provisional_record_group,Individual,1,"Eli Arnold: $200.00, 2 records / 2 dates",2,2,2,20000,0,20000,True,True,2026-05-28,2026-05-29
record:c7d46c38c3d4a2c9d8a1ae45,Bruce Jaynes,provisional_record_group,Individual,1,"Eric Zimmerman: $200.00, 1 records / 1 dates",1,1,1,20000,0,20000,False,False,2026-08-24,2026-08-24
record:cb91bdff2bd9c7317f4e7c1a,Glenn Traeger,provisional_record_group,Individual,2,"Eric Zimmerman: $100.00, 1 records / 1 dates | Olivia Clark: $100.00, 1 records / 1 dates",2,1,2,20000,0,20000,False,False,2026-08-21,2026-08-21
record:cbbb2d5e84bb17a3bef12f68,Travis Meuwissen,provisional_record_group,Individual,1,"Eric Zimmerman: $200.00, 1 records / 1 dates",1,1,1,20000,0,20000,False,False,2026-08-25,2026-08-25
record:d0f846cc6f964f5f2ef9c83c,Judy Peterman,provisional_record_group,Individual,1,"Olivia Clark: $200.00, 1 records / 1 dates",1,1,1,20000,0,20000,False,False,2025-11-02,2025-11-02
record:d14e6e954235f8f5bd95caf1,Leslie Howell,provisional_record_group,Individual,1,"Olivia Clark: $200.00, 1 records / 1 dates",1,1,1,20000,0,20000,False,False,2026-01-10,2026-01-10
record:d5e2a30f1dba5a0531224e2d,Courtney Rosenthal,provisional_record_group,Individual,1,"Mitch Green: $200.00, 1 records / 1 dates",1,1,1,20000,0,20000,False,False,2026-08-23,2026-08-23
record:d77770a6e54462b4694cf82f,Lory Utz,provisional_record_group,Individual,1,"Steve Novick: $200.00, 1 records / 1 dates",1,1,1,20000,0,20000,False,False,2026-08-11,2026-08-11
record:da09b6575e8ebdb7dc8da082,John Gillette,provisional_record_group,Individual,1,"Eric Zimmerman: $200.00, 1 records / 1 dates",1,1,1,20000,0,20000,False,False,2026-09-14,2026-09-14
record:dbcb8ced43077c5e1e2de837,Tory Morseth,provisional_record_group,Individual,1,"Tom Sollitt: $200.00, 1 records / 1 dates",1,1,1,20000,0,20000,False,False,2026-07-29,2026-07-29
record:e20a5fde1c0e0a5ebbc464b9,Veron Strickland,provisional_record_group,Individual,1,"Joel Corcoran: $200.00, 1 records / 1 dates",1,1,1,20000,0,20000,False,False,2026-06-04,2026-06-04
record:e85c5d4b173f5721177a2eb1,Hanna Osman,provisional_record_group,Individual,1,"Mitch Green: $200.00, 1 records / 1 dates",1,1,1,20000,0,20000,False,False,2025-08-21,2025-08-21
record:ecad090b7fddfd670b84dc57,David Groth,provisional_record_group,Individual,1,"Eric Zimmerman: $200.00, 1 records / 1 dates",1,1,1,20000,0,20000,False,False,2026-08-19,2026-08-19
record:ef18d1680250345b53990252,Thomas Dodson,provisional_record_group,Individual,1,"Eli Arnold: $200.00, 4 records / 4 dates",4,4,4,20000,0,20000,True,True,2026-06-01,2026-09-01
record:f3aa3273035c1cd9b68615b5,Megan Peters,provisional_record_group,Individual,1,"Mitch Green: $200.00, 5 records / 5 dates",5,5,5,20000,5000,15000,True,True,2025-12-20,2026-07-24
record:f66de45bd78197adf5f84801,Devon Zastrow Newman,provisional_record_group,Individual,1,"Joel Corcoran: $200.00, 1 records / 1 dates",1,1,1,20000,0,20000,False,False,2026-05-05,2026-05-05
record:f73d88556a5e8c916bd89712,Ryna Mehr,provisional_record_group,Individual,1,"Eli Arnold: $200.00, 1 records / 1 dates",1,1,1,20000,0,20000,False,False,2026-07-09,2026-07-09
record:fb68fdaa805a3f7ba9b44aed,Ross Conklin,provisional_record_group,Individual,1,"Angelita Morillo: $200.00, 1 records / 1 dates",1,1,1,20000,0,20000,False,False,2026-04-26,2026-04-26
record:a0587ca7a7ae6105601d3f72,Brendan Sanchez,provisional_record_group,Individual,1,"Tiffany Koyama Lane: $190.00, 2 records / 2 dates",2,2,2,19000,0,19000,True,True,2026-01-25,2026-08-10
record:fab2aad41a1545680aed89d6,Junha Kim,provisional_record_group,Individual,1,"Angelita Morillo: $190.00, 1 records / 1 dates",1,1,1,19000,0,19000,False,False,2026-06-25,2026-06-25
record:d153576ef8b9b700867586e4,Toby Hodges,provisional_record_group,Individual,3,"Angelita Morillo: $39.76, 5 records / 5 dates | Tiffany Koyama Lane: $39.76, 5 records / 5 dates | Mitch Green: $96.42, 7 records / 7 dates",17,7,17,17594,0,17594,True,True,2026-04-24,2026-09-18
record:3c16ad48a0a07f47739e058e,Davis Nafshun,provisional_record_group,Individual,1,"Mitch Green: $175.00, 7 records / 7 dates",7,7,7,17500,1000,16500,True,True,2025-12-21,2026-09-21
record:8711f0a1b3e3752676558eb7,Andrew Roddam,provisional_record_group,Individual,1,"Eric Zimmerman: $175.00, 1 records / 1 dates",1,1,1,17500,0,17500,False,False,2026-08-25,2026-08-25
record:9b8a2a5877b466d016fb05f6,Barbara Obrzut,provisional_record_group,Individual,2,"Eric Zimmerman: $25.00, 1 records / 1 dates | Olivia Clark: $150.00, 2 records / 1 dates",3,2,2,17500,0,17500,True,False,2026-06-16,2026-09-09
record:fbd37ef0afd4f32d2d27e430,Paul Balmer,provisional_record_group,Individual,1,"Steve Novick: $175.00, 1 records / 1 dates",1,1,1,17500,0,17500,False,False,2026-06-17,2026-06-17
record:681cc1577f2faa28beee3c6a,Juno Suarez,provisional_record_group,Individual,1,"Tiffany Koyama Lane: $174.00, 3 records / 3 dates",3,3,3,17400,0,17400,True,True,2026-07-15,2026-09-15
record:2a0c9a75aa9939a14f11e490,Adam Quaal,provisional_record_group,Individual,1,"Mitch Green: $170.00, 7 records / 7 dates",7,7,7,17000,2500,14500,True,True,2025-12-20,2026-09-20
record:7f86384064d4006c758c18df,Rebecca Green,provisional_record_group,Individual,1,"Matthias Hallett: $155.70, 2 records / 2 dates",2,2,2,15570,0,15570,True,True,2026-07-15,2026-08-12
record:0e768777e0cb3d62c8565cbb,J. Lee Lane Rahr,provisional_record_group,Individual,1,"Eric Zimmerman: $150.00, 1 records / 1 dates",1,1,1,15000,0,15000,False,False,2026-09-09,2026-09-09
record:132c5afb7eb5d62cb8bc079d,Jordan Lewis,provisional_record_group,Individual,1,"Angelita Morillo: $150.00, 1 records / 1 dates",1,1,1,15000,0,15000,False,False,2026-04-21,2026-04-21
record:21ccd40d52be9eb215224a0f,Gay Greger,provisional_record_group,Individual,1,"Kellie Torres: $150.00, 1 records / 1 dates",1,1,1,15000,0,15000,False,False,2026-06-28,2026-06-28
record:34969c86ae8613a485c27a38,Mary Ann Enright,provisional_record_group,Individual,1,"Olivia Clark: $150.00, 3 records / 2 dates",3,2,2,15000,0,15000,True,True,2026-01-27,2026-07-06
record:390ec497bda983823e5c77ae,John Barlow,provisional_record_group,Individual,1,"Steve Novick: $150.00, 2 records / 2 dates",2,2,2,15000,0,15000,True,True,2026-07-23,2026-08-27
record:3c256d2e767f2aaff37c4a9e,Noelle Studer-Spevak,provisional_record_group,Individual,1,"Tiffany Koyama Lane: $150.00, 1 records / 1 dates",1,1,1,15000,0,15000,False,False,2026-06-05,2026-06-05
record:3f092bcac0434a221e158103,Carmen Robbins,provisional_record_group,Individual,1,"Olivia Clark: $150.00, 1 records / 1 dates",1,1,1,15000,0,15000,False,False,2026-04-08,2026-04-08
record:4de7ce6c9273ce44ac076277,Cheryl Matt,provisional_record_group,Individual,1,"Jeremy Beausoleil Smith: $150.00, 1 records / 1 dates",1,1,1,15000,0,15000,False,False,2026-04-13,2026-04-13
record:5d44e417f4acf59740521fc2,Deane Funk,provisional_record_group,Individual,1,"Steve Novick: $150.00, 1 records / 1 dates",1,1,1,15000,0,15000,False,False,2026-08-04,2026-08-04
record:5ea5beadd16c2c9bbbeb3163,Joon Ae Haworth-Kaufka,provisional_record_group,Individual,1,"Tiffany Koyama Lane: $150.00, 1 records / 1 dates",1,1,1,15000,0,15000,False,False,2026-08-31,2026-08-31
record:5eb450fc901d608470f4c4e7,Jo Ann Hardesty,provisional_record_group,Individual,1,"Tiffany Koyama Lane: $150.00, 1 records / 1 dates",1,1,1,15000,0,15000,False,False,2026-05-30,2026-05-30
record:5f0d1a63b0bb128d379b6588,Liz Tilbury,provisional_record_group,Individual,1,"Eli Arnold: $150.00, 1 records / 1 dates",1,1,1,15000,0,15000,False,False,2026-03-26,2026-03-26
record:6312e8ae89506996300b99d3,Marc Abrams,provisional_record_group,Individual,1,"Eric Zimmerman: $150.00, 1 records / 1 dates",1,1,1,15000,0,15000,False,False,2026-03-26,2026-03-26
record:65b90e31b0d23ea1008fa21d,Kevin Smith,provisional_record_group,Individual,1,"Olivia Clark: $150.00, 1 records / 1 dates",1,1,1,15000,0,15000,False,False,2025-11-01,2025-11-01
record:790d418d5b78fdb74442636a,Adrian Snead,provisional_record_group,Individual,1,"Joel Corcoran: $150.00, 1 records / 1 dates",1,1,1,15000,0,15000,False,False,2026-05-31,2026-05-31
record:81b0de721a7ef24862b7126c,Carole Bryan,provisional_record_group,Individual,1,"Mitch Green: $150.00, 1 records / 1 dates",1,1,1,15000,0,15000,False,False,2026-02-13,2026-02-13
record:847876ed817af14d61f2056c,Zachary Sielicky,provisional_record_group,Individual,1,"Eric Zimmerman: $150.00, 1 records / 1 dates",1,1,1,15000,0,15000,False,False,2026-05-07,2026-05-07
record:8d6ba0b833db8239d241286b,Lauren Waude,provisional_record_group,Individual,1,"Tiffany Koyama Lane: $150.00, 1 records / 1 dates",1,1,1,15000,0,15000,False,False,2026-08-25,2026-08-25
record:8e42db3459ffdcbff9fc2010,Sandra Bradley,provisional_record_group,Individual,1,"Olivia Clark: $150.00, 1 records / 1 dates",1,1,1,15000,0,15000,False,False,2026-07-20,2026-07-20
record:909996f72e6ba1705a0019d6,York Hayes,provisional_record_group,Individual,1,"Mitch Green: $150.00, 2 records / 1 dates",2,1,1,15000,0,15000,True,False,2026-09-17,2026-09-17
record:968e4201e47b34b4f1c08559,Mary Scurlock Adamson,provisional_record_group,Individual,1,"Steve Novick: $150.00, 1 records / 1 dates",1,1,1,15000,0,15000,False,False,2026-08-27,2026-08-27
record:974829c9e641f259639a0bb3,Belinda Miller,provisional_record_group,Individual,1,"Angelita Morillo: $150.00, 2 records / 2 dates",2,2,2,15000,0,15000,True,True,2026-04-28,2026-06-27
record:995ae40c31d74dd8d7df9949,Thomas Delacour,provisional_record_group,Individual,1,"Mitch Green: $150.00, 6 records / 6 dates",6,6,6,15000,0,15000,True,True,2025-12-20,2026-09-20
record:a37102602e3496720234da04,Jane Monson,provisional_record_group,Individual,1,"Olivia Clark: $150.00, 1 records / 1 dates",1,1,1,15000,0,15000,False,False,2026-03-21,2026-03-21
record:ac87eb3f01273c662692bb29,William Weinischke,provisional_record_group,Individual,1,"Steve Novick: $150.00, 1 records / 1 dates",1,1,1,15000,0,15000,False,False,2026-06-22,2026-06-22
record:af99893e186815f9efbd9fe3,Robyn Gregory,provisional_record_group,Individual,1,"Tiffany Koyama Lane: $150.00, 1 records / 1 dates",1,1,1,15000,0,15000,False,False,2025-09-12,2025-09-12
record:be9a308981eed57e0c012d01,Johanna Brenner,provisional_record_group,Individual,1,"Mitch Green: $150.00, 6 records / 6 dates",6,6,6,15000,0,15000,True,True,2025-12-20,2026-09-20
record:d181bc9699d4c04c11e6b849,Jennifer Yocom,provisional_record_group,Individual,1,"Eric Zimmerman: $150.00, 1 records / 1 dates",1,1,1,15000,0,15000,False,False,2026-04-09,2026-04-09
record:d1ac5f1e66338fecc03369fe,Molly Keating,provisional_record_group,Individual,1,"Olivia Clark: $150.00, 1 records / 1 dates",1,1,1,15000,0,15000,False,False,2026-06-10,2026-06-10
record:d5b237cbdb06b80b2120a3fb,Zari Santner,provisional_record_group,Individual,1,"Steve Novick: $150.00, 1 records / 1 dates",1,1,1,15000,0,15000,False,False,2026-07-25,2026-07-25
record:de94c82635c41d9f8f9fc53d,Robert Wise,provisional_record_group,Individual,1,"Jayne Cronlund: $150.00, 1 records / 1 dates",1,1,1,15000,0,15000,False,False,2026-09-11,2026-09-11
record:e55e12f32bfcb13060bf0b3b,Breanne Austin,provisional_record_group,Individual,1,"Tiffany Koyama Lane: $150.00, 1 records / 1 dates",1,1,1,15000,0,15000,False,False,2026-03-26,2026-03-26
record:e644a74b4581a54e7feebff5,Glynda Russell,provisional_record_group,Individual,1,"Jamey Evenstar: $150.00, 1 records / 1 dates",1,1,1,15000,0,15000,False,False,2026-08-29,2026-08-29
record:e704b57e43f24d936cab0ef6,Michela Bedard,provisional_record_group,Individual,1,"Mitch Green: $150.00, 1 records / 1 dates",1,1,1,15000,0,15000,False,False,2026-09-12,2026-09-12
record:ee85f68b43e0e2953dd3da86,Brian Smith,provisional_record_group,Individual,1,"Eli Arnold: $150.00, 6 records / 6 dates",6,6,6,15000,0,15000,True,True,2026-04-27,2026-08-27
record:cfb39a665d0d6595fa2cd8e6,Elyssa Kiva,provisional_record_group,Individual,1,"Angelita Morillo: $145.00, 4 records / 4 dates",4,4,4,14500,0,14500,True,True,2026-06-26,2026-08-29
record:e3f3c396a2eba78d9cfe6eeb,Sylvia Choi,provisional_record_group,Individual,1,"Tom Sollitt: $135.00, 4 records / 4 dates",4,4,4,13500,0,13500,True,True,2026-03-17,2026-08-26
record:3bc4dd5b714a46a36dc0c60d,Chris Casteel,provisional_record_group,Individual,1,"Angelita Morillo: $133.33, 2 records / 1 dates",2,1,1,13333,0,13333,True,False,2026-06-01,2026-06-01
record:c2c559727f5e052d4e4d81e0,Chase Lingelbach,provisional_record_group,Individual,1,"Mitch Green: $131.20, 1 records / 1 dates",1,1,1,13120,0,13120,False,False,2026-09-18,2026-09-18
record:3f14ad83a88d91efcc0a0800,Mary King,provisional_record_group,Individual,3,"Angelita Morillo: $45.00, 3 records / 3 dates | Tiffany Koyama Lane: $40.00, 2 records / 2 dates | Mitch Green: $45.00, 3 records / 3 dates",8,8,8,13000,0,13000,True,True,2025-06-04,2026-09-10
record:a3c533fa30b77a9e0f053c1a,Adrienne Tourtelot,provisional_record_group,Individual,1,"Mitch Green: $126.00, 2 records / 1 dates",2,1,1,12600,0,12600,True,False,2026-09-17,2026-09-17
record:11dcb8be0d486e9c0bd965a3,Megan Brown,provisional_record_group,Individual,1,"Tiffany Koyama Lane: $125.00, 5 records / 5 dates",5,5,5,12500,0,12500,True,True,2026-05-06,2026-09-06
record:2bdb7bc943e21fd84ce5a715,Lesly Munoz,provisional_record_group,Individual,1,"Tiffany Koyama Lane: $125.00, 1 records / 1 dates",1,1,1,12500,0,12500,False,False,2026-04-27,2026-04-27
record:522caaca4bb7181845f9b354,Mike Phelps,provisional_record_group,Individual,1,"Eli Arnold: $125.00, 2 records / 2 dates",2,2,2,12500,0,12500,True,True,2026-07-15,2026-09-02
record:79892d926bc9e7dfecc023ab,Kevin Faris,provisional_record_group,Individual,1,"Eli Arnold: $125.00, 1 records / 1 dates",1,1,1,12500,0,12500,False,False,2026-08-09,2026-08-09
record:8fdc22002f30b5095e5cd142,Mark O'Leavey,provisional_record_group,Individual,1,"Kellie Torres: $125.00, 1 records / 1 dates",1,1,1,12500,0,12500,False,False,2026-08-16,2026-08-16
record:993d5465ec0a5cae1f996cf5,Lyndelle Light,provisional_record_group,Individual,1,"Eli Arnold: $125.00, 2 records / 2 dates",2,2,2,12500,0,12500,True,True,2026-03-19,2026-09-21
record:a18c26ba51b3deb1eec4af78,Rebecca J Kennedy,provisional_record_group,Individual,1,"Tiffany Koyama Lane: $125.00, 1 records / 1 dates",1,1,1,12500,0,12500,False,False,2025-09-13,2025-09-13
record:a62645ac6ceac6cb431cd914,Andrew Fortgang,provisional_record_group,Individual,1,"Eli Arnold: $125.00, 2 records / 1 dates",2,1,1,12500,0,12500,True,False,2026-05-28,2026-05-28
record:ce71bb30f2ed0a449ee7ec08,Lori Faris,provisional_record_group,Individual,1,"Eli Arnold: $125.00, 1 records / 1 dates",1,1,1,12500,0,12500,False,False,2026-08-09,2026-08-09
record:d1c3e395224d308a7d615c85,Chris Beck,provisional_record_group,Individual,1,"Jayne Cronlund: $125.00, 1 records / 1 dates",1,1,1,12500,0,12500,False,False,2026-09-18,2026-09-18
record:dad8066a93d8fe4b803f5316,Craig Boretz,provisional_record_group,Individual,1,"Eli Arnold: $125.00, 2 records / 1 dates",2,1,1,12500,0,12500,True,False,2026-01-12,2026-01-12
record:de49852ad642b29e9eb5042e,Bennett Li-Kennedy,provisional_record_group,Individual,1,"Tiffany Koyama Lane: $125.00, 1 records / 1 dates",1,1,1,12500,0,12500,False,False,2025-09-13,2025-09-13
record:e018cd4110b878fe7321fd1d,Ava Li-Kennedy,provisional_record_group,Individual,1,"Tiffany Koyama Lane: $125.00, 1 records / 1 dates",1,1,1,12500,0,12500,False,False,2025-09-13,2025-09-13
record:e3b56fdfcc21cbacbca76017,Vadim Mozyrsky,provisional_record_group,Individual,1,"Eric Zimmerman: $125.00, 1 records / 1 dates",1,1,1,12500,0,12500,False,False,2026-07-29,2026-07-29
record:f94529b5d45bcaf6e01d029e,Roger L Gertenrich,provisional_record_group,Individual,1,"Eli Arnold: $125.00, 2 records / 2 dates",2,2,2,12500,0,12500,True,True,2026-04-06,2026-08-18
record:38b271fd3dd2a175baeefd12,Peter Sharer,provisional_record_group,Individual,1,"Mitch Green: $121.00, 1 records / 1 dates",1,1,1,12100,0,12100,False,False,2026-07-26,2026-07-26
record:2f76b493aa645577a3ce18c5,Enrique Farrera,provisional_record_group,Individual,1,"Tiffany Koyama Lane: $120.00, 1 records / 1 dates",1,1,1,12000,0,12000,False,False,2026-08-23,2026-08-23
record:4e5b345eb83616432cf34de9,Betsy Zucker,provisional_record_group,Individual,1,"Mitch Green: $118.00, 5 records / 4 dates",5,4,4,11800,0,11800,True,True,2026-07-08,2026-09-08
record:c5b446180059bb03544623dd,Michael Sugar,provisional_record_group,Individual,1,"Angelita Morillo: $113.00, 1 records / 1 dates",1,1,1,11300,0,11300,False,False,2026-04-26,2026-04-26
record:3cd65795bdd438b5abaa80ac,Matthew Albertson,provisional_record_group,Individual,1,"Angelita Morillo: $111.00, 2 records / 2 dates",2,2,2,11100,0,11100,True,True,2026-06-26,2026-07-05
record:23232ca998644a0d2d08aa62,Jamie Dunphy,provisional_record_group,Individual,1,"Jamey Evenstar: $110.00, 2 records / 2 dates",2,2,2,11000,0,11000,True,True,2026-07-16,2026-07-24
record:553b8a46f9b40157e11003e4,Steve Kenney,provisional_record_group,Individual,1,"Olivia Clark: $110.00, 1 records / 1 dates",1,1,1,11000,0,11000,False,False,2026-04-11,2026-04-11
record:f5560c40e4b6e4b2ab878155,Wilder Schmaltz,provisional_record_group,Individual,2,"Angelita Morillo: $50.00, 1 records / 1 dates | Tiffany Koyama Lane: $60.00, 2 records / 2 dates",3,3,3,11000,0,11000,True,True,2026-02-04,2026-05-12
record:5cbc7adff2d182c1fd185e24,Kyle Prosen,provisional_record_group,Individual,1,"Tom Sollitt: $108.00, 1 records / 1 dates",1,1,1,10800,0,10800,False,False,2026-08-26,2026-08-26
record:d738dba18feacd087340156f,Alex Potash,provisional_record_group,Individual,1,"Matthias Hallett: $104.48, 1 records / 1 dates",1,1,1,10448,0,10448,False,False,2026-08-12,2026-08-12
record:fadf43eccdf2e603fbeb4f1e,Maureen Hurst,provisional_record_group,Individual,1,"Matthias Hallett: $104.48, 1 records / 1 dates",1,1,1,10448,0,10448,False,False,2026-08-31,2026-08-31
record:4f46abd36e46725d40795239,Naomi LeClair,provisional_record_group,Individual,1,"Matthias Hallett: $103.30, 1 records / 1 dates",1,1,1,10330,0,10330,False,False,2026-07-15,2026-07-15
record:b962000185870d1f0b66782d,Brendan Pettit,provisional_record_group,Individual,1,"Matthias Hallett: $103.30, 1 records / 1 dates",1,1,1,10330,0,10330,False,False,2026-07-15,2026-07-15
record:3e4dc137dfbe89a1b2cd85cf,Merri Wyatt,provisional_record_group,Individual,1,"Olivia Clark: $102.00, 2 records / 1 dates",2,1,1,10200,0,10200,True,False,2025-12-05,2025-12-05
record:094b45ddd8e95156ee178e11,Myrna Munoz,provisional_record_group,Individual,1,"Tiffany Koyama Lane: $101.00, 1 records / 1 dates",1,1,1,10100,0,10100,False,False,2026-07-30,2026-07-30
record:1ef8bf5fe5e27c859f0f3d7e,Aaron Brown,provisional_record_group,Individual,1,"Angelita Morillo: $101.00, 1 records / 1 dates",1,1,1,10100,0,10100,False,False,2025-12-14,2025-12-14
record:29e6eae7ff69da8949df6561,Timothy Morris,provisional_record_group,Individual,1,"Jamey Evenstar: $101.00, 1 records / 1 dates",1,1,1,10100,0,10100,False,False,2026-06-19,2026-06-19
record:3093e2693b2a4a447eb08319,Tammy Carpenter,provisional_record_group,Individual,1,"Tiffany Koyama Lane: $101.00, 1 records / 1 dates",1,1,1,10100,0,10100,False,False,2026-07-14,2026-07-14
record:5de4bda441a504736fd1eba9,Syed Qasimuddin,provisional_record_group,Individual,1,"Tiffany Koyama Lane: $101.00, 1 records / 1 dates",1,1,1,10100,0,10100,False,False,2026-04-28,2026-04-28
record:a2b270048eb09be2bb55efa3,Steven Lien,provisional_record_group,Individual,1,"Kellie Torres: $101.00, 1 records / 1 dates",1,1,1,10100,0,10100,False,False,2026-07-21,2026-07-21
record:bbd18fc8bae2030ab3f70bde,doyle canning,provisional_record_group,Individual,1,"Tiffany Koyama Lane: $101.00, 1 records / 1 dates",1,1,1,10100,0,10100,False,False,2026-09-12,2026-09-12
record:c1a122b5bdf00b7004cbe246,Annie Naranjo-Rivera,provisional_record_group,Individual,1,"Tiffany Koyama Lane: $101.00, 1 records / 1 dates",1,1,1,10100,0,10100,False,False,2026-02-06,2026-02-06
record:cb44abf9d171b3bb6ee44737,Nicholas Caleb,provisional_record_group,Individual,1,"Tiffany Koyama Lane: $101.00, 1 records / 1 dates",1,1,1,10100,0,10100,False,False,2026-04-29,2026-04-29
record:e02d451e6032a7559f242520,Miles Palacios,provisional_record_group,Individual,1,"Angelita Morillo: $101.00, 1 records / 1 dates",1,1,1,10100,0,10100,False,False,2026-08-09,2026-08-09
record:030a8d4b961f771f2971c06d,Ben Goertz,provisional_record_group,Individual,1,"Jamey Evenstar: $100.00, 1 records / 1 dates",1,1,1,10000,0,10000,False,False,2026-07-16,2026-07-16
record:05d538d425b57f3d43734164,Hans Witt,provisional_record_group,Individual,1,"Eli Arnold: $100.00, 1 records / 1 dates",1,1,1,10000,0,10000,False,False,2026-09-22,2026-09-22
record:06306c071509ae0afcd0df9b,Terry Epperson,provisional_record_group,Individual,1,"Tiffany Koyama Lane: $100.00, 1 records / 1 dates",1,1,1,10000,0,10000,False,False,2026-09-14,2026-09-14
record:06321561b9472318edcca4e4,Bruce Morrison,provisional_record_group,Individual,1,"Eric Zimmerman: $100.00, 1 records / 1 dates",1,1,1,10000,0,10000,False,False,2026-05-20,2026-05-20
record:09debdd79c2f2a32e221913b,Martin Leon,provisional_record_group,Individual,1,"Esther León: $100.00, 4 records / 4 dates",4,4,4,10000,0,10000,True,True,2026-05-12,2026-08-12
record:136aad6f399f58d9a8898e1a,Michael Galizio,provisional_record_group,Individual,1,"Eli Arnold: $100.00, 1 records / 1 dates",1,1,1,10000,0,10000,False,False,2026-09-10,2026-09-10
record:1b89fe60f6fa342728417c2c,Evelyn Kocher,provisional_record_group,Individual,1,"Angelita Morillo: $100.00, 1 records / 1 dates",1,1,1,10000,0,10000,False,False,2025-12-14,2025-12-14
record:1e4fa5872bad821ec956dc18,Patricia Greenfield,provisional_record_group,Individual,1,"Steve Novick: $100.00, 1 records / 1 dates",1,1,1,10000,0,10000,False,False,2026-08-27,2026-08-27
record:21a7ce3164088b5f06912e26,Lucy Kennedy-Wong,provisional_record_group,Individual,1,"Angelita Morillo: $100.00, 1 records / 1 dates",1,1,1,10000,0,10000,False,False,2026-07-30,2026-07-30
record:2227445600a9b7d816fabba4,Darlene Chirman,provisional_record_group,Individual,1,"Tiffany Koyama Lane: $100.00, 1 records / 1 dates",1,1,1,10000,0,10000,False,False,2025-12-12,2025-12-12
record:24db6e92344eaa2c47a690b9,Robin Corrigan,provisional_record_group,Individual,1,"Steve Novick: $100.00, 1 records / 1 dates",1,1,1,10000,0,10000,False,False,2026-08-20,2026-08-20
record:2923a2fbcd69c91ef3ee32ca,Neil Mcfarlane,provisional_record_group,Individual,1,"Olivia Clark: $100.00, 1 records / 1 dates",1,1,1,10000,0,10000,False,False,2026-07-24,2026-07-24
record:292e33916f165a434d6d94ae,Benjamin Mcleod,provisional_record_group,Individual,1,"Mitch Green: $100.00, 1 records / 1 dates",1,1,1,10000,0,10000,False,False,2026-07-24,2026-07-24
record:2a64bf0cd60485fa3bcb9467,Nina Lane,provisional_record_group,Individual,1,"Tiffany Koyama Lane: $100.00, 1 records / 1 dates",1,1,1,10000,0,10000,False,False,2026-08-25,2026-08-25
record:2b3984211b353b903807c970,Vicki Smith,provisional_record_group,Individual,1,"Eric Zimmerman: $100.00, 1 records / 1 dates",1,1,1,10000,0,10000,False,False,2026-05-11,2026-05-11
record:2db623281f6412ebb087eac9,Daniel Hildebrand,provisional_record_group,Individual,1,"Jeremy Beausoleil Smith: $100.00, 4 records / 4 dates",4,4,4,10000,0,10000,True,True,2026-05-22,2026-08-22
record:2f85f8e1f1399d0fb3204308,Joan Neice,provisional_record_group,Individual,1,"Eli Arnold: $100.00, 1 records / 1 dates",1,1,1,10000,0,10000,False,False,2026-08-26,2026-08-26
record:362f68aba509f1c0cb0ca721,Elliot Leonard,provisional_record_group,Individual,1,"Steve Novick: $100.00, 1 records / 1 dates",1,1,1,10000,0,10000,False,False,2026-07-02,2026-07-02
record:37dd3b14a3764808635614de,Chloe Stallworth,provisional_record_group,Individual,1,"Angelita Morillo: $100.00, 4 records / 4 dates",4,4,4,10000,0,10000,True,True,2026-05-31,2026-08-31
record:38352896aa3f0bddf262e21f,Steven van Eck,provisional_record_group,Individual,1,"Mitch Green: $100.00, 1 records / 1 dates",1,1,1,10000,0,10000,False,False,2026-07-29,2026-07-29
record:38754b5e83e0363223207ade,Marta Poore,provisional_record_group,Individual,1,"Eric Zimmerman: $100.00, 1 records / 1 dates",1,1,1,10000,0,10000,False,False,2026-09-22,2026-09-22
record:39d3b62057076925956f5fed,Mary Scurlock Adamson,provisional_record_group,Individual,1,"Steve Novick: $100.00, 1 records / 1 dates",1,1,1,10000,0,10000,False,False,2026-04-15,2026-04-15
record:3ba2568922b5031b8076e04b,Kay O'Neill,provisional_record_group,Individual,1,"Tiffany Koyama Lane: $100.00, 1 records / 1 dates",1,1,1,10000,0,10000,False,False,2026-09-19,2026-09-19
record:3df9b4ab794da1476bc2f8f3,Thomas Imeson,provisional_record_group,Individual,1,"Steve Novick: $100.00, 1 records / 1 dates",1,1,1,10000,0,10000,False,False,2026-08-27,2026-08-27
record:41c5940e18bf33efae75bc8a,Bruce Morrison,provisional_record_group,Individual,1,"Eli Arnold: $100.00, 1 records / 1 dates",1,1,1,10000,0,10000,False,False,2026-08-17,2026-08-17
record:43e753a185513e6cd26785f5,Carla Kelley,provisional_record_group,Individual,1,"Steve Novick: $100.00, 1 records / 1 dates",1,1,1,10000,0,10000,False,False,2026-08-20,2026-08-20
record:451096073d44d0c64576391e,Ervin Siverson,provisional_record_group,Individual,1,"Eli Arnold: $100.00, 1 records / 1 dates",1,1,1,10000,0,10000,False,False,2026-08-18,2026-08-18
record:46e0d837aa0566dc49212d16,Sachie Hayakawa,provisional_record_group,Individual,1,"Tiffany Koyama Lane: $100.00, 1 records / 1 dates",1,1,1,10000,0,10000,False,False,2026-08-26,2026-08-26
record:49c052c189c9b86f1780143e,Jennifer Raleigh,provisional_record_group,Individual,1,"Eli Arnold: $100.00, 1 records / 1 dates",1,1,1,10000,0,10000,False,False,2026-03-29,2026-03-29
record:4d689a5a3cec8afc47ddaa24,Roger Gertenrich,provisional_record_group,Individual,1,"Olivia Clark: $100.00, 1 records / 1 dates",1,1,1,10000,0,10000,False,False,2026-03-14,2026-03-14
record:4ea5a6c2314b5802e26fbb5a,Edward Reckford,provisional_record_group,Individual,1,"Steve Novick: $100.00, 1 records / 1 dates",1,1,1,10000,0,10000,False,False,2026-06-28,2026-06-28
record:4edff4dd370d1ac3c7f905fa,Julie Richardson,provisional_record_group,Individual,1,"Jayne Cronlund: $100.00, 1 records / 1 dates",1,1,1,10000,0,10000,False,False,2026-09-16,2026-09-16
record:4fc65bf8cee77c519ec0994e,Saba Saleem,provisional_record_group,Individual,1,"Tiffany Koyama Lane: $100.00, 4 records / 4 dates",4,4,4,10000,0,10000,True,True,2026-06-20,2026-09-20
record:52e498c20329fbb10db29f06,Jeffrey Weitzel,provisional_record_group,Individual,1,"Jamey Evenstar: $100.00, 1 records / 1 dates",1,1,1,10000,0,10000,False,False,2026-07-16,2026-07-16
record:53826d09b50fb2201ac8eb13,William Truncali,provisional_record_group,Individual,1,"Eli Arnold: $100.00, 1 records / 1 dates",1,1,1,10000,0,10000,False,False,2026-02-19,2026-02-19
record:53edc81e0823ccbfcccdac53,Kenneth Mehr,provisional_record_group,Individual,1,"Eli Arnold: $100.00, 1 records / 1 dates",1,1,1,10000,0,10000,False,False,2026-09-06,2026-09-06
record:540cbb38c322e3ef8a37cb41,Katie Kaput,provisional_record_group,Individual,1,"Angelita Morillo: $100.00, 1 records / 1 dates",1,1,1,10000,0,10000,False,False,2026-09-20,2026-09-20
record:5434f7e3bbb70e468dc3fb6b,Richard Benner,provisional_record_group,Individual,1,"Steve Novick: $100.00, 1 records / 1 dates",1,1,1,10000,0,10000,False,False,2026-08-05,2026-08-05
record:55fd6d21d6c6df72b4ae147d,Lee Buhler,provisional_record_group,Individual,1,"Olivia Clark: $100.00, 1 records / 1 dates",1,1,1,10000,0,10000,False,False,2026-07-11,2026-07-11
record:5824bec886334f598c98adc7,Eric Gold,provisional_record_group,Individual,1,"Mitch Green: $100.00, 4 records / 4 dates",4,4,4,10000,0,10000,True,True,2025-09-20,2025-12-20
record:587417525deff4b06bbf8954,John Stangel,provisional_record_group,Individual,1,"Eric Zimmerman: $100.00, 1 records / 1 dates",1,1,1,10000,0,10000,False,False,2026-09-23,2026-09-23
record:5b857219edc6a75e53b40364,Monica Santoyo,provisional_record_group,Individual,1,"Mitch Green: $100.00, 1 records / 1 dates",1,1,1,10000,0,10000,False,False,2026-07-24,2026-07-24
record:5eab9e7d8273c927cf76b888,Rebecca Crosby,provisional_record_group,Individual,1,"Jayne Cronlund: $100.00, 1 records / 1 dates",1,1,1,10000,0,10000,False,False,2026-09-18,2026-09-18
record:5f48e1d5e7cc5dd2cf186e7b,Margaret Edera,provisional_record_group,Individual,1,"Mitch Green: $100.00, 1 records / 1 dates",1,1,1,10000,0,10000,False,False,2026-08-27,2026-08-27
record:615e6ac89c954221b694a356,Cristin Campbell,provisional_record_group,Individual,1,"Eli Arnold: $100.00, 1 records / 1 dates",1,1,1,10000,0,10000,False,False,2026-09-16,2026-09-16
record:63212bb5d0f79888827f798c,Halie Symmons,provisional_record_group,Individual,1,"Angelita Morillo: $100.00, 2 records / 2 dates",2,2,2,10000,0,10000,True,True,2026-08-12,2026-09-12
record:6674ccf374eb70f1d38cf2ed,Janet Stein,provisional_record_group,Individual,1,"Steve Novick: $100.00, 1 records / 1 dates",1,1,1,10000,0,10000,False,False,2026-06-23,2026-06-23
record:6990ae3c14b26fb9e7034e0c,Joe D'Ambrosia,provisional_record_group,Individual,1,"Jeremy Beausoleil Smith: $100.00, 1 records / 1 dates",1,1,1,10000,0,10000,False,False,2026-06-13,2026-06-13
record:6ce71306b9e85564dcec3dd9,Marta Poore,provisional_record_group,Individual,1,"Eli Arnold: $100.00, 1 records / 1 dates",1,1,1,10000,0,10000,False,False,2026-08-22,2026-08-22
record:73518f4f9131927d7cf3dc0e,Marc Parks,provisional_record_group,Individual,1,"Steve Novick: $100.00, 1 records / 1 dates",1,1,1,10000,0,10000,False,False,2026-09-22,2026-09-22
record:74558ffd1ed3e78d1cf39127,Daniel Brase,provisional_record_group,Individual,1,"Tom Sollitt: $100.00, 1 records / 1 dates",1,1,1,10000,0,10000,False,False,2026-07-20,2026-07-20
record:7493b1a6adba0c14f02163d7,Marilyn Couch,provisional_record_group,Individual,1,"Steve Novick: $100.00, 1 records / 1 dates",1,1,1,10000,0,10000,False,False,2026-06-23,2026-06-23
record:756f39c99c79751e8c36c6e0,Stephen Kafoury,provisional_record_group,Individual,1,"Steve Novick: $100.00, 1 records / 1 dates",1,1,1,10000,0,10000,False,False,2026-06-23,2026-06-23
record:7b832d92ce2f777f15729319,Elena Korngold,provisional_record_group,Individual,1,"Eric Zimmerman: $100.00, 1 records / 1 dates",1,1,1,10000,0,10000,False,False,2026-08-29,2026-08-29
record:7d54aba0affd8214ad6298c9,Tim Sheils,provisional_record_group,Individual,1,"Steve Novick: $100.00, 1 records / 1 dates",1,1,1,10000,0,10000,False,False,2026-09-16,2026-09-16
record:8209b015ee6e65544504c6a7,John Bates,provisional_record_group,Individual,1,"Mitch Green: $100.00, 1 records / 1 dates",1,1,1,10000,0,10000,False,False,2026-09-21,2026-09-21
record:83483f04b16f3a409320f8d2,Daniel Pope,provisional_record_group,Individual,1,"Steve Novick: $100.00, 1 records / 1 dates",1,1,1,10000,0,10000,False,False,2026-09-15,2026-09-15
record:87807a12dbfce5d194d001cc,Willie Levenson,provisional_record_group,Individual,1,"Olivia Clark: $100.00, 1 records / 1 dates",1,1,1,10000,0,10000,False,False,2026-08-23,2026-08-23
record:91765c92527c46e46610777a,Maija Spencer,provisional_record_group,Individual,1,"Tiffany Koyama Lane: $100.00, 1 records / 1 dates",1,1,1,10000,0,10000,False,False,2026-08-25,2026-08-25
record:981f1928f0112bdde3fcd7a0,Henry Lazenby,provisional_record_group,Individual,1,"Steve Novick: $100.00, 1 records / 1 dates",1,1,1,10000,0,10000,False,False,2026-09-15,2026-09-15
record:9a2df4e0f427509326360dd7,Susan Ferguson,provisional_record_group,Individual,1,"Steve Novick: $100.00, 1 records / 1 dates",1,1,1,10000,0,10000,False,False,2026-09-01,2026-09-01
record:9fae56547557cfe5bd96da93,Monica Smiley,provisional_record_group,Individual,1,"Jayne Cronlund: $100.00, 1 records / 1 dates",1,1,1,10000,0,10000,False,False,2026-09-17,2026-09-17
record:9ffdc2bb1317a3fc99d8e852,David Solomon,provisional_record_group,Individual,1,"Eric Zimmerman: $100.00, 1 records / 1 dates",1,1,1,10000,0,10000,False,False,2026-08-04,2026-08-04
record:a02a64b9e8db59c8fe8ffc76,Susan Kass,provisional_record_group,Individual,1,"Kellie Torres: $100.00, 1 records / 1 dates",1,1,1,10000,0,10000,False,False,2026-09-06,2026-09-06
record:a0c942356805edb11eb8e6a2,Sara Fischer,provisional_record_group,Individual,1,"Tiffany Koyama Lane: $100.00, 1 records / 1 dates",1,1,1,10000,0,10000,False,False,2026-05-30,2026-05-30
record:a0efa67d5ebde981e20f44c7,Stephen Kafoury,provisional_record_group,Individual,1,"Kellie Torres: $100.00, 1 records / 1 dates",1,1,1,10000,0,10000,False,False,2026-07-21,2026-07-21
record:a342c44442cc796e3205f61a,Debbie Chow Matto,provisional_record_group,Individual,1,"Eli Arnold: $100.00, 1 records / 1 dates",1,1,1,10000,0,10000,False,False,2026-09-16,2026-09-16
record:a5aa3f0d47eed2f0e4267cd9,Amy Tate,provisional_record_group,Individual,1,"Kellie Torres: $100.00, 1 records / 1 dates",1,1,1,10000,0,10000,False,False,2026-06-14,2026-06-14
record:a6a9e5a4c7ee646b40521ff9,Bruce Goldberg,provisional_record_group,Individual,1,"Steve Novick: $100.00, 1 records / 1 dates",1,1,1,10000,0,10000,False,False,2026-08-04,2026-08-04
record:a78fb75fff5e4eafe20fd24d,Merilee Karr,provisional_record_group,Individual,1,"Steve Novick: $100.00, 1 records / 1 dates",1,1,1,10000,0,10000,False,False,2026-09-22,2026-09-22
record:ac0136e7526753a5ecba4bee,Michael Green,provisional_record_group,Individual,1,"Mitch Green: $100.00, 1 records / 1 dates",1,1,1,10000,0,10000,False,False,2026-08-29,2026-08-29
record:ae235eea58fe45b849659542,Kari Koch,provisional_record_group,Individual,1,"Jamey Evenstar: $100.00, 1 records / 1 dates",1,1,1,10000,0,10000,False,False,2026-07-16,2026-07-16
record:ae6c6ba36d76279623de3392,Bert Tavelli,provisional_record_group,Individual,1,"Olivia Clark: $100.00, 1 records / 1 dates",1,1,1,10000,0,10000,False,False,2026-06-22,2026-06-22
record:b0a165810fb049b60c366ff9,Seth Caddy,provisional_record_group,Individual,1,"Mitch Green: $100.00, 4 records / 4 dates",4,4,4,10000,0,10000,True,True,2025-12-20,2026-07-20
record:b221ae65b6b7fc59ae2ccbba,Eugene Uphoff,provisional_record_group,Individual,1,"Steve Novick: $100.00, 1 records / 1 dates",1,1,1,10000,0,10000,False,False,2026-08-11,2026-08-11
record:b26c4f54423aa0532685f588,Gay Greger,provisional_record_group,Individual,1,"Steve Novick: $100.00, 1 records / 1 dates",1,1,1,10000,0,10000,False,False,2026-08-27,2026-08-27
record:b2eaecef51a755b714e1d27b,Eric Graessley,provisional_record_group,Individual,1,"Mitch Green: $100.00, 1 records / 1 dates",1,1,1,10000,0,10000,False,False,2026-09-20,2026-09-20
record:b52dbd36fd91a8fe522a6f09,Laura Graser,provisional_record_group,Individual,1,"Steve Novick: $100.00, 1 records / 1 dates",1,1,1,10000,0,10000,False,False,2026-06-23,2026-06-23
record:b622e86398339661cebb8570,Rosemary Furfey,provisional_record_group,Individual,1,"Steve Novick: $100.00, 1 records / 1 dates",1,1,1,10000,0,10000,False,False,2026-08-02,2026-08-02
record:b8ce80a82de7a952d339de24,Steve Hanrahan,provisional_record_group,Individual,1,"Steve Novick: $100.00, 1 records / 1 dates",1,1,1,10000,0,10000,False,False,2026-07-25,2026-07-25
record:b99b135af1aed60680f23bf7,Don Powell,provisional_record_group,Individual,1,"Kellie Torres: $100.00, 1 records / 1 dates",1,1,1,10000,0,10000,False,False,2026-06-21,2026-06-21
record:ba03ea7988e36190dbe405f8,Sheila O¿¿¿Neill,provisional_record_group,Individual,1,"Jayne Cronlund: $100.00, 1 records / 1 dates",1,1,1,10000,0,10000,False,False,2026-09-10,2026-09-10
record:bb6ad34466bac618926407bf,Thomas Morgan,provisional_record_group,Individual,1,"Eli Arnold: $100.00, 1 records / 1 dates",1,1,1,10000,0,10000,False,False,2026-08-31,2026-08-31
record:c0e592c3a3660f2888ee130a,Julia Marrocco,provisional_record_group,Individual,1,"Eli Arnold: $100.00, 1 records / 1 dates",1,1,1,10000,0,10000,False,False,2026-09-17,2026-09-17
record:c3f7b0695fe032533ea2dbf3,Adam Mcisaac,provisional_record_group,Individual,1,"Steve Novick: $100.00, 1 records / 1 dates",1,1,1,10000,0,10000,False,False,2026-08-04,2026-08-04
record:c4d94e3622caf806a8a45d30,Ellen Weeks,provisional_record_group,Individual,1,"Kellie Torres: $100.00, 1 records / 1 dates",1,1,1,10000,0,10000,False,False,2026-08-30,2026-08-30
record:c5c7d87a5a5cf7e8f4dab4ae,Andrew Middag,provisional_record_group,Individual,1,"Jeremy Beausoleil Smith: $100.00, 1 records / 1 dates",1,1,1,10000,0,10000,False,False,2026-08-15,2026-08-15
record:c6590095d98c783f9bafd07d,Annette Mcfarlane,provisional_record_group,Individual,1,"Olivia Clark: $100.00, 1 records / 1 dates",1,1,1,10000,0,10000,False,False,2026-07-24,2026-07-24
record:cb59c4762b85c2abff9c8e72,Chris Burton,provisional_record_group,Individual,1,"Eli Arnold: $100.00, 4 records / 4 dates",4,4,4,10000,0,10000,True,True,2026-05-27,2026-08-27
record:cc5b079ffa86665a947c5d5d,Amy Coplen,provisional_record_group,Individual,1,"Angelita Morillo: $100.00, 1 records / 1 dates",1,1,1,10000,0,10000,False,False,2026-07-03,2026-07-03
record:cd46819f331e90bb5a427499,Debbie Craig,provisional_record_group,Individual,1,"Jayne Cronlund: $100.00, 1 records / 1 dates",1,1,1,10000,0,10000,False,False,2026-09-16,2026-09-16
record:cd8dc6075a39b80df0825abe,John Barlow,provisional_record_group,Individual,1,"Steve Novick: $100.00, 1 records / 1 dates",1,1,1,10000,0,10000,False,False,2026-04-14,2026-04-14
record:cff3c2ecda25f93e6c2a01ab,Ashur Cabrera,provisional_record_group,Individual,1,"Angelita Morillo: $100.00, 1 records / 1 dates",1,1,1,10000,0,10000,False,False,2026-04-05,2026-04-05
record:d11545dbf943fed5ae80c8f7,Pamela Hayes,provisional_record_group,Individual,1,"Eli Arnold: $100.00, 1 records / 1 dates",1,1,1,10000,0,10000,False,False,2026-08-27,2026-08-27
record:d2e6ce8449b94284d0b83a28,Ren Anderson,provisional_record_group,Individual,1,"Eli Arnold: $100.00, 1 records / 1 dates",1,1,1,10000,0,10000,False,False,2026-09-03,2026-09-03
record:d5add76a8f1b6d3644a13ae5,Dennis Johnson,provisional_record_group,Individual,1,"Eli Arnold: $100.00, 1 records / 1 dates",1,1,1,10000,0,10000,False,False,2026-09-22,2026-09-22
record:d702e7179037a41b190ff315,Timothy Bergler,provisional_record_group,Individual,1,"Eric Zimmerman: $100.00, 1 records / 1 dates",1,1,1,10000,0,10000,False,False,2026-09-03,2026-09-03
record:d8e24f177a99af367c0ad264,Kristina Sisto,provisional_record_group,Individual,1,"Angelita Morillo: $100.00, 4 records / 4 dates",4,4,4,10000,0,10000,True,True,2025-05-25,2025-08-24
record:da3c972c2e71f12c9b1addd3,Jim Lindsay,provisional_record_group,Individual,1,"Eli Arnold: $100.00, 1 records / 1 dates",1,1,1,10000,0,10000,False,False,2026-06-22,2026-06-22
record:da981e42a556af12db35d530,Mark Faust,provisional_record_group,Individual,1,"Tiffany Koyama Lane: $100.00, 1 records / 1 dates",1,1,1,10000,0,10000,False,False,2026-05-30,2026-05-30
record:dd55c392d0f4dba58745ec7f,Evan Bowman,provisional_record_group,Individual,1,"Jamey Evenstar: $100.00, 1 records / 1 dates",1,1,1,10000,0,10000,False,False,2026-07-16,2026-07-16
record:dec1fdd0f8e113d90135f991,Chris Johnson,provisional_record_group,Individual,1,"Eli Arnold: $100.00, 1 records / 1 dates",1,1,1,10000,0,10000,False,False,2026-08-26,2026-08-26
record:e07523542c977c3f042957c7,Scot Sullivan,provisional_record_group,Individual,1,"Eli Arnold: $100.00, 1 records / 1 dates",1,1,1,10000,0,10000,False,False,2026-09-16,2026-09-16
record:e64045b8626b0e88fd57a0ee,Chuck Sheketoff,provisional_record_group,Individual,1,"Steve Novick: $100.00, 1 records / 1 dates",1,1,1,10000,0,10000,False,False,2026-08-13,2026-08-13
record:e67639aff9d9e92a66ffc40e,John Gillette,provisional_record_group,Individual,1,"Eli Arnold: $100.00, 1 records / 1 dates",1,1,1,10000,0,10000,False,False,2026-04-18,2026-04-18
record:ef1b509d65b7c348343b2735,Paul Rippey,provisional_record_group,Individual,1,"Mitch Green: $100.00, 1 records / 1 dates",1,1,1,10000,0,10000,False,False,2026-09-21,2026-09-21
record:f43f3556b11986f2d0bdd7eb,Eric Norberg,provisional_record_group,Individual,1,"Eli Arnold: $100.00, 1 records / 1 dates",1,1,1,10000,0,10000,False,False,2026-08-26,2026-08-26
record:f4c5cce23927d9dad645de67,Joel Statz,provisional_record_group,Individual,1,"Angelita Morillo: $100.00, 1 records / 1 dates",1,1,1,10000,0,10000,False,False,2026-09-12,2026-09-12
record:f5dd0bb1208dc93323376c04,Eloise Carson,provisional_record_group,Individual,1,"Eli Arnold: $100.00, 1 records / 1 dates",1,1,1,10000,0,10000,False,False,2026-09-16,2026-09-16
record:e5287832b1710b2c1301cb82,Laura Snodgrass,provisional_record_group,Individual,1,"Angelita Morillo: $90.00, 1 records / 1 dates",1,1,1,9000,0,9000,False,False,2026-06-25,2026-06-25
record:87a3e8265e092f576d1db306,Diane Torres,provisional_record_group,Individual,1,"Tiffany Koyama Lane: $81.04, 4 records / 4 dates",4,4,4,8104,0,8104,True,True,2026-05-29,2026-08-29
record:3b512e3bb5fc458bba80dd4b,Preston Vihlen,provisional_record_group,Individual,1,"Tiffany Koyama Lane: $80.00, 2 records / 2 dates",2,2,2,8000,0,8000,True,True,2026-08-05,2026-09-05
record:7b41f3933012fee60a5e328f,Alicia Emel,provisional_record_group,Individual,2,"Kellie Torres: $25.00, 1 records / 1 dates | Matthias Hallett: $52.40, 1 records / 1 dates",2,2,2,7740,0,7740,False,False,2026-08-23,2026-09-17
record:2055584922f27cef92ab5795,Thomas Rogers,provisional_record_group,Individual,1,"Tiffany Koyama Lane: $75.00, 3 records / 3 dates",3,3,3,7500,0,7500,True,True,2026-05-20,2026-07-20
record:2cf46004d137ac88841d9f9d,Mary Simon,provisional_record_group,Individual,1,"Olivia Clark: $75.00, 1 records / 1 dates",1,1,1,7500,0,7500,False,False,2026-06-27,2026-06-27
record:2dc1c7c5f97de8556d912c41,Alan DeLaTorre,provisional_record_group,Individual,1,"Tiffany Koyama Lane: $75.00, 1 records / 1 dates",1,1,1,7500,0,7500,False,False,2026-04-24,2026-04-24
record:48cc1e52d008591017baa31d,Hannah Sumner,provisional_record_group,Individual,2,"Angelita Morillo: $25.00, 1 records / 1 dates | Tiffany Koyama Lane: $50.00, 2 records / 2 dates",3,2,3,7500,0,7500,True,True,2026-07-29,2026-08-29
record:79c1e876d0ea874449ffac7e,Preston Frazier,provisional_record_group,Individual,1,"Jeremy Beausoleil Smith: $75.00, 3 records / 3 dates",3,3,3,7500,0,7500,True,True,2026-07-18,2026-09-18
record:7d8ae718d5704566c113e5af,Bob Weinstein,provisional_record_group,Individual,1,"Steve Novick: $75.00, 1 records / 1 dates",1,1,1,7500,0,7500,False,False,2026-09-22,2026-09-22
record:c2a58f3d1329bfea906f999d,Heather Heatlie,provisional_record_group,Individual,1,"Mitch Green: $75.00, 2 records / 2 dates",2,2,2,7500,0,7500,True,True,2026-06-27,2026-09-20
record:f556bdc592b490ee27718cad,Justin Altemus,provisional_record_group,Individual,1,"Angelita Morillo: $75.00, 3 records / 3 dates",3,3,3,7500,0,7500,True,True,2026-07-12,2026-09-12
record:8278201c55f5a3e38d3b3d2a,Emily Castle,provisional_record_group,Individual,1,"Angelita Morillo: $71.00, 4 records / 4 dates",4,4,4,7100,0,7100,True,True,2026-06-29,2026-09-05
record:ced0d1127feab728f29d8811,Erin Hogan-Freemole,provisional_record_group,Individual,1,"Angelita Morillo: $65.00, 5 records / 3 dates",5,3,3,6500,0,6500,True,True,2026-07-28,2026-09-09
record:74e03ceb4c233647df39deec,Brian Smith,provisional_record_group,Individual,1,"Eli Arnold: $60.00, 3 records / 2 dates",3,2,2,6000,0,6000,True,True,2026-04-16,2026-09-21
record:755c8a7033924d1399a26f13,Lydia Hanson,provisional_record_group,Individual,1,"Tiffany Koyama Lane: $60.00, 3 records / 3 dates",3,3,3,6000,0,6000,True,True,2026-07-12,2026-09-12
record:161ca90078253c75fb5f7d4e,Juno Suarez,provisional_record_group,Individual,1,"Tiffany Koyama Lane: $58.00, 1 records / 1 dates",1,1,1,5800,0,5800,False,False,2026-06-15,2026-06-15
record:029c52a406b50881cb0f90ed,Stewart Peterson,provisional_record_group,Individual,1,"Eli Arnold: $50.00, 1 records / 1 dates",1,1,1,5000,0,5000,False,False,2026-09-16,2026-09-16
record:141c5700fb911cdfb940ca5e,Nicholas Hara,provisional_record_group,Individual,1,"Tiffany Koyama Lane: $50.00, 1 records / 1 dates",1,1,1,5000,0,5000,False,False,2025-09-18,2025-09-18
record:14466646cb24b47b33f3cb71,Jeremy Sarant,provisional_record_group,Individual,1,"Steve Novick: $50.00, 1 records / 1 dates",1,1,1,5000,0,5000,False,False,2026-07-23,2026-07-23
record:1796f2d4b520020c17643c76,Isaiah Kaplan,provisional_record_group,Individual,1,"Mitch Green: $50.00, 1 records / 1 dates",1,1,1,5000,0,5000,False,False,2026-09-17,2026-09-17
record:18813948c332fe9742f01424,Justin Altemus,provisional_record_group,Individual,1,"Angelita Morillo: $50.00, 2 records / 2 dates",2,2,2,5000,0,5000,True,True,2026-05-12,2026-06-12
record:1d73120bc85a39f8467f15be,Michelle Milla,provisional_record_group,Individual,1,"Eli Arnold: $50.00, 1 records / 1 dates",1,1,1,5000,0,5000,False,False,2026-09-18,2026-09-18
record:1d9c2d7bb63bc4028bf1482f,Jessica Mindlin,provisional_record_group,Individual,1,"Steve Novick: $50.00, 1 records / 1 dates",1,1,1,5000,0,5000,False,False,2026-07-28,2026-07-28
record:27dfac4ec7d51f8875828060,Marsha Hanchrow,provisional_record_group,Individual,1,"Steve Novick: $50.00, 1 records / 1 dates",1,1,1,5000,0,5000,False,False,2026-09-24,2026-09-24
record:28cad4c0bdf4fcd56dc16ce6,Christine Hertzog,provisional_record_group,Individual,1,"Eli Arnold: $50.00, 1 records / 1 dates",1,1,1,5000,0,5000,False,False,2026-08-26,2026-08-26
record:2ab018f29a07830996290ba0,Richard Rees,provisional_record_group,Individual,1,"Eric Zimmerman: $50.00, 1 records / 1 dates",1,1,1,5000,0,5000,False,False,2026-09-21,2026-09-21
record:34b3c1727896955a7156da14,Carter Hagedorn,provisional_record_group,Individual,1,"Tiffany Koyama Lane: $50.00, 2 records / 2 dates",2,2,2,5000,0,5000,True,True,2026-08-06,2026-09-06
record:3f710d9f877af42242c2611b,Jennifer Pereau Shasserre,provisional_record_group,Individual,1,"Jamey Evenstar: $50.00, 1 records / 1 dates",1,1,1,5000,0,5000,False,False,2026-07-16,2026-07-16
record:4dc91b7e005d762f69972c61,Mary Knox,provisional_record_group,Individual,1,"Mitch Green: $50.00, 2 records / 2 dates",2,2,2,5000,0,5000,True,True,2026-07-31,2026-08-31
record:4f9d796441a887f711393c60,Ramin Farahmandpur,provisional_record_group,Individual,1,"Eric Zimmerman: $50.00, 1 records / 1 dates",1,1,1,5000,0,5000,False,False,2026-04-09,2026-04-09
record:6cfe4e712eb6df3d6133d534,Keith Voigt,provisional_record_group,Individual,1,"Eli Arnold: $50.00, 1 records / 1 dates",1,1,1,5000,0,5000,False,False,2026-07-22,2026-07-22
record:70c9cd3cb8779c32c0d77ddb,James Mclaughlin,provisional_record_group,Individual,1,"Eli Arnold: $50.00, 1 records / 1 dates",1,1,1,5000,0,5000,False,False,2026-08-01,2026-08-01
record:79c5749e917afd7c36ccddd4,Noah Siegel,provisional_record_group,Individual,1,"Kellie Torres: $50.00, 1 records / 1 dates",1,1,1,5000,0,5000,False,False,2026-09-06,2026-09-06
record:7e8b2221c988d234c0f4c841,David Dickson,provisional_record_group,Individual,1,"Eric Zimmerman: $50.00, 1 records / 1 dates",1,1,1,5000,0,5000,False,False,2026-08-21,2026-08-21
record:8ff326f77d38ea9e0cfc7dd9,Lili Koyama,provisional_record_group,Individual,1,"Tiffany Koyama Lane: $50.00, 2 records / 2 dates",2,2,2,5000,0,5000,True,True,2026-08-17,2026-08-25
record:9067612c9cab40bcfb24a454,Robert Derrick,provisional_record_group,Individual,1,"Eli Arnold: $50.00, 1 records / 1 dates",1,1,1,5000,0,5000,False,False,2026-09-02,2026-09-02
record:956a356004ec11b4a03f80aa,Doug Klotz,provisional_record_group,Individual,1,"Steve Novick: $50.00, 1 records / 1 dates",1,1,1,5000,0,5000,False,False,2026-09-24,2026-09-24
record:a70451b9ae1bf8615bd475f1,Dan Berne,provisional_record_group,Individual,1,"Eric Zimmerman: $50.00, 2 records / 2 dates",2,2,2,5000,0,5000,True,True,2026-07-09,2026-08-07
record:ab4096dbf9e577eef85e3cc2,James McLaughlin,provisional_record_group,Individual,1,"Eric Zimmerman: $50.00, 1 records / 1 dates",1,1,1,5000,0,5000,False,False,2026-05-11,2026-05-11
record:ad581621f748db2031354777,Elliot Leonard,provisional_record_group,Individual,1,"Steve Novick: $50.00, 1 records / 1 dates",1,1,1,5000,0,5000,False,False,2026-09-22,2026-09-22
record:b16dc74dae8e1a299f036e25,Mark Jamieson,provisional_record_group,Individual,1,"Kellie Torres: $50.00, 1 records / 1 dates",1,1,1,5000,0,5000,False,False,2026-08-23,2026-08-23
record:b37eecaa43ec09fa08a669ab,Peter Hayes,provisional_record_group,Individual,1,"Eli Arnold: $50.00, 1 records / 1 dates",1,1,1,5000,0,5000,False,False,2026-08-27,2026-08-27
record:bcb4875c085f962f8df9f346,John Urang,provisional_record_group,Individual,1,"Steve Novick: $50.00, 1 records / 1 dates",1,1,1,5000,0,5000,False,False,2026-08-04,2026-08-04
record:c17ab79e48bafe3263103371,Elizabeth Kilgore,provisional_record_group,Individual,1,"Tiffany Koyama Lane: $50.00, 1 records / 1 dates",1,1,1,5000,0,5000,False,False,2025-11-17,2025-11-17
record:cd7799aa96d5dcf0d6943093,Rosemary Schwimmer,provisional_record_group,Individual,1,"Kellie Torres: $50.00, 1 records / 1 dates",1,1,1,5000,0,5000,False,False,2026-07-21,2026-07-21
record:cdcea787406b601d46d5f69d,Randy Smith,provisional_record_group,Individual,1,"Eli Arnold: $50.00, 1 records / 1 dates",1,1,1,5000,0,5000,False,False,2026-08-28,2026-08-28
record:de416f88626c26f9cb724914,Myra Wilkinson,provisional_record_group,Individual,1,"Jeremy Beausoleil Smith: $50.00, 2 records / 2 dates",2,2,2,5000,0,5000,True,True,2026-05-31,2026-06-14
record:e171394ded6b1273358f57c2,Bryan Aptekar,provisional_record_group,Individual,1,"Kellie Torres: $50.00, 1 records / 1 dates",1,1,1,5000,0,5000,False,False,2026-07-21,2026-07-21
record:e18e02c4ffac3eaaf22e35cc,Parker Brocker-Knapp,provisional_record_group,Individual,1,"Eric Zimmerman: $50.00, 1 records / 1 dates",1,1,1,5000,0,5000,False,False,2026-08-21,2026-08-21
record:e97b8dc358dac975e05e1a73,Diana Stuart,provisional_record_group,Individual,1,"Kellie Torres: $50.00, 1 records / 1 dates",1,1,1,5000,0,5000,False,False,2026-08-09,2026-08-09
record:e9b6419f67fbef70fc146e22,James Mclaughlin,provisional_record_group,Individual,1,"Eric Zimmerman: $50.00, 1 records / 1 dates",1,1,1,5000,0,5000,False,False,2026-07-02,2026-07-02
record:ea8354a6e5061d5df7426673,Jan Zuckerman,provisional_record_group,Individual,1,"Mitch Green: $50.00, 1 records / 1 dates",1,1,1,5000,0,5000,False,False,2026-08-30,2026-08-30
record:ef511734b70d6ade6ffa61a8,Stu Peterson,provisional_record_group,Individual,1,"Eli Arnold: $50.00, 1 records / 1 dates",1,1,1,5000,0,5000,False,False,2026-05-30,2026-05-30
record:f0b0e68c9a9152a49cb2d506,Michael Casaday,provisional_record_group,Individual,1,"Angelita Morillo: $50.00, 1 records / 1 dates",1,1,1,5000,0,5000,False,False,2026-09-22,2026-09-22
record:f73ac1a0d54e91821d948c65,Robert Galanakis,provisional_record_group,Individual,1,"Tiffany Koyama Lane: $50.00, 1 records / 1 dates",1,1,1,5000,0,5000,False,False,2026-09-17,2026-09-17
record:fc16f99c19fb7691484f45f4,Mia Birk,provisional_record_group,Individual,1,"Kellie Torres: $50.00, 1 records / 1 dates",1,1,1,5000,0,5000,False,False,2026-09-06,2026-09-06
record:fc4339c486fa1a4580800165,Charlene M Westley,provisional_record_group,Individual,1,"Mitch Green: $50.00, 2 records / 2 dates",2,2,2,5000,0,5000,True,True,2026-07-26,2026-08-09
record:98f566820914d18c75ea355d,Gregory LaVielle,provisional_record_group,Individual,2,"Mitch Green: $25.00, 1 records / 1 dates | Jeremy Beausoleil Smith: $20.00, 1 records / 1 dates",2,2,2,4500,0,4500,False,False,2026-09-16,2026-09-20
record:76b63e50717101fbada0209d,Valdez Bravo,provisional_record_group,Individual,1,"Tiffany Koyama Lane: $40.00, 1 records / 1 dates",1,1,1,4000,0,4000,False,False,2026-07-30,2026-07-30
record:9bf2206f612688fa8d48d646,Kyle Curtis,provisional_record_group,Individual,1,"Tiffany Koyama Lane: $40.00, 1 records / 1 dates",1,1,1,4000,0,4000,False,False,2026-09-04,2026-09-04
record:9f63f3d2077b0a14aa00302a,Alison Stump,provisional_record_group,Individual,1,"Angelita Morillo: $38.33, 4 records / 4 dates",4,4,4,3833,0,3833,True,True,2026-08-09,2026-09-09
record:311a4dca3cde231898728f9d,Joel Stevenson,provisional_record_group,Individual,1,"Eli Arnold: $35.00, 2 records / 2 dates",2,2,2,3500,0,3500,True,True,2026-09-07,2026-09-19
record:b2f71716931f8fba3ae71ec9,Kaye Burnet,provisional_record_group,Individual,1,"Angelita Morillo: $35.00, 1 records / 1 dates",1,1,1,3500,0,3500,False,False,2026-09-20,2026-09-20
record:33302503a39cd43a7981421b,Charlie MIchelle-Westley,provisional_record_group,Individual,1,"Angelita Morillo: $30.00, 1 records / 1 dates",1,1,1,3000,0,3000,False,False,2026-08-13,2026-08-13
record:0bc84b5a6e458a1107958c67,Kimberly Branam,provisional_record_group,Individual,1,"Kellie Torres: $25.00, 1 records / 1 dates",1,1,1,2500,0,2500,False,False,2026-09-06,2026-09-06
record:126644e44e5552816d1a98a8,Jennifer Usselman,provisional_record_group,Individual,1,"Kellie Torres: $25.00, 1 records / 1 dates",1,1,1,2500,0,2500,False,False,2026-08-30,2026-08-30
record:248afdc6536f9d6f5238e16d,William Gilliland,provisional_record_group,Individual,1,"Eli Arnold: $25.00, 1 records / 1 dates",1,1,1,2500,0,2500,False,False,2026-08-18,2026-08-18
record:2be1ea64e1a624f7ee0b6b87,Bryan Lewis,provisional_record_group,Individual,1,"Tiffany Koyama Lane: $25.00, 1 records / 1 dates",1,1,1,2500,0,2500,False,False,2026-08-25,2026-08-25
record:2f85de622bc7f64d8045c914,Mary-Margaret Wheeler-Weber,provisional_record_group,Individual,1,"Steve Novick: $25.00, 1 records / 1 dates",1,1,1,2500,0,2500,False,False,2026-04-26,2026-04-26
record:32a0f354b4ba2dc385e1244f,Kristi Delagarza,provisional_record_group,Individual,1,"Eli Arnold: $25.00, 1 records / 1 dates",1,1,1,2500,0,2500,False,False,2026-09-21,2026-09-21
record:36c5a02ea49da0cb49047ac6,Margaret Bolger,provisional_record_group,Individual,1,"Steve Novick: $25.00, 1 records / 1 dates",1,1,1,2500,0,2500,False,False,2026-08-04,2026-08-04
record:418df6f743a206471150f685,Karen Stark,provisional_record_group,Individual,1,"Eli Arnold: $25.00, 1 records / 1 dates",1,1,1,2500,0,2500,False,False,2026-08-27,2026-08-27
record:4b1da52212a04b33879da1f2,Janice Gould,provisional_record_group,Individual,1,"Olivia Clark: $25.00, 1 records / 1 dates",1,1,1,2500,0,2500,False,False,2025-12-06,2025-12-06
record:4c251ed7e014efc3c3223743,John Daggett,provisional_record_group,Individual,1,"Eli Arnold: $25.00, 1 records / 1 dates",1,1,1,2500,0,2500,False,False,2026-09-16,2026-09-16
record:53590d96485fcd9812ad703f,Angie Pineo,provisional_record_group,Individual,1,"Tiffany Koyama Lane: $25.00, 1 records / 1 dates",1,1,1,2500,0,2500,False,False,2026-05-13,2026-05-13
record:5869413e7627cdd8889c9bb5,Nancy Bardeschewski,provisional_record_group,Individual,1,"Kellie Torres: $25.00, 1 records / 1 dates",1,1,1,2500,0,2500,False,False,2026-05-03,2026-05-03
record:612cb4c80656b5c142c01a80,Rocks Zayda,provisional_record_group,Individual,1,"Mitch Green: $25.00, 1 records / 1 dates",1,1,1,2500,0,2500,False,False,2026-09-01,2026-09-01
record:66fc9c9858f8e5184922df4b,Jeanne Kaliszewski,provisional_record_group,Individual,1,"Tiffany Koyama Lane: $25.00, 1 records / 1 dates",1,1,1,2500,0,2500,False,False,2026-06-05,2026-06-05
record:6dd260680720dc8338548e9f,Rion Bourgeois,provisional_record_group,Individual,1,"Steve Novick: $25.00, 1 records / 1 dates",1,1,1,2500,0,2500,False,False,2026-08-04,2026-08-04
record:8228b86f7896a58dd80000e4,John Gillette,provisional_record_group,Individual,1,"Eli Arnold: $25.00, 1 records / 1 dates",1,1,1,2500,0,2500,False,False,2026-09-02,2026-09-02
record:8fe07566c2fd7f573b462429,Jennifer Raleigh,provisional_record_group,Individual,1,"Eli Arnold: $25.00, 1 records / 1 dates",1,1,1,2500,0,2500,False,False,2026-09-11,2026-09-11
record:91e424642746cc471fbffba7,Erica Hartman,provisional_record_group,Individual,1,"Jayne Cronlund: $25.00, 1 records / 1 dates",1,1,1,2500,0,2500,False,False,2026-09-09,2026-09-09
record:9c36659cfc1222bdad2f4ecb,Dennis Harper,provisional_record_group,Individual,1,"Eli Arnold: $25.00, 1 records / 1 dates",1,1,1,2500,0,2500,False,False,2026-02-27,2026-02-27
record:a0238f575048e85970d59be7,Amelia MacRae,provisional_record_group,Individual,1,"Mitch Green: $25.00, 1 records / 1 dates",1,1,1,2500,0,2500,False,False,2026-09-18,2026-09-18
record:a32e090a18fa6fb099e4c9f6,Ellie Booth,provisional_record_group,Individual,1,"Kellie Torres: $25.00, 1 records / 1 dates",1,1,1,2500,0,2500,False,False,2026-08-02,2026-08-02
record:ab1aac9b9437156ac848bdd3,Thomas Rogers,provisional_record_group,Individual,1,"Mitch Green: $25.00, 1 records / 1 dates",1,1,1,2500,0,2500,False,False,2025-04-03,2025-04-03
record:ac5f93fdad682ea54d4e72ff,Lisa Kislingbury Anderson,provisional_record_group,Individual,1,"Tiffany Koyama Lane: $25.00, 1 records / 1 dates",1,1,1,2500,0,2500,False,False,2026-06-05,2026-06-05
record:bc41adb875e9be4a522475ff,Lew Bowers,provisional_record_group,Individual,1,"Steve Novick: $25.00, 1 records / 1 dates",1,1,1,2500,0,2500,False,False,2026-07-30,2026-07-30
record:d389863ad78d5a5bb20bd5fc,Vanessa Clifford,provisional_record_group,Individual,1,"Tiffany Koyama Lane: $25.00, 1 records / 1 dates",1,1,1,2500,0,2500,False,False,2026-05-22,2026-05-22
record:d441cdcca2e4ebb6596c20cf,Myra Wilkinson,provisional_record_group,Individual,1,"Jeremy Beausoleil Smith: $25.00, 1 records / 1 dates",1,1,1,2500,0,2500,False,False,2026-09-03,2026-09-03
record:d8f384dcef1640f034f815ba,John May,provisional_record_group,Individual,1,"Steve Novick: $25.00, 1 records / 1 dates",1,1,1,2500,0,2500,False,False,2026-08-20,2026-08-20
record:daebe4f2c6ceb64262d067a3,Michael Greenfield,provisional_record_group,Individual,1,"Steve Novick: $25.00, 1 records / 1 dates",1,1,1,2500,0,2500,False,False,2026-06-23,2026-06-23
record:e108489038c00b1886e3fb58,Angela Bonilla,provisional_record_group,Individual,1,"Tiffany Koyama Lane: $25.00, 1 records / 1 dates",1,1,1,2500,0,2500,False,False,2026-08-30,2026-08-30
record:e5983e428cdbf686f072844d,Mia Birk,provisional_record_group,Individual,1,"Eric Zimmerman: $25.00, 1 records / 1 dates",1,1,1,2500,0,2500,False,False,2026-08-21,2026-08-21
record:e76f5907f61f2ac082e8b53d,Christine Hertzog,provisional_record_group,Individual,1,"Eli Arnold: $25.00, 1 records / 1 dates",1,1,1,2500,0,2500,False,False,2026-09-16,2026-09-16
record:e8a4d0d98b9519a97ecaca53,Richard Peppers,provisional_record_group,Individual,1,"Steve Novick: $25.00, 1 records / 1 dates",1,1,1,2500,0,2500,False,False,2026-09-17,2026-09-17
record:826180ff337845729a2a5cc0,Brian Denning,provisional_record_group,Individual,1,"Tiffany Koyama Lane: $20.00, 2 records / 2 dates",2,2,2,2000,0,2000,True,True,2026-05-28,2026-08-28
record:94c7f2c0ad9c9c03947a4e24,Mary Davies,provisional_record_group,Individual,1,"Angelita Morillo: $20.00, 2 records / 2 dates",2,2,2,2000,0,2000,True,True,2025-11-09,2025-12-07
record:a00719bceb5bcd9cbba27724,James Russell,provisional_record_group,Individual,1,"Jamey Evenstar: $20.00, 1 records / 1 dates",1,1,1,2000,0,2000,False,False,2026-07-01,2026-07-01
record:e91c904872a7a97b0e7f3b6d,Lydia Hanson,provisional_record_group,Individual,1,"Tiffany Koyama Lane: $20.00, 1 records / 1 dates",1,1,1,2000,0,2000,False,False,2026-06-12,2026-06-12
record:acf3ffd48d2a4216b64b62b0,Valarie Smith,provisional_record_group,Individual,1,"Angelita Morillo: $15.00, 1 records / 1 dates",1,1,1,1500,0,1500,False,False,2026-08-30,2026-08-30
record:357c6a4c69d4cfeca8f920fa,Matt Santy,provisional_record_group,Individual,1,"Eli Arnold: $10.00, 1 records / 1 dates",1,1,1,1000,0,1000,False,False,2026-05-28,2026-05-28
record:889c31bd05536182698a9895,James Lindsay,provisional_record_group,Individual,1,"Eli Arnold: $10.00, 1 records / 1 dates",1,1,1,1000,0,1000,False,False,2026-09-21,2026-09-21
record:a12f2caab41478c33dad3d33,Jill Jarrett,provisional_record_group,Individual,1,"Eli Arnold: $10.00, 1 records / 1 dates",1,1,1,1000,0,1000,False,False,2026-09-16,2026-09-16
record:83a0ea2d2f258c08f0955273,Marisa Trujillo DeMull,provisional_record_group,Individual,1,"Jamey Evenstar: $5.00, 1 records / 1 dates",1,1,1,500,0,500,False,False,2026-07-16,2026-07-16
