snapshot,committee_id,candidate,entity_id,reported_name,reported_type,display_group,city,state,gross_cents,contribution_records,first_date,last_date
orestar-20250101-20260928-787cf45dc908,4792,Tina Kotek,record:e6f13f4213c33a407d5c8ccc,Democratic Governors Association,Other,governors,Washington,DC,150000000,1,2026-07-27,2026-07-27
orestar-20250101-20260928-787cf45dc908,4792,Tina Kotek,record:16adb3ec666a5db78a64bcdb,Democratic Governors Victory Fund,Unregistered Committee,governors,Indianapolis,IN,125000000,2,2025-12-19,2026-06-26
orestar-20250101-20260928-787cf45dc908,4792,Tina Kotek,committee:33,Citizen Action for Political Education (33),Political Committee,labor,Salem,OR,100000000,5,2026-07-29,2026-09-16
orestar-20250101-20260928-787cf45dc908,4792,Tina Kotek,committee:12986,Oregon Nurses Political Action Committee (12986),Political Committee,labor,Tualatin,OR,82000000,7,2025-09-02,2026-09-04
orestar-20250101-20260928-787cf45dc908,4792,Tina Kotek,committee:4572,Local 48 Electricians PAC (4572),Political Committee,labor,Portland,OR,50000000,2,2025-10-02,2026-06-26
orestar-20250101-20260928-787cf45dc908,4792,Tina Kotek,committee:23285,Building a Stronger Oregon (23285),Political Committee,labor,Portland,OR,25500000,2,2025-01-07,2026-08-21
orestar-20250101-20260928-787cf45dc908,4792,Tina Kotek,record:000735d46ac9d734c5e646ba,American Federation of Teachers Commitee Federal,Unregistered Committee,labor,Washington,DC,25000000,2,2026-05-19,2026-08-03
orestar-20250101-20260928-787cf45dc908,4792,Tina Kotek,record:a232a1eaed5d107736605e0e,Building a Stronger West,Other,labor,Los Angeles,CA,25000000,2,2025-11-06,2026-01-09
orestar-20250101-20260928-787cf45dc908,4792,Tina Kotek,record:38b78e0678f4737d4c2ccec0,AFSCME International,Labor Organization,labor,Washington,DC,20000000,1,2026-07-27,2026-07-27
orestar-20250101-20260928-787cf45dc908,4792,Tina Kotek,record:62322bc4d4f0951759b2db18,Kelly Kimball,Individual,individual,Agoura Hills,CA,20000000,3,2025-09-22,2026-08-18
orestar-20250101-20260928-787cf45dc908,4792,Tina Kotek,committee:2352,Oregon League of Conservation Voters PAC (2352),Political Committee,other,Portland,OR,20000000,1,2026-08-12,2026-08-12
orestar-20250101-20260928-787cf45dc908,4792,Tina Kotek,committee:4213,SEIU Local 49 COPE Fund (4213),Political Committee,labor,Portland,OR,20000000,1,2026-09-09,2026-09-09
orestar-20250101-20260928-787cf45dc908,4792,Tina Kotek,record:e0e05615f231d645e542d686,UFCW Active Ballot Club General Fund,Unregistered Committee,labor,Washington,DC,20000000,2,2026-05-20,2026-08-22
orestar-20250101-20260928-787cf45dc908,4792,Tina Kotek,record:d4f26d2f7c891b146dc0a190,Centene Management Company LLC,Business Entity,business,St. Louis,MO,14000000,4,2025-09-10,2026-07-10
orestar-20250101-20260928-787cf45dc908,4792,Tina Kotek,committee:221,Plumbers & Steamfitters PAC (221),Political Committee,labor,Tualatin,OR,10029000,1,2025-12-22,2025-12-22
orestar-20250101-20260928-787cf45dc908,4792,Tina Kotek,record:95987b1045fc0dca5e28a51a,Avamere Skilled Advisors,Business Entity,business,Wilsonville,OR,10000000,1,2026-03-23,2026-03-23
orestar-20250101-20260928-787cf45dc908,4792,Tina Kotek,record:2f5dd8513da2b7feca1b7f4c,Jay (JB) Pritzker,Individual,individual,Chicago,IL,10000000,1,2026-02-25,2026-02-25
orestar-20250101-20260928-787cf45dc908,4792,Tina Kotek,record:4f4fc188a2611df75e29e926,Northwest Regional Organizing Coalition PAC,Unregistered Committee,labor,Seattle,WA,10000000,1,2026-09-16,2026-09-16
orestar-20250101-20260928-787cf45dc908,4792,Tina Kotek,record:9c3a0321e4b278c75c95c2b1,Stephen Silberstein,Individual,individual,Belvedere,CA,7500000,1,2026-07-14,2026-07-14
orestar-20250101-20260928-787cf45dc908,4792,Tina Kotek,committee:16178,SMART Local 16 PAC (16178),Political Committee,labor,Portland,OR,5001600,1,2025-10-06,2025-10-06
orestar-20250101-20260928-787cf45dc908,4792,Tina Kotek,committee:21701,Care for our Seniors (21701),Political Committee,other,Portland,OR,5000000,1,2026-09-21,2026-09-21
orestar-20250101-20260928-787cf45dc908,4792,Tina Kotek,record:6f4c42c17af25d345f9a1616,International Association of Fire Fighters,Other,labor,Washington,DC,5000000,1,2026-08-11,2026-08-11
orestar-20250101-20260928-787cf45dc908,4792,Tina Kotek,committee:3816,Iron Workers District Council of the Pacific Northwest (3816),Political Committee,labor,Portland,OR,5000000,1,2025-10-14,2025-10-14
orestar-20250101-20260928-787cf45dc908,4792,Tina Kotek,record:bca76c87a5cd7d924f85a9ed,Jeff Swickard,Individual,individual,Las Vegas,NV,5000000,1,2025-09-24,2025-09-24
orestar-20250101-20260928-787cf45dc908,4792,Tina Kotek,record:f6b6f725658de20da07e0618,Motor Vehicle Software Corporation,Business Entity,business,Agoura Hills,CA,5000000,1,2025-10-07,2025-10-07
orestar-20250101-20260928-787cf45dc908,4792,Tina Kotek,committee:161,Oregon Hospital Political Action Committee (161),Political Committee,trade,Lake Oswego,OR,5000000,2,2026-08-10,2026-09-23
orestar-20250101-20260928-787cf45dc908,4792,Tina Kotek,record:a4ee4b56489e74ebaf2362e2,Oregon State Fire Fighters Council,Labor Organization,labor,Salem,OR,5000000,1,2026-07-28,2026-07-28
orestar-20250101-20260928-787cf45dc908,4792,Tina Kotek,record:ec03128ec34e088a49f1d95a,Rule42 Sports Group LLC,Business Entity,business,Portland,OR,5000000,1,2026-08-28,2026-08-28
orestar-20250101-20260928-787cf45dc908,4792,Tina Kotek,record:6115bd2b4163df26c5b2ed7d,Motor Vehicle Software Corporation dba VITU,Business Entity,business,Agoura Hills,CA,4999950,1,2026-07-31,2026-07-31
orestar-20250101-20260928-787cf45dc908,4792,Tina Kotek,record:22c24f62f148fd81665ecc2b,Paulson Coletti Trial Attorneys PC,Business Entity,business,Lake Oswego,OR,4000000,1,2026-08-17,2026-08-17
orestar-20250101-20260928-787cf45dc908,4792,Tina Kotek,committee:2069,Oregonians for Affordable Housing (2069),Political Committee,other,Salem,OR,3700000,4,2025-10-17,2026-08-20
orestar-20250101-20260928-787cf45dc908,4792,Tina Kotek,committee:14041,Equitable Housing PAC (14041),Political Committee,other,Tigard,OR,3500000,3,2025-10-02,2026-08-28
orestar-20250101-20260928-787cf45dc908,4792,Tina Kotek,record:1fcc6f78155ea88528a84919,Pickett Dummigan Weingart LLP,Business Entity,business,Portland,OR,3500000,3,2025-04-03,2026-08-17
orestar-20250101-20260928-787cf45dc908,4792,Tina Kotek,record:0ec49c808c642dbbd14a83bb,Gordon Keane,Individual,individual,Portland,OR,3150000,6,2025-04-16,2026-04-06
orestar-20250101-20260928-787cf45dc908,4792,Tina Kotek,record:b847e9b2d689566ed1d9acc5,NextEra Energy Resources LLC,Business Entity,business,Juno Beach,FL,3000000,3,2026-01-26,2026-06-18
orestar-20250101-20260928-787cf45dc908,4792,Tina Kotek,committee:126,Oregon Beverage PAC (126),Political Committee,other,Portland,OR,3000000,2,2025-10-09,2026-06-08
orestar-20250101-20260928-787cf45dc908,4792,Tina Kotek,committee:197,Oregon Soft Drink PAC (197),Political Committee,other,Salem,OR,3000000,2,2025-10-10,2026-06-08
orestar-20250101-20260928-787cf45dc908,4792,Tina Kotek,committee:1579,Oregonians to Maintain Community Standards (1579),Political Committee,other,Portland,OR,3000000,2,2025-12-29,2026-07-30
orestar-20250101-20260928-787cf45dc908,4792,Tina Kotek,record:63ce27cf195ca6867529ac4c,Regence Blue Cross Blue Shield,Business Entity,business,Portland,OR,2650000,5,2025-10-06,2026-08-06
orestar-20250101-20260928-787cf45dc908,4792,Tina Kotek,record:4cb4b64d528ea3f03e4b10ae,Engineers Political Education Committee,Unregistered Committee,other,Washington,DC,2500000,1,2026-03-30,2026-03-30
orestar-20250101-20260928-787cf45dc908,4792,Tina Kotek,record:7cd0e11fa9e7041d8e4460ce,Felicity Davis,Individual,individual,Silverton,OR,2500000,1,2025-06-18,2025-06-18
orestar-20250101-20260928-787cf45dc908,4792,Tina Kotek,record:8a3f5569ad1dc8b2879b3a58,Hayden Watson,Individual,individual,Bend,OR,2500000,1,2025-12-18,2025-12-18
orestar-20250101-20260928-787cf45dc908,4792,Tina Kotek,record:2b8c117a50e11dac33c36cd0,Nicholas Greenfield,Individual,individual,Portland,OR,2500000,1,2026-09-02,2026-09-02
orestar-20250101-20260928-787cf45dc908,4792,Tina Kotek,record:b3ca49e52a92d594926f2516,Rajeev Reddy Penubolu,Individual,individual,Plain City,OH,2500000,1,2026-09-14,2026-09-14
orestar-20250101-20260928-787cf45dc908,4792,Tina Kotek,record:664d56c82bec57bae719a1ae,Roger Worthington,Individual,individual,Bend,OR,2500000,2,2025-12-09,2026-07-15
orestar-20250101-20260928-787cf45dc908,4792,Tina Kotek,record:06d8ba574345c93706492edb,Schnitzer Properties LLC,Business Entity,business,Portland,OR,2500000,1,2025-12-15,2025-12-15
orestar-20250101-20260928-787cf45dc908,4792,Tina Kotek,record:64a81708f4fbf86f10b7b6b6,Srinivas Mukkamala,Individual,individual,Cupertino,NM,2500000,1,2026-09-14,2026-09-14
orestar-20250101-20260928-787cf45dc908,4792,Tina Kotek,record:98be45bf49ebe48b6dad60a1,The Barton Law Firm,Business Entity,business,Newport,OR,2500000,2,2025-11-10,2026-08-20
orestar-20250101-20260928-787cf45dc908,4792,Tina Kotek,record:4788a51f722b953092c35d9d,Tim Quenelle,Individual,individual,Portland,OR,2500000,1,2026-09-14,2026-09-14
orestar-20250101-20260928-787cf45dc908,4792,Tina Kotek,record:166f82665ec6e03a918b5f04,Tom D'Amore,Individual,individual,Lake Oswego,OR,2500000,2,2025-10-29,2026-08-26
orestar-20250101-20260928-787cf45dc908,4792,Tina Kotek,committee:12844,Oregon Climate PAC (12844),Political Committee,other,Portland,OR,2400000,2,2026-05-15,2026-06-18
orestar-20250101-20260928-787cf45dc908,4792,Tina Kotek,record:78b9aa402d8e05a3d378c4cc,Molly Mccabe,Individual,individual,Santa Monica,CA,2350000,2,2026-01-21,2026-07-30
orestar-20250101-20260928-787cf45dc908,4792,Tina Kotek,committee:17638,AllCare Physicians PAC (17638),Political Committee,other,Grants Pass,OR,2250000,3,2025-09-16,2026-05-19
orestar-20250101-20260928-787cf45dc908,4792,Tina Kotek,record:aa331e19078abd1c802752d1,"Uber Technologies, Inc.",Business Entity,business,San Rafael,CA,2250000,2,2025-11-10,2026-06-26
orestar-20250101-20260928-787cf45dc908,4792,Tina Kotek,record:a50ac0d65fd67632e5faec50,Christopher Minnich,Individual,individual,Oregon City,OR,2050000,3,2025-10-01,2026-07-08
orestar-20250101-20260928-787cf45dc908,4792,Tina Kotek,record:20593de304ded8178b828048,American Beverage Association,Other,other,Washington,DC,2000000,2,2025-10-10,2026-05-11
orestar-20250101-20260928-787cf45dc908,4792,Tina Kotek,record:521232c35464609252158888,Avangrid Inc.,Business Entity,business,Portland,ME,2000000,2,2025-09-22,2026-06-24
orestar-20250101-20260928-787cf45dc908,4792,Tina Kotek,record:4d13b09bedf85fc39b883576,"DoorDash, Inc",Business Entity,business,San Francisco,CA,2000000,4,2025-11-06,2026-09-22
orestar-20250101-20260928-787cf45dc908,4792,Tina Kotek,record:ef7fa3992709b7c5df6a53ad,Genentech,Business Entity,business,South San Francisco,CA,2000000,1,2026-05-13,2026-05-13
orestar-20250101-20260928-787cf45dc908,4792,Tina Kotek,record:c644e824de0cabce22c1b000,Google Client Services LLC,Business Entity,business,Mountain View,CA,2000000,3,2025-12-08,2026-07-27
orestar-20250101-20260928-787cf45dc908,4792,Tina Kotek,record:2e7f808ed3680a42f1c08ff5,LSN Partners LLC,Business Entity,business,Miami,FL,2000000,2,2025-12-10,2026-08-26
orestar-20250101-20260928-787cf45dc908,4792,Tina Kotek,record:1a18fbc403061d6b513ae22a,MN8 Energy LLC,Business Entity,business,New York,NY,2000000,2,2025-12-11,2026-07-29
orestar-20250101-20260928-787cf45dc908,4792,Tina Kotek,record:9c2dab49d1be3c1939d99091,Oregon AFSCME Council 75,Labor Organization,labor,Salem,OR,2000000,1,2026-05-07,2026-05-07
orestar-20250101-20260928-787cf45dc908,4792,Tina Kotek,committee:2307,Oregon School Employees Association - Voice of Involved Classified Employees (2307),Political Committee,other,Salem,OR,2000000,1,2026-08-20,2026-08-20
orestar-20250101-20260928-787cf45dc908,4792,Tina Kotek,committee:266,Oregon Truck PAC (266),Political Committee,other,Milwaukie,OR,2000000,1,2026-05-27,2026-05-27
orestar-20250101-20260928-787cf45dc908,4792,Tina Kotek,record:1c02c07ced4de6da07bdc691,PacificCorp,Business Entity,business,Portland,OR,2000000,2,2025-10-06,2026-05-13
orestar-20250101-20260928-787cf45dc908,4792,Tina Kotek,record:68f489c9de8635a89aa627b2,Piucci Law LLC,Business Entity,business,Portland,OR,2000000,1,2026-08-19,2026-08-19
orestar-20250101-20260928-787cf45dc908,4792,Tina Kotek,record:0f2ed9958e68c68cab353dc5,Robert Beatty-Walters,Individual,individual,Portland,OR,2000000,1,2026-09-02,2026-09-02
orestar-20250101-20260928-787cf45dc908,4792,Tina Kotek,record:9a69de74be63158d43e6f31a,Ronald Abramson,Individual,individual,Washington,DC,2000000,4,2026-03-11,2026-08-12
orestar-20250101-20260928-787cf45dc908,4792,Tina Kotek,record:529c40fa3a25abf7077a7881,The Gatti Law Firm,Business Entity,business,Salem,OR,2000000,1,2026-08-31,2026-08-31
orestar-20250101-20260928-787cf45dc908,4792,Tina Kotek,record:401c45f5a27e5a83da8c835e,Walter Grodahl,Individual,individual,Nashville,TN,2000000,2,2026-05-28,2026-09-21
orestar-20250101-20260928-787cf45dc908,4792,Tina Kotek,record:7ddef7f0eee7e6519b3af355,Barry Thalden,Individual,individual,Ashland,OR,1850000,4,2025-04-23,2026-08-19
orestar-20250101-20260928-787cf45dc908,4792,Tina Kotek,committee:152,Northwest Grocery Assoc. PAC (152),Political Committee,other,Lake Oswego,OR,1750000,2,2025-11-06,2026-09-22
orestar-20250101-20260928-787cf45dc908,4792,Tina Kotek,committee:51,Credit Union Legislative Action Fund (51),Political Committee,other,Tigard,OR,1600000,3,2025-10-14,2026-09-15
orestar-20250101-20260928-787cf45dc908,4792,Tina Kotek,committee:54,Dentists of Oregon PAC (54),Political Committee,other,Wilsonville,OR,1600000,4,2025-10-06,2026-07-29
orestar-20250101-20260928-787cf45dc908,4792,Tina Kotek,record:3ded7f5db27632bb02750346,Don Corson,Individual,individual,Eugene,OR,1600000,3,2025-10-08,2026-08-19
orestar-20250101-20260928-787cf45dc908,4792,Tina Kotek,record:3b83cc623703e2743ef28fa1,Lara Johnson Corson,Individual,individual,Eugene,OR,1600000,4,2025-10-22,2026-08-19
orestar-20250101-20260928-787cf45dc908,4792,Tina Kotek,record:0abefb2227046e7e3905b7ec,PacificSource Health Plans,Business Entity,business,Springfield,OR,1550000,4,2025-10-27,2026-08-06
orestar-20250101-20260928-787cf45dc908,4792,Tina Kotek,committee:3094,Amalgamated Transit Union 757 Political Fund (3094),Political Committee,other,Portland,OR,1500000,2,2026-01-02,2026-09-16
orestar-20250101-20260928-787cf45dc908,4792,Tina Kotek,record:14087884514c3c6c470ffe98,Chris Stolte,Individual,individual,Seattle,WA,1500000,1,2026-05-13,2026-05-13
orestar-20250101-20260928-787cf45dc908,4792,Tina Kotek,record:72b067c96b1834820b27511d,Ernest Brickell,Individual,individual,Hillsboro,OR,1500000,3,2026-02-11,2026-09-02
orestar-20250101-20260928-787cf45dc908,4792,Tina Kotek,record:ea8ac03cdabd2ba880218678,FamilyCare Inc.,Business Entity,business,Portland,OR,1500000,2,2025-10-14,2026-07-10
orestar-20250101-20260928-787cf45dc908,4792,Tina Kotek,record:02724c5f3603c2d8eb930673,Frank Piacentini,Individual,individual,Portland,OR,1500000,3,2025-11-13,2026-07-08
orestar-20250101-20260928-787cf45dc908,4792,Tina Kotek,committee:16459,Friends of Rob Nosse (16459),Political Committee,other,Portland,OR,1500000,3,2025-12-23,2026-09-15
orestar-20250101-20260928-787cf45dc908,4792,Tina Kotek,record:40fde106dfbc350b1b5dba08,Greg Macpherson,Individual,individual,Albany,OR,1500000,3,2025-03-17,2026-07-31
orestar-20250101-20260928-787cf45dc908,4792,Tina Kotek,record:d9c582ffb910b9871a808154,Idaho Power Company,Business Entity,business,Boise,ID,1500000,2,2025-08-11,2026-05-27
orestar-20250101-20260928-787cf45dc908,4792,Tina Kotek,record:d4e0f47b05336c463256d541,Intel Corporation,Business Entity,business,Hillsboro,OR,1500000,2,2025-12-24,2026-09-22
orestar-20250101-20260928-787cf45dc908,4792,Tina Kotek,record:3922089ad06a7d3c77b10f6b,Lois Seed,Individual,individual,Portland,OR,1500000,2,2025-10-01,2026-07-16
orestar-20250101-20260928-787cf45dc908,4792,Tina Kotek,record:37426688e4b5c8f37823def9,Melinda Gates,Individual,individual,Kirkland,WA,1500000,1,2026-03-05,2026-03-05
orestar-20250101-20260928-787cf45dc908,4792,Tina Kotek,committee:191,Oregon Realtors Political Action Committee (191),Political Committee,other,Salem,OR,1500000,1,2025-10-23,2025-10-23
orestar-20250101-20260928-787cf45dc908,4792,Tina Kotek,record:25ebb7a80cee065206a3ddbb,Ryan Offutt,Individual,individual,Fargo,ND,1500000,1,2025-09-10,2025-09-10
orestar-20250101-20260928-787cf45dc908,4792,Tina Kotek,record:d7d488c994c88bf29691cd86,Sara Weinstein,Individual,individual,Portland,OR,1500000,3,2025-11-13,2026-07-08
orestar-20250101-20260928-787cf45dc908,4792,Tina Kotek,record:3828788871e36fc01f65b284,The Springs Living LLC,Business Entity,business,Mcminnville,OR,1500000,2,2025-11-24,2026-01-26
orestar-20250101-20260928-787cf45dc908,4792,Tina Kotek,record:1e05b748ff12514a1b261afd,"Thomas, Coon, Newton & Frost Attorneys at Law",Business Entity,business,Portland,OR,1500000,1,2026-09-03,2026-09-03
orestar-20250101-20260928-787cf45dc908,4792,Tina Kotek,record:ba502668270ce20faf7bb957,Tillamook County Creamery Association,Other,other,Tillamook,OR,1500000,2,2025-12-16,2026-07-27
orestar-20250101-20260928-787cf45dc908,4792,Tina Kotek,record:b54fca459f4402566b0f62ed,Timothy Boyle,Individual,individual,Portland,OR,1500000,1,2026-04-20,2026-04-20
orestar-20250101-20260928-787cf45dc908,4792,Tina Kotek,record:fc275f8c25571546ee8ecce8,William Willitts,Individual,individual,Sisters,OR,1432600,2,2026-07-15,2026-09-10
orestar-20250101-20260928-787cf45dc908,4792,Tina Kotek,record:7c6cde6a7a12d0df979576dc,Wendy Seldon,Individual,individual,Ashland,OR,1430000,3,2025-10-16,2026-09-21
orestar-20250101-20260928-787cf45dc908,4792,Tina Kotek,record:410196ec520bb09f2fa2b5e4,Gordon Keane,Individual,individual,Portland,OR,1425000,5,2026-04-29,2026-09-10
orestar-20250101-20260928-787cf45dc908,4792,Tina Kotek,record:9445af42da481c72670a68a2,UnitedHealth Group Inc. PAC (UNITED FOR HEALTH),Unregistered Committee,other,Washington,DC,1300000,3,2025-12-04,2026-08-27
orestar-20250101-20260928-787cf45dc908,4792,Tina Kotek,committee:15808,Coalition for a Healthy Oregon PAC (15808),Political Committee,other,Portland,OR,1250000,3,2025-01-07,2026-08-13
orestar-20250101-20260928-787cf45dc908,4792,Tina Kotek,record:f4da449737d4f49699171c45,Confederated Tribes of the Umatilla Indian Reservation,Other,other,Pendleton,OR,1200000,2,2025-12-09,2026-09-21
orestar-20250101-20260928-787cf45dc908,4792,Tina Kotek,record:a78d3e2569668943c24023ee,Deb Flagan,Individual,individual,Bend,OR,1100000,3,2025-11-26,2026-09-13
orestar-20250101-20260928-787cf45dc908,4792,Tina Kotek,record:c1c6c5e845af4142b0eb3974,Nicholas Greenfield,Individual,individual,Portland,OR,1100000,3,2025-07-07,2026-03-11
orestar-20250101-20260928-787cf45dc908,4792,Tina Kotek,record:52e9759c48659f100e2546a8,Kafoury & McDougal,Business Entity,business,Portland,OR,1050000,3,2025-12-19,2025-12-19
orestar-20250101-20260928-787cf45dc908,4792,Tina Kotek,record:166f105ed17808c05520818d,Addiction Counselor Certification Board of Oregon,Other,other,Portland,OR,1000000,1,2026-05-04,2026-05-04
orestar-20250101-20260928-787cf45dc908,4792,Tina Kotek,record:565dc2e8af7ce27500615964,Albertsons Safeway,Business Entity,business,Phoenix,AZ,1000000,3,2025-08-11,2026-09-22
orestar-20250101-20260928-787cf45dc908,4792,Tina Kotek,record:7d219e2f006c2865f6de62ca,Alyssa Carrier,Individual,individual,Littleton,CO,1000000,1,2025-11-13,2025-11-13
orestar-20250101-20260928-787cf45dc908,4792,Tina Kotek,record:dd2a486827ab11a2a3ea5104,"Amazon.com Services, Inc.",Business Entity,business,Seattle,WA,1000000,1,2025-11-25,2025-11-25
orestar-20250101-20260928-787cf45dc908,4792,Tina Kotek,record:59179d6ccc251568cfbfadcc,"BH Social Rehabs Holdings, LLC",Business Entity,business,Portland,OR,1000000,1,2026-05-27,2026-05-27
orestar-20250101-20260928-787cf45dc908,4792,Tina Kotek,record:f74202d267e44b314505f502,Behavioral Health Solutions,Business Entity,business,Henderson,NV,1000000,1,2026-09-23,2026-09-23
orestar-20250101-20260928-787cf45dc908,4792,Tina Kotek,record:10b7de23fd740c18d7be6f57,Benjamin Pray,Individual,individual,Portland,OR,1000000,1,2026-08-19,2026-08-19
orestar-20250101-20260928-787cf45dc908,4792,Tina Kotek,record:990f8d103c1aebf8b7b30005,Benjamin Pray,Individual,individual,Portland,OR,1000000,1,2025-12-29,2025-12-29
orestar-20250101-20260928-787cf45dc908,4792,Tina Kotek,record:49f29fc7438fbd8910d2c2ff,Brightstar Global Solutions Corporation,Business Entity,business,Providence,RI,1000000,1,2025-09-08,2025-09-08
orestar-20250101-20260928-787cf45dc908,4792,Tina Kotek,record:c13d81289bfbfa7ea59ac686,Caleb Beaudin,Individual,individual,Oregon City,OR,1000000,1,2026-09-02,2026-09-02
orestar-20250101-20260928-787cf45dc908,4792,Tina Kotek,record:324ed298a39a2e3a55f30fe4,"Couve Healthcare Consulting, LLC",Business Entity,business,Vancouver,WA,1000000,1,2025-11-24,2025-11-24
orestar-20250101-20260928-787cf45dc908,4792,Tina Kotek,record:e8c8ad134cda708e9d206de2,Cow Creek Band of Umpqua Tribe of Indians,Other,other,Roseburg,OR,1000000,1,2026-05-04,2026-05-04
orestar-20250101-20260928-787cf45dc908,4792,Tina Kotek,record:9e4e26c32a2ad9fe752479b0,DaVita,Business Entity,business,Federal Way,WA,1000000,2,2025-07-22,2025-12-17
orestar-20250101-20260928-787cf45dc908,4792,Tina Kotek,record:54dcac006009f30ca8b33723,Daniel Cardinali,Individual,individual,Washington,DC,1000000,1,2026-04-01,2026-04-01
orestar-20250101-20260928-787cf45dc908,4792,Tina Kotek,record:9e042ffae3fb579a0a47a806,Deb Flagan,Individual,individual,Deschutes County,OR,1000000,1,2025-10-22,2025-10-22
orestar-20250101-20260928-787cf45dc908,4792,Tina Kotek,record:17e86fa6a4beb60e19f5662e,Dirk Van Der Velde,Individual,individual,Bend,OR,1000000,2,2026-08-12,2026-09-02
orestar-20250101-20260928-787cf45dc908,4792,Tina Kotek,record:4cc6930715d51f6e0a0fb229,Frank Foti,Individual,individual,Carlton,OR,1000000,1,2025-10-01,2025-10-01
orestar-20250101-20260928-787cf45dc908,4792,Tina Kotek,committee:15255,Friends of Elizabeth Steiner (15255),Political Committee,other,Portland,OR,1000000,1,2025-10-21,2025-10-21
orestar-20250101-20260928-787cf45dc908,4792,Tina Kotek,committee:18396,Friends of Rob Wagner (18396),Political Committee,other,Lake Oswego,OR,1000000,2,2026-01-16,2026-08-06
orestar-20250101-20260928-787cf45dc908,4792,Tina Kotek,record:3ae7438c82b0071264445935,Fuiten West LP,Business Entity,business,Hillsboro,OR,1000000,1,2026-01-30,2026-01-30
orestar-20250101-20260928-787cf45dc908,4792,Tina Kotek,record:8d432472bfa26c96807b0e89,GenenPAC,Unregistered Committee,other,So. San Fransisco,CA,1000000,1,2025-12-08,2025-12-08
orestar-20250101-20260928-787cf45dc908,4792,Tina Kotek,record:25dc082ee98e3d2e4b874665,Golden Grail Group,Business Entity,business,Portland,OR,1000000,1,2026-09-21,2026-09-21
orestar-20250101-20260928-787cf45dc908,4792,Tina Kotek,record:d10308f831f9c1e272b987ef,J David Page,Individual,individual,Tacoma,WA,1000000,1,2026-06-03,2026-06-03
orestar-20250101-20260928-787cf45dc908,4792,Tina Kotek,record:3897865dbee1f57631ebdbbf,James Kelly,Individual,individual,Kimberly,OR,1000000,1,2026-03-18,2026-03-18
orestar-20250101-20260928-787cf45dc908,4792,Tina Kotek,record:175d5af4fc79de0d9f03980d,Julie Bailey,Individual,individual,Yachats,OR,1000000,1,2026-07-17,2026-07-17
orestar-20250101-20260928-787cf45dc908,4792,Tina Kotek,record:d91bca34f6c8f4bc2987d8fd,Lee Jurasevich,Individual,individual,Eugene,OR,1000000,2,2025-10-01,2026-03-04
orestar-20250101-20260928-787cf45dc908,4792,Tina Kotek,record:41dba1f2b9e9dd417d96f7c7,Michel Bayard,Individual,individual,Bend,OR,1000000,1,2026-09-18,2026-09-18
orestar-20250101-20260928-787cf45dc908,4792,Tina Kotek,record:7c13d9e1c3175f157ba74811,"Moda Partners, Inc.",Business Entity,business,Portland,OR,1000000,1,2025-10-20,2025-10-20
orestar-20250101-20260928-787cf45dc908,4792,Tina Kotek,record:7aade2058103062ead648058,Motorola Solutions Inc PAC,Unregistered Committee,other,Washington,DC,1000000,2,2025-08-11,2026-05-27
orestar-20250101-20260928-787cf45dc908,4792,Tina Kotek,record:6539a98c3f90cbe20900c380,"NIKE, Inc. and Affiliates",Business Entity,business,Beaverton,OR,1000000,1,2026-08-30,2026-08-30
orestar-20250101-20260928-787cf45dc908,4792,Tina Kotek,record:54311598cc6a61a9391ce55b,North American Building Trades Union,Business Entity,business,Washington,DC,1000000,1,2026-07-30,2026-07-30
orestar-20250101-20260928-787cf45dc908,4792,Tina Kotek,committee:17220,OFNHP AFT 5017 Political Action Committee (17220),Political Committee,other,Tigard,OR,1000000,1,2026-09-03,2026-09-03
orestar-20250101-20260928-787cf45dc908,4792,Tina Kotek,committee:275,Oregon Health Care Association PAC (275),Political Committee,other,Portland,OR,1000000,1,2025-10-06,2025-10-06
orestar-20250101-20260928-787cf45dc908,4792,Tina Kotek,record:63a8d42ed9a233e6082df972,Paul Schulz Investments,Business Entity,business,Lake Oswego,OR,1000000,2,2025-05-29,2026-04-23
orestar-20250101-20260928-787cf45dc908,4792,Tina Kotek,record:3972d4be205aedf568c91fed,Philip Barnhart,Individual,individual,Eugene,OR,1000000,2,2025-10-01,2026-03-26
orestar-20250101-20260928-787cf45dc908,4792,Tina Kotek,record:72cc6cf387eee1cd91a92c93,Portland Diamond Project,Other,other,Portland,OR,1000000,1,2025-08-13,2025-08-13
orestar-20250101-20260928-787cf45dc908,4792,Tina Kotek,record:cf1624ed57c4ee7ab85ea473,Robert Douglas,Individual,individual,Salem,OR,1000000,1,2026-04-29,2026-04-29
orestar-20250101-20260928-787cf45dc908,4792,Tina Kotek,record:0f60c2473f999d16746b06ca,Robert Quillin,Individual,individual,Portland,OR,1000000,2,2025-11-05,2026-03-11
orestar-20250101-20260928-787cf45dc908,4792,Tina Kotek,record:1d984fd6daf07a96f318ccb7,Robert Tower,Individual,individual,Portland,OR,1000000,2,2025-06-11,2026-07-08
orestar-20250101-20260928-787cf45dc908,4792,Tina Kotek,record:acccc602452d722e1fa1c83a,Roseburg Forest Products Co.,Business Entity,business,Springfield,OR,1000000,1,2026-09-08,2026-09-08
orestar-20250101-20260928-787cf45dc908,4792,Tina Kotek,record:271df103e91a53113b189572,Ross Lienhart,Individual,individual,Portland,OR,1000000,2,2025-04-23,2026-05-06
orestar-20250101-20260928-787cf45dc908,4792,Tina Kotek,record:a5a6f4f467a044345c7765bd,"Sapphire Health Services, LLC",Business Entity,business,Portland,OR,1000000,1,2025-11-24,2025-11-24
orestar-20250101-20260928-787cf45dc908,4792,Tina Kotek,record:8a063e7705d549969d1f017f,Shannon Hunt-Scott,Individual,individual,Los Gatos,CA,1000000,2,2026-04-06,2026-09-21
orestar-20250101-20260928-787cf45dc908,4792,Tina Kotek,record:e27c27ae54586e194d5ed17c,"Shiftkey, LLC",Business Entity,business,Irving,TX,1000000,1,2026-04-21,2026-04-21
orestar-20250101-20260928-787cf45dc908,4792,Tina Kotek,record:de17d27701ea14b1dbad694f,The Greenbrier Companies,Business Entity,business,Lake Oswego,OR,1000000,1,2025-11-21,2025-11-21
orestar-20250101-20260928-787cf45dc908,4792,Tina Kotek,record:44327f6db2a41af485e4b65c,UP Railroad Company,Business Entity,business,Portland,OR,1000000,1,2026-04-30,2026-04-30
orestar-20250101-20260928-787cf45dc908,4792,Tina Kotek,record:5f31de29d894cde2dbb4e72f,Wander Development Company,Business Entity,business,Portland,OR,1000000,1,2025-11-03,2025-11-03
orestar-20250101-20260928-787cf45dc908,4792,Tina Kotek,committee:5534,Willamette Women Democrats PAC (5534),Political Committee,other,Lake Oswego,OR,1000000,1,2025-10-31,2025-10-31
orestar-20250101-20260928-787cf45dc908,4792,Tina Kotek,record:faa45b3d22e6a4fb41d402f4,William Dozier,Individual,individual,Lake Oswego,OR,1000000,1,2026-09-02,2026-09-02
orestar-20250101-20260928-787cf45dc908,4792,Tina Kotek,record:d8e4b048aea89f55fcb723fc,Women's Political Committee,Unregistered Committee,other,Los Angeles,CA,1000000,1,2026-09-21,2026-09-21
orestar-20250101-20260928-787cf45dc908,4792,Tina Kotek,record:dce9b1f953f585c7dbb2f2ee,Lynne Pelos,Individual,individual,Amity,OR,950000,4,2025-02-05,2026-08-10
orestar-20250101-20260928-787cf45dc908,4792,Tina Kotek,record:8368b2b5997f33d58ac9a5b6,Christine Vernier,Individual,individual,Portland,OR,900000,3,2025-11-26,2026-04-22
orestar-20250101-20260928-787cf45dc908,4792,Tina Kotek,record:c7f24f5369ba7abf16dab337,Richard Parrott,Individual,individual,Carmichael,CA,900000,3,2025-03-17,2026-08-31
orestar-20250101-20260928-787cf45dc908,4792,Tina Kotek,record:3a7880b5406679840a267f1e,Chip Shields,Individual,individual,Portland,OR,850000,4,2025-02-05,2026-02-11
orestar-20250101-20260928-787cf45dc908,4792,Tina Kotek,record:08296b88adf186f7f09cc524,David Steinglass,Individual,individual,Washington,DC,850000,2,2025-07-23,2026-03-25
orestar-20250101-20260928-787cf45dc908,4792,Tina Kotek,record:4c7611d1f0d0a691ebed230d,Liz Steinglass,Individual,individual,Washington,DC,850000,2,2025-07-23,2026-03-25
orestar-20250101-20260928-787cf45dc908,4792,Tina Kotek,record:12175a8f448252383c592501,Sally Hsu,Individual,individual,Portland,OR,800000,2,2025-11-19,2026-06-10
orestar-20250101-20260928-787cf45dc908,4792,Tina Kotek,record:c7e994bb2fd3439d7b0a9392,Airbnb,Business Entity,business,San Francisco,CA,750000,2,2025-10-11,2026-08-06
orestar-20250101-20260928-787cf45dc908,4792,Tina Kotek,record:13ecc893bd8398f9daf0a6d9,Carter MacNichol,Individual,individual,Porltand,OR,750000,3,2025-03-17,2026-04-06
orestar-20250101-20260928-787cf45dc908,4792,Tina Kotek,record:3ce35a892e6638e4b2da1171,Chris Duffin,Individual,individual,Tualatin,OR,750000,1,2025-11-26,2025-11-26
orestar-20250101-20260928-787cf45dc908,4792,Tina Kotek,record:ef5ef26cdc8e152c28947756,Elizabeth Verner-Cole,Individual,individual,Milwaukie,OR,750000,1,2026-09-14,2026-09-14
orestar-20250101-20260928-787cf45dc908,4792,Tina Kotek,record:684013bb1bc0a65be74be5fa,Jim Straub,Individual,individual,Eugene,OR,750000,2,2025-09-22,2026-04-22
orestar-20250101-20260928-787cf45dc908,4792,Tina Kotek,record:5b97c9e14278d1bb7a94e5ce,John Arnold,Individual,individual,Houston,TX,750000,1,2026-08-26,2026-08-26
orestar-20250101-20260928-787cf45dc908,4792,Tina Kotek,record:ad9ef8465d2fcb35f41a71d2,"K-SOLV Group, LLC",Business Entity,business,Houston,TX,750000,1,2026-05-11,2026-05-11
orestar-20250101-20260928-787cf45dc908,4792,Tina Kotek,record:64805758ed440e6621f222c0,Laura Arnold,Individual,individual,Houston,TX,750000,1,2026-09-02,2026-09-02
orestar-20250101-20260928-787cf45dc908,4792,Tina Kotek,record:b831e849712d98d6e36c3c5f,Oregon Beverage Recycling Cooperative,Business Entity,business,Portland,OR,750000,2,2025-10-06,2026-05-13
orestar-20250101-20260928-787cf45dc908,4792,Tina Kotek,record:8a8a752cceb109a4bfd90bc5,Anthony Howell,Individual,individual,Corvallis,OR,700000,2,2026-02-20,2026-08-17
orestar-20250101-20260928-787cf45dc908,4792,Tina Kotek,record:5475b3981cafb557f38e8284,Gregory Moga,Individual,individual,Seattle,WA,700000,1,2026-06-19,2026-06-19
orestar-20250101-20260928-787cf45dc908,4792,Tina Kotek,record:091ebb21c24f59ba95668a72,"Lumen Technologies Service Group, LLC",Business Entity,business,Monroe,LA,700000,2,2025-11-06,2026-08-31
orestar-20250101-20260928-787cf45dc908,4792,Tina Kotek,record:b332a15ccdfca9f28e9bbd7e,Pepsico Inc.,Business Entity,business,Portland,OR,700000,1,2025-11-06,2025-11-06
orestar-20250101-20260928-787cf45dc908,4792,Tina Kotek,record:218e418c68150fdfe47251c0,Robert Ball,Individual,individual,Portland,OR,700000,3,2025-04-16,2026-08-26
orestar-20250101-20260928-787cf45dc908,4792,Tina Kotek,record:b1e20b814a5214357282f736,Ronni Lacroute,Individual,individual,Mcminnville,OR,700000,2,2025-05-19,2026-01-20
orestar-20250101-20260928-787cf45dc908,4792,Tina Kotek,committee:153,Oregon Food Political Action Committee (153),Political Committee,other,Portland,OR,650000,1,2026-04-13,2026-04-13
orestar-20250101-20260928-787cf45dc908,4792,Tina Kotek,record:0870192e1a1ebe0583ab54bf,Charles Wilhoite,Individual,individual,Portland,OR,600000,2,2025-10-08,2026-07-29
orestar-20250101-20260928-787cf45dc908,4792,Tina Kotek,record:4615730136b71d38b7ead22c,Diageo North America,Business Entity,business,Washington,DC,600000,2,2025-01-12,2026-04-22
orestar-20250101-20260928-787cf45dc908,4792,Tina Kotek,record:c3a297f34c21f2af311cc28d,Mark Desbrow,Individual,individual,Hood River,OR,600000,2,2025-11-26,2026-06-17
orestar-20250101-20260928-787cf45dc908,4792,Tina Kotek,record:3cd37c0ad825430521fb45a9,Norman Stoll,Individual,individual,Portland,OR,600000,2,2025-10-16,2026-04-29
orestar-20250101-20260928-787cf45dc908,4792,Tina Kotek,record:3f89cb99c38f4a0811bb789e,Scott Nelson,Individual,individual,Washington,DC,600000,4,2026-05-20,2026-07-29
orestar-20250101-20260928-787cf45dc908,4792,Tina Kotek,record:ed44bf4e7bdff55bc3e8ec58,Timothy Williams,Individual,individual,Bend,OR,600000,2,2025-11-05,2026-07-15
orestar-20250101-20260928-787cf45dc908,4792,Tina Kotek,record:01cd5dfe8fadc75285375555,Adriane Blackman,Individual,individual,Portland,OR,550000,2,2025-12-10,2026-08-10
orestar-20250101-20260928-787cf45dc908,4792,Tina Kotek,record:7870b170ea09b957044677bf,David Neumann,Individual,individual,Lake Oswego,OR,550000,2,2025-05-28,2026-04-29
orestar-20250101-20260928-787cf45dc908,4792,Tina Kotek,record:e8920e9ee98c043995d2a530,Dr. Anita Archer,Individual,individual,Portland,OR,550000,3,2025-10-20,2026-08-27
orestar-20250101-20260928-787cf45dc908,4792,Tina Kotek,record:bdc3222133d689f20a0c8df4,George Mallett,Individual,individual,Weston,MA,550000,1,2026-03-04,2026-03-04
orestar-20250101-20260928-787cf45dc908,4792,Tina Kotek,record:939e62c0145903a9f6697e6a,Stefania Mallett,Individual,individual,Weston,MA,550000,1,2026-03-04,2026-03-04
orestar-20250101-20260928-787cf45dc908,4792,Tina Kotek,record:ac7d54634163a286ae359c42,Douglas Carnine,Individual,individual,Eugene,OR,525000,3,2025-04-03,2025-10-03
orestar-20250101-20260928-787cf45dc908,4792,Tina Kotek,record:f771d946b832a78324e7e5e9,Geoff Harris,Individual,individual,Bend,OR,520000,2,2026-07-08,2026-09-02
orestar-20250101-20260928-787cf45dc908,4792,Tina Kotek,record:3ce96e4587df01b1c2bdec62,"AMR Holdco, Inc",Business Entity,business,Greenwood Village,CO,500000,2,2025-11-24,2026-06-30
orestar-20250101-20260928-787cf45dc908,4792,Tina Kotek,record:1bc9f10805bb4cf5ebebab6d,AT&T,Business Entity,business,St. Louis,MO,500000,2,2025-12-08,2025-12-16
orestar-20250101-20260928-787cf45dc908,4792,Tina Kotek,record:8cf592b7bc55d086d2c57dfc,Aidan Health Services,Business Entity,business,Tualatin,OR,500000,1,2025-11-24,2025-11-24
orestar-20250101-20260928-787cf45dc908,4792,Tina Kotek,record:7435b0e716d394e57939a042,Alaska Airlines,Business Entity,business,Seattle,WA,500000,1,2026-08-07,2026-08-07
orestar-20250101-20260928-787cf45dc908,4792,Tina Kotek,record:e538c36f10649ce333d53178,American Clean Power Association,Other,other,Washington,DC,500000,1,2026-06-08,2026-06-08
orestar-20250101-20260928-787cf45dc908,4792,Tina Kotek,record:d817810ef6c70b81cbf4a7e9,Andrew Jean-Marie Colas,Individual,individual,Portland,OR,500000,1,2025-12-10,2025-12-10
orestar-20250101-20260928-787cf45dc908,4792,Tina Kotek,record:4d64c838f6da3bf25323b79a,Andy Laursen,Individual,individual,Bend,OR,500000,1,2026-08-05,2026-08-05
orestar-20250101-20260928-787cf45dc908,4792,Tina Kotek,record:77aa493d6a3ae5852f969c55,Ann Ford,Individual,individual,The Dalles,OR,500000,1,2026-05-22,2026-05-22
orestar-20250101-20260928-787cf45dc908,4792,Tina Kotek,record:1db5865cdbafb77a9c32843d,BNSF Railway Company,Business Entity,business,Fort Worth,TX,500000,1,2025-10-06,2025-10-06
orestar-20250101-20260928-787cf45dc908,4792,Tina Kotek,record:2b5d7aa63878355b888810e3,"Benicia Senior Living, LLC",Business Entity,business,West Linn,OR,500000,1,2025-11-24,2025-11-24
orestar-20250101-20260928-787cf45dc908,4792,Tina Kotek,record:97467ea581c82fd6d6cd98da,Biomass One,Business Entity,business,White City,OR,500000,1,2026-06-18,2026-06-18
orestar-20250101-20260928-787cf45dc908,4792,Tina Kotek,record:ea338701173c05b298be0b88,Bonnie Helpenstell,Individual,individual,Corvallis,OR,500000,1,2026-09-14,2026-09-14
orestar-20250101-20260928-787cf45dc908,4792,Tina Kotek,record:cdc926d73a8c15bda1e90607,Bradley Hester,Individual,individual,Bend,OR,500000,1,2026-05-22,2026-05-22
orestar-20250101-20260928-787cf45dc908,4792,Tina Kotek,record:c05e63b7e45926edc42943bd,Brian Jacobson,Individual,individual,Bellevue,WA,500000,1,2026-05-13,2026-05-13
orestar-20250101-20260928-787cf45dc908,4792,Tina Kotek,record:0151cd6daf7f3299e73cd001,Bruce Golden,Individual,individual,San Francisco,CA,500000,1,2026-06-25,2026-06-25
orestar-20250101-20260928-787cf45dc908,4792,Tina Kotek,record:0339f88ed07309a455e8f8ce,CVS Pharmacy Inc,Business Entity,business,Woonsocket,RI,500000,1,2026-08-06,2026-08-06
orestar-20250101-20260928-787cf45dc908,4792,Tina Kotek,record:a3a6355d3af803a6ce3d9244,"Camas Creek, LLC",Business Entity,business,Mcminnville,OR,500000,2,2026-01-26,2026-01-26
orestar-20250101-20260928-787cf45dc908,4792,Tina Kotek,record:a9b77f076b9277a435efdb5c,Chris Duffin,Individual,individual,Lake Oswego,OR,500000,1,2026-03-25,2026-03-25
orestar-20250101-20260928-787cf45dc908,4792,Tina Kotek,record:b570b2688ae3b38362517a88,Chris Duffin,Individual,individual,Tualatin,OR,500000,1,2025-02-05,2025-02-05
orestar-20250101-20260928-787cf45dc908,4792,Tina Kotek,record:a536abb71a05f34e335595a3,Christine Vernier,Individual,individual,Portland,OR,500000,1,2025-03-26,2025-03-26
orestar-20250101-20260928-787cf45dc908,4792,Tina Kotek,record:6b88b4d54698cc1d8312182d,Clifford Davidson,Individual,individual,Portland,OR,500000,2,2026-03-04,2026-03-11
orestar-20250101-20260928-787cf45dc908,4792,Tina Kotek,record:7dd260b0acd306b7b63fd44f,Comcast Corporation,Business Entity,business,Philadelphia,PA,500000,1,2025-10-06,2025-10-06
orestar-20250101-20260928-787cf45dc908,4792,Tina Kotek,record:302f39d07555c5f8feb8a4c2,Committee for a Livable Future,Unregistered Committee,other,Portland,OR,500000,1,2025-10-14,2025-10-14
orestar-20250101-20260928-787cf45dc908,4792,Tina Kotek,committee:15519,"Committee to Elect John Lively for State Representative, Dist. 12 (15519)",Political Committee,other,Springfield,OR,500000,1,2025-10-10,2025-10-10
orestar-20250101-20260928-787cf45dc908,4792,Tina Kotek,record:24819b03e06bc69835096261,Confederated Tribes of Siletz Indians,Other,other,Siletz,OR,500000,1,2025-12-08,2025-12-08
orestar-20250101-20260928-787cf45dc908,4792,Tina Kotek,record:93583ea56d034d465ba80f84,Dana Sullivan,Individual,individual,Portland,OR,500000,1,2025-11-13,2025-11-13
orestar-20250101-20260928-787cf45dc908,4792,Tina Kotek,record:22cbb0c2ef821b1615ee65b5,Daniel Dziuba,Individual,individual,West Linn,OR,500000,1,2026-01-15,2026-01-15
orestar-20250101-20260928-787cf45dc908,4792,Tina Kotek,record:fd623e87ef7363f60b825aa0,David Eltringham,Individual,individual,Camas,WA,500000,1,2026-09-14,2026-09-14
orestar-20250101-20260928-787cf45dc908,4792,Tina Kotek,record:8396a74858e52f5ccf2e9572,David Gremmels,Individual,individual,Medford,OR,500000,1,2025-12-10,2025-12-10
orestar-20250101-20260928-787cf45dc908,4792,Tina Kotek,record:ca152fafe73865996fec8663,David Kahl,Individual,individual,Portland,OR,500000,1,2026-08-05,2026-08-05
orestar-20250101-20260928-787cf45dc908,4792,Tina Kotek,record:16f0a570b24b40b7a4f6339d,Debbie Mccabe,Individual,individual,Portland,OR,500000,2,2025-10-22,2026-08-19
orestar-20250101-20260928-787cf45dc908,4792,Tina Kotek,record:03a8aa96a0a9523049572a37,Deloitte PAC,Unregistered Committee,other,Washington,DC,500000,1,2026-08-13,2026-08-13
orestar-20250101-20260928-787cf45dc908,4792,Tina Kotek,record:6c193531e404c65a16ea27e5,Douglas Goe,Individual,individual,Portland,OR,500000,2,2025-12-10,2026-07-01
orestar-20250101-20260928-787cf45dc908,4792,Tina Kotek,record:7e6e41604181a11dd0a84277,Eric Dishman,Individual,individual,Banks,OR,500000,2,2025-03-05,2025-10-16
orestar-20250101-20260928-787cf45dc908,4792,Tina Kotek,record:33b6f64893628fe2f0a6e9d2,Eric Knight,Individual,individual,Port Washington,NY,500000,1,2026-07-29,2026-07-29
orestar-20250101-20260928-787cf45dc908,4792,Tina Kotek,record:d816a57c1feb74ec3cf3e0d4,Erik Fisher,Individual,individual,Eugene,OR,500000,1,2026-06-03,2026-06-03
orestar-20250101-20260928-787cf45dc908,4792,Tina Kotek,record:6b9d5c31e3a73d2b26ccf3d6,Florence Barnhart,Individual,individual,Eugene,OR,500000,1,2025-10-01,2025-10-01
orestar-20250101-20260928-787cf45dc908,4792,Tina Kotek,record:9dac94d7a88764be5dcd2b64,Homer Williams,Individual,individual,Portland,OR,500000,1,2026-07-01,2026-07-01
orestar-20250101-20260928-787cf45dc908,4792,Tina Kotek,record:0e806bab179948a989b65359,ILWU Oregon Area District Council,Other,other,Portland,OR,500000,1,2026-08-25,2026-08-25
orestar-20250101-20260928-787cf45dc908,4792,Tina Kotek,record:75ea883d6f5db66bcef06da5,"In This Together PAC, Inc.",Unregistered Committee,other,Providence,RI,500000,1,2025-12-06,2025-12-06
orestar-20250101-20260928-787cf45dc908,4792,Tina Kotek,record:d87734c739cf4f0957112717,Jane Fonda Climate PAC,Unregistered Committee,other,Washington,DC,500000,1,2026-08-10,2026-08-10
orestar-20250101-20260928-787cf45dc908,4792,Tina Kotek,record:f1e60495469eeb533b72ece1,Jane Paulson,Individual,individual,Lake Oswego,OR,500000,1,2025-10-29,2025-10-29
orestar-20250101-20260928-787cf45dc908,4792,Tina Kotek,record:e218387beccb37605231cf3b,Jeff Wihtol,Individual,individual,Ashland,OR,500000,1,2026-04-29,2026-04-29
orestar-20250101-20260928-787cf45dc908,4792,Tina Kotek,record:5f35de3828d2fcaa63ab3741,Jill Kantor,Individual,individual,Portland,OR,500000,1,2026-09-21,2026-09-21
orestar-20250101-20260928-787cf45dc908,4792,Tina Kotek,record:0f5d648be9557d13c8a5a270,Jim Abeles,Individual,individual,Portland,OR,500000,1,2026-04-15,2026-04-15
orestar-20250101-20260928-787cf45dc908,4792,Tina Kotek,record:ac7dfa1f50162e0db03cbea8,John Coletti,Individual,individual,Lake Oswego,OR,500000,1,2025-10-29,2025-10-29
orestar-20250101-20260928-787cf45dc908,4792,Tina Kotek,record:7627349a9221baf1222f8b38,Joth Ricci,Individual,individual,Seattle,WA,500000,1,2025-10-29,2025-10-29
orestar-20250101-20260928-787cf45dc908,4792,Tina Kotek,record:9b13487c7afa09a812666506,Judy Snyder,Individual,individual,West Linn,OR,500000,1,2025-10-29,2025-10-29
orestar-20250101-20260928-787cf45dc908,4792,Tina Kotek,committee:16757,Kathleen Taylor for Oregon (16757),Political Committee,other,Portland,OR,500000,1,2026-09-11,2026-09-11
orestar-20250101-20260928-787cf45dc908,4792,Tina Kotek,record:fcb5ae8162027a3162ac7524,Kraig Anderson,Individual,individual,Portland,OR,500000,1,2026-05-28,2026-05-28
orestar-20250101-20260928-787cf45dc908,4792,Tina Kotek,record:809d963b533f771a44d50c00,Linda Carnine,Individual,individual,Eugene,OR,500000,2,2026-01-23,2026-01-28
orestar-20250101-20260928-787cf45dc908,4792,Tina Kotek,record:b79c08fe42ec26f935e1c393,Lynn Sarko,Individual,individual,Seattle,WA,500000,1,2025-11-26,2025-11-26
orestar-20250101-20260928-787cf45dc908,4792,Tina Kotek,record:e92e1596c6a669a691876221,Marilyn Heiken,Individual,individual,Eugene,OR,500000,1,2026-09-10,2026-09-10
orestar-20250101-20260928-787cf45dc908,4792,Tina Kotek,record:5ff5767009d57773896eeb71,Marilyn Sprick,Individual,individual,Eugene,OR,500000,1,2026-08-12,2026-08-12
orestar-20250101-20260928-787cf45dc908,4792,Tina Kotek,record:e050841160323279536d2c37,Mark Madden,Individual,individual,Portland,OR,500000,1,2025-02-26,2025-02-26
orestar-20250101-20260928-787cf45dc908,4792,Tina Kotek,record:cd62c45f84925ca0122046ba,"Marquis Companies, I, Inc.",Business Entity,business,Milwaukie,OR,500000,1,2025-11-24,2025-11-24
orestar-20250101-20260928-787cf45dc908,4792,Tina Kotek,record:66c0c61638b68a8ef61dfe1d,McDonalds,Business Entity,business,Columbus,OH,500000,1,2025-12-09,2025-12-09
orestar-20250101-20260928-787cf45dc908,4792,Tina Kotek,record:fe9a0d08e5dd5e32553469e3,Michael Koerner,Individual,individual,Portland,OR,500000,1,2026-07-02,2026-07-02
orestar-20250101-20260928-787cf45dc908,4792,Tina Kotek,record:687f45ce190964aca4eda65b,Michelle Mercer,Individual,individual,San Francisco,CA,500000,1,2026-06-25,2026-06-25
orestar-20250101-20260928-787cf45dc908,4792,Tina Kotek,record:258553cd331f56f5bbe712ef,Microsoft,Business Entity,business,Redmond,WA,500000,1,2025-12-22,2025-12-22
orestar-20250101-20260928-787cf45dc908,4792,Tina Kotek,record:e70ba5464c08149c36793dda,Miller & Wagner LLP,Business Entity,business,Portland,OR,500000,1,2025-12-19,2025-12-19
orestar-20250101-20260928-787cf45dc908,4792,Tina Kotek,record:b042f65f4a5e372b08b804e1,Nadia Dahab,Individual,individual,Portland,OR,500000,1,2025-11-05,2025-11-05
orestar-20250101-20260928-787cf45dc908,4792,Tina Kotek,record:e4f37cdd49ae14f812400cdc,Novo Nordisk Inc.,Business Entity,business,Plainsboro,NJ,500000,1,2025-10-06,2025-10-06
orestar-20250101-20260928-787cf45dc908,4792,Tina Kotek,record:2fa8eeef0ba9cfff13af3c8d,"Ohana Ventures, LLC",Business Entity,business,Canby,OR,500000,1,2025-11-24,2025-11-24
orestar-20250101-20260928-787cf45dc908,4792,Tina Kotek,committee:19555,OregonBioPAC (19555),Political Committee,other,Portland,OR,500000,1,2026-05-13,2026-05-13
orestar-20250101-20260928-787cf45dc908,4792,Tina Kotek,record:e17729285b395e950770d227,Patrick Ahrens,Individual,individual,Sacramento,CA,500000,1,2026-07-01,2026-07-01
orestar-20250101-20260928-787cf45dc908,4792,Tina Kotek,record:4276558f7cb5ae348e8191f2,Peter Sage,Individual,individual,Medford,OR,500000,1,2026-01-20,2026-01-20
orestar-20250101-20260928-787cf45dc908,4792,Tina Kotek,record:5bf593299e07646454b0798e,Phillip Fogg Jr.,Individual,individual,Milwaukie,OR,500000,1,2026-02-04,2026-02-04
orestar-20250101-20260928-787cf45dc908,4792,Tina Kotek,record:e4b3e4f0f935c4ade773559f,"Providence Administrative Consulting Services, Inc.",Business Entity,business,Farmington,UT,500000,1,2025-12-29,2025-12-29
orestar-20250101-20260928-787cf45dc908,4792,Tina Kotek,record:50fd016bd37bf043bab5d107,Quanta Services Inc. PAC,Unregistered Committee,other,Houston,TX,500000,1,2026-06-01,2026-06-01
orestar-20250101-20260928-787cf45dc908,4792,Tina Kotek,record:8a8058648b4b9ddec95a13e4,Regency Pacific,Business Entity,business,Portland,OR,500000,1,2025-11-24,2025-11-24
orestar-20250101-20260928-787cf45dc908,4792,Tina Kotek,record:735448b7a7dbc53d5fb1c503,Robert Beatty-Walters,Individual,individual,Portland,OR,500000,1,2025-11-05,2025-11-05
orestar-20250101-20260928-787cf45dc908,4792,Tina Kotek,record:7e8a66b54dfbccb709cee09b,Robin Richardson,Individual,individual,Vancouver,WA,500000,1,2026-06-03,2026-06-03
orestar-20250101-20260928-787cf45dc908,4792,Tina Kotek,record:0118a753256cef35b7a9cf51,Roger Worthington,Individual,individual,Bend,OR,500000,1,2025-06-18,2025-06-18
orestar-20250101-20260928-787cf45dc908,4792,Tina Kotek,record:190efa1f297df5f7e5fbffe0,Ryan Jennings,Individual,individual,Salem,OR,500000,1,2025-10-29,2025-10-29
orestar-20250101-20260928-787cf45dc908,4792,Tina Kotek,record:28f71de381b54685cdd042ad,Sadhana Shenoy,Individual,individual,Portland,OR,500000,1,2025-05-28,2025-05-28
orestar-20250101-20260928-787cf45dc908,4792,Tina Kotek,record:35ebf1695a14d52135ff82fd,Schematics,Business Entity,business,Savannah,GA,500000,1,2026-09-23,2026-09-23
orestar-20250101-20260928-787cf45dc908,4792,Tina Kotek,record:0a9882f3d3006ee6309db266,Shawn Baird,Individual,individual,Woodburn,OR,500000,1,2025-01-29,2025-01-29
orestar-20250101-20260928-787cf45dc908,4792,Tina Kotek,record:14e66147e4311a0662f9f7d6,Springboard Group,Business Entity,business,Newberg,OR,500000,1,2025-10-14,2025-10-14
orestar-20250101-20260928-787cf45dc908,4792,Tina Kotek,record:fe8912622b8ad0b5af63d1ff,Stephen Cooney,Individual,individual,Portland,OR,500000,1,2025-09-17,2025-09-17
orestar-20250101-20260928-787cf45dc908,4792,Tina Kotek,record:32b9f00920c1e3da24a742b6,Stephen Piucci,Individual,individual,Portland,OR,500000,1,2025-10-29,2025-10-29
orestar-20250101-20260928-787cf45dc908,4792,Tina Kotek,record:1cb6f6de280f4ec584164511,Steve Mcnannay,Individual,individual,Salem,OR,500000,1,2026-05-28,2026-05-28
orestar-20250101-20260928-787cf45dc908,4792,Tina Kotek,record:bde36e89431781d1c3ae58fd,Thomas Garnier,Individual,individual,Wilsonville,OR,500000,1,2026-09-21,2026-09-21
orestar-20250101-20260928-787cf45dc908,4792,Tina Kotek,record:ee4f75731caf556106ff825b,Willamette Dental Group,Business Entity,business,Hillsboro,OR,500000,1,2026-06-01,2026-06-01
orestar-20250101-20260928-787cf45dc908,4792,Tina Kotek,record:dcca9b17305179adb5e70095,matthew harad,Individual,individual,Portland,OR,500000,1,2025-02-19,2025-02-19
orestar-20250101-20260928-787cf45dc908,4792,Tina Kotek,record:fb336405a069d567eeecf37f,John Sherman,Individual,individual,Portland,OR,450000,2,2026-01-28,2026-04-22
orestar-20250101-20260928-787cf45dc908,4792,Tina Kotek,record:91147b41fea5f13e2bad486f,Judith Wagner,Individual,individual,Cherry Hills Village,CO,450000,2,2025-07-29,2025-10-16
orestar-20250101-20260928-787cf45dc908,4792,Tina Kotek,record:b5fe698c846441c7a43d979d,Richard Fohs Sohn,Individual,individual,Winchester,OR,450000,2,2026-04-17,2026-08-17
orestar-20250101-20260928-787cf45dc908,4792,Tina Kotek,record:8f2e7a96314979ee848066d2,Stephen Mcmurtrey,Individual,individual,Tidewater,OR,450000,3,2025-10-03,2026-03-25
orestar-20250101-20260928-787cf45dc908,4792,Tina Kotek,record:c4d2105253cc62e903c7831c,Terence Barr,Individual,individual,Portland,OR,450000,3,2025-10-16,2026-09-10
orestar-20250101-20260928-787cf45dc908,4792,Tina Kotek,record:a333159cd92541e1dd5792c4,Terri Waldroff,Individual,individual,Oregon City,OR,450000,3,2025-08-20,2026-09-10
orestar-20250101-20260928-787cf45dc908,4792,Tina Kotek,record:ca25e1e01580c8eaf1678a42,Wynne Furth,Individual,individual,Portland,OR,450000,2,2025-12-17,2026-07-08
orestar-20250101-20260928-787cf45dc908,4792,Tina Kotek,record:73b95ec3a1823d267c3a7790,Willie Davis Jr,Individual,individual,Salem,OR,445000,11,2025-04-30,2026-09-21
orestar-20250101-20260928-787cf45dc908,4792,Tina Kotek,record:2f10210db3a8bd26bc1b6332,Brent Baglien,Individual,individual,Eagle,ID,400000,1,2025-12-24,2025-12-24
orestar-20250101-20260928-787cf45dc908,4792,Tina Kotek,record:06326175d3372a058dc167c8,Brian Markey,Individual,individual,Lake Oswego,OR,400000,2,2026-01-14,2026-08-12
orestar-20250101-20260928-787cf45dc908,4792,Tina Kotek,record:144f5aa1197b3b08a0e374a5,Jean Nattinger,Individual,individual,Eugene,OR,400000,4,2026-05-20,2026-09-14
orestar-20250101-20260928-787cf45dc908,4792,Tina Kotek,record:2aee5c69469e71e3ad894000,Joe Beda,Individual,individual,Seattle,WA,400000,1,2026-07-22,2026-07-22
orestar-20250101-20260928-787cf45dc908,4792,Tina Kotek,record:78a85b4838c510e0edd7c1ff,John Wright,Individual,individual,Portland,OR,400000,1,2026-08-12,2026-08-12
orestar-20250101-20260928-787cf45dc908,4792,Tina Kotek,committee:5192,Northwest Sportfishing Industry Association PAC (5192),Political Committee,other,Oregon City,OR,400000,1,2025-08-25,2025-08-25
orestar-20250101-20260928-787cf45dc908,4792,Tina Kotek,record:32e8ec3524a25c897e8365a9,PMI US Corporate Services,Business Entity,business,San Rafael,CA,400000,1,2025-12-29,2025-12-29
orestar-20250101-20260928-787cf45dc908,4792,Tina Kotek,record:9ed65e910765933ded979489,Sanofi U.S. Services Inc.,Business Entity,business,Bridgewater,NJ,400000,1,2026-08-06,2026-08-06
orestar-20250101-20260928-787cf45dc908,4792,Tina Kotek,record:4c8e7caed4fe153122792830,Andrew Merz,Individual,individual,Portland,OR,350000,2,2025-06-04,2025-11-19
orestar-20250101-20260928-787cf45dc908,4792,Tina Kotek,record:56f56b5b48fd21e82f80e720,Clay Kirk,Individual,individual,New York,NY,350000,1,2025-10-21,2025-10-21
orestar-20250101-20260928-787cf45dc908,4792,Tina Kotek,record:f8bc329dba32148cd23948f5,Fresenius Medical Care,Business Entity,business,Waltham,MA,350000,2,2025-12-17,2026-07-29
orestar-20250101-20260928-787cf45dc908,4792,Tina Kotek,record:f6b8edc707405f3d875f71fb,Jeff Kohnstamm,Individual,individual,Government Camp,OR,350000,2,2025-10-16,2026-07-29
orestar-20250101-20260928-787cf45dc908,4792,Tina Kotek,record:5aef4ddcd75616ec3e27010c,Juliane Stevens,Individual,individual,Portland,OR,350000,2,2026-02-11,2026-09-10
orestar-20250101-20260928-787cf45dc908,4792,Tina Kotek,record:4edcf868beda433564fccf6f,Matt Maletis,Individual,individual,Portland,OR,350000,5,2025-01-29,2026-09-02
orestar-20250101-20260928-787cf45dc908,4792,Tina Kotek,record:22a974bcf60b2aca5f229e16,Matthew Donegan,Individual,individual,Portland,OR,350000,2,2025-08-13,2026-05-06
orestar-20250101-20260928-787cf45dc908,4792,Tina Kotek,record:26e705ae2145cf40c385d645,Priscilla Bernard Wieden,Individual,individual,Portland,OR,350000,1,2026-04-01,2026-04-01
orestar-20250101-20260928-787cf45dc908,4792,Tina Kotek,record:40ce867e86a01ae08ab2cd0c,Rachel Beda,Individual,individual,Seattle,WA,350000,1,2026-09-21,2026-09-21
orestar-20250101-20260928-787cf45dc908,4792,Tina Kotek,record:c0a94ceab9c95c28c840cf6d,Vanessa Sturgeon,Individual,individual,Portland,OR,350000,2,2025-02-26,2025-08-20
orestar-20250101-20260928-787cf45dc908,4792,Tina Kotek,record:12c9feb2d07929f4353e0fbf,Stephen Corcoran,Individual,individual,Tillamook,OR,330100,22,2026-03-25,2026-09-21
orestar-20250101-20260928-787cf45dc908,4792,Tina Kotek,record:53b81ce753f077ee34ddcc68,Barry Munger,Individual,individual,Manhattan,NY,330000,1,2026-09-21,2026-09-21
orestar-20250101-20260928-787cf45dc908,4792,Tina Kotek,record:5348126ebae1e459f5e043f5,Cam Turner,Individual,individual,Portland,OR,330000,1,2026-08-26,2026-08-26
orestar-20250101-20260928-787cf45dc908,4792,Tina Kotek,record:cff909cdc4e5415600b23793,Chris Tebben,Individual,individual,Portland,OR,330000,1,2026-08-26,2026-08-26
orestar-20250101-20260928-787cf45dc908,4792,Tina Kotek,record:b797f0ed8b174311c3dcfed3,Dan Neal,Individual,individual,Eugene,OR,330000,1,2025-08-13,2025-08-13
orestar-20250101-20260928-787cf45dc908,4792,Tina Kotek,record:f725d767fd46f4f1fe74cb1e,Deb France,Individual,individual,Portland,OR,330000,1,2026-09-21,2026-09-21
orestar-20250101-20260928-787cf45dc908,4792,Tina Kotek,record:3387e4598969b0166d0688d4,Stan Amy,Individual,individual,Deschutes County,OR,330000,1,2026-07-29,2026-07-29
orestar-20250101-20260928-787cf45dc908,4792,Tina Kotek,record:a62046c8337e11ef30e918b1,Beatrice Michel,Individual,individual,Gearhart,OR,300000,2,2026-05-06,2026-08-05
orestar-20250101-20260928-787cf45dc908,4792,Tina Kotek,committee:26,Cable Operators Political Action Committee (26),Political Committee,other,Salem,OR,300000,2,2026-01-29,2026-05-13
orestar-20250101-20260928-787cf45dc908,4792,Tina Kotek,record:de8cd16e82b9d3533c18057b,Daniel Frye,Individual,individual,Portland,OR,300000,2,2025-06-11,2026-08-12
orestar-20250101-20260928-787cf45dc908,4792,Tina Kotek,record:99cf77d05cecce76adc382b6,Diane Mosbacher,Individual,individual,San Francisco,CA,300000,3,2026-02-26,2026-09-11
orestar-20250101-20260928-787cf45dc908,4792,Tina Kotek,record:275abd52f2a222c7eb5a8dfc,Eric Halperin,Individual,individual,Gearhart,OR,300000,1,2026-08-05,2026-08-05
orestar-20250101-20260928-787cf45dc908,4792,Tina Kotek,committee:16719,Friends of Mark Meek (16719),Political Committee,other,Gladstone,OR,300000,2,2025-11-03,2026-03-18
orestar-20250101-20260928-787cf45dc908,4792,Tina Kotek,record:d57a4fc1fa7fdb9e1f6db18b,James McDermott,Individual,individual,Portland,OR,300000,3,2025-02-05,2026-08-12
orestar-20250101-20260928-787cf45dc908,4792,Tina Kotek,record:f564e225850341fc299694d6,Janice Sakofsky,Individual,individual,Portland,OR,300000,2,2026-06-24,2026-09-21
orestar-20250101-20260928-787cf45dc908,4792,Tina Kotek,record:768b3bf9ad0eec170dc5878d,Jeffrey Bluhm,Individual,individual,Lake Oswego,OR,300000,2,2025-11-05,2026-05-06
orestar-20250101-20260928-787cf45dc908,4792,Tina Kotek,record:86e22ec0f03df8e011afdfe9,Lone Rock Timber Management Co,Business Entity,business,Roseburg,OR,300000,2,2025-12-01,2025-12-08
orestar-20250101-20260928-787cf45dc908,4792,Tina Kotek,record:694e2d0fa72eaf316dfea118,Man Ninh,Individual,individual,Portland,OR,300000,2,2026-01-07,2026-04-22
orestar-20250101-20260928-787cf45dc908,4792,Tina Kotek,record:5e916e56951a09b4900a9c16,Mo Badreddine,Individual,individual,Portland,OR,300000,1,2026-05-06,2026-05-06
orestar-20250101-20260928-787cf45dc908,4792,Tina Kotek,record:fbb099ec8695d32f51231291,Nancy Kaz,Individual,individual,Santa Fe,NM,300000,2,2026-06-10,2026-06-17
orestar-20250101-20260928-787cf45dc908,4792,Tina Kotek,record:d658b5264580d6d002f3f183,Oregon Organic Coalition,Other,other,Lyons,OR,300000,1,2026-01-16,2026-01-16
orestar-20250101-20260928-787cf45dc908,4792,Tina Kotek,record:9e0a54ec8ff1e7b4816983d6,Prashanth Vallabhanath,Individual,individual,Portland,OR,300000,1,2026-02-04,2026-02-04
orestar-20250101-20260928-787cf45dc908,4792,Tina Kotek,record:a5677f278f80c4613b479290,Ryan Fortwendel,Individual,individual,New York,NY,300000,1,2026-09-08,2026-09-08
orestar-20250101-20260928-787cf45dc908,4792,Tina Kotek,record:7641058fbe3bac25e59f64dc,Ryan Schultz,Individual,individual,Portland,OR,300000,1,2026-06-03,2026-06-03
orestar-20250101-20260928-787cf45dc908,4792,Tina Kotek,record:307a54be4f80b16622b60552,Suzanne Leta,Individual,individual,Portland,OR,300000,2,2026-06-24,2026-06-24
orestar-20250101-20260928-787cf45dc908,4792,Tina Kotek,record:d36e8ea9174afb0218af9b09,Thomas Cody,Individual,individual,Portland,OR,300000,3,2025-03-19,2026-08-05
orestar-20250101-20260928-787cf45dc908,4792,Tina Kotek,record:de10a1d80e349630ee073119,Harold Goldstein,Individual,individual,Portland,OR,280000,4,2026-02-25,2026-08-05
orestar-20250101-20260928-787cf45dc908,4792,Tina Kotek,record:ce9490fd27cb12e64ad15c26,Henry Hewitt,Individual,individual,Surprise,AZ,275000,6,2025-12-10,2026-09-10
orestar-20250101-20260928-787cf45dc908,4792,Tina Kotek,record:d33e2c2bd8cc55a6c1f2f294,Ed Ventham,Individual,individual,Beaverton,OR,262500,2,2025-12-10,2026-05-13
orestar-20250101-20260928-787cf45dc908,4792,Tina Kotek,record:3fda4eb3495c115ff8f4ac9f,Bonnie Reagan,Individual,individual,Portland,OR,260000,2,2025-10-08,2026-02-02
orestar-20250101-20260928-787cf45dc908,4792,Tina Kotek,record:ca5f4f9717152cf361d8b955,Stephen Massey,Individual,individual,Portland,OR,252500,2,2025-07-30,2025-07-30
orestar-20250101-20260928-787cf45dc908,4792,Tina Kotek,record:1e389df3ce42bb97d7d728ca,Alice Dale,Individual,individual,Portland,OR,250000,1,2026-04-30,2026-04-30
orestar-20250101-20260928-787cf45dc908,4792,Tina Kotek,record:bae10320ea4e00b588cb7c5c,Ann Corrigan,Individual,individual,Denver,CO,250000,1,2025-10-16,2025-10-16
orestar-20250101-20260928-787cf45dc908,4792,Tina Kotek,record:25da51119774801279b91069,Anna Boyd ND LLC,Business Entity,business,Salem,OR,250000,1,2025-06-12,2025-06-12
orestar-20250101-20260928-787cf45dc908,4792,Tina Kotek,record:2f15439348aa336431aaad4b,Athena Douglas,Individual,individual,Salem,OR,250000,1,2025-06-12,2025-06-12
orestar-20250101-20260928-787cf45dc908,4792,Tina Kotek,record:df93b6b2e5fc40b46ac35b41,Blake Androff,Individual,individual,Bend,OR,250000,1,2025-05-14,2025-05-14
orestar-20250101-20260928-787cf45dc908,4792,Tina Kotek,record:82a337d07064668cae3d109a,Bonnie Reagan,Individual,individual,Portland,OR,250000,1,2025-02-24,2025-02-24
orestar-20250101-20260928-787cf45dc908,4792,Tina Kotek,record:4ba87ab2351ebe2b12b9893b,Bryce Amato,Individual,individual,Los Angeles,CA,250000,1,2026-07-08,2026-07-08
orestar-20250101-20260928-787cf45dc908,4792,Tina Kotek,record:68c99cf44a58b744c3c90126,Carter MacNichol,Individual,individual,Portland,OR,250000,1,2026-06-15,2026-06-15
orestar-20250101-20260928-787cf45dc908,4792,Tina Kotek,record:998289c39f71756970373ad0,Carvana LLC,Business Entity,business,Tempe,AZ,250000,1,2026-05-13,2026-05-13
orestar-20250101-20260928-787cf45dc908,4792,Tina Kotek,record:2c747018a9310c21c4f40c80,Cascadia Healthcare,Business Entity,business,Eagle,ID,250000,1,2025-11-24,2025-11-24
orestar-20250101-20260928-787cf45dc908,4792,Tina Kotek,record:9d00befd8ad41dd2900da454,Charles Scudder,Individual,individual,Portland,OR,250000,1,2026-09-18,2026-09-18
orestar-20250101-20260928-787cf45dc908,4792,Tina Kotek,record:31d7492ddf3e667d57119e7d,Christiana Smith Shi,Individual,individual,Portland,OR,250000,3,2025-05-21,2026-04-22
orestar-20250101-20260928-787cf45dc908,4792,Tina Kotek,record:4f1310cf25839f61862fb1d3,Chrysten Rivard,Individual,individual,Ashland,OR,250000,2,2025-08-13,2026-03-04
orestar-20250101-20260928-787cf45dc908,4792,Tina Kotek,record:0f58cde0708280630e0afbf8,Columbia River Pilots,Other,other,Portland,OR,250000,1,2025-08-11,2025-08-11
orestar-20250101-20260928-787cf45dc908,4792,Tina Kotek,committee:20290,Dacia for Oregon (20290),Political Committee,other,Portland,OR,250000,1,2025-12-04,2025-12-04
orestar-20250101-20260928-787cf45dc908,4792,Tina Kotek,record:2a9e516a80bbf839d0a88f8e,Dan Volkmer,Individual,individual,Portland,OR,250000,1,2026-07-15,2026-07-15
orestar-20250101-20260928-787cf45dc908,4792,Tina Kotek,record:2e5a43957d98396f4a293556,Daniel Dugi,Individual,individual,Portland,OR,250000,1,2026-05-20,2026-05-20
orestar-20250101-20260928-787cf45dc908,4792,Tina Kotek,record:8386af0601b755c6082343d3,David Heim,Individual,individual,Portland,OR,250000,2,2026-03-04,2026-08-12
orestar-20250101-20260928-787cf45dc908,4792,Tina Kotek,record:daa6e076f9a5986b292a7bcf,Dean Lemman,Individual,individual,Lake Oswego,OR,250000,1,2025-12-10,2025-12-10
orestar-20250101-20260928-787cf45dc908,4792,Tina Kotek,record:d604eb7e8c8ae107394432dc,Doug Edwards,Individual,individual,Los Altos,CA,250000,1,2026-09-02,2026-09-02
orestar-20250101-20260928-787cf45dc908,4792,Tina Kotek,record:e35d94b0a69f88a280bb9f4d,Erin Brender,Individual,individual,Medford,OR,250000,1,2025-06-04,2025-06-04
orestar-20250101-20260928-787cf45dc908,4792,Tina Kotek,record:a5f1cec9298852b28a70461e,Gaby Massaad,Individual,individual,Tualatin,OR,250000,1,2026-07-29,2026-07-29
orestar-20250101-20260928-787cf45dc908,4792,Tina Kotek,record:e5fd2576b4c73e48aa6b6e40,GeoToll Inc,Business Entity,business,Boca Raton,FL,250000,1,2025-12-08,2025-12-08
orestar-20250101-20260928-787cf45dc908,4792,Tina Kotek,record:9d905f6a058e3d34d9e269fb,GlaxoSmithKline PAC,Unregistered Committee,other,Washington,DC,250000,1,2026-01-02,2026-01-02
orestar-20250101-20260928-787cf45dc908,4792,Tina Kotek,record:b15dfa38afee555bd9bbcfde,Gordon Lafer,Individual,individual,Eugene,OR,250000,1,2026-05-20,2026-05-20
orestar-20250101-20260928-787cf45dc908,4792,Tina Kotek,record:9577623b1278b819588af395,Harbor Industrial Services Corp,Business Entity,business,San Pedro,CA,250000,1,2025-11-03,2025-11-03
orestar-20250101-20260928-787cf45dc908,4792,Tina Kotek,record:2ddf1cba1145b2cdbe84ce86,Henry Oliver III,Individual,individual,Scottsdale,AZ,250000,1,2026-06-01,2026-06-01
orestar-20250101-20260928-787cf45dc908,4792,Tina Kotek,record:267ec99b5b6a88f84ed1ca53,IUPAT Political Action Together Legislative Education,Unregistered Committee,other,Hanover,MD,250000,1,2025-10-06,2025-10-06
orestar-20250101-20260928-787cf45dc908,4792,Tina Kotek,record:63a1149fa0a83422d8958bc8,Instacart,Business Entity,business,Sf,CA,250000,1,2026-09-22,2026-09-22
orestar-20250101-20260928-787cf45dc908,4792,Tina Kotek,record:ca61eb37d4a6c6452f6e0ceb,James Kelly,Individual,individual,Bend,OR,250000,1,2025-10-09,2025-10-09
orestar-20250101-20260928-787cf45dc908,4792,Tina Kotek,record:a6217f4e8756d3ddf6495225,Jeff Scranton,Individual,individual,Ashland,OR,250000,1,2025-05-20,2025-05-20
orestar-20250101-20260928-787cf45dc908,4792,Tina Kotek,record:9a30b6479791aca21a7cb732,Joanna Kindell,Individual,individual,Salem,OR,250000,1,2025-06-16,2025-06-16
orestar-20250101-20260928-787cf45dc908,4792,Tina Kotek,record:41ef105883c8ff20a54cc37c,Johnathan Farmer,Individual,individual,Baton Rouge,LA,250000,1,2026-09-21,2026-09-21
orestar-20250101-20260928-787cf45dc908,4792,Tina Kotek,record:e113d837bd27e1f2ff4891c5,Katherine Keane,Individual,individual,Portland,OR,250000,1,2025-04-16,2025-04-16
orestar-20250101-20260928-787cf45dc908,4792,Tina Kotek,record:0efe604199eadad677619c08,Kathleen Kellenbeck,Individual,individual,Ashland,OR,250000,1,2025-10-22,2025-10-22
orestar-20250101-20260928-787cf45dc908,4792,Tina Kotek,record:5dc41e82247871880b2314f0,Kathleen Kellenbeck,Individual,individual,Phoenix,OR,250000,1,2025-05-20,2025-05-20
orestar-20250101-20260928-787cf45dc908,4792,Tina Kotek,record:dea242819d753def9083e728,Kevin Shanley,Individual,individual,Portland,OR,250000,3,2025-12-10,2026-08-19
orestar-20250101-20260928-787cf45dc908,4792,Tina Kotek,record:e588736c7221329c4aae2fe3,Kroger,Business Entity,business,Portland,OR,250000,1,2025-10-09,2025-10-09
orestar-20250101-20260928-787cf45dc908,4792,Tina Kotek,record:ed6f73fafc9675e78f1beb18,Kroger,Business Entity,business,Cincinnati,OH,250000,1,2025-11-06,2025-11-06
orestar-20250101-20260928-787cf45dc908,4792,Tina Kotek,record:07fa691ca7a358cff6b5f2ab,Lawrence M Cushman,Individual,individual,San Diego,CA,250000,1,2026-06-17,2026-06-17
orestar-20250101-20260928-787cf45dc908,4792,Tina Kotek,record:2224e8eb082ed050c153cf8f,Linda Carnine,Individual,individual,Eugene,OR,250000,1,2025-04-03,2025-04-03
orestar-20250101-20260928-787cf45dc908,4792,Tina Kotek,record:bc0f9d7ae0ecafafe57bd78d,Mark Rosenbaum,Individual,individual,Portland,OR,250000,1,2026-09-14,2026-09-14
orestar-20250101-20260928-787cf45dc908,4792,Tina Kotek,record:a9fe800c5372fcf4bbb88824,Marty Cahill,Individual,individual,Corvallis,OR,250000,1,2026-06-03,2026-06-03
orestar-20250101-20260928-787cf45dc908,4792,Tina Kotek,record:32671eb3d86e16f40505889b,Matthew Chapman,Individual,individual,Portland,OR,250000,1,2026-01-21,2026-01-21
orestar-20250101-20260928-787cf45dc908,4792,Tina Kotek,record:d960b6181729847949cb60b1,Melissa Buis,Individual,individual,Salem,OR,250000,1,2026-05-13,2026-05-13
orestar-20250101-20260928-787cf45dc908,4792,Tina Kotek,record:86407704b3a7ce9a33a5443e,Merle Chambers,Individual,individual,Denver,CO,250000,1,2025-11-19,2025-11-19
orestar-20250101-20260928-787cf45dc908,4792,Tina Kotek,record:d68e9973b4c276c4fb8436b2,Metro West Ambulance Inc,Business Entity,business,Hillsboro,OR,250000,1,2025-10-17,2025-10-17
orestar-20250101-20260928-787cf45dc908,4792,Tina Kotek,record:62d15a1c9161f983880d1fb7,Michael Cole,Individual,individual,Portland,OR,250000,1,2026-09-21,2026-09-21
orestar-20250101-20260928-787cf45dc908,4792,Tina Kotek,record:ad26daf27fcd18db1e9aeca2,"Motion Picture Association of America, Inc.",Business Entity,business,Sherman Oaks,CA,250000,1,2026-06-16,2026-06-16
orestar-20250101-20260928-787cf45dc908,4792,Tina Kotek,record:7692c16deed38da0fb3ebfa3,Mytien Huynh,Individual,individual,Camas,WA,250000,1,2026-01-07,2026-01-07
orestar-20250101-20260928-787cf45dc908,4792,Tina Kotek,committee:14490,Oregon Technology PAC (14490),Political Committee,other,Portland,OR,250000,1,2026-05-13,2026-05-13
orestar-20250101-20260928-787cf45dc908,4792,Tina Kotek,record:508f303b4955e30a3df91da2,PMI Global Services Inc.,Business Entity,business,San Rafael,CA,250000,1,2025-01-21,2025-01-21
orestar-20250101-20260928-787cf45dc908,4792,Tina Kotek,record:1512f1e52b2610e2bafcb104,Peggy Neal,Individual,individual,Eugene,OR,250000,1,2026-04-06,2026-04-06
orestar-20250101-20260928-787cf45dc908,4792,Tina Kotek,committee:2480,Portland General Electric Employee Candidate Assistance Fund (2480),Political Committee,other,Portland,OR,250000,1,2025-10-14,2025-10-14
orestar-20250101-20260928-787cf45dc908,4792,Tina Kotek,record:0381b69b847572ea3820c6e7,Richard Palacio,Individual,individual,Denver,CO,250000,1,2026-09-21,2026-09-21
orestar-20250101-20260928-787cf45dc908,4792,Tina Kotek,record:cfa6b715a4ede83a94f0d241,Robert Gootee,Individual,individual,Milwaukie,OR,250000,1,2025-10-16,2025-10-16
orestar-20250101-20260928-787cf45dc908,4792,Tina Kotek,record:5ab1f6359775024c46b03ecd,Roy Thompson,Individual,individual,Lake Oswego,OR,250000,1,2026-01-21,2026-01-21
orestar-20250101-20260928-787cf45dc908,4792,Tina Kotek,record:0b14678b79d93d07aa080853,Shawn Baird,Individual,individual,Portland,OR,250000,1,2026-07-02,2026-07-02
orestar-20250101-20260928-787cf45dc908,4792,Tina Kotek,record:9d60126860f7747888623bb5,Stacy Cross,Individual,individual,Oakland,CA,250000,1,2026-09-02,2026-09-02
orestar-20250101-20260928-787cf45dc908,4792,Tina Kotek,committee:5207,Stand for Children Oregon PAC (5207),Political Committee,other,Portland,OR,250000,1,2025-01-10,2025-01-10
orestar-20250101-20260928-787cf45dc908,4792,Tina Kotek,record:37deb23f09cfdb7ae5440901,Stevenson Weitz,Individual,individual,Washington,DC,250000,1,2026-09-21,2026-09-21
orestar-20250101-20260928-787cf45dc908,4792,Tina Kotek,record:7b05b113b1b5271d7ec179ac,Sue Miller,Individual,individual,Portland,OR,250000,1,2026-09-14,2026-09-14
orestar-20250101-20260928-787cf45dc908,4792,Tina Kotek,committee:20610,Team Broadman (20610),Political Committee,other,Bend,OR,250000,3,2025-04-18,2026-08-07
orestar-20250101-20260928-787cf45dc908,4792,Tina Kotek,record:b9cda90c0154f9dd28033b70,Terence Barr,Individual,individual,Portland,OR,250000,1,2025-03-05,2025-03-05
orestar-20250101-20260928-787cf45dc908,4792,Tina Kotek,record:bbd46d6b2115397f3b9428da,Terry Reynolds,Individual,individual,Bend,OR,250000,2,2025-02-07,2026-08-17
orestar-20250101-20260928-787cf45dc908,4792,Tina Kotek,record:2b10a2d8a351bc2c62264a1a,Thedns LLC,Business Entity,business,Salem,OR,250000,1,2025-06-12,2025-06-12
orestar-20250101-20260928-787cf45dc908,4792,Tina Kotek,record:7873993d2243848f1f60bf36,Tidal Basin Government Consulting,Business Entity,business,Utica,NY,250000,1,2025-09-24,2025-09-24
orestar-20250101-20260928-787cf45dc908,4792,Tina Kotek,record:015868fffad09c52bf2f67be,W. Kirk Wallace,Individual,individual,Portland,OR,250000,1,2026-08-05,2026-08-05
orestar-20250101-20260928-787cf45dc908,4792,Tina Kotek,record:415a54d08ea106f4554e174d,Walmart,Business Entity,business,Bentonville,AR,250000,1,2026-07-15,2026-07-15
orestar-20250101-20260928-787cf45dc908,4792,Tina Kotek,record:d0792b9b077ab649957caf28,Woodburn Ambulance,Business Entity,business,Hillsboro,OR,250000,1,2025-10-17,2025-10-17
orestar-20250101-20260928-787cf45dc908,4792,Tina Kotek,record:52e1c83d4cce8d7582927156,ZillowGroup,Business Entity,business,Seattle,WA,250000,1,2026-02-02,2026-02-02
orestar-20250101-20260928-787cf45dc908,4792,Tina Kotek,record:8b18ed0ebf28fd3433b5a7b3,Perry Hiramoto,Individual,individual,Florence,OR,244685,88,2025-02-26,2026-09-21
orestar-20250101-20260928-787cf45dc908,4792,Tina Kotek,record:3430cd6c8d05e77a5e623108,Jacqueline Mercer,Individual,individual,Gresham,OR,235000,5,2025-01-12,2026-09-14
orestar-20250101-20260928-787cf45dc908,4792,Tina Kotek,record:662d232d236965e477109d40,Sandra Hansberger,Individual,individual,Portland,OR,235000,4,2025-10-08,2026-02-04
orestar-20250101-20260928-787cf45dc908,4792,Tina Kotek,record:1be31f11989990e8afa0c9ad,Michael Garland,Individual,individual,Portland,OR,231000,23,2025-01-29,2026-09-14
orestar-20250101-20260928-787cf45dc908,4792,Tina Kotek,record:cd355c2804942b3c85800a93,Jessica Post,Individual,individual,Ellisville,MO,205000,4,2025-11-05,2026-09-21
orestar-20250101-20260928-787cf45dc908,4792,Tina Kotek,record:3319fd68aceef19f204da60a,Edwin Harnden,Individual,individual,Portland,OR,204500,3,2025-08-20,2025-09-17
orestar-20250101-20260928-787cf45dc908,4792,Tina Kotek,record:06a820143522cb3fef20ddbb,Al Jubitz,Individual,individual,Portland,OR,200000,1,2026-07-29,2026-07-29
orestar-20250101-20260928-787cf45dc908,4792,Tina Kotek,record:078275a6ff08c4829cabca3d,Al Jubitz,Individual,individual,Portland,OR,200000,1,2025-08-13,2025-08-13
orestar-20250101-20260928-787cf45dc908,4792,Tina Kotek,record:718c94b1bcf5721dd5b5e9b7,Alice Graham,Individual,individual,Portland,OR,200000,2,2026-05-13,2026-08-26
orestar-20250101-20260928-787cf45dc908,4792,Tina Kotek,record:83cbed0d547dcd13e6c43b7c,"Boardman Foods, Inc.",Business Entity,business,Boardman,OR,200000,1,2026-04-13,2026-04-13
orestar-20250101-20260928-787cf45dc908,4792,Tina Kotek,record:782a26b6cfc8b7ae23aacd63,Bonnie Serkin,Individual,individual,Portland,OR,200000,2,2025-10-29,2026-02-19
orestar-20250101-20260928-787cf45dc908,4792,Tina Kotek,record:b56c899672f9226ceab557cc,Brent Kenyon,Individual,individual,Medford,OR,200000,2,2026-04-29,2026-07-08
orestar-20250101-20260928-787cf45dc908,4792,Tina Kotek,record:7cbba152abb4bbe541833775,Carol Turner,Individual,individual,Portland,OR,200000,2,2026-08-12,2026-08-12
orestar-20250101-20260928-787cf45dc908,4792,Tina Kotek,record:733a57fd35c130f360754d15,Carole Omans,Individual,individual,Salem,OR,200000,2,2025-07-23,2026-05-06
orestar-20250101-20260928-787cf45dc908,4792,Tina Kotek,record:a84cd1137f4e0612bac607fc,Charles Breslin,Individual,individual,Philadelphia,PA,200000,2,2025-06-11,2026-02-11
orestar-20250101-20260928-787cf45dc908,4792,Tina Kotek,record:dcf2f3d2fd1857cb1ef0fcef,Charles Engelberg,Individual,individual,Lake Oswego,OR,200000,2,2026-01-28,2026-09-02
orestar-20250101-20260928-787cf45dc908,4792,Tina Kotek,record:1e4b3885c3f427ef3510394b,Chinna Prudvi,Individual,individual,Portland,OR,200000,1,2026-05-06,2026-05-06
orestar-20250101-20260928-787cf45dc908,4792,Tina Kotek,record:9fe090782f1ffcc7eafc6f3f,Chris Mack,Individual,individual,Milwaukie,OR,200000,2,2026-07-31,2026-09-08
orestar-20250101-20260928-787cf45dc908,4792,Tina Kotek,record:1ac707ec7fc21b5302273e16,Cynthia Mcdaniel,Individual,individual,Portland,OR,200000,2,2026-09-10,2026-09-10
orestar-20250101-20260928-787cf45dc908,4792,Tina Kotek,record:b506faced17e37440905d8e9,Dale Moisio,Individual,individual,Portland,OR,200000,2,2026-05-13,2026-08-05
orestar-20250101-20260928-787cf45dc908,4792,Tina Kotek,record:e180d8179417375f3d98fd25,David Mckinnis,Individual,individual,Fairfield,CT,200000,1,2026-05-22,2026-05-22
orestar-20250101-20260928-787cf45dc908,4792,Tina Kotek,record:27c5e6921a9eb80c000580b1,Debra Lee,Individual,individual,Medford,OR,200000,1,2026-09-10,2026-09-10
orestar-20250101-20260928-787cf45dc908,4792,Tina Kotek,record:9003c3b383507690c84e6c83,Dinah Larsen,Individual,individual,Tualatin,OR,200000,1,2025-11-17,2025-11-17
orestar-20250101-20260928-787cf45dc908,4792,Tina Kotek,record:a3a724d0ab6a7f3ebc157709,Divyesh Desai,Individual,individual,Vancouver,WA,200000,1,2026-05-06,2026-05-06
orestar-20250101-20260928-787cf45dc908,4792,Tina Kotek,record:8a25625bfd9971dd377465ee,Erin Olson,Individual,individual,Portland,OR,200000,2,2026-04-27,2026-09-10
orestar-20250101-20260928-787cf45dc908,4792,Tina Kotek,record:3a4e93f31aa77bb5a177b5a7,"Generations, LLC",Business Entity,business,Clackamas,OR,200000,1,2025-11-24,2025-11-24
orestar-20250101-20260928-787cf45dc908,4792,Tina Kotek,record:a63b0b46de2b004802cc2b47,"Gilead Sciences, Inc.",Business Entity,business,Raleigh,NC,200000,1,2025-12-15,2025-12-15
orestar-20250101-20260928-787cf45dc908,4792,Tina Kotek,record:de0c51f439191df156484952,HIMS Inc,Business Entity,business,Sf,CA,200000,1,2026-05-13,2026-05-13
orestar-20250101-20260928-787cf45dc908,4792,Tina Kotek,record:1b18ff4b394c8c9029a13406,Heather Johnson,Individual,individual,Salem,OR,200000,2,2025-05-14,2026-08-12
orestar-20250101-20260928-787cf45dc908,4792,Tina Kotek,record:a438c370223d614a49631fca,Homer Williams,Individual,individual,Portland,OR,200000,1,2026-04-29,2026-04-29
orestar-20250101-20260928-787cf45dc908,4792,Tina Kotek,record:5b51711e9dc8ed67f88aa0e2,James Whittaker,Individual,individual,Hillsboro,OR,200000,2,2026-09-21,2026-09-21
orestar-20250101-20260928-787cf45dc908,4792,Tina Kotek,record:539727f78768ac88db80888b,Jeff Heatherington,Individual,individual,Portland,OR,200000,2,2025-10-14,2026-09-16
orestar-20250101-20260928-787cf45dc908,4792,Tina Kotek,record:5669165d1b59d70cb8fac88b,Jonathan Singer,Individual,individual,Portland,OR,200000,2,2025-12-24,2026-04-29
orestar-20250101-20260928-787cf45dc908,4792,Tina Kotek,record:04e3ba4d3ab7907824f02bfc,Kala Madugula,Individual,individual,Vancouver,WA,200000,1,2026-04-29,2026-04-29
orestar-20250101-20260928-787cf45dc908,4792,Tina Kotek,record:d959b1933a604bfa7605af35,Karen Packer,Individual,individual,Newberg,OR,200000,1,2026-04-29,2026-04-29
orestar-20250101-20260928-787cf45dc908,4792,Tina Kotek,record:e700d675dc632ae6bb8ea52a,Khang Tran,Individual,individual,Portland,OR,200000,2,2026-02-11,2026-02-11
orestar-20250101-20260928-787cf45dc908,4792,Tina Kotek,record:49654c59836d7479961e1f4c,Kit Johnson,Individual,individual,Tualatin,OR,200000,1,2026-04-22,2026-04-22
orestar-20250101-20260928-787cf45dc908,4792,Tina Kotek,record:0d9dd0686002b8764d8735c3,Krishnakumar Regupathy,Individual,individual,Portland,OR,200000,1,2026-05-06,2026-05-06
orestar-20250101-20260928-787cf45dc908,4792,Tina Kotek,record:2a778f0d20905f7c0917c820,Leon Bell,Individual,individual,Portland,OR,200000,1,2026-08-05,2026-08-05
orestar-20250101-20260928-787cf45dc908,4792,Tina Kotek,record:3d3e32229f7e9fe2f9c74cf5,Linda Ray-Keeney,Individual,individual,King City,OR,200000,4,2025-07-16,2026-08-19
orestar-20250101-20260928-787cf45dc908,4792,Tina Kotek,record:bbb778b08adce34a6a70d988,Lisa Adatto,Individual,individual,Lake Oswego,OR,200000,2,2025-05-07,2026-04-22
orestar-20250101-20260928-787cf45dc908,4792,Tina Kotek,record:a6f11074469bc307bdf1bd30,Lisa Stine,Individual,individual,Portland,OR,200000,2,2026-06-29,2026-09-18
orestar-20250101-20260928-787cf45dc908,4792,Tina Kotek,record:7f2c00f596c0b276a1eb9447,Lois Pettinger,Individual,individual,Ashland,OR,200000,2,2026-08-19,2026-08-19
orestar-20250101-20260928-787cf45dc908,4792,Tina Kotek,record:068d87720c76a89dce60252c,Louis Capozzi,Individual,individual,Deschutes County,OR,200000,2,2025-05-07,2025-12-10
orestar-20250101-20260928-787cf45dc908,4792,Tina Kotek,record:f7265c861cff3c36549c4873,Malempati Nagarjuna,Individual,individual,Seattle,WA,200000,1,2026-04-29,2026-04-29
orestar-20250101-20260928-787cf45dc908,4792,Tina Kotek,record:114d570413d0a1a5c328cbfd,Marcia Petty,Individual,individual,Portland,OR,200000,1,2026-05-06,2026-05-06
orestar-20250101-20260928-787cf45dc908,4792,Tina Kotek,record:8b04aaed127b3022aba587b6,Marilyn Stubbs,Individual,individual,Portland,OR,200000,2,2026-04-03,2026-05-20
orestar-20250101-20260928-787cf45dc908,4792,Tina Kotek,record:1e95e6da50bfb6755df6ef10,Michael Kennedy,Individual,individual,Portland,OR,200000,2,2025-12-24,2026-09-10
orestar-20250101-20260928-787cf45dc908,4792,Tina Kotek,record:27462b8a91f7c48d6b041a75,Mike Huntington,Individual,individual,Corvallis,OR,200000,2,2026-08-14,2026-09-21
orestar-20250101-20260928-787cf45dc908,4792,Tina Kotek,record:b7b02a5310c659babfc4c89b,Nancy Becker,Individual,individual,Portland,OR,200000,2,2026-08-26,2026-08-26
orestar-20250101-20260928-787cf45dc908,4792,Tina Kotek,record:abbbf177022ab022bcff6357,Oregon Telecommunications Association,Other,other,Salem,OR,200000,1,2025-10-06,2025-10-06
orestar-20250101-20260928-787cf45dc908,4792,Tina Kotek,record:562205f115af75e7c2692960,Pamela Wald,Individual,individual,Philomath,OR,200000,1,2025-08-06,2025-08-06
orestar-20250101-20260928-787cf45dc908,4792,Tina Kotek,record:61a9c7b77eeeb99bda23e506,Paul Martinsen,Individual,individual,Salem,OR,200000,2,2025-08-27,2026-08-12
orestar-20250101-20260928-787cf45dc908,4792,Tina Kotek,record:43a0c8907e39e1696bd3b56d,Pete Sandrock,Individual,individual,Portland,OR,200000,2,2026-03-18,2026-08-24
orestar-20250101-20260928-787cf45dc908,4792,Tina Kotek,record:cca75d842b6f31ae6ca05846,Ramachandra Sunkara,Individual,individual,Hillsboro,OR,200000,1,2026-05-06,2026-05-06
orestar-20250101-20260928-787cf45dc908,4792,Tina Kotek,record:382e1373ddfa9399e41a5491,Ramana Reddy,Individual,individual,Portland,OR,200000,1,2026-04-22,2026-04-22
orestar-20250101-20260928-787cf45dc908,4792,Tina Kotek,record:d94adc2df2949215f6740a9d,Ramana Reddy,Individual,individual,Beaverton,OR,200000,2,2025-04-09,2026-02-04
orestar-20250101-20260928-787cf45dc908,4792,Tina Kotek,record:3aecbd4c254b9c85d3aa7206,Ramesh Reddy Nakkala,Individual,individual,Portland,OR,200000,1,2026-04-22,2026-04-22
orestar-20250101-20260928-787cf45dc908,4792,Tina Kotek,record:709662717d2a3f8fb11c5236,Randall Sprick,Individual,individual,Eugene,OR,200000,1,2026-04-22,2026-04-22
orestar-20250101-20260928-787cf45dc908,4792,Tina Kotek,record:3c1c229f667a3c87c8dfa6f2,Rebecca Prozan,Individual,individual,San Francisco,CA,200000,2,2026-03-18,2026-08-12
orestar-20250101-20260928-787cf45dc908,4792,Tina Kotek,record:66c5802f80abf0716a60efd2,Richard Lloyd-Jones,Individual,individual,Portland,OR,200000,2,2026-08-05,2026-09-18
orestar-20250101-20260928-787cf45dc908,4792,Tina Kotek,record:be15575ac4a8e440bfe300ff,Rick Harris,Individual,individual,Portland,OR,200000,1,2026-05-06,2026-05-06
orestar-20250101-20260928-787cf45dc908,4792,Tina Kotek,record:9ac22fd6b4f6dfa0920267ae,Robin Henderson,Individual,individual,West Linn,OR,200000,1,2026-01-12,2026-01-12
orestar-20250101-20260928-787cf45dc908,4792,Tina Kotek,record:b9f4de2b05244a6e3f7076db,Santosh Kusuma,Individual,individual,Portland,OR,200000,1,2026-04-29,2026-04-29
orestar-20250101-20260928-787cf45dc908,4792,Tina Kotek,record:2b555094f30b11e62c498b39,Sreenivas Reddy,Individual,individual,Burr Ridge,IL,200000,1,2026-04-29,2026-04-29
orestar-20250101-20260928-787cf45dc908,4792,Tina Kotek,record:011e4b5b0f4203d9db744613,Stephen Petruzelli,Individual,individual,Tigard,OR,200000,1,2026-07-30,2026-07-30
orestar-20250101-20260928-787cf45dc908,4792,Tina Kotek,record:ebe2b88b6ec9ddc674d43b58,Steve Miller,Individual,individual,Eugene,OR,200000,1,2026-08-26,2026-08-26
orestar-20250101-20260928-787cf45dc908,4792,Tina Kotek,record:347a5f5b065fa172eeed0668,Sue Rieke Smith,Individual,individual,Portland,OR,200000,1,2025-10-29,2025-10-29
orestar-20250101-20260928-787cf45dc908,4792,Tina Kotek,record:a33346e91b76ab0d9bdc9ea1,Sunil Shenoy,Individual,individual,Portland,OR,200000,1,2026-04-22,2026-04-22
orestar-20250101-20260928-787cf45dc908,4792,Tina Kotek,record:663069d05bfec20177a1ee89,The Law Offices of William T Scannell,Business Entity,business,Portland,OR,200000,1,2026-04-30,2026-04-30
orestar-20250101-20260928-787cf45dc908,4792,Tina Kotek,record:fe1badd853a17fe424b64290,Thomas Keffer,Individual,individual,Hood River,OR,200000,1,2026-05-06,2026-05-06
orestar-20250101-20260928-787cf45dc908,4792,Tina Kotek,record:06004b73c7cb13d6525d4dcc,Timothy Markwell,Individual,individual,Salem,OR,200000,2,2026-06-24,2026-09-21
orestar-20250101-20260928-787cf45dc908,4792,Tina Kotek,record:47d4098cc34ea503994ecbde,Victoria Diegel,Individual,individual,Wailuku,HI,200000,2,2025-07-16,2026-09-21
orestar-20250101-20260928-787cf45dc908,4792,Tina Kotek,record:65c69e7ff874e584a76ce24e,Wendy Ware,Individual,individual,Otter Rock,OR,200000,1,2026-08-19,2026-08-19
orestar-20250101-20260928-787cf45dc908,4792,Tina Kotek,record:02ff5053db42240504324545,William Gaylord,Individual,individual,Arch Cape,OR,200000,2,2026-09-10,2026-09-10
orestar-20250101-20260928-787cf45dc908,4792,Tina Kotek,record:d77c7ff7a0c6ccbc08122aa6,Terry Rommel,Individual,individual,Lake Oswego,OR,196500,9,2026-03-18,2026-07-01
orestar-20250101-20260928-787cf45dc908,4792,Tina Kotek,record:f12e8ca52f1215eddadd916a,Gerald Clark,Individual,individual,Eugene,OR,182500,6,2025-03-03,2026-08-05
orestar-20250101-20260928-787cf45dc908,4792,Tina Kotek,record:8d39fcff6ce7ced75415dc5f,Warren Wong,Individual,individual,Eugene,OR,180000,8,2025-10-08,2026-09-10
orestar-20250101-20260928-787cf45dc908,4792,Tina Kotek,record:6998159df2a861d852cf0c45,Anita Donofrio,Individual,individual,Ridgefield,CT,175000,4,2025-10-08,2026-07-15
orestar-20250101-20260928-787cf45dc908,4792,Tina Kotek,record:aba3bcd79a66dc4d9caf52b8,Gary Withers,Individual,individual,Portland,OR,175000,3,2025-04-09,2026-08-26
orestar-20250101-20260928-787cf45dc908,4792,Tina Kotek,record:738d51afab7f166d84e50fbb,Nancy Vartanian,Individual,individual,Portland,OR,175000,3,2026-05-28,2026-09-14
orestar-20250101-20260928-787cf45dc908,4792,Tina Kotek,record:ac220f41eada89c215791e64,Catherine Harrahill,Individual,individual,Salem,OR,170000,4,2025-03-03,2026-09-17
orestar-20250101-20260928-787cf45dc908,4792,Tina Kotek,record:ac87a2f7cc3802f03be13541,Susan Ryburn,Individual,individual,Beaverton,OR,163200,6,2025-09-04,2026-09-21
orestar-20250101-20260928-787cf45dc908,4792,Tina Kotek,record:b05ecb936ab14d7127797a66,John Calhoun,Individual,individual,Portland,OR,160000,2,2025-02-19,2026-07-08
orestar-20250101-20260928-787cf45dc908,4792,Tina Kotek,record:e5680cb0d3b7cbe441a33766,Justin Hurley Braswell,Individual,individual,Salem,OR,160000,3,2025-12-10,2026-08-12
orestar-20250101-20260928-787cf45dc908,4792,Tina Kotek,record:95dae664bc066b0b2b598dc7,Ron Bloodworth,Individual,individual,Portland,OR,150300,34,2025-04-02,2026-09-14
orestar-20250101-20260928-787cf45dc908,4792,Tina Kotek,record:81bcb4a64e8ae5773cf3d9e9,Gordon Keeney,Individual,individual,King City,OR,150100,3,2025-07-28,2026-08-19
orestar-20250101-20260928-787cf45dc908,4792,Tina Kotek,record:f712e48a39d51d092930170f,Amy Kosterlitz,Individual,individual,Seattle,WA,150000,1,2025-08-11,2025-08-11
orestar-20250101-20260928-787cf45dc908,4792,Tina Kotek,record:9c28161a83b13373a3d840c7,Amy Rossman,Individual,individual,Corvallis,OR,150000,3,2026-08-12,2026-09-21
orestar-20250101-20260928-787cf45dc908,4792,Tina Kotek,record:9faf8337f200d09e60fe7841,Ann Fidanque,Individual,individual,Eugene,OR,150000,1,2026-03-23,2026-03-23
orestar-20250101-20260928-787cf45dc908,4792,Tina Kotek,record:50934f05388f94c5674ae458,Apolinar Montero-Sanchez,Individual,individual,Eugene,OR,150000,2,2026-08-05,2026-09-14
orestar-20250101-20260928-787cf45dc908,4792,Tina Kotek,record:7fb928e9feeb72db2e74bf4d,Barton Eberwein,Individual,individual,Lake Oswego,OR,150000,1,2026-02-11,2026-02-11
orestar-20250101-20260928-787cf45dc908,4792,Tina Kotek,committee:3591,Betsy PAC (3591),Political Committee,other,Scappoose,OR,150000,1,2026-05-27,2026-05-27
orestar-20250101-20260928-787cf45dc908,4792,Tina Kotek,record:9d84724b7e6116bd4442db73,Brian Daellenbach,Individual,individual,Beaverton,OR,150000,2,2026-01-28,2026-08-05
orestar-20250101-20260928-787cf45dc908,4792,Tina Kotek,record:adc981ae747187e0b80a2de6,Charlotte Flood,Individual,individual,Milwaukie,OR,150000,1,2026-01-28,2026-01-28
orestar-20250101-20260928-787cf45dc908,4792,Tina Kotek,record:61cd915bdfe2ec6a7bf408d6,Cheryl Coon,Individual,individual,Portland,OR,150000,2,2025-10-16,2026-09-02
orestar-20250101-20260928-787cf45dc908,4792,Tina Kotek,record:3dd1f58fa8ad01c385bcca5b,Chuck Tauman,Individual,individual,Portland,OR,150000,2,2026-04-29,2026-09-14
orestar-20250101-20260928-787cf45dc908,4792,Tina Kotek,record:d6871e19d0d02473b83461ed,Craig Sonniksen,Individual,individual,Portland,OR,150000,2,2025-04-22,2026-04-30
orestar-20250101-20260928-787cf45dc908,4792,Tina Kotek,record:e3fc36beb0e4c6af1a372cf4,Dave Willis,Individual,individual,Ashland,OR,150000,2,2025-04-23,2026-09-14
orestar-20250101-20260928-787cf45dc908,4792,Tina Kotek,record:62c698fee7ed0d3ae8384f4a,David Fidanque,Individual,individual,Eugene,OR,150000,1,2026-03-11,2026-03-11
orestar-20250101-20260928-787cf45dc908,4792,Tina Kotek,record:dbc5f8a57fa736d4fb5ce69c,David Wade,Individual,individual,Eugene,OR,150000,2,2025-10-01,2026-05-28
orestar-20250101-20260928-787cf45dc908,4792,Tina Kotek,record:9d0e04c70800a437a1dee606,Dureti Gelgelu,Individual,individual,Beaverton,OR,150000,1,2026-01-28,2026-01-28
orestar-20250101-20260928-787cf45dc908,4792,Tina Kotek,record:b09ead67528eb2c8898960f7,Edward Goehring,Individual,individual,Eugene,OR,150000,2,2025-10-22,2026-03-18
orestar-20250101-20260928-787cf45dc908,4792,Tina Kotek,record:66ca7bb7beae8eec43c41160,Electing Women Bay Area PAC,Unregistered Committee,other,San Francisco,CA,150000,1,2026-07-02,2026-07-02
orestar-20250101-20260928-787cf45dc908,4792,Tina Kotek,record:3a1b0fd8db65fc975a923b4d,Eric Leuvrey,Individual,individual,Portland,OR,150000,2,2026-03-18,2026-05-06
orestar-20250101-20260928-787cf45dc908,4792,Tina Kotek,record:cbc52cf3d36e590fd6733f3c,Erik Ward,Individual,individual,Portland,OR,150000,1,2026-02-25,2026-02-25
orestar-20250101-20260928-787cf45dc908,4792,Tina Kotek,record:c36284594a4161f484247cc1,George Dillon,Individual,individual,Vida,OR,150000,2,2025-12-10,2026-04-29
orestar-20250101-20260928-787cf45dc908,4792,Tina Kotek,record:e8f659ad345e8da81df62ebc,H2 Management LLC,Business Entity,business,Wilsonville,OR,150000,1,2025-11-24,2025-11-24
orestar-20250101-20260928-787cf45dc908,4792,Tina Kotek,record:b6922aac3f17d1301e17784e,Jabez Blumenthal,Individual,individual,Seattle,WA,150000,1,2026-09-21,2026-09-21
orestar-20250101-20260928-787cf45dc908,4792,Tina Kotek,record:9cbb373f597fff98938c186e,Jacqueline Seto,Individual,individual,West Linn,OR,150000,1,2026-01-21,2026-01-21
orestar-20250101-20260928-787cf45dc908,4792,Tina Kotek,record:2b0c7902773ac5ec1afffbd7,Jaimee King,Individual,individual,Portland,OR,150000,2,2026-05-13,2026-06-24
orestar-20250101-20260928-787cf45dc908,4792,Tina Kotek,record:442fb54a39d460fb6aa12901,James Mcbride,Individual,individual,Portland,OR,150000,3,2026-04-06,2026-09-14
orestar-20250101-20260928-787cf45dc908,4792,Tina Kotek,record:a2a545f240b9149881ed519c,Jeff Anderson,Individual,individual,Keizer,OR,150000,2,2025-06-04,2026-08-26
orestar-20250101-20260928-787cf45dc908,4792,Tina Kotek,record:d279cc41c253ec0eefd76ea8,Jennifer Behr,Individual,individual,Portland,OR,150000,2,2026-04-29,2026-09-02
orestar-20250101-20260928-787cf45dc908,4792,Tina Kotek,record:3360090d3c7ef8eed9209b7d,Jennifer Camota Luebke,Individual,individual,Portland,OR,150000,1,2026-01-14,2026-01-14
orestar-20250101-20260928-787cf45dc908,4792,Tina Kotek,record:e23aedb40071e9a24252c7c8,Jennifer Luebke,Individual,individual,Portland,OR,150000,1,2026-01-21,2026-01-21
orestar-20250101-20260928-787cf45dc908,4792,Tina Kotek,record:0dcd6393f3b90bc6e41dfed0,Jeremy Karp,Individual,individual,Portland,OR,150000,2,2025-05-21,2025-10-29
orestar-20250101-20260928-787cf45dc908,4792,Tina Kotek,record:5deb39b945d4ef3947cfc12b,Jessica Post,Individual,individual,Chesterfield,MO,150000,1,2026-07-22,2026-07-22
orestar-20250101-20260928-787cf45dc908,4792,Tina Kotek,record:df0796eea126f4194d194483,Joe Buck,Individual,individual,Lake Oswego,OR,150000,1,2026-02-25,2026-02-25
orestar-20250101-20260928-787cf45dc908,4792,Tina Kotek,record:4f4c64e4389e141d9811d77b,John Beaty,Individual,individual,Stayton,OR,150000,6,2026-03-25,2026-08-26
orestar-20250101-20260928-787cf45dc908,4792,Tina Kotek,record:a746e5b0fb63bc63151331d7,Katherine Lam,Individual,individual,Portland,OR,150000,1,2026-02-11,2026-02-11
orestar-20250101-20260928-787cf45dc908,4792,Tina Kotek,record:07270e4bc26045a6edd9336a,Kim Duncan,Individual,individual,Portland,OR,150000,3,2026-02-04,2026-09-21
orestar-20250101-20260928-787cf45dc908,4792,Tina Kotek,record:c057f037eff24cee082ae558,Lois Zaerr,Individual,individual,Corvallis,OR,150000,6,2026-03-16,2026-09-02
orestar-20250101-20260928-787cf45dc908,4792,Tina Kotek,record:94c9372cea24aec755dd79fa,Marli Miller,Individual,individual,Eugene,OR,150000,1,2026-08-19,2026-08-19
orestar-20250101-20260928-787cf45dc908,4792,Tina Kotek,record:ee81a22791ab89adc9379d9d,Maureen Nash,Individual,individual,Portland,OR,150000,2,2025-10-01,2026-09-21
orestar-20250101-20260928-787cf45dc908,4792,Tina Kotek,record:0db42d31ef00f421da58a00a,Nancy Raymond,Individual,individual,Eugene,OR,150000,2,2026-02-25,2026-09-02
orestar-20250101-20260928-787cf45dc908,4792,Tina Kotek,committee:17997,Oregon SolarPAC (17997),Political Committee,other,Portland,OR,150000,1,2026-07-06,2026-07-06
orestar-20250101-20260928-787cf45dc908,4792,Tina Kotek,record:5716ad54980c348960e5f39e,Paul Obrien,Individual,individual,Kihei,HI,150000,2,2026-04-06,2026-08-12
orestar-20250101-20260928-787cf45dc908,4792,Tina Kotek,record:7b6a2a299fda5bda3242e362,Paul Sawyier,Individual,individual,Brooklyn,NY,150000,1,2026-09-10,2026-09-10
orestar-20250101-20260928-787cf45dc908,4792,Tina Kotek,record:e6c5ca152132c13b6b6d3458,Penny Rossman,Individual,individual,Lake Oswego,OR,150000,6,2026-03-18,2026-09-14
orestar-20250101-20260928-787cf45dc908,4792,Tina Kotek,record:71776d60311b08fdb79ddf51,Rebecca Whitney-Smith,Individual,individual,Klamath Falls,OR,150000,2,2026-05-13,2026-09-21
orestar-20250101-20260928-787cf45dc908,4792,Tina Kotek,record:160f7ba319ce357104d7a4e6,Samuel Metz,Individual,individual,Portland,OR,150000,2,2026-02-11,2026-08-05
orestar-20250101-20260928-787cf45dc908,4792,Tina Kotek,record:2f56d0f3641075ee9b90bf25,Shahriar Ahmed,Individual,individual,Portland Ore,OR,150000,1,2026-09-14,2026-09-14
orestar-20250101-20260928-787cf45dc908,4792,Tina Kotek,record:bf7dd97a7352128550f2493c,Shawn Martini,Individual,individual,El Segundo,CA,150000,1,2025-09-17,2025-09-17
orestar-20250101-20260928-787cf45dc908,4792,Tina Kotek,record:c702fc46489b46e29f9a23ff,"Threemile Canyon Farms, LLC",Business Entity,business,Boardman,OR,150000,1,2026-04-13,2026-04-13
orestar-20250101-20260928-787cf45dc908,4792,Tina Kotek,record:00063ffb2616946e069ea5ad,Victoria Lara,Individual,individual,Portland,OR,150000,3,2025-11-19,2026-09-21
orestar-20250101-20260928-787cf45dc908,4792,Tina Kotek,record:59e89d5ad7045e07e43daa21,Chesley Yellott,Individual,individual,Silver Spring,MD,149000,2,2026-06-17,2026-08-05
orestar-20250101-20260928-787cf45dc908,4792,Tina Kotek,record:9c0fd0171c6e77256f628189,Erin Graham,Individual,individual,Portland,OR,145000,3,2025-04-09,2026-08-05
orestar-20250101-20260928-787cf45dc908,4792,Tina Kotek,record:25d1077b454b2cc0f5cab42c,Alfred Mcswain,Individual,individual,Portland,OR,140000,3,2026-07-01,2026-09-10
orestar-20250101-20260928-787cf45dc908,4792,Tina Kotek,record:ed9ac33a30947178f6e60189,Cathy Kaufmann,Individual,individual,Portland,OR,140000,4,2025-12-24,2026-09-02
orestar-20250101-20260928-787cf45dc908,4792,Tina Kotek,record:53b0896e3297e5723eeef2e8,Karen Deveney,Individual,individual,Portland,OR,140000,12,2025-10-03,2026-09-10
orestar-20250101-20260928-787cf45dc908,4792,Tina Kotek,record:5a4cc02ebf2e80ce6cb2f536,Steven Bruckner,Individual,individual,Portland,OR,140000,10,2025-10-08,2026-09-02
orestar-20250101-20260928-787cf45dc908,4792,Tina Kotek,record:ca8474a80c8b50781d7df9fa,Suhail Khan,Individual,individual,West Linn,OR,135000,4,2025-03-19,2026-04-29
orestar-20250101-20260928-787cf45dc908,4792,Tina Kotek,record:d41bf798df9130a7e8f91e75,Susanne Fountain,Individual,individual,Eugene,OR,135000,14,2026-03-18,2026-09-21
orestar-20250101-20260928-787cf45dc908,4792,Tina Kotek,record:09225c1f7f66339e6b20c4fd,Wally Van Valkenburg,Individual,individual,Portland,OR,135000,4,2025-04-16,2026-07-29
orestar-20250101-20260928-787cf45dc908,4792,Tina Kotek,record:4ccf9be3e22e3de86b61238f,Dannelle Stevens,Individual,individual,Portland,OR,130000,3,2025-07-24,2026-08-07
orestar-20250101-20260928-787cf45dc908,4792,Tina Kotek,record:49acabef6a714d582a22a524,Tom Kelly,Individual,individual,Portland,OR,130000,4,2026-02-04,2026-09-02
orestar-20250101-20260928-787cf45dc908,4792,Tina Kotek,record:584986d41f8ed7a87b16ebb1,Toni McDougall,Individual,individual,Pendelton,OR,130000,3,2025-03-06,2026-09-21
orestar-20250101-20260928-787cf45dc908,4792,Tina Kotek,record:91b4f3c26dd6062adc794acc,Kate Wilson,Individual,individual,San Rafael,CA,127000,5,2026-04-15,2026-04-29
orestar-20250101-20260928-787cf45dc908,4792,Tina Kotek,record:2e7c5283f4923bb2839ad10f,Antonio Germann,Individual,individual,West Linn,OR,125000,2,2026-03-18,2026-09-10
orestar-20250101-20260928-787cf45dc908,4792,Tina Kotek,record:4b8e495159569eda9a11e875,Daniel Mensher,Individual,individual,Seattle,WA,125000,1,2025-11-19,2025-11-19
orestar-20250101-20260928-787cf45dc908,4792,Tina Kotek,record:799b3716e575032bbfb085c5,Jen Wagner,Individual,individual,Portland,OR,125000,1,2025-11-13,2025-11-13
orestar-20250101-20260928-787cf45dc908,4792,Tina Kotek,record:00cd48544b13036299634fbb,Joseph Esmonde,Individual,individual,Portland,OR,125000,2,2025-10-08,2026-06-03
orestar-20250101-20260928-787cf45dc908,4792,Tina Kotek,record:49c4f007a6c48ebf5b787fb7,Kate Bowman,Individual,individual,Portland,OR,125000,2,2026-07-01,2026-07-22
orestar-20250101-20260928-787cf45dc908,4792,Tina Kotek,record:0d2962571e4356f74df0b182,Keil Mueller,Individual,individual,Portland,OR,125000,2,2025-11-13,2025-11-13
orestar-20250101-20260928-787cf45dc908,4792,Tina Kotek,record:38876e13817c0c9cc8650a5f,Kerry Tymchuk,Individual,individual,Beaverton,OR,125000,3,2025-05-21,2026-06-03
orestar-20250101-20260928-787cf45dc908,4792,Tina Kotek,record:6cda667e7d70dc1478991169,Ksenia Lenn,Individual,individual,Portland,OR,125000,2,2025-03-26,2026-05-20
orestar-20250101-20260928-787cf45dc908,4792,Tina Kotek,record:80b4fe50c79c02b15741f202,Lourdes Sanchez,Individual,individual,Eugene,OR,125000,2,2026-03-11,2026-09-14
orestar-20250101-20260928-787cf45dc908,4792,Tina Kotek,record:1bd7c8fdeb7c816b27a53872,Maryclare Sarff,Individual,individual,Bend,OR,125000,2,2025-04-09,2025-06-25
orestar-20250101-20260928-787cf45dc908,4792,Tina Kotek,record:35de6ed49d20e63d2a83f3ce,Nancy Vartanian,Individual,individual,Vancouver,WA,125000,2,2026-07-22,2026-08-19
orestar-20250101-20260928-787cf45dc908,4792,Tina Kotek,record:b9f99bd90062e61771cac8fd,Paul Bloom,Individual,individual,Seattle,WA,125000,1,2026-05-13,2026-05-13
orestar-20250101-20260928-787cf45dc908,4792,Tina Kotek,record:7405606aa24f67aca85aa2ac,Robert Speltz,Individual,individual,Portland,OR,125000,2,2025-05-07,2026-05-13
orestar-20250101-20260928-787cf45dc908,4792,Tina Kotek,record:1d40cea53e2fbc20877800db,Yoona Park,Individual,individual,Portland,OR,125000,1,2025-11-19,2025-11-19
orestar-20250101-20260928-787cf45dc908,4792,Tina Kotek,record:e2f00a75cc6deb56557abfde,Rinya Frisbie,Individual,individual,Canby,OR,123500,22,2025-10-29,2026-09-14
orestar-20250101-20260928-787cf45dc908,4792,Tina Kotek,record:ebb6d54ca5df853e70f6c9bd,Stephen Corcoran,Individual,individual,Tillamook,OR,123000,10,2025-04-04,2026-02-04
orestar-20250101-20260928-787cf45dc908,4792,Tina Kotek,record:86d410b7de883ca42e8d4dc9,Larry Ludeking,Individual,individual,Tigard,OR,122500,5,2025-06-04,2026-09-02
orestar-20250101-20260928-787cf45dc908,4792,Tina Kotek,record:6ad59f022a8066b4d12d194e,Chris Bonner,Individual,individual,Portland,OR,120000,3,2025-10-16,2026-09-02
orestar-20250101-20260928-787cf45dc908,4792,Tina Kotek,record:07e9a626046dfd4f18afbf22,Diane Cook,Individual,individual,Sisters,OR,120000,2,2026-09-02,2026-09-21
orestar-20250101-20260928-787cf45dc908,4792,Tina Kotek,record:7fe2383f37eb569f3754980c,Cassandra Dickson,Individual,individual,Portland,OR,116000,13,2026-02-25,2026-09-21
orestar-20250101-20260928-787cf45dc908,4792,Tina Kotek,record:4dfa354ffa1b23093fab91f2,Ian Timm,Individual,individual,Portland,OR,115000,5,2026-05-04,2026-09-23
orestar-20250101-20260928-787cf45dc908,4792,Tina Kotek,record:370cff14e3cf8a94c06c3bfa,Alfred Mcswain,Individual,individual,Portland,OR,110000,4,2026-01-28,2026-06-10
orestar-20250101-20260928-787cf45dc908,4792,Tina Kotek,record:c3f559d6147079307b63ec1e,Eric Hunter,Individual,individual,Portland,OR,110000,3,2026-04-01,2026-06-17
orestar-20250101-20260928-787cf45dc908,4792,Tina Kotek,record:22e271ebe722f5925f38dbf0,Judith Clark,Individual,individual,Wilsonville,OR,110000,5,2026-05-22,2026-08-05
orestar-20250101-20260928-787cf45dc908,4792,Tina Kotek,record:c6612890924945698694647b,Linda Taylor,Individual,individual,Forest Grove,OR,110000,2,2025-04-04,2025-06-18
orestar-20250101-20260928-787cf45dc908,4792,Tina Kotek,record:422207b65e13d643b66a18d0,Melody Haller,Individual,individual,Portland,OR,110000,2,2026-09-21,2026-09-21
orestar-20250101-20260928-787cf45dc908,4792,Tina Kotek,record:7b034842861e9c9712228564,Michael James-Long,Individual,individual,Eugene,OR,110000,2,2026-07-01,2026-08-24
orestar-20250101-20260928-787cf45dc908,4792,Tina Kotek,record:ed4d6a6c43064a910bde74af,Arthur Baden,Individual,individual,Ashland,OR,105000,2,2025-04-30,2025-10-03
orestar-20250101-20260928-787cf45dc908,4792,Tina Kotek,record:cdf47a88c556408dc29cb858,Marcia Kelley,Individual,individual,Salem,OR,105000,18,2025-03-19,2026-09-21
orestar-20250101-20260928-787cf45dc908,4792,Tina Kotek,record:a6b0f70497401c18e6504d57,Thomas Imeson,Individual,individual,Portland,OR,105000,5,2025-10-01,2026-09-21
orestar-20250101-20260928-787cf45dc908,4792,Tina Kotek,record:81a87e31254fe020edc3f354,Tom Lindberg,Individual,individual,Portland,OR,105000,3,2025-03-19,2026-04-27
orestar-20250101-20260928-787cf45dc908,4792,Tina Kotek,record:cfafe072b5b3995df85e4d4b,Joyce Miller,Individual,individual,Gresham,OR,104000,6,2025-03-06,2025-09-10
orestar-20250101-20260928-787cf45dc908,4792,Tina Kotek,record:5e1c571f30db69d0ff44eb65,Amie Wexler,Individual,individual,Portland,OR,103600,3,2026-05-13,2026-09-21
orestar-20250101-20260928-787cf45dc908,4792,Tina Kotek,record:143de88ecde5b782160ecd1c,Marianna Grossman,Individual,individual,Portland,OR,102500,2,2025-12-31,2026-04-29
orestar-20250101-20260928-787cf45dc908,4792,Tina Kotek,record:5f70e71d8ea4a14012e48aab,Carol Wallace,Individual,individual,Bend,OR,102000,2,2025-05-28,2026-09-21
orestar-20250101-20260928-787cf45dc908,4792,Tina Kotek,record:93c67824c151da47f9d24bd1,Aaron Sarnoff-Wood,Individual,individual,Corvallis,OR,100000,1,2026-05-20,2026-05-20
orestar-20250101-20260928-787cf45dc908,4792,Tina Kotek,record:92f81bba5610ba9bdd32100c,Abbott Laboratories Employee PAC,Unregistered Committee,other,Abbott Park,IL,100000,1,2025-12-15,2025-12-15
orestar-20250101-20260928-787cf45dc908,4792,Tina Kotek,record:302255211b65e01f7af98b11,Abigail Sears,Individual,individual,Lake Oswego,OR,100000,1,2026-01-21,2026-01-21
orestar-20250101-20260928-787cf45dc908,4792,Tina Kotek,record:065469eaa5675b46face484e,Adam Green,Individual,individual,Portland,OR,100000,2,2025-07-09,2026-07-08
orestar-20250101-20260928-787cf45dc908,4792,Tina Kotek,record:ee933c56d2e3b80161fec307,Alice Powell,Individual,individual,Portland,OR,100000,1,2026-09-21,2026-09-21
orestar-20250101-20260928-787cf45dc908,4792,Tina Kotek,record:75169ede78570a875ce5b2a5,Alyson Redman,Individual,individual,Deschutes County,OR,100000,1,2026-07-02,2026-07-02
orestar-20250101-20260928-787cf45dc908,4792,Tina Kotek,committee:4016,American Council of Engineering Companies - Oregon PAC (4016),Political Committee,other,Portland,OR,100000,1,2026-09-11,2026-09-11
orestar-20250101-20260928-787cf45dc908,4792,Tina Kotek,record:f0567b3dd993221c39029654,Amireh Saberiyan,Individual,individual,Beaverton,OR,100000,1,2025-06-04,2025-06-04
orestar-20250101-20260928-787cf45dc908,4792,Tina Kotek,record:a123b7842cecdc8dcb00543f,Amy Kohnstamm,Individual,individual,Portland,OR,100000,1,2025-10-08,2025-10-08
orestar-20250101-20260928-787cf45dc908,4792,Tina Kotek,record:4be612cc639f3f6ccbad62a0,Amy Rossman,Individual,individual,Corvallis,OR,100000,1,2026-04-29,2026-04-29
orestar-20250101-20260928-787cf45dc908,4792,Tina Kotek,record:eeaae196304f6b8f2a38acd5,Amy Silverberg,Individual,individual,Hood River,OR,100000,1,2025-04-29,2025-04-29
orestar-20250101-20260928-787cf45dc908,4792,Tina Kotek,record:319a2c12866a0972dacf2389,Amy Spurr,Individual,individual,Portland,OR,100000,1,2026-09-10,2026-09-10
orestar-20250101-20260928-787cf45dc908,4792,Tina Kotek,record:4fa1a5d852d0169f14b26ece,Amy Wong,Individual,individual,Portland,OR,100000,1,2026-09-02,2026-09-02
orestar-20250101-20260928-787cf45dc908,4792,Tina Kotek,record:e10555281f104b74e3706f7a,Andrea Howland,Individual,individual,Greenwood Village,CO,100000,1,2025-09-25,2025-09-25
orestar-20250101-20260928-787cf45dc908,4792,Tina Kotek,record:19ff130a3e41fab1eddc190f,Ann Poe,Individual,individual,Denver,CO,100000,1,2025-10-02,2025-10-02
orestar-20250101-20260928-787cf45dc908,4792,Tina Kotek,record:53c5a5be4eb7ceae18b62573,Anna Gadsby,Individual,individual,Portland,OR,100000,1,2026-02-25,2026-02-25
orestar-20250101-20260928-787cf45dc908,4792,Tina Kotek,record:c7ec61af2fa78b45966f90e4,Anne Cherry,Individual,individual,Portland,OR,100000,1,2026-08-19,2026-08-19
orestar-20250101-20260928-787cf45dc908,4792,Tina Kotek,record:0a8e57b0f9c840b3ae819498,Anne Dupont,Individual,individual,Fort Collins,CO,100000,1,2025-10-16,2025-10-16
orestar-20250101-20260928-787cf45dc908,4792,Tina Kotek,record:48070550038691450226021a,Anne Naito-Campbell,Individual,individual,Vancouver,OR,100000,1,2026-04-29,2026-04-29
orestar-20250101-20260928-787cf45dc908,4792,Tina Kotek,record:e3b4c9bc2ac333893dd10593,Apolinar Montero-Sanchez,Individual,individual,Beaverton,OR,100000,1,2026-01-21,2026-01-21
orestar-20250101-20260928-787cf45dc908,4792,Tina Kotek,record:5c4808d74a7ab9c118b8bbb4,Arun Sirimalla,Individual,individual,Hillsboro,OR,100000,1,2026-05-13,2026-05-13
orestar-20250101-20260928-787cf45dc908,4792,Tina Kotek,record:0c45c179d5d9570891c4e099,Ashley Rosenbaum-Depalo,Individual,individual,Clackamas,OR,100000,1,2026-09-10,2026-09-10
orestar-20250101-20260928-787cf45dc908,4792,Tina Kotek,record:fd85c5812d398c59341581ac,Ashok Reddy,Individual,individual,Portland,OR,100000,1,2026-04-29,2026-04-29
orestar-20250101-20260928-787cf45dc908,4792,Tina Kotek,record:df2a20a84b89a0c378435b07,Barbara Alberty,Individual,individual,Eugene,OR,100000,1,2026-08-07,2026-08-07
orestar-20250101-20260928-787cf45dc908,4792,Tina Kotek,record:f1a9e755db2237beaf6711e7,Barbara Scott,Individual,individual,Denver,CO,100000,1,2025-10-16,2025-10-16
orestar-20250101-20260928-787cf45dc908,4792,Tina Kotek,record:0e1a120d322af26912f21020,Barbara Wheatley,Individual,individual,Eugene,OR,100000,2,2026-08-05,2026-09-14
orestar-20250101-20260928-787cf45dc908,4792,Tina Kotek,record:2bce83f5645dbdcdb6fa738e,Benjamin Cox,Individual,individual,Portland,OR,100000,1,2026-09-02,2026-09-02
orestar-20250101-20260928-787cf45dc908,4792,Tina Kotek,record:f1038d8cdb02282cbe98da42,Benjamin Waechter,Individual,individual,Portland,OR,100000,1,2026-08-19,2026-08-19
orestar-20250101-20260928-787cf45dc908,4792,Tina Kotek,record:6370600d9fe6f82d48a47ad9,Beth Creighton,Individual,individual,Portland,OR,100000,1,2026-09-02,2026-09-02
orestar-20250101-20260928-787cf45dc908,4792,Tina Kotek,record:dbd582dea3f396abf828d8ca,Beverly Hoeffer,Individual,individual,Portland,OR,100000,2,2025-07-30,2025-09-02
orestar-20250101-20260928-787cf45dc908,4792,Tina Kotek,record:af9c01505fb9a958bd9fa783,Bhaskara Bandi,Individual,individual,Portland,OR,100000,1,2026-05-06,2026-05-06
orestar-20250101-20260928-787cf45dc908,4792,Tina Kotek,record:866704f040a6b877d70e922a,Bill Dieter,Individual,individual,Portland,OR,100000,1,2026-03-04,2026-03-04
orestar-20250101-20260928-787cf45dc908,4792,Tina Kotek,record:0ffd65a73809ba0913dc2f21,Bill Elliott,Individual,individual,Depoe Bay,OR,100000,16,2025-03-26,2026-09-02
orestar-20250101-20260928-787cf45dc908,4792,Tina Kotek,record:d60c499b41487428af05ed8a,Bill Lanning,Individual,individual,Portland,OR,100000,1,2025-12-03,2025-12-03
orestar-20250101-20260928-787cf45dc908,4792,Tina Kotek,record:3ef8f30c3ff1c8e574309c06,Bonamici for Congress,Unregistered Committee,other,Portland,OR,100000,1,2025-10-15,2025-10-15
orestar-20250101-20260928-787cf45dc908,4792,Tina Kotek,record:bc3db52506686fce12755c3e,Bonnie Raitt,Individual,individual,Los Angeles,CA,100000,1,2026-09-08,2026-09-08
orestar-20250101-20260928-787cf45dc908,4792,Tina Kotek,record:216ba216ede7d148a97a16ab,Bradford Taylor,Individual,individual,Forest Grove,OR,100000,1,2026-09-21,2026-09-21
orestar-20250101-20260928-787cf45dc908,4792,Tina Kotek,record:42185915220e7cd5d3c8c4fe,Brandon Schwindt,Individual,individual,Portland,OR,100000,1,2026-02-04,2026-02-04
orestar-20250101-20260928-787cf45dc908,4792,Tina Kotek,record:030ece20221631a53da85382,Brendan Sanchez,Individual,individual,Vancouver,WA,100000,1,2025-11-19,2025-11-19
orestar-20250101-20260928-787cf45dc908,4792,Tina Kotek,record:d7705cc184973b45051a6cad,Brent Hample,Individual,individual,Eugene,OR,100000,2,2025-11-05,2026-04-15
orestar-20250101-20260928-787cf45dc908,4792,Tina Kotek,record:e8e6f0f7053beb6d67c1a2de,Brian Carleton,Individual,individual,Portland,OR,100000,1,2025-12-10,2025-12-10
orestar-20250101-20260928-787cf45dc908,4792,Tina Kotek,record:d3313848e12698a4ec8142ab,Brian Peierls,Individual,individual,Portland,OR,100000,1,2026-01-29,2026-01-29
orestar-20250101-20260928-787cf45dc908,4792,Tina Kotek,record:2e12b5d0ebcd40edf5aa75d4,Brian Shipley,Individual,individual,Portland,OR,100000,1,2026-08-19,2026-08-19
orestar-20250101-20260928-787cf45dc908,4792,Tina Kotek,record:9b474f15c121ea6f6bd9efbb,Burgess & Niple,Business Entity,business,Portland,OR,100000,1,2025-10-20,2025-10-20
orestar-20250101-20260928-787cf45dc908,4792,Tina Kotek,record:94c9c78765a09b62c7722522,Caddy Mckeown,Individual,individual,Coos Bay Or,OR,100000,1,2026-08-19,2026-08-19
orestar-20250101-20260928-787cf45dc908,4792,Tina Kotek,record:7adb45381669d1c11f42cf5f,Carlos Andrade,Individual,individual,Miami,FL,100000,1,2026-06-10,2026-06-10
orestar-20250101-20260928-787cf45dc908,4792,Tina Kotek,record:43c243cb3c0ccab9cb600795,Carol Veber,Individual,individual,Wilsonville,OR,100000,1,2025-11-05,2025-11-05
orestar-20250101-20260928-787cf45dc908,4792,Tina Kotek,record:8e855e8b0cfaef031e4cff85,Carol Winograd,Individual,individual,Stanford,CA,100000,1,2026-08-20,2026-08-20
orestar-20250101-20260928-787cf45dc908,4792,Tina Kotek,record:e5379c3b2e411adaa81e33cf,Caroline Borduin,Individual,individual,Lake Oswego,OR,100000,1,2026-07-29,2026-07-29
orestar-20250101-20260928-787cf45dc908,4792,Tina Kotek,record:62c41af2711b1137a638c3bf,Carolyn Gardner,Individual,individual,Corvallis,OR,100000,1,2026-09-10,2026-09-10
orestar-20250101-20260928-787cf45dc908,4792,Tina Kotek,record:25e3c683d9a4a61a04f33912,Carrie Samuels,Individual,individual,Portland,OR,100000,1,2025-06-25,2025-06-25
orestar-20250101-20260928-787cf45dc908,4792,Tina Kotek,record:7f6bd2bda80191561b260f44,Cathy Travis,Individual,individual,Ashland,OR,100000,1,2026-03-04,2026-03-04
orestar-20250101-20260928-787cf45dc908,4792,Tina Kotek,record:070975b838dc9f67d972fafa,Chanly Bob,Individual,individual,Happy Valley,OR,100000,1,2026-02-11,2026-02-11
orestar-20250101-20260928-787cf45dc908,4792,Tina Kotek,record:7aee0551398aecff182333ff,Charter,Business Entity,business,St. Louis,MO,100000,1,2025-12-04,2025-12-04
orestar-20250101-20260928-787cf45dc908,4792,Tina Kotek,record:b91ea58c7cfdfb6283b1cfc0,Charter Communications,Business Entity,business,St. Louis,MO,100000,1,2026-08-17,2026-08-17
orestar-20250101-20260928-787cf45dc908,4792,Tina Kotek,record:039b433ee1e2fd92930eb920,Cheryl R. Neal,Individual,individual,Portland,OR,100000,1,2026-09-10,2026-09-10
orestar-20250101-20260928-787cf45dc908,4792,Tina Kotek,record:433fb9375490456c5dd92676,Chris Magana,Individual,individual,Vancouver,WA,100000,1,2026-07-01,2026-07-01
orestar-20250101-20260928-787cf45dc908,4792,Tina Kotek,record:1f168c5ae13794349ab0bf91,Christine Arbogast,Individual,individual,Centennial,CO,100000,1,2025-10-09,2025-10-09
orestar-20250101-20260928-787cf45dc908,4792,Tina Kotek,record:69561919958ea9aaf4e0c1d6,Christine Ekman,Individual,individual,Denver,CO,100000,1,2025-10-16,2025-10-16
orestar-20250101-20260928-787cf45dc908,4792,Tina Kotek,record:f440071f287d29de05cb9932,Christopher Giovarelli,Individual,individual,Portland,OR,100000,1,2025-07-23,2025-07-23
orestar-20250101-20260928-787cf45dc908,4792,Tina Kotek,record:e4b189f2f13521f73ce0efdc,Chrys Martin,Individual,individual,Portland,OR,100000,1,2026-01-14,2026-01-14
orestar-20250101-20260928-787cf45dc908,4792,Tina Kotek,record:4c139a1ef879046afc0f73ce,Clare Hamill,Individual,individual,Portland,OR,100000,1,2025-12-24,2025-12-24
orestar-20250101-20260928-787cf45dc908,4792,Tina Kotek,committee:17668,Committee to Elect Pam Marsh (17668),Political Committee,other,Ashland,OR,100000,1,2025-05-02,2025-05-02
orestar-20250101-20260928-787cf45dc908,4792,Tina Kotek,record:b3618ca5790869e47cb349e8,Connie Mcarthur,Individual,individual,Denver,CO,100000,1,2025-10-16,2025-10-16
orestar-20250101-20260928-787cf45dc908,4792,Tina Kotek,record:8ee225867a7a94b44ca2c5a9,Courtney Fitzloff,Individual,individual,Portland,OR,100000,1,2025-10-29,2025-10-29
orestar-20250101-20260928-787cf45dc908,4792,Tina Kotek,record:0dd47a32744fc387f680c2bc,Cynda Collins Arsenault,Individual,individual,Boulder,CO,100000,1,2025-09-18,2025-09-18
orestar-20250101-20260928-787cf45dc908,4792,Tina Kotek,record:d593fcb4c9ddd75083538213,Dale Penn,Individual,individual,Salem,OR,100000,1,2026-08-19,2026-08-19
orestar-20250101-20260928-787cf45dc908,4792,Tina Kotek,record:73de43910accdac40e04fbea,Dan Occhipinti,Individual,individual,Clackamas,OR,100000,1,2025-12-17,2025-12-17
orestar-20250101-20260928-787cf45dc908,4792,Tina Kotek,record:fcd14bcf39a0de36b12a954c,Dana Crandall,Individual,individual,Denver,CO,100000,1,2025-10-16,2025-10-16
orestar-20250101-20260928-787cf45dc908,4792,Tina Kotek,record:fd25470b88656b23c2954ef6,Dana Phillips,Individual,individual,Palo Alto,CA,100000,1,2026-06-19,2026-06-19
orestar-20250101-20260928-787cf45dc908,4792,Tina Kotek,record:999499bd2cda271d89dc6648,Daniel Nguyen,Individual,individual,Portland,OR,100000,1,2026-07-29,2026-07-29
orestar-20250101-20260928-787cf45dc908,4792,Tina Kotek,record:af97bf7b73c81132cb525320,Dave Otte,Individual,individual,Portland,OR,100000,1,2025-11-13,2025-11-13
orestar-20250101-20260928-787cf45dc908,4792,Tina Kotek,record:e227c7cec37da35546288e8d,David Dreher,Individual,individual,Bozeman,MT,100000,1,2025-08-13,2025-08-13
orestar-20250101-20260928-787cf45dc908,4792,Tina Kotek,record:121beee0f58c03593912842d,"David Evans and Associates, Inc.",Business Entity,business,Portland,OR,100000,1,2026-04-13,2026-04-13
orestar-20250101-20260928-787cf45dc908,4792,Tina Kotek,record:491e7893111e92e42d761816,David Grant Elmore,Individual,individual,Bloomington,IN,100000,1,2026-09-02,2026-09-02
orestar-20250101-20260928-787cf45dc908,4792,Tina Kotek,record:32534bab74b93c35aa16d8c8,David Gremmels,Individual,individual,Medford,OR,100000,1,2025-02-05,2025-02-05
orestar-20250101-20260928-787cf45dc908,4792,Tina Kotek,record:ead74a6a1546679004b299f6,David Rosen,Individual,individual,Bend,OR,100000,1,2026-07-15,2026-07-15
orestar-20250101-20260928-787cf45dc908,4792,Tina Kotek,record:0ceb03e4fe6791425f322d94,David Skillman,Individual,individual,Washington,DC,100000,1,2025-10-29,2025-10-29
orestar-20250101-20260928-787cf45dc908,4792,Tina Kotek,record:fcd6196b728183fe4e4a74d9,Debbie Evans,Individual,individual,Ashland,OR,100000,1,2025-05-20,2025-05-20
orestar-20250101-20260928-787cf45dc908,4792,Tina Kotek,record:c8fe88daaaeaab691633e538,Debbie Kitchin,Individual,individual,Portland,OR,100000,1,2026-08-26,2026-08-26
orestar-20250101-20260928-787cf45dc908,4792,Tina Kotek,record:6cca095377b160d440a23ad0,Debra Barth,Individual,individual,Ashland,OR,100000,1,2026-04-08,2026-04-08
orestar-20250101-20260928-787cf45dc908,4792,Tina Kotek,record:3d0901cdaa01488e32f8c9d7,Dennis Brophy,Individual,individual,Tara,OR,100000,1,2026-04-06,2026-04-06
orestar-20250101-20260928-787cf45dc908,4792,Tina Kotek,record:0b3ac520109cba1734e0ea9d,Diane Rosenbaum,Individual,individual,Portland,OR,100000,1,2025-09-04,2025-09-04
orestar-20250101-20260928-787cf45dc908,4792,Tina Kotek,record:fbaf1d4d14216b2e3aa56fa5,Diane Sykes,Individual,individual,Portland,OR,100000,1,2026-09-21,2026-09-21
orestar-20250101-20260928-787cf45dc908,4792,Tina Kotek,record:96b69435875f4dbaf62f1087,Don Gensler,Individual,individual,Umpqua,OR,100000,1,2026-01-21,2026-01-21
orestar-20250101-20260928-787cf45dc908,4792,Tina Kotek,record:974216156c0f62f5f4b0ba57,Don Orange,Individual,individual,Vancouver,WA,100000,1,2026-05-21,2026-05-21
orestar-20250101-20260928-787cf45dc908,4792,Tina Kotek,record:7712b85874ba0d38ba0999fc,Donald Oman,Individual,individual,Portland,OR,100000,1,2026-09-10,2026-09-10
orestar-20250101-20260928-787cf45dc908,4792,Tina Kotek,record:658e34bbacc99eb940e45e9e,Donald Powell,Individual,individual,Portland,OR,100000,1,2026-07-17,2026-07-17
orestar-20250101-20260928-787cf45dc908,4792,Tina Kotek,record:6dfffa38674debbd1f234ba7,Doris Larremore,Individual,individual,Astoria,OR,100000,1,2026-08-12,2026-08-12
orestar-20250101-20260928-787cf45dc908,4792,Tina Kotek,record:f9ef50a4160d56b0d082d631,Dorothy Lamm,Individual,individual,Denver,CO,100000,1,2025-10-21,2025-10-21
orestar-20250101-20260928-787cf45dc908,4792,Tina Kotek,record:452b0ea2867db8a81eb9ac4f,Dureti Gelgelu,Individual,individual,Beaverton,OR,100000,1,2025-04-22,2025-04-22
orestar-20250101-20260928-787cf45dc908,4792,Tina Kotek,committee:15406,Elect Ellen Rosenblum for Attorney General (15406),Political Committee,other,Portland,OR,100000,1,2025-01-30,2025-01-30
orestar-20250101-20260928-787cf45dc908,4792,Tina Kotek,record:300c708dfd9958f78b19ab60,Elisabeth Lyon,Individual,individual,Portland,OR,100000,1,2025-10-29,2025-10-29
orestar-20250101-20260928-787cf45dc908,4792,Tina Kotek,record:e3cc544049f40da9f189a1f2,Elisabeth Lyon,Individual,individual,Portland,OR,100000,1,2026-04-06,2026-04-06
orestar-20250101-20260928-787cf45dc908,4792,Tina Kotek,record:6f3e14c51262da431dfda3ee,Elizabeth Foster,Individual,individual,Hood River,OR,100000,1,2026-07-06,2026-07-06
orestar-20250101-20260928-787cf45dc908,4792,Tina Kotek,record:50ebbf2071da6684beec68df,Elizabeth Gewecke,Individual,individual,Portland,OR,100000,1,2025-11-13,2025-11-13
orestar-20250101-20260928-787cf45dc908,4792,Tina Kotek,record:251aea6d9ad2656279312d59,Elizabeth Harris,Individual,individual,Evergreen,CO,100000,1,2025-10-16,2025-10-16
orestar-20250101-20260928-787cf45dc908,4792,Tina Kotek,record:c63b37b6bd7beca412a8f9bf,Elizabeth Remley,Individual,individual,Portland,OR,100000,1,2026-02-04,2026-02-04
orestar-20250101-20260928-787cf45dc908,4792,Tina Kotek,record:233d894dad53f56458dc7e57,Ellen Sherberg,Individual,individual,Boulder,CO,100000,1,2025-10-23,2025-10-23
orestar-20250101-20260928-787cf45dc908,4792,Tina Kotek,record:e30516159531bc9959ab2da6,Eric Davis,Individual,individual,Silverton,OR,100000,1,2025-09-04,2025-09-04
orestar-20250101-20260928-787cf45dc908,4792,Tina Kotek,record:0f53e0f5b10d12b68ec1497a,Eric Friedenwald-Fishman,Individual,individual,Portland,OR,100000,1,2026-08-05,2026-08-05
orestar-20250101-20260928-787cf45dc908,4792,Tina Kotek,record:c85cddbd8bebb84e854bb005,Eric Hunter,Individual,individual,Portland,OR,100000,1,2026-09-14,2026-09-14
orestar-20250101-20260928-787cf45dc908,4792,Tina Kotek,record:eb5ff2f78585917c4da6a2f1,Eric Paine,Individual,individual,Portland,OR,100000,1,2025-11-13,2025-11-13
orestar-20250101-20260928-787cf45dc908,4792,Tina Kotek,record:60725493e83707fd0b739424,Erin Isselmann,Individual,individual,Portland,OR,100000,1,2025-10-14,2025-10-14
orestar-20250101-20260928-787cf45dc908,4792,Tina Kotek,record:3928e9cd83c6330e7eaa56d9,Ernesto Fonseca,Individual,individual,Portland,OR,100000,1,2025-10-29,2025-10-29
orestar-20250101-20260928-787cf45dc908,4792,Tina Kotek,record:e7030e511a6cc3b87b691885,Evan Saulino,Individual,individual,Portland,OR,100000,1,2026-09-14,2026-09-14
orestar-20250101-20260928-787cf45dc908,4792,Tina Kotek,record:464c37e8b063cc58ced72cd8,Evans Van Buren,Individual,individual,Portland,OR,100000,1,2026-02-11,2026-02-11
orestar-20250101-20260928-787cf45dc908,4792,Tina Kotek,record:015d86b419b116fb095b3d21,Fiona Ma for Lieutenant Governor 2026,Unregistered Committee,other,Sacramento,CA,100000,1,2026-06-18,2026-06-18
orestar-20250101-20260928-787cf45dc908,4792,Tina Kotek,record:72e887d1f187c3b299339075,Florence Dyer,Individual,individual,Portland,OR,100000,1,2026-07-29,2026-07-29
orestar-20250101-20260928-787cf45dc908,4792,Tina Kotek,committee:66,Foresight Ophthalmology Political Action Committee (66),Political Committee,other,Portland,OR,100000,1,2026-01-29,2026-01-29
orestar-20250101-20260928-787cf45dc908,4792,Tina Kotek,record:15e7e5a6bee1cd4b30809f88,Frances LeGrand,Individual,individual,Denver,CO,100000,1,2025-10-23,2025-10-23
orestar-20250101-20260928-787cf45dc908,4792,Tina Kotek,record:ad3f53d075ded8a644f282da,Francie Royce,Individual,individual,Portland,OR,100000,1,2026-09-21,2026-09-21
orestar-20250101-20260928-787cf45dc908,4792,Tina Kotek,record:8edb710975e151f2127fdcd9,Frank Pierson,Individual,individual,Larchmont,NY,100000,1,2026-09-14,2026-09-14
orestar-20250101-20260928-787cf45dc908,4792,Tina Kotek,record:a84274912bb63a8d2a32606f,Frederick Bittenbender,Individual,individual,Wayne,PA,100000,1,2026-06-17,2026-06-17
orestar-20250101-20260928-787cf45dc908,4792,Tina Kotek,committee:15483,Friends for Thuy Tran (15483),Political Committee,other,Portland,OR,100000,1,2026-02-02,2026-02-02
orestar-20250101-20260928-787cf45dc908,4792,Tina Kotek,committee:19763,Friends of Ben Bowman (19763),Political Committee,other,Tigard,OR,100000,1,2025-12-22,2025-12-22
orestar-20250101-20260928-787cf45dc908,4792,Tina Kotek,committee:18821,Friends of Deb Patterson (18821),Political Committee,other,Salem,OR,100000,1,2026-01-08,2026-01-08
orestar-20250101-20260928-787cf45dc908,4792,Tina Kotek,committee:18375,Friends of James Manning (18375),Political Committee,other,Eugene,OR,100000,1,2025-10-01,2025-10-01
orestar-20250101-20260928-787cf45dc908,4792,Tina Kotek,committee:21678,Friends of Travis Nelson (21678),Political Committee,other,Portland,OR,100000,1,2025-07-30,2025-07-30
orestar-20250101-20260928-787cf45dc908,4792,Tina Kotek,record:66c848e7fd5609630a9960e2,Gail Ryder,Individual,individual,Tigard,OR,100000,1,2026-09-21,2026-09-21
orestar-20250101-20260928-787cf45dc908,4792,Tina Kotek,record:a6272d31ee62573b56794735,Gail Schoettler,Individual,individual,Parker,CO,100000,1,2025-10-09,2025-10-09
orestar-20250101-20260928-787cf45dc908,4792,Tina Kotek,record:82eaed76d0ecb1548871f5a8,Gary Graunke,Individual,individual,Sun City West,AZ,100000,2,2026-07-29,2026-09-10
orestar-20250101-20260928-787cf45dc908,4792,Tina Kotek,record:1422aa29fbfaafba36e2a622,Gary Johnson,Individual,individual,Bend,OR,100000,1,2026-07-15,2026-07-15
orestar-20250101-20260928-787cf45dc908,4792,Tina Kotek,record:18e65372d1b967289a5d42c0,George Dillon,Individual,individual,Vida,OR,100000,1,2026-07-22,2026-07-22
orestar-20250101-20260928-787cf45dc908,4792,Tina Kotek,record:af9efe667089bbd363cdfba3,George Prozan,Individual,individual,San Francisco,CA,100000,1,2026-03-18,2026-03-18
orestar-20250101-20260928-787cf45dc908,4792,Tina Kotek,record:c3bbd6c2c0dc54fc4022daf6,George Wall,Individual,individual,Milwaukie,OR,100000,2,2026-09-03,2026-09-21
orestar-20250101-20260928-787cf45dc908,4792,Tina Kotek,record:87c0abf3008a20b16d317fc4,Gilbert Neiger,Individual,individual,Portland,OR,100000,1,2026-04-08,2026-04-08
orestar-20250101-20260928-787cf45dc908,4792,Tina Kotek,record:8b5b735204062a525a5ee3ea,Gordon Feighner,Individual,individual,Portland,OR,100000,1,2026-02-11,2026-02-11
orestar-20250101-20260928-787cf45dc908,4792,Tina Kotek,record:d7eda76803d53f606a659e5a,Gordon Feighner,Individual,individual,Portland,OR,100000,1,2025-05-28,2025-05-28
orestar-20250101-20260928-787cf45dc908,4792,Tina Kotek,record:945e0612934ab750404d1f5d,Greg Blaschke,Individual,individual,Portland,OR,100000,1,2026-07-01,2026-07-01
orestar-20250101-20260928-787cf45dc908,4792,Tina Kotek,record:25c86ccacdd973f2dcc4f41b,Greggery Peterson,Individual,individual,Salem,OR,100000,1,2025-06-12,2025-06-12
orestar-20250101-20260928-787cf45dc908,4792,Tina Kotek,record:126c2fc73b854710fb6684f3,Gregory Blonde,Individual,individual,Portland,OR,100000,1,2026-08-12,2026-08-12
orestar-20250101-20260928-787cf45dc908,4792,Tina Kotek,record:bfc2d6d2f5a34f5fa400c658,Guido Rahr,Individual,individual,Portland,OR,100000,1,2026-07-02,2026-07-02
orestar-20250101-20260928-787cf45dc908,4792,Tina Kotek,record:7b69fb98207a3b3adc7e2beb,HNTB Holdings Ltd PAC,Unregistered Committee,other,Kcmo,MO,100000,1,2025-06-18,2025-06-18
orestar-20250101-20260928-787cf45dc908,4792,Tina Kotek,record:ead51b50933b0aa2d07db1ed,Harry Demarest,Individual,individual,Corvallis,OR,100000,1,2026-04-29,2026-04-29
orestar-20250101-20260928-787cf45dc908,4792,Tina Kotek,record:9c191de4ec3b9c797807a6b3,Heather Davis,Individual,individual,Mcminnville,OR,100000,1,2026-06-03,2026-06-03
orestar-20250101-20260928-787cf45dc908,4792,Tina Kotek,record:b39bab47b59facfb9bcf8e81,Hemakshi Adke,Individual,individual,Lake Oswego,OR,100000,1,2026-04-22,2026-04-22
orestar-20250101-20260928-787cf45dc908,4792,Tina Kotek,record:b087e46384cd12d6f95c439a,Herb Fricke,Individual,individual,Clackamas,OR,100000,1,2026-09-21,2026-09-21
orestar-20250101-20260928-787cf45dc908,4792,Tina Kotek,record:b4fe4f2d831fc0115cfec7fa,Herb Yamamoto,Individual,individual,Portland,OK,100000,1,2026-05-26,2026-05-26
orestar-20250101-20260928-787cf45dc908,4792,Tina Kotek,record:090ffa01a05225137517cb3c,Herbert Rothschild,Individual,individual,Talent,OR,100000,1,2025-05-20,2025-05-20
orestar-20250101-20260928-787cf45dc908,4792,Tina Kotek,record:3a752b8fad7b0b8574c59bba,Hilary Krane,Individual,individual,Estacada,OR,100000,1,2025-10-03,2025-10-03
orestar-20250101-20260928-787cf45dc908,4792,Tina Kotek,record:7bb386c9305c3b9ad5cb5138,Holly Giarraputo,Individual,individual,Missoula,MT,100000,1,2026-04-29,2026-04-29
orestar-20250101-20260928-787cf45dc908,4792,Tina Kotek,committee:16953,Humane Voters Oregon PAC (16953),Political Committee,other,Portland,OR,100000,1,2026-09-02,2026-09-02
orestar-20250101-20260928-787cf45dc908,4792,Tina Kotek,record:1cc6d500b9e43907af15c6e9,Ian Simmons,Individual,individual,Cambridge,MA,100000,1,2026-04-06,2026-04-06
orestar-20250101-20260928-787cf45dc908,4792,Tina Kotek,record:840c3874d3dd1bfaa6294e14,Intl. Union of Operating Engineers Local 701,Labor Organization,labor,Gladstone,OR,100000,1,2025-09-17,2025-09-17
orestar-20250101-20260928-787cf45dc908,4792,Tina Kotek,record:3d3dba9a1c949328d2890e66,Invenergy LLC,Business Entity,business,Chicago,IL,100000,1,2026-06-05,2026-06-05
orestar-20250101-20260928-787cf45dc908,4792,Tina Kotek,record:81f1dbbee811c4c3d278b1f0,Jacque McIntyre,Individual,individual,Englewood,CO,100000,1,2025-09-25,2025-09-25
orestar-20250101-20260928-787cf45dc908,4792,Tina Kotek,record:7eaa7868c3d5e0c2c22b0984,Jake Raiton,Individual,individual,Portland,OR,100000,1,2026-08-19,2026-08-19
orestar-20250101-20260928-787cf45dc908,4792,Tina Kotek,record:f4b032166e9f9f5d62e6eb27,James Adamson,Individual,individual,Portland,OR,100000,1,2025-02-26,2025-02-26
orestar-20250101-20260928-787cf45dc908,4792,Tina Kotek,record:2573ff0c1cee4187932a52cf,James Francesconi,Individual,individual,Portland,OR,100000,1,2026-07-15,2026-07-15
orestar-20250101-20260928-787cf45dc908,4792,Tina Kotek,record:8aa92a2028536bace362bcd8,Janie Hibler,Individual,individual,Portland,OR,100000,1,2026-01-28,2026-01-28
orestar-20250101-20260928-787cf45dc908,4792,Tina Kotek,record:5bcec26f9031b5fadbcad16d,Jared Polis,Individual,individual,Boulder,CO,100000,1,2025-10-23,2025-10-23
orestar-20250101-20260928-787cf45dc908,4792,Tina Kotek,committee:18661,Jason for Bend (18661),Political Committee,other,Bend,OR,100000,1,2025-12-18,2025-12-18
orestar-20250101-20260928-787cf45dc908,4792,Tina Kotek,record:5cd9e2864fb9adbfebd24030,Jeff Kohnstamm,Individual,individual,Government Camp,OR,100000,1,2025-02-19,2025-02-19
orestar-20250101-20260928-787cf45dc908,4792,Tina Kotek,record:70f07985f0855a3f42b9a7e7,Jeffry Hinman,Individual,individual,Bend,OR,100000,1,2026-07-15,2026-07-15
orestar-20250101-20260928-787cf45dc908,4792,Tina Kotek,record:2f53227dbee991bb55fb7261,Jennifer Bacon,Individual,individual,Ashland,OR,100000,2,2025-05-07,2025-05-07
orestar-20250101-20260928-787cf45dc908,4792,Tina Kotek,record:db45ee72ad590c274b9bd0b5,Jennifer Evans,Individual,individual,Denver,CO,100000,1,2025-10-16,2025-10-16
orestar-20250101-20260928-787cf45dc908,4792,Tina Kotek,record:39e5e6e262ed595200e7dce5,Jennifer Krill,Individual,individual,Berkeley,CA,100000,1,2026-06-17,2026-06-17
orestar-20250101-20260928-787cf45dc908,4792,Tina Kotek,record:631328fe57a53e2ffb813126,Jennifer Middleton,Individual,individual,Eugene,OR,100000,1,2025-05-14,2025-05-14
orestar-20250101-20260928-787cf45dc908,4792,Tina Kotek,record:b357a89441d9064b74b8e9ca,Jennifer Saunders,Individual,individual,Portland,OR,100000,1,2026-08-05,2026-08-05
orestar-20250101-20260928-787cf45dc908,4792,Tina Kotek,record:0a446d4f14f994bb4a419cc1,Jessica Adamson,Individual,individual,Sherwood,OR,100000,1,2026-09-10,2026-09-10
orestar-20250101-20260928-787cf45dc908,4792,Tina Kotek,record:feb73ff74c8f3bdd649869b3,Joe Beda,Individual,individual,Seattle,WA,100000,1,2026-03-25,2026-03-25
orestar-20250101-20260928-787cf45dc908,4792,Tina Kotek,record:068b57a38681a4f5af62d9b0,Joel Stauber,Individual,individual,Springfield,OR,100000,1,2026-09-21,2026-09-21
orestar-20250101-20260928-787cf45dc908,4792,Tina Kotek,record:5cef41b5a690c5388b7be219,John Barry,Individual,individual,Portland,OR,100000,1,2026-04-27,2026-04-27
orestar-20250101-20260928-787cf45dc908,4792,Tina Kotek,record:a41944d5ba289ce0f16db482,John Gardner,Individual,individual,Corvallis,OR,100000,1,2026-04-29,2026-04-29
orestar-20250101-20260928-787cf45dc908,4792,Tina Kotek,record:ce0c877844e48f08b584ef2a,John H Falk,Individual,individual,Corvallis,OR,100000,1,2026-07-22,2026-07-22
orestar-20250101-20260928-787cf45dc908,4792,Tina Kotek,record:83222064e2555eb17153bb9d,John Macdiarmid,Individual,individual,Central Point,OR,100000,1,2026-05-22,2026-05-22
orestar-20250101-20260928-787cf45dc908,4792,Tina Kotek,record:a3265d5f3bcbc547c678d5cf,John Mcgrory,Individual,individual,San Diego,CA,100000,1,2026-06-10,2026-06-10
orestar-20250101-20260928-787cf45dc908,4792,Tina Kotek,record:8eafd04699304e7864270a1b,John Sheehan,Individual,individual,Portland,OR,100000,1,2025-05-28,2025-05-28
orestar-20250101-20260928-787cf45dc908,4792,Tina Kotek,record:a3a5ff860e75016d234e6d79,John Wheeler,Individual,individual,Beaverton,OR,100000,1,2025-03-26,2025-03-26
orestar-20250101-20260928-787cf45dc908,4792,Tina Kotek,record:2906f183b05e2274edd4d1a1,John Williamson,Individual,individual,Portland,OR,100000,1,2025-08-20,2025-08-20
orestar-20250101-20260928-787cf45dc908,4792,Tina Kotek,record:2478c1d3724b021ef4520e89,Jonathan Betlinski,Individual,individual,Portland,OR,100000,1,2026-05-28,2026-05-28
orestar-20250101-20260928-787cf45dc908,4792,Tina Kotek,record:e83b9bd02c9198586eef676f,Jonathan Singer,Individual,individual,Portland,OR,100000,1,2025-03-05,2025-03-05
orestar-20250101-20260928-787cf45dc908,4792,Tina Kotek,record:19b1541e68dc670be97bda68,Joseph Bonica,Individual,individual,Tualatin,OR,100000,1,2026-09-21,2026-09-21
orestar-20250101-20260928-787cf45dc908,4792,Tina Kotek,record:b776ca003eafa69c28170d6a,Jude Stenzel,Individual,individual,Portland,OR,100000,1,2026-03-04,2026-03-04
orestar-20250101-20260928-787cf45dc908,4792,Tina Kotek,record:24854f8d38a5cb6dad454170,Judge Kemp,Individual,individual,Portland,OR,100000,1,2026-02-19,2026-02-19
orestar-20250101-20260928-787cf45dc908,4792,Tina Kotek,record:6ba83e97b75429c6027d2638,Judy Jones,Individual,individual,Denver,CO,100000,1,2025-10-02,2025-10-02
orestar-20250101-20260928-787cf45dc908,4792,Tina Kotek,record:59230cb83899cadd978220d9,Jules Bailey,Individual,individual,Portland,OR,100000,1,2025-12-17,2025-12-17
orestar-20250101-20260928-787cf45dc908,4792,Tina Kotek,record:f81b5c2297eeb36a910d139c,Karen Carlin,Individual,individual,Tualatin,OR,100000,1,2026-09-10,2026-09-10
orestar-20250101-20260928-787cf45dc908,4792,Tina Kotek,record:c636dacb2cb4d7973736a25a,Karen Chapman,Individual,individual,Greenwood Village,CO,100000,1,2025-10-23,2025-10-23
orestar-20250101-20260928-787cf45dc908,4792,Tina Kotek,record:8b10bea071621c956b4281e8,Karen Schauble,Individual,individual,Cherry Hills Village,CO,100000,1,2025-10-16,2025-10-16
orestar-20250101-20260928-787cf45dc908,4792,Tina Kotek,committee:20136,Kate Lieber for State Senate (20136),Political Committee,other,Portland,OR,100000,1,2025-11-17,2025-11-17
orestar-20250101-20260928-787cf45dc908,4792,Tina Kotek,record:fb5d6e0f02061c28c3f27c4a,Katherine Shamey,Individual,individual,Florence,OR,100000,1,2025-03-03,2025-03-03
orestar-20250101-20260928-787cf45dc908,4792,Tina Kotek,record:410fb7168c8b3d510a72a7ca,Katherine Wiper,Individual,individual,Eugene,OR,100000,1,2026-04-02,2026-04-02
orestar-20250101-20260928-787cf45dc908,4792,Tina Kotek,record:345cc20d58eed24aee6bf5a5,Kathleen Terman,Individual,individual,Portland,OR,100000,1,2026-07-15,2026-07-15
orestar-20250101-20260928-787cf45dc908,4792,Tina Kotek,record:772438234bb998d6009ec920,Kathrine Kurtz,Individual,individual,Denver,CO,100000,1,2025-10-16,2025-10-16
orestar-20250101-20260928-787cf45dc908,4792,Tina Kotek,record:0d1c917cf26fd285cf7d4cea,Katie Stalsberg,Individual,individual,Portland,OR,100000,1,2026-06-03,2026-06-03
orestar-20250101-20260928-787cf45dc908,4792,Tina Kotek,record:a679d0e6731bac8725aaa28a,Keith Dubanevich,Individual,individual,Bend,OR,100000,1,2026-09-14,2026-09-14
orestar-20250101-20260928-787cf45dc908,4792,Tina Kotek,record:e013246d682bec8714881a46,Keith Thomajan,Individual,individual,Portland,OR,100000,1,2026-07-15,2026-07-15
orestar-20250101-20260928-787cf45dc908,4792,Tina Kotek,record:4cde395f3f3f068b691406c8,Keith Wilson,Individual,individual,Portland,OR,100000,1,2026-09-02,2026-09-02
orestar-20250101-20260928-787cf45dc908,4792,Tina Kotek,record:8f9bfe67c35d7c7707d277a9,Kelley Blaine,Individual,individual,Portland,OR,100000,1,2026-02-19,2026-02-19
orestar-20250101-20260928-787cf45dc908,4792,Tina Kotek,record:8b77049faf4e72f53b9de7de,Ken Hayes,Individual,individual,Gaston,OR,100000,1,2026-08-19,2026-08-19
orestar-20250101-20260928-787cf45dc908,4792,Tina Kotek,record:20e02eb0bafee0dea01cd560,Kenneth Thrasher,Individual,individual,Portland,OR,100000,1,2025-06-10,2025-06-10
orestar-20250101-20260928-787cf45dc908,4792,Tina Kotek,record:e885692fe9f24e6d6f822f56,Kevin Bumatay,Individual,individual,Portland,OR,100000,1,2025-07-23,2025-07-23
orestar-20250101-20260928-787cf45dc908,4792,Tina Kotek,record:7d2467f65719a9e6dea5dd12,Kevin Flanigan,Individual,individual,Portland,OR,100000,1,2026-02-06,2026-02-06
orestar-20250101-20260928-787cf45dc908,4792,Tina Kotek,record:4310e2a2e91f8a392cb33bae,Kimberly Cooper,Individual,individual,Coburg,OR,100000,1,2025-12-28,2025-12-28
orestar-20250101-20260928-787cf45dc908,4792,Tina Kotek,record:91339f30d534ac999debf8bd,Kimberly Cooper,Individual,individual,Portland,OR,100000,1,2025-04-23,2025-04-23
orestar-20250101-20260928-787cf45dc908,4792,Tina Kotek,record:6fe3fce18fc86433777ca19b,Kindercare Learning Companies,Business Entity,business,Lake Oswego,OR,100000,1,2025-10-14,2025-10-14
orestar-20250101-20260928-787cf45dc908,4792,Tina Kotek,record:2cec652c7bb5767628000146,Kirk Foster,Individual,individual,Portland,OR,100000,1,2026-08-12,2026-08-12
orestar-20250101-20260928-787cf45dc908,4792,Tina Kotek,record:86b794ff661ea2ce65279eb5,Kiyoko Mura Smith,Individual,individual,Denver,CO,100000,1,2025-10-02,2025-10-02
orestar-20250101-20260928-787cf45dc908,4792,Tina Kotek,record:34281ddb546dad1d050de1e9,Kristen Sheeran,Individual,individual,Portland,OR,100000,2,2025-10-14,2026-05-06
orestar-20250101-20260928-787cf45dc908,4792,Tina Kotek,record:13a0da105740d1030f7001ef,"Laverne Saboe, Jr.",Individual,individual,Albany,OR,100000,1,2025-06-12,2025-06-12
orestar-20250101-20260928-787cf45dc908,4792,Tina Kotek,record:ce54559cbc833363d572fe5d,Leanna Harris,Individual,individual,Denver,CO,100000,1,2025-10-02,2025-10-02
orestar-20250101-20260928-787cf45dc908,4792,Tina Kotek,record:836dbd9d11979b0900e54075,Lee Holzman,Individual,individual,Portland,OR,100000,1,2025-11-05,2025-11-05
orestar-20250101-20260928-787cf45dc908,4792,Tina Kotek,record:c9fc234e173996dc8f785171,Leigh Marble,Individual,individual,Portland,OR,100000,1,2026-09-21,2026-09-21
orestar-20250101-20260928-787cf45dc908,4792,Tina Kotek,record:5c745d1e014d6ca73db3abc7,Lily Mcfadden,Individual,individual,Corvallis,OR,100000,1,2026-04-29,2026-04-29
orestar-20250101-20260928-787cf45dc908,4792,Tina Kotek,record:103b1c761052f26653d80a93,Lisa Kaner,Individual,individual,Portland,OR,100000,1,2026-07-31,2026-07-31
orestar-20250101-20260928-787cf45dc908,4792,Tina Kotek,record:6d427402693f6a137b9cab9e,Lise Woodard,Individual,individual,Denver,CO,100000,1,2025-10-16,2025-10-16
orestar-20250101-20260928-787cf45dc908,4792,Tina Kotek,record:9153115edac8bf085cf61125,Liz Hamilton,Individual,individual,Oregon City,OR,100000,1,2025-08-20,2025-08-20
orestar-20250101-20260928-787cf45dc908,4792,Tina Kotek,record:838676d50985550515891267,Lori Malone,Individual,individual,Lake Oswego,OR,100000,1,2026-01-28,2026-01-28
orestar-20250101-20260928-787cf45dc908,4792,Tina Kotek,record:eda1cb648e278b3d65c09b96,Louis Burgener,Individual,individual,North Tustin,CA,100000,1,2026-08-05,2026-08-05
orestar-20250101-20260928-787cf45dc908,4792,Tina Kotek,record:519db44d439684183e08dd8d,Louis Capozzi,Individual,individual,Bend,OR,100000,1,2026-09-21,2026-09-21
orestar-20250101-20260928-787cf45dc908,4792,Tina Kotek,record:dfd90870410fe8422d7e9b77,Lourdes Sanchez,Individual,individual,Eugene,OR,100000,1,2026-04-29,2026-04-29
orestar-20250101-20260928-787cf45dc908,4792,Tina Kotek,record:fd6caec8c3063b35d246e2d1,Lowell Mckelvey,Individual,individual,Portland,OR,100000,2,2026-09-02,2026-09-02
orestar-20250101-20260928-787cf45dc908,4792,Tina Kotek,record:7767087dff56d343a421795f,Lynn Partin,Individual,individual,Portland,OR,100000,1,2025-05-21,2025-05-21
orestar-20250101-20260928-787cf45dc908,4792,Tina Kotek,record:d3caf1824bf116b24b1f4573,Manu Chaudhry,Individual,individual,Dublin,CA,100000,1,2026-08-12,2026-08-12
orestar-20250101-20260928-787cf45dc908,4792,Tina Kotek,record:4b0dd8ce3af04295eb84e408,Marc Fenton,Individual,individual,Brookline,MA,100000,1,2025-05-02,2025-05-02
orestar-20250101-20260928-787cf45dc908,4792,Tina Kotek,record:fc3d85143ee1c19da1b37bbd,Margaret Buchanan,Individual,individual,Corvallis,OR,100000,2,2026-09-17,2026-09-17
orestar-20250101-20260928-787cf45dc908,4792,Tina Kotek,record:7d673d5b0fc5490d6a8bb563,Margaret Delacy,Individual,individual,Portland,OR,100000,1,2026-02-04,2026-02-04
orestar-20250101-20260928-787cf45dc908,4792,Tina Kotek,committee:24400,Mari for Oregon (24400),Political Committee,other,Portland,OR,100000,2,2026-02-02,2026-08-21
orestar-20250101-20260928-787cf45dc908,4792,Tina Kotek,record:3cfaba309f3874ed19db6d50,Maria Pope,Individual,individual,Portland,OR,100000,1,2026-01-28,2026-01-28
orestar-20250101-20260928-787cf45dc908,4792,Tina Kotek,record:9a225f08e964f9c0e4d74299,Marianna Grossman,Individual,individual,Portland,OR,100000,1,2025-02-12,2025-02-12
orestar-20250101-20260928-787cf45dc908,4792,Tina Kotek,record:f612755b06e94fa5086bdfb0,Marilyn Epstein,Individual,individual,Portland,OR,100000,1,2026-05-07,2026-05-07
orestar-20250101-20260928-787cf45dc908,4792,Tina Kotek,record:0fbb8abce5aa905b94f53aa8,Marilynn Stribling,Individual,individual,Portland,OR,100000,1,2026-04-22,2026-04-22
orestar-20250101-20260928-787cf45dc908,4792,Tina Kotek,record:1334e9fea25d443e8048d643,Marinus Wiewel,Individual,individual,Portland,OR,100000,1,2026-08-19,2026-08-19
orestar-20250101-20260928-787cf45dc908,4792,Tina Kotek,record:8d40734ce9b9bc8cb271a187,Marjory Morford,Individual,individual,Portland,OR,100000,1,2025-10-08,2025-10-08
orestar-20250101-20260928-787cf45dc908,4792,Tina Kotek,record:8496930ce4054629f9c498b0,Mark Kellenbeck,Individual,individual,Ashland,OR,100000,1,2026-09-02,2026-09-02
orestar-20250101-20260928-787cf45dc908,4792,Tina Kotek,record:edcc6bde3f2c99593a3ae753,Mark Rosenbaum,Individual,individual,Portland,OR,100000,3,2025-04-30,2025-10-16
orestar-20250101-20260928-787cf45dc908,4792,Tina Kotek,record:c87d323f17c75fe5612999d2,Marla Ross,Individual,individual,Lake Oswego,OR,100000,1,2026-01-14,2026-01-14
orestar-20250101-20260928-787cf45dc908,4792,Tina Kotek,record:f170511ce474ba3b77b7f281,Martin Kagan,Individual,individual,Portland,OR,100000,1,2026-05-06,2026-05-06
orestar-20250101-20260928-787cf45dc908,4792,Tina Kotek,record:618ddc049d93dcba880403a0,Martinus Nickerson,Individual,individual,Bellingham,WA,100000,1,2025-05-19,2025-05-19
orestar-20250101-20260928-787cf45dc908,4792,Tina Kotek,record:aef2b9df4f7d3d9285b174bf,Marvin Kaplan,Individual,individual,Redmond,OR,100000,1,2026-07-15,2026-07-15
orestar-20250101-20260928-787cf45dc908,4792,Tina Kotek,record:6433b877f5401f7009946673,Marwa Kamel,Individual,individual,Portland,OR,100000,1,2026-07-01,2026-07-01
orestar-20250101-20260928-787cf45dc908,4792,Tina Kotek,record:440a67fa12009dba1476adf2,Mary Lewis,Individual,individual,North Powder,OR,100000,2,2025-09-04,2026-03-18
orestar-20250101-20260928-787cf45dc908,4792,Tina Kotek,record:b992b868bf28667532b4886d,Mary Lewis,Individual,individual,Portland,OR,100000,1,2026-04-15,2026-04-15
orestar-20250101-20260928-787cf45dc908,4792,Tina Kotek,record:f19f731a79195f8b715f0636,Mary Lou Paulsen,Individual,individual,Denver,CO,100000,1,2025-10-06,2025-10-06
orestar-20250101-20260928-787cf45dc908,4792,Tina Kotek,record:8afddcb79b9c28a20fa6d985,Matt Keating,Individual,individual,Eugene,OR,100000,1,2025-10-08,2025-10-08
orestar-20250101-20260928-787cf45dc908,4792,Tina Kotek,record:eae37d14191ee7c2a9f62f83,Matt Sprick,Individual,individual,Eugene,OR,100000,1,2026-09-02,2026-09-02
orestar-20250101-20260928-787cf45dc908,4792,Tina Kotek,record:6a157f279a019e08594dfb7e,Matthew Bernstein,Individual,individual,New York,NY,100000,1,2025-07-16,2025-07-16
orestar-20250101-20260928-787cf45dc908,4792,Tina Kotek,record:6f8885b50b22908349a9e3f0,Matthew Moriarty,Individual,individual,Newberg,OR,100000,1,2026-06-03,2026-06-03
orestar-20250101-20260928-787cf45dc908,4792,Tina Kotek,record:f1b375fc211a52cf4c3d3a6c,Maui Meyer,Individual,individual,Hood River,OR,100000,1,2026-04-15,2026-04-15
orestar-20250101-20260928-787cf45dc908,4792,Tina Kotek,record:2d8a5181a55ea14a0eb4e502,Maureen Wolf,Individual,individual,Portland,OR,100000,1,2025-11-05,2025-11-05
orestar-20250101-20260928-787cf45dc908,4792,Tina Kotek,record:3d2ca93c5543a59184b215ef,Megan Horner,Individual,individual,Bend,OR,100000,1,2026-07-15,2026-07-15
orestar-20250101-20260928-787cf45dc908,4792,Tina Kotek,record:f6faf304512f33b7496c849b,Michael Dugan,Individual,individual,Bend,OR,100000,1,2026-07-15,2026-07-15
orestar-20250101-20260928-787cf45dc908,4792,Tina Kotek,record:5b41a4ce20cba5acea2520db,Michael Kennedy,Individual,individual,Portland,OR,100000,1,2025-04-23,2025-04-23
orestar-20250101-20260928-787cf45dc908,4792,Tina Kotek,record:683e907386f030d5fc34a9eb,Michael Lainoff,Individual,individual,Washington,DC,100000,1,2026-07-29,2026-07-29
orestar-20250101-20260928-787cf45dc908,4792,Tina Kotek,record:23388d13ddb09bdda33fa27b,Michael Maharg,Individual,individual,Portland,OR,100000,1,2026-08-26,2026-08-26
orestar-20250101-20260928-787cf45dc908,4792,Tina Kotek,record:a8b40a943c207f13b4f4c50d,Michael Mcnally,Individual,individual,Yamhill,OR,100000,1,2026-01-28,2026-01-28
orestar-20250101-20260928-787cf45dc908,4792,Tina Kotek,record:099120a4a919ecc4174adee3,Michael Robinson,Individual,individual,Corvallis,OR,100000,1,2026-04-29,2026-04-29
orestar-20250101-20260928-787cf45dc908,4792,Tina Kotek,record:df1871b351185e03d2f9159b,Michael Smira,Individual,individual,Portland,OR,100000,2,2025-07-23,2026-06-24
orestar-20250101-20260928-787cf45dc908,4792,Tina Kotek,record:4f44a9aacdd7a8018656b384,Michelle Atkinson,Individual,individual,Medford,OR,100000,1,2025-04-16,2025-04-16
orestar-20250101-20260928-787cf45dc908,4792,Tina Kotek,record:03dac81eea715754295f64f1,Michelle Inness,Individual,individual,Portland,OR,100000,2,2026-05-28,2026-07-15
orestar-20250101-20260928-787cf45dc908,4792,Tina Kotek,record:75eb6069dbdc0e84a42ad841,Mitch Zuklie,Individual,individual,Portola Valley,CA,100000,1,2026-07-02,2026-07-02
orestar-20250101-20260928-787cf45dc908,4792,Tina Kotek,record:5ebef1a06c445ef89fd7e3e8,Monique Claiborne,Individual,individual,Portland,OR,100000,1,2025-03-05,2025-03-05
orestar-20250101-20260928-787cf45dc908,4792,Tina Kotek,record:65c96872e7a2cae0684c8e7e,Nancy Peterson,Individual,individual,Corvallis,OR,100000,1,2026-05-26,2026-05-26
orestar-20250101-20260928-787cf45dc908,4792,Tina Kotek,record:b4046a19c4a9056afe723e03,Nancy Peterson,Individual,individual,Corvallis,OR,100000,1,2026-01-05,2026-01-05
orestar-20250101-20260928-787cf45dc908,4792,Tina Kotek,record:b0f9afaf256c6c5ffc0ea5bb,Nancy Roach,Individual,individual,Hood River,OR,100000,1,2026-02-19,2026-02-19
orestar-20250101-20260928-787cf45dc908,4792,Tina Kotek,record:4381bc4f425a41dc880d5cfa,Nathan Christensen,Individual,individual,Portland,OR,100000,1,2026-01-28,2026-01-28
orestar-20250101-20260928-787cf45dc908,4792,Tina Kotek,record:9413001dc5a8bedeb2439d9f,National Wildlife Federation Action Fund,Unregistered Committee,other,Washington,DC,100000,1,2025-08-21,2025-08-21
orestar-20250101-20260928-787cf45dc908,4792,Tina Kotek,record:135c0fe3f945abfbc2bb4f25,Neil Bodine,Individual,individual,Sacramento,CA,100000,1,2026-09-21,2026-09-21
orestar-20250101-20260928-787cf45dc908,4792,Tina Kotek,record:b41bb6b97bd6b7023e5ac73f,Norman Dick,Individual,individual,Longview,WA,100000,2,2026-09-10,2026-09-14
orestar-20250101-20260928-787cf45dc908,4792,Tina Kotek,record:25daa6ef2226484fef0195ac,Northwest Chicken Council,Other,other,Portland,OR,100000,1,2025-10-06,2025-10-06
orestar-20250101-20260928-787cf45dc908,4792,Tina Kotek,committee:3860,Oral and Maxillofacial Surgeons Political Action Committee of Oregon (3860),Political Committee,other,Wilsonville,OR,100000,1,2026-01-20,2026-01-20
orestar-20250101-20260928-787cf45dc908,4792,Tina Kotek,committee:125,Oregon Bankers PAC (125),Political Committee,other,Salem,OR,100000,1,2025-12-04,2025-12-04
orestar-20250101-20260928-787cf45dc908,4792,Tina Kotek,committee:171,Oregon Medical PAC (171),Political Committee,other,Portland,OR,100000,1,2025-12-02,2025-12-02
orestar-20250101-20260928-787cf45dc908,4792,Tina Kotek,record:e2315ee676284addc5b5faec,Page Strickler,Individual,individual,Portland,OR,100000,1,2026-08-26,2026-08-26
orestar-20250101-20260928-787cf45dc908,4792,Tina Kotek,record:c875584489b3eb2515a1b1e8,Pamela Anne Bahnsen,Individual,individual,Creswell,OR,100000,1,2026-09-10,2026-09-10
orestar-20250101-20260928-787cf45dc908,4792,Tina Kotek,record:1a054e3b1561a15feb54709e,Pamela David,Individual,individual,San Francisco,CA,100000,1,2026-06-17,2026-06-17
orestar-20250101-20260928-787cf45dc908,4792,Tina Kotek,record:91f4fdcd7e21b45acdd16d83,Pamela Grissom,Individual,individual,Tucson,AZ,100000,1,2025-06-06,2025-06-06
orestar-20250101-20260928-787cf45dc908,4792,Tina Kotek,record:5175b70ccab22c6a169515c9,Pat Ford,Individual,individual,Boise,ID,100000,1,2025-08-11,2025-08-11
orestar-20250101-20260928-787cf45dc908,4792,Tina Kotek,record:b73c8f14018870276f9bf6c1,Patricia Weber,Individual,individual,Corvallis,OR,100000,1,2026-06-11,2026-06-11
orestar-20250101-20260928-787cf45dc908,4792,Tina Kotek,record:6b36725ce4e730e06d2c2713,Patti Klinge,Individual,individual,Denver,CO,100000,1,2025-10-16,2025-10-16
orestar-20250101-20260928-787cf45dc908,4792,Tina Kotek,record:3597653268f0efc0e953eedb,Paul Dagle,Individual,individual,Portland,OR,100000,1,2026-09-02,2026-09-02
orestar-20250101-20260928-787cf45dc908,4792,Tina Kotek,record:89828a4addea5a9ead27671d,Paul Del Vecchio,Individual,individual,Lake Oswego,OR,100000,1,2026-09-02,2026-09-02
orestar-20250101-20260928-787cf45dc908,4792,Tina Kotek,record:52d6b70592335d2cb04b20df,Peter Andrews,Individual,individual,Portland,OR,100000,1,2025-10-16,2025-10-16
orestar-20250101-20260928-787cf45dc908,4792,Tina Kotek,record:6479ae555ab2edfe6f2d4d0b,Peter Bragdon,Individual,individual,West Linn,OR,100000,1,2026-04-06,2026-04-06
orestar-20250101-20260928-787cf45dc908,4792,Tina Kotek,record:b476e0fd78dba7c7682e297b,Peter Horan,Individual,individual,Deschutes County,OR,100000,1,2025-05-28,2025-05-28
orestar-20250101-20260928-787cf45dc908,4792,Tina Kotek,record:6397e739f6e7453a29b22d8b,Peter Koehler,Individual,individual,Aurora,OR,100000,1,2026-08-05,2026-08-05
orestar-20250101-20260928-787cf45dc908,4792,Tina Kotek,record:12edd5fb9ad76c7c50ee33e7,Petros Pelos,Individual,individual,Amity,OR,100000,1,2026-04-15,2026-04-15
orestar-20250101-20260928-787cf45dc908,4792,Tina Kotek,record:05995a7da8de931faab04203,Rakefet Kasdin,Individual,individual,Sf,CA,100000,1,2026-06-19,2026-06-19
orestar-20250101-20260928-787cf45dc908,4792,Tina Kotek,record:f752c9a1d7f28e3867addf32,Ralph London,Individual,individual,Portland,OR,100000,1,2026-09-10,2026-09-10
orestar-20250101-20260928-787cf45dc908,4792,Tina Kotek,record:d0756010e3641c9e3b9ec634,Ramasahaya Reddy,Individual,individual,Beaverton,OR,100000,1,2026-05-06,2026-05-06
orestar-20250101-20260928-787cf45dc908,4792,Tina Kotek,record:363a9c38842caf34bffc81d0,Randy Knop,Individual,individual,Union,OR,100000,1,2026-09-14,2026-09-14
orestar-20250101-20260928-787cf45dc908,4792,Tina Kotek,record:9e1cb493a9c97852eac8fbb5,Raymond Bucheger,Individual,individual,Washington,DC,100000,1,2026-09-02,2026-09-02
orestar-20250101-20260928-787cf45dc908,4792,Tina Kotek,record:58755daba9be8bdaddc59b64,Reuven Carlyle,Individual,individual,Seattle,WA,100000,1,2026-05-13,2026-05-13
orestar-20250101-20260928-787cf45dc908,4792,Tina Kotek,record:09c9081e7a665caa701a67f3,Rex Burkholder,Individual,individual,Portland,OR,100000,1,2026-08-19,2026-08-19
orestar-20250101-20260928-787cf45dc908,4792,Tina Kotek,record:9eba7f9b49636c8335b51565,Richard Solomon,Individual,individual,Portland,OR,100000,1,2026-01-28,2026-01-28
orestar-20250101-20260928-787cf45dc908,4792,Tina Kotek,record:74afbb8dcf94680a8006cab4,Richard Uhlig,Individual,individual,Seattle,WA,100000,1,2026-09-14,2026-09-14
orestar-20250101-20260928-787cf45dc908,4792,Tina Kotek,record:df38de00e70ec52e78aed509,Richard Yates,Individual,individual,Salem,OR,100000,1,2026-08-12,2026-08-12
orestar-20250101-20260928-787cf45dc908,4792,Tina Kotek,record:2fb93611c60b4aa545e15756,Rick Gustafson,Individual,individual,Portland,OR,100000,1,2026-05-22,2026-05-22
orestar-20250101-20260928-787cf45dc908,4792,Tina Kotek,record:9301e1d90ccbe2f8f5b54ab9,Rick Gustafson,Individual,individual,Portland,OR,100000,1,2025-10-21,2025-10-21
orestar-20250101-20260928-787cf45dc908,4792,Tina Kotek,record:6c5a8e48200443a4ba8b05b6,Rick Hinkes,Individual,individual,Carlton,OR,100000,1,2026-08-12,2026-08-12
orestar-20250101-20260928-787cf45dc908,4792,Tina Kotek,record:fc06ecf6d0a113275bd427dc,Robert Justus,Individual,individual,Portland,OR,100000,1,2025-12-17,2025-12-17
orestar-20250101-20260928-787cf45dc908,4792,Tina Kotek,record:b856038910392421a8b34d63,Robert Lowe,Individual,individual,Portland,OR,100000,1,2025-12-29,2025-12-29
orestar-20250101-20260928-787cf45dc908,4792,Tina Kotek,record:3315cb423395b73fe129036c,Robert Lusk,Individual,individual,Portland,OR,100000,1,2025-07-16,2025-07-16
orestar-20250101-20260928-787cf45dc908,4792,Tina Kotek,record:0dbd8f6a6ba5960051d500d6,Robert Sacks,Individual,individual,Portland,OR,100000,1,2026-07-02,2026-07-02
orestar-20250101-20260928-787cf45dc908,4792,Tina Kotek,record:b002f254f61f6bf27690c6e4,Robin Selig,Individual,individual,Portland,OR,100000,1,2026-02-04,2026-02-04
orestar-20250101-20260928-787cf45dc908,4792,Tina Kotek,record:ed3ba18b53cc795b04d7c197,Rochelle Kaplan,Individual,individual,Salt Lake City,UT,100000,1,2026-07-02,2026-07-02
orestar-20250101-20260928-787cf45dc908,4792,Tina Kotek,record:4a165feded301dbcfa7f064d,Roger Cooke,Individual,individual,Hartford,VT,100000,1,2025-10-08,2025-10-08
orestar-20250101-20260928-787cf45dc908,4792,Tina Kotek,record:d24ea2d22b3e507f50516c91,Ruth Warren,Individual,individual,Denver,CO,100000,1,2025-10-16,2025-10-16
orestar-20250101-20260928-787cf45dc908,4792,Tina Kotek,record:8d28b7ea11e9289b7a1a32e7,Sadhana Shenoy,Individual,individual,Portland,OR,100000,1,2025-10-01,2025-10-01
orestar-20250101-20260928-787cf45dc908,4792,Tina Kotek,record:5e5441a86c77d4e4a47b6131,Samantha Swaim,Individual,individual,Portland,OR,100000,1,2026-05-13,2026-05-13
orestar-20250101-20260928-787cf45dc908,4792,Tina Kotek,record:52ebca026a70d84577fd8ca4,Sarah Ferguson,Individual,individual,Portland,OR,100000,1,2026-02-19,2026-02-19
orestar-20250101-20260928-787cf45dc908,4792,Tina Kotek,record:b222a70f8431b79d5e02f0be,Scott Nelson,Individual,individual,Washington,DC,100000,1,2025-10-29,2025-10-29
orestar-20250101-20260928-787cf45dc908,4792,Tina Kotek,record:a3ca0d691e5a16e6212d0e3c,Seth Schaefer,Individual,individual,Tualatin,OR,100000,1,2025-12-17,2025-12-17
orestar-20250101-20260928-787cf45dc908,4792,Tina Kotek,record:bb54f8e7481c8c8d8340f430,Shailaja Pasumamula,Individual,individual,Tualatin,OR,100000,1,2026-04-22,2026-04-22
orestar-20250101-20260928-787cf45dc908,4792,Tina Kotek,record:7b369ad8fb3b982ea6c11d39,Shannon Conley,Individual,individual,Portland,OR,100000,2,2026-09-14,2026-09-21
orestar-20250101-20260928-787cf45dc908,4792,Tina Kotek,record:91db9b5454b2719da005f14d,Shannon Souza,Individual,individual,Coos Bay,OR,100000,1,2026-06-24,2026-06-24
orestar-20250101-20260928-787cf45dc908,4792,Tina Kotek,record:f6ef55faced7384d05caa6e6,Sheila Clough,Individual,individual,Central Point,OR,100000,1,2025-11-24,2025-11-24
orestar-20250101-20260928-787cf45dc908,4792,Tina Kotek,record:6eec27b3918095b556cb79d3,Sonja Connor,Individual,individual,Portland,OR,100000,1,2026-04-22,2026-04-22
orestar-20250101-20260928-787cf45dc908,4792,Tina Kotek,record:3a70cbeee7fbb0821331a673,Stephen Packer,Individual,individual,Newberg,OR,100000,1,2026-07-29,2026-07-29
orestar-20250101-20260928-787cf45dc908,4792,Tina Kotek,record:8e87f3c4a2c5b489a535d597,Stephen Scott Schurr,Individual,individual,Portland,OR,100000,1,2026-08-19,2026-08-19
orestar-20250101-20260928-787cf45dc908,4792,Tina Kotek,record:7af35245b2480a8e7dda66f0,Steve Naito,Individual,individual,Portland,OR,100000,1,2026-05-20,2026-05-20
orestar-20250101-20260928-787cf45dc908,4792,Tina Kotek,record:75137c0b2b85143cb0882088,Steven Bruckner,Individual,individual,Portland,OR,100000,1,2025-02-12,2025-02-12
orestar-20250101-20260928-787cf45dc908,4792,Tina Kotek,record:2d79d85ccbe0b265f7d7f12b,Steven Demarest,Individual,individual,Portland,OR,100000,1,2026-09-21,2026-09-21
orestar-20250101-20260928-787cf45dc908,4792,Tina Kotek,record:37c8d32262d12a474d6a48c4,Steven Kassel,Individual,individual,Beaverton,OR,100000,1,2026-02-04,2026-02-04
orestar-20250101-20260928-787cf45dc908,4792,Tina Kotek,record:409736dd8e25c3fbf4fdf646,Steven Stapp,Individual,individual,Lake Oswego,OR,100000,1,2026-09-14,2026-09-14
orestar-20250101-20260928-787cf45dc908,4792,Tina Kotek,record:fac7e1b119f4bfa78b18699d,Steven Strauss,Individual,individual,Corvallis,OR,100000,1,2026-08-12,2026-08-12
orestar-20250101-20260928-787cf45dc908,4792,Tina Kotek,record:834c05998a01286adf6c7e8a,Sue Miller,Individual,individual,Portland,OR,100000,1,2026-03-25,2026-03-25
orestar-20250101-20260928-787cf45dc908,4792,Tina Kotek,record:08ebf878f2458e6bf7612b7a,Sue Murahata,Individual,individual,Denver,CO,100000,1,2025-09-11,2025-09-11
orestar-20250101-20260928-787cf45dc908,4792,Tina Kotek,record:2cbbf38b591e10fcb35667e8,Summit Strategies Government Affairs LLC,Business Entity,business,Washington,DC,100000,1,2025-10-14,2025-10-14
orestar-20250101-20260928-787cf45dc908,4792,Tina Kotek,record:c5182782de4fb5d97cdd12a3,Sunia Yang,Individual,individual,Corvallis,OR,100000,1,2026-09-21,2026-09-21
orestar-20250101-20260928-787cf45dc908,4792,Tina Kotek,record:015279229d48c9fc92d4626b,Sunny Schwartz,Individual,individual,Sf,CA,100000,1,2026-06-15,2026-06-15
orestar-20250101-20260928-787cf45dc908,4792,Tina Kotek,record:57973a9f936d210be003df3e,Susan Carparelli,Individual,individual,Castle Rock,CO,100000,1,2025-10-23,2025-10-23
orestar-20250101-20260928-787cf45dc908,4792,Tina Kotek,record:50f8a07c2cfa480669d19ed2,Susan Foster,Individual,individual,Portland,OR,100000,1,2026-02-11,2026-02-11
orestar-20250101-20260928-787cf45dc908,4792,Tina Kotek,record:4e15895a9fdb70754337a51a,Susan Mclain,Individual,individual,Beaverton,OR,100000,1,2026-09-10,2026-09-10
orestar-20250101-20260928-787cf45dc908,4792,Tina Kotek,record:d19a5bc56d8de1150115707e,Suvasri Aditham,Individual,individual,Portland,OR,100000,1,2026-04-22,2026-04-22
orestar-20250101-20260928-787cf45dc908,4792,Tina Kotek,record:ec723ebd8432aceb9443c10c,Suzanne Sullivan,Individual,individual,Washington,DC,100000,1,2026-09-14,2026-09-14
orestar-20250101-20260928-787cf45dc908,4792,Tina Kotek,record:35e0c725c8895f05095d0c6e,Sybil Ackerman-Munson,Individual,individual,Damascus,OR,100000,2,2025-08-20,2026-08-05
orestar-20250101-20260928-787cf45dc908,4792,Tina Kotek,record:c3f217e8a97693190a7130eb,Ted Savage,Individual,individual,Portland,OR,100000,1,2026-02-19,2026-02-19
orestar-20250101-20260928-787cf45dc908,4792,Tina Kotek,record:3e8c833dad1b64844d468f33,Theodore Kinch,Individual,individual,Piedmont,CA,100000,1,2026-03-11,2026-03-11
orestar-20250101-20260928-787cf45dc908,4792,Tina Kotek,record:060f89e45eaf5bc07915fc5c,Thimmareddy Palam,Individual,individual,Portland,OR,100000,1,2026-05-06,2026-05-06
orestar-20250101-20260928-787cf45dc908,4792,Tina Kotek,record:0f035e0a7796926b32873957,Thomas Brenneke,Individual,individual,Portland,OR,100000,1,2025-11-05,2025-11-05
orestar-20250101-20260928-787cf45dc908,4792,Tina Kotek,record:ca756bb7507cad9b8354147a,Thomas Dietterich,Individual,individual,Corvallis,OR,100000,2,2026-07-22,2026-07-22
orestar-20250101-20260928-787cf45dc908,4792,Tina Kotek,record:81a202109bd1896c5142ee3d,Thomas Kemper,Individual,individual,Portland,OR,100000,1,2025-11-13,2025-11-13
orestar-20250101-20260928-787cf45dc908,4792,Tina Kotek,record:75aeb96f77e49d81fa8d12f6,Thomas Kilbane,Individual,individual,Portland,OR,100000,1,2026-06-03,2026-06-03
orestar-20250101-20260928-787cf45dc908,4792,Tina Kotek,record:526d7262ce9184674daeee9b,Thomas Melville,Individual,individual,Lake Oswego,OR,100000,1,2025-11-13,2025-11-13
orestar-20250101-20260928-787cf45dc908,4792,Tina Kotek,record:bc65d56bedc8746842d41e84,Thomas Richmond,Individual,individual,Junction City,OR,100000,1,2026-09-02,2026-09-02
orestar-20250101-20260928-787cf45dc908,4792,Tina Kotek,record:adf9271c86db265aab970d9f,Tom Barreto,Individual,individual,Portland,OR,100000,1,2025-11-19,2025-11-19
orestar-20250101-20260928-787cf45dc908,4792,Tina Kotek,record:4f108b3f08b1524aca720ebb,Tom D¿¿¿Amore,Individual,individual,Lake Oswego,OR,100000,1,2025-05-21,2025-05-21
orestar-20250101-20260928-787cf45dc908,4792,Tina Kotek,record:c7e5f40dc61e650bed44cf10,Tom Perrault,Individual,individual,San Francisco,CA,100000,1,2026-09-14,2026-09-14
orestar-20250101-20260928-787cf45dc908,4792,Tina Kotek,record:d0428ec7052d4d03b1c5cb73,Tony Garvey,Individual,individual,Portland,OR,100000,1,2026-07-02,2026-07-02
orestar-20250101-20260928-787cf45dc908,4792,Tina Kotek,record:2de561bb5a6f64e8e1949668,Trell Anderson,Individual,individual,Portland,OR,100000,1,2025-12-10,2025-12-10
orestar-20250101-20260928-787cf45dc908,4792,Tina Kotek,record:35a1e25328118891c84c564d,Twist Bioscience,Business Entity,business,South San Francisco,CA,100000,1,2026-09-21,2026-09-21
orestar-20250101-20260928-787cf45dc908,4792,Tina Kotek,record:57180ed472fe2025a813f809,Tyler Staggs,Individual,individual,Portland,OR,100000,1,2025-11-05,2025-11-05
orestar-20250101-20260928-787cf45dc908,4792,Tina Kotek,record:affeda0ad6f2d1025cfb5e25,Venkata Manne,Individual,individual,Portland,OR,100000,1,2026-05-06,2026-05-06
orestar-20250101-20260928-787cf45dc908,4792,Tina Kotek,record:173f760f26c313cd26e93424,Venkatesan Muthu,Individual,individual,Portland,OR,100000,1,2026-05-06,2026-05-06
orestar-20250101-20260928-787cf45dc908,4792,Tina Kotek,record:6cb6bb2fd15d43e553df1b24,Vi Pham,Individual,individual,Eugene,OR,100000,1,2026-04-15,2026-04-15
orestar-20250101-20260928-787cf45dc908,4792,Tina Kotek,record:f92e000e166703a8c2ed854f,WSP USA Inc.,Business Entity,business,New York,NY,100000,1,2026-09-15,2026-09-15
orestar-20250101-20260928-787cf45dc908,4792,Tina Kotek,record:8d3452435fb3f8a94eaada52,Wade Rakes,Individual,individual,Atlanta,GA,100000,1,2026-06-03,2026-06-03
orestar-20250101-20260928-787cf45dc908,4792,Tina Kotek,record:250da76d0c46fa0478241148,Wallace Mersereau,Individual,individual,San Mateo,CA,100000,1,2026-09-14,2026-09-14
orestar-20250101-20260928-787cf45dc908,4792,Tina Kotek,record:27a673b11dd35de7005ac9f3,Warren Malter,Individual,individual,Portland,OR,100000,1,2026-07-08,2026-07-08
orestar-20250101-20260928-787cf45dc908,4792,Tina Kotek,record:78c8369f18f751f9c96ead66,Weyerhaeuser,Business Entity,business,Salem,OR,100000,1,2025-10-27,2025-10-27
orestar-20250101-20260928-787cf45dc908,4792,Tina Kotek,record:0ded6193243fdba75e3750b4,Whitney Grubbs,Individual,individual,Portland,OR,100000,1,2026-07-22,2026-07-22
orestar-20250101-20260928-787cf45dc908,4792,Tina Kotek,record:75b06fcf68538d66be5f6691,Yeng Chen,Individual,individual,Portland,OR,100000,1,2026-07-29,2026-07-29
orestar-20250101-20260928-787cf45dc908,4792,Tina Kotek,record:685a7685c026d9523789eb6a,Yi-Kang Hu,Individual,individual,Tigard,OR,100000,3,2025-10-29,2026-08-12
orestar-20250101-20260928-787cf45dc908,4792,Tina Kotek,record:85c2e8082e063bf7a3bdc5ed,Zach Hyder,Individual,individual,Lake Oswego,OR,100000,1,2026-06-10,2026-06-10
orestar-20250101-20260928-787cf45dc908,4792,Tina Kotek,record:102ddfa0b05c3f09d7bc585b,Kenneth Larson,Individual,individual,Corvallis,OR,97500,5,2026-04-08,2026-07-15
orestar-20250101-20260928-787cf45dc908,4792,Tina Kotek,record:e14b2b41f08e72c1fcc0117f,Brock Houston,Individual,individual,Deschutes County,OR,95900,5,2026-04-06,2026-09-21
orestar-20250101-20260928-787cf45dc908,4792,Tina Kotek,record:7ac3ae2f1d4027b533e7d9c1,Bryna Gamson,Individual,individual,Highland Park,IL,90000,1,2026-09-07,2026-09-07
orestar-20250101-20260928-787cf45dc908,4792,Tina Kotek,record:2251e5599938acbd099d8969,David Layzell,Individual,individual,Portland,OR,90000,3,2025-04-23,2026-09-02
orestar-20250101-20260928-787cf45dc908,4792,Tina Kotek,record:f5ec06061bcb8624c2fd9368,Don Gordon,Individual,individual,Ashland,OR,90000,4,2026-06-03,2026-09-02
orestar-20250101-20260928-787cf45dc908,4792,Tina Kotek,record:96bbbf46a577a6d106257a99,Charlotte Duncan,Individual,individual,West Linn,OR,87500,15,2025-08-06,2026-09-21
orestar-20250101-20260928-787cf45dc908,4792,Tina Kotek,record:8d7d8f9eadf0be5116894e28,Herman Zimmerman,Individual,individual,Portland,OR,85000,4,2025-12-17,2026-09-14
orestar-20250101-20260928-787cf45dc908,4792,Tina Kotek,record:35e3f963bd5dc8a15407f552,Katy Eymann,Individual,individual,Bandon,OR,83500,3,2026-07-01,2026-09-21
orestar-20250101-20260928-787cf45dc908,4792,Tina Kotek,record:7a669dca8b2fbea8417420dd,Gail Warner,Individual,individual,Salem,OR,83000,20,2025-06-18,2026-07-29
orestar-20250101-20260928-787cf45dc908,4792,Tina Kotek,record:a4602802c12f754680104ee1,Alisa Owen,Individual,individual,Mcminnville,OR,80000,16,2025-04-16,2026-09-14
orestar-20250101-20260928-787cf45dc908,4792,Tina Kotek,record:a8d1b09479b1283cefa5cbc1,Dana Petre-Miller,Individual,individual,Keizer,OR,80000,17,2025-07-07,2026-09-10
orestar-20250101-20260928-787cf45dc908,4792,Tina Kotek,record:dce0f04134a170965f337ca0,E. Dollie Wolverton,Individual,individual,Salem,OR,80000,6,2025-06-25,2025-12-24
orestar-20250101-20260928-787cf45dc908,4792,Tina Kotek,record:c502ea98b09519fa77d9b741,Jim Barnett,Individual,individual,Sisters,OR,80000,1,2026-09-14,2026-09-14
orestar-20250101-20260928-787cf45dc908,4792,Tina Kotek,record:423598ba5704787fa96b0a4b,Jo Anne Trow,Individual,individual,Corvallis,OR,80000,4,2025-10-30,2026-07-15
orestar-20250101-20260928-787cf45dc908,4792,Tina Kotek,record:9812735a5ae0ed20a7fdb921,Laura Wilson,Individual,individual,Lacey,WA,80000,3,2025-08-06,2026-05-28
orestar-20250101-20260928-787cf45dc908,4792,Tina Kotek,record:70ead050c43d6a087d6e0663,Rosetta Koach,Individual,individual,Beaverton,OR,80000,16,2025-04-09,2026-09-10
orestar-20250101-20260928-787cf45dc908,4792,Tina Kotek,record:4c4cfe89664423aeed185094,Walt Weyler,Individual,individual,Portland,OR,80000,6,2026-03-25,2026-09-10
orestar-20250101-20260928-787cf45dc908,4792,Tina Kotek,record:dbc322d209ca4c1b3fdee6d9,Mark Ruth,Individual,individual,Turner,OR,76850,50,2025-09-17,2026-09-21
orestar-20250101-20260928-787cf45dc908,4792,Tina Kotek,record:c182a2b2c4d65322f4f93520,Pat Ryan,Individual,individual,Eugene,OR,75300,22,2025-06-04,2026-09-14
orestar-20250101-20260928-787cf45dc908,4792,Tina Kotek,record:f594f48d10639d3195719444,Bond Starker,Individual,individual,Corvallis,OR,75000,3,2026-07-01,2026-08-26
orestar-20250101-20260928-787cf45dc908,4792,Tina Kotek,record:9c89a55cf262e808a7143b54,Curt Mullin,Individual,individual,Salem,OR,75000,15,2025-04-16,2026-09-14
orestar-20250101-20260928-787cf45dc908,4792,Tina Kotek,record:a8d97b635143afa2743eb699,David Garrett,Individual,individual,Portland,OR,75000,1,2026-08-26,2026-08-26
orestar-20250101-20260928-787cf45dc908,4792,Tina Kotek,record:89e247ce4d88965744e9fb40,Dianne Farrell,Individual,individual,Corvallis,OR,75000,2,2025-11-05,2025-12-10
orestar-20250101-20260928-787cf45dc908,4792,Tina Kotek,record:87a473b94d50eefbd85d6699,Gretta Grimala,Individual,individual,Portland,OR,75000,2,2025-11-13,2026-08-31
orestar-20250101-20260928-787cf45dc908,4792,Tina Kotek,record:80bdd1909fd77c1ff1bb86ad,Jane Stickney,Individual,individual,West Linn,OR,75000,9,2025-12-10,2026-08-26
orestar-20250101-20260928-787cf45dc908,4792,Tina Kotek,record:2dcb6093df9d317bde2fd2b6,Janice Mason,Individual,individual,Tigard,OR,75000,1,2026-01-21,2026-01-21
orestar-20250101-20260928-787cf45dc908,4792,Tina Kotek,record:5e26fbd342bf089411f0f141,Joe Balestreri,Individual,individual,Ashland,OR,75000,3,2026-05-13,2026-08-26
orestar-20250101-20260928-787cf45dc908,4792,Tina Kotek,record:d38952bc32e1826c067815d0,Kathrine Turner,Individual,individual,Portland,OR,75000,5,2025-10-01,2026-08-12
orestar-20250101-20260928-787cf45dc908,4792,Tina Kotek,record:8860c2436b0c4df02b79ef33,Paul Snyder,Individual,individual,Portland,OR,75000,2,2025-10-08,2025-12-03
orestar-20250101-20260928-787cf45dc908,4792,Tina Kotek,record:f559aa9a22116e07e2cea21c,Penelope Hoodenpyle,Individual,individual,Beaverton,OR,75000,3,2026-04-06,2026-08-05
orestar-20250101-20260928-787cf45dc908,4792,Tina Kotek,record:0301f1ed042088ec129e0af4,Steve Brennan,Individual,individual,Portland,OR,75000,3,2026-05-28,2026-09-21
orestar-20250101-20260928-787cf45dc908,4792,Tina Kotek,record:345965ad43f81980941fa728,Susan Sprague,Individual,individual,Dallastown,PA,75000,2,2026-07-06,2026-09-21
orestar-20250101-20260928-787cf45dc908,4792,Tina Kotek,record:4ad1eda0a7556baa36ee8982,Yutaka Iwata,Individual,individual,Portland,OR,75000,3,2025-10-31,2026-06-29
orestar-20250101-20260928-787cf45dc908,4792,Tina Kotek,record:0eecdaa702816b390e112ec8,Merle Wright,Individual,individual,Portland,OR,72500,23,2025-06-18,2026-09-21
orestar-20250101-20260928-787cf45dc908,4792,Tina Kotek,record:21adc8380471043dd142257f,Judith Stiegler,Individual,individual,Bend,OR,72000,2,2025-06-18,2026-09-21
orestar-20250101-20260928-787cf45dc908,4792,Tina Kotek,record:fc1473ade57066175e608e27,Michael Beebe,Individual,individual,Tualatin,OR,72000,22,2025-08-20,2026-09-21
orestar-20250101-20260928-787cf45dc908,4792,Tina Kotek,record:b0b7f6aae74f9e9bb12aa222,Alan Olson,Individual,individual,Portland,OR,71500,12,2025-09-30,2026-08-26
orestar-20250101-20260928-787cf45dc908,4792,Tina Kotek,record:bd174b04abfa16b53ede4852,Joan Kalvelage,Individual,individual,Ashland,OR,71500,13,2025-06-18,2026-09-21
orestar-20250101-20260928-787cf45dc908,4792,Tina Kotek,record:7d77d07cbaf8a088d92399a8,Sylvia Black,Individual,individual,Portland,OR,70300,15,2025-10-29,2026-09-21
orestar-20250101-20260928-787cf45dc908,4792,Tina Kotek,record:f907902f09e7681e64482296,Anne Zieentek,Individual,individual,Salem,OR,70000,3,2026-02-25,2026-09-21
orestar-20250101-20260928-787cf45dc908,4792,Tina Kotek,record:3f95566059c9c1add55cec43,Catherine Anne Laskaya,Individual,individual,Eugene,OR,70000,6,2026-05-13,2026-09-21
orestar-20250101-20260928-787cf45dc908,4792,Tina Kotek,record:af5d570cb3a7674fad1e16c7,Karolina Newcombe,Individual,individual,Beaverton,OR,70000,4,2025-07-07,2026-05-01
orestar-20250101-20260928-787cf45dc908,4792,Tina Kotek,record:64b834d790937e0bff8ab44e,Pam Mariea-Nason,Individual,individual,Portland,OR,70000,3,2025-12-28,2026-07-01
orestar-20250101-20260928-787cf45dc908,4792,Tina Kotek,record:8bf56b63f021c006a5c7c23b,Richard Warner,Individual,individual,Springfield,OR,70000,7,2026-03-25,2026-09-10
orestar-20250101-20260928-787cf45dc908,4792,Tina Kotek,record:2e0181500836e3043790a31f,Scott Jordan,Individual,individual,Ashland,OR,70000,2,2025-04-16,2026-08-12
orestar-20250101-20260928-787cf45dc908,4792,Tina Kotek,record:a65a7c0327239442faa41a34,Roderick Linse,Individual,individual,Portland,OR,67800,19,2026-04-15,2026-09-21
orestar-20250101-20260928-787cf45dc908,4792,Tina Kotek,record:96bbe8298eeb68eb24a89f35,Carol Adams,Individual,individual,Lake Oswego,OR,66200,16,2026-04-08,2026-09-21
orestar-20250101-20260928-787cf45dc908,4792,Tina Kotek,record:15eb2c5686308a42b3887eb4,Anne Ehrlich,Individual,individual,Palo Alto,CA,65000,3,2025-03-13,2026-08-10
orestar-20250101-20260928-787cf45dc908,4792,Tina Kotek,record:c5cae6bd380df04ddc0be1ce,Barbara Short,Individual,individual,Portland,OR,65000,11,2025-05-28,2026-09-02
orestar-20250101-20260928-787cf45dc908,4792,Tina Kotek,record:d23ae7735c69fd6bc99167d0,James Abbott,Individual,individual,Brookings,OR,65000,6,2025-11-04,2026-09-23
orestar-20250101-20260928-787cf45dc908,4792,Tina Kotek,record:dc2508b952d4ed7c20bb9277,Wolfgang Geiger,Individual,individual,Ashland,OR,65000,13,2025-07-23,2026-09-21
orestar-20250101-20260928-787cf45dc908,4792,Tina Kotek,record:4638f9bc6b701852a85d55dd,George Gibson,Individual,individual,Corvallis,OR,64500,23,2025-11-05,2026-07-08
orestar-20250101-20260928-787cf45dc908,4792,Tina Kotek,record:9b7818fd3929f77b10c95415,Karen kay Eberly,Individual,individual,Medford,OR,63200,38,2025-02-12,2026-09-21
orestar-20250101-20260928-787cf45dc908,4792,Tina Kotek,committee:20404,Friends of Jeff Lang (20404),Political Committee,other,Portland,OR,62215,1,2026-04-13,2026-04-13
orestar-20250101-20260928-787cf45dc908,4792,Tina Kotek,record:8e8d080e5c5c601da6098a2c,Julie Graham,Individual,individual,Sisters,OR,61500,14,2026-04-22,2026-09-21
orestar-20250101-20260928-787cf45dc908,4792,Tina Kotek,record:89629de9ca0575d057953504,Catherine Simard,Individual,individual,Eugene,OR,61000,13,2025-08-20,2026-09-21
orestar-20250101-20260928-787cf45dc908,4792,Tina Kotek,record:81d43b705365bd740245d197,Carol Girt,Individual,individual,Scappoose,OR,60000,2,2025-10-31,2026-07-02
orestar-20250101-20260928-787cf45dc908,4792,Tina Kotek,record:fa3386a7377c940d1b56b576,David Hiller,Individual,individual,Sisters,OR,60000,2,2026-08-26,2026-09-10
orestar-20250101-20260928-787cf45dc908,4792,Tina Kotek,record:23fc30a054af195b83beb2d1,Dennis Johnson,Individual,individual,Portland,OR,60000,2,2025-12-17,2026-06-17
orestar-20250101-20260928-787cf45dc908,4792,Tina Kotek,record:638c01c49f6b8dfb65689125,Elizabeth Warriner,Individual,individual,Bend,OR,60000,3,2025-06-04,2025-06-18
orestar-20250101-20260928-787cf45dc908,4792,Tina Kotek,record:c036c7751926b78dc7dde99a,Frank Baumeister,Individual,individual,Government Camp,OR,60000,4,2026-05-13,2026-07-29
orestar-20250101-20260928-787cf45dc908,4792,Tina Kotek,record:f7d7bb8a431c6758e16d2fe7,Gale Castillo,Individual,individual,Wilsonville,OR,60000,3,2025-11-05,2026-09-21
orestar-20250101-20260928-787cf45dc908,4792,Tina Kotek,record:c89f0750ad19dce7af608b68,Gary Fox,Individual,individual,Milwaukie,OR,60000,2,2026-03-11,2026-08-12
orestar-20250101-20260928-787cf45dc908,4792,Tina Kotek,record:e6b13dced0e2393308c1bea3,Karen Lacey,Individual,individual,Eugene,OR,60000,5,2026-03-30,2026-09-21
orestar-20250101-20260928-787cf45dc908,4792,Tina Kotek,record:c9955483796c71eb2190ca0d,Liz Mckanna,Individual,individual,Portland,OR,60000,4,2025-12-31,2026-09-21
orestar-20250101-20260928-787cf45dc908,4792,Tina Kotek,record:9e514beee5049e4bf040d432,Matthew Smith,Individual,individual,Portland,OR,60000,2,2026-04-22,2026-05-13
orestar-20250101-20260928-787cf45dc908,4792,Tina Kotek,record:bcd698835b1922699592d6cb,Michael Morrison,Individual,individual,Portland,OR,60000,2,2025-04-16,2026-07-15
orestar-20250101-20260928-787cf45dc908,4792,Tina Kotek,record:d4822f81fecece906d6db177,Robert Bentley,Individual,individual,Portland,OR,60000,2,2026-04-06,2026-05-06
orestar-20250101-20260928-787cf45dc908,4792,Tina Kotek,record:81d8bd98bd46eb7ef7d1f4dc,Stephen Fishler,Individual,individual,Milwaukie,OR,60000,3,2025-11-07,2026-09-17
orestar-20250101-20260928-787cf45dc908,4792,Tina Kotek,record:faabccbf06144fda1d033292,Daniel Roby,Individual,individual,Corvallis,OR,57500,3,2025-03-07,2026-07-22
orestar-20250101-20260928-787cf45dc908,4792,Tina Kotek,record:22ed56de7b5ef5c9d8d8329e,Jean Heldstab,Individual,individual,Coos Bay,OR,57300,46,2025-09-04,2026-09-21
orestar-20250101-20260928-787cf45dc908,4792,Tina Kotek,record:9926717879e0afbcbd3f989c,Carolyn Tomei,Individual,individual,Milwaukie,OR,55700,21,2025-08-13,2025-12-17
orestar-20250101-20260928-787cf45dc908,4792,Tina Kotek,record:e7cf2d7030e3c29df46e2937,Donna Luckett,Individual,individual,Portland,OR,55000,4,2026-06-03,2026-09-14
orestar-20250101-20260928-787cf45dc908,4792,Tina Kotek,record:1cbabfd1c8bbc16d53aced7f,Marva Dasef,Individual,individual,Eugene,OR,55000,10,2026-04-22,2026-09-10
orestar-20250101-20260928-787cf45dc908,4792,Tina Kotek,record:38c26e082ac3b0a1e195682e,Michael Finley,Individual,individual,Medford,OR,55000,6,2025-12-10,2026-09-02
orestar-20250101-20260928-787cf45dc908,4792,Tina Kotek,record:b585f076554bfcdacd66b3de,Randall Wagner,Individual,individual,Bend,OR,55000,4,2025-12-31,2026-08-05
orestar-20250101-20260928-787cf45dc908,4792,Tina Kotek,record:9b0380888d09ce0a74c72841,Robin Johnson,Individual,individual,Portland,OR,55000,2,2026-08-19,2026-09-10
orestar-20250101-20260928-787cf45dc908,4792,Tina Kotek,record:482357c927205b85e4609a46,William Looney,Individual,individual,Shedd,OR,55000,3,2025-11-05,2026-08-26
orestar-20250101-20260928-787cf45dc908,4792,Tina Kotek,record:804ef79a862835e47f9a87fe,Jeanene Louden,Individual,individual,Corvallis,OR,53500,31,2025-12-10,2026-09-14
orestar-20250101-20260928-787cf45dc908,4792,Tina Kotek,record:cd163129711b54ef5b3f41e8,Charles Trible,Individual,individual,Veneta,OR,53300,22,2026-04-15,2026-09-21
orestar-20250101-20260928-787cf45dc908,4792,Tina Kotek,record:76988b3fd2cccc1beb1a3779,Linda Cossey,Individual,individual,Florence,OR,52000,15,2025-10-08,2026-08-12
orestar-20250101-20260928-787cf45dc908,4792,Tina Kotek,record:2ef24b5c8c3205464c98ecfe,Norman Wilson,Individual,individual,Portland,OR,52000,39,2025-06-11,2026-08-19
orestar-20250101-20260928-787cf45dc908,4792,Tina Kotek,record:be7e6cd657bdb9a456d1501e,Barbara George,Individual,individual,Eugene,OR,51500,22,2025-08-20,2026-09-21
orestar-20250101-20260928-787cf45dc908,4792,Tina Kotek,record:7f2cbeaf8982dc08c3a91243,Jack Catton,Individual,individual,Ashland,OR,51000,2,2025-12-10,2026-09-21
orestar-20250101-20260928-787cf45dc908,4792,Tina Kotek,record:a1aaf37b381c204e9df7c212,Chad Westphal,Individual,individual,Springfield,OR,50300,2,2025-10-22,2025-10-22
orestar-20250101-20260928-787cf45dc908,4792,Tina Kotek,record:6a8f84c9a038bc5f276e4f61,Edna Reich,Individual,individual,White City,OR,50300,2,2026-07-29,2026-07-29
orestar-20250101-20260928-787cf45dc908,4792,Tina Kotek,record:a27b5531813049bb07da157a,Lynn Kahle,Individual,individual,Eugene,OR,50300,1,2025-10-10,2025-10-10
orestar-20250101-20260928-787cf45dc908,4792,Tina Kotek,committee:21156,Oregon for Austin Folnagy (21156),Political Committee,other,Vida,OR,50300,1,2025-10-18,2025-10-18
orestar-20250101-20260928-787cf45dc908,4792,Tina Kotek,record:c1eb928701737d439e4d6816,Adrienne Mansanares,Individual,individual,Denver,CO,50000,1,2025-09-18,2025-09-18
orestar-20250101-20260928-787cf45dc908,4792,Tina Kotek,record:0b5be5d3eae1790d6bd91d1b,Agnes Zach,Individual,individual,Portland,OR,50000,2,2026-05-06,2026-05-13
orestar-20250101-20260928-787cf45dc908,4792,Tina Kotek,record:500ba648f467e31aa9dec7f6,Al Barkouli,Individual,individual,Portland,OR,50000,1,2025-04-09,2025-04-09
orestar-20250101-20260928-787cf45dc908,4792,Tina Kotek,record:05bf82e0e26d5f178b9c13a3,Alissa Pulcrano,Individual,individual,Portland,OR,50000,1,2025-07-23,2025-07-23
orestar-20250101-20260928-787cf45dc908,4792,Tina Kotek,record:c90d46c6a2a7d61e10613699,Amber Cottle,Individual,individual,Washington,DC,50000,1,2026-04-06,2026-04-06
orestar-20250101-20260928-787cf45dc908,4792,Tina Kotek,record:9e65ea0836d60bc6734bdd14,Ameriprise Financial,Business Entity,business,Minneapolis,MN,50000,1,2026-06-03,2026-06-03
orestar-20250101-20260928-787cf45dc908,4792,Tina Kotek,record:58d3d7b0623a1939bde44bf5,Anand Kasukurthi,Individual,individual,Portland,OR,50000,1,2026-04-22,2026-04-22
orestar-20250101-20260928-787cf45dc908,4792,Tina Kotek,record:26a31ed6b794f03469e1a071,Andre Pruitt,Individual,individual,Portland,OR,50000,1,2026-03-25,2026-03-25
orestar-20250101-20260928-787cf45dc908,4792,Tina Kotek,record:d11e25d3b06737a221186b26,Andrea Petkus,Individual,individual,Portland,OR,50000,1,2026-05-05,2026-05-05
orestar-20250101-20260928-787cf45dc908,4792,Tina Kotek,record:c4906de5857d8332c14443f1,Andrew Ginsburg,Individual,individual,Portland,OR,50000,1,2026-09-02,2026-09-02
orestar-20250101-20260928-787cf45dc908,4792,Tina Kotek,record:f605e4acd28a51948d362522,Andrew Schpak,Individual,individual,Lake Oswego,OR,50000,1,2025-12-17,2025-12-17
orestar-20250101-20260928-787cf45dc908,4792,Tina Kotek,record:4bd9206d9b308d3183e3655c,Andrew Seaman,Individual,individual,Portland,OR,50000,1,2026-06-24,2026-06-24
orestar-20250101-20260928-787cf45dc908,4792,Tina Kotek,record:cfeafe1618ae4c1f4c0b65c4,Ann Cudd,Individual,individual,Portland,OR,50000,1,2025-10-30,2025-10-30
orestar-20250101-20260928-787cf45dc908,4792,Tina Kotek,record:396b2fbaa0deb3378ab72ed2,Anna Braun,Individual,individual,Salem,OR,50000,1,2026-09-14,2026-09-14
orestar-20250101-20260928-787cf45dc908,4792,Tina Kotek,record:6b4041c21a26a2cc53352a69,Anne Golden,Individual,individual,Ashland,OR,50000,1,2025-04-23,2025-04-23
orestar-20250101-20260928-787cf45dc908,4792,Tina Kotek,record:3f00ef3b46f756a413490343,Anne Kroeker,Individual,individual,Bellevue,WA,50000,1,2026-09-10,2026-09-10
orestar-20250101-20260928-787cf45dc908,4792,Tina Kotek,record:8e5d88f0c3da46c1dc44715b,Anne Udall,Individual,individual,Portland,OR,50000,2,2026-02-19,2026-08-26
orestar-20250101-20260928-787cf45dc908,4792,Tina Kotek,record:346868d03d3b05d90f8078fb,Anthony T Dean,Individual,individual,Long Grove,IL,50000,1,2026-09-02,2026-09-02
orestar-20250101-20260928-787cf45dc908,4792,Tina Kotek,record:db029f66809fba04ee73bc83,Antoinette Chandler,Individual,individual,Los Angeles,CA,50000,1,2025-10-22,2025-10-22
orestar-20250101-20260928-787cf45dc908,4792,Tina Kotek,record:d6c423f9503ee9e6ecaa7adb,Aron Branam,Individual,individual,Portland,OR,50000,1,2026-06-17,2026-06-17
orestar-20250101-20260928-787cf45dc908,4792,Tina Kotek,record:4d71fd1bd133e0a5aef8bdd6,Art Wright,Individual,individual,Portland,OR,50000,1,2026-09-14,2026-09-14
orestar-20250101-20260928-787cf45dc908,4792,Tina Kotek,record:fe07521547452ee699804ec4,Ashley Roland,Individual,individual,Portland,OR,50000,1,2025-03-06,2025-03-06
orestar-20250101-20260928-787cf45dc908,4792,Tina Kotek,record:534f0d3ef97dc7adcadc9369,Barbara Carpender,Individual,individual,Denver,CO,50000,1,2025-10-16,2025-10-16
orestar-20250101-20260928-787cf45dc908,4792,Tina Kotek,record:a3122d4550758b381d28afe5,Barbara Ford,Individual,individual,Portland,OR,50000,1,2026-04-22,2026-04-22
orestar-20250101-20260928-787cf45dc908,4792,Tina Kotek,record:cff17719e5510304dc1e0d6b,Beth Bernard,Individual,individual,Portland,OR,50000,1,2026-09-14,2026-09-14
orestar-20250101-20260928-787cf45dc908,4792,Tina Kotek,record:c6773d177512aeb46df02717,Betty Jane Trueblood-Waldo,Individual,individual,Grants Pass,OR,50000,1,2026-09-14,2026-09-14
orestar-20250101-20260928-787cf45dc908,4792,Tina Kotek,record:418b7356bc1a579076400630,Beverly Hoeffer,Individual,individual,Portland,OR,50000,2,2026-05-22,2026-09-21
orestar-20250101-20260928-787cf45dc908,4792,Tina Kotek,record:f2b4b1e633cc96165948f171,Bill Dickey,Individual,individual,Vancouver,WA,50000,2,2025-10-01,2025-11-05
orestar-20250101-20260928-787cf45dc908,4792,Tina Kotek,record:bc41ef5a5855381d32e8c931,Bonnie Canary,Individual,individual,West Linn,OR,50000,1,2026-09-14,2026-09-14
orestar-20250101-20260928-787cf45dc908,4792,Tina Kotek,record:51f37fd7339e33d2cb8974f3,Bonnie Dumanis,Individual,individual,San Diego,CA,50000,1,2026-06-10,2026-06-10
orestar-20250101-20260928-787cf45dc908,4792,Tina Kotek,record:cd4215ba6f8ead0993fe6141,Bonnie New,Individual,individual,Hood River,OR,50000,1,2026-03-11,2026-03-11
orestar-20250101-20260928-787cf45dc908,4792,Tina Kotek,record:e7663ddab7522d17949b4eb5,Brett Sheehan,Individual,individual,Happy Valley,OR,50000,1,2026-09-02,2026-09-02
orestar-20250101-20260928-787cf45dc908,4792,Tina Kotek,record:2755e67c3bcebbd6aa53be9c,Brian Johnson,Individual,individual,Portland,OR,50000,1,2026-05-13,2026-05-13
orestar-20250101-20260928-787cf45dc908,4792,Tina Kotek,record:aace9ad8168531df0587db4b,Brian Maloney,Individual,individual,San Francisco,CA,50000,2,2026-03-25,2026-04-06
orestar-20250101-20260928-787cf45dc908,4792,Tina Kotek,record:76dea24ffafa06d1f048585c,Brian Stewart,Individual,individual,Portland,OR,50000,1,2026-07-29,2026-07-29
orestar-20250101-20260928-787cf45dc908,4792,Tina Kotek,record:9c3b4b682e99e8106ac85443,"Builders Future, Inc.",Business Entity,business,Salem,OR,50000,1,2025-11-20,2025-11-20
orestar-20250101-20260928-787cf45dc908,4792,Tina Kotek,record:96d1266c08221e6a0b6fae18,Burt Lloyd-Jones,Individual,individual,Portland,OR,50000,1,2025-12-01,2025-12-01
orestar-20250101-20260928-787cf45dc908,4792,Tina Kotek,record:6a869caa48a04fc3993d8be9,Carling Dinkler,Individual,individual,New Orleans,LA,50000,1,2026-05-20,2026-05-20
orestar-20250101-20260928-787cf45dc908,4792,Tina Kotek,record:c5b19979a7d75235a33c9fdf,Carol Lewis,Individual,individual,Portland,OR,50000,1,2026-02-11,2026-02-11
orestar-20250101-20260928-787cf45dc908,4792,Tina Kotek,record:99cf4cdd1ef59476927eb985,Carol Whipple,Individual,individual,Eugene,OR,50000,1,2026-09-21,2026-09-21
orestar-20250101-20260928-787cf45dc908,4792,Tina Kotek,record:952cbb1272b53d52a0f47710,Catherine Macdonald,Individual,individual,Portland,OR,50000,1,2026-07-01,2026-07-01
orestar-20250101-20260928-787cf45dc908,4792,Tina Kotek,record:80391082b47e76af8ecdc897,Cathy Kornblith,Individual,individual,San Francisco,CA,50000,1,2026-06-11,2026-06-11
orestar-20250101-20260928-787cf45dc908,4792,Tina Kotek,record:5e680fd366fac3aaad77180c,Cathy Travis,Individual,individual,Portland,OR,50000,1,2026-09-10,2026-09-10
orestar-20250101-20260928-787cf45dc908,4792,Tina Kotek,record:9b0f5110b310ae23d10d9a11,Challiss Mcdonough,Individual,individual,Portland,OR,50000,1,2026-09-02,2026-09-02
orestar-20250101-20260928-787cf45dc908,4792,Tina Kotek,record:98adb92a769febed0bcb29b8,Charles Dibb,Individual,individual,Eagle Point,OR,50000,1,2026-01-21,2026-01-21
orestar-20250101-20260928-787cf45dc908,4792,Tina Kotek,record:305cb87d6fc6c1dca5e824aa,Chong Kee Tan,Individual,individual,Salem,OR,50000,1,2026-07-29,2026-07-29
orestar-20250101-20260928-787cf45dc908,4792,Tina Kotek,record:ef731d59b82998dc70a4c86a,Chris Bonner,Individual,individual,Portland,OR,50000,1,2026-04-06,2026-04-06
orestar-20250101-20260928-787cf45dc908,4792,Tina Kotek,record:1c2aef9013f690404a153b12,Christian Harker,Individual,individual,Portland,OR,50000,1,2026-05-22,2026-05-22
orestar-20250101-20260928-787cf45dc908,4792,Tina Kotek,record:258b4f3cd87b5ad6b67164cf,Christine Cress,Individual,individual,Troutdale,OR,50000,2,2026-07-29,2026-09-10
orestar-20250101-20260928-787cf45dc908,4792,Tina Kotek,record:21671725e01cc3406fa86223,Christine Walter,Individual,individual,Portland,OR,50000,1,2025-11-05,2025-11-05
orestar-20250101-20260928-787cf45dc908,4792,Tina Kotek,record:4a10caa6ea7bd61f6600bf7e,Christopher Friend,Individual,individual,Portland,OR,50000,1,2026-07-15,2026-07-15
orestar-20250101-20260928-787cf45dc908,4792,Tina Kotek,record:fa23bbf1c903ae0ce8ba3fd9,Christopher Hill,Individual,individual,Portland,OR,50000,1,2026-09-10,2026-09-10
orestar-20250101-20260928-787cf45dc908,4792,Tina Kotek,record:5e0874ab342e9539e41dd8f6,Chrysten Lambert,Individual,individual,Ashland,OR,50000,1,2026-09-14,2026-09-14
orestar-20250101-20260928-787cf45dc908,4792,Tina Kotek,record:cd773d89cf2153bd16717798,Clarissa Smith,Individual,individual,El Dorado Hills,CA,50000,1,2026-03-18,2026-03-18
orestar-20250101-20260928-787cf45dc908,4792,Tina Kotek,record:022bb899fd6084826fcc51af,Clearway Renew Consolidated Devco,Business Entity,business,Sf,CA,50000,1,2026-07-29,2026-07-29
orestar-20250101-20260928-787cf45dc908,4792,Tina Kotek,record:8b748da5d5a816b43f993018,Cliff Hall,Individual,individual,Monmouth,OR,50000,1,2026-07-06,2026-07-06
orestar-20250101-20260928-787cf45dc908,4792,Tina Kotek,record:71877f23d60fe28377faae2a,Cliff Lehman,Individual,individual,Portland,OR,50000,1,2026-09-02,2026-09-02
orestar-20250101-20260928-787cf45dc908,4792,Tina Kotek,record:02aee52bd0a82307a51514f8,Compass Oncology Management Co,Business Entity,business,The Woodlands,TX,50000,1,2026-02-02,2026-02-02
orestar-20250101-20260928-787cf45dc908,4792,Tina Kotek,record:88a8140736f4f0cacee843bb,Coral Mack,Individual,individual,Eugene,OR,50000,1,2026-04-08,2026-04-08
orestar-20250101-20260928-787cf45dc908,4792,Tina Kotek,record:2816eef0f5bd2c07f6cf0692,Craig Markham,Individual,individual,Dundee,OR,50000,1,2026-08-19,2026-08-19
orestar-20250101-20260928-787cf45dc908,4792,Tina Kotek,record:bf92ea1e6114900815129101,Cynthia McKean,Individual,individual,Saugatuck,MI,50000,1,2025-06-04,2025-06-04
orestar-20250101-20260928-787cf45dc908,4792,Tina Kotek,record:ad7af248bb7c695bd2d049f1,Dan Fineman,Individual,individual,Bend,OR,50000,2,2026-07-01,2026-07-22
orestar-20250101-20260928-787cf45dc908,4792,Tina Kotek,committee:20344,Dan Ryan for Portland (20344),Political Committee,other,Portland,OR,50000,1,2026-08-17,2026-08-17
orestar-20250101-20260928-787cf45dc908,4792,Tina Kotek,record:6acafe3de2f8287b9a2452ba,Darin Sands,Individual,individual,Portland,OR,50000,1,2025-10-22,2025-10-22
orestar-20250101-20260928-787cf45dc908,4792,Tina Kotek,record:f6fa4e6e349ba2aa7d92bac3,Darlene Pasieczny,Individual,individual,Portland,OR,50000,1,2026-09-02,2026-09-02
orestar-20250101-20260928-787cf45dc908,4792,Tina Kotek,record:73c6f3b3310e357743120063,David Cress,Individual,individual,Portland,OR,50000,1,2026-06-22,2026-06-22
orestar-20250101-20260928-787cf45dc908,4792,Tina Kotek,record:59977d970427bdab68e6812e,David Dessert,Individual,individual,Eugene,OR,50000,1,2026-03-18,2026-03-18
orestar-20250101-20260928-787cf45dc908,4792,Tina Kotek,record:c0a4a67f8e9bb27a11738480,David Weisenfeld,Individual,individual,New York,NY,50000,1,2026-08-19,2026-08-19
orestar-20250101-20260928-787cf45dc908,4792,Tina Kotek,record:42636066a0fb6eaa5e58adc4,Debra Shore,Individual,individual,Evanston,IL,50000,1,2026-07-30,2026-07-30
orestar-20250101-20260928-787cf45dc908,4792,Tina Kotek,record:7295c315af0ac22980b09899,Derek Johnson,Individual,individual,Eugene,OR,50000,1,2025-10-01,2025-10-01
orestar-20250101-20260928-787cf45dc908,4792,Tina Kotek,record:125fa45935acf8ba3cb0c5bc,Diane Niflis,Individual,individual,Tillamook,OR,50000,1,2026-08-26,2026-08-26
orestar-20250101-20260928-787cf45dc908,4792,Tina Kotek,record:eb62e542043e236a8dcf14bc,Diane Sykes,Individual,individual,Portland,OR,50000,1,2026-09-02,2026-09-02
orestar-20250101-20260928-787cf45dc908,4792,Tina Kotek,record:583c0077ff442802cf5171c7,Dwight Adkins,Individual,individual,Portland,OR,50000,2,2025-05-01,2026-05-13
orestar-20250101-20260928-787cf45dc908,4792,Tina Kotek,record:90cbe391fef441c7f393b20f,Edward D Jackson,Individual,individual,Creswell,OR,50000,2,2026-09-14,2026-09-14
orestar-20250101-20260928-787cf45dc908,4792,Tina Kotek,record:43768339aead3c8fe8f7434f,Edward Kimmi,Individual,individual,Beaverton,OR,50000,1,2026-01-14,2026-01-14
orestar-20250101-20260928-787cf45dc908,4792,Tina Kotek,record:5310fc7bc8a924a2c107c67e,Edwin Matthews,Individual,individual,Washington,CT,50000,1,2025-08-06,2025-08-06
orestar-20250101-20260928-787cf45dc908,4792,Tina Kotek,record:c17f8f2963ba81f35a1728e0,Elaine Harris,Individual,individual,Newberg,OR,50000,1,2026-08-31,2026-08-31
orestar-20250101-20260928-787cf45dc908,4792,Tina Kotek,committee:19844,Elect Laurie Trieger (19844),Political Committee,other,Eugene,OR,50000,1,2025-10-06,2025-10-06
orestar-20250101-20260928-787cf45dc908,4792,Tina Kotek,record:cd4221b0e0da0ab758846794,Elisabeth Lyon,Individual,individual,Portland,OR,50000,1,2025-08-18,2025-08-18
orestar-20250101-20260928-787cf45dc908,4792,Tina Kotek,record:7aa9f206972bd2db48be1729,Elizabeth McCann,Individual,individual,Denver,CO,50000,1,2025-09-11,2025-09-11
orestar-20250101-20260928-787cf45dc908,4792,Tina Kotek,record:e309102d11eceeee247188e8,Elizabeth Smith Currie,Individual,individual,Portland,OR,50000,2,2026-08-12,2026-08-12
orestar-20250101-20260928-787cf45dc908,4792,Tina Kotek,record:3a3579a8a311ee1f50701769,Emerald Walker,Individual,individual,Portland,OR,50000,1,2025-10-08,2025-10-08
orestar-20250101-20260928-787cf45dc908,4792,Tina Kotek,record:ec2220f3eec2c9655f3ff1c7,Eric Iverson,Individual,individual,Wilsonville,OR,50000,1,2026-07-29,2026-07-29
orestar-20250101-20260928-787cf45dc908,4792,Tina Kotek,record:c912ecddc6bbd2b4e287930b,Eric Olsen,Individual,individual,Monmouth,OR,50000,1,2025-11-26,2025-11-26
orestar-20250101-20260928-787cf45dc908,4792,Tina Kotek,record:7bd7543a24f8306385e2d5ae,Esri Allbritten,Individual,individual,Salem,OR,50000,1,2026-08-26,2026-08-26
orestar-20250101-20260928-787cf45dc908,4792,Tina Kotek,record:dfcc9fb77865dc7d5426dc5e,Frank Weiss,Individual,individual,Portland,OR,50000,1,2026-06-24,2026-06-24
orestar-20250101-20260928-787cf45dc908,4792,Tina Kotek,record:b0d1358680c9eda00ee612be,Frederick Vinson,Individual,individual,Lebanon,OR,50000,1,2026-09-10,2026-09-10
orestar-20250101-20260928-787cf45dc908,4792,Tina Kotek,committee:1686,Friends for Floyd Prozanski (1686),Political Committee,other,Eugene,OR,50000,1,2025-12-22,2025-12-22
orestar-20250101-20260928-787cf45dc908,4792,Tina Kotek,record:2ebdcdc58a1bac9c711f893b,Fubonn Supermarket,Business Entity,business,Portland,OR,50000,1,2026-01-21,2026-01-21
orestar-20250101-20260928-787cf45dc908,4792,Tina Kotek,record:c1d7a7336ac6f4899cfbba65,Garret Kelly,Individual,individual,Portland,OR,50000,1,2025-10-08,2025-10-08
orestar-20250101-20260928-787cf45dc908,4792,Tina Kotek,record:d754e076219498acff896916,Gary Beyrouti,Individual,individual,San Francisco,CA,50000,1,2026-04-06,2026-04-06
orestar-20250101-20260928-787cf45dc908,4792,Tina Kotek,record:2184c713f4f90c9e13e60071,Gary Gifford,Individual,individual,Bend,OR,50000,2,2026-09-02,2026-09-10
orestar-20250101-20260928-787cf45dc908,4792,Tina Kotek,record:1e4feedcd729423da4d3ed37,Genevieve Buser,Individual,individual,Portland,OR,50000,1,2026-09-21,2026-09-21
orestar-20250101-20260928-787cf45dc908,4792,Tina Kotek,committee:15348,Gomberg for State Rep (15348),Political Committee,other,Otis,OR,50000,1,2026-09-04,2026-09-04
orestar-20250101-20260928-787cf45dc908,4792,Tina Kotek,committee:18888,Gonzalez for Oregon (18888),Political Committee,other,Portland,OR,50000,1,2025-10-03,2025-10-03
orestar-20250101-20260928-787cf45dc908,4792,Tina Kotek,record:3cf0412d81404ccad75a9f80,Grace Buckley,Individual,individual,Denver,CO,50000,1,2025-10-16,2025-10-16
orestar-20250101-20260928-787cf45dc908,4792,Tina Kotek,record:a22cd874c2fd64fcd8f3bea2,Grace Rigsby,Individual,individual,Oregon City,OR,50000,1,2026-09-21,2026-09-21
orestar-20250101-20260928-787cf45dc908,4792,Tina Kotek,record:d470b1a17295323ce3cf0c7e,Greg Ellis,Individual,individual,Eugene,OR,50000,1,2026-05-20,2026-05-20
orestar-20250101-20260928-787cf45dc908,4792,Tina Kotek,record:5c0bb519903ad34807d9b001,Hampton Lumber,Business Entity,business,Portland,OR,50000,1,2025-10-06,2025-10-06
orestar-20250101-20260928-787cf45dc908,4792,Tina Kotek,record:1501ddec0112e2e64bc24b52,Hari Sudhireddy,Individual,individual,Beaverton,OR,50000,1,2026-04-22,2026-04-22
orestar-20250101-20260928-787cf45dc908,4792,Tina Kotek,record:63f2a1b46274cac6eeaf04ba,Harriette Hesselein,Individual,individual,Allentown,NJ,50000,1,2025-06-16,2025-06-16
orestar-20250101-20260928-787cf45dc908,4792,Tina Kotek,record:eb4c4fadd357345e69703096,Helen Bellanca,Individual,individual,Portland,OR,50000,1,2026-02-11,2026-02-11
orestar-20250101-20260928-787cf45dc908,4792,Tina Kotek,record:28b3bcf07e80ccbd19e8df7d,Helen Ying,Individual,individual,Portland,OR,50000,1,2026-01-14,2026-01-14
orestar-20250101-20260928-787cf45dc908,4792,Tina Kotek,record:278aa4ab56d589f8e9475bd0,Hilary Uhlig,Individual,individual,Hillsboro,OR,50000,1,2026-05-06,2026-05-06
orestar-20250101-20260928-787cf45dc908,4792,Tina Kotek,record:9b1f7e7925b0d755153b11f5,"Holt Group Holdings, LLC",Business Entity,business,Vancouver,WA,50000,1,2025-11-20,2025-11-20
orestar-20250101-20260928-787cf45dc908,4792,Tina Kotek,record:df79005cc18305a3b70982ab,Jack Friedman,Individual,individual,Portland,OR,50000,1,2026-09-02,2026-09-02
orestar-20250101-20260928-787cf45dc908,4792,Tina Kotek,record:92b26ff633d2cd14d2069a55,Jackie Cleary,Individual,individual,Salem,OR,50000,1,2026-04-29,2026-04-29
orestar-20250101-20260928-787cf45dc908,4792,Tina Kotek,record:47b62bcfb8a9787a91662fc2,Jafet Guzman,Individual,individual,Portland,OR,50000,1,2025-07-09,2025-07-09
orestar-20250101-20260928-787cf45dc908,4792,Tina Kotek,record:6d6819b64f2f9124ad07ec61,James Alegria,Individual,individual,Astoria,OR,50000,1,2026-09-21,2026-09-21
orestar-20250101-20260928-787cf45dc908,4792,Tina Kotek,record:8c5a12c9479a5175fd500384,Jana Davis,Individual,individual,Portland,OR,50000,1,2026-09-21,2026-09-21
orestar-20250101-20260928-787cf45dc908,4792,Tina Kotek,record:680abb8c2494a001bc521513,Janet Breckon,Individual,individual,Portland,OR,50000,1,2026-09-21,2026-09-21
orestar-20250101-20260928-787cf45dc908,4792,Tina Kotek,record:029a29a9e9ff492235e2be1c,Janet Radford,Individual,individual,Westlake,OR,50000,1,2026-09-10,2026-09-10
orestar-20250101-20260928-787cf45dc908,4792,Tina Kotek,record:b7a74cdb3125734906e2cf87,Jason S Kuo,Individual,individual,Seattle,WA,50000,2,2025-12-10,2026-09-10
orestar-20250101-20260928-787cf45dc908,4792,Tina Kotek,record:0973c7563d11140c28163117,Jayant Ingle,Individual,individual,Portland,OR,50000,1,2026-04-29,2026-04-29
orestar-20250101-20260928-787cf45dc908,4792,Tina Kotek,record:5bd1cca25bdd72b7408c516d,Jeff Kroot,Individual,individual,San Anselmo,CA,50000,1,2025-06-09,2025-06-09
orestar-20250101-20260928-787cf45dc908,4792,Tina Kotek,record:a33cdaf4a4bd5572586fc3f3,Jeffry Smith,Individual,individual,King City,OR,50000,1,2025-06-18,2025-06-18
orestar-20250101-20260928-787cf45dc908,4792,Tina Kotek,record:73a2b72117bf8eec4c6bae04,Jennifer Stoll,Individual,individual,Portland,OR,50000,1,2025-12-17,2025-12-17
orestar-20250101-20260928-787cf45dc908,4792,Tina Kotek,record:c5fc526620415a15a6f48ae8,Jennifer Wagner,Individual,individual,Lake Oswego,OR,50000,1,2026-09-21,2026-09-21
orestar-20250101-20260928-787cf45dc908,4792,Tina Kotek,record:cba31292f222dfc02d3fd7b9,Jerry Ekker,Individual,individual,Hood River,OR,50000,1,2026-09-21,2026-09-21
orestar-20250101-20260928-787cf45dc908,4792,Tina Kotek,record:225808b4881f58cbdd7bcedc,Jerry Walker,Individual,individual,Portland,OR,50000,1,2026-07-29,2026-07-29
orestar-20250101-20260928-787cf45dc908,4792,Tina Kotek,record:21cfdabb0413b57b3483b3fb,Jill Eiland,Individual,individual,Portland,OR,50000,1,2026-09-02,2026-09-02
orestar-20250101-20260928-787cf45dc908,4792,Tina Kotek,record:6269118e6d7ac56d3072e088,Jill Golub,Individual,individual,Oakland,CA,50000,1,2026-03-11,2026-03-11
orestar-20250101-20260928-787cf45dc908,4792,Tina Kotek,record:73b4880e1c2e54a176d73040,Jim Etzel,Individual,individual,Portland,OR,50000,1,2026-02-04,2026-02-04
orestar-20250101-20260928-787cf45dc908,4792,Tina Kotek,record:d3879c466ad2fca89299b13d,Joan Snyder,Individual,individual,Portland,OR,50000,2,2026-08-19,2026-09-14
orestar-20250101-20260928-787cf45dc908,4792,Tina Kotek,record:18a1dd7fda985cb9e65036bb,Joel Rubinstein,Individual,individual,San Francisco,CA,50000,1,2026-06-25,2026-06-25
orestar-20250101-20260928-787cf45dc908,4792,Tina Kotek,record:7fdeefb019bd54218014d9f0,John Barofsky,Individual,individual,Eugene,OR,50000,1,2025-10-22,2025-10-22
orestar-20250101-20260928-787cf45dc908,4792,Tina Kotek,record:1cfc29c37fe9a2aa95e28c44,John Howorth,Individual,individual,Lake Oswego,OR,50000,1,2026-08-19,2026-08-19
orestar-20250101-20260928-787cf45dc908,4792,Tina Kotek,record:540c202556257b194789d0c2,John Vandermosten,Individual,individual,Gresham,OR,50000,1,2026-09-02,2026-09-02
orestar-20250101-20260928-787cf45dc908,4792,Tina Kotek,record:efd3f72f03d2d7f25ac4df31,Jonathan Bartov,Individual,individual,Oregon City,OR,50000,1,2026-06-17,2026-06-17
orestar-20250101-20260928-787cf45dc908,4792,Tina Kotek,record:66b288423b1d6ed4658720c6,Joseph Bogaard,Individual,individual,Vashon,WA,50000,1,2025-08-06,2025-08-06
orestar-20250101-20260928-787cf45dc908,4792,Tina Kotek,record:e746026fbe02ae64827772e9,Joshua Ross,Individual,individual,Portland,OR,50000,1,2025-11-13,2025-11-13
orestar-20250101-20260928-787cf45dc908,4792,Tina Kotek,record:34cc83469688903ec427dacf,Jovanna Patrick,Individual,individual,West Linn,OR,50000,1,2026-09-21,2026-09-21
orestar-20250101-20260928-787cf45dc908,4792,Tina Kotek,record:58b7a6477f8055bb3e667640,Joy Russell,Individual,individual,Hershey,PA,50000,1,2026-03-18,2026-03-18
orestar-20250101-20260928-787cf45dc908,4792,Tina Kotek,record:6e7ee54917e5d0e273b9e3a1,Joyce Owen,Individual,individual,Eugene,OR,50000,1,2025-02-19,2025-02-19
orestar-20250101-20260928-787cf45dc908,4792,Tina Kotek,record:77028cb6a55c253a11c60c89,Judith Newman,Individual,individual,Eugene,OR,50000,2,2026-09-14,2026-09-14
orestar-20250101-20260928-787cf45dc908,4792,Tina Kotek,record:ecb7149940c8a299dfa06fba,Judy Graves,Individual,individual,Portland,OR,50000,1,2026-09-10,2026-09-10
orestar-20250101-20260928-787cf45dc908,4792,Tina Kotek,record:5727196302524f9cd67d859b,Judy Griffin,Individual,individual,Portland,OR,50000,1,2025-03-25,2025-03-25
orestar-20250101-20260928-787cf45dc908,4792,Tina Kotek,record:622b725db1fe4f389a139bb7,Julia Babcock,Individual,individual,Portland,OR,50000,1,2026-01-07,2026-01-07
orestar-20250101-20260928-787cf45dc908,4792,Tina Kotek,record:2d51a43978e0d1995798bf6f,Julia Drose,Individual,individual,Denver,CO,50000,1,2025-10-16,2025-10-16
orestar-20250101-20260928-787cf45dc908,4792,Tina Kotek,record:d22b1c377097af593382acf2,Julie Mcrae,Individual,individual,Newport,OR,50000,5,2025-08-27,2026-05-06
orestar-20250101-20260928-787cf45dc908,4792,Tina Kotek,record:425f0328e652199bf8dd8211,Kaizad Mistry,Individual,individual,Lake Oswego,OR,50000,1,2026-02-04,2026-02-04
orestar-20250101-20260928-787cf45dc908,4792,Tina Kotek,record:0243f8c26f846d26522640c2,Kali Thorne Ladd,Individual,individual,Portland,OR,50000,1,2025-10-16,2025-10-16
orestar-20250101-20260928-787cf45dc908,4792,Tina Kotek,record:c611eb229564b2d843cfe96e,Kandis Nunn,Individual,individual,Portland,OR,50000,1,2026-05-20,2026-05-20
orestar-20250101-20260928-787cf45dc908,4792,Tina Kotek,record:207c914f73a14f593fe58865,Karen Krajcer,Individual,individual,Portland,OR,50000,2,2026-05-06,2026-05-13
orestar-20250101-20260928-787cf45dc908,4792,Tina Kotek,record:ed3ed8d2775252cab4ae90cb,Karol Collymore,Individual,individual,Portland,OR,50000,1,2026-09-10,2026-09-10
orestar-20250101-20260928-787cf45dc908,4792,Tina Kotek,record:e3a338295292633566274166,Karyn Kaplan,Individual,individual,Eugene,OR,50000,1,2026-09-21,2026-09-21
orestar-20250101-20260928-787cf45dc908,4792,Tina Kotek,record:62ca6e06272afeca0594ab8e,Kathleen Braden,Individual,individual,Charlestown,MA,50000,1,2025-06-09,2025-06-09
orestar-20250101-20260928-787cf45dc908,4792,Tina Kotek,record:c6bdfd804d75e631cca0dfc3,Kaylee Salazar,Individual,individual,Denver,CO,50000,1,2025-10-23,2025-10-23
orestar-20250101-20260928-787cf45dc908,4792,Tina Kotek,record:b4eda66b3ae2dbbc106318f7,Keith White,Individual,individual,Salem,OR,50000,1,2026-09-10,2026-09-10
orestar-20250101-20260928-787cf45dc908,4792,Tina Kotek,record:5b9107cd60e4ac6272ff73fc,Kelly Okeefe,Individual,individual,Portland,OR,50000,1,2025-07-23,2025-07-23
orestar-20250101-20260928-787cf45dc908,4792,Tina Kotek,record:6d61c8ff3a42d7e01eefa58e,Kevin Brague,Individual,individual,Portland,OR,50000,1,2026-09-10,2026-09-10
orestar-20250101-20260928-787cf45dc908,4792,Tina Kotek,record:9eca203075d6f35b57554107,Kevin Bumatay,Individual,individual,Portland,OR,50000,1,2026-02-25,2026-02-25
orestar-20250101-20260928-787cf45dc908,4792,Tina Kotek,record:e6d252eb441b5c3b4746c89b,Kim Thomas,Individual,individual,Portland,OR,50000,1,2025-04-23,2025-04-23
orestar-20250101-20260928-787cf45dc908,4792,Tina Kotek,record:f4502ed5a3e0ade00f5742cc,Kim Thomas,Individual,individual,Portland,OR,50000,1,2026-03-25,2026-03-25
orestar-20250101-20260928-787cf45dc908,4792,Tina Kotek,record:e87b0af0983db654e7c84ffa,Komal Madugula,Individual,individual,Camas,WA,50000,1,2026-05-06,2026-05-06
orestar-20250101-20260928-787cf45dc908,4792,Tina Kotek,record:e398f53ee6fbc3d8d3f80c35,Kurt Tandan,Individual,individual,Portland,OR,50000,1,2026-09-10,2026-09-10
orestar-20250101-20260928-787cf45dc908,4792,Tina Kotek,record:892b4cd997ce5e110a597ce7,"Land Development Partners, LLC",Business Entity,business,Lake Oswego,OR,50000,1,2025-11-20,2025-11-20
orestar-20250101-20260928-787cf45dc908,4792,Tina Kotek,record:d50ca1a8ba601f884268e4f6,"LandWise, LLC",Business Entity,business,Pendleton,OR,50000,1,2025-11-20,2025-11-20
orestar-20250101-20260928-787cf45dc908,4792,Tina Kotek,record:c994445da9a61ce41452d9a8,Lane Shetterly,Individual,individual,Dallas,OR,50000,1,2026-09-21,2026-09-21
orestar-20250101-20260928-787cf45dc908,4792,Tina Kotek,record:87873dac7eb52093a42fb8e6,Larry Deckman,Individual,individual,Eugene,OR,50000,1,2026-03-11,2026-03-11
orestar-20250101-20260928-787cf45dc908,4792,Tina Kotek,record:6a63c76d4ef2abf37b5815f0,Larry Ellifritz,Individual,individual,Hood River,OR,50000,1,2026-09-14,2026-09-14
orestar-20250101-20260928-787cf45dc908,4792,Tina Kotek,record:083722abfb5d4cba138aedcf,Larry Kleinman,Individual,individual,Woodburn,OR,50000,2,2026-01-07,2026-08-26
orestar-20250101-20260928-787cf45dc908,4792,Tina Kotek,record:05cce2beed8a611d28373817,Laura Parrish,Individual,individual,Eugene,OR,50000,1,2026-08-05,2026-08-05
orestar-20250101-20260928-787cf45dc908,4792,Tina Kotek,record:547bd0fa275518e94d3f75b5,Laura Storto,Individual,individual,San Mateo,CA,50000,1,2026-06-17,2026-06-17
orestar-20250101-20260928-787cf45dc908,4792,Tina Kotek,record:2dc9a5ccb9b5ad113ae8c5af,Laurie Wimmer,Individual,individual,Portland,OR,50000,1,2025-07-23,2025-07-23
orestar-20250101-20260928-787cf45dc908,4792,Tina Kotek,record:558a82d8b64a5c42934159f3,Lee Jones,Individual,individual,Portland,OR,50000,2,2026-09-10,2026-09-21
orestar-20250101-20260928-787cf45dc908,4792,Tina Kotek,record:1ab66a827822df6cee60c3ab,Lee Murdoch,Individual,individual,Medford,OR,50000,2,2025-12-10,2026-07-02
orestar-20250101-20260928-787cf45dc908,4792,Tina Kotek,record:21a2933f38040e75956c7388,Lee Weinstein,Individual,individual,The Dalles,OR,50000,2,2025-11-26,2026-05-22
orestar-20250101-20260928-787cf45dc908,4792,Tina Kotek,record:d12f5e52e5de0d2f62c815ba,Leonard Shapiro,Individual,individual,Portland,OR,50000,1,2026-09-14,2026-09-14
orestar-20250101-20260928-787cf45dc908,4792,Tina Kotek,record:1bc1bdb1906cbec031ca3354,Lidona Wagner,Individual,individual,Eugene,OR,50000,7,2025-06-09,2025-12-15
orestar-20250101-20260928-787cf45dc908,4792,Tina Kotek,record:633bd02d334ef9298416ef7e,Linda Andrews,Individual,individual,Signal Mountain,TN,50000,1,2025-07-28,2025-07-28
orestar-20250101-20260928-787cf45dc908,4792,Tina Kotek,record:107de5c431487a8eb31e1b75,Linda Brown,Individual,individual,Lake Oswego,OR,50000,1,2026-08-05,2026-08-05
orestar-20250101-20260928-787cf45dc908,4792,Tina Kotek,record:db18ccb334c6c699264a6757,Linda Craig,Individual,individual,Portland,OR,50000,1,2026-07-01,2026-07-01
orestar-20250101-20260928-787cf45dc908,4792,Tina Kotek,record:4da1a03398dac7702240d05f,Linda Eyerman,Individual,individual,Arch Cape,OR,50000,1,2026-09-14,2026-09-14
orestar-20250101-20260928-787cf45dc908,4792,Tina Kotek,record:3619fd19700f3a6cd62c0c6e,Linda Hartling,Individual,individual,Lake Oswego,OR,50000,4,2026-04-01,2026-08-05
orestar-20250101-20260928-787cf45dc908,4792,Tina Kotek,record:a6d754996aabc88ae2ba919a,Lisa Vance,Individual,individual,Vancouver,WA,50000,1,2026-08-05,2026-08-05
orestar-20250101-20260928-787cf45dc908,4792,Tina Kotek,record:702bf593dacb82bce6dbade7,Lori Stern,Individual,individual,Springfield,OR,50000,1,2026-08-05,2026-08-05
orestar-20250101-20260928-787cf45dc908,4792,Tina Kotek,record:22bf567e96191acb3e9fb108,Lydia Rich,Individual,individual,Portland,OR,50000,1,2025-05-07,2025-05-07
orestar-20250101-20260928-787cf45dc908,4792,Tina Kotek,record:0a6464d3a9bc3ca5871b2855,Lynn Greer,Individual,individual,Reno,NV,50000,1,2026-03-11,2026-03-11
orestar-20250101-20260928-787cf45dc908,4792,Tina Kotek,record:518be6ce7a5984062a9c9da7,Mabel Walters,Individual,individual,Portland,OR,50000,1,2026-09-10,2026-09-10
orestar-20250101-20260928-787cf45dc908,4792,Tina Kotek,record:cb2808a7377810680964c591,Madhu Swarna,Individual,individual,Portland,OR,50000,1,2026-05-06,2026-05-06
orestar-20250101-20260928-787cf45dc908,4792,Tina Kotek,record:10c432cf527706577791f87b,Marc Fenton,Individual,individual,Portland,OR,50000,1,2026-07-01,2026-07-01
orestar-20250101-20260928-787cf45dc908,4792,Tina Kotek,record:5e367abfa9e26c1a1548c764,Marc Fenton,Individual,individual,Portland,OR,50000,1,2026-08-19,2026-08-19
orestar-20250101-20260928-787cf45dc908,4792,Tina Kotek,record:ca7af3946f0c58e705f1441b,Marilyn Hawkins,Individual,individual,Ashland,OR,50000,2,2025-06-20,2026-04-23
orestar-20250101-20260928-787cf45dc908,4792,Tina Kotek,record:c0302caa329e717f2fe0b540,Mark Fischl,Individual,individual,Wilsonville,OR,50000,1,2026-09-21,2026-09-21
orestar-20250101-20260928-787cf45dc908,4792,Tina Kotek,record:8c1ea75bf9e3c3df89023e44,Mark Ginsberg,Individual,individual,Portland,OR,50000,1,2026-09-14,2026-09-14
orestar-20250101-20260928-787cf45dc908,4792,Tina Kotek,record:9961bc749b464b9347c50c5c,Martha Pellegrino,Individual,individual,Portland,OR,50000,1,2026-07-22,2026-07-22
orestar-20250101-20260928-787cf45dc908,4792,Tina Kotek,record:a9106fc85874287f57801c6e,Martha Rhea,Individual,individual,Portland,OR,50000,1,2026-08-19,2026-08-19
orestar-20250101-20260928-787cf45dc908,4792,Tina Kotek,record:98f50d1645bae57927efedff,Mary Bramucci,Individual,individual,Portland,OR,50000,1,2025-12-10,2025-12-10
orestar-20250101-20260928-787cf45dc908,4792,Tina Kotek,record:1cb2a53910f7a4c7bedc0e89,Mary Frances Campana,Individual,individual,Corvallis,OR,50000,1,2026-09-02,2026-09-02
orestar-20250101-20260928-787cf45dc908,4792,Tina Kotek,record:1fb99e24bc4b9db7d7f066b5,Mary Hennrich,Individual,individual,Portland,OR,50000,1,2025-07-24,2025-07-24
orestar-20250101-20260928-787cf45dc908,4792,Tina Kotek,record:ff33bb697c4412fb1f1d652c,Mary Jaeger,Individual,individual,Portland,OR,50000,1,2026-07-29,2026-07-29
orestar-20250101-20260928-787cf45dc908,4792,Tina Kotek,record:dab58f9f95b22aa005e89ed4,Mary Lou True,Individual,individual,Tualatin,OR,50000,1,2026-05-28,2026-05-28
orestar-20250101-20260928-787cf45dc908,4792,Tina Kotek,record:cbd6de75319a61c509852d53,Mary Wachter,Individual,individual,Medford,NJ,50000,1,2026-03-18,2026-03-18
orestar-20250101-20260928-787cf45dc908,4792,Tina Kotek,record:237dd3ea98d52af39ee1c29a,Mary Walston,Individual,individual,Eugene,OR,50000,4,2025-10-22,2026-08-05
orestar-20250101-20260928-787cf45dc908,4792,Tina Kotek,record:c049da3bd0309550b472a00a,Matthew Keating,Individual,individual,Eugene,OR,50000,1,2026-04-26,2026-04-26
orestar-20250101-20260928-787cf45dc908,4792,Tina Kotek,record:6b7c3668327af181a6345fb9,Matthew Preusch,Individual,individual,Santa Barbara,CA,50000,1,2025-11-13,2025-11-13
orestar-20250101-20260928-787cf45dc908,4792,Tina Kotek,record:820daf66f4a17958fdded1d5,Maureen Mcclain,Individual,individual,Eugene,OR,50000,1,2026-09-21,2026-09-21
orestar-20250101-20260928-787cf45dc908,4792,Tina Kotek,record:31238a4acae9117565d4ca99,Megan Wever,Individual,individual,Beaverton,OR,50000,1,2025-11-05,2025-11-05
orestar-20250101-20260928-787cf45dc908,4792,Tina Kotek,record:1f3f2cd5f1bf3ac4ba61e764,Melanie Plaut,Individual,individual,Portland,OR,50000,1,2026-09-21,2026-09-21
orestar-20250101-20260928-787cf45dc908,4792,Tina Kotek,record:c7459e500aa5536506b9bbb8,Melissa Vigil,Individual,individual,Albany,OR,50000,1,2026-09-14,2026-09-14
orestar-20250101-20260928-787cf45dc908,4792,Tina Kotek,record:f5cde752349fd61591894105,Merridy McDaniel,Individual,individual,Portland,OR,50000,1,2025-09-21,2025-09-21
orestar-20250101-20260928-787cf45dc908,4792,Tina Kotek,record:a0d7082ac344e0d80506e2e6,Michael Curtis,Individual,individual,Portland,OR,50000,1,2025-10-08,2025-10-08
orestar-20250101-20260928-787cf45dc908,4792,Tina Kotek,record:a170bb400aa72bdf3edcb6d8,Michael Gagarin,Individual,individual,Austin,TX,50000,1,2025-05-19,2025-05-19
orestar-20250101-20260928-787cf45dc908,4792,Tina Kotek,record:1f6ebe92e255bf6f8c900865,Michael Maffei,Individual,individual,San Francisco,CA,50000,1,2026-03-18,2026-03-18
orestar-20250101-20260928-787cf45dc908,4792,Tina Kotek,record:8e65c3f8f937f92206a4f74d,Michael Radway,Individual,individual,Portland,OR,50000,1,2026-09-10,2026-09-10
orestar-20250101-20260928-787cf45dc908,4792,Tina Kotek,record:cbc3cc7f0509fcfabe18236d,Michael Schlax,Individual,individual,Corvallis,OR,50000,1,2026-08-12,2026-08-12
orestar-20250101-20260928-787cf45dc908,4792,Tina Kotek,record:7ed088c58f39b389de40739e,Michael Sullivan,Individual,individual,Oakland,CA,50000,1,2026-04-08,2026-04-08
orestar-20250101-20260928-787cf45dc908,4792,Tina Kotek,record:ea7654e05c72d2d8d37bdfa2,Mike Mills,Individual,individual,Athens,GA,50000,1,2026-08-19,2026-08-19
orestar-20250101-20260928-787cf45dc908,4792,Tina Kotek,record:bff555b33198f329d430b356,Mikki Gillette,Individual,individual,Portland,OR,50000,1,2026-06-10,2026-06-10
orestar-20250101-20260928-787cf45dc908,4792,Tina Kotek,record:c0f011311168e1cf48811fdf,Mimi Lettunich,Individual,individual,Portland,OR,50000,1,2026-05-06,2026-05-06
orestar-20250101-20260928-787cf45dc908,4792,Tina Kotek,record:1e6cf055401f7ab23ef7cbf5,Mohan Grewal,Individual,individual,Portland,OR,50000,1,2026-05-06,2026-05-06
orestar-20250101-20260928-787cf45dc908,4792,Tina Kotek,record:d27b6796e1a22f4d72c11cc3,Molly Kohnstamm,Individual,individual,Portland,OR,50000,1,2026-04-29,2026-04-29
orestar-20250101-20260928-787cf45dc908,4792,Tina Kotek,record:5658ae52c9e786b14c283f2a,Nancy Becker,Individual,individual,Portland,OR,50000,2,2025-05-07,2026-03-25
orestar-20250101-20260928-787cf45dc908,4792,Tina Kotek,record:c462a6ce5079b9f38c9ae49a,Nancy Laird,Individual,individual,Centennial,CO,50000,1,2025-10-23,2025-10-23
orestar-20250101-20260928-787cf45dc908,4792,Tina Kotek,record:07dd85dcecafde7443b4bbcf,Nancy Winston,Individual,individual,Beaverton,OR,50000,1,2026-04-29,2026-04-29
orestar-20250101-20260928-787cf45dc908,4792,Tina Kotek,record:5352d178a51858104969cc09,Naomi Aberly,Individual,individual,Boston,MA,50000,1,2026-08-05,2026-08-05
orestar-20250101-20260928-787cf45dc908,4792,Tina Kotek,record:d53e78f88e49af6c1f4901b9,Naomi Steenson,Individual,individual,Yachats,OR,50000,1,2026-06-24,2026-06-24
orestar-20250101-20260928-787cf45dc908,4792,Tina Kotek,record:ab91b63dfa30af1e068d937a,Natalie Janney,Individual,individual,Salem,OR,50000,1,2025-11-20,2025-11-20
orestar-20250101-20260928-787cf45dc908,4792,Tina Kotek,committee:21691,Nathan Sosa for Oregon (21691),Political Committee,other,Portland,OR,50000,1,2025-07-25,2025-07-25
orestar-20250101-20260928-787cf45dc908,4792,Tina Kotek,record:79b1056a890f81bfe9ac83ac,Neal Olson,Individual,individual,Portland,OR,50000,2,2026-07-29,2026-09-10
orestar-20250101-20260928-787cf45dc908,4792,Tina Kotek,record:ca0621448110f5bfe115e277,Nicholas Gitts,Individual,individual,Canby,OR,50000,1,2026-03-25,2026-03-25
orestar-20250101-20260928-787cf45dc908,4792,Tina Kotek,record:3c2923d54a8b94b595439b6f,Nicholas Paulson,Individual,individual,Portland,OR,50000,1,2026-08-19,2026-08-19
orestar-20250101-20260928-787cf45dc908,4792,Tina Kotek,record:931a547f6727b9512e580c28,Nick Sauvie,Individual,individual,Portland,OR,50000,2,2026-08-19,2026-08-19
orestar-20250101-20260928-787cf45dc908,4792,Tina Kotek,record:e663205d341612cb1997e5d7,Nicole Hughes,Individual,individual,Portland,OR,50000,1,2026-05-28,2026-05-28
orestar-20250101-20260928-787cf45dc908,4792,Tina Kotek,record:24d62248c32a8358be7eb2f5,Olivia Clark,Individual,individual,Portland,OR,50000,1,2025-10-21,2025-10-21
orestar-20250101-20260928-787cf45dc908,4792,Tina Kotek,record:36fcc649924c1304aaccb794,Patricia Dost,Individual,individual,Portland,OR,50000,1,2025-10-22,2025-10-22
orestar-20250101-20260928-787cf45dc908,4792,Tina Kotek,record:9426361bb4a6c0a47093ac44,Patricia Highberg,Individual,individual,Woodstock,VT,50000,1,2025-06-30,2025-06-30
orestar-20250101-20260928-787cf45dc908,4792,Tina Kotek,record:7461881109c32a12aec4b5ce,Patricia Scarci,Individual,individual,Springfield,OR,50000,1,2026-06-17,2026-06-17
orestar-20250101-20260928-787cf45dc908,4792,Tina Kotek,record:2d2d5ea10b07fd9da51f8833,Patricia Schechter,Individual,individual,Portland,OR,50000,1,2026-03-18,2026-03-18
orestar-20250101-20260928-787cf45dc908,4792,Tina Kotek,record:d8cf0f5c8743f5d59bf71818,Paul Cosgrove,Individual,individual,Vancouver,WA,50000,1,2025-07-23,2025-07-23
orestar-20250101-20260928-787cf45dc908,4792,Tina Kotek,record:2d97f8fcf1d6e05bed535439,Paul Garrahan,Individual,individual,Portland,OR,50000,1,2026-09-21,2026-09-21
orestar-20250101-20260928-787cf45dc908,4792,Tina Kotek,record:d4538511c7e57218361db835,Paul Krissel,Individual,individual,Salem,OR,50000,1,2026-09-02,2026-09-02
orestar-20250101-20260928-787cf45dc908,4792,Tina Kotek,record:fabf9cb4d72d7d53abce8d91,Peggy Han,Individual,individual,Campbell,CA,50000,1,2026-04-06,2026-04-06
orestar-20250101-20260928-787cf45dc908,4792,Tina Kotek,record:1ec39f5478fd2aee1fe65464,Penny Serrurier,Individual,individual,Portland,OR,50000,1,2026-09-14,2026-09-14
orestar-20250101-20260928-787cf45dc908,4792,Tina Kotek,record:4df55709b91ebbcb294b2563,Philip Bentley,Individual,individual,Lake Oswego,OR,50000,1,2026-02-04,2026-02-04
orestar-20250101-20260928-787cf45dc908,4792,Tina Kotek,record:9c81a2991112f31da06b298f,Polly Ashworth,Individual,individual,Eugene,OR,50000,1,2026-08-05,2026-08-05
orestar-20250101-20260928-787cf45dc908,4792,Tina Kotek,record:9959a2bbea8403eb89caf699,Praveen Sharabu,Individual,individual,Portland,OR,50000,1,2026-04-22,2026-04-22
orestar-20250101-20260928-787cf45dc908,4792,Tina Kotek,record:68dc02f971aa5ecbb642e5a8,Quita Highsmith,Individual,individual,Brisbane,CA,50000,1,2026-04-06,2026-04-06
orestar-20250101-20260928-787cf45dc908,4792,Tina Kotek,record:e0f3f8f42a6f554142c925bd,Rachel O'Neal,Individual,individual,Scappoose,OR,50000,1,2026-09-02,2026-09-02
orestar-20250101-20260928-787cf45dc908,4792,Tina Kotek,record:55ba3f98e48006d83bb16fb3,Ramakrishna Narisetty,Individual,individual,Portland,OR,50000,1,2026-05-06,2026-05-06
orestar-20250101-20260928-787cf45dc908,4792,Tina Kotek,record:94db4bf87e7eec11518ca41e,Ramesh Nagul,Individual,individual,Portland,OR,50000,1,2026-05-06,2026-05-06
orestar-20250101-20260928-787cf45dc908,4792,Tina Kotek,record:d12ddc874cf5040b04070bd4,Randall Edwards,Individual,individual,Portland,OR,50000,1,2026-08-19,2026-08-19
orestar-20250101-20260928-787cf45dc908,4792,Tina Kotek,record:8db0ece033784565c94b6b53,Rebecca Barclay,Individual,individual,Baltimore,MD,50000,1,2025-06-30,2025-06-30
orestar-20250101-20260928-787cf45dc908,4792,Tina Kotek,record:f587837957a82992cc755f81,Richard Strauss,Individual,individual,Lake Oswego,OR,50000,1,2026-08-19,2026-08-19
orestar-20250101-20260928-787cf45dc908,4792,Tina Kotek,record:06837a41f6ddc92f3b53bfc3,Richelle Luther,Individual,individual,Portland,OR,50000,1,2026-04-01,2026-04-01
orestar-20250101-20260928-787cf45dc908,4792,Tina Kotek,record:2ec53bb48bebb32573df836a,Robert Magee,Individual,individual,San Francisco,CA,50000,1,2026-03-25,2026-03-25
orestar-20250101-20260928-787cf45dc908,4792,Tina Kotek,record:24fe55e4621534dd69978839,Robert Rees,Individual,individual,Oregon City,OR,50000,1,2026-07-01,2026-07-01
orestar-20250101-20260928-787cf45dc908,4792,Tina Kotek,record:25661020cb145b975fac3068,Robin Selig,Individual,individual,Portland,OR,50000,1,2025-04-29,2025-04-29
orestar-20250101-20260928-787cf45dc908,4792,Tina Kotek,record:ca176bc5dcc955b7e3351173,Rod Ramsour,Individual,individual,Portland,OR,50000,1,2025-07-16,2025-07-16
orestar-20250101-20260928-787cf45dc908,4792,Tina Kotek,record:6f6906c512e686f4cb947eb1,Roger Morse,Individual,individual,Happy Valley,OR,50000,1,2026-08-12,2026-08-12
orestar-20250101-20260928-787cf45dc908,4792,Tina Kotek,record:98ad7002cb1ad36de1d31c03,Roger Morse,Individual,individual,Happy Valley,OR,50000,1,2026-07-01,2026-07-01
orestar-20250101-20260928-787cf45dc908,4792,Tina Kotek,record:76498058ae5a0b2f0ff9555c,Ron Cohen,Individual,individual,Mt Hood,OR,50000,1,2026-07-29,2026-07-29
orestar-20250101-20260928-787cf45dc908,4792,Tina Kotek,record:bdf1b3a32b5565431d76e993,Rose Christianson,Individual,individual,Corvallis,OR,50000,1,2025-08-13,2025-08-13
orestar-20250101-20260928-787cf45dc908,4792,Tina Kotek,record:db79ca9d086683c0456740d8,Ryan Fink,Individual,individual,Portland,OR,50000,1,2025-07-23,2025-07-23
orestar-20250101-20260928-787cf45dc908,4792,Tina Kotek,record:7c654daeaf583c74933f2e72,Ryan Palacio,Individual,individual,Portland,OR,50000,1,2025-07-23,2025-07-23
orestar-20250101-20260928-787cf45dc908,4792,Tina Kotek,record:aef60312da0d0513c2d62ff4,Ryan Van Dyk,Individual,individual,Portland,OR,50000,1,2025-07-23,2025-07-23
orestar-20250101-20260928-787cf45dc908,4792,Tina Kotek,record:2408cba1dd7dba95d3c960e6,Sally Hollemon,Individual,individual,Salem,OR,50000,1,2026-03-20,2026-03-20
orestar-20250101-20260928-787cf45dc908,4792,Tina Kotek,record:ea2f4b0c1d448ee75bf3dd26,Sally Hollemon,Individual,individual,Salem,OR,50000,1,2026-07-08,2026-07-08
orestar-20250101-20260928-787cf45dc908,4792,Tina Kotek,record:d0b7518a736b2bea845d97b8,Samuel Kang,Individual,individual,Berkeley,CA,50000,1,2026-01-21,2026-01-21
orestar-20250101-20260928-787cf45dc908,4792,Tina Kotek,record:15369557538502621e70c9e4,Sandi Armstrong,Individual,individual,Sarasota,FL,50000,1,2025-10-16,2025-10-16
orestar-20250101-20260928-787cf45dc908,4792,Tina Kotek,record:20a23c041b5717a8c2a1e9ab,Sandra Austin,Individual,individual,Eugene,OR,50000,1,2026-09-03,2026-09-03
orestar-20250101-20260928-787cf45dc908,4792,Tina Kotek,record:13efdfce2036d26c5d549d15,Sandra Mcdonough,Individual,individual,Portland,OR,50000,1,2026-07-29,2026-07-29
orestar-20250101-20260928-787cf45dc908,4792,Tina Kotek,record:7406556d5283d66c22075a1c,Sandra Pizarro-Carrillo,Individual,individual,Sacrament¿¿,CA,50000,1,2026-03-25,2026-03-25
orestar-20250101-20260928-787cf45dc908,4792,Tina Kotek,record:74736bf2106ea6a6a39f9468,Sandra Wilkens,Individual,individual,Lake Oswego,OR,50000,2,2026-07-02,2026-07-02
orestar-20250101-20260928-787cf45dc908,4792,Tina Kotek,record:8900a6b11ecdbebe23ce6413,Sara Gray,Individual,individual,Portland,OR,50000,1,2026-09-02,2026-09-02
orestar-20250101-20260928-787cf45dc908,4792,Tina Kotek,record:d1b0bcd16ae1d64e7946b30c,Sarah Iannarone,Individual,individual,Portland,OR,50000,1,2025-10-16,2025-10-16
orestar-20250101-20260928-787cf45dc908,4792,Tina Kotek,record:773a76f37131086718a674cc,Sean Stevens,Individual,individual,Portland,OR,50000,1,2026-02-11,2026-02-11
orestar-20250101-20260928-787cf45dc908,4792,Tina Kotek,record:80fbaf7c6720ada877f27453,Severin Borenstein,Individual,individual,Orinda,CA,50000,1,2026-09-21,2026-09-21
orestar-20250101-20260928-787cf45dc908,4792,Tina Kotek,record:594961874be031b99438141d,Shannon Buckmaster,Individual,individual,Tualatin,OR,50000,1,2026-07-15,2026-07-15
orestar-20250101-20260928-787cf45dc908,4792,Tina Kotek,record:521073eb620d134443a8a3ac,Sharon Harker,Individual,individual,Portland,OR,50000,2,2026-07-15,2026-07-15
orestar-20250101-20260928-787cf45dc908,4792,Tina Kotek,record:9beadcf3f356745889d8f370,Shenoa Payne,Individual,individual,Portland,OR,50000,1,2026-09-10,2026-09-10
orestar-20250101-20260928-787cf45dc908,4792,Tina Kotek,record:7d6927fbd22d1531c08dc3b7,Sheri Schouten,Individual,individual,Beaverton,OR,50000,1,2025-07-30,2025-07-30
orestar-20250101-20260928-787cf45dc908,4792,Tina Kotek,record:b3c94c05da76c52b73cb0a78,Sheryl Hansen,Individual,individual,Fairview,OR,50000,2,2026-08-05,2026-09-21
orestar-20250101-20260928-787cf45dc908,4792,Tina Kotek,record:acbbff8e3bed719c0bcf21f1,Sonja Connor,Individual,individual,Portland,OR,50000,1,2025-04-29,2025-04-29
orestar-20250101-20260928-787cf45dc908,4792,Tina Kotek,record:5295592476bdba33590da28a,Stephanie Zaborowski,Individual,individual,Grants Pass,OR,50000,1,2026-07-01,2026-07-01
orestar-20250101-20260928-787cf45dc908,4792,Tina Kotek,record:ded5770d597530ef299ca038,Stephen Brooks,Individual,individual,Portland,OR,50000,1,2026-07-29,2026-07-29
orestar-20250101-20260928-787cf45dc908,4792,Tina Kotek,record:9e38f0a01e340ade8deabf92,Steve Kleier,Individual,individual,Portland,OR,50000,1,2026-04-10,2026-04-10
orestar-20250101-20260928-787cf45dc908,4792,Tina Kotek,record:19ef636f69668fb4494f50d1,Steve Seal,Individual,individual,Portland,OR,50000,1,2026-09-02,2026-09-02
orestar-20250101-20260928-787cf45dc908,4792,Tina Kotek,record:23048455487e593bd3f62f3b,Steven Kassel,Individual,individual,Beaverton,OR,50000,1,2026-06-03,2026-06-03
orestar-20250101-20260928-787cf45dc908,4792,Tina Kotek,record:86396d45168cd6e4c4972453,Susan Ebbs,Individual,individual,Bedford,MA,50000,1,2025-05-19,2025-05-19
orestar-20250101-20260928-787cf45dc908,4792,Tina Kotek,record:c6d3f3f21d924400ef54407a,Susan Masland,Individual,individual,Milwaukee,WI,50000,1,2025-06-23,2025-06-23
orestar-20250101-20260928-787cf45dc908,4792,Tina Kotek,record:307bab50ec25cf2ee9051f40,Susan Pease Banitt,Individual,individual,Portland,OR,50000,1,2026-08-26,2026-08-26
orestar-20250101-20260928-787cf45dc908,4792,Tina Kotek,record:3b299609117747d24a4612f3,Susanna Levin,Individual,individual,Portland,OR,50000,1,2026-05-13,2026-05-13
orestar-20250101-20260928-787cf45dc908,4792,Tina Kotek,record:3fd35db750068520fe1ac007,Suzanne Stevenson,Individual,individual,Portland,OR,50000,1,2026-09-14,2026-09-14
orestar-20250101-20260928-787cf45dc908,4792,Tina Kotek,record:3ce90b29583659aaa44a96fd,Sylvia Sabel,Individual,individual,San Francisco,CA,50000,1,2026-06-25,2026-06-25
orestar-20250101-20260928-787cf45dc908,4792,Tina Kotek,record:3093258b02ce57febdd6fbea,Tamsin Taylor,Individual,individual,Ashland,OR,50000,1,2026-01-21,2026-01-21
orestar-20250101-20260928-787cf45dc908,4792,Tina Kotek,record:f9aa143393f6801bf5844e49,Terrill Hyde,Individual,individual,Bend,OR,50000,1,2026-08-05,2026-08-05
orestar-20250101-20260928-787cf45dc908,4792,Tina Kotek,record:530919613959b1734e4ef20c,The Street Trust,Other,other,Portland,OR,50000,1,2025-10-14,2025-10-14
orestar-20250101-20260928-787cf45dc908,4792,Tina Kotek,record:1c2fadf5e70ad8565b038afc,Thomas Morawski,Individual,individual,Salem,OR,50000,1,2026-08-05,2026-08-05
orestar-20250101-20260928-787cf45dc908,4792,Tina Kotek,record:85fcbc1ad357c0e80b180b7f,Thomas Steele,Individual,individual,Corvallis,OR,50000,1,2026-08-05,2026-08-05
orestar-20250101-20260928-787cf45dc908,4792,Tina Kotek,record:e5378ea4f6bb96911fbb1670,Tim Alvarez,Individual,individual,Medford,OR,50000,1,2025-11-26,2025-11-26
orestar-20250101-20260928-787cf45dc908,4792,Tina Kotek,record:a77c03add9e2a4e9d03c17c4,Tim O'Brien,Individual,individual,Coronado,CA,50000,1,2026-07-15,2026-07-15
orestar-20250101-20260928-787cf45dc908,4792,Tina Kotek,record:6cc8c8f57bfab5fdc3b13e6f,Tim Williams,Individual,individual,Portland,OR,50000,1,2026-06-17,2026-06-17
orestar-20250101-20260928-787cf45dc908,4792,Tina Kotek,record:2af38327b2789799dfaea690,Tobias Forsberg,Individual,individual,Portland,OR,50000,1,2026-08-19,2026-08-19
orestar-20250101-20260928-787cf45dc908,4792,Tina Kotek,record:53d7affcc8d2f21126e8d449,Tracie Shojai,Individual,individual,Eugene,OR,50000,1,2025-10-03,2025-10-03
orestar-20250101-20260928-787cf45dc908,4792,Tina Kotek,record:36d8de1da21d6cd663206e9b,Trevor Phillips,Individual,individual,Salem,OR,50000,1,2025-05-21,2025-05-21
orestar-20250101-20260928-787cf45dc908,4792,Tina Kotek,record:628c912bc5aee0944f080175,Tris Arscott,Individual,individual,Portland,OR,50000,1,2025-07-23,2025-07-23
orestar-20250101-20260928-787cf45dc908,4792,Tina Kotek,record:af1514ec19a6a7b659db0487,Truong Nguyen,Individual,individual,Eugen,OR,50000,1,2026-08-12,2026-08-12
orestar-20250101-20260928-787cf45dc908,4792,Tina Kotek,committee:21690,Unidos we are Together (21690),Political Committee,other,Portland,OR,50000,1,2026-04-29,2026-04-29
orestar-20250101-20260928-787cf45dc908,4792,Tina Kotek,record:b39b11c77d2dbdb8c5cfaa42,Upliftic Energy LLC,Business Entity,business,Portland,OR,50000,1,2026-06-18,2026-06-18
orestar-20250101-20260928-787cf45dc908,4792,Tina Kotek,record:b7655e5b1ee53a3f9a5b328b,Vance Yoakum Jr,Individual,individual,Portland,OR,50000,1,2026-06-17,2026-06-17
orestar-20250101-20260928-787cf45dc908,4792,Tina Kotek,record:19cabafd8e1237b502e37fd9,Vanessa Burt,Individual,individual,Great Falls,VA,50000,1,2026-03-25,2026-03-25
orestar-20250101-20260928-787cf45dc908,4792,Tina Kotek,record:963c9d91cef7e7fb6cefca09,Vans Stevenson,Individual,individual,Bethesda,MD,50000,1,2026-08-26,2026-08-26
orestar-20250101-20260928-787cf45dc908,4792,Tina Kotek,record:3266e7d6fd40ca132504303e,Venkata Sreedha Singam,Individual,individual,Portland,OR,50000,1,2026-05-06,2026-05-06
orestar-20250101-20260928-787cf45dc908,4792,Tina Kotek,record:dde55633100e9ed32acc8e5c,Veronica Hinkes,Individual,individual,Carlton,OR,50000,1,2026-08-12,2026-08-12
orestar-20250101-20260928-787cf45dc908,4792,Tina Kotek,record:6bcc29c38a33dad3cbdd9c4f,Virginia Anderson,Individual,individual,Seattle,WA,50000,1,2026-05-13,2026-05-13
orestar-20250101-20260928-787cf45dc908,4792,Tina Kotek,record:6541c26f3ec1f5a54ce5b8c2,"Walter W McMonies Jr, Attorney at Law",Business Entity,business,Portland,OR,50000,1,2026-06-22,2026-06-22
orestar-20250101-20260928-787cf45dc908,4792,Tina Kotek,record:a2f232984c78d035bdcc4460,Wendy Simmons,Individual,individual,Eugene,OR,50000,2,2026-03-25,2026-04-26
orestar-20250101-20260928-787cf45dc908,4792,Tina Kotek,record:0d562110dd0fc7e7f6d420e1,Western Oregon Builders Association,Other,other,Eugene,OR,50000,1,2025-11-20,2025-11-20
orestar-20250101-20260928-787cf45dc908,4792,Tina Kotek,record:da2fe3669885e18561fd3ae1,William Horton,Individual,individual,Atlanta,GA,50000,1,2026-08-12,2026-08-12
orestar-20250101-20260928-787cf45dc908,4792,Tina Kotek,record:f99548ece30217d702ce4e80,Willie Davis Jr,Individual,individual,Salem,OR,50000,2,2026-03-25,2026-04-01
orestar-20250101-20260928-787cf45dc908,4792,Tina Kotek,record:a49796d5696c4e764fe971d6,Winifred Stragand,Individual,individual,Denver,CO,50000,1,2025-10-23,2025-10-23
orestar-20250101-20260928-787cf45dc908,4792,Tina Kotek,record:fccc803b6f4cfaa56e0857f5,Xiaolong Yao,Individual,individual,Portland,OR,50000,1,2026-09-14,2026-09-14
orestar-20250101-20260928-787cf45dc908,4792,Tina Kotek,record:1888f0b29826b9045c7dc4ff,Will Risser,Individual,individual,Portland,OR,49846,20,2025-03-26,2026-08-19
orestar-20250101-20260928-787cf45dc908,4792,Tina Kotek,record:6c5b8d0a542a07d416ae2e7c,Robert Button,Individual,individual,Portland,OR,49300,7,2025-12-24,2026-09-14
orestar-20250101-20260928-787cf45dc908,4792,Tina Kotek,record:9008243101f592bfbb5b4a7a,Deborah Pierce,Individual,individual,Tucson,AZ,48000,18,2026-06-03,2026-09-21
orestar-20250101-20260928-787cf45dc908,4792,Tina Kotek,record:193812ec534580f0cd2f5689,Terry Jess,Individual,individual,Albany,OR,47500,7,2026-05-20,2026-09-21
orestar-20250101-20260928-787cf45dc908,4792,Tina Kotek,record:0a939c058c5e1bf36000b544,Rebecca Helm,Individual,individual,Portland,OR,46900,14,2025-09-10,2026-09-02
orestar-20250101-20260928-787cf45dc908,4792,Tina Kotek,record:df8657ded7f494e7cd580d9d,Carolyn Dixon,Individual,individual,Portland,OR,46000,11,2026-05-28,2026-09-14
orestar-20250101-20260928-787cf45dc908,4792,Tina Kotek,record:87a5861ff94a5a316dba0cba,Eva Kripalani,Individual,individual,Portland,OR,46000,2,2025-07-23,2026-04-06
orestar-20250101-20260928-787cf45dc908,4792,Tina Kotek,record:0f79131c94f92a59860832d5,Susan Cundiff,Individual,individual,Eugene,OR,46000,3,2025-10-10,2026-09-21
orestar-20250101-20260928-787cf45dc908,4792,Tina Kotek,record:6603ccf21956ffc276368097,Billie Jo Smith,Individual,individual,Toledo,OR,45900,6,2026-07-01,2026-09-21
orestar-20250101-20260928-787cf45dc908,4792,Tina Kotek,record:72f099b5971bc6017629bc5d,Wint Dillon,Individual,individual,Willamina,OR,45500,19,2025-10-16,2026-09-21
orestar-20250101-20260928-787cf45dc908,4792,Tina Kotek,record:5a306e64030a5c12110af2bf,Aleita Hass-Holcombe,Individual,individual,Corvallis,OR,45000,3,2025-11-05,2026-08-12
orestar-20250101-20260928-787cf45dc908,4792,Tina Kotek,record:a8651cd496e795beee6ecaa5,Catherine Miner,Individual,individual,Eugene,OR,45000,3,2026-05-20,2026-09-21
orestar-20250101-20260928-787cf45dc908,4792,Tina Kotek,record:2227445600a9b7d816fabba4,Darlene Chirman,Individual,individual,Portland,OR,45000,2,2026-01-28,2026-05-28
orestar-20250101-20260928-787cf45dc908,4792,Tina Kotek,record:54142f37158235b8562da925,Doug Mckenzie,Individual,individual,Bandon,OR,45000,2,2026-02-04,2026-07-01
orestar-20250101-20260928-787cf45dc908,4792,Tina Kotek,record:ea7204782caaa7162a435fd7,Jane Cease,Individual,individual,Portland,OR,45000,2,2025-04-29,2026-07-30
orestar-20250101-20260928-787cf45dc908,4792,Tina Kotek,record:c2f5f081ff9f7b11a3a7208b,Janice Milani,Individual,individual,Portland,OR,45000,2,2026-06-29,2026-09-18
orestar-20250101-20260928-787cf45dc908,4792,Tina Kotek,record:e7d1f72421dcf190508904cb,Katherine Russell,Individual,individual,Redmond,OR,45000,2,2026-09-02,2026-09-21
orestar-20250101-20260928-787cf45dc908,4792,Tina Kotek,record:a6c1188054995352773e1747,Kenneth Burch,Individual,individual,Olympia,WA,45000,20,2025-12-31,2026-09-14
orestar-20250101-20260928-787cf45dc908,4792,Tina Kotek,record:c49ec110c63d4af74e141830,Margaret Hallock,Individual,individual,Eugene,OR,45000,3,2026-03-25,2026-08-19
orestar-20250101-20260928-787cf45dc908,4792,Tina Kotek,record:ce55c69916ca6e790d3a3e9d,Mark Roland,Individual,individual,Eugene,OR,45000,2,2026-07-17,2026-09-21
orestar-20250101-20260928-787cf45dc908,4792,Tina Kotek,record:91a2bf519d68544baadbda4b,Wayne Anderson,Individual,individual,Albany,OR,45000,20,2025-07-02,2026-09-18
orestar-20250101-20260928-787cf45dc908,4792,Tina Kotek,record:8dea67561df4df524e35e1fa,Ava Jensen,Individual,individual,Tempe,AZ,42500,10,2026-05-13,2026-09-14
orestar-20250101-20260928-787cf45dc908,4792,Tina Kotek,record:128f6432c1a994a7d43da550,Ellen Starr,Individual,individual,Canby,OR,42500,7,2026-06-24,2026-09-10
orestar-20250101-20260928-787cf45dc908,4792,Tina Kotek,record:5d30043c78d304bd90c03708,James Williamson,Individual,individual,Aloha,OR,42500,4,2025-12-10,2026-09-21
orestar-20250101-20260928-787cf45dc908,4792,Tina Kotek,record:65f439f1c35aa73ec76fcaaf,Kim Larsen,Individual,individual,Eugene,OR,42500,8,2026-08-12,2026-09-21
orestar-20250101-20260928-787cf45dc908,4792,Tina Kotek,record:f441ccf285b9c1ba97ed1149,Michael Straw,Individual,individual,Joseph,OR,42500,4,2026-07-29,2026-09-21
orestar-20250101-20260928-787cf45dc908,4792,Tina Kotek,record:9d1eb2fe92eb53d55318560a,Rich Heaney,Individual,individual,Lebanon,OR,42500,6,2026-07-29,2026-09-21
orestar-20250101-20260928-787cf45dc908,4792,Tina Kotek,record:eb47315b1704ce14bf085a91,Paul Holvey,Individual,individual,Eugene,OR,42000,2,2025-10-10,2025-10-10
orestar-20250101-20260928-787cf45dc908,4792,Tina Kotek,record:725f1b5b9116125c0a80bc5e,Phyllis Haddox,Individual,individual,Eugene,OR,41400,3,2025-11-05,2026-09-14
orestar-20250101-20260928-787cf45dc908,4792,Tina Kotek,record:565c0353a080c8b613c0d76d,Jeremy Mcpherson,Individual,individual,Portland,OR,41000,7,2026-07-29,2026-09-10
orestar-20250101-20260928-787cf45dc908,4792,Tina Kotek,record:a61e7e7edcff64f87be970d3,Patrick Kennedy,Individual,individual,Bend,OR,40800,25,2026-06-17,2026-09-21
orestar-20250101-20260928-787cf45dc908,4792,Tina Kotek,record:7a12224c2312d3698580ff3f,Bill Chadwick,Individual,individual,Newport,OR,40000,2,2025-11-20,2026-07-08
orestar-20250101-20260928-787cf45dc908,4792,Tina Kotek,committee:16882,Central Oregon Small Business PAC (16882),Political Committee,other,Bend,OR,40000,1,2026-09-21,2026-09-21
orestar-20250101-20260928-787cf45dc908,4792,Tina Kotek,record:2b1c8abef99a8e13c23425e4,Charles Roberts,Individual,individual,Bend,OR,40000,1,2026-09-10,2026-09-10
orestar-20250101-20260928-787cf45dc908,4792,Tina Kotek,record:18a6211a423b0e7568c5b220,Craig Anderson,Individual,individual,Newberg,OR,40000,4,2026-05-06,2026-09-21
orestar-20250101-20260928-787cf45dc908,4792,Tina Kotek,record:0b79368dc21f54f617b60e6c,Daniel Beck,Individual,individual,Lincoln City,OR,40000,6,2025-10-03,2026-07-08
orestar-20250101-20260928-787cf45dc908,4792,Tina Kotek,record:d60384f1a5fe6d6556735fbd,David Lane,Individual,individual,Ashland,OR,40000,2,2026-08-19,2026-09-21
orestar-20250101-20260928-787cf45dc908,4792,Tina Kotek,record:c0711b6221e1dfffc1924650,Fran Willis,Individual,individual,Sisters,OR,40000,3,2026-09-02,2026-09-10
orestar-20250101-20260928-787cf45dc908,4792,Tina Kotek,record:b7b4a2231ed64f528380994e,Hannah Henderson,Individual,individual,Bryn Mawr,PA,40000,1,2025-11-05,2025-11-05
orestar-20250101-20260928-787cf45dc908,4792,Tina Kotek,record:7fbf7f12f44cac20f1fd3304,Jack Gray,Individual,individual,Noti,OR,40000,1,2026-08-04,2026-08-04
orestar-20250101-20260928-787cf45dc908,4792,Tina Kotek,record:dad9f8c0f4e5a8e10b983442,Jane Gravel,Individual,individual,Beaverton,OR,40000,2,2026-08-19,2026-09-21
orestar-20250101-20260928-787cf45dc908,4792,Tina Kotek,record:ec57b89a6a18ad3b3390feb5,Jo Ann Weaver,Individual,individual,Milwaukie,OR,40000,2,2025-03-03,2026-09-16
orestar-20250101-20260928-787cf45dc908,4792,Tina Kotek,record:11af9532856f24cae5eac8d8,Lauren Clarke,Individual,individual,Portland,OR,40000,2,2025-10-03,2026-05-20
orestar-20250101-20260928-787cf45dc908,4792,Tina Kotek,record:87708ac2c2311bd57a542ec5,Lia Schnipper,Individual,individual,Portland,OR,40000,3,2026-06-24,2026-08-12
orestar-20250101-20260928-787cf45dc908,4792,Tina Kotek,record:d3ce36b007f3f8bc56677d87,Marilyn Pitts,Individual,individual,Portland,OR,40000,1,2026-07-15,2026-07-15
orestar-20250101-20260928-787cf45dc908,4792,Tina Kotek,record:b55e89e97f6cfeadf1131c37,Marjorie Kucinski,Individual,individual,Eugene,OR,40000,12,2025-06-11,2026-09-10
orestar-20250101-20260928-787cf45dc908,4792,Tina Kotek,record:813a2f6ffd5f35d011e8f39d,Marla Struebin,Individual,individual,Salem,OR,40000,2,2026-07-09,2026-09-17
orestar-20250101-20260928-787cf45dc908,4792,Tina Kotek,record:5aba4e2ec38f75b532a412c3,Mary Jacks,Individual,individual,Redmond,OR,40000,4,2025-06-23,2026-08-21
orestar-20250101-20260928-787cf45dc908,4792,Tina Kotek,record:d891992bdf178341d07587ff,Milton Mackett,Individual,individual,Oregon City,OR,40000,5,2025-02-26,2026-09-21
orestar-20250101-20260928-787cf45dc908,4792,Tina Kotek,record:c4bd21c3ca77bbd6a267f260,Paul Wertz,Individual,individual,Eugene,OR,40000,2,2026-09-14,2026-09-14
orestar-20250101-20260928-787cf45dc908,4792,Tina Kotek,record:0208729e9a81afc3ad89df7a,Peter Edberg,Individual,individual,Portland,OR,40000,1,2026-09-02,2026-09-02
orestar-20250101-20260928-787cf45dc908,4792,Tina Kotek,record:6f455959cdfb3700617e82d7,Robert Ringland,Individual,individual,Portland,OR,40000,5,2026-06-10,2026-09-21
orestar-20250101-20260928-787cf45dc908,4792,Tina Kotek,record:911f8ad621d8a070e267bb15,Robin Castro,Individual,individual,Portland,OR,40000,4,2026-04-29,2026-07-01
orestar-20250101-20260928-787cf45dc908,4792,Tina Kotek,record:eee8e6faf74a346688f46029,Thomas Crowder,Individual,individual,Lake Oswego,OR,40000,2,2026-05-11,2026-06-25
orestar-20250101-20260928-787cf45dc908,4792,Tina Kotek,record:9fbe4f7a672de2e28debdfc5,Toni Brown,Individual,individual,Walterville,OR,40000,2,2025-12-11,2026-04-27
orestar-20250101-20260928-787cf45dc908,4792,Tina Kotek,record:153592651aa08bb2336ecc5b,David Klick,Individual,individual,Portland,OR,39600,29,2025-10-01,2026-09-21
orestar-20250101-20260928-787cf45dc908,4792,Tina Kotek,record:7e678a51a2f6ee87fdce0edd,Robin K Wolf,Individual,individual,Wilsonville,OR,39200,12,2026-07-08,2026-09-21
orestar-20250101-20260928-787cf45dc908,4792,Tina Kotek,record:a6331e6add4c6f8f50895d8a,James Barta,Individual,individual,Portland,OR,38600,4,2025-12-03,2026-09-02
orestar-20250101-20260928-787cf45dc908,4792,Tina Kotek,record:c6d65609ea8928075ae635fb,Barbara Saigo,Individual,individual,Medford,OR,38500,4,2025-05-20,2026-09-02
orestar-20250101-20260928-787cf45dc908,4792,Tina Kotek,record:7c3faa6f98e8a28d5e71d8f8,Ruth Conrad,Individual,individual,Portland,OR,38500,12,2025-10-08,2026-09-10
orestar-20250101-20260928-787cf45dc908,4792,Tina Kotek,record:4a596db7fd3b64201aa77c4b,Eric Cooley,Individual,individual,Tigard,OR,37550,21,2025-06-18,2026-09-14
orestar-20250101-20260928-787cf45dc908,4792,Tina Kotek,record:da0959dc6cd9c174bdc9fdf0,Brian Taylor,Individual,individual,Portland,OR,37500,9,2026-07-01,2026-09-14
orestar-20250101-20260928-787cf45dc908,4792,Tina Kotek,record:a9490d74364206c75becdb68,Jinxiang Ren,Individual,individual,Salem,OR,37500,6,2026-05-20,2026-09-14
orestar-20250101-20260928-787cf45dc908,4792,Tina Kotek,record:c414bbb62484994726fbcedd,Joan Wikler,Individual,individual,Portland,OR,37500,10,2026-07-15,2026-09-21
orestar-20250101-20260928-787cf45dc908,4792,Tina Kotek,record:2e0b5bbed7586255d3c49a14,Kay Abramowitz,Individual,individual,Portland,OR,37500,6,2026-07-01,2026-09-14
orestar-20250101-20260928-787cf45dc908,4792,Tina Kotek,record:effb7952f4d6492e64645588,Susan Szott,Individual,individual,Ashland,OR,37500,14,2025-05-28,2026-09-21
orestar-20250101-20260928-787cf45dc908,4792,Tina Kotek,record:bf8f76926ae4e8158fb0a0a9,Susan Troccolo,Individual,individual,Lake Oswego,OR,37500,6,2026-04-22,2026-08-19
orestar-20250101-20260928-787cf45dc908,4792,Tina Kotek,record:8b6db877ae70f17d7b28108c,William Buskirk,Individual,individual,Eugene,OR,37500,13,2025-09-04,2026-09-21
orestar-20250101-20260928-787cf45dc908,4792,Tina Kotek,record:d1d061ebbd233f433cfff9bb,Karen Sieradski,Individual,individual,Eugene,OR,37000,9,2025-12-28,2026-09-02
orestar-20250101-20260928-787cf45dc908,4792,Tina Kotek,record:6f005b42013064b633821d1c,Merry Lojkovic,Individual,individual,Coos Bay,OR,37000,2,2026-08-19,2026-09-02
orestar-20250101-20260928-787cf45dc908,4792,Tina Kotek,record:406072f23fe6dc765ba80335,Pamela Taylor,Individual,individual,Sedona,AZ,37000,38,2025-06-18,2026-09-21
orestar-20250101-20260928-787cf45dc908,4792,Tina Kotek,record:b7e5ab537e8d3fa178bbb012,Richard Everts,Individual,individual,Eugene,OR,36900,40,2025-07-30,2026-09-14
orestar-20250101-20260928-787cf45dc908,4792,Tina Kotek,record:a56a7afa84c6c2d9d4890178,Roberta Kuegler,Individual,individual,Medford,OR,36000,10,2025-07-07,2026-08-26
orestar-20250101-20260928-787cf45dc908,4792,Tina Kotek,record:40f38c27b3079c099122bb2b,Allen Johnson,Individual,individual,Eugene,OR,35000,7,2026-03-11,2026-09-10
orestar-20250101-20260928-787cf45dc908,4792,Tina Kotek,record:c832607b92c4de1d01161e4f,Ann Mcmann,Individual,individual,Coos Bay,OR,35000,6,2025-07-09,2026-09-21
orestar-20250101-20260928-787cf45dc908,4792,Tina Kotek,record:b3000b67f04885e4d4ed6c48,Anthony Forte,Individual,individual,Brambleton,VA,35000,7,2025-08-06,2026-07-01
orestar-20250101-20260928-787cf45dc908,4792,Tina Kotek,record:976c2bf16e9b6ec02454ccb1,Christine Steele,Individual,individual,Portland,OR,35000,2,2026-08-26,2026-09-02
orestar-20250101-20260928-787cf45dc908,4792,Tina Kotek,record:1c823a30c1f5d62ff5983145,David Wilder,Individual,individual,Happy Valley,OR,35000,2,2025-03-03,2026-06-29
orestar-20250101-20260928-787cf45dc908,4792,Tina Kotek,record:3a7a7a1e65f0245176af072c,Donna Silverberg,Individual,individual,Mount Hood Parkdale,OR,35000,2,2025-04-04,2026-09-21
orestar-20250101-20260928-787cf45dc908,4792,Tina Kotek,record:15d3ae88165c2bb5dfd1aae8,Ellen Stauder,Individual,individual,Beaverton,OR,35000,2,2026-08-05,2026-09-21
orestar-20250101-20260928-787cf45dc908,4792,Tina Kotek,record:5e339c8ddd1266c155ca40a2,Eric Rosenfeld,Individual,individual,Portland,OR,35000,1,2025-12-10,2025-12-10
orestar-20250101-20260928-787cf45dc908,4792,Tina Kotek,record:61bc223e37c398d0239ba7b9,George Davis,Individual,individual,Santa Monica,CA,35000,1,2026-09-14,2026-09-14
orestar-20250101-20260928-787cf45dc908,4792,Tina Kotek,record:fbcbba3bd5652001f2c48412,Ginnie Cooper,Individual,individual,Portland,OR,35000,2,2026-09-14,2026-09-21
orestar-20250101-20260928-787cf45dc908,4792,Tina Kotek,record:5d1ac93f4b2e657dec75c6ad,Gordon Gray,Individual,individual,Ashland,OR,35000,2,2025-05-28,2025-12-28
orestar-20250101-20260928-787cf45dc908,4792,Tina Kotek,record:bbfa3573e1aac2b727661565,Holly Pence,Individual,individual,Portland,OR,35000,7,2026-03-11,2026-09-10
orestar-20250101-20260928-787cf45dc908,4792,Tina Kotek,record:9c4dc6878228df031477246d,John Holing,Individual,individual,Glide,OR,35000,2,2026-02-05,2026-07-20
orestar-20250101-20260928-787cf45dc908,4792,Tina Kotek,record:01e39ec146d0d34c7093c403,Joseph Michael Mills,Individual,individual,North Bend,OR,35000,7,2025-12-28,2026-09-02
orestar-20250101-20260928-787cf45dc908,4792,Tina Kotek,record:2f078e8fd59b4514dcbeaecd,Lidona Wagner,Individual,individual,Eugene,OR,35000,7,2026-03-13,2026-09-14
orestar-20250101-20260928-787cf45dc908,4792,Tina Kotek,record:50c52780faa0cd59417f89a8,Lisa Steenson,Individual,individual,West Linn,OR,35000,2,2026-05-06,2026-05-13
orestar-20250101-20260928-787cf45dc908,4792,Tina Kotek,record:30d298a14b9d4d56c43d7c7c,Lydia Grimm,Individual,individual,Portland,OR,35000,3,2026-09-10,2026-09-21
orestar-20250101-20260928-787cf45dc908,4792,Tina Kotek,record:1387d78ea440c522ca2d4997,Norma Dulin,Individual,individual,Portland,OR,35000,1,2026-08-12,2026-08-12
orestar-20250101-20260928-787cf45dc908,4792,Tina Kotek,record:a66dd2d7be77196c88382e0f,Peter Bennett,Individual,individual,Portland,OR,35000,7,2026-03-11,2026-09-10
orestar-20250101-20260928-787cf45dc908,4792,Tina Kotek,record:1454fdeec5b6f58655febe37,Robert Bosworth,Individual,individual,Portland,OR,35000,4,2025-09-04,2026-09-21
orestar-20250101-20260928-787cf45dc908,4792,Tina Kotek,record:e77d1e8fcd4c55d7ae7c141e,Robert Mcconnell,Individual,individual,Cottage Grove,OR,35000,2,2025-12-10,2026-05-28
orestar-20250101-20260928-787cf45dc908,4792,Tina Kotek,record:ac2843f069076ad2af3975d6,Sarabelle Hitchner,Individual,individual,Portland,OR,35000,2,2026-04-08,2026-08-26
orestar-20250101-20260928-787cf45dc908,4792,Tina Kotek,record:4b470c20acbe933c159f6879,Scott Reichlin,Individual,individual,Salem,OR,35000,6,2025-04-04,2026-09-14
orestar-20250101-20260928-787cf45dc908,4792,Tina Kotek,record:a0d96e2f7c4c7ac944976342,Susan Campbell,Individual,individual,Portland,OR,35000,2,2026-08-05,2026-09-21
orestar-20250101-20260928-787cf45dc908,4792,Tina Kotek,record:49aa0fcfd740800306da7077,Susan Onikama,Individual,individual,Roseburg,OR,35000,17,2026-05-28,2026-09-21
orestar-20250101-20260928-787cf45dc908,4792,Tina Kotek,record:261b742e2a043cdec280dae3,William Clendenen,Individual,individual,Lake Oswego,OR,35000,2,2026-04-06,2026-07-01
orestar-20250101-20260928-787cf45dc908,4792,Tina Kotek,record:73bb42edc1d00d5187d744a0,William Houston,Individual,individual,Bend,OR,35000,2,2025-10-16,2025-11-05
orestar-20250101-20260928-787cf45dc908,4792,Tina Kotek,record:25bbc60cfaa3ccd990e0f34f,Vicki Baker,Individual,individual,Astoria,OR,34200,4,2026-07-29,2026-09-02
orestar-20250101-20260928-787cf45dc908,4792,Tina Kotek,record:1e4a0e9d959eb26a0bfec410,Julie Hawkins,Individual,individual,Gladstone,OR,34000,16,2025-06-04,2026-09-21
orestar-20250101-20260928-787cf45dc908,4792,Tina Kotek,record:035d4bc380d0b00d33e54174,Jane Moore,Individual,individual,Portland,OR,33800,27,2025-08-20,2026-09-02
orestar-20250101-20260928-787cf45dc908,4792,Tina Kotek,record:52528c1719bfc09014efa5e4,Christine Parker,Individual,individual,Beaverton,OR,33500,8,2026-05-06,2026-09-21
orestar-20250101-20260928-787cf45dc908,4792,Tina Kotek,record:d17d60cff7be2ef003a24172,Deina Underhill,Individual,individual,Nehalem,OR,33226,10,2026-04-22,2026-09-21
orestar-20250101-20260928-787cf45dc908,4792,Tina Kotek,record:61747b23895faedbbb434068,Craig Randall,Individual,individual,Lyons,OR,33000,5,2026-06-03,2026-09-21
orestar-20250101-20260928-787cf45dc908,4792,Tina Kotek,record:d8c7c9425100485ee7895371,David Pedersen,Individual,individual,Portland,OR,33000,8,2025-06-18,2025-12-31
orestar-20250101-20260928-787cf45dc908,4792,Tina Kotek,record:a4643c24db627da3c832e3db,Alan Tresidder,Individual,individual,Spokane,WA,32500,7,2026-03-25,2026-09-21
orestar-20250101-20260928-787cf45dc908,4792,Tina Kotek,record:553f645b0193b26860adc240,Don Mathes,Individual,individual,Fall Creek,OR,32500,8,2026-04-15,2026-09-14
orestar-20250101-20260928-787cf45dc908,4792,Tina Kotek,record:730d5832435e94eb6fde335f,Emily Howell,Individual,individual,Portland,OR,32500,13,2025-05-21,2026-09-21
orestar-20250101-20260928-787cf45dc908,4792,Tina Kotek,record:01ff41cb90f72eba679bdd8d,Kevin Sullivan,Individual,individual,Nehalem,OR,32500,6,2025-06-04,2026-09-02
orestar-20250101-20260928-787cf45dc908,4792,Tina Kotek,record:a0d1a6ec35b10bf5281d7310,Linda Nishioka,Individual,individual,Salem,OR,32500,3,2025-06-04,2026-09-21
orestar-20250101-20260928-787cf45dc908,4792,Tina Kotek,record:c5e20e57c94c012228a4107e,Mary Clooten,Individual,individual,Pendleton,OR,32500,13,2025-05-21,2026-09-21
orestar-20250101-20260928-787cf45dc908,4792,Tina Kotek,record:c574b1fb2270003fb0719f35,Paul Halverson,Individual,individual,Portland,OR,32500,3,2025-10-22,2026-09-10
orestar-20250101-20260928-787cf45dc908,4792,Tina Kotek,record:d42d97015d08039ae26f0479,Rachel Currans-Henry,Individual,individual,Portland,OR,32500,7,2025-12-03,2026-08-05
orestar-20250101-20260928-787cf45dc908,4792,Tina Kotek,record:bcac38d3cd7c8c6a298dd25b,Susan Hanset,Individual,individual,Maywood Park,OR,32500,13,2025-05-14,2026-09-14
orestar-20250101-20260928-787cf45dc908,4792,Tina Kotek,record:7df908aa0eb76bb4caa5630e,Anne Squier,Individual,individual,Portland,OR,32000,4,2025-10-22,2026-09-10
orestar-20250101-20260928-787cf45dc908,4792,Tina Kotek,record:5841d6be5a8b65ca09bae914,Gayle Sheller,Individual,individual,Cornelius,OR,32000,10,2026-04-01,2026-09-02
orestar-20250101-20260928-787cf45dc908,4792,Tina Kotek,record:2d51517e34050b31c2830303,Kathy Mulder,Individual,individual,Fairview,OR,31500,8,2025-09-04,2026-09-21
orestar-20250101-20260928-787cf45dc908,4792,Tina Kotek,record:66176404880ef094ad50c933,Richard Gano,Individual,individual,Canby,OR,31100,7,2026-09-21,2026-09-21
orestar-20250101-20260928-787cf45dc908,4792,Tina Kotek,record:d9ed4ed1e2410b8b51fe6151,John Holing,Individual,individual,Glide,OR,31000,3,2026-09-02,2026-09-21
orestar-20250101-20260928-787cf45dc908,4792,Tina Kotek,record:f3c79e65dd3103045746d938,Shannon Nelson-Deighan,Individual,individual,Hood River,OR,31000,7,2026-07-29,2026-09-21
orestar-20250101-20260928-787cf45dc908,4792,Tina Kotek,record:65e6469b0114aef0e08f3577,Alan Boe,Individual,individual,Bend,OR,30000,3,2026-07-15,2026-09-14
orestar-20250101-20260928-787cf45dc908,4792,Tina Kotek,record:f3fccf5ea64aa5faae27de40,Alison Hohengarten,Individual,individual,Bend,OR,30000,1,2026-07-01,2026-07-01
orestar-20250101-20260928-787cf45dc908,4792,Tina Kotek,record:0a3383affac16b7d7f85e648,Anne Michalski,Individual,individual,Eugene,OR,30000,2,2025-11-17,2026-07-06
orestar-20250101-20260928-787cf45dc908,4792,Tina Kotek,record:3f91057fc3d35c73b67bd04b,Barbara Roberts,Individual,individual,Eugene,OR,30000,1,2026-09-17,2026-09-17
orestar-20250101-20260928-787cf45dc908,4792,Tina Kotek,record:0521ee2e92a15c6b2262b6fc,Barbara Ryberg,Individual,individual,Portland,OR,30000,3,2025-11-20,2026-09-17
orestar-20250101-20260928-787cf45dc908,4792,Tina Kotek,record:967f3e30a336e8eabdf239f3,Brian Caughey,Individual,individual,Eugene,OR,30000,2,2026-06-17,2026-09-02
orestar-20250101-20260928-787cf45dc908,4792,Tina Kotek,record:1eb8d3973cd9a5b67bb2cbfe,Carolyn Bunker,Individual,individual,Portland,OR,30000,3,2026-07-01,2026-07-15
orestar-20250101-20260928-787cf45dc908,4792,Tina Kotek,record:3255a42e57403e3df94e0567,Constantin Severe,Individual,individual,Portland,OR,30000,2,2026-09-02,2026-09-02
orestar-20250101-20260928-787cf45dc908,4792,Tina Kotek,record:b122a92aa82c2d09d8da9a32,Daniel Kenlon,Individual,individual,Portland,OR,30000,3,2026-07-22,2026-09-10
orestar-20250101-20260928-787cf45dc908,4792,Tina Kotek,record:f3c16a251f98768f987af278,David Canoy,Individual,individual,Salem,OR,30000,3,2025-12-31,2026-09-02
orestar-20250101-20260928-787cf45dc908,4792,Tina Kotek,record:28078ea0a390009c6ca225bc,Debra Bergquist,Individual,individual,Rockaway Beach,OR,30000,1,2026-09-18,2026-09-18
orestar-20250101-20260928-787cf45dc908,4792,Tina Kotek,record:8a756771fb750af7fbbc8513,Dennis Tribble,Individual,individual,Estacada,OR,30000,3,2025-10-30,2026-09-11
orestar-20250101-20260928-787cf45dc908,4792,Tina Kotek,record:7be41237179530b09e5cd9ab,Dustin Zimmerman,Individual,individual,Portland,OR,30000,1,2025-07-23,2025-07-23
orestar-20250101-20260928-787cf45dc908,4792,Tina Kotek,record:8f9bd5483bbd07a5eeed5ac7,Elizabeth Blake,Individual,individual,Boston,MA,30000,1,2025-06-09,2025-06-09
orestar-20250101-20260928-787cf45dc908,4792,Tina Kotek,record:810585c7f5374621f1b7db1f,Elizabeth Shelton,Individual,individual,Salem,OR,30000,3,2026-04-22,2026-08-19
orestar-20250101-20260928-787cf45dc908,4792,Tina Kotek,record:02619e9f8e9338dd88f706de,Evelyn Orr,Individual,individual,Forest Grove,OR,30000,2,2026-03-11,2026-05-06
orestar-20250101-20260928-787cf45dc908,4792,Tina Kotek,record:01419a7dc63ed39a8e1ae31c,George Tyler,Individual,individual,Phoenix,AZ,30000,1,2026-08-12,2026-08-12
orestar-20250101-20260928-787cf45dc908,4792,Tina Kotek,record:d9f78c1f5a187632ce2f0136,Grace Crunican,Individual,individual,Beaverton,OR,30000,1,2025-10-16,2025-10-16
orestar-20250101-20260928-787cf45dc908,4792,Tina Kotek,record:a7d09bac4ad0c1f09b3b2720,Gregory Nika,Individual,individual,Portland,OR,30000,3,2026-03-18,2026-05-20
orestar-20250101-20260928-787cf45dc908,4792,Tina Kotek,record:e9f4cdd609374e5608175857,Hoa Tran,Individual,individual,Stephenson,VA,30000,1,2025-10-06,2025-10-06
orestar-20250101-20260928-787cf45dc908,4792,Tina Kotek,record:bc95c8e32ed65589b2f66e71,Holloway Huntley,Individual,individual,Portland,OR,30000,2,2025-06-25,2025-12-10
orestar-20250101-20260928-787cf45dc908,4792,Tina Kotek,record:ba0775ac16adb65dedda14dd,Howard Saxion,Individual,individual,Eugene,OR,30000,2,2025-10-22,2026-09-21
orestar-20250101-20260928-787cf45dc908,4792,Tina Kotek,record:b6a17eedecacd46f653924c1,Jane Minard,Individual,individual,Salem,OR,30000,12,2025-06-04,2026-09-02
orestar-20250101-20260928-787cf45dc908,4792,Tina Kotek,record:520668ae5b8422baf715b1f7,Jeanne Haster,Individual,individual,Portland,OR,30000,1,2026-08-19,2026-08-19
orestar-20250101-20260928-787cf45dc908,4792,Tina Kotek,record:4874d790856a07f80db0dbd7,Joseph Gretsch,Individual,individual,Portland,OR,30000,1,2025-10-22,2025-10-22
orestar-20250101-20260928-787cf45dc908,4792,Tina Kotek,record:1eaa62ee3f31b129124e9d38,Joyce Mason,Individual,individual,Wilsonville,OR,30000,4,2026-07-08,2026-08-26
orestar-20250101-20260928-787cf45dc908,4792,Tina Kotek,record:2f6cce4aaaeeb75a7f743ea0,Judith Clark,Individual,individual,Wilsonville,OR,30000,3,2026-05-20,2026-09-21
orestar-20250101-20260928-787cf45dc908,4792,Tina Kotek,record:84d871cecf9a7992f9d0a5d4,Kori Rodley,Individual,individual,Springfield,OR,30000,2,2025-10-08,2026-04-06
orestar-20250101-20260928-787cf45dc908,4792,Tina Kotek,record:8d5d70b267e445744eba6663,Laura Guillory,Individual,individual,Glendale,CA,30000,1,2025-08-08,2025-08-08
orestar-20250101-20260928-787cf45dc908,4792,Tina Kotek,record:2f22c0c0b545467a88fce715,Linda Fildes,Individual,individual,Lake Oswego,OR,30000,3,2026-07-02,2026-09-10
orestar-20250101-20260928-787cf45dc908,4792,Tina Kotek,record:165257a048e23e4822847486,Linda M Vigliotti,Individual,individual,Sisters,OR,30000,2,2026-09-10,2026-09-21
orestar-20250101-20260928-787cf45dc908,4792,Tina Kotek,record:bda3e2e74d83cd430ae4a0d9,Loretta Nicklin,Individual,individual,Portland,OR,30000,3,2026-07-13,2026-09-21
orestar-20250101-20260928-787cf45dc908,4792,Tina Kotek,record:f8bf451ff085e82b78d176dd,Mark Fristedt,Individual,individual,Portland,OR,30000,3,2026-07-29,2026-09-14
orestar-20250101-20260928-787cf45dc908,4792,Tina Kotek,record:23e76afb9afd191f6b398a2f,Mark Wigg,Individual,individual,Salem,OR,30000,2,2026-05-30,2026-09-02
orestar-20250101-20260928-787cf45dc908,4792,Tina Kotek,record:f63ab844921b6328fba2a63f,Melinda Mccoy,Individual,individual,Portland,OR,30000,3,2026-07-15,2026-09-14
orestar-20250101-20260928-787cf45dc908,4792,Tina Kotek,record:454b4ebf15d2a3bc421443aa,Michael Glass,Individual,individual,Glen Ellyn,IL,30000,1,2026-09-22,2026-09-22
orestar-20250101-20260928-787cf45dc908,4792,Tina Kotek,record:7c70acc63816378f91d8bd84,Michael Viera,Individual,individual,Portland,OR,30000,1,2026-09-14,2026-09-14
orestar-20250101-20260928-787cf45dc908,4792,Tina Kotek,record:34219e442217a8562b0f2825,Mike Dilger,Individual,individual,Eugene,OR,30000,1,2025-10-22,2025-10-22
orestar-20250101-20260928-787cf45dc908,4792,Tina Kotek,record:a3ad0003fc0865945ab36c05,Naomi Angier,Individual,individual,Portland,OR,30000,3,2026-09-21,2026-09-21
orestar-20250101-20260928-787cf45dc908,4792,Tina Kotek,record:eff0ca20bae2007695e97074,Paul Adcock,Individual,individual,Portland,OR,30000,3,2026-07-29,2026-07-29
orestar-20250101-20260928-787cf45dc908,4792,Tina Kotek,record:91dd40b80f30cc2d6733aaeb,Paul E Compton,Individual,individual,Eugene,OR,30000,3,2026-08-19,2026-09-21
orestar-20250101-20260928-787cf45dc908,4792,Tina Kotek,record:73f6bb7408257e4a1b7d522f,Philip Chang,Individual,individual,Deschutes County,OR,30000,2,2025-06-18,2026-09-10
orestar-20250101-20260928-787cf45dc908,4792,Tina Kotek,record:235ed81245d49286da3c9913,Rich Peppers,Individual,individual,Portland,OR,30000,5,2026-06-03,2026-09-21
orestar-20250101-20260928-787cf45dc908,4792,Tina Kotek,record:becc0fc8e234c708f1f3770d,Richard Davis,Individual,individual,Wilsonville,OR,30000,3,2026-07-01,2026-09-21
orestar-20250101-20260928-787cf45dc908,4792,Tina Kotek,record:539dfe0a903307d5645ce8e7,Robert Pierce,Individual,individual,Newberg,OR,30000,2,2026-01-21,2026-08-12
orestar-20250101-20260928-787cf45dc908,4792,Tina Kotek,record:4722f1d380f55f438a4ecca6,Steven Wilson,Individual,individual,Oregon City,OR,30000,6,2026-03-25,2026-08-26
orestar-20250101-20260928-787cf45dc908,4792,Tina Kotek,record:508e78ad8b22ba4bf0984df4,Tamairah Boleyn,Individual,individual,Portland,OR,30000,1,2026-09-21,2026-09-21
orestar-20250101-20260928-787cf45dc908,4792,Tina Kotek,record:718f0a2128158180cfa11286,Terry Moede,Individual,individual,Eugene,OR,30000,4,2025-01-22,2026-09-21
orestar-20250101-20260928-787cf45dc908,4792,Tina Kotek,record:14407adee3b795d01cc70c29,Toby Bayard,Individual,individual,Deschutes County,OR,30000,3,2026-09-02,2026-09-10
orestar-20250101-20260928-787cf45dc908,4792,Tina Kotek,record:19d8568b40e79f0a075d0ea1,Veronica Williams,Individual,individual,Tualatin,OR,30000,2,2025-07-30,2025-12-10
orestar-20250101-20260928-787cf45dc908,4792,Tina Kotek,record:7a4f793a2b265f9f21d907b7,Maria Caballero Rubio,Individual,individual,Cornelius,OR,28500,5,2025-12-03,2026-08-05
orestar-20250101-20260928-787cf45dc908,4792,Tina Kotek,record:a9dbbb6eb3a4a60afda5486f,Lauren Davis Pariani,Individual,individual,Alameda,CA,28000,4,2026-06-17,2026-09-02
orestar-20250101-20260928-787cf45dc908,4792,Tina Kotek,record:a53e6c8f66b0ec485879d2c0,George Rogato,Individual,individual,Florence,OR,27500,6,2026-05-20,2026-09-10
orestar-20250101-20260928-787cf45dc908,4792,Tina Kotek,record:8b31a35de8847d0a15e618cd,Louise Abbott,Individual,individual,Brookings,OR,27500,9,2026-05-20,2026-09-10
orestar-20250101-20260928-787cf45dc908,4792,Tina Kotek,record:6653d11c4c75723fc37c6848,Marie Hutchens,Individual,individual,Eugene,OR,27500,3,2026-07-29,2026-08-19
orestar-20250101-20260928-787cf45dc908,4792,Tina Kotek,record:b548818d5854136b828802de,Nancy Pilgrim,Individual,individual,Portland,OR,27500,4,2025-10-01,2025-10-16
orestar-20250101-20260928-787cf45dc908,4792,Tina Kotek,record:087ad377b0b8902f555fff65,Norman Wilson,Individual,individual,Tigard,OR,27500,21,2025-08-13,2026-09-21
orestar-20250101-20260928-787cf45dc908,4792,Tina Kotek,record:e9a6858f231845ab2f518e36,Joel Ediger,Individual,individual,Beaverton,OR,27300,2,2026-06-25,2026-07-16
orestar-20250101-20260928-787cf45dc908,4792,Tina Kotek,record:7a6e46a18a2252e471997f05,Ryan Fisher,Individual,individual,Portland,OR,27200,1,2026-07-29,2026-07-29
orestar-20250101-20260928-787cf45dc908,4792,Tina Kotek,record:e6ccdd82df532a13bda12d6d,Stephen Veal,Individual,individual,La Grande,OR,26900,33,2026-06-17,2026-09-21
orestar-20250101-20260928-787cf45dc908,4792,Tina Kotek,record:b442dc4f987e4e1303cd07b3,Craig Shinn,Individual,individual,Canby,OR,26500,3,2026-07-29,2026-08-26
orestar-20250101-20260928-787cf45dc908,4792,Tina Kotek,record:55a861f3bd9f7177bfba87fa,Mary Mears-Haskell,Individual,individual,Portland,OR,26500,11,2026-04-06,2026-09-14
orestar-20250101-20260928-787cf45dc908,4792,Tina Kotek,record:7f5d4ca4093c2c0ef08cb50f,John Schunhoff,Individual,individual,Los Angeles,CA,26000,9,2026-07-29,2026-09-21
orestar-20250101-20260928-787cf45dc908,4792,Tina Kotek,record:7cc41ed499e4f68deaf00191,Kent Crawford,Individual,individual,Sedona,AZ,26000,18,2025-04-04,2026-09-21
orestar-20250101-20260928-787cf45dc908,4792,Tina Kotek,record:be78f773ff11f04405405e76,Patsy Barnes,Individual,individual,Portland,OR,26000,5,2026-06-17,2026-09-02
orestar-20250101-20260928-787cf45dc908,4792,Tina Kotek,record:e0ebbc5db88aa9b34ebd73cf,Bonnie Smith,Individual,individual,Winona,MN,25500,32,2026-04-08,2026-09-02
orestar-20250101-20260928-787cf45dc908,4792,Tina Kotek,record:b50417078c0e8c5f0d86f005,Rachel Hayashi,Individual,individual,Portland,OR,25500,4,2025-12-03,2026-09-21
orestar-20250101-20260928-787cf45dc908,4792,Tina Kotek,record:0d990cf555bdf68021aba68d,Robin Vesey,Individual,individual,Portland,OR,25100,5,2025-04-04,2026-09-14
orestar-20250101-20260928-787cf45dc908,4792,Tina Kotek,record:6a1b4a79779436b7c377c2eb,Abby Fuller,Individual,individual,Ashland,OR,25000,1,2025-05-28,2025-05-28
orestar-20250101-20260928-787cf45dc908,4792,Tina Kotek,record:0b2a23664e8fb2ca31187c6a,Abigail Kirshy,Individual,individual,Portland,OR,25000,1,2026-08-12,2026-08-12
orestar-20250101-20260928-787cf45dc908,4792,Tina Kotek,record:222d2849db86303c785adcec,Adam Capage,Individual,individual,Portland,OR,25000,1,2026-06-03,2026-06-03
orestar-20250101-20260928-787cf45dc908,4792,Tina Kotek,record:713cdd8887aa9b56332c8414,Alberto Enriquez,Individual,individual,Medford,OR,25000,1,2026-07-15,2026-07-15
orestar-20250101-20260928-787cf45dc908,4792,Tina Kotek,record:0037b91bc7c4239c2e931b03,Alexander Sander,Individual,individual,Tualatin,OR,25000,1,2026-09-18,2026-09-18
orestar-20250101-20260928-787cf45dc908,4792,Tina Kotek,record:bd25648eac8ada9f52c1bb3b,Alice Alleman,Individual,individual,Portland,OR,25000,1,2026-05-13,2026-05-13
orestar-20250101-20260928-787cf45dc908,4792,Tina Kotek,record:873abe122cd2e8f621eca2e3,Alice Powell,Individual,individual,Portland,OR,25000,1,2026-05-06,2026-05-06
orestar-20250101-20260928-787cf45dc908,4792,Tina Kotek,record:eb5fc112547a84024dab1dea,Alicia Ouellette,Individual,individual,Portland,OR,25000,1,2025-10-22,2025-10-22
orestar-20250101-20260928-787cf45dc908,4792,Tina Kotek,record:948b4a60217b2c29e9fb63ea,Alisa Blum,Individual,individual,Beaverton,OR,25000,1,2026-09-10,2026-09-10
orestar-20250101-20260928-787cf45dc908,4792,Tina Kotek,record:5a53dd66570d979cb7aaf9fa,Alissa Keny Guyer,Individual,individual,Santa Fe,NM,25000,1,2025-12-24,2025-12-24
orestar-20250101-20260928-787cf45dc908,4792,Tina Kotek,record:3310d89ad970cc59226f2658,Ami Margolin,Individual,individual,Portland,OR,25000,1,2026-09-21,2026-09-21
orestar-20250101-20260928-787cf45dc908,4792,Tina Kotek,record:b0c399fc931c76f19fddfe1d,Amy Baker,Individual,individual,Astoria,OR,25000,1,2026-09-21,2026-09-21
orestar-20250101-20260928-787cf45dc908,4792,Tina Kotek,record:6d93a90d78c62e8de216bb30,Amy Everitt,Individual,individual,Burlingame,CA,25000,1,2026-03-11,2026-03-11
orestar-20250101-20260928-787cf45dc908,4792,Tina Kotek,record:237a519ffe8eb9b907d97156,Amy Salomone Thornton,Individual,individual,San Francisco,CA,25000,1,2026-05-20,2026-05-20
orestar-20250101-20260928-787cf45dc908,4792,Tina Kotek,record:c9753184c58f79fa6e727f7a,Anahita Sanaie,Individual,individual,Eugene,OR,25000,1,2026-09-21,2026-09-21
orestar-20250101-20260928-787cf45dc908,4792,Tina Kotek,record:6795aca19253fee68342c849,Andrew Emerson,Individual,individual,Happy Valley,OR,25000,1,2026-09-21,2026-09-21
orestar-20250101-20260928-787cf45dc908,4792,Tina Kotek,record:1a561a62d2922691d03eba79,Andrew Olshin,Individual,individual,Portland,OR,25000,1,2025-12-10,2025-12-10
orestar-20250101-20260928-787cf45dc908,4792,Tina Kotek,record:241652db8d93678b3aff5da4,Angela Jackson,Individual,individual,Portland,OR,25000,1,2025-04-23,2025-04-23
orestar-20250101-20260928-787cf45dc908,4792,Tina Kotek,record:e9bfade6f4b8fc16e751c16d,Anish Savjani,Individual,individual,Portland,OR,25000,1,2026-06-10,2026-06-10
orestar-20250101-20260928-787cf45dc908,4792,Tina Kotek,record:da5c86fab2703d9fa50e0a48,Ann Baruch,Individual,individual,Bryn Mawr,PA,25000,1,2025-06-09,2025-06-09
orestar-20250101-20260928-787cf45dc908,4792,Tina Kotek,record:2a259ca6f0847f829ffceed1,Anna Braun,Individual,individual,Salem,OR,25000,1,2025-12-31,2025-12-31
orestar-20250101-20260928-787cf45dc908,4792,Tina Kotek,record:a2b327b509241c3a38970017,Anne Fujita,Individual,individual,Salem,OR,25000,1,2026-04-01,2026-04-01
orestar-20250101-20260928-787cf45dc908,4792,Tina Kotek,record:b87de5b5f9debf85d8f7fbee,Anne George,Individual,individual,Bend,OR,25000,1,2025-06-18,2025-06-18
orestar-20250101-20260928-787cf45dc908,4792,Tina Kotek,record:621d8d3daeed758c145299ad,Annise Parker,Individual,individual,Houston,TX,25000,1,2026-04-29,2026-04-29
orestar-20250101-20260928-787cf45dc908,4792,Tina Kotek,record:87ac16168cf385c059e997d1,Ashley Vaughn,Individual,individual,Portland,OR,25000,1,2026-09-14,2026-09-14
orestar-20250101-20260928-787cf45dc908,4792,Tina Kotek,record:2adbe3b415c6aa3c4d967a38,Audrey Anderson,Individual,individual,Portland,OR,25000,1,2026-09-21,2026-09-21
orestar-20250101-20260928-787cf45dc908,4792,Tina Kotek,record:94ec43102c64473062f6bdfa,Barbara Meislin,Individual,individual,Belvedere Tiburon,CA,25000,1,2025-06-13,2025-06-13
orestar-20250101-20260928-787cf45dc908,4792,Tina Kotek,record:981b0c9fcf5a7d553fd414be,Bee Neufeld,Individual,individual,Lake Oswego,OR,25000,1,2025-11-03,2025-11-03
orestar-20250101-20260928-787cf45dc908,4792,Tina Kotek,record:8d35c4c617de46dc8dc964ac,Beverly Bosak,Individual,individual,Salem,OR,25000,5,2026-04-15,2026-09-10
orestar-20250101-20260928-787cf45dc908,4792,Tina Kotek,record:2bbe712b658d3e6d165bdd7c,Bill Ames,Individual,individual,Liberty Lake,WA,25000,1,2026-04-06,2026-04-06
orestar-20250101-20260928-787cf45dc908,4792,Tina Kotek,record:fe5178879dad6a0d6a88a839,Bing Wong,Individual,individual,Portland,OR,25000,1,2026-08-05,2026-08-05
orestar-20250101-20260928-787cf45dc908,4792,Tina Kotek,record:348e50e46d5a2d8752a2157b,Brenda Aplet,Individual,individual,Scappoose,OR,25000,1,2026-09-21,2026-09-21
orestar-20250101-20260928-787cf45dc908,4792,Tina Kotek,record:07c9ef68affafb546e66c8e1,Brenna Davis,Individual,individual,Portland,OR,25000,1,2025-11-13,2025-11-13
orestar-20250101-20260928-787cf45dc908,4792,Tina Kotek,record:647a0bb6f5c60ecb547db87f,Brianne Margolin,Individual,individual,Lake Oswego,OR,25000,1,2025-11-05,2025-11-05
orestar-20250101-20260928-787cf45dc908,4792,Tina Kotek,record:0a281a8e3492140e137ab5d9,Bruce Swanson,Individual,individual,Portland,OR,25000,1,2026-07-08,2026-07-08
orestar-20250101-20260928-787cf45dc908,4792,Tina Kotek,record:58d45b2e36bd8523260883ed,CM Hall,Individual,individual,Newport,OR,25000,1,2025-07-29,2025-07-29
orestar-20250101-20260928-787cf45dc908,4792,Tina Kotek,record:2d3c8a8068acb2824572733d,Callie Turk,Individual,individual,Palo Alto,CA,25000,1,2025-10-22,2025-10-22
orestar-20250101-20260928-787cf45dc908,4792,Tina Kotek,record:b6267aeb263e3afc9ad3f589,Cameron Madill,Individual,individual,Portland,OR,25000,1,2025-10-22,2025-10-22
orestar-20250101-20260928-787cf45dc908,4792,Tina Kotek,record:83ec8389b1ef58fdf429669d,Carel Dewinkel,Individual,individual,Salem,OR,25000,1,2026-07-15,2026-07-15
orestar-20250101-20260928-787cf45dc908,4792,Tina Kotek,record:b56d3dc9e28b9aa83c87ed95,Carel Dewinkel,Individual,individual,Salem,OR,25000,1,2026-07-01,2026-07-01
orestar-20250101-20260928-787cf45dc908,4792,Tina Kotek,record:fb6c0b5a00be2281ccb1ee2f,Carol Hausafus,Individual,individual,Estacada,OR,25000,1,2025-11-04,2025-11-04
orestar-20250101-20260928-787cf45dc908,4792,Tina Kotek,record:09ed9378bc4a5b22d4f93b89,Carolyn Ruth,Individual,individual,Erie,PA,25000,1,2025-05-23,2025-05-23
orestar-20250101-20260928-787cf45dc908,4792,Tina Kotek,record:fa5365c953f9ec3475587ac8,Carolynn Loacker,Individual,individual,Portland,OR,25000,1,2026-07-02,2026-07-02
orestar-20250101-20260928-787cf45dc908,4792,Tina Kotek,record:f46ee34411d6027e1bf9ca21,Charles Wiggins,Individual,individual,Mount Hood Parkdale,OR,25000,1,2025-04-29,2025-04-29
orestar-20250101-20260928-787cf45dc908,4792,Tina Kotek,record:dcc10c1c2f7231ab3b9401c8,Chris Colgan,Individual,individual,Hillsboro,OR,25000,1,2026-07-22,2026-07-22
orestar-20250101-20260928-787cf45dc908,4792,Tina Kotek,record:dac39840aab0e6b2bff5c699,Christine Miles,Individual,individual,Eugene,OR,25000,1,2026-08-26,2026-08-26
orestar-20250101-20260928-787cf45dc908,4792,Tina Kotek,record:f716d191df144e0ad7465da0,Christine Wright,Individual,individual,Bend,OR,25000,1,2026-08-05,2026-08-05
orestar-20250101-20260928-787cf45dc908,4792,Tina Kotek,record:cb1a8be3486bc840ceb4475f,Christopher Kell,Individual,individual,Bend,OR,25000,1,2026-09-14,2026-09-14
orestar-20250101-20260928-787cf45dc908,4792,Tina Kotek,record:4e0d7f07c2f15f82573fc812,Cindy Massaro,Individual,individual,Salem,OR,25000,1,2026-09-14,2026-09-14
orestar-20250101-20260928-787cf45dc908,4792,Tina Kotek,record:6ef000645060de58ff99a101,Cindy Robert,Individual,individual,Portland,OR,25000,1,2026-09-10,2026-09-10
orestar-20250101-20260928-787cf45dc908,4792,Tina Kotek,record:30b75d8ad1391bbd267ea420,Clark Brockman,Individual,individual,Portland,OR,25000,1,2026-06-17,2026-06-17
orestar-20250101-20260928-787cf45dc908,4792,Tina Kotek,record:a5925f3ec429be9515d839a9,Connie Sipe,Individual,individual,Sitka,AK,25000,1,2026-09-21,2026-09-21
orestar-20250101-20260928-787cf45dc908,4792,Tina Kotek,record:3993f438ee4e3c2bb6782583,Corinda Hankins Elliott,Individual,individual,Hood River,OR,25000,1,2026-08-19,2026-08-19
orestar-20250101-20260928-787cf45dc908,4792,Tina Kotek,record:8c6d20bae11375d6036ee0e2,Courtney Vanderstek,Individual,individual,Lake Oswego,OR,25000,1,2026-08-19,2026-08-19
orestar-20250101-20260928-787cf45dc908,4792,Tina Kotek,record:5ff5e60c1e459cc9e2543c60,Craig Crispin,Individual,individual,Portland,OR,25000,1,2026-08-12,2026-08-12
orestar-20250101-20260928-787cf45dc908,4792,Tina Kotek,record:ea2d8a8a467ecb0f35407f75,Curtis Kirkpatrick,Individual,individual,Portland,OR,25000,1,2026-08-06,2026-08-06
orestar-20250101-20260928-787cf45dc908,4792,Tina Kotek,record:bbb5ed559365fdfcbec4c831,Dale Schroedel,Individual,individual,San Francisco,CA,25000,1,2026-04-01,2026-04-01
orestar-20250101-20260928-787cf45dc908,4792,Tina Kotek,record:a2d861d57bb577eab1100839,Dan Franklin,Individual,individual,Eugene,OR,25000,2,2026-09-10,2026-09-21
orestar-20250101-20260928-787cf45dc908,4792,Tina Kotek,record:e4ee598b87494954d9011b0e,Daniel Santos,Individual,individual,Salem,OR,25000,1,2026-08-12,2026-08-12
orestar-20250101-20260928-787cf45dc908,4792,Tina Kotek,record:a1965bb2e9a9a843fbf65e55,Dave Robertson,Individual,individual,Portland,OR,25000,1,2025-10-01,2025-10-01
orestar-20250101-20260928-787cf45dc908,4792,Tina Kotek,record:3ac98474d4a358ae47b879c3,David Angeli,Individual,individual,Portland,OR,25000,1,2025-12-08,2025-12-08
orestar-20250101-20260928-787cf45dc908,4792,Tina Kotek,record:36ccffc86e4816f9f1ff7801,David Divita,Individual,individual,Los Angeles,CA,25000,1,2025-07-23,2025-07-23
orestar-20250101-20260928-787cf45dc908,4792,Tina Kotek,record:92e127b6c4d04ac173dd3c9d,David Flemming,Individual,individual,Nehalem,OR,25000,3,2026-09-02,2026-09-21
orestar-20250101-20260928-787cf45dc908,4792,Tina Kotek,record:f71612bd82f87f374442793c,David Fryefield,Individual,individual,Eugene,OR,25000,1,2026-05-28,2026-05-28
orestar-20250101-20260928-787cf45dc908,4792,Tina Kotek,record:c378af741fe202490b387f85,David Larsen,Individual,individual,Happy Valley,OR,25000,1,2026-07-02,2026-07-02
orestar-20250101-20260928-787cf45dc908,4792,Tina Kotek,record:7d95cdca4cfea6895436024a,David Lewinsohn,Individual,individual,Portland,OR,25000,1,2026-09-21,2026-09-21
orestar-20250101-20260928-787cf45dc908,4792,Tina Kotek,record:62dad80505a1286dc5fa652a,David Lomnicki,Individual,individual,Portland,OR,25000,1,2026-07-29,2026-07-29
orestar-20250101-20260928-787cf45dc908,4792,Tina Kotek,record:e3efaec0c919013ab5b6aec3,David Pagano,Individual,individual,Portland,OR,25000,1,2026-09-21,2026-09-21
orestar-20250101-20260928-787cf45dc908,4792,Tina Kotek,record:67b5a8b6ab87ad312d934dc7,David Shaw,Individual,individual,Portland,OR,25000,1,2026-09-10,2026-09-10
orestar-20250101-20260928-787cf45dc908,4792,Tina Kotek,record:bd6e3435c575a47c07bbfed3,Davida Silverman,Individual,individual,San Francisco,CA,25000,1,2026-04-06,2026-04-06
orestar-20250101-20260928-787cf45dc908,4792,Tina Kotek,record:b76cd2211d51e6d56301cb21,Dawn Mcclaskey,Individual,individual,The Dalles,OR,25000,1,2026-09-21,2026-09-21
orestar-20250101-20260928-787cf45dc908,4792,Tina Kotek,record:2d2adc22d4278e262e2f70c3,Debbie Mesloh,Individual,individual,Healdsburg,CA,25000,1,2026-05-20,2026-05-20
orestar-20250101-20260928-787cf45dc908,4792,Tina Kotek,record:12328717217f1dc81a5dd545,Deborah Burton,Individual,individual,Troutdale,OR,25000,1,2025-07-23,2025-07-23
orestar-20250101-20260928-787cf45dc908,4792,Tina Kotek,record:607c44affc0f1f78b17c00ac,Dennis Young,Individual,individual,Eugene,OR,25000,4,2026-07-29,2026-08-12
orestar-20250101-20260928-787cf45dc908,4792,Tina Kotek,record:458573b23d06df0cda1cee3a,Diana Cutaia,Individual,individual,Bend,OR,25000,1,2025-10-03,2025-10-03
orestar-20250101-20260928-787cf45dc908,4792,Tina Kotek,record:7f17ff1bf70e032b2ef71e1d,Dick Schouten,Individual,individual,Beaverton,OR,25000,1,2026-05-01,2026-05-01
orestar-20250101-20260928-787cf45dc908,4792,Tina Kotek,record:16e94a8897215888a2f09b5b,Don Maclane,Individual,individual,Portland,OR,25000,1,2026-09-02,2026-09-02
orestar-20250101-20260928-787cf45dc908,4792,Tina Kotek,record:9d087b3803c1d57b2cf2a5bb,Donald Krahmer,Individual,individual,Portland,OR,25000,1,2025-11-26,2025-11-26
orestar-20250101-20260928-787cf45dc908,4792,Tina Kotek,record:3e6ddb802176e0eca1b67da8,Doug Mckenzie,Individual,individual,Bandon,OR,25000,1,2026-09-10,2026-09-10
orestar-20250101-20260928-787cf45dc908,4792,Tina Kotek,record:63d464c8e9e6bcfcefb91a70,Doug Mckenzie,Individual,individual,Bend,OR,25000,1,2026-08-12,2026-08-12
orestar-20250101-20260928-787cf45dc908,4792,Tina Kotek,record:c86fc89cb30cb5d8c1b1c390,Doug Tunnell,Individual,individual,Newberg,OR,25000,1,2026-08-19,2026-08-19
orestar-20250101-20260928-787cf45dc908,4792,Tina Kotek,record:946ae1fef220277ae827a1fe,Douglas W Kinnaird,Individual,individual,Portland,OR,25000,4,2026-06-17,2026-09-10
orestar-20250101-20260928-787cf45dc908,4792,Tina Kotek,record:b2d925b163c01e75ecfc7bb7,EBI Public Affairs Inc,Business Entity,business,Portland,OR,25000,1,2025-04-29,2025-04-29
orestar-20250101-20260928-787cf45dc908,4792,Tina Kotek,record:75c9638974e8e0c65aeacea3,Edward Starkie,Individual,individual,Portland,OR,25000,1,2026-09-21,2026-09-21
orestar-20250101-20260928-787cf45dc908,4792,Tina Kotek,record:6bf14df969aaae675a2e68c8,Eldon Foster,Individual,individual,Portland,OR,25000,1,2026-08-05,2026-08-05
orestar-20250101-20260928-787cf45dc908,4792,Tina Kotek,record:b897e11da9076c1c1bdeee82,Elissa Mendenhall,Individual,individual,Portland,OR,25000,1,2026-09-21,2026-09-21
orestar-20250101-20260928-787cf45dc908,4792,Tina Kotek,record:27dcf1c1a89cdd3d510c28dc,Elizabeth Colton,Individual,individual,San Francisco,CA,25000,1,2026-07-15,2026-07-15
orestar-20250101-20260928-787cf45dc908,4792,Tina Kotek,record:5bf2cb3f5f0cad198ea603c8,Elizabeth Enders,Individual,individual,Manhattan,NY,25000,1,2025-10-16,2025-10-16
orestar-20250101-20260928-787cf45dc908,4792,Tina Kotek,record:20e424658ffb5f7d6f5ab185,Elizabeth Savage,Individual,individual,Portland,OR,25000,2,2026-09-14,2026-09-14
orestar-20250101-20260928-787cf45dc908,4792,Tina Kotek,record:2b376a76d02500ef5a8ed7fa,Elizabeth Savage,Individual,individual,Portland,OR,25000,1,2026-09-21,2026-09-21
orestar-20250101-20260928-787cf45dc908,4792,Tina Kotek,record:ec38c418df2cb9b1e29cd44c,Ellen Lee,Individual,individual,Belmont,CA,25000,1,2026-03-11,2026-03-11
orestar-20250101-20260928-787cf45dc908,4792,Tina Kotek,record:bed5d9c012061ac809c95715,Eric Harris,Individual,individual,Oakland,CA,25000,1,2026-09-21,2026-09-21
orestar-20250101-20260928-787cf45dc908,4792,Tina Kotek,record:e186c450dbb9dc5b6e15a589,Eric Strid,Individual,individual,White Salmon,WA,25000,3,2026-05-06,2026-09-21
orestar-20250101-20260928-787cf45dc908,4792,Tina Kotek,record:702b3d20c7e9147c9f0b4271,Eric Zimmerman,Individual,individual,Portland,OR,25000,1,2025-10-29,2025-10-29
orestar-20250101-20260928-787cf45dc908,4792,Tina Kotek,record:ddc13b32c096150f1152b19e,Eve Gray,Individual,individual,Eugene,OR,25000,1,2026-04-29,2026-04-29
orestar-20250101-20260928-787cf45dc908,4792,Tina Kotek,record:c755e043a7becf1182664876,Frank Moscow,Individual,individual,Portland,OR,25000,1,2026-04-29,2026-04-29
orestar-20250101-20260928-787cf45dc908,4792,Tina Kotek,record:9a9eece830350ffcc3594b3b,Freya Kamel,Individual,individual,Newtown,PA,25000,1,2026-09-02,2026-09-02
orestar-20250101-20260928-787cf45dc908,4792,Tina Kotek,record:adacb9fa80906f67098b67db,Gabe Speyer,Individual,individual,San Francisco,CA,25000,1,2026-06-03,2026-06-03
orestar-20250101-20260928-787cf45dc908,4792,Tina Kotek,record:ffbf891a67e383c38ff8cbf0,Geoffrey Gibson,Individual,individual,Portland,OR,25000,1,2026-09-21,2026-09-21
orestar-20250101-20260928-787cf45dc908,4792,Tina Kotek,record:37b812ddc81131cd2bd24336,George Adkins,Individual,individual,Salem,OR,25000,1,2026-09-14,2026-09-14
orestar-20250101-20260928-787cf45dc908,4792,Tina Kotek,record:6aa45778ad8b8f48b1adba9b,George E. Hocker Jr.,Individual,individual,Gresham,OR,25000,1,2026-08-26,2026-08-26
orestar-20250101-20260928-787cf45dc908,4792,Tina Kotek,record:e43a8f6cbd2352ec4447cf83,George Norman,Individual,individual,Lake Oswego,OR,25000,1,2026-09-21,2026-09-21
orestar-20250101-20260928-787cf45dc908,4792,Tina Kotek,record:98c3844078be738592cd966b,Geraldine Simson,Individual,individual,Portland,OR,25000,1,2026-08-12,2026-08-12
orestar-20250101-20260928-787cf45dc908,4792,Tina Kotek,record:77cd3359f31c92f313b43fb3,Glen Ulmer,Individual,individual,Portland,OR,25000,1,2026-09-03,2026-09-03
orestar-20250101-20260928-787cf45dc908,4792,Tina Kotek,record:12fd805db5aa36437a0b4165,Glenn Van Cise,Individual,individual,Bend,OR,25000,1,2025-06-18,2025-06-18
orestar-20250101-20260928-787cf45dc908,4792,Tina Kotek,record:543f4950df38b02078634427,Greg Evans,Individual,individual,Eugene,OR,25000,1,2025-10-22,2025-10-22
orestar-20250101-20260928-787cf45dc908,4792,Tina Kotek,record:6620d414b361249481f231ac,Gregory Billingsley,Individual,individual,Jacksonville,OR,25000,1,2026-09-14,2026-09-14
orestar-20250101-20260928-787cf45dc908,4792,Tina Kotek,record:b1d29b13c633dae40f3400f8,Heather Saigo,Individual,individual,Klamath Falls,OR,25000,1,2026-09-10,2026-09-10
orestar-20250101-20260928-787cf45dc908,4792,Tina Kotek,record:658e8be572653eb043bbce76,Helen Jackson,Individual,individual,Eugene,OR,25000,1,2026-09-14,2026-09-14
orestar-20250101-20260928-787cf45dc908,4792,Tina Kotek,record:1afc3a103d81858a3208df52,Henry Alley,Individual,individual,Eugene,OR,25000,1,2025-03-06,2025-03-06
orestar-20250101-20260928-787cf45dc908,4792,Tina Kotek,record:8bee762621c84ce976edd455,Henry Kimsey-House,Individual,individual,Ashland,OR,25000,1,2025-05-21,2025-05-21
orestar-20250101-20260928-787cf45dc908,4792,Tina Kotek,record:ad9b829c72837f5d1ba9e1de,Hethie Parmesano,Individual,individual,Beverly Hills,CA,25000,1,2026-09-10,2026-09-10
orestar-20250101-20260928-787cf45dc908,4792,Tina Kotek,record:41a4049e5ef42c6486c7420d,Hillary Day,Individual,individual,Portland,OR,25000,1,2025-11-05,2025-11-05
orestar-20250101-20260928-787cf45dc908,4792,Tina Kotek,record:3a4f4222cdc75c5a67f3af14,Home Building Association of Greater Portland,Other,other,Lake Oswego,OR,25000,1,2025-11-20,2025-11-20
orestar-20250101-20260928-787cf45dc908,4792,Tina Kotek,record:f2032be6246a41b2a4e16c30,Jack Catton,Individual,individual,Ashland,OR,25000,1,2025-04-23,2025-04-23
orestar-20250101-20260928-787cf45dc908,4792,Tina Kotek,record:761138c2e638cb5813c693c2,Jacqueline Tate,Individual,individual,Portland,OR,25000,1,2026-09-15,2026-09-15
orestar-20250101-20260928-787cf45dc908,4792,Tina Kotek,record:fe3f9944e8c31b720abcf133,James Beck,Individual,individual,Philadelphia,PA,25000,1,2025-11-04,2025-11-04
orestar-20250101-20260928-787cf45dc908,4792,Tina Kotek,record:f1e9b0965a0d031083ee6df2,James Nelson,Individual,individual,Bend,OR,25000,1,2026-09-21,2026-09-21
orestar-20250101-20260928-787cf45dc908,4792,Tina Kotek,record:aa8990452b05b4ca3ec9896f,James Paul Rodell,Individual,individual,Corvallis,OR,25000,1,2026-09-11,2026-09-11
orestar-20250101-20260928-787cf45dc908,4792,Tina Kotek,record:154b2134928253a5a18c7474,Jan Levine,Individual,individual,Lake Oswego,OR,25000,1,2026-09-21,2026-09-21
orestar-20250101-20260928-787cf45dc908,4792,Tina Kotek,record:67baad617241b53eb8fa8406,Jana Gastellum,Individual,individual,Portland,OR,25000,1,2026-09-21,2026-09-21
orestar-20250101-20260928-787cf45dc908,4792,Tina Kotek,record:af43b8a97f6ce441e23592d3,Jane Bacchieri,Individual,individual,Portland,OR,25000,1,2026-07-29,2026-07-29
orestar-20250101-20260928-787cf45dc908,4792,Tina Kotek,record:9ee51631f9e70209eea328d6,Janee Nekuda,Individual,individual,Aumsville,OR,25000,4,2026-04-15,2026-08-26
orestar-20250101-20260928-787cf45dc908,4792,Tina Kotek,record:b7646e66016e141979a3e113,Janet Hinkamp,Individual,individual,Portland,OR,25000,1,2025-10-16,2025-10-16
orestar-20250101-20260928-787cf45dc908,4792,Tina Kotek,record:0d476acc5e6be3cdf3671094,Jean Novotny,Individual,individual,Molalla,OR,25000,3,2026-08-12,2026-09-21
orestar-20250101-20260928-787cf45dc908,4792,Tina Kotek,record:dbcda3a754adf0c542d102b5,Jeffrey Condit,Individual,individual,Portland,OR,25000,1,2026-08-05,2026-08-05
orestar-20250101-20260928-787cf45dc908,4792,Tina Kotek,record:130085d945b4198661b48d09,Jennifer Soden,Individual,individual,Portland,OR,25000,2,2026-07-08,2026-09-10
orestar-20250101-20260928-787cf45dc908,4792,Tina Kotek,record:0e37b9a481faea516da27918,Jennifer Van Meter,Individual,individual,Portland,OR,25000,1,2026-09-02,2026-09-02
orestar-20250101-20260928-787cf45dc908,4792,Tina Kotek,record:be3c33385b3066a3746fb3b5,Jennifer Watt,Individual,individual,San Francisco,CA,25000,1,2026-03-18,2026-03-18
orestar-20250101-20260928-787cf45dc908,4792,Tina Kotek,record:c8f9b94dc82facc29dabdd41,Jeremy Blacklow,Individual,individual,West Hollywood,CA,25000,1,2025-07-16,2025-07-16
orestar-20250101-20260928-787cf45dc908,4792,Tina Kotek,record:c2a3b6fde626bc09eb1f19d0,Jerry Silbert,Individual,individual,Eugene,OR,25000,1,2026-09-21,2026-09-21
orestar-20250101-20260928-787cf45dc908,4792,Tina Kotek,record:af2446aea111d3b768001dce,Jessica Hamilton,Individual,individual,Portland,OR,25000,1,2025-10-22,2025-10-22
orestar-20250101-20260928-787cf45dc908,4792,Tina Kotek,record:a0ef347271b25bba28e11683,Jim Inkster,Individual,individual,Bend,OR,25000,1,2026-09-21,2026-09-21
orestar-20250101-20260928-787cf45dc908,4792,Tina Kotek,record:a9107d7bb5249a428616df9f,Joan Drabkin,Individual,individual,Mcminnville,OR,25000,1,2026-07-17,2026-07-17
orestar-20250101-20260928-787cf45dc908,4792,Tina Kotek,record:0da65a54d5ceaac7d6c590f7,Joan Kingsley,Individual,individual,Portland,OR,25000,1,2026-09-21,2026-09-21
orestar-20250101-20260928-787cf45dc908,4792,Tina Kotek,record:fa81d8ebea2e63954ac50c21,Joan Wohl,Individual,individual,Philadelphia,PA,25000,1,2025-06-09,2025-06-09
orestar-20250101-20260928-787cf45dc908,4792,Tina Kotek,record:d24c26dd395a280293b78dcc,Joanne Bodine,Individual,individual,Grass Valley,CA,25000,1,2025-06-18,2025-06-18
orestar-20250101-20260928-787cf45dc908,4792,Tina Kotek,record:71e3633764ae870cbbe7aa95,Jody Wiser,Individual,individual,Portland,OR,25000,1,2026-04-22,2026-04-22
orestar-20250101-20260928-787cf45dc908,4792,Tina Kotek,record:4d2d378429b0b81288e69f3a,John Devlin,Individual,individual,Lake Oswego,OR,25000,1,2026-09-10,2026-09-10
orestar-20250101-20260928-787cf45dc908,4792,Tina Kotek,record:a98f8ffe2e5c5c62f933e234,John Ducker,Individual,individual,Lake Oswego,OR,25000,1,2025-10-29,2025-10-29
orestar-20250101-20260928-787cf45dc908,4792,Tina Kotek,record:463c74daeeefaa644f024317,John Klinker,Individual,individual,Portland,OR,25000,1,2026-09-14,2026-09-14
orestar-20250101-20260928-787cf45dc908,4792,Tina Kotek,record:9b3ed9610754772412ff5291,John Russell,Individual,individual,Portland,OR,25000,1,2025-12-10,2025-12-10
orestar-20250101-20260928-787cf45dc908,4792,Tina Kotek,record:4b7a84127ee5c5496e788242,John Valley,Individual,individual,Lake Owego,OR,25000,1,2026-08-26,2026-08-26
orestar-20250101-20260928-787cf45dc908,4792,Tina Kotek,record:6263e45f739a11f251d0cae8,Jon Raymond,Individual,individual,No City Provided,OR,25000,1,2026-06-24,2026-06-24
orestar-20250101-20260928-787cf45dc908,4792,Tina Kotek,record:6c73c79d0a598f5b12a852d6,Jonathan Poisner,Individual,individual,Portland,OR,25000,1,2026-09-21,2026-09-21
orestar-20250101-20260928-787cf45dc908,4792,Tina Kotek,record:649312fe31467fa7fe6daa33,Jose Fernandez Richards,Individual,individual,Portland,OR,25000,1,2026-03-11,2026-03-11
orestar-20250101-20260928-787cf45dc908,4792,Tina Kotek,record:705326ef08749dfdabf32b87,Joseph Thaler,Individual,individual,Portland,OR,25000,1,2026-09-21,2026-09-21
orestar-20250101-20260928-787cf45dc908,4792,Tina Kotek,record:fadfdf36b28a64b3d484cadb,Josh Hinerfeld,Individual,individual,Portland,OR,25000,1,2026-08-19,2026-08-19
orestar-20250101-20260928-787cf45dc908,4792,Tina Kotek,record:b2364404d5a2d92cfe370013,Joshua Greenbaum,Individual,individual,Albany,CA,25000,1,2026-06-10,2026-06-10
orestar-20250101-20260928-787cf45dc908,4792,Tina Kotek,record:afbb20b247129c14ceaea851,Joy Ragsdale,Individual,individual,Corvallis,OR,25000,1,2025-11-05,2025-11-05
orestar-20250101-20260928-787cf45dc908,4792,Tina Kotek,record:20da36aa0f7a0adbcd0a9987,Juan Martinez,Individual,individual,Portland,OR,25000,1,2026-05-13,2026-05-13
orestar-20250101-20260928-787cf45dc908,4792,Tina Kotek,record:b2f5a0c3d0c98af0ec3198ef,Judith Kramer,Individual,individual,Palo Alto,CA,25000,1,2025-06-09,2025-06-09
orestar-20250101-20260928-787cf45dc908,4792,Tina Kotek,record:37e294779b14b78e05e64007,Judith Newman,Individual,individual,Eugene,OR,25000,1,2025-10-10,2025-10-10
orestar-20250101-20260928-787cf45dc908,4792,Tina Kotek,record:6a7f4a436f31789800d21974,Julianne Beall,Individual,individual,Silver Spring,MD,25000,1,2025-06-09,2025-06-09
orestar-20250101-20260928-787cf45dc908,4792,Tina Kotek,record:c702854b0c5f0ac41091593e,Justice Rajee,Individual,individual,Beaverton,OR,25000,1,2025-07-30,2025-07-30
orestar-20250101-20260928-787cf45dc908,4792,Tina Kotek,record:b797cbed8ff8404df889eb2a,Kaarin Knudson,Individual,individual,Eugene,OR,25000,1,2025-10-22,2025-10-22
orestar-20250101-20260928-787cf45dc908,4792,Tina Kotek,record:e7776b1aae66ae5e9d1e60bf,Kareen Perkins,Individual,individual,Milwaukie,OR,25000,1,2026-04-08,2026-04-08
orestar-20250101-20260928-787cf45dc908,4792,Tina Kotek,record:ea8a12b80869617294df98a0,Karen Hawkins,Individual,individual,Yachats,OR,25000,1,2026-09-10,2026-09-10
orestar-20250101-20260928-787cf45dc908,4792,Tina Kotek,record:570d8d9197bdd8fbf5f27b1f,Karen Springer,Individual,individual,Portland,OR,25000,1,2026-04-22,2026-04-22
orestar-20250101-20260928-787cf45dc908,4792,Tina Kotek,record:3d22fb436a4c45c814fdefaf,Karen Williams,Individual,individual,Portland,OR,25000,1,2025-09-08,2025-09-08
orestar-20250101-20260928-787cf45dc908,4792,Tina Kotek,record:da53a802c02b7a990903b6e1,Karyn Kaplan,Individual,individual,Eugene,OR,25000,1,2026-09-10,2026-09-10
orestar-20250101-20260928-787cf45dc908,4792,Tina Kotek,record:30f56dac8b3c67ab4ff84506,Katharine Hyzy,Individual,individual,Milwaukie,OR,25000,1,2026-09-21,2026-09-21
orestar-20250101-20260928-787cf45dc908,4792,Tina Kotek,record:b182de00f7400a49a5ef2884,Katherine Foldes,Individual,individual,Portland,OR,25000,1,2026-09-14,2026-09-14
orestar-20250101-20260928-787cf45dc908,4792,Tina Kotek,record:099bbb13d8c98d70072cb71b,Katherine Hoyt,Individual,individual,Stayton,OR,25000,1,2026-08-05,2026-08-05
orestar-20250101-20260928-787cf45dc908,4792,Tina Kotek,record:6c7a62f863698c98bfd32386,Katherine Riley,Individual,individual,Hillsboro,OR,25000,1,2025-07-09,2025-07-09
orestar-20250101-20260928-787cf45dc908,4792,Tina Kotek,record:b7a3f02c1093e0150e6560c3,Kathleen Lewis,Individual,individual,Portland,OR,25000,1,2026-06-24,2026-06-24
orestar-20250101-20260928-787cf45dc908,4792,Tina Kotek,record:d98af03f1b8c78e0182ecadb,Kathryn Derwey,Individual,individual,Jacksonville,OR,25000,5,2026-05-20,2026-09-14
orestar-20250101-20260928-787cf45dc908,4792,Tina Kotek,record:d0e756e18280e3ecf675baba,Kathryn Krygier,Individual,individual,Portland,OR,25000,1,2025-04-29,2025-04-29
orestar-20250101-20260928-787cf45dc908,4792,Tina Kotek,record:a87c34919dd3816bb43e6bd4,Keith Jayawickrama,Individual,individual,Corvallis,OR,25000,1,2026-09-23,2026-09-23
orestar-20250101-20260928-787cf45dc908,4792,Tina Kotek,record:b5ad61ee8c0622b752a46e4c,Keith Manske,Individual,individual,Tualatin,OR,25000,1,2025-11-19,2025-11-19
orestar-20250101-20260928-787cf45dc908,4792,Tina Kotek,record:4583210fd3885abf5f7d3f68,Kelly Taylor-Miner,Individual,individual,Oakridge,OR,25000,1,2025-10-16,2025-10-16
orestar-20250101-20260928-787cf45dc908,4792,Tina Kotek,record:8e34d06981b9a01dc9f57064,Ken Nice,Individual,individual,Bandon,OR,25000,1,2026-07-22,2026-07-22
orestar-20250101-20260928-787cf45dc908,4792,Tina Kotek,record:05b71a9ae8318b9bd4e6b4bd,Kenneth Gryte,Individual,individual,Albany,OR,25000,1,2026-09-10,2026-09-10
orestar-20250101-20260928-787cf45dc908,4792,Tina Kotek,record:0410a5bc7d32af8004600eb6,Kevin Cook,Individual,individual,Portland,OR,25000,1,2026-05-06,2026-05-06
orestar-20250101-20260928-787cf45dc908,4792,Tina Kotek,record:564dc35551ca4c2b1d7e23b8,Kimberly Branam,Individual,individual,Portland,OR,25000,1,2025-10-16,2025-10-16
orestar-20250101-20260928-787cf45dc908,4792,Tina Kotek,record:d2130b85c4a8f5f93b81b3f6,Kimberly Koops,Individual,individual,Portland,OR,25000,1,2025-10-16,2025-10-16
orestar-20250101-20260928-787cf45dc908,4792,Tina Kotek,record:9d6658cf6e017463d706bfe0,Kirstin Mcauley,Individual,individual,Portland,OR,25000,1,2026-05-06,2026-05-06
orestar-20250101-20260928-787cf45dc908,4792,Tina Kotek,record:341e593a75720c43232ef88e,Kyle Rolnick,Individual,individual,Lorane,OR,25000,1,2026-06-03,2026-06-03
orestar-20250101-20260928-787cf45dc908,4792,Tina Kotek,record:af20c63cdb2b8926d4865801,Kylie Grunow,Individual,individual,Sherwood,OR,25000,1,2026-09-10,2026-09-10
orestar-20250101-20260928-787cf45dc908,4792,Tina Kotek,record:9cc9d083a25a2fb62b079465,Lance Larson,Individual,individual,Beaverton,OR,25000,1,2026-09-21,2026-09-21
orestar-20250101-20260928-787cf45dc908,4792,Tina Kotek,record:27116dc53830f3da702d158f,Laurel Puchner,Individual,individual,St. Louis,MO,25000,1,2025-06-23,2025-06-23
orestar-20250101-20260928-787cf45dc908,4792,Tina Kotek,record:12890dad07bb9e2098a8d541,Laurie Christensen,Individual,individual,Portland,OR,25000,1,2026-09-14,2026-09-14
orestar-20250101-20260928-787cf45dc908,4792,Tina Kotek,record:7be209f97b8434b3cdafbfa3,Lawrence Lamarsh,Individual,individual,Tillamook,OR,25000,1,2026-09-10,2026-09-10
orestar-20250101-20260928-787cf45dc908,4792,Tina Kotek,record:360c157d8232eebe25813360,Lee Gordon,Individual,individual,Portland,OR,25000,1,2025-05-01,2025-05-01
orestar-20250101-20260928-787cf45dc908,4792,Tina Kotek,record:800f8a6659dafd9fa48c1482,Leslie Frane,Individual,individual,Woodburn,OR,25000,1,2026-01-07,2026-01-07
orestar-20250101-20260928-787cf45dc908,4792,Tina Kotek,record:832f74c7e84344db485d9bf4,Leslie Kay,Individual,individual,Portland,OR,25000,1,2026-09-14,2026-09-14
orestar-20250101-20260928-787cf45dc908,4792,Tina Kotek,record:367fed0951b323e3bcfaceec,Linda Oder,Individual,individual,Irvine,CA,25000,1,2025-09-03,2025-09-03
orestar-20250101-20260928-787cf45dc908,4792,Tina Kotek,record:d8e3afa8b9e5e2e715ec2756,Lisa Honig,Individual,individual,San Francisco,CA,25000,1,2026-04-01,2026-04-01
orestar-20250101-20260928-787cf45dc908,4792,Tina Kotek,record:034ae2afd58e849cabc07d8c,Lisa Palm,Individual,individual,Happy Valley,OR,25000,1,2026-07-01,2026-07-01
orestar-20250101-20260928-787cf45dc908,4792,Tina Kotek,record:748daa8e48a7b41e6049c9e8,Lisa Reynolds,Individual,individual,Portland,OR,25000,1,2025-11-05,2025-11-05
orestar-20250101-20260928-787cf45dc908,4792,Tina Kotek,record:9b2a4683a141d60aa1e8a4f2,Lisa Verner,Individual,individual,Ashland,OR,25000,1,2026-09-14,2026-09-14
orestar-20250101-20260928-787cf45dc908,4792,Tina Kotek,record:662dc99c44f1e00f60874ea0,Lisa Watson,Individual,individual,Portland,OR,25000,1,2026-04-15,2026-04-15
orestar-20250101-20260928-787cf45dc908,4792,Tina Kotek,record:22874b2b9167b0dc2650e9c1,Lisa Wenzlick,Individual,individual,Portland,OR,25000,1,2026-08-19,2026-08-19
orestar-20250101-20260928-787cf45dc908,4792,Tina Kotek,record:24066bcba866f042c95e85c5,Lolly Tweed,Individual,individual,Sisters,OR,25000,1,2026-09-18,2026-09-18
orestar-20250101-20260928-787cf45dc908,4792,Tina Kotek,record:b311cbbb8e53474a1ff2bf94,Lory Utz,Individual,individual,Roseburg,OR,25000,1,2026-03-18,2026-03-18
orestar-20250101-20260928-787cf45dc908,4792,Tina Kotek,record:0d9ca3e69fd66b48634de78b,Loyd Henion,Individual,individual,Albany,OR,25000,2,2025-10-10,2025-10-10
orestar-20250101-20260928-787cf45dc908,4792,Tina Kotek,record:559cbfc94ebe3fa932a1a38b,Lucy Vinis,Individual,individual,Eugene,OR,25000,1,2026-04-15,2026-04-15
orestar-20250101-20260928-787cf45dc908,4792,Tina Kotek,record:62b9af1cdc9cf5edaa1c1615,Lucy Vinis,Individual,individual,Eugene,OR,25000,1,2025-10-22,2025-10-22
orestar-20250101-20260928-787cf45dc908,4792,Tina Kotek,record:bf3c259269856ebe69981d62,Lupita Maurer,Individual,individual,Portland,OR,25000,1,2025-06-25,2025-06-25
orestar-20250101-20260928-787cf45dc908,4792,Tina Kotek,record:8cf2bfc5471ed509d38705bc,Marcia Rider,Individual,individual,Chapel Hill,NC,25000,1,2025-06-30,2025-06-30
orestar-20250101-20260928-787cf45dc908,4792,Tina Kotek,record:bc9a28345eaa4f2696d6c39e,Margaret Miller,Individual,individual,Sf,CA,25000,1,2025-06-30,2025-06-30
orestar-20250101-20260928-787cf45dc908,4792,Tina Kotek,record:92bcf5953fe3fd75205a669f,Marilyn Cross,Individual,individual,Blue River,OR,25000,10,2025-08-20,2026-09-14
orestar-20250101-20260928-787cf45dc908,4792,Tina Kotek,record:d3217197ea1206d5095e72ff,Marilyn Lane,Individual,individual,Gearart,OR,25000,1,2026-07-01,2026-07-01
orestar-20250101-20260928-787cf45dc908,4792,Tina Kotek,record:14ab44d7ca12051f2bd38df8,Mark Becker,Individual,individual,Portland,OR,25000,1,2026-06-03,2026-06-03
orestar-20250101-20260928-787cf45dc908,4792,Tina Kotek,record:ffac5f88c3fdc05f89a9f402,Mark Chism,Individual,individual,St Helens,OR,25000,1,2025-11-05,2025-11-05
orestar-20250101-20260928-787cf45dc908,4792,Tina Kotek,record:2ea77a5a31f8469a564b3d20,Martha Morandi,Individual,individual,Salem,OR,25000,1,2026-04-15,2026-04-15
orestar-20250101-20260928-787cf45dc908,4792,Tina Kotek,record:f1336216d78db0c071b98dd3,Mary Ann Walker,Individual,individual,Portland,OR,25000,1,2026-06-03,2026-06-03
orestar-20250101-20260928-787cf45dc908,4792,Tina Kotek,record:e5f6e8dcc7d6c0fc04c21160,Mary Louise Mcclintock,Individual,individual,Portland,OR,25000,1,2025-05-07,2025-05-07
orestar-20250101-20260928-787cf45dc908,4792,Tina Kotek,record:2bc88504c57914d20d306a43,Mary Shipley,Individual,individual,Portland,OR,25000,1,2025-11-05,2025-11-05
orestar-20250101-20260928-787cf45dc908,4792,Tina Kotek,record:9b1a0ac04380e7e17a533a56,Mary Skjelset,Individual,individual,Portland,OR,25000,1,2026-09-14,2026-09-14
orestar-20250101-20260928-787cf45dc908,4792,Tina Kotek,record:d02d52d0dd443a6bc3f85eba,Mather Martin,Individual,individual,Sausalito,CA,25000,1,2026-06-17,2026-06-17
orestar-20250101-20260928-787cf45dc908,4792,Tina Kotek,record:b3a6a0ad43665b0e8d915a99,Matthew Holstege,Individual,individual,Salem,OR,25000,1,2025-06-18,2025-06-18
orestar-20250101-20260928-787cf45dc908,4792,Tina Kotek,record:6f1f2cb8e542a0d5d2e1a212,Maureen Russill,Individual,individual,P¿¿Hoa,HI,25000,1,2026-09-21,2026-09-21
orestar-20250101-20260928-787cf45dc908,4792,Tina Kotek,record:636b3926656e876e5bf1b3cd,Merrily Haas,Individual,individual,Tualatin,OR,25000,1,2025-07-30,2025-07-30
orestar-20250101-20260928-787cf45dc908,4792,Tina Kotek,record:73772d443ae1c455fd70b342,Michael Jonas,Individual,individual,Portland,OR,25000,1,2026-05-13,2026-05-13
orestar-20250101-20260928-787cf45dc908,4792,Tina Kotek,record:0f94bef7069c62b0cdcc2d37,Michael Lang,Individual,individual,Portland,OR,25000,1,2026-07-08,2026-07-08
orestar-20250101-20260928-787cf45dc908,4792,Tina Kotek,record:6a67743d11609402de0f8965,Michael Toivonen,Individual,individual,Redwood Valley,CA,25000,1,2026-09-21,2026-09-21
orestar-20250101-20260928-787cf45dc908,4792,Tina Kotek,record:8fedc5a0ff98a7fbe811593f,Michelle Lagos,Individual,individual,Portland,OR,25000,2,2026-05-13,2026-05-13
orestar-20250101-20260928-787cf45dc908,4792,Tina Kotek,record:16a560c8b74f30cbae547789,Michelle Phillips,Individual,individual,Salem,OR,25000,1,2026-02-17,2026-02-17
orestar-20250101-20260928-787cf45dc908,4792,Tina Kotek,record:ff888cfa2df25d41de3a8b26,Mike Thelin,Individual,individual,Portland,OR,25000,1,2025-08-20,2025-08-20
orestar-20250101-20260928-787cf45dc908,4792,Tina Kotek,record:665252ebce84d2540eb0fc4d,Moira Bowman,Individual,individual,Portland,OR,25000,1,2026-09-21,2026-09-21
orestar-20250101-20260928-787cf45dc908,4792,Tina Kotek,record:25d46bf776d9ba42c681cd33,Mona Westhaver,Individual,individual,Portland,OR,25000,1,2025-10-16,2025-10-16
orestar-20250101-20260928-787cf45dc908,4792,Tina Kotek,record:aa0db3845e0a11dba78a25c7,Nancy Golden,Individual,individual,Springfield,OR,25000,1,2026-04-22,2026-04-22
orestar-20250101-20260928-787cf45dc908,4792,Tina Kotek,record:fc9b4fb4dd4c61d8221298a1,Nancy Hales,Individual,individual,Portland,OR,25000,1,2025-10-22,2025-10-22
orestar-20250101-20260928-787cf45dc908,4792,Tina Kotek,record:ba4ea6fb02b09a22f0c3a518,Nancy Kokolj,Individual,individual,San Francisco,CA,25000,1,2026-04-06,2026-04-06
orestar-20250101-20260928-787cf45dc908,4792,Tina Kotek,record:6094180119c1ec2f9cac4fbb,Nathan Morales,Individual,individual,Portland,OR,25000,1,2026-09-21,2026-09-21
orestar-20250101-20260928-787cf45dc908,4792,Tina Kotek,record:d682819f9efed411381e35a0,Neil Giuliano,Individual,individual,Tempe,AZ,25000,1,2026-03-18,2026-03-18
orestar-20250101-20260928-787cf45dc908,4792,Tina Kotek,record:82d8ff336985017cce9cd319,Neil Mickenberg,Individual,individual,Shelburne,VT,25000,1,2026-09-21,2026-09-21
orestar-20250101-20260928-787cf45dc908,4792,Tina Kotek,record:f655e74761d372ceaa156156,Niki Munson,Individual,individual,Lake Oswego,OR,25000,1,2025-11-26,2025-11-26
orestar-20250101-20260928-787cf45dc908,4792,Tina Kotek,record:56bf8edb4d6d05f44c7bb606,Nikole Potulsky,Individual,individual,Portland,OR,25000,1,2026-03-25,2026-03-25
orestar-20250101-20260928-787cf45dc908,4792,Tina Kotek,record:8c7e9e8f61a51b4c8cadfa40,Nora Leibowitz,Individual,individual,Portland,OR,25000,1,2026-09-21,2026-09-21
orestar-20250101-20260928-787cf45dc908,4792,Tina Kotek,record:1e9423bdeaf084ddc297dcab,Pamela David,Individual,individual,Mill Valley,CA,25000,1,2026-03-04,2026-03-04
orestar-20250101-20260928-787cf45dc908,4792,Tina Kotek,record:836272142478a4f2636e9da9,Patricia Dunham,Individual,individual,Eugene,OR,25000,2,2026-08-19,2026-09-14
orestar-20250101-20260928-787cf45dc908,4792,Tina Kotek,record:21a19baf119ff409d0d7500f,Patricia Wentz,Individual,individual,Portland,OR,25000,1,2026-05-22,2026-05-22
orestar-20250101-20260928-787cf45dc908,4792,Tina Kotek,record:e0a288f1fb14e9e4a51b493c,Patti Gillespie,Individual,individual,New Bern,NC,25000,1,2025-06-10,2025-06-10
orestar-20250101-20260928-787cf45dc908,4792,Tina Kotek,record:fbd37ef0afd4f32d2d27e430,Paul Balmer,Individual,individual,Portland,OR,25000,1,2026-09-21,2026-09-21
orestar-20250101-20260928-787cf45dc908,4792,Tina Kotek,record:0a8b58c46115be7d044f906c,Paul Bovarnick,Individual,individual,Portland,OR,25000,1,2026-02-25,2026-02-25
orestar-20250101-20260928-787cf45dc908,4792,Tina Kotek,record:cfc30fc8ef1ca9656f4de670,Paul Bullman,Individual,individual,Portland,OR,25000,1,2026-09-02,2026-09-02
orestar-20250101-20260928-787cf45dc908,4792,Tina Kotek,record:db7b0da5977073aa045efa09,Paul Craig,Individual,individual,Portland,OR,25000,1,2026-04-22,2026-04-22
orestar-20250101-20260928-787cf45dc908,4792,Tina Kotek,record:0d613fad1d6729e0f464083d,Paul Evans,Individual,individual,Salem,OR,25000,1,2025-06-18,2025-06-18
orestar-20250101-20260928-787cf45dc908,4792,Tina Kotek,record:6633780b2c34c377ef1a1343,Paul Mcdonald,Individual,individual,Salem,OR,25000,1,2025-12-10,2025-12-10
orestar-20250101-20260928-787cf45dc908,4792,Tina Kotek,record:c04dea436078c7e67c0bb466,Peter Buckley,Individual,individual,Ashland,OR,25000,1,2026-08-12,2026-08-12
orestar-20250101-20260928-787cf45dc908,4792,Tina Kotek,record:a50b0a8c89c4b872b5c82843,Peter Craig,Individual,individual,Happy Valley,OR,25000,1,2026-09-14,2026-09-14
orestar-20250101-20260928-787cf45dc908,4792,Tina Kotek,record:ab2f73ec1431f9563eb27785,Peter Greenberg,Individual,individual,Albany,OR,25000,1,2026-09-10,2026-09-10
orestar-20250101-20260928-787cf45dc908,4792,Tina Kotek,record:0ab6b79a384c6da055c77296,Peter Hoover,Individual,individual,Sisters,OR,25000,1,2026-09-13,2026-09-13
orestar-20250101-20260928-787cf45dc908,4792,Tina Kotek,record:483fd231668666b8f2ce7326,Peter Platt,Individual,individual,Portland,OR,25000,1,2026-07-29,2026-07-29
orestar-20250101-20260928-787cf45dc908,4792,Tina Kotek,record:98740ae259e7da526d685b8c,Phil Harris,Individual,individual,Portland,OR,25000,9,2025-07-02,2026-09-14
orestar-20250101-20260928-787cf45dc908,4792,Tina Kotek,record:40b42618b66b096391c952aa,Phoebe Shulman-Edelson,Individual,individual,Lake Oswego,OR,25000,1,2026-09-21,2026-09-21
orestar-20250101-20260928-787cf45dc908,4792,Tina Kotek,record:341c984e4d644733c41955c4,Prasenjit Tito Chowdhury,Individual,individual,Portland,OR,25000,1,2026-01-28,2026-01-28
orestar-20250101-20260928-787cf45dc908,4792,Tina Kotek,record:cd8a03ccc6465cb9c7b309c2,Quinn Reilly,Individual,individual,Oakland,CA,25000,1,2025-10-22,2025-10-22
orestar-20250101-20260928-787cf45dc908,4792,Tina Kotek,record:44991c536658d6cf0caf5d70,ROSS BONDURANT,Individual,individual,Eugene,OR,25000,1,2026-07-20,2026-07-20
orestar-20250101-20260928-787cf45dc908,4792,Tina Kotek,record:23d5964eeef013406e798bcc,Rachelle Rask Gonzales,Individual,individual,Portland,OR,25000,1,2026-04-15,2026-04-15
orestar-20250101-20260928-787cf45dc908,4792,Tina Kotek,record:51e19e4afdf8033a41ee25c4,Rafael Mandelman,Individual,individual,San Francisco,CA,25000,1,2026-06-17,2026-06-17
orestar-20250101-20260928-787cf45dc908,4792,Tina Kotek,record:54694dd097961b248ffdb840,Randall Nerwick,Individual,individual,Milwaukie,OR,25000,1,2025-10-22,2025-10-22
orestar-20250101-20260928-787cf45dc908,4792,Tina Kotek,record:aee92ba8837259989e0818c4,Randall Tosh,Individual,individual,Salem,OR,25000,1,2026-09-14,2026-09-14
orestar-20250101-20260928-787cf45dc908,4792,Tina Kotek,record:86c42bb7e270170f22f1aa3f,Ray Tanner,Individual,individual,Portland,OR,25000,1,2026-09-02,2026-09-02
orestar-20250101-20260928-787cf45dc908,4792,Tina Kotek,record:4abeb659dfa0b03b02c8d1bc,Raymond Albano,Individual,individual,Eugene,OR,25000,1,2025-12-31,2025-12-31
orestar-20250101-20260928-787cf45dc908,4792,Tina Kotek,record:12ef68c9b5019558bcf57bb7,Rebecca Bradvica,Individual,individual,Eugene,OR,25000,1,2025-10-01,2025-10-01
orestar-20250101-20260928-787cf45dc908,4792,Tina Kotek,record:99160ac80bf7da15d840f1fb,Richard Anderson,Individual,individual,Vancouver,WA,25000,1,2025-12-10,2025-12-10
orestar-20250101-20260928-787cf45dc908,4792,Tina Kotek,record:c9e812b8fc1f89462d1b72bb,Richard Kent,Individual,individual,Irrigon,OR,25000,1,2026-09-21,2026-09-21
orestar-20250101-20260928-787cf45dc908,4792,Tina Kotek,record:ca91afc11c946ed84c6b0834,Rob Young,Individual,individual,Dallas,TX,25000,1,2025-07-23,2025-07-23
orestar-20250101-20260928-787cf45dc908,4792,Tina Kotek,record:a5668b30a7b71b79b42845bd,Robert Bennett,Individual,individual,Salem,OR,25000,1,2026-09-16,2026-09-16
orestar-20250101-20260928-787cf45dc908,4792,Tina Kotek,record:2894347c36d6366a8f35c3b2,Robert Bulkley,Individual,individual,Beaverton,OR,25000,1,2026-08-26,2026-08-26
orestar-20250101-20260928-787cf45dc908,4792,Tina Kotek,record:45c81d5c9d2da12d533d6b7d,Robert Corl,Individual,individual,Albany,OR,25000,1,2026-09-02,2026-09-02
orestar-20250101-20260928-787cf45dc908,4792,Tina Kotek,record:557ef3cd4fb430a3ee55d591,Robert Kline,Individual,individual,Portland,OR,25000,1,2026-09-10,2026-09-10
orestar-20250101-20260928-787cf45dc908,4792,Tina Kotek,record:71c2e454faefa649124f99c6,Robert Shoemaker,Individual,individual,Portland,OR,25000,1,2026-09-10,2026-09-10
orestar-20250101-20260928-787cf45dc908,4792,Tina Kotek,record:ecefbc6eb6ffb86d45454c5d,Roberta B. Weber,Individual,individual,Corvallis,OR,25000,1,2026-09-02,2026-09-02
orestar-20250101-20260928-787cf45dc908,4792,Tina Kotek,record:83fb381add02a4d0071c569a,Roger Morse,Individual,individual,Happy Valley,OR,25000,1,2026-05-06,2026-05-06
orestar-20250101-20260928-787cf45dc908,4792,Tina Kotek,record:7f657037db437fba64d6f636,Roman Hernandez,Individual,individual,Portland,OR,25000,1,2026-09-21,2026-09-21
orestar-20250101-20260928-787cf45dc908,4792,Tina Kotek,record:97e320832b428f85c991780b,Ron Comini,Individual,individual,The Dalles,OR,25000,1,2026-06-29,2026-06-29
orestar-20250101-20260928-787cf45dc908,4792,Tina Kotek,record:40d185eface525b5658535b2,Ron Kernan,Individual,individual,Portland,OR,25000,5,2026-06-03,2026-08-05
orestar-20250101-20260928-787cf45dc908,4792,Tina Kotek,record:e621a6c98def562c4798d534,Ronald Cease,Individual,individual,Portland,OR,25000,1,2026-08-19,2026-08-19
orestar-20250101-20260928-787cf45dc908,4792,Tina Kotek,record:17dc17a53b4317c4590ee0d1,Rose Christianson,Individual,individual,Corvallis,OR,25000,1,2026-07-15,2026-07-15
orestar-20250101-20260928-787cf45dc908,4792,Tina Kotek,record:b75aa83ece1400f5f116d8b7,Ruth Bernstein,Individual,individual,San Francisco,CA,25000,1,2026-03-11,2026-03-11
orestar-20250101-20260928-787cf45dc908,4792,Tina Kotek,record:456bc83d7232c06de5aeab69,Ruth Chabay,Individual,individual,Portland,OR,25000,1,2026-05-06,2026-05-06
orestar-20250101-20260928-787cf45dc908,4792,Tina Kotek,record:4fec1872bd820f51f993224b,Sabra Hoffman,Individual,individual,Ashland,OR,25000,3,2025-11-03,2026-04-22
orestar-20250101-20260928-787cf45dc908,4792,Tina Kotek,record:dfd4bc6c8ae43f52226a453b,Samuel Metz,Individual,individual,Portland,OR,25000,1,2025-02-05,2025-02-05
orestar-20250101-20260928-787cf45dc908,4792,Tina Kotek,record:8c547b6eddc6f0e7e62ea8e5,Sara Guest,Individual,individual,Portland,OR,25000,1,2026-05-13,2026-05-13
orestar-20250101-20260928-787cf45dc908,4792,Tina Kotek,record:ed3172463cc340fd8de8fb7a,Sarah Russell,Individual,individual,Bend,OR,25000,1,2025-12-24,2025-12-24
orestar-20250101-20260928-787cf45dc908,4792,Tina Kotek,record:a74b1136740173fdc0bbec1a,Sarah Schwarz,Individual,individual,Portland,OR,25000,1,2026-09-14,2026-09-14
orestar-20250101-20260928-787cf45dc908,4792,Tina Kotek,record:af9d88b69fd7fcf4e08238b6,Satoko Motouji,Individual,individual,Eugene,OR,25000,1,2026-09-14,2026-09-14
orestar-20250101-20260928-787cf45dc908,4792,Tina Kotek,record:c860bafdf9295cd1aadf089d,Scott Ballo,Individual,individual,Portland,OR,25000,1,2026-04-29,2026-04-29
orestar-20250101-20260928-787cf45dc908,4792,Tina Kotek,record:a2fe3c64906619b38e1320a4,Scott Kerman,Individual,individual,Portland,OR,25000,1,2026-05-06,2026-05-06
orestar-20250101-20260928-787cf45dc908,4792,Tina Kotek,record:9e7f0b6717e77ccac0921638,Shannon Tennant,Individual,individual,Salem,OR,25000,1,2026-04-01,2026-04-01
orestar-20250101-20260928-787cf45dc908,4792,Tina Kotek,record:972caf9f052d059869361f8b,Sheila Smith,Individual,individual,Lake Oswego,OR,25000,1,2026-08-26,2026-08-26
orestar-20250101-20260928-787cf45dc908,4792,Tina Kotek,record:5d99360294f8b6c2f9eccb01,Slaven Ljuboja,Individual,individual,Portland,OR,25000,1,2026-09-10,2026-09-10
orestar-20250101-20260928-787cf45dc908,4792,Tina Kotek,record:6487341d68e0e8f7d0d38d3a,Sonali Chopra,Individual,individual,San Francisco,CA,25000,1,2026-03-25,2026-03-25
orestar-20250101-20260928-787cf45dc908,4792,Tina Kotek,record:2e39d606f964c9fca71b5617,Sridhar Balakrishnan,Individual,individual,Tigard,OR,25000,1,2026-08-12,2026-08-12
orestar-20250101-20260928-787cf45dc908,4792,Tina Kotek,record:05bc17fff0d36d39048e0c5c,Stephanie Hooper,Individual,individual,Portland,OR,25000,1,2025-03-26,2025-03-26
orestar-20250101-20260928-787cf45dc908,4792,Tina Kotek,record:e21aa585ff754fc477d0ad42,Stephen Sansone,Individual,individual,Salem,OR,25000,1,2025-12-10,2025-12-10
orestar-20250101-20260928-787cf45dc908,4792,Tina Kotek,record:94a78b5c07ddc63b997524b4,Stephen Sundquist,Individual,individual,Seattle,WA,25000,1,2026-01-21,2026-01-21
orestar-20250101-20260928-787cf45dc908,4792,Tina Kotek,record:735b0bfcc63702bc2912b49b,"Steve Bennett Construction, LLC",Business Entity,business,Salem,OR,25000,1,2025-11-20,2025-11-20
orestar-20250101-20260928-787cf45dc908,4792,Tina Kotek,record:d563734dd4a2bc37c9766fd0,Steve Mehlig,Individual,individual,Beaverton,OR,25000,1,2026-05-28,2026-05-28
orestar-20250101-20260928-787cf45dc908,4792,Tina Kotek,record:3528eeef8aaa020118cb1248,Steve Ngo,Individual,individual,San Francisco,CA,25000,1,2026-04-01,2026-04-01
orestar-20250101-20260928-787cf45dc908,4792,Tina Kotek,record:9bbb50888ce665a1089865d2,Steven Lindland,Individual,individual,Silverton,OR,25000,8,2026-07-15,2026-09-21
orestar-20250101-20260928-787cf45dc908,4792,Tina Kotek,record:d2fb8acb70012e0fe7e5abc6,Steven Neuberger,Individual,individual,Ashland,OR,25000,1,2026-09-14,2026-09-14
orestar-20250101-20260928-787cf45dc908,4792,Tina Kotek,record:70430169c28c5a032688e40a,Suhail Khan,Individual,individual,West Linn,OR,25000,1,2025-05-01,2025-05-01
orestar-20250101-20260928-787cf45dc908,4792,Tina Kotek,record:4ca7702dc41824a498740b16,Supriya Perry,Individual,individual,San Jose,CA,25000,1,2026-03-04,2026-03-04
orestar-20250101-20260928-787cf45dc908,4792,Tina Kotek,record:573d2e1265743ae44988f721,Susan Grabe,Individual,individual,Portland,OR,25000,1,2026-09-21,2026-09-21
orestar-20250101-20260928-787cf45dc908,4792,Tina Kotek,record:0904c8d07151abc6f52b32ec,Susan Mensch,Individual,individual,Allentown,PA,25000,1,2025-07-14,2025-07-14
orestar-20250101-20260928-787cf45dc908,4792,Tina Kotek,record:356c13716be325f4f58e8129,Swati Adarkar,Individual,individual,Manhattan Beach,CA,25000,1,2026-01-28,2026-01-28
orestar-20250101-20260928-787cf45dc908,4792,Tina Kotek,record:c20d62b3bffc2203b775259b,Tania Manners,Individual,individual,Portland,OR,25000,1,2026-09-14,2026-09-14
orestar-20250101-20260928-787cf45dc908,4792,Tina Kotek,record:f88e3649199b6b80deab8dbe,Tara Wasiak,Individual,individual,Portland,OR,25000,1,2026-09-21,2026-09-21
orestar-20250101-20260928-787cf45dc908,4792,Tina Kotek,record:ec4532dbdb0aac2deb17af5d,Tashiana Wangler,Individual,individual,Portland,OR,25000,1,2026-06-03,2026-06-03
orestar-20250101-20260928-787cf45dc908,4792,Tina Kotek,record:403036c38be50e8d66f86e41,Teresa Holter,Individual,individual,Gresham,OR,25000,7,2025-05-14,2025-10-01
orestar-20250101-20260928-787cf45dc908,4792,Tina Kotek,record:df5178a876abda69b35a2157,Teresa Statler,Individual,individual,Portland,OR,25000,1,2025-04-29,2025-04-29
orestar-20250101-20260928-787cf45dc908,4792,Tina Kotek,record:ca33c6ea9e6c055a28dc5e1c,Terri Hammond,Individual,individual,Tigard,OR,25000,1,2026-05-13,2026-05-13
orestar-20250101-20260928-787cf45dc908,4792,Tina Kotek,record:57aba20371fdda508ee6786d,Theda White,Individual,individual,Harrison,NY,25000,1,2025-06-02,2025-06-02
orestar-20250101-20260928-787cf45dc908,4792,Tina Kotek,record:852d63106f635925f3fd54c1,Theresa Gibney,Individual,individual,Corvallis,OR,25000,1,2026-08-26,2026-08-26
orestar-20250101-20260928-787cf45dc908,4792,Tina Kotek,record:99000c26e8088c53c3d606fb,Thomas Lemieux,Individual,individual,Portland,OR,25000,1,2026-08-26,2026-08-26
orestar-20250101-20260928-787cf45dc908,4792,Tina Kotek,record:c9b9919eea2ae3f04837d5d0,Thomas Smith,Individual,individual,Lake Oswego,OR,25000,1,2026-04-01,2026-04-01
orestar-20250101-20260928-787cf45dc908,4792,Tina Kotek,record:397401204884fe421d34f7a1,Tim Layton,Individual,individual,Olympia,WA,25000,1,2026-03-18,2026-03-18
orestar-20250101-20260928-787cf45dc908,4792,Tina Kotek,record:8403142f7634db06f54308ee,Tim Miller,Individual,individual,Portland,OR,25000,1,2025-04-09,2025-04-09
orestar-20250101-20260928-787cf45dc908,4792,Tina Kotek,record:e45147dc59826d985189fff2,Timothy Grabe,Individual,individual,Portland,OR,25000,1,2026-09-10,2026-09-10
orestar-20250101-20260928-787cf45dc908,4792,Tina Kotek,record:1637242a0c79b35d7128217b,Timothy Thunder,Individual,individual,Portland,OR,25000,1,2025-10-22,2025-10-22
orestar-20250101-20260928-787cf45dc908,4792,Tina Kotek,record:d16e440716a29fad542f25a0,Todd Hanchett,Individual,individual,Portland,OR,25000,1,2025-12-17,2025-12-17
orestar-20250101-20260928-787cf45dc908,4792,Tina Kotek,record:cdbfdd9f0cbc634ee2cdce8b,Todd Marcero,Individual,individual,Mill Valley,CA,25000,1,2026-06-17,2026-06-17
orestar-20250101-20260928-787cf45dc908,4792,Tina Kotek,record:b430512a3400df8e2634a052,Tom Hutchison,Individual,individual,Baker City,OR,25000,1,2026-08-26,2026-08-26
orestar-20250101-20260928-787cf45dc908,4792,Tina Kotek,record:ea00d2394d4bb47334a35e08,Tony Moore,Individual,individual,Fairview,OR,25000,1,2026-06-24,2026-06-24
orestar-20250101-20260928-787cf45dc908,4792,Tina Kotek,record:a7ad6fc610b08937c8d0a62a,Tre Monaghan,Individual,individual,Portland,OR,25000,5,2026-05-20,2026-09-14
orestar-20250101-20260928-787cf45dc908,4792,Tina Kotek,record:db19701f120e647c65a0afa2,Valerie Reynolds,Individual,individual,Washington,DC,25000,1,2026-03-25,2026-03-25
orestar-20250101-20260928-787cf45dc908,4792,Tina Kotek,record:63f155eb18395786e5563535,Vicki Bryden,Individual,individual,Medford,OR,25000,5,2025-10-22,2025-12-17
orestar-20250101-20260928-787cf45dc908,4792,Tina Kotek,record:61dc62e488fec96da45270fb,Vicki Griesinger,Individual,individual,Ashland,OR,25000,1,2026-09-21,2026-09-21
orestar-20250101-20260928-787cf45dc908,4792,Tina Kotek,record:d49a0098a32362205d5ea2ba,Vicki Griesinger,Individual,individual,Ashland,OR,25000,1,2026-04-23,2026-04-23
orestar-20250101-20260928-787cf45dc908,4792,Tina Kotek,record:e3ca8e7584d0c4a106a218f3,Victoria C Leo,Individual,individual,Ashland,OR,25000,3,2026-08-19,2026-09-21
orestar-20250101-20260928-787cf45dc908,4792,Tina Kotek,record:b4c284c3fb5033b1f30c4403,Victoria Skellcerf,Individual,individual,Eugene,OR,25000,1,2026-09-14,2026-09-14
orestar-20250101-20260928-787cf45dc908,4792,Tina Kotek,record:53f535101beef5cd5b662465,Wayne Freitas,Individual,individual,Newberg,OR,25000,1,2026-07-29,2026-07-29
orestar-20250101-20260928-787cf45dc908,4792,Tina Kotek,record:bffb8a2e3a533b73a6d9aef9,Will Macke,Individual,individual,Portland,OR,25000,1,2026-09-02,2026-09-02
orestar-20250101-20260928-787cf45dc908,4792,Tina Kotek,record:4ff3a73940a5e11088cc6e7e,William Boggess,Individual,individual,Corvallis,OR,25000,1,2026-08-05,2026-08-05
orestar-20250101-20260928-787cf45dc908,4792,Tina Kotek,record:677c4aaf11e48b46d4006185,William Eddie,Individual,individual,Portland,OR,25000,1,2026-06-03,2026-06-03
orestar-20250101-20260928-787cf45dc908,4792,Tina Kotek,record:5f571d9b3916f5dd0b4028e2,William Kowalczyk,Individual,individual,San Leandro,CA,25000,1,2026-07-02,2026-07-02
orestar-20250101-20260928-787cf45dc908,4792,Tina Kotek,record:bcd2517a78cfbb8bbecb7037,William Sweat,Individual,individual,Dundee,OR,25000,1,2026-04-15,2026-04-15
orestar-20250101-20260928-787cf45dc908,4792,Tina Kotek,record:77ee18205e316d4585f57b20,Withers Lumber,Business Entity,business,Woodburn,OR,25000,1,2025-11-20,2025-11-20
orestar-20250101-20260928-787cf45dc908,4792,Tina Kotek,record:a625d1d4f874e5c98d64c31c,Yulia Brockdorf,Individual,individual,Hillsboro,OR,25000,1,2025-10-22,2025-10-22
orestar-20250101-20260928-787cf45dc908,4792,Tina Kotek,record:7f0536829bbb0fa70583d2d2,Zachary Mason,Individual,individual,Portland,OR,25000,1,2026-09-21,2026-09-21
orestar-20250101-20260928-787cf45dc908,4792,Tina Kotek,record:7a9a6a9221706fd027ce8123,James Lee,Individual,individual,Houston,TX,24800,20,2026-08-19,2026-09-21
orestar-20250101-20260928-787cf45dc908,4792,Tina Kotek,record:954f0b0e2d3dc004fc09910d,Jean Heldstab,Individual,individual,Coos Bay,OR,24600,17,2026-04-15,2026-07-15
orestar-20250101-20260928-787cf45dc908,4792,Tina Kotek,record:9195e5be64b3412c075ce3e8,Michael Southard,Individual,individual,Springfield,OR,23500,9,2025-05-28,2026-09-17
orestar-20250101-20260928-787cf45dc908,4792,Tina Kotek,record:e87d52d48950294e926d6a1d,Patrick Knowlen,Individual,individual,Eugene,OR,23500,25,2026-05-13,2026-09-21
orestar-20250101-20260928-787cf45dc908,4792,Tina Kotek,record:5b21f2e69c79158dd8da03bc,Anthony Stamper,Individual,individual,Salem,OR,23000,23,2025-06-18,2026-09-21
orestar-20250101-20260928-787cf45dc908,4792,Tina Kotek,record:c076308e8b346e5fa6677f63,Marcella Evans,Individual,individual,Portland,OR,23000,3,2025-10-09,2026-09-23
orestar-20250101-20260928-787cf45dc908,4792,Tina Kotek,record:b0cb14afeeb1644e3f4b47a1,Daniel Dunatchik,Individual,individual,Portland,OR,22800,8,2025-10-22,2026-08-12
orestar-20250101-20260928-787cf45dc908,4792,Tina Kotek,record:73c6d70733d1efedda07762c,Susan Richards,Individual,individual,Brownsville,OR,22700,7,2025-08-20,2026-09-21
orestar-20250101-20260928-787cf45dc908,4792,Tina Kotek,record:2d9a75ab418728ee968ed30b,Charles Edgar,Individual,individual,Tigard,OR,22600,46,2026-05-06,2026-09-21
orestar-20250101-20260928-787cf45dc908,4792,Tina Kotek,record:9a8116d46ca6e7a7529e9542,Alden Swan,Individual,individual,Keizer,OR,22500,3,2026-07-29,2026-08-26
orestar-20250101-20260928-787cf45dc908,4792,Tina Kotek,record:a54005bd9b190e0f86874316,Carol Trueba,Individual,individual,Corvallis,OR,22500,4,2025-12-10,2026-09-10
orestar-20250101-20260928-787cf45dc908,4792,Tina Kotek,record:b9a53be35712b6898716e94c,James Worth,Individual,individual,Brownsville,OR,22500,5,2026-07-29,2026-09-14
orestar-20250101-20260928-787cf45dc908,4792,Tina Kotek,record:64cf73beb968019db3887228,Jean Pozzi,Individual,individual,Bend,OR,22500,4,2026-04-29,2026-08-26
orestar-20250101-20260928-787cf45dc908,4792,Tina Kotek,record:55528042d0cafcc76da0c8b0,Judy Brazee,Individual,individual,Corvallis,OR,22500,6,2025-10-01,2026-09-17
orestar-20250101-20260928-787cf45dc908,4792,Tina Kotek,record:1764b43dee0c41ca7b40a45a,Kathie Raisler,Individual,individual,Rockaway Beach,OR,22500,2,2025-11-05,2026-09-14
orestar-20250101-20260928-787cf45dc908,4792,Tina Kotek,record:62d581d4e37edcbe0310ccb9,Larry Baker,Individual,individual,Happy Valley,OR,22500,9,2026-07-02,2026-09-21
orestar-20250101-20260928-787cf45dc908,4792,Tina Kotek,record:6eb2632553ee5c1173f9dd09,Lynn Reer,Individual,individual,Portland,OR,22500,3,2025-10-08,2026-08-19
orestar-20250101-20260928-787cf45dc908,4792,Tina Kotek,record:624cf6c23c78c6621820669c,R. David Bray,Individual,individual,Corvallis,OR,22500,7,2026-05-20,2026-09-21
orestar-20250101-20260928-787cf45dc908,4792,Tina Kotek,record:55803ff8a24c4c900170cb1c,Rebecca Helm,Individual,individual,Portland,OR,22500,4,2025-11-05,2025-12-31
orestar-20250101-20260928-787cf45dc908,4792,Tina Kotek,record:38a4da5be6400b1d3c9231af,Robert Bitter,Individual,individual,Canby,OR,22500,5,2026-07-02,2026-09-21
orestar-20250101-20260928-787cf45dc908,4792,Tina Kotek,record:d96d369fe3c9922c89effd79,Sally Denniston,Individual,individual,Grants Pass,OR,22500,6,2026-09-02,2026-09-21
orestar-20250101-20260928-787cf45dc908,4792,Tina Kotek,record:a0ff570e92a5f05a764333df,Scott Taylor,Individual,individual,Bend,OR,22500,6,2025-10-03,2026-09-10
orestar-20250101-20260928-787cf45dc908,4792,Tina Kotek,record:ac76019f9e9ab365697ba082,Catherine Smith,Individual,individual,Portland,OR,22400,19,2025-06-18,2026-09-21
orestar-20250101-20260928-787cf45dc908,4792,Tina Kotek,record:f3debb1dfbed98cfa56a1d3b,Linda Bright,Individual,individual,Happy Valley,OR,22400,31,2026-05-20,2026-09-21
orestar-20250101-20260928-787cf45dc908,4792,Tina Kotek,record:5641cf8a3dc3b89247d8389e,Tracy Cranick,Individual,individual,Astoria,OR,22400,17,2026-07-02,2026-09-02
orestar-20250101-20260928-787cf45dc908,4792,Tina Kotek,record:7c556053b740ed85660710c4,Catherine Myers,Individual,individual,West Linn,OR,22000,25,2026-06-10,2026-09-21
orestar-20250101-20260928-787cf45dc908,4792,Tina Kotek,record:4237731ec9e6036a2778eab0,David Daley,Individual,individual,Portland,OR,22000,6,2026-04-22,2026-08-26
orestar-20250101-20260928-787cf45dc908,4792,Tina Kotek,record:91699315953ce07a9942e598,Suzanne Taylor,Individual,individual,Salem,OR,22000,5,2026-04-29,2026-08-05
orestar-20250101-20260928-787cf45dc908,4792,Tina Kotek,record:037b7aa03a85d6dfbc55f4a2,Kurt Zarder,Individual,individual,Coos Bay,OR,21900,10,2025-08-13,2026-09-14
orestar-20250101-20260928-787cf45dc908,4792,Tina Kotek,record:051a2db44cf1d181acccacda,Linda Hanchett,Individual,individual,Veneta,OR,21700,12,2025-08-20,2025-11-05
orestar-20250101-20260928-787cf45dc908,4792,Tina Kotek,record:63baa0948aa330eb3a4868d6,Anne Kennedy,Individual,individual,Portland,OR,21500,11,2026-06-03,2026-09-10
orestar-20250101-20260928-787cf45dc908,4792,Tina Kotek,record:8d9478be523800e6d519dee5,Margaret Garman,Individual,individual,Newberg,OR,21500,3,2025-11-05,2026-04-06
orestar-20250101-20260928-787cf45dc908,4792,Tina Kotek,record:a8f33088801ce094ee7ff3e1,Nancy Broskie,Individual,individual,Salem,OR,21100,6,2026-07-29,2026-09-21
orestar-20250101-20260928-787cf45dc908,4792,Tina Kotek,record:53b4f1fdc8f20efd7664c8e9,Carolyn Smith-Evans,Individual,individual,Salem,OR,21000,21,2026-04-29,2026-09-21
orestar-20250101-20260928-787cf45dc908,4792,Tina Kotek,record:ae2b38baa82260319ab151b7,Elaine Lortscher,Individual,individual,Gold Beach,OR,21000,18,2025-12-10,2026-09-14
orestar-20250101-20260928-787cf45dc908,4792,Tina Kotek,record:e021fad74b6909e22db37532,Joyce Abrams,Individual,individual,Cave Junction,OR,21000,11,2025-07-07,2026-09-02
orestar-20250101-20260928-787cf45dc908,4792,Tina Kotek,record:f33d1811c61c45e8022bcb13,Richard Vohs,Individual,individual,Stayton,OR,21000,7,2026-06-24,2026-09-14
orestar-20250101-20260928-787cf45dc908,4792,Tina Kotek,record:6d0577051bc67ec67f826c88,Denise Frisbee,Individual,individual,Portland,OR,20600,3,2025-12-10,2026-09-21
orestar-20250101-20260928-787cf45dc908,4792,Tina Kotek,record:a246678495b882a6b81c03f1,Aedan James,Individual,individual,Amity,OR,20500,12,2025-12-03,2026-09-21
orestar-20250101-20260928-787cf45dc908,4792,Tina Kotek,record:bc3516d0ccb77f254fd6e692,Ellen Metz,Individual,individual,Portland,OR,20500,9,2026-07-29,2026-09-21
orestar-20250101-20260928-787cf45dc908,4792,Tina Kotek,record:885877e9cc47a059a6284d91,Lillene Fifield,Individual,individual,Roseburg,OR,20500,7,2026-04-29,2026-09-02
orestar-20250101-20260928-787cf45dc908,4792,Tina Kotek,record:682995458629f061e7a66f27,Martha Andrews,Individual,individual,Portland,OR,20500,2,2025-03-06,2025-11-03
orestar-20250101-20260928-787cf45dc908,4792,Tina Kotek,record:0a6ec05539718f34005e626d,Margaret Willowmoon,Individual,individual,Corvallis,OR,20200,7,2026-03-25,2026-09-14
orestar-20250101-20260928-787cf45dc908,4792,Tina Kotek,record:88ea3318b304cc8a5e72f147,Steven Lien,Individual,individual,Portland,OR,20200,2,2025-11-19,2026-09-02
orestar-20250101-20260928-787cf45dc908,4792,Tina Kotek,record:ca780170b72880cf40f7ff86,Christina Gullion,Individual,individual,Portland,OR,20100,3,2026-09-10,2026-09-21
orestar-20250101-20260928-787cf45dc908,4792,Tina Kotek,record:563f736f1ce2fbaf3ebbfbad,Abbey Bowman,Individual,individual,Portland,OR,20000,1,2025-07-23,2025-07-23
orestar-20250101-20260928-787cf45dc908,4792,Tina Kotek,record:f26837e97e25f1bd88e53f98,Abby Gershenzon,Individual,individual,Eugene,OR,20000,1,2026-04-22,2026-04-22
orestar-20250101-20260928-787cf45dc908,4792,Tina Kotek,record:8d37390a22433a7b4d07cfbc,Alesanne Dugan,Individual,individual,Lebanon,OR,20000,1,2026-09-14,2026-09-14
orestar-20250101-20260928-787cf45dc908,4792,Tina Kotek,record:fbca4df69c1f94ba12e31143,Alfredo Soto,Individual,individual,Rockaway Beach,OR,20000,2,2026-05-06,2026-05-06
orestar-20250101-20260928-787cf45dc908,4792,Tina Kotek,record:43514e1a686223c3d768ac43,Amador Bustos,Individual,individual,Portland,OR,20000,1,2026-09-21,2026-09-21
orestar-20250101-20260928-787cf45dc908,4792,Tina Kotek,record:c8a9be44e60e4396d35ac335,Amy Edwards,Individual,individual,Portland,OR,20000,1,2025-10-22,2025-10-22
orestar-20250101-20260928-787cf45dc908,4792,Tina Kotek,record:3bd2b80f4d67caa450a6a2bb,Amy Renalds,Individual,individual,Bend,OR,20000,1,2026-09-02,2026-09-02
orestar-20250101-20260928-787cf45dc908,4792,Tina Kotek,record:926b7bdbb4fa5e4faf2c7453,Andrew Rivinus,Individual,individual,Canby,OR,20000,2,2026-06-10,2026-09-10
orestar-20250101-20260928-787cf45dc908,4792,Tina Kotek,record:ec9f08c46fb83a440dbc9edc,Angel Falconer,Individual,individual,Forest Grove,OR,20000,1,2026-03-11,2026-03-11
orestar-20250101-20260928-787cf45dc908,4792,Tina Kotek,record:ad53f5de33bdc11311d88ba8,Angela Schmidt,Individual,individual,Portland,OR,20000,1,2026-06-08,2026-06-08
orestar-20250101-20260928-787cf45dc908,4792,Tina Kotek,record:197ce2a0619c3020afc54456,Ann Lee Chilla,Individual,individual,North Bend,OR,20000,3,2025-12-05,2026-09-23
orestar-20250101-20260928-787cf45dc908,4792,Tina Kotek,record:2b7386963d0361f75f0c8ab5,Anne Laskaya,Individual,individual,Eugene,OR,20000,2,2025-09-17,2025-10-01
orestar-20250101-20260928-787cf45dc908,4792,Tina Kotek,record:a2a124aa6fe0c55c7db8c68a,Aspen Mckenna,Individual,individual,Hood River,OR,20000,1,2026-09-10,2026-09-10
orestar-20250101-20260928-787cf45dc908,4792,Tina Kotek,record:2f10d5acf76b426e52b1e074,Aydrea Bogeaus,Individual,individual,Los Angeles,CA,20000,1,2026-03-04,2026-03-04
orestar-20250101-20260928-787cf45dc908,4792,Tina Kotek,record:7f82abfb8461e80d843792ad,Bjorn Bakke,Individual,individual,Portland,OR,20000,1,2025-06-04,2025-06-04
orestar-20250101-20260928-787cf45dc908,4792,Tina Kotek,record:4115ef3c01c434833643edf9,Brian Wilkinson,Individual,individual,Bend,OR,20000,1,2026-09-02,2026-09-02
orestar-20250101-20260928-787cf45dc908,4792,Tina Kotek,record:b40b8bfddc5d73a073b9ba41,Bruce Chaser,Individual,individual,Portland,OR,20000,1,2026-08-12,2026-08-12
orestar-20250101-20260928-787cf45dc908,4792,Tina Kotek,record:0b9406ca239a8deb73751a04,Bruce Newton,Individual,individual,Portland,OR,20000,1,2026-09-02,2026-09-02
orestar-20250101-20260928-787cf45dc908,4792,Tina Kotek,record:978d13484db7a917aa556a96,Bryce Butler,Individual,individual,Portland,OR,20000,2,2026-05-13,2026-09-21
orestar-20250101-20260928-787cf45dc908,4792,Tina Kotek,record:762c30b7f040202b95981653,Carl Carmichael,Individual,individual,Eugene,OR,20000,2,2026-07-15,2026-08-05
orestar-20250101-20260928-787cf45dc908,4792,Tina Kotek,record:4740724f965919f553eaa78d,Carl Snow,Individual,individual,Cazenovia,NY,20000,1,2026-05-13,2026-05-13
orestar-20250101-20260928-787cf45dc908,4792,Tina Kotek,record:91fdc8336ca741885dfcec59,Carmen Rivas,Individual,individual,Toledo,OR,20000,3,2026-07-29,2026-09-21
orestar-20250101-20260928-787cf45dc908,4792,Tina Kotek,record:f259d4124d9d207e71e1f151,Carol Berkvist,Individual,individual,Brooklyn,NY,20000,1,2025-07-17,2025-07-17
orestar-20250101-20260928-787cf45dc908,4792,Tina Kotek,record:f3909f3e411b03094a48c879,Carol Cushman,Individual,individual,Portland,OR,20000,1,2026-06-24,2026-06-24
orestar-20250101-20260928-787cf45dc908,4792,Tina Kotek,record:b822278c8d36b816dfc8f61a,Carol Veber,Individual,individual,Philomath,OR,20000,1,2026-04-08,2026-04-08
orestar-20250101-20260928-787cf45dc908,4792,Tina Kotek,record:c39fca2fca2afe205092b802,Catherine Trietsch,Individual,individual,Salem,OR,20000,1,2026-06-08,2026-06-08
orestar-20250101-20260928-787cf45dc908,4792,Tina Kotek,record:2d049eeaa1f45e6303fe85a7,Charles Mooney,Individual,individual,Costa Mesa,CA,20000,3,2026-07-29,2026-09-10
orestar-20250101-20260928-787cf45dc908,4792,Tina Kotek,record:17024446a5fa6644e030491d,Cherie Long,Individual,individual,Happy Valley,OR,20000,3,2026-07-29,2026-08-19
orestar-20250101-20260928-787cf45dc908,4792,Tina Kotek,record:523f51705b5b81944be00e05,Christine Edlund,Individual,individual,Portland,OR,20000,2,2026-07-29,2026-08-19
orestar-20250101-20260928-787cf45dc908,4792,Tina Kotek,record:a3eb76a1f3435db21ad8d5a0,Christine Lujan,Individual,individual,Tigard,OR,20000,2,2026-08-26,2026-08-26
orestar-20250101-20260928-787cf45dc908,4792,Tina Kotek,record:55685c3b78702e4e2ae439f2,Christopher Moore,Individual,individual,Eugene,OR,20000,2,2026-08-19,2026-09-21
orestar-20250101-20260928-787cf45dc908,4792,Tina Kotek,record:11941bb82aff30c48436712c,Connie Heath,Individual,individual,Redmond,OR,20000,2,2026-09-02,2026-09-21
orestar-20250101-20260928-787cf45dc908,4792,Tina Kotek,record:88e5043b21556db4d1caf55e,Connie Hutchison,Individual,individual,Yamhill,OR,20000,1,2026-08-13,2026-08-13
orestar-20250101-20260928-787cf45dc908,4792,Tina Kotek,record:2b2000363f53c78d59bf4555,Cyan Strategies LLC,Business Entity,business,Seattle,WA,20000,1,2026-05-06,2026-05-06
orestar-20250101-20260928-787cf45dc908,4792,Tina Kotek,record:11a5a5dc0d703b17cfbf312c,Dan Altman,Individual,individual,Ashland,OR,20000,1,2025-05-21,2025-05-21
orestar-20250101-20260928-787cf45dc908,4792,Tina Kotek,record:0f6905d89351294bb8b6451e,Darcy Maupin,Individual,individual,Sisters,OR,20000,1,2026-09-10,2026-09-10
orestar-20250101-20260928-787cf45dc908,4792,Tina Kotek,record:2f428c8320965969899d2799,David Bononcini,Individual,individual,Astoria,OR,20000,1,2025-12-10,2025-12-10
orestar-20250101-20260928-787cf45dc908,4792,Tina Kotek,record:031c465c68dd5b1faeb6f1a1,David Sours,Individual,individual,Jacksonville,OR,20000,1,2025-05-20,2025-05-20
orestar-20250101-20260928-787cf45dc908,4792,Tina Kotek,record:fd415a9441f22bb06053f0aa,David Williams,Individual,individual,Waldport,OR,20000,2,2025-12-10,2026-07-01
orestar-20250101-20260928-787cf45dc908,4792,Tina Kotek,record:f276f47b15ebb05e78ece59c,Deborah Newport,Individual,individual,Sisters,OR,20000,1,2026-09-10,2026-09-10
orestar-20250101-20260928-787cf45dc908,4792,Tina Kotek,record:e0234e281789cc9aa3940bc3,Dillon Borton,Individual,individual,Portland,OR,20000,1,2025-07-23,2025-07-23
orestar-20250101-20260928-787cf45dc908,4792,Tina Kotek,record:2f33841f579216719f98fd37,Donna Edison,Individual,individual,Bend,OR,20000,2,2026-08-19,2026-09-21
orestar-20250101-20260928-787cf45dc908,4792,Tina Kotek,record:b463f9f2bc6516e49e01ecb5,Donna Lipscomb,Individual,individual,Sisters,OR,20000,1,2026-09-10,2026-09-10
orestar-20250101-20260928-787cf45dc908,4792,Tina Kotek,record:6df61632c2460107a0fe35db,Douglas Ertner,Individual,individual,Redmond,OR,20000,1,2026-09-21,2026-09-21
orestar-20250101-20260928-787cf45dc908,4792,Tina Kotek,record:030744efc7a0b9ac521e4d2d,Edward Geesman,Individual,individual,Rhododendron,OR,20000,5,2026-07-15,2026-09-21
orestar-20250101-20260928-787cf45dc908,4792,Tina Kotek,record:2fd08e9207e4bd8047535554,Elaine Johnson,Individual,individual,Hood River,OR,20000,1,2026-09-21,2026-09-21
orestar-20250101-20260928-787cf45dc908,4792,Tina Kotek,record:6e27f20e8a0ea2fcf4ad0a1f,Eliza Kauder,Individual,individual,Ashland,OR,20000,1,2025-05-21,2025-05-21
orestar-20250101-20260928-787cf45dc908,4792,Tina Kotek,record:c8e2e75bf7b32d740d4db0cd,Ellen Stauder,Individual,individual,Beaverton,OR,20000,2,2026-04-06,2026-05-06
orestar-20250101-20260928-787cf45dc908,4792,Tina Kotek,record:5f427af7db6266061af6f35f,Emily Nammacher,Individual,individual,Manhattan,NY,20000,1,2026-08-12,2026-08-12
orestar-20250101-20260928-787cf45dc908,4792,Tina Kotek,record:ecbfa8d6c00679a24bb393a9,Evelyn Kenney,Individual,individual,Beaverton,OR,20000,2,2025-11-10,2026-09-18
orestar-20250101-20260928-787cf45dc908,4792,Tina Kotek,record:326fe8e7ceefa55397b39852,Frank Caropelo,Individual,individual,Portland D,OR,20000,1,2025-05-28,2025-05-28
orestar-20250101-20260928-787cf45dc908,4792,Tina Kotek,record:739cb8ec8ba4dae741fc42c9,Gary Cundiff,Individual,individual,Sisters,OR,20000,1,2026-09-02,2026-09-02
orestar-20250101-20260928-787cf45dc908,4792,Tina Kotek,record:5abd67b35f51a4a7a6632fc1,Gary Porter,Individual,individual,Medford,OR,20000,1,2026-09-21,2026-09-21
orestar-20250101-20260928-787cf45dc908,4792,Tina Kotek,record:d320f9a0281ccc6ccf4fe3c0,Gigi Ashley,Individual,individual,Ashland,OR,20000,1,2025-05-28,2025-05-28
orestar-20250101-20260928-787cf45dc908,4792,Tina Kotek,record:97614c1d175d79ea5566e8de,Ginny White,Individual,individual,Eugene,OR,20000,1,2026-09-10,2026-09-10
orestar-20250101-20260928-787cf45dc908,4792,Tina Kotek,record:d76dae7f2a4f3da46c921199,Glen Rea,Individual,individual,Albany,OR,20000,2,2026-08-05,2026-08-05
orestar-20250101-20260928-787cf45dc908,4792,Tina Kotek,record:00c5c750866401e6afe1e5a4,Gordon Sabold,Individual,individual,Bandon,OR,20000,1,2026-06-03,2026-06-03
orestar-20250101-20260928-787cf45dc908,4792,Tina Kotek,record:69de381f205bf28de6a2fab7,Greg Ellis,Individual,individual,Eugene,OR,20000,4,2026-06-17,2026-09-14
orestar-20250101-20260928-787cf45dc908,4792,Tina Kotek,record:e553ffa92adfdd917e5d1590,Gregory Lawless,Individual,individual,Portland,OR,20000,1,2026-09-02,2026-09-02
orestar-20250101-20260928-787cf45dc908,4792,Tina Kotek,record:eb10621fc71f6ff14ab5c3a5,Gretchen Merrill,Individual,individual,Sisters,OR,20000,1,2026-09-02,2026-09-02
orestar-20250101-20260928-787cf45dc908,4792,Tina Kotek,record:8ba14765636db63f65d727d4,Gwen Hanson,Individual,individual,Sisters,OR,20000,1,2026-09-10,2026-09-10
orestar-20250101-20260928-787cf45dc908,4792,Tina Kotek,record:2342de017895c758c6a0b02c,Gwen Rudolph,Individual,individual,Portland,OR,20000,1,2026-06-03,2026-06-03
orestar-20250101-20260928-787cf45dc908,4792,Tina Kotek,record:cfb25a0226b93d3ee2d6a4ed,Hal Colvin,Individual,individual,Salem,OR,20000,1,2026-06-10,2026-06-10
orestar-20250101-20260928-787cf45dc908,4792,Tina Kotek,record:ffccdee22a8d6412625680a2,Harvey Clawson,Individual,individual,Portland,OR,20000,1,2025-04-16,2025-04-16
orestar-20250101-20260928-787cf45dc908,4792,Tina Kotek,record:62b3a0410634b30d5a6a3cef,Jack Mcgowan,Individual,individual,Sisters,OR,20000,1,2026-09-02,2026-09-02
orestar-20250101-20260928-787cf45dc908,4792,Tina Kotek,record:cc18df93e870f6f1d2e0ef61,James Whallon,Individual,individual,Boring,OR,20000,1,2026-08-17,2026-08-17
orestar-20250101-20260928-787cf45dc908,4792,Tina Kotek,record:733ae59df1e571b5714dd6d9,James Yohe,Individual,individual,Sherwood,OR,20000,2,2026-08-19,2026-09-21
orestar-20250101-20260928-787cf45dc908,4792,Tina Kotek,record:49e28ce040ee7f653fd11fe0,Jean Rystrom,Individual,individual,Portland,OR,20000,1,2026-09-02,2026-09-02
orestar-20250101-20260928-787cf45dc908,4792,Tina Kotek,record:6b4c80601a8774cb474a9aae,Jenai May,Individual,individual,Medford,OR,20000,2,2026-09-21,2026-09-21
orestar-20250101-20260928-787cf45dc908,4792,Tina Kotek,record:2d155c891a4835ac275d9e9f,Jesse Russell,Individual,individual,Bend,OR,20000,1,2026-09-02,2026-09-02
orestar-20250101-20260928-787cf45dc908,4792,Tina Kotek,record:a1f6b43016e2330e122cdee9,Jim Peterson,Individual,individual,San Jose,CA,20000,1,2025-06-09,2025-06-09
orestar-20250101-20260928-787cf45dc908,4792,Tina Kotek,record:659f289e831d3b5b33d3b845,Jin Lan,Individual,individual,Camas,WA,20000,2,2026-08-05,2026-08-05
orestar-20250101-20260928-787cf45dc908,4792,Tina Kotek,record:b09fb24321b081f2c7af7add,Jo Ann Hardesty,Individual,individual,Portland,OR,20000,1,2026-08-12,2026-08-12
orestar-20250101-20260928-787cf45dc908,4792,Tina Kotek,record:a85f081cb53d40edf6f09a50,Joan Erwert,Individual,individual,Hillsboro,OR,20000,2,2026-09-02,2026-09-21
orestar-20250101-20260928-787cf45dc908,4792,Tina Kotek,record:c34cb88b7942412ed295afeb,Joanne Cornelius,Individual,individual,Arch Cape,OR,20000,1,2026-05-06,2026-05-06
orestar-20250101-20260928-787cf45dc908,4792,Tina Kotek,record:a4ce100bcd08b266579ce6f1,Joanne Posey,Individual,individual,Portland,OR,20000,1,2026-09-02,2026-09-02
orestar-20250101-20260928-787cf45dc908,4792,Tina Kotek,record:52303bf4afe56e00e17fd32f,Joanne Stern,Individual,individual,Salem,OR,20000,1,2026-08-24,2026-08-24
orestar-20250101-20260928-787cf45dc908,4792,Tina Kotek,record:e310727a4622bf146527a6c8,Joey Shearer,Individual,individual,Bend,OR,20000,1,2026-09-10,2026-09-10
orestar-20250101-20260928-787cf45dc908,4792,Tina Kotek,record:a61e0f4f3d876a0e04e67584,John Mullin,Individual,individual,Oregon City,OR,20000,20,2025-06-18,2026-09-21
orestar-20250101-20260928-787cf45dc908,4792,Tina Kotek,record:154b8f4b8691db16098b05b8,John Rahm,Individual,individual,Sisters,OR,20000,1,2026-09-10,2026-09-10
orestar-20250101-20260928-787cf45dc908,4792,Tina Kotek,record:0eca5272edc14afad86fc21a,Jon Guido,Individual,individual,Salem,OR,20000,2,2026-09-02,2026-09-10
orestar-20250101-20260928-787cf45dc908,4792,Tina Kotek,record:f3de46a3d029efaa4df723f7,Judy Gonzales,Individual,individual,Milwaukie,OR,20000,1,2026-09-21,2026-09-21
orestar-20250101-20260928-787cf45dc908,4792,Tina Kotek,record:c8e232257f3de494d8f9212a,Julie Haugen,Individual,individual,Eugene,OR,20000,1,2026-06-03,2026-06-03
orestar-20250101-20260928-787cf45dc908,4792,Tina Kotek,record:1407a88a12ee524898be73fe,Karey Wollam,Individual,individual,Eugene,OR,20000,2,2026-07-09,2026-09-23
orestar-20250101-20260928-787cf45dc908,4792,Tina Kotek,record:5d1d899ecb34089c370a99c7,Karie Trumbo,Individual,individual,Portland,OR,20000,1,2026-06-03,2026-06-03
orestar-20250101-20260928-787cf45dc908,4792,Tina Kotek,record:8341b5fb22446a4615e10b94,Katherine Berger,Individual,individual,Keizer,OR,20000,2,2026-05-28,2026-09-21
orestar-20250101-20260928-787cf45dc908,4792,Tina Kotek,record:23853cbd0a05e46eba467c21,Katherine Riley,Individual,individual,Hillsboro,OR,20000,1,2026-03-18,2026-03-18
orestar-20250101-20260928-787cf45dc908,4792,Tina Kotek,record:59173b6e4d2e0efb2805bc3a,Kathleen Dennis,Individual,individual,Bountiful,UT,20000,8,2025-04-30,2025-12-03
orestar-20250101-20260928-787cf45dc908,4792,Tina Kotek,record:1508cbe8871f2e4c04d570e8,Kendal Mcdonald,Individual,individual,Manzanita,OR,20000,2,2026-07-02,2026-09-10
orestar-20250101-20260928-787cf45dc908,4792,Tina Kotek,record:ce0f094d1413525faca77305,Kenneth Canavarro,Individual,individual,Portland,OR,20000,5,2026-07-22,2026-09-21
orestar-20250101-20260928-787cf45dc908,4792,Tina Kotek,record:225d93cfe4536d6236fa8dba,Kent Robinson,Individual,individual,Beaverton,OR,20000,1,2026-08-26,2026-08-26
orestar-20250101-20260928-787cf45dc908,4792,Tina Kotek,record:9c7d4486dbf2dc052eb2fa6e,Kirsten Sommer,Individual,individual,Lake Oswego,OR,20000,1,2026-08-19,2026-08-19
orestar-20250101-20260928-787cf45dc908,4792,Tina Kotek,record:4a2d026c138ffd7c2e21792a,Larry Conner,Individual,individual,Tigard,OR,20000,1,2026-09-14,2026-09-14
orestar-20250101-20260928-787cf45dc908,4792,Tina Kotek,record:93c0a4a306b92bc7387948d5,Larry Hall,Individual,individual,Glide,OR,20000,1,2026-08-31,2026-08-31
orestar-20250101-20260928-787cf45dc908,4792,Tina Kotek,record:d5e8e0d82d90c425e622e9d5,Lauren Clarke,Individual,individual,Portland,OR,20000,1,2026-08-05,2026-08-05
orestar-20250101-20260928-787cf45dc908,4792,Tina Kotek,record:46ccf3e24be4e050374640cd,Lew Frederick,Individual,individual,Portland,OR,20000,4,2026-06-03,2026-09-10
orestar-20250101-20260928-787cf45dc908,4792,Tina Kotek,record:ef80f0f35b28ba4aa10d4166,Linda Feik,Individual,individual,Forest Grove,OR,20000,2,2026-09-10,2026-09-10
orestar-20250101-20260928-787cf45dc908,4792,Tina Kotek,record:357216a14e4a62b4f2f453a8,Linda Floyd,Individual,individual,Portland,OR,20000,3,2026-06-24,2026-09-21
orestar-20250101-20260928-787cf45dc908,4792,Tina Kotek,record:de6771767411e731a9a9cb30,Linda Gretsch,Individual,individual,Portland,OR,20000,1,2025-10-30,2025-10-30
orestar-20250101-20260928-787cf45dc908,4792,Tina Kotek,record:f362eb3c93212ef49d8db611,Linda Nelkin,Individual,individual,Eugene,OR,20000,1,2026-09-21,2026-09-21
orestar-20250101-20260928-787cf45dc908,4792,Tina Kotek,record:e15796f987c1c09b0d9762a9,Linda Weick,Individual,individual,Portland,OR,20000,1,2026-08-26,2026-08-26
orestar-20250101-20260928-787cf45dc908,4792,Tina Kotek,record:64328ae890105fc106ed49e0,Lisa Nielsen,Individual,individual,Redmond,OR,20000,1,2026-09-10,2026-09-10
orestar-20250101-20260928-787cf45dc908,4792,Tina Kotek,record:88048fdf421c4d789923a098,Lisa Schupp,Individual,individual,Albany,OR,20000,1,2026-08-26,2026-08-26
orestar-20250101-20260928-787cf45dc908,4792,Tina Kotek,record:2c6174acd9eb530d33077ac4,Lori Grady,Individual,individual,Canby,OR,20000,2,2026-08-19,2026-08-19
orestar-20250101-20260928-787cf45dc908,4792,Tina Kotek,record:46f8b2e77d536b4f06f50c7f,Louise Currin,Individual,individual,Portland,OR,20000,2,2025-07-30,2026-05-06
orestar-20250101-20260928-787cf45dc908,4792,Tina Kotek,record:e12d16169c067513c4576a7d,Madelyn Elder,Individual,individual,Portland,OR,20000,1,2026-08-05,2026-08-05
orestar-20250101-20260928-787cf45dc908,4792,Tina Kotek,record:43bc9b8298578c50be3df95b,Mai Vang,Individual,individual,Salem,OR,20000,1,2025-05-28,2025-05-28
orestar-20250101-20260928-787cf45dc908,4792,Tina Kotek,record:1158f7174b260a3cdfb1fb3d,Maria Elena Guerra,Individual,individual,Woodburn,OR,20000,1,2025-11-26,2025-11-26
orestar-20250101-20260928-787cf45dc908,4792,Tina Kotek,record:18de276b55c699ac166cee1b,Marian Fenimore,Individual,individual,Portland,OR,20000,1,2026-09-14,2026-09-14
orestar-20250101-20260928-787cf45dc908,4792,Tina Kotek,record:1c6f948632693256d247ab92,Marilyn Couch,Individual,individual,Portland,OR,20000,2,2026-09-14,2026-09-14
orestar-20250101-20260928-787cf45dc908,4792,Tina Kotek,record:c63018e37d9fd9b96413d753,Mark Watson,Individual,individual,Hillsboro,OR,20000,1,2026-04-29,2026-04-29
orestar-20250101-20260928-787cf45dc908,4792,Tina Kotek,record:242cfb4e2c72548769047c38,Mary Beth Watt,Individual,individual,Ashland,OR,20000,6,2026-05-20,2026-09-21
orestar-20250101-20260928-787cf45dc908,4792,Tina Kotek,record:19c6c0899a9749e1e9b21319,Mary Knoke,Individual,individual,Ashland,OR,20000,1,2025-03-06,2025-03-06
orestar-20250101-20260928-787cf45dc908,4792,Tina Kotek,record:fadca0c8044d65ac72f321f3,Mary Pickett,Individual,individual,Portland,OR,20000,1,2026-05-13,2026-05-13
orestar-20250101-20260928-787cf45dc908,4792,Tina Kotek,record:45f73860122437c44036c500,Mary Wahl,Individual,individual,Portland,OR,20000,1,2026-07-28,2026-07-28
orestar-20250101-20260928-787cf45dc908,4792,Tina Kotek,record:5c601f85270b11b585d63ef3,May Fan,Individual,individual,Sisters,OR,20000,1,2026-09-02,2026-09-02
orestar-20250101-20260928-787cf45dc908,4792,Tina Kotek,record:b8651a4898adad01f5e0dcda,Melissa Barnes Dholakia,Individual,individual,Bend,OR,20000,1,2025-06-04,2025-06-04
orestar-20250101-20260928-787cf45dc908,4792,Tina Kotek,record:8e33a4fe91d2adcb97325381,Michael Israel,Individual,individual,Ashland,OR,20000,1,2025-04-23,2025-04-23
orestar-20250101-20260928-787cf45dc908,4792,Tina Kotek,record:0c8d42c95cd35e16e79e3ce8,Molly Foerster,Individual,individual,Bend,OR,20000,1,2025-04-30,2025-04-30
orestar-20250101-20260928-787cf45dc908,4792,Tina Kotek,record:886a7181479a3949cc1a2973,Nancy Elaine Broskie,Individual,individual,Salem,OR,20000,2,2026-04-06,2026-05-06
orestar-20250101-20260928-787cf45dc908,4792,Tina Kotek,record:3bdae3877780d923d46699af,Nancy Kraemer,Individual,individual,Deschutes County,OR,20000,1,2026-09-02,2026-09-02
orestar-20250101-20260928-787cf45dc908,4792,Tina Kotek,record:7586b92b478c6a79d5519f14,Nancy Stueber,Individual,individual,Portland,OR,20000,1,2026-04-29,2026-04-29
orestar-20250101-20260928-787cf45dc908,4792,Tina Kotek,record:2e52f0d55b6842a96967b282,Naomi Angier,Individual,individual,Portland,OR,20000,2,2026-09-10,2026-09-10
orestar-20250101-20260928-787cf45dc908,4792,Tina Kotek,record:397752350a630549feebbe2a,Pamela Kislak,Individual,individual,Portland,OR,20000,1,2025-04-23,2025-04-23
orestar-20250101-20260928-787cf45dc908,4792,Tina Kotek,record:4f423008a0e6ae39b56641d3,Pamela Yates,Individual,individual,Gresham,OR,20000,5,2026-06-03,2026-09-02
orestar-20250101-20260928-787cf45dc908,4792,Tina Kotek,record:45f2cefeb616bb03bff6982c,Patricia Tanttila,Individual,individual,Pacifica,CA,20000,1,2026-09-14,2026-09-14
orestar-20250101-20260928-787cf45dc908,4792,Tina Kotek,record:43d5b6702c44e48761606065,Patsy Rogers,Individual,individual,Greenport,NY,20000,8,2025-08-20,2026-06-17
orestar-20250101-20260928-787cf45dc908,4792,Tina Kotek,record:fc06f9cc4a0eb259a75d8253,Patsy Rogers,Individual,individual,Greenport,NY,20000,5,2025-06-09,2026-09-21
orestar-20250101-20260928-787cf45dc908,4792,Tina Kotek,record:f32e7f9af9fb9cbaf7d20683,Patty Riggs-Henson,Individual,individual,Springfield,OR,20000,1,2026-04-26,2026-04-26
orestar-20250101-20260928-787cf45dc908,4792,Tina Kotek,record:02a731114f08448f566ff91b,Paul Doyle,Individual,individual,Coos Bay,OR,20000,2,2026-09-10,2026-09-10
orestar-20250101-20260928-787cf45dc908,4792,Tina Kotek,record:eacf1b8050df1c48cbd4c963,Peter Melrose,Individual,individual,Lake Oswego,OR,20000,2,2026-04-01,2026-04-01
orestar-20250101-20260928-787cf45dc908,4792,Tina Kotek,record:00180b2ed36f245fea324f13,Rachael Duke,Individual,individual,Portland,OR,20000,1,2025-11-05,2025-11-05
orestar-20250101-20260928-787cf45dc908,4792,Tina Kotek,record:99c4c1bf94568bc0ec549588,Reatha Ryan,Individual,individual,Newport,OR,20000,2,2025-10-08,2025-10-08
orestar-20250101-20260928-787cf45dc908,4792,Tina Kotek,record:df85fa4dd348d47d41b78784,Reuel Kurzet,Individual,individual,Portland,OR,20000,1,2026-08-03,2026-08-03
orestar-20250101-20260928-787cf45dc908,4792,Tina Kotek,record:d57b22d2f2378f8d670dedfe,Richard Burkhart,Individual,individual,Gresham,OR,20000,2,2026-07-29,2026-07-29
orestar-20250101-20260928-787cf45dc908,4792,Tina Kotek,record:77b43f79a477a5073a00d515,Richard Ingalls,Individual,individual,Lake Oswego,OR,20000,1,2026-09-21,2026-09-21
orestar-20250101-20260928-787cf45dc908,4792,Tina Kotek,record:edd332dbe31102f3e98fde13,Robert Melnick,Individual,individual,Eugene,OR,20000,7,2026-04-06,2026-09-02
orestar-20250101-20260928-787cf45dc908,4792,Tina Kotek,record:1bce702f39010d45b292be20,Robert Nilles,Individual,individual,Sandy,OR,20000,1,2025-02-19,2025-02-19
orestar-20250101-20260928-787cf45dc908,4792,Tina Kotek,record:2a0cb418316116e1cceb1bfb,Robert Sams,Individual,individual,Corvallis,OR,20000,2,2026-08-05,2026-09-10
orestar-20250101-20260928-787cf45dc908,4792,Tina Kotek,record:58cef69a3ac1b886d55274cb,Robert W Corrigan,Individual,individual,Sisters,OR,20000,1,2026-09-10,2026-09-10
orestar-20250101-20260928-787cf45dc908,4792,Tina Kotek,record:35090bd4823c88d93eb6e4ca,Roberta Bowles,Individual,individual,Bend,OR,20000,3,2026-09-14,2026-09-21
orestar-20250101-20260928-787cf45dc908,4792,Tina Kotek,record:b0a12a362646df55f2d78512,Rodica Busui,Individual,individual,Beaverton,OR,20000,1,2025-12-17,2025-12-17
orestar-20250101-20260928-787cf45dc908,4792,Tina Kotek,record:b87855f2a25ec7ec830e58bd,Roland Kretschmann,Individual,individual,Phoenix,OR,20000,2,2026-09-10,2026-09-10
orestar-20250101-20260928-787cf45dc908,4792,Tina Kotek,record:17c47738dde7f0a972271dfe,Romeo Ilie Nicolof,Individual,individual,Portland,OR,20000,2,2025-08-13,2026-08-19
orestar-20250101-20260928-787cf45dc908,4792,Tina Kotek,record:78eefd4afa4240e09c44538c,Ronnie Wise,Individual,individual,Beaverton,OR,20000,1,2025-07-09,2025-07-09
orestar-20250101-20260928-787cf45dc908,4792,Tina Kotek,record:000136851bc89363ba4b574e,Roy Pulvers,Individual,individual,Portland,OR,20000,1,2025-04-30,2025-04-30
orestar-20250101-20260928-787cf45dc908,4792,Tina Kotek,record:a96ab1d40a045f0629e40e0b,Ruth Gundle,Individual,individual,Portland,OR,20000,1,2025-04-29,2025-04-29
orestar-20250101-20260928-787cf45dc908,4792,Tina Kotek,record:b058f6da82e808cc94f02da8,Ruth Julkowski,Individual,individual,Portland,OR,20000,1,2026-09-08,2026-09-08
orestar-20250101-20260928-787cf45dc908,4792,Tina Kotek,record:18254e58706e283f73202527,Sandra Biard,Individual,individual,Eugene,OR,20000,1,2026-09-21,2026-09-21
orestar-20250101-20260928-787cf45dc908,4792,Tina Kotek,record:91d4e0e51d2b501e4efb6117,Sandra Stewart,Individual,individual,Portland,OR,20000,1,2026-09-02,2026-09-02
orestar-20250101-20260928-787cf45dc908,4792,Tina Kotek,record:f4a74a35a30c076f919747fc,Sandra Woodward,Individual,individual,Portland,OR,20000,2,2026-09-02,2026-09-02
orestar-20250101-20260928-787cf45dc908,4792,Tina Kotek,record:aa7ceb7bc796d3e9bef78f72,Sarah Thompson,Individual,individual,Portland,OR,20000,2,2026-07-29,2026-07-29
orestar-20250101-20260928-787cf45dc908,4792,Tina Kotek,record:0657548b28aceef70da8916c,Sarah Tillery,Individual,individual,Bend,OR,20000,1,2026-09-02,2026-09-02
orestar-20250101-20260928-787cf45dc908,4792,Tina Kotek,record:84a8501d0832d85a709e40af,Shari Gale,Individual,individual,Albany,OR,20000,2,2026-08-26,2026-09-21
orestar-20250101-20260928-787cf45dc908,4792,Tina Kotek,record:927655ff345c004d24ad82c9,Sharon Palumbo,Individual,individual,Portland,OR,20000,1,2025-10-29,2025-10-29
orestar-20250101-20260928-787cf45dc908,4792,Tina Kotek,record:38e42fbf4ce72138d2c63d70,Sharon Ungerleider,Individual,individual,Springfield,OR,20000,2,2026-09-14,2026-09-21
orestar-20250101-20260928-787cf45dc908,4792,Tina Kotek,record:bbe5458840a129a2a2642e88,Sherry Meith,Individual,individual,Mount Angel,OR,20000,1,2026-09-21,2026-09-21
orestar-20250101-20260928-787cf45dc908,4792,Tina Kotek,record:88ac942168bd15a6c0d5a460,Shibin Li,Individual,individual,Lake Oswego,OR,20000,1,2026-02-04,2026-02-04
orestar-20250101-20260928-787cf45dc908,4792,Tina Kotek,record:6441c2606254d9861590cf87,Shirley Lindell,Individual,individual,Roseburg,OR,20000,4,2026-04-06,2026-07-08
orestar-20250101-20260928-787cf45dc908,4792,Tina Kotek,record:9b27b92af04367de5f5b481f,Sloan Heermance,Individual,individual,Eugene,OR,20000,1,2026-09-10,2026-09-10
orestar-20250101-20260928-787cf45dc908,4792,Tina Kotek,record:62680d6c71bc57820db41456,Sonya Carlson,Individual,individual,Eugene,OR,20000,1,2025-10-10,2025-10-10
orestar-20250101-20260928-787cf45dc908,4792,Tina Kotek,record:6c311fde16f82033cd532885,Stan C Smith,Individual,individual,Hillsboro,OR,20000,2,2026-07-02,2026-07-02
orestar-20250101-20260928-787cf45dc908,4792,Tina Kotek,record:1a01017d7c771060fa6a89da,Stefanie Siebold,Individual,individual,Sisters,OR,20000,1,2026-09-02,2026-09-02
orestar-20250101-20260928-787cf45dc908,4792,Tina Kotek,record:c791e07d605c04a0116b477a,Stephanie Smythe,Individual,individual,Salem,OR,20000,1,2026-01-21,2026-01-21
orestar-20250101-20260928-787cf45dc908,4792,Tina Kotek,record:340ab026f2af7735f3927432,Stephen Lagozzino,Individual,individual,Beaverton,OR,20000,1,2026-05-01,2026-05-01
orestar-20250101-20260928-787cf45dc908,4792,Tina Kotek,record:3743ad4c46fb58d70a4189c7,Stephen Lagozzino,Individual,individual,Beaverton,OR,20000,1,2026-04-29,2026-04-29
orestar-20250101-20260928-787cf45dc908,4792,Tina Kotek,record:3651f844529f5aa12b85dc83,Stephen Platt,Individual,individual,Bend,OR,20000,1,2026-09-10,2026-09-10
orestar-20250101-20260928-787cf45dc908,4792,Tina Kotek,record:3d7dcabe56ba49fc95c432b1,Stephen Still,Individual,individual,Eugene,OR,20000,4,2026-07-02,2026-08-19
orestar-20250101-20260928-787cf45dc908,4792,Tina Kotek,record:74b63f392189208991e75d0c,Steven Archer,Individual,individual,Gold Beach,OR,20000,2,2026-05-06,2026-05-06
orestar-20250101-20260928-787cf45dc908,4792,Tina Kotek,record:6b1aa649f5174a2c9a23b9c2,Steven Mullinax,Individual,individual,Portland,OR,20000,1,2026-08-19,2026-08-19
orestar-20250101-20260928-787cf45dc908,4792,Tina Kotek,record:4c656b7dbfe36af55b3917e1,Susan Cassens,Individual,individual,Salem,OR,20000,1,2026-09-02,2026-09-02
orestar-20250101-20260928-787cf45dc908,4792,Tina Kotek,record:37cd9f809a60389570c86eb9,Susan Williams,Individual,individual,Redmond,OR,20000,2,2026-06-10,2026-06-10
orestar-20250101-20260928-787cf45dc908,4792,Tina Kotek,record:39b5be22cddc589bf2f15a3c,Taylor Stamper,Individual,individual,Portland,OR,20000,1,2025-11-19,2025-11-19
orestar-20250101-20260928-787cf45dc908,4792,Tina Kotek,record:a615677182fad5c17d5b4116,Ted Keener,Individual,individual,Bend,OR,20000,1,2026-07-01,2026-07-01
orestar-20250101-20260928-787cf45dc908,4792,Tina Kotek,record:e5ce943a37b78a43e8b189e6,The Crawford Family Trust,Other,other,Eugene,OR,20000,1,2025-03-06,2025-03-06
orestar-20250101-20260928-787cf45dc908,4792,Tina Kotek,record:f674b675e0404795528ba74e,Thomas Sincic,Individual,individual,Portland,OR,20000,1,2025-07-30,2025-07-30
orestar-20250101-20260928-787cf45dc908,4792,Tina Kotek,record:d2beb32558afe82b0489151e,Tim Goss,Individual,individual,Eugene,OR,20000,1,2026-09-21,2026-09-21
orestar-20250101-20260928-787cf45dc908,4792,Tina Kotek,record:2a733d8b664da330263cf0dc,Timothy Sercombe,Individual,individual,Portland,OR,20000,1,2026-09-21,2026-09-21
orestar-20250101-20260928-787cf45dc908,4792,Tina Kotek,record:c00827ee65875bf87713199b,Tom Horman,Individual,individual,Lake Oswego,OR,20000,2,2026-07-15,2026-07-29
orestar-20250101-20260928-787cf45dc908,4792,Tina Kotek,record:c98a67320d5b320235d571b7,Tom Smith,Individual,individual,Beaverton,OR,20000,1,2026-04-15,2026-04-15
orestar-20250101-20260928-787cf45dc908,4792,Tina Kotek,record:6171bf8f0c7dd371c44d21bd,Tracy Askins,Individual,individual,Bandon,OR,20000,2,2026-08-19,2026-09-10
orestar-20250101-20260928-787cf45dc908,4792,Tina Kotek,record:d528bbc2575956384fc1cd63,Tyler Bennett,Individual,individual,Ashland,OR,20000,1,2026-09-21,2026-09-21
orestar-20250101-20260928-787cf45dc908,4792,Tina Kotek,record:ecc3183381db2207f2bf27b0,Vance Yoakum Jr,Individual,individual,Portland,OR,20000,2,2026-08-12,2026-09-10
orestar-20250101-20260928-787cf45dc908,4792,Tina Kotek,record:3f6f9c45db3e1c98559e1d2e,Vicki Monthei,Individual,individual,Beaverton,OR,20000,1,2026-08-26,2026-08-26
orestar-20250101-20260928-787cf45dc908,4792,Tina Kotek,record:a2d23109c67e0088019d6693,William Birnbaum,Individual,individual,Sisters,OR,20000,1,2026-09-02,2026-09-02
orestar-20250101-20260928-787cf45dc908,4792,Tina Kotek,record:358c229eb1671c974016f73c,William Madill,Individual,individual,Portland,OR,20000,1,2026-05-06,2026-05-06
orestar-20250101-20260928-787cf45dc908,4792,Tina Kotek,record:7ca773fa8aa6adc000807c97,William Modesitt,Individual,individual,Ashland,OR,20000,2,2026-06-29,2026-09-17
orestar-20250101-20260928-787cf45dc908,4792,Tina Kotek,record:d011ddc6619eacf3c0649c3e,William Wilkinson,Individual,individual,Lake Oswego,OR,20000,1,2026-08-19,2026-08-19
orestar-20250101-20260928-787cf45dc908,4792,Tina Kotek,record:d64bb2422d1ded500a21e9ec,Zaid Al-Mulla,Individual,individual,Portland,OR,20000,1,2026-08-12,2026-08-12
orestar-20250101-20260928-787cf45dc908,4792,Tina Kotek,record:4d83f791d61ba17cf13b5ea5,Krystal Ashling,Individual,individual,Beaverton,OR,19500,10,2026-07-02,2026-09-21
orestar-20250101-20260928-787cf45dc908,4792,Tina Kotek,record:00aaf1211e01cf37396a707f,Amy Shapiro,Individual,individual,Beaverton,OR,19300,9,2025-10-08,2026-08-12
orestar-20250101-20260928-787cf45dc908,4792,Tina Kotek,record:e1ebadc37f057dec742acad2,Ruth Falco,Individual,individual,Portland,OR,19200,14,2026-06-10,2026-09-21
orestar-20250101-20260928-787cf45dc908,4792,Tina Kotek,record:30ac2749def5c272c784fb72,Paul E Compton,Individual,individual,Eugene,OR,19000,6,2026-05-13,2026-09-10
orestar-20250101-20260928-787cf45dc908,4792,Tina Kotek,record:1ebe891c79e757a0d98f601f,Sharon Stokes,Individual,individual,Hubbard,OR,19000,16,2026-07-02,2026-09-21
orestar-20250101-20260928-787cf45dc908,4792,Tina Kotek,record:7df7b94c0836a7ba5a06bd52,Tim Hanagan,Individual,individual,Williams,OR,18800,5,2026-07-29,2026-09-21
orestar-20250101-20260928-787cf45dc908,4792,Tina Kotek,record:0484230aec7ce2aa9c36b46e,David Harnden-Warwick,Individual,individual,Bellingham,WA,18750,1,2025-10-22,2025-10-22
orestar-20250101-20260928-787cf45dc908,4792,Tina Kotek,record:7a15cbcd1467e9b771290d10,Stephen March,Individual,individual,Portland,OR,18532,3,2026-03-27,2026-09-21
orestar-20250101-20260928-787cf45dc908,4792,Tina Kotek,record:12e9166e3fa5882c0b9e24d3,Bruce Horwath,Individual,individual,Hillsboro,OR,18500,7,2025-08-20,2026-09-21
orestar-20250101-20260928-787cf45dc908,4792,Tina Kotek,record:2c0cb7aac1ffb67674a9714f,Robert Russon,Individual,individual,Beaverton,OR,18500,4,2026-07-29,2026-09-14
orestar-20250101-20260928-787cf45dc908,4792,Tina Kotek,record:4de95942a45d73cd25462f0a,Patricia Scott,Individual,individual,Portland,OR,18300,10,2025-10-22,2026-09-14
orestar-20250101-20260928-787cf45dc908,4792,Tina Kotek,record:e571b5872d859766136ad2ea,James Smith,Individual,individual,Eugene,OR,18000,11,2025-07-09,2026-07-29
orestar-20250101-20260928-787cf45dc908,4792,Tina Kotek,record:cb2ca44c9f2974d683b5d468,Joel Komarek,Individual,individual,Powell Butte,OR,18000,6,2026-06-24,2026-09-21
orestar-20250101-20260928-787cf45dc908,4792,Tina Kotek,record:b4620d73e35c1e3befec6ec4,Richard Fleisher,Individual,individual,Palm Beach Gardens,FL,18000,4,2026-07-15,2026-07-29
orestar-20250101-20260928-787cf45dc908,4792,Tina Kotek,record:cb519fd7e1bf23fc4090f0fa,Robert Schor,Individual,individual,Kensington,MD,18000,1,2025-09-22,2025-09-22
orestar-20250101-20260928-787cf45dc908,4792,Tina Kotek,record:e2f21101b89beefbf9405530,Karl Bachman,Individual,individual,Springfiled,OR,17700,8,2026-05-20,2026-09-10
orestar-20250101-20260928-787cf45dc908,4792,Tina Kotek,record:cc5e6303ae530bafc54ce25f,Anne Huffman,Individual,individual,Talent,OR,17500,3,2026-07-02,2026-09-02
orestar-20250101-20260928-787cf45dc908,4792,Tina Kotek,record:b65d97c0fcea37d36bc794a7,Christie Little,Individual,individual,Portland,OR,17500,7,2025-12-17,2026-09-14
orestar-20250101-20260928-787cf45dc908,4792,Tina Kotek,record:9392ac75b824a30295257260,Craig Tutor,Individual,individual,Salem,OR,17500,7,2025-08-06,2026-09-14
orestar-20250101-20260928-787cf45dc908,4792,Tina Kotek,record:425b86f5dc10dec0f4feb9b0,David Still,Individual,individual,Portland,OR,17500,3,2025-12-10,2026-08-26
orestar-20250101-20260928-787cf45dc908,4792,Tina Kotek,record:70645d27a41491f7b2acc488,Deborah Johnson,Individual,individual,Eugene,OR,17500,3,2025-12-10,2026-08-26
orestar-20250101-20260928-787cf45dc908,4792,Tina Kotek,record:46c885715c5e6fd877824373,Emily Taylor,Individual,individual,Atlanta,GA,17500,13,2026-07-29,2026-09-14
orestar-20250101-20260928-787cf45dc908,4792,Tina Kotek,record:417ae38088d1c5a3f13d4384,Ivan Hoyt,Individual,individual,Salem,OR,17500,7,2025-11-05,2026-09-02
orestar-20250101-20260928-787cf45dc908,4792,Tina Kotek,record:93f47d8ce44b6460906074c9,John Pletta,Individual,individual,Springfield,OR,17500,6,2026-05-28,2026-08-05
orestar-20250101-20260928-787cf45dc908,4792,Tina Kotek,record:35b094f1da00c1129cfb3f2e,Judith Miller,Individual,individual,Gresham,OR,17500,3,2026-09-10,2026-09-21
orestar-20250101-20260928-787cf45dc908,4792,Tina Kotek,record:0df01ae5f4fec8af49c5c2c9,Margaret Sjogren,Individual,individual,Ashland,OR,17500,3,2025-10-22,2025-11-05
orestar-20250101-20260928-787cf45dc908,4792,Tina Kotek,record:e511e914bef2331801649ac5,Martha Mealy,Individual,individual,Portland,OR,17500,4,2026-08-05,2026-09-21
orestar-20250101-20260928-787cf45dc908,4792,Tina Kotek,record:cdab01f53c9561ebcc7b308f,Mischelle Mcmillan,Individual,individual,Portland,OR,17500,4,2026-07-01,2026-09-21
orestar-20250101-20260928-787cf45dc908,4792,Tina Kotek,record:b0fb3819be0edad86d8f5151,Suzanne Taylor,Individual,individual,Salem,OR,17500,3,2026-04-06,2026-09-21
orestar-20250101-20260928-787cf45dc908,4792,Tina Kotek,record:7ea770fe1b3c895ff57d4229,Thomas Hogan,Individual,individual,Milwaukie,OR,17500,3,2025-07-16,2025-12-10
orestar-20250101-20260928-787cf45dc908,4792,Tina Kotek,record:129ced3c63751f5006b55f1c,Wendy Hawkins,Individual,individual,Beaverton,OR,17500,4,2026-04-01,2026-05-06
orestar-20250101-20260928-787cf45dc908,4792,Tina Kotek,record:b6ddc734e56010e3ee74b01c,Deb Gruba,Individual,individual,Milwaukie,OR,17000,7,2026-07-15,2026-08-19
orestar-20250101-20260928-787cf45dc908,4792,Tina Kotek,record:72d8b11f325540a05e7dc84a,Sally Waters,Individual,individual,Eugene,OR,17000,3,2026-09-02,2026-09-21
orestar-20250101-20260928-787cf45dc908,4792,Tina Kotek,record:9068cd8321bc58ca2e5f825a,Harriet Werner,Individual,individual,Walnut Creek,CA,16850,1,2025-10-08,2025-10-08
orestar-20250101-20260928-787cf45dc908,4792,Tina Kotek,record:fefd31aaed77f98a5011cad8,John Bennett,Individual,individual,Fort Jones,CA,16500,10,2026-08-19,2026-09-21
orestar-20250101-20260928-787cf45dc908,4792,Tina Kotek,record:3b6c181be59ce92aa5c2aed0,Robert Jarvis,Individual,individual,Corvallis,OR,16500,10,2026-08-19,2026-09-21
orestar-20250101-20260928-787cf45dc908,4792,Tina Kotek,record:807b64c60719df7bdbfb4a64,Terry Schmitz,Individual,individual,Eugene,OR,16400,12,2026-08-19,2026-09-21
orestar-20250101-20260928-787cf45dc908,4792,Tina Kotek,record:d6dc33bc5cf7530813705c40,Peter Melrose,Individual,individual,Lake Oswego,OR,16200,2,2025-11-05,2025-12-10
orestar-20250101-20260928-787cf45dc908,4792,Tina Kotek,record:83b16863851ff2d9d4329fbc,Randall Olsen,Individual,individual,Clackamas,OR,16200,6,2026-05-20,2026-09-21
orestar-20250101-20260928-787cf45dc908,4792,Tina Kotek,record:b843dafecba410836d65724b,Lorraine Mcintyre,Individual,individual,Portland,OR,16100,10,2026-08-05,2026-09-21
orestar-20250101-20260928-787cf45dc908,4792,Tina Kotek,record:a11dc6b0b3cd8158358c612a,Anne Wagner,Individual,individual,Portland,OR,16000,6,2025-05-28,2025-12-24
orestar-20250101-20260928-787cf45dc908,4792,Tina Kotek,record:59757cf5b472565c3f73f405,Barbara Rybacki,Individual,individual,West Linn,OR,16000,7,2026-05-06,2026-09-10
orestar-20250101-20260928-787cf45dc908,4792,Tina Kotek,record:874ca487e8d5ce65fca11c5a,Johanna Boyle,Individual,individual,Portland,OR,16000,1,2026-09-21,2026-09-21
orestar-20250101-20260928-787cf45dc908,4792,Tina Kotek,record:4555eb80094b79c9b4396c4a,Jonathan May,Individual,individual,Portland,OR,16000,2,2026-07-29,2026-09-02
orestar-20250101-20260928-787cf45dc908,4792,Tina Kotek,record:88c27ed38ad601d8c25a54c3,Wendy Urbanowicz,Individual,individual,Vancouver,WA,16000,16,2026-07-01,2026-09-21
orestar-20250101-20260928-787cf45dc908,4792,Tina Kotek,record:34fa93507faa40b0e25e0f46,Courtenay Padgett,Individual,individual,Eugene,OR,15500,3,2026-07-15,2026-09-10
orestar-20250101-20260928-787cf45dc908,4792,Tina Kotek,record:1a792b291b9518d3c0d4c3f7,Meredith Reynolds,Individual,individual,Ashland,OR,15500,9,2025-10-16,2026-09-21
orestar-20250101-20260928-787cf45dc908,4792,Tina Kotek,record:b685daaf96b93f9069e5819b,Robert Heacox,Individual,individual,Eugene,OR,15300,10,2026-07-01,2026-09-21
orestar-20250101-20260928-787cf45dc908,4792,Tina Kotek,record:2f8d00ab7204b3ab75339a57,Adrienne Borg,Individual,individual,Eugene,OR,15000,1,2026-08-19,2026-08-19
orestar-20250101-20260928-787cf45dc908,4792,Tina Kotek,record:9506a53144199ceb31b36e32,Alexandra Davis,Individual,individual,Lafayette,CO,15000,1,2025-10-30,2025-10-30
orestar-20250101-20260928-787cf45dc908,4792,Tina Kotek,record:1b4d38e4ffc73f7f6d2e528b,Amanda Westervelt,Individual,individual,Portland,OR,15000,3,2025-10-16,2025-12-17
orestar-20250101-20260928-787cf45dc908,4792,Tina Kotek,record:5eef29b613d9b17b5de664bd,Angel Falconer,Individual,individual,Forest Grove,OR,15000,1,2025-04-30,2025-04-30
orestar-20250101-20260928-787cf45dc908,4792,Tina Kotek,record:b92dc2e228a9e718b6372c6e,Ann Kough,Individual,individual,Atherton,CA,15000,1,2025-10-08,2025-10-08
orestar-20250101-20260928-787cf45dc908,4792,Tina Kotek,record:19c7683de9bc6a9a518c594e,Audney Cosand,Individual,individual,Hermiston,OR,15000,3,2025-12-10,2026-09-02
orestar-20250101-20260928-787cf45dc908,4792,Tina Kotek,record:d3747023e7ce21bc3939fd0a,Beverly Persons,Individual,individual,Sandy,OR,15000,2,2026-09-10,2026-09-21
orestar-20250101-20260928-787cf45dc908,4792,Tina Kotek,record:4726f680d501b0234d4c60a4,Brian Litt,Individual,individual,Hood River,OR,15000,3,2026-07-29,2026-09-14
orestar-20250101-20260928-787cf45dc908,4792,Tina Kotek,record:1a812a7d7450ba95d1ade09e,Catherine Cascade,Individual,individual,Eugene,OR,15000,3,2026-08-05,2026-09-02
orestar-20250101-20260928-787cf45dc908,4792,Tina Kotek,record:f638da245319181304dae41d,Charles Ellis,Individual,individual,Eugene,OR,15000,6,2025-12-17,2026-09-21
orestar-20250101-20260928-787cf45dc908,4792,Tina Kotek,record:8f8848c9bc3b5de809b2b1fc,Chris Bayham,Individual,individual,Eugene,OR,15000,1,2026-08-26,2026-08-26
orestar-20250101-20260928-787cf45dc908,4792,Tina Kotek,record:1ee6987da181a991fb8977d4,Chris Nikolai,Individual,individual,Monmouth,OR,15000,4,2026-05-28,2026-09-21
orestar-20250101-20260928-787cf45dc908,4792,Tina Kotek,record:51c2a5e067b9be11df8ce445,Christine Forward,Individual,individual,Beaverton,OR,15000,3,2026-07-29,2026-08-26
orestar-20250101-20260928-787cf45dc908,4792,Tina Kotek,record:c9a03355a59651314bbd39e2,Cindy Bethell,Individual,individual,Corvallis,OR,15000,2,2026-08-26,2026-09-21
orestar-20250101-20260928-787cf45dc908,4792,Tina Kotek,record:63370f23788e72dc5058aef4,Claudette Vincent,Individual,individual,Salem,OR,15000,2,2026-08-19,2026-09-10
orestar-20250101-20260928-787cf45dc908,4792,Tina Kotek,record:811605dc877075a550441619,Colleen Horner,Individual,individual,Lake Oswego,OR,15000,1,2026-09-10,2026-09-10
orestar-20250101-20260928-787cf45dc908,4792,Tina Kotek,record:9050163081928dfd150a0e86,Cynthia Domas-Taylor,Individual,individual,Salem,OR,15000,1,2026-08-19,2026-08-19
orestar-20250101-20260928-787cf45dc908,4792,Tina Kotek,record:2c857eda96a7167be240152b,Cynthia Pearson,Individual,individual,Wilsonville,OR,15000,2,2026-06-24,2026-08-12
orestar-20250101-20260928-787cf45dc908,4792,Tina Kotek,record:04edac2035cf6c86fa371a6f,Dan Bryant,Individual,individual,Eugene,OR,15000,2,2026-04-29,2026-04-29
orestar-20250101-20260928-787cf45dc908,4792,Tina Kotek,record:5878c85f06c098a709416ba1,Dane Myers,Individual,individual,Medford,OR,15000,1,2026-09-14,2026-09-14
orestar-20250101-20260928-787cf45dc908,4792,Tina Kotek,record:3932dbdb985706be0daa7496,Darrell Ward,Individual,individual,Dallas,OR,15000,4,2026-08-05,2026-09-02
orestar-20250101-20260928-787cf45dc908,4792,Tina Kotek,record:749502f7b2685f67c039f3c1,Denyse McGriff,Individual,individual,Oregon City,OR,15000,1,2026-08-31,2026-08-31
orestar-20250101-20260928-787cf45dc908,4792,Tina Kotek,record:5074338537d89ba7ef36ecbd,Donald Bosart,Individual,individual,Beaverton,OR,15000,3,2026-08-19,2026-09-02
orestar-20250101-20260928-787cf45dc908,4792,Tina Kotek,record:57a4d1d8c6db22b8acff36f0,Donna Carter,Individual,individual,Lake Oswego,OR,15000,3,2026-07-15,2026-09-21
orestar-20250101-20260928-787cf45dc908,4792,Tina Kotek,record:d65c10d89a5c142f726205d4,Dr. Eva K. Gold,Business Entity,business,Portland,OR,15000,1,2025-04-29,2025-04-29
orestar-20250101-20260928-787cf45dc908,4792,Tina Kotek,record:9653403a025f210a526ab476,Fabian Smith,Individual,individual,Warren,OR,15000,1,2026-09-21,2026-09-21
orestar-20250101-20260928-787cf45dc908,4792,Tina Kotek,record:49b02feaac52568ba81fc3c6,Fred Neal,Individual,individual,Portland,OR,15000,2,2026-09-02,2026-09-02
orestar-20250101-20260928-787cf45dc908,4792,Tina Kotek,record:50235a6d380a16c02807101c,Fred Steele,Individual,individual,Sherwood,OR,15000,1,2026-09-02,2026-09-02
orestar-20250101-20260928-787cf45dc908,4792,Tina Kotek,record:33d14b277dc48fc9e8d004ff,Georgia Lee Hussey,Individual,individual,Portland,OR,15000,1,2026-04-22,2026-04-22
orestar-20250101-20260928-787cf45dc908,4792,Tina Kotek,record:027d9912422acbf5a3945d14,Gerritt Rosenthal,Individual,individual,Tualatin,OR,15000,1,2025-07-24,2025-07-24
orestar-20250101-20260928-787cf45dc908,4792,Tina Kotek,record:aa5cf88beb58ad1ac5b978fe,Gloria McNeill,Individual,individual,Milwaukie,OR,15000,1,2026-09-21,2026-09-21
orestar-20250101-20260928-787cf45dc908,4792,Tina Kotek,record:f401397779fa2a075d3b2a03,Gregory Linden,Individual,individual,Oakland,CA,15000,1,2026-08-19,2026-08-19
orestar-20250101-20260928-787cf45dc908,4792,Tina Kotek,record:65ef4b504e6cf0c786512a39,Jack Compere,Individual,individual,Corvallis,OR,15000,3,2025-10-03,2026-08-26
orestar-20250101-20260928-787cf45dc908,4792,Tina Kotek,record:77bc44c02ccd7df917d42268,James Heck,Individual,individual,Bend,OR,15000,1,2026-09-21,2026-09-21
orestar-20250101-20260928-787cf45dc908,4792,Tina Kotek,record:b7992a2a70bda09d493c1af5,Jamie Frey-Frankenfield,Individual,individual,Sherwood,OR,15000,1,2026-09-21,2026-09-21
orestar-20250101-20260928-787cf45dc908,4792,Tina Kotek,record:46e1146fdde40c7b2139681a,Janet Heineck,Individual,individual,Seattle,WA,15000,1,2026-08-20,2026-08-20
orestar-20250101-20260928-787cf45dc908,4792,Tina Kotek,record:ea2f37f3ef0936d5a55c5d30,Jayne Mickles,Individual,individual,Eugene,OR,15000,1,2026-08-31,2026-08-31
orestar-20250101-20260928-787cf45dc908,4792,Tina Kotek,record:b95dc724703e327f9e5b2300,Jeannette Hatcher,Individual,individual,Portland,OR,15000,2,2025-12-31,2026-09-14
orestar-20250101-20260928-787cf45dc908,4792,Tina Kotek,record:f9965840ba07ec05c8b14b74,Jeff Shaw,Individual,individual,Portland,OR,15000,3,2025-10-01,2025-11-26
orestar-20250101-20260928-787cf45dc908,4792,Tina Kotek,record:30857fb6abe1ec5c7cfe12c9,Jeffrey Schroeder,Individual,individual,Eugene,OR,15000,2,2026-05-06,2026-09-21
orestar-20250101-20260928-787cf45dc908,4792,Tina Kotek,record:32b6f163b50c18a07240bea8,Jerry Shurman,Individual,individual,Portland,OR,15000,3,2026-08-19,2026-09-21
orestar-20250101-20260928-787cf45dc908,4792,Tina Kotek,record:10333fae295847f5a57da467,Joan Stephenson,Individual,individual,New York,NY,15000,1,2026-09-07,2026-09-07
orestar-20250101-20260928-787cf45dc908,4792,Tina Kotek,record:5698494148dc25e22faec1b1,Jody Carson,Individual,individual,West Linn,OR,15000,3,2026-07-15,2026-09-10
orestar-20250101-20260928-787cf45dc908,4792,Tina Kotek,record:ad6c4578c1da6faa837b1f30,Joe Dabek,Individual,individual,Monmouth,OR,15000,2,2025-10-08,2025-10-08
orestar-20250101-20260928-787cf45dc908,4792,Tina Kotek,record:1000c0bbc10915a443e150aa,John Alexander,Individual,individual,Ashland,OR,15000,2,2026-09-10,2026-09-10
orestar-20250101-20260928-787cf45dc908,4792,Tina Kotek,record:802f76ca0bee0b125a1a099f,John Waide,Individual,individual,Oak Harbor,WA,15000,2,2026-09-08,2026-09-15
orestar-20250101-20260928-787cf45dc908,4792,Tina Kotek,record:ed57eaf936b97b7dcfa001a7,Josh Boykin,Individual,individual,Portland,OR,15000,1,2026-05-13,2026-05-13
orestar-20250101-20260928-787cf45dc908,4792,Tina Kotek,record:47f6d73c18698cd737041179,Kaitlin Lovell,Individual,individual,Colton,OR,15000,3,2026-07-22,2026-09-21
orestar-20250101-20260928-787cf45dc908,4792,Tina Kotek,record:a86d9af447bb97dde8092bc4,Karen Bolin,Individual,individual,Portland,OR,15000,3,2026-07-15,2026-09-14
orestar-20250101-20260928-787cf45dc908,4792,Tina Kotek,record:2b85562f4d9b6e33a193d188,Karen Jones,Individual,individual,Hood River,OR,15000,3,2026-07-01,2026-07-01
orestar-20250101-20260928-787cf45dc908,4792,Tina Kotek,record:327c44ed85bb35f3cb2f8f49,Karmen Fore,Individual,individual,Eugene,OR,15000,1,2025-10-10,2025-10-10
orestar-20250101-20260928-787cf45dc908,4792,Tina Kotek,record:6148227dc4286c966275ba46,Kathye Greene,Individual,individual,Tigard,OR,15000,1,2025-07-24,2025-07-24
orestar-20250101-20260928-787cf45dc908,4792,Tina Kotek,record:797aa1d1a4b28388000d105a,Kay Friend,Individual,individual,Albany,NY,15000,1,2025-09-03,2025-09-03
orestar-20250101-20260928-787cf45dc908,4792,Tina Kotek,record:375e0a54f1c673cdb0ca3d97,Lea Bates,Individual,individual,Roseburg,OR,15000,2,2026-07-29,2026-09-21
orestar-20250101-20260928-787cf45dc908,4792,Tina Kotek,record:e2cbad51989dd1ee8b194014,Linda Konkoski,Individual,individual,Berkeley,CA,15000,1,2026-06-17,2026-06-17
orestar-20250101-20260928-787cf45dc908,4792,Tina Kotek,record:ebdde14e4c6606aea2c1a890,Linda Rosenthal,Individual,individual,Portland,OR,15000,3,2025-03-05,2025-05-14
orestar-20250101-20260928-787cf45dc908,4792,Tina Kotek,record:b4bc7b25bf6ff4388729e82d,Louis Lang,Individual,individual,Chicago,IL,15000,1,2025-09-04,2025-09-04
orestar-20250101-20260928-787cf45dc908,4792,Tina Kotek,record:d69cf681f1324910702d0a7e,Luke Habberstad,Individual,individual,Eugene,OR,15000,1,2025-10-22,2025-10-22
orestar-20250101-20260928-787cf45dc908,4792,Tina Kotek,record:bbefa9b672acdbe74fe8c643,Lynn King,Individual,individual,Portland,OR,15000,2,2025-04-09,2025-04-09
orestar-20250101-20260928-787cf45dc908,4792,Tina Kotek,record:02cf625e2815b6b5753b6d5b,Mary Jane Mcroberts,Individual,individual,Meridian,ID,15000,5,2025-10-29,2026-09-10
orestar-20250101-20260928-787cf45dc908,4792,Tina Kotek,record:b61be46c13ac00a33080707f,Mary Sue Ittner,Individual,individual,Gualala,CA,15000,1,2025-08-11,2025-08-11
orestar-20250101-20260928-787cf45dc908,4792,Tina Kotek,record:64d2d25d290a70b243e681e8,Mecki Mccarthy,Individual,individual,Portland,OR,15000,4,2026-07-15,2026-09-14
orestar-20250101-20260928-787cf45dc908,4792,Tina Kotek,record:d7ed9fccca698cbbaff2e47b,Michael Schuyler,Individual,individual,Corvallis,OR,15000,5,2026-06-03,2026-09-21
orestar-20250101-20260928-787cf45dc908,4792,Tina Kotek,record:7cf2e5a6d484048499954505,Michael Vernier,Individual,individual,Medford,OR,15000,2,2026-07-29,2026-09-02
orestar-20250101-20260928-787cf45dc908,4792,Tina Kotek,record:f78a8b08cd643927b88e1da9,Molly Keenan,Individual,individual,Seattle,WA,15000,1,2026-05-13,2026-05-13
orestar-20250101-20260928-787cf45dc908,4792,Tina Kotek,record:4c2e9d0b8a46041293cd74ef,Monica Goracke,Individual,individual,Portland,OR,15000,1,2026-09-02,2026-09-02
orestar-20250101-20260928-787cf45dc908,4792,Tina Kotek,record:635cff78dd331a90afb07873,Nathan Soltz,Individual,individual,Salem,OR,15000,1,2025-10-22,2025-10-22
orestar-20250101-20260928-787cf45dc908,4792,Tina Kotek,record:fcf3ce4ceabd847e6fde1710,Nicki Comstock-Yesney,Individual,individual,Coos Bay,OR,15000,6,2026-07-08,2026-09-02
orestar-20250101-20260928-787cf45dc908,4792,Tina Kotek,record:c996a21383bae93ae5f637f1,Nicklas Pisias,Individual,individual,Corvallis,OR,15000,2,2026-06-24,2026-08-05
orestar-20250101-20260928-787cf45dc908,4792,Tina Kotek,record:ac6cc424e267dab98fd6a356,Pamela Roderick,Individual,individual,Newtown,PA,15000,1,2025-06-02,2025-06-02
orestar-20250101-20260928-787cf45dc908,4792,Tina Kotek,record:5945d7320a790b640df76a98,Pascal Delaquil,Individual,individual,Gresham,OR,15000,3,2026-07-01,2026-09-02
orestar-20250101-20260928-787cf45dc908,4792,Tina Kotek,record:a17973d95ed3210c33917912,Patricia Drennan,Individual,individual,Portland,OR,15000,2,2026-06-29,2026-09-17
orestar-20250101-20260928-787cf45dc908,4792,Tina Kotek,record:333c5a61fe54ca042fd533b7,Patricia Mccain,Individual,individual,Bandon,OR,15000,1,2025-10-08,2025-10-08
orestar-20250101-20260928-787cf45dc908,4792,Tina Kotek,record:8fb08379861132bf1fe52a7e,Ralph Rayburn,Individual,individual,Portland,OR,15000,3,2026-09-14,2026-09-21
orestar-20250101-20260928-787cf45dc908,4792,Tina Kotek,record:baf56012880d62aa4704661e,Randall Parker,Individual,individual,Albany,OR,15000,1,2025-03-13,2025-03-13
orestar-20250101-20260928-787cf45dc908,4792,Tina Kotek,record:67deea8205c40f994c185e68,Richard Strunk,Individual,individual,Eugene,OR,15000,1,2026-04-02,2026-04-02
orestar-20250101-20260928-787cf45dc908,4792,Tina Kotek,record:b3737b05282ba31bf6e0b7c4,Robert Barber,Individual,individual,Bend,OR,15000,1,2026-04-29,2026-04-29
orestar-20250101-20260928-787cf45dc908,4792,Tina Kotek,record:0a22a7415c5b8a3617f899b5,Rose M. Ojeda,Individual,individual,Oak Grove,OR,15000,2,2026-07-29,2026-08-05
orestar-20250101-20260928-787cf45dc908,4792,Tina Kotek,record:e596b069c2b8ae8a3abb079c,Ruth Buchheit,Individual,individual,Albany,OR,15000,2,2026-08-05,2026-08-05
orestar-20250101-20260928-787cf45dc908,4792,Tina Kotek,record:d00dc289e0ba5338a1e35aa1,Sally Pierce,Individual,individual,Molalla,OR,15000,2,2026-08-12,2026-09-21
orestar-20250101-20260928-787cf45dc908,4792,Tina Kotek,record:34596df3d8604587c8b524f6,Sharon Thorne,Individual,individual,Portland,OR,15000,2,2026-08-19,2026-09-02
orestar-20250101-20260928-787cf45dc908,4792,Tina Kotek,record:3115983518373f67fc2ba381,Steve Ossowski,Individual,individual,Oregon City,OR,15000,2,2026-08-19,2026-09-21
orestar-20250101-20260928-787cf45dc908,4792,Tina Kotek,record:392a176ec0256744641d19a1,Steve Riddle,Individual,individual,Oregon City,OR,15000,2,2026-08-05,2026-09-10
orestar-20250101-20260928-787cf45dc908,4792,Tina Kotek,record:4f26421198e3f85dbd7eb3d1,Susan Castillo,Individual,individual,Eugene,OR,15000,2,2026-04-22,2026-08-12
orestar-20250101-20260928-787cf45dc908,4792,Tina Kotek,record:80d5d2d24052e58d10a5c5f1,Terry Ciecko,Individual,individual,Gresham,OR,15000,1,2026-09-10,2026-09-10
orestar-20250101-20260928-787cf45dc908,4792,Tina Kotek,record:c04dd54e383c263d97a727be,Jacquelin Pels,Individual,individual,Walnut Creek,CA,14900,1,2026-08-26,2026-08-26
orestar-20250101-20260928-787cf45dc908,4792,Tina Kotek,record:5ee59c2fd76d5f203a5dabae,Kevin Kreitman,Individual,individual,Portland,OR,14800,13,2026-08-26,2026-09-21
orestar-20250101-20260928-787cf45dc908,4792,Tina Kotek,record:a250e3f9f06bf6d6a99fad75,Carol Nelson,Individual,individual,Albany,OR,14500,6,2026-08-19,2026-09-10
orestar-20250101-20260928-787cf45dc908,4792,Tina Kotek,record:d305345c12f5c60fe3f97c9e,Claudia Link,Individual,individual,Seattle,WA,14500,4,2026-05-20,2026-09-10
orestar-20250101-20260928-787cf45dc908,4792,Tina Kotek,record:9cdbd1ab23ec9840dbc56bcd,Doug Bluhm,Individual,individual,Silverton,OR,14500,10,2026-05-13,2026-09-10
orestar-20250101-20260928-787cf45dc908,4792,Tina Kotek,record:afbd009f0ce9fcb39f32868f,Nancy Sowdon,Individual,individual,Corvallis,OR,14500,11,2025-09-10,2026-08-05
orestar-20250101-20260928-787cf45dc908,4792,Tina Kotek,record:783a41944181e0792c52cc33,James Perry,Individual,individual,Portland,OR,14400,4,2026-08-05,2026-09-21
orestar-20250101-20260928-787cf45dc908,4792,Tina Kotek,record:0ba9aba5f4c5f326df4796cd,Amelia Hard,Individual,individual,Portland,OR,14000,9,2025-04-29,2025-12-10
orestar-20250101-20260928-787cf45dc908,4792,Tina Kotek,record:a019f9ae2d682dc3285e0748,Cathlyn Abbruzzese,Individual,individual,Portland,OR,14000,7,2026-06-17,2026-09-21
orestar-20250101-20260928-787cf45dc908,4792,Tina Kotek,record:11cee952178be61d0c8a0543,Dennis Young,Individual,individual,Eugene,OR,14000,7,2026-09-02,2026-09-21
orestar-20250101-20260928-787cf45dc908,4792,Tina Kotek,record:c0e8be4675c618c10db431f3,Jean Wyman,Individual,individual,Portland,OR,14000,5,2025-03-19,2026-09-14
orestar-20250101-20260928-787cf45dc908,4792,Tina Kotek,record:0d2c5ecaada3a60093a0654f,Jennifer Saunders,Individual,individual,Coburg,OR,14000,6,2026-05-28,2026-09-21
orestar-20250101-20260928-787cf45dc908,4792,Tina Kotek,record:8d7a8de58897777111b00898,Kerry Francis,Individual,individual,Healdsburg,CA,14000,1,2026-08-13,2026-08-13
orestar-20250101-20260928-787cf45dc908,4792,Tina Kotek,record:3ae3f5ab10b4975e2d9ff851,Robert D. Durham,Individual,individual,Portland,OR,14000,2,2025-12-10,2026-08-12
orestar-20250101-20260928-787cf45dc908,4792,Tina Kotek,record:2cf49fbdee61fec9ce1601d8,Sharon Poynter,Individual,individual,Hood River,OR,14000,6,2026-08-19,2026-09-21
orestar-20250101-20260928-787cf45dc908,4792,Tina Kotek,record:094467538722942a9e8ec980,Susan Watson,Individual,individual,Portland,OR,14000,6,2025-09-17,2026-09-21
orestar-20250101-20260928-787cf45dc908,4792,Tina Kotek,record:eabbca74108d7753399e6f1f,Patricia Galus,Individual,individual,Bend,OR,13800,12,2026-07-29,2026-09-21
orestar-20250101-20260928-787cf45dc908,4792,Tina Kotek,record:ab5566e69a8053e35cd62cc4,Suzanne Gatch,Individual,individual,Eugene,OR,13800,9,2026-07-15,2026-09-21
orestar-20250101-20260928-787cf45dc908,4792,Tina Kotek,record:4873f24afda3bd9b88d1ff7f,Cheryl Keeler,Individual,individual,Eugene,OR,13700,5,2026-06-17,2026-09-10
orestar-20250101-20260928-787cf45dc908,4792,Tina Kotek,record:e960e57adcd8925a1b02347a,Jennifer Davis,Individual,individual,Portland,OR,13600,9,2026-08-26,2026-09-21
orestar-20250101-20260928-787cf45dc908,4792,Tina Kotek,record:686d0c03673d29f97648dd28,Pj Carter,Individual,individual,Corvallis,OR,13600,5,2026-05-28,2026-09-10
orestar-20250101-20260928-787cf45dc908,4792,Tina Kotek,record:a3dc9338c3746c2f2305a2bc,James Marquard,Individual,individual,Portland,OR,13500,7,2026-06-10,2026-09-10
orestar-20250101-20260928-787cf45dc908,4792,Tina Kotek,record:2316b378f2617834c277edf7,John Mcswigan,Individual,individual,Hillsboro,OR,13500,5,2025-10-16,2025-11-26
orestar-20250101-20260928-787cf45dc908,4792,Tina Kotek,record:d7341f5498bc616b92e0e978,Juanita Ray,Individual,individual,Springfield,OR,13500,14,2025-04-23,2025-12-24
orestar-20250101-20260928-787cf45dc908,4792,Tina Kotek,record:924b79203ef751ecad245c31,Lorri Hanson,Individual,individual,Springfield,OR,13500,2,2025-11-05,2026-09-10
orestar-20250101-20260928-787cf45dc908,4792,Tina Kotek,record:27ed863e20828a9521e4e8e3,Norman Wilson,Individual,individual,Portland,OR,13500,11,2025-05-14,2026-09-14
orestar-20250101-20260928-787cf45dc908,4792,Tina Kotek,record:8b8bab1f4ef17f81b9703701,Mitchell Williams,Individual,individual,Brightwood,OR,13300,9,2026-05-28,2026-09-10
orestar-20250101-20260928-787cf45dc908,4792,Tina Kotek,record:7696a39d0c63ced8dda36b7a,Carol Dodson,Individual,individual,Portland,OR,13000,8,2026-06-24,2026-09-14
orestar-20250101-20260928-787cf45dc908,4792,Tina Kotek,record:d21313e246f0b49a7b486688,Carolyn Miller,Individual,individual,Mt Shasta,CA,13000,6,2026-04-29,2026-07-15
orestar-20250101-20260928-787cf45dc908,4792,Tina Kotek,record:38e78e7d5288c49689c6ad80,David Ehlinger,Individual,individual,West Linn,OR,13000,21,2026-07-01,2026-09-21
orestar-20250101-20260928-787cf45dc908,4792,Tina Kotek,record:d35e08e059e9b7a35aa7ca7f,Hal Hackett,Individual,individual,Newport,OR,13000,4,2025-10-08,2025-12-31
orestar-20250101-20260928-787cf45dc908,4792,Tina Kotek,record:1292c5b8c45561b30c36cf21,Kristin Pearson,Individual,individual,Portland,OR,13000,5,2026-06-10,2026-09-10
orestar-20250101-20260928-787cf45dc908,4792,Tina Kotek,record:eb852207fcf4f19883cfb029,Lisa Caine,Individual,individual,Portland,OR,13000,2,2026-07-29,2026-09-21
orestar-20250101-20260928-787cf45dc908,4792,Tina Kotek,record:954e5b0f34e8bafa85bff59f,Bruce Bailey,Individual,individual,Gates,OR,12700,6,2026-07-15,2026-09-10
orestar-20250101-20260928-787cf45dc908,4792,Tina Kotek,record:9c8164cb5ea047c6ff2a4c19,Mary Roberts,Individual,individual,Portland,OR,12700,3,2026-09-02,2026-09-14
orestar-20250101-20260928-787cf45dc908,4792,Tina Kotek,record:b8033e9b4f20cd3c0a3d57ed,Everett Cooney,Individual,individual,Pacific Grove,CA,12600,1,2025-10-08,2025-10-08
orestar-20250101-20260928-787cf45dc908,4792,Tina Kotek,record:ce05bbc1542ab64a5d325660,Arthur Dailey,Individual,individual,Bend,OR,12500,2,2026-09-10,2026-09-21
orestar-20250101-20260928-787cf45dc908,4792,Tina Kotek,record:84ca35cc07ed0d477404fb4f,Betty Shelley,Individual,individual,Corvallis,OR,12500,4,2026-07-15,2026-09-02
orestar-20250101-20260928-787cf45dc908,4792,Tina Kotek,record:9a18b54e44ca06f8a1869bc6,Beverly Krasner,Individual,individual,Ashland,OR,12500,3,2026-08-19,2026-09-21
orestar-20250101-20260928-787cf45dc908,4792,Tina Kotek,record:d5f99cc6e92286e6b8d21a95,Beverly Stevenson,Individual,individual,Keizer,OR,12500,5,2026-08-19,2026-09-21
orestar-20250101-20260928-787cf45dc908,4792,Tina Kotek,record:1912be50fa9e7ec9ecfda384,Bonnie Souza,Individual,individual,Eugene,OR,12500,1,2025-10-10,2025-10-10
orestar-20250101-20260928-787cf45dc908,4792,Tina Kotek,record:5f471385c8dfad210752fa86,Bradley Rogers,Individual,individual,Portland,OR,12500,2,2026-05-28,2026-06-24
orestar-20250101-20260928-787cf45dc908,4792,Tina Kotek,record:eab262f1dbb9e1a9cf0d5be0,Carol Kennedy,Individual,individual,Portland,OR,12500,2,2026-09-21,2026-09-21
orestar-20250101-20260928-787cf45dc908,4792,Tina Kotek,record:3e4a07322861f79f4a2366df,Carolyn Tomei,Individual,individual,Milwaukie,OR,12500,2,2025-02-05,2025-02-05
orestar-20250101-20260928-787cf45dc908,4792,Tina Kotek,record:3eb8d3f4c1b00b93915f73d7,Chris Tanner,Individual,individual,Portland,OR,12500,5,2026-05-13,2026-09-10
orestar-20250101-20260928-787cf45dc908,4792,Tina Kotek,record:28d3338419f08926182bdabf,Christie Smith,Individual,individual,Salem,OR,12500,5,2026-05-13,2026-09-10
orestar-20250101-20260928-787cf45dc908,4792,Tina Kotek,record:23622c995ae23ad2eb485e97,Claudia Black,Individual,individual,Tualatin,OR,12500,1,2026-05-28,2026-05-28
orestar-20250101-20260928-787cf45dc908,4792,Tina Kotek,record:cc749d76b9a3fd5b483d85c5,Colette Adelman,Individual,individual,Aumsville,OR,12500,3,2026-07-29,2026-09-14
orestar-20250101-20260928-787cf45dc908,4792,Tina Kotek,record:b30daebbaaa21f7a1df76144,David Barney,Individual,individual,Sandy,OR,12500,2,2026-07-02,2026-08-05
orestar-20250101-20260928-787cf45dc908,4792,Tina Kotek,record:f8def560aa5a3d34e8f994de,Dawn Gregg,Individual,individual,Albany,OR,12500,5,2026-05-13,2026-09-10
orestar-20250101-20260928-787cf45dc908,4792,Tina Kotek,record:76818bffb4fb38e9d571d193,Dennis Rupp,Individual,individual,Yachats,OR,12500,5,2026-05-20,2026-09-14
orestar-20250101-20260928-787cf45dc908,4792,Tina Kotek,record:c80d9c9cf02723d3c4e1a763,Elton Mcquery,Individual,individual,Portland,OR,12500,3,2026-05-20,2026-09-21
orestar-20250101-20260928-787cf45dc908,4792,Tina Kotek,record:22ccf59f6fa6edcedaa99abd,Gloria Monroe,Individual,individual,Grants Pass,OR,12500,2,2026-06-29,2026-09-21
orestar-20250101-20260928-787cf45dc908,4792,Tina Kotek,record:56f6e1c33ed990cd899a6f77,Janice Mason,Individual,individual,Sacramento,CA,12500,2,2026-04-06,2026-07-08
orestar-20250101-20260928-787cf45dc908,4792,Tina Kotek,record:ee528410edc37fab479374d5,Jennifer Laverdure,Individual,individual,Portland,OR,12500,5,2026-05-13,2026-09-14
orestar-20250101-20260928-787cf45dc908,4792,Tina Kotek,record:eee1638f067c98b8a7f91c73,Jimmy Shaw,Individual,individual,Hillsboro,OR,12500,17,2026-07-01,2026-09-21
orestar-20250101-20260928-787cf45dc908,4792,Tina Kotek,record:0f71fad7a7187f8969720ba0,John Atkins,Individual,individual,Portland,OR,12500,5,2025-12-24,2026-09-21
orestar-20250101-20260928-787cf45dc908,4792,Tina Kotek,record:232403cfbd0d9725c288ac76,John Fuller,Individual,individual,Yuma,AZ,12500,4,2026-04-22,2026-06-17
orestar-20250101-20260928-787cf45dc908,4792,Tina Kotek,record:84c755b649af6993a5a648cb,John Lundeen,Individual,individual,Lake Oswego,OR,12500,2,2026-09-02,2026-09-02
orestar-20250101-20260928-787cf45dc908,4792,Tina Kotek,record:2cf23d7077d7c31c362a2596,Joseph Krause,Individual,individual,Corvallis,OR,12500,1,2026-09-21,2026-09-21
orestar-20250101-20260928-787cf45dc908,4792,Tina Kotek,record:cfb91ca54394fed2f2cae355,Judy Zettergren,Individual,individual,Canby,OR,12500,2,2026-09-10,2026-09-21
orestar-20250101-20260928-787cf45dc908,4792,Tina Kotek,record:a1c8495250fb83dad3b3ec0a,Katie Iverson,Individual,individual,Wilsonville,OR,12500,3,2026-09-10,2026-09-10
orestar-20250101-20260928-787cf45dc908,4792,Tina Kotek,record:b8547bae2e60358f85599426,Larry Lee,Individual,individual,Eugene,OR,12500,3,2026-07-15,2026-09-21
orestar-20250101-20260928-787cf45dc908,4792,Tina Kotek,record:cd406877d52a4650c833f920,Lorelei Bensel,Individual,individual,Eugene,OR,12500,5,2026-05-28,2026-08-05
orestar-20250101-20260928-787cf45dc908,4792,Tina Kotek,record:e4e381600d65a424203621b9,Martha Kapp,Individual,individual,Portland,OR,12500,9,2026-07-15,2026-09-21
orestar-20250101-20260928-787cf45dc908,4792,Tina Kotek,record:8ef065d2448151545a5daf8e,Martin Pittioni,Individual,individual,Vancouver,WA,12500,5,2026-05-13,2026-09-10
orestar-20250101-20260928-787cf45dc908,4792,Tina Kotek,record:17e9f23040e867567649487a,Mary A Hochberg,Individual,individual,Eugene,OR,12500,2,2025-11-19,2026-09-02
orestar-20250101-20260928-787cf45dc908,4792,Tina Kotek,record:7416b6c831179ca8626b6eea,Matthew Smith,Individual,individual,Portland,OR,12500,3,2026-07-29,2026-09-21
orestar-20250101-20260928-787cf45dc908,4792,Tina Kotek,record:311a249ff9cad18970a4b19c,Michael Beebe,Individual,individual,Lake Oswego,OR,12500,4,2025-04-04,2025-07-16
orestar-20250101-20260928-787cf45dc908,4792,Tina Kotek,record:9f677c603b630104ccc26ff4,Nancy Sommer,Individual,individual,Coos Bay,OR,12500,5,2026-05-13,2026-09-10
orestar-20250101-20260928-787cf45dc908,4792,Tina Kotek,record:2030be10e51a8abae970ad99,Nick Gideonse,Individual,individual,Cottage Grove,OR,12500,4,2026-08-26,2026-09-21
orestar-20250101-20260928-787cf45dc908,4792,Tina Kotek,record:4f910c8f8ef9370df708b6da,Patricia Creelman,Individual,individual,Madras,OR,12500,2,2026-09-10,2026-09-10
orestar-20250101-20260928-787cf45dc908,4792,Tina Kotek,record:1175872d992745c8a324a4bd,Patricia Ferrell-French,Individual,individual,Waldport,OR,12500,2,2026-09-14,2026-09-21
orestar-20250101-20260928-787cf45dc908,4792,Tina Kotek,record:489bcc9e98ec7cce1988592d,Patricia Ross,Individual,individual,Portland,OR,12500,4,2026-08-19,2026-09-21
orestar-20250101-20260928-787cf45dc908,4792,Tina Kotek,record:dd53291c8b8ee85124bf4285,Richard Kuehn,Individual,individual,Gualala,CA,12500,1,2025-12-10,2025-12-10
orestar-20250101-20260928-787cf45dc908,4792,Tina Kotek,record:38548541df1fd074f9ba3788,Richard Spies,Individual,individual,Portland,OR,12500,3,2026-07-29,2026-09-10
orestar-20250101-20260928-787cf45dc908,4792,Tina Kotek,record:deb1fd0db19a82e3d7c7c53f,Rose Mcclelland,Individual,individual,Portland,OR,12500,9,2026-05-28,2026-09-21
orestar-20250101-20260928-787cf45dc908,4792,Tina Kotek,record:47eaba955ce7cbd45e5f1063,Sally Sperb,Individual,individual,Aurora,OR,12500,4,2026-08-05,2026-09-10
orestar-20250101-20260928-787cf45dc908,4792,Tina Kotek,record:fce89be0cffc275a140750bc,Sandra Goodell,Individual,individual,Eugene,OR,12500,4,2026-05-20,2026-09-10
orestar-20250101-20260928-787cf45dc908,4792,Tina Kotek,record:e2f0314888bea2e1399d5518,Stana Knez,Individual,individual,Springfield,OR,12500,5,2026-05-13,2026-09-14
orestar-20250101-20260928-787cf45dc908,4792,Tina Kotek,record:814bca10d278e10d9b2e415a,Stephen Schubert,Individual,individual,Medford,OR,12500,3,2026-08-12,2026-08-26
orestar-20250101-20260928-787cf45dc908,4792,Tina Kotek,record:c8514729f576598aed37c81e,William Heron,Individual,individual,Corvallis,OR,12500,5,2026-07-02,2026-09-21
orestar-20250101-20260928-787cf45dc908,4792,Tina Kotek,record:7953642a54df53ed70ec9e42,Susan Widener,Individual,individual,Portland,OR,12400,31,2026-07-29,2026-09-21
orestar-20250101-20260928-787cf45dc908,4792,Tina Kotek,record:c9d6b088fd9b4856babce560,Frank Coelho,Individual,individual,Springfield,OR,12250,3,2025-10-08,2025-12-10
orestar-20250101-20260928-787cf45dc908,4792,Tina Kotek,record:852be429fe50690fd63b8955,Patricia Ashley,Individual,individual,North Bend,OR,12200,7,2026-06-17,2026-09-21
orestar-20250101-20260928-787cf45dc908,4792,Tina Kotek,record:c5c15b1dcffb8604ecb6c1bc,Bryan Dawley,Individual,individual,Corvallis,OR,12000,4,2026-08-19,2026-09-21
orestar-20250101-20260928-787cf45dc908,4792,Tina Kotek,record:6b4da16e64cb48f2494bb9c6,Colleen Irwin,Individual,individual,Dallas,OR,12000,5,2026-06-17,2026-08-26
orestar-20250101-20260928-787cf45dc908,4792,Tina Kotek,record:c6b583286435b0486712b097,Ed Cohen,Individual,individual,San Francisco,CA,12000,1,2026-09-02,2026-09-02
orestar-20250101-20260928-787cf45dc908,4792,Tina Kotek,record:0c32d3f3bb8b35dbb3e88ea1,Lois Smith,Individual,individual,West Linn,OR,12000,14,2025-12-10,2026-09-21
orestar-20250101-20260928-787cf45dc908,4792,Tina Kotek,record:70a759e528b8eb1c9f47fd18,Martha Allbritten,Individual,individual,Roseburg,OR,12000,3,2026-05-28,2026-09-21
orestar-20250101-20260928-787cf45dc908,4792,Tina Kotek,record:49a3e1d6a762dc8bd77d81fc,Nori La Rue,Individual,individual,Portland,OR,12000,5,2026-04-22,2026-09-14
orestar-20250101-20260928-787cf45dc908,4792,Tina Kotek,record:c50b64841a742ea9dda806d5,Sandra Stumpf,Individual,individual,Troutdale,OR,12000,5,2026-07-15,2026-09-21
orestar-20250101-20260928-787cf45dc908,4792,Tina Kotek,record:c24348c5cc6a533fc6e0fed2,Kimberly Axtell-House,Individual,individual,Oakridge,OR,11800,19,2026-04-22,2026-06-17
orestar-20250101-20260928-787cf45dc908,4792,Tina Kotek,record:66a07be2b303409d6d5a4c77,Christine Kennedy,Individual,individual,Lake Oswego,OR,11700,2,2026-09-02,2026-09-14
orestar-20250101-20260928-787cf45dc908,4792,Tina Kotek,record:f4e94b5c334d2d5d359874b7,Vera Reznick,Individual,individual,Eugene,OR,11600,3,2026-09-02,2026-09-21
orestar-20250101-20260928-787cf45dc908,4792,Tina Kotek,record:7852831f028b85a20835489b,Bruce Watt,Individual,individual,Portland,OR,11500,4,2026-06-03,2026-09-21
orestar-20250101-20260928-787cf45dc908,4792,Tina Kotek,record:7e1d2508b44f3715cd84d3f0,Karen Crooch,Individual,individual,Salem,OR,11500,3,2025-12-03,2025-12-10
orestar-20250101-20260928-787cf45dc908,4792,Tina Kotek,record:997b4d8e3b248806a95f68c6,Libby Blanton,Individual,individual,Farmville,VA,11500,1,2025-06-09,2025-06-09
orestar-20250101-20260928-787cf45dc908,4792,Tina Kotek,record:4b09d27b71bea8225597039c,Nancy Baur,Individual,individual,Portland,OR,11500,6,2026-04-29,2026-09-10
orestar-20250101-20260928-787cf45dc908,4792,Tina Kotek,record:2ba11a41c52018274e5cc661,Nancy Strachan,Individual,individual,Ashland,OR,11500,2,2026-09-21,2026-09-21
orestar-20250101-20260928-787cf45dc908,4792,Tina Kotek,record:ca3da23d2d43993e3e80663f,Robert Loos,Individual,individual,Oregon City,OR,11500,5,2026-09-02,2026-09-02
orestar-20250101-20260928-787cf45dc908,4792,Tina Kotek,record:b92b58ee922fb5447b32fd0b,Steve Mandelblatt,Individual,individual,Lake Oswego,OR,11500,2,2026-09-10,2026-09-21
orestar-20250101-20260928-787cf45dc908,4792,Tina Kotek,record:f9f7dfa639d82df56fd3df66,Tom Scheuermann,Individual,individual,Salem,OR,11500,3,2025-06-11,2025-12-31
orestar-20250101-20260928-787cf45dc908,4792,Tina Kotek,record:74a5a320ea55d178d7e4e471,Wynne Wakkila,Individual,individual,Portland,OR,11500,3,2025-08-06,2026-06-03
orestar-20250101-20260928-787cf45dc908,4792,Tina Kotek,record:81c7c1a2ababfb51c2829be8,Orville Shockey,Individual,individual,Klamath Falls,OR,11200,6,2026-07-29,2026-09-21
orestar-20250101-20260928-787cf45dc908,4792,Tina Kotek,record:84611ae0db23124bd6a932ed,Barbara Jansen,Individual,individual,Albany,OR,11000,3,2026-07-15,2026-09-14
orestar-20250101-20260928-787cf45dc908,4792,Tina Kotek,record:68ff57f8063f01c1f4520599,Burt Totaro,Individual,individual,Los Angeles,CA,11000,1,2026-09-14,2026-09-14
orestar-20250101-20260928-787cf45dc908,4792,Tina Kotek,record:e87bf8085920b846e0968937,Diane Pinkney,Individual,individual,Wilsonville,OR,11000,9,2025-07-07,2026-09-21
orestar-20250101-20260928-787cf45dc908,4792,Tina Kotek,record:a6f12aedd9d703dd4265abb1,Grant Schott,Individual,individual,Portland,OR,11000,1,2025-10-22,2025-10-22
orestar-20250101-20260928-787cf45dc908,4792,Tina Kotek,record:de37039092676b46460d00c3,Henry Sanders,Individual,individual,Hood River,OR,11000,1,2025-11-13,2025-11-13
orestar-20250101-20260928-787cf45dc908,4792,Tina Kotek,record:bed6bf2d7266fef3cf8778b8,Joyce Reinke,Individual,individual,Salem,OR,11000,2,2025-12-10,2025-12-10
orestar-20250101-20260928-787cf45dc908,4792,Tina Kotek,record:e59261cd32ffc27adeea86e2,Kathryn Wurster,Individual,individual,Hampton,VA,11000,3,2025-10-03,2025-10-03
orestar-20250101-20260928-787cf45dc908,4792,Tina Kotek,record:8c2224e0f82b15b55cc290c7,Kristi Yarnall,Individual,individual,Silverton,OR,11000,5,2026-07-01,2026-09-21
orestar-20250101-20260928-787cf45dc908,4792,Tina Kotek,record:154897eb9f126282813f9ca6,Larry Farin,Individual,individual,Lake Oswego,OR,11000,2,2026-07-29,2026-09-02
orestar-20250101-20260928-787cf45dc908,4792,Tina Kotek,record:a10ebf2732ba3c8f013613c2,Linda Boor,Individual,individual,Silver Spring,MD,11000,4,2025-08-06,2025-11-30
orestar-20250101-20260928-787cf45dc908,4792,Tina Kotek,record:de2bcc16ae75f820e014db27,Marilyn Vitale,Individual,individual,Oregon City,OR,11000,5,2026-07-08,2026-09-14
orestar-20250101-20260928-787cf45dc908,4792,Tina Kotek,record:de9dd74f078e7b2b0c698022,Michelle Schweitzer,Individual,individual,Seattle,WA,11000,26,2026-06-10,2026-09-21
orestar-20250101-20260928-787cf45dc908,4792,Tina Kotek,record:bc25794013c86ec7ea4f4492,Norman Hartwell,Individual,individual,Rockaway Beach,OR,11000,3,2026-09-02,2026-09-14
orestar-20250101-20260928-787cf45dc908,4792,Tina Kotek,record:d3457df003bdfcdead31ce45,Valarie Leland,Individual,individual,La Pine,OR,11000,2,2025-04-16,2025-12-10
orestar-20250101-20260928-787cf45dc908,4792,Tina Kotek,record:af1bb0ba6f8b0ed12530c893,Vera Reznick,Individual,individual,Eugene,OR,11000,2,2026-08-19,2026-08-19
orestar-20250101-20260928-787cf45dc908,4792,Tina Kotek,record:ea06256e210e3e64e9dcb6d1,Linda Hanchett,Individual,individual,Veneta,OR,10900,9,2025-04-04,2025-07-30
orestar-20250101-20260928-787cf45dc908,4792,Tina Kotek,record:6840c2b18281908e9cb96db0,Mary Orton,Individual,individual,Sisters,OR,10800,1,2026-09-21,2026-09-21
orestar-20250101-20260928-787cf45dc908,4792,Tina Kotek,record:ad34b7a9fa3a9f99baa6cd5b,Andrew Kipp,Individual,individual,Astoria,OR,10500,7,2025-08-20,2026-09-21
orestar-20250101-20260928-787cf45dc908,4792,Tina Kotek,record:e10cc2e20a87671094ac29c6,David Jarvis,Individual,individual,Portland,OR,10500,1,2026-08-05,2026-08-05
orestar-20250101-20260928-787cf45dc908,4792,Tina Kotek,record:d9cf5b363f58ecf3544a8ec5,Fred Casey,Individual,individual,Tillamook,OR,10500,2,2026-09-10,2026-09-21
orestar-20250101-20260928-787cf45dc908,4792,Tina Kotek,record:fe318e2adc259219f100bc15,James Weber,Individual,individual,Springfield,OR,10500,5,2026-07-15,2026-08-19
orestar-20250101-20260928-787cf45dc908,4792,Tina Kotek,record:69038c71ffad071b5f078cf5,Jeff Pridgeon,Individual,individual,Newport,OR,10500,5,2025-06-25,2025-10-08
orestar-20250101-20260928-787cf45dc908,4792,Tina Kotek,record:af333cf8e560c95bf3e7a7e1,Margi Griffith,Individual,individual,Eugene,OR,10500,5,2026-07-02,2026-09-14
orestar-20250101-20260928-787cf45dc908,4792,Tina Kotek,record:fba587a110e28c2c79a910ae,Pamela Netzow,Individual,individual,Ashland,OR,10500,9,2026-06-24,2026-09-14
orestar-20250101-20260928-787cf45dc908,4792,Tina Kotek,record:6194d77c0dbe26f6a0e72c66,Sue Beck,Individual,individual,Sisters,OR,10500,6,2026-06-17,2026-09-10
orestar-20250101-20260928-787cf45dc908,4792,Tina Kotek,record:0e8a651f10a171b269d76abd,Susan Anderson,Individual,individual,Eugene,OR,10500,5,2026-07-29,2026-09-21
orestar-20250101-20260928-787cf45dc908,4792,Tina Kotek,record:d61af10b36239261d19d4140,Roderick Morris,Individual,individual,Eugene,OR,10200,4,2026-08-05,2026-09-14
orestar-20250101-20260928-787cf45dc908,4792,Tina Kotek,record:a51332ff3571c6fdd0f61d74,Richard Stevens,Individual,individual,The Dalles,OR,10179,13,2026-07-22,2026-09-21
orestar-20250101-20260928-787cf45dc908,4792,Tina Kotek,committee:18441,Friends of Felicita (18441),Political Committee,other,Aloha,OR,10100,1,2026-07-08,2026-07-08
orestar-20250101-20260928-787cf45dc908,4792,Tina Kotek,record:d603c966db841e7e5e2abe40,Mellani Calvin,Individual,individual,Portland,OR,10100,1,2025-12-10,2025-12-10
orestar-20250101-20260928-787cf45dc908,4792,Tina Kotek,record:4fab8bff8a93c2bbf6a88766,Rachel Novick,Individual,individual,Milford,CT,10100,1,2025-12-10,2025-12-10
orestar-20250101-20260928-787cf45dc908,4792,Tina Kotek,record:3dfaa8906bac5e6ba2acca86,Spencer Todd,Individual,individual,Salem,OR,10100,1,2026-04-08,2026-04-08
orestar-20250101-20260928-787cf45dc908,4792,Tina Kotek,record:87d5f648ff6e720f45f53a50,Richard Sanchez,Individual,individual,Eugene,OR,10050,8,2026-08-05,2026-09-21
orestar-20250101-20260928-787cf45dc908,4792,Tina Kotek,record:34551bb0f1fc4e9140ea5486,Adrienne C Mitchell,Individual,individual,Eugene,OR,10000,1,2026-09-14,2026-09-14
orestar-20250101-20260928-787cf45dc908,4792,Tina Kotek,record:65a264271a9118489944b076,Alan Dvorshak,Individual,individual,Portland,OR,10000,2,2026-09-21,2026-09-21
orestar-20250101-20260928-787cf45dc908,4792,Tina Kotek,record:d288f845e43716ebf207a463,Alan Shusterman,Individual,individual,Portland,OR,10000,1,2026-08-19,2026-08-19
orestar-20250101-20260928-787cf45dc908,4792,Tina Kotek,record:508a41c2723e245477b33c31,Aline Artz,Individual,individual,Los Altos,CA,10000,1,2026-04-22,2026-04-22
orestar-20250101-20260928-787cf45dc908,4792,Tina Kotek,record:5393113cecbdce1f4352a793,Angela Pileggi,Individual,individual,Salem,OR,10000,1,2026-09-21,2026-09-21
orestar-20250101-20260928-787cf45dc908,4792,Tina Kotek,record:8ff4798a135925418259f489,Angela Pileggi,Individual,individual,Salem,OR,10000,1,2026-08-12,2026-08-12
orestar-20250101-20260928-787cf45dc908,4792,Tina Kotek,record:7fc64fe290725507148a51f7,Angela Rider,Individual,individual,Portland,OR,10000,1,2026-04-22,2026-04-22
orestar-20250101-20260928-787cf45dc908,4792,Tina Kotek,record:6225545bf239221053f6fc18,Ann Armstrong,Individual,individual,Portland,OR,10000,1,2026-05-06,2026-05-06
orestar-20250101-20260928-787cf45dc908,4792,Tina Kotek,record:e9bc32b9dffc9e59948e825d,Ann Armstrong,Individual,individual,Portland,OR,10000,1,2026-07-29,2026-07-29
orestar-20250101-20260928-787cf45dc908,4792,Tina Kotek,record:4b7a000776c526ef64d2417f,Ann Bauer,Individual,individual,Grants Pass,OR,10000,1,2026-09-10,2026-09-10
orestar-20250101-20260928-787cf45dc908,4792,Tina Kotek,record:86d197406bc333d8ed9f7351,Anne Batzer,Individual,individual,White City,OR,10000,1,2026-09-10,2026-09-10
orestar-20250101-20260928-787cf45dc908,4792,Tina Kotek,record:03b5392f8c6ba55ce0a455b7,Anne Squier,Individual,individual,No City Provided,OR,10000,1,2025-12-10,2025-12-10
orestar-20250101-20260928-787cf45dc908,4792,Tina Kotek,record:99d837203eed4ac6ab8f0aa1,Anthony Edwards,Individual,individual,Eugene,OR,10000,2,2026-08-05,2026-09-10
orestar-20250101-20260928-787cf45dc908,4792,Tina Kotek,record:b9465f2056dfb7b832dec0cc,Antoine Homar,Individual,individual,Coquille,OR,10000,1,2025-03-06,2025-03-06
orestar-20250101-20260928-787cf45dc908,4792,Tina Kotek,record:8f589139738750a8afd07a99,Beatrice Davis,Individual,individual,Portland,OR,10000,1,2026-09-21,2026-09-21
orestar-20250101-20260928-787cf45dc908,4792,Tina Kotek,record:cc5988c63743f755c5885ee0,Beatrice Davis,Individual,individual,Portland,OR,10000,1,2025-12-10,2025-12-10
orestar-20250101-20260928-787cf45dc908,4792,Tina Kotek,record:6fda7df7b13902786dc88f85,Beatrice Trinder,Individual,individual,Myrtle Point,OR,10000,1,2026-09-21,2026-09-21
orestar-20250101-20260928-787cf45dc908,4792,Tina Kotek,record:707a81b71b14bc6123566142,Beth Parmenter,Individual,individual,Portland,OR,10000,1,2026-09-02,2026-09-02
orestar-20250101-20260928-787cf45dc908,4792,Tina Kotek,record:0a1adebe73b08ba93a4c9847,Betsy Berry Riddell,Individual,individual,Portland,OR,10000,1,2026-03-18,2026-03-18
orestar-20250101-20260928-787cf45dc908,4792,Tina Kotek,record:ef6dde79570301c464df81f9,Biff Traber,Individual,individual,Corvallis,OR,10000,1,2026-07-29,2026-07-29
orestar-20250101-20260928-787cf45dc908,4792,Tina Kotek,record:d79bca7716a04a86597403d3,Billy Bradley,Individual,individual,Grants Pass,OR,10000,1,2025-05-28,2025-05-28
orestar-20250101-20260928-787cf45dc908,4792,Tina Kotek,record:17585809ca73283202833001,Blythe Engen,Individual,individual,Deschutes County,OR,10000,1,2026-08-19,2026-08-19
orestar-20250101-20260928-787cf45dc908,4792,Tina Kotek,record:b87a0fbb0fa5b9288384afad,Bonnie Malone,Individual,individual,Sisters,OR,10000,2,2026-07-29,2026-09-10
orestar-20250101-20260928-787cf45dc908,4792,Tina Kotek,record:d74cb055aa9c3ac2a3472df5,Bradley Glanville,Individual,individual,Chico,CA,10000,3,2026-05-20,2026-05-28
orestar-20250101-20260928-787cf45dc908,4792,Tina Kotek,record:65aa6fac943b67cec4fa52e5,Bradley Price,Individual,individual,Portland,OR,10000,1,2026-09-21,2026-09-21
orestar-20250101-20260928-787cf45dc908,4792,Tina Kotek,record:2e9337c3df9ac18ec3e70b75,Brian Brandt,Individual,individual,Portland,OR,10000,2,2026-08-26,2026-09-21
orestar-20250101-20260928-787cf45dc908,4792,Tina Kotek,record:ff1a9edc83e7376790079492,Bridget Mcgrory,Individual,individual,Salem,OR,10000,1,2026-03-25,2026-03-25
orestar-20250101-20260928-787cf45dc908,4792,Tina Kotek,record:eccdc35166db62be061828ce,Bryan Boe,Individual,individual,Bend,OR,10000,1,2025-10-30,2025-10-30
orestar-20250101-20260928-787cf45dc908,4792,Tina Kotek,record:ee08289dac123b972c0646d8,Candace Shock,Individual,individual,Ontario,OR,10000,1,2026-06-24,2026-06-24
orestar-20250101-20260928-787cf45dc908,4792,Tina Kotek,record:bf453b375c8d06ec5f24c41d,Carmen Knudson-Martin,Individual,individual,Oregon City,OR,10000,1,2026-09-21,2026-09-21
orestar-20250101-20260928-787cf45dc908,4792,Tina Kotek,record:a3ddbdcda6d45c4c5694e25c,Carol Edwards,Individual,individual,Salem,OR,10000,1,2026-08-19,2026-08-19
orestar-20250101-20260928-787cf45dc908,4792,Tina Kotek,record:4596c5e2aed95e91a6b516e2,Carol Trueba,Individual,individual,Corvallis,OR,10000,1,2025-12-10,2025-12-10
orestar-20250101-20260928-787cf45dc908,4792,Tina Kotek,record:81a81c6270112fb793e31c9a,Carolyn Henriksen,Individual,individual,Coos Bay,OR,10000,1,2026-09-14,2026-09-14
orestar-20250101-20260928-787cf45dc908,4792,Tina Kotek,record:8d7194e200af0e5121977479,Carolyn Kelly,Individual,individual,Portland,OR,10000,1,2025-10-22,2025-10-22
orestar-20250101-20260928-787cf45dc908,4792,Tina Kotek,record:04cfec348130f1b51901aaa4,Catherine Kordesch,Individual,individual,Eugene,OR,10000,1,2025-10-29,2025-10-29
orestar-20250101-20260928-787cf45dc908,4792,Tina Kotek,record:3242d2b823ac77fcd45a6f02,Cecilia Ward,Individual,individual,Lake Oswego,OR,10000,1,2026-09-21,2026-09-21
orestar-20250101-20260928-787cf45dc908,4792,Tina Kotek,record:1155e86a05a84b8e1567508e,Chalice Savage,Individual,individual,Eugene,OR,10000,1,2025-10-22,2025-10-22
orestar-20250101-20260928-787cf45dc908,4792,Tina Kotek,record:4ea6364e48006708de6f91ef,Chauncey Anderson,Individual,individual,Portland,OR,10000,1,2026-09-10,2026-09-10
orestar-20250101-20260928-787cf45dc908,4792,Tina Kotek,record:0fec1e459e0de11b4eb871e6,Chere Pereira,Individual,individual,Corvallis,OR,10000,1,2026-09-21,2026-09-21
orestar-20250101-20260928-787cf45dc908,4792,Tina Kotek,record:86f8a89eb2dd021195d21e9d,Cherie Hunton,Individual,individual,Oregon City,OR,10000,2,2026-09-02,2026-09-10
orestar-20250101-20260928-787cf45dc908,4792,Tina Kotek,record:5f2b39ec42e908da8ff2d617,Cheryl Fleming,Individual,individual,Junction City,OR,10000,1,2025-11-20,2025-11-20
orestar-20250101-20260928-787cf45dc908,4792,Tina Kotek,record:cc3c9d193b3d75710bbf1cdb,Cheryl Wyborny,Individual,individual,West Linn,OR,10000,2,2026-08-05,2026-09-21
orestar-20250101-20260928-787cf45dc908,4792,Tina Kotek,record:30f53e98d08b07a6f36c37b9,Christian Selleron,Individual,individual,West Linn,OR,10000,1,2026-05-28,2026-05-28
orestar-20250101-20260928-787cf45dc908,4792,Tina Kotek,record:3982669add114fdfb12301d7,Claudia Coon,Individual,individual,Portland,OR,10000,2,2026-07-29,2026-09-02
orestar-20250101-20260928-787cf45dc908,4792,Tina Kotek,record:80d1a0f704c78d496983e267,Claudia Roberts,Individual,individual,Salem,OR,10000,1,2026-09-21,2026-09-21
orestar-20250101-20260928-787cf45dc908,4792,Tina Kotek,record:72633fa035e4c18baa69e95c,Cleone Hawkinson,Individual,individual,Portland,OR,10000,2,2026-07-08,2026-07-08
orestar-20250101-20260928-787cf45dc908,4792,Tina Kotek,record:81d2ae339861bfc1607ab7c6,Clifford Gill,Individual,individual,Beaverton,OR,10000,1,2026-07-08,2026-07-08
orestar-20250101-20260928-787cf45dc908,4792,Tina Kotek,record:a99bf5d97b7efe19f7530d08,Crystal Shoji,Individual,individual,Coos Bay,OR,10000,1,2026-09-21,2026-09-21
orestar-20250101-20260928-787cf45dc908,4792,Tina Kotek,record:c770f3e388331ba32a071e06,Cynthia Bunker,Individual,individual,Mcminnville,OR,10000,1,2026-08-05,2026-08-05
orestar-20250101-20260928-787cf45dc908,4792,Tina Kotek,record:6590e84231824073f04f7c2d,Daigh Tufts,Individual,individual,Roseburg,OR,10000,1,2026-09-21,2026-09-21
orestar-20250101-20260928-787cf45dc908,4792,Tina Kotek,record:9460c4a8f67c8df7d5eab255,Darlene Chirman,Individual,individual,Portland,OR,10000,1,2025-12-10,2025-12-10
orestar-20250101-20260928-787cf45dc908,4792,Tina Kotek,record:bdb4e774b7d30e15c3bf15a1,Daryl Monk,Individual,individual,Corvallis,OR,10000,1,2026-07-29,2026-07-29
orestar-20250101-20260928-787cf45dc908,4792,Tina Kotek,record:ad8fc74140aade9f678ce13d,David Cooper,Individual,individual,League City,TX,10000,3,2026-07-01,2026-08-19
orestar-20250101-20260928-787cf45dc908,4792,Tina Kotek,record:80922c7e4147832f684e303a,David Jansson,Individual,individual,Elmira,OR,10000,1,2026-08-19,2026-08-19
orestar-20250101-20260928-787cf45dc908,4792,Tina Kotek,record:9f451a1d0affd521267a53e1,David Palk,Individual,individual,Florence,OR,10000,4,2026-06-17,2026-09-02
orestar-20250101-20260928-787cf45dc908,4792,Tina Kotek,record:071de8c1adafc940909d844e,David Powell,Individual,individual,Portland,OR,10000,1,2026-09-10,2026-09-10
orestar-20250101-20260928-787cf45dc908,4792,Tina Kotek,record:a500c69cc8cceb5c7522db8d,David Powell,Individual,individual,Portland,OR,10000,1,2026-09-21,2026-09-21
orestar-20250101-20260928-787cf45dc908,4792,Tina Kotek,record:d5d53639c284274618e7e301,David Sprowls,Individual,individual,Corvallis,OR,10000,1,2025-10-31,2025-10-31
orestar-20250101-20260928-787cf45dc908,4792,Tina Kotek,record:d937684d8185383c87e44208,Debbie Runciman,Individual,individual,Portland,OR,10000,1,2026-09-14,2026-09-14
orestar-20250101-20260928-787cf45dc908,4792,Tina Kotek,record:cc9b7a0835d184c2a6cc3a15,Delores Ross,Individual,individual,Oregon City,OR,10000,1,2026-09-02,2026-09-02
orestar-20250101-20260928-787cf45dc908,4792,Tina Kotek,record:16079ed7a069a28281243a2c,Dian Chute,Individual,individual,Portland,OR,10000,1,2026-06-03,2026-06-03
orestar-20250101-20260928-787cf45dc908,4792,Tina Kotek,record:6c969a0911afda1c59d4b722,Don Bottomley,Individual,individual,Beaverton,OR,10000,1,2026-09-02,2026-09-02
orestar-20250101-20260928-787cf45dc908,4792,Tina Kotek,record:d1c304bc19b692ae5fda2ecc,Dona Bolt,Individual,individual,Salem,OR,10000,1,2026-06-24,2026-06-24
orestar-20250101-20260928-787cf45dc908,4792,Tina Kotek,record:4fc1e1d7bed6b3426fa9f563,Donald Dutton,Individual,individual,Lake Oswego,OR,10000,2,2026-08-12,2026-08-12
orestar-20250101-20260928-787cf45dc908,4792,Tina Kotek,record:172f4e9dcef105d58bfec6d2,Donald Henley,Individual,individual,Charlottesville,VA,10000,1,2026-07-15,2026-07-15
orestar-20250101-20260928-787cf45dc908,4792,Tina Kotek,record:7f4c995679dbf2615d20522c,Donald Hill,Individual,individual,Mcminnville,OR,10000,2,2026-08-05,2026-09-10
orestar-20250101-20260928-787cf45dc908,4792,Tina Kotek,record:a99623b65ba027b989329c3d,Donna Lindsey,Individual,individual,Eugene,OR,10000,1,2026-08-12,2026-08-12
orestar-20250101-20260928-787cf45dc908,4792,Tina Kotek,record:8e73aac8848f7aea7064587c,Dorothy Hosking,Individual,individual,Florence,OR,10000,1,2026-08-19,2026-08-19
orestar-20250101-20260928-787cf45dc908,4792,Tina Kotek,record:6c9d67ef6f814bbe99779f62,Dorothy Wilson,Individual,individual,Corvallis,OR,10000,1,2026-09-21,2026-09-21
orestar-20250101-20260928-787cf45dc908,4792,Tina Kotek,record:770d85e9ad17feb853dff632,Edith Phillips,Individual,individual,Springfield,OR,10000,2,2026-05-06,2026-09-14
orestar-20250101-20260928-787cf45dc908,4792,Tina Kotek,record:8a9bd7dd6ba4b5f91bd539a5,Elizabeth Blount,Individual,individual,Silverton,OR,10000,2,2026-08-12,2026-09-10
orestar-20250101-20260928-787cf45dc908,4792,Tina Kotek,record:9e880662259a94cea1a849bd,Elizabeth Harris,Individual,individual,Littleton,CO,10000,1,2026-08-19,2026-08-19
orestar-20250101-20260928-787cf45dc908,4792,Tina Kotek,record:aeff2b1d5de845a8fb6dd737,Elizabeth Klein,Individual,individual,Portland,OR,10000,1,2026-09-10,2026-09-10
orestar-20250101-20260928-787cf45dc908,4792,Tina Kotek,record:b5d78d7ffd5e86c792bdb363,Elizabeth Neeley,Individual,individual,Bandon,OR,10000,1,2025-11-05,2025-11-05
orestar-20250101-20260928-787cf45dc908,4792,Tina Kotek,record:555a067e527e69d20de48e90,Ellen Pollard,Individual,individual,Eugene,OR,10000,1,2026-08-19,2026-08-19
orestar-20250101-20260928-787cf45dc908,4792,Tina Kotek,record:b39ebe40dd5354e37bf7a2ac,Ellen Todras,Individual,individual,Eugene,OR,10000,1,2026-07-29,2026-07-29
orestar-20250101-20260928-787cf45dc908,4792,Tina Kotek,record:86801f82268574bbc17ae0a5,Ellen Vollinger,Individual,individual,Northampton,MA,10000,1,2026-06-03,2026-06-03
orestar-20250101-20260928-787cf45dc908,4792,Tina Kotek,record:f0a17572806793a0d25b5c9f,Esther Kim,Individual,individual,Albany,OR,10000,1,2025-12-10,2025-12-10
orestar-20250101-20260928-787cf45dc908,4792,Tina Kotek,record:b90a1093ad52610ac5199487,Eva Mullan,Individual,individual,Oregon City,OR,10000,1,2026-08-26,2026-08-26
orestar-20250101-20260928-787cf45dc908,4792,Tina Kotek,record:ff337c0eaff06d20404691d8,Evan Lewis,Individual,individual,Tigard,OR,10000,1,2026-08-19,2026-08-19
orestar-20250101-20260928-787cf45dc908,4792,Tina Kotek,record:8b7d3809affec7764c9a6ff7,Fran Germany-Griggs,Individual,individual,Tigard,OR,10000,1,2026-09-02,2026-09-02
orestar-20250101-20260928-787cf45dc908,4792,Tina Kotek,record:bb52bdefd74fb50c2f303922,Gael Nagle,Individual,individual,Molalla,OR,10000,3,2026-08-26,2026-09-21
orestar-20250101-20260928-787cf45dc908,4792,Tina Kotek,record:c9378de364a565815e397a62,Gary Bush,Individual,individual,Wilsonville,OR,10000,2,2026-07-15,2026-07-15
orestar-20250101-20260928-787cf45dc908,4792,Tina Kotek,record:bbd6a3dc4ca8e350b7796f96,Gayla Barrows,Individual,individual,Medford,OR,10000,1,2026-09-14,2026-09-14
orestar-20250101-20260928-787cf45dc908,4792,Tina Kotek,record:d24d29a8319d95b716e816da,Gayle Sheller,Individual,individual,Cornelius,OR,10000,2,2025-12-03,2025-12-31
orestar-20250101-20260928-787cf45dc908,4792,Tina Kotek,record:4dfaa20ec910a49e36ff7665,George Baker,Individual,individual,Springfield,OR,10000,1,2026-09-18,2026-09-18
orestar-20250101-20260928-787cf45dc908,4792,Tina Kotek,record:09e0027c0bef73b3ce3d7c6e,Gregory Knopp,Individual,individual,Portland,OR,10000,1,2026-09-21,2026-09-21
orestar-20250101-20260928-787cf45dc908,4792,Tina Kotek,record:1ac9331c0e17481943cef802,Greta Hicks,Individual,individual,Lake Oswego,OR,10000,1,2026-09-10,2026-09-10
orestar-20250101-20260928-787cf45dc908,4792,Tina Kotek,record:d5f4ef9424d73d64239ab194,Hazel Patton,Individual,individual,Salem,OR,10000,1,2026-09-21,2026-09-21
orestar-20250101-20260928-787cf45dc908,4792,Tina Kotek,record:57f9369525b6dcc1cafcad53,Heidi Brown,Individual,individual,Portland,OR,10000,1,2026-06-03,2026-06-03
orestar-20250101-20260928-787cf45dc908,4792,Tina Kotek,record:bb072dc509f8df6b11967916,Heike Eubanks,Individual,individual,Myrtle Point,OR,10000,1,2026-09-23,2026-09-23
orestar-20250101-20260928-787cf45dc908,4792,Tina Kotek,record:f575b2da0d9a94adba8208d4,Helmi Hisserich,Individual,individual,Portland,OR,10000,1,2026-07-22,2026-07-22
orestar-20250101-20260928-787cf45dc908,4792,Tina Kotek,record:7658550afbec794b1d2be1f0,Henry Alley,Individual,individual,Eugene,OR,10000,1,2026-09-14,2026-09-14
orestar-20250101-20260928-787cf45dc908,4792,Tina Kotek,record:684bf522c4351fb14a2b1a52,Herb Crew,Individual,individual,Corvallis,OR,10000,2,2026-08-12,2026-09-02
orestar-20250101-20260928-787cf45dc908,4792,Tina Kotek,record:123a1c3588aca36b2ecebca6,Huck Wilken,Individual,individual,Portland,OR,10000,2,2025-11-05,2025-12-10
orestar-20250101-20260928-787cf45dc908,4792,Tina Kotek,record:ec0a98c688167250c927b614,Jack Shannon,Individual,individual,Bend,OR,10000,1,2026-06-24,2026-06-24
orestar-20250101-20260928-787cf45dc908,4792,Tina Kotek,record:2c0bb180c494db9b2d2424ee,Jack Williams,Individual,individual,Medford,OR,10000,1,2026-09-21,2026-09-21
orestar-20250101-20260928-787cf45dc908,4792,Tina Kotek,record:5b03b09d4f4edccd6933c69b,Jane Duck,Individual,individual,Lake Oswego,OR,10000,2,2026-07-02,2026-07-02
orestar-20250101-20260928-787cf45dc908,4792,Tina Kotek,record:5f037444903b3ac920b8acc7,Janet Ashcraft,Individual,individual,King City,OR,10000,1,2026-09-23,2026-09-23
orestar-20250101-20260928-787cf45dc908,4792,Tina Kotek,record:ad68ca22d6400afc2073c12b,Jean Quinsey,Individual,individual,Lake Oswego,OR,10000,1,2025-10-16,2025-10-16
orestar-20250101-20260928-787cf45dc908,4792,Tina Kotek,record:1114293fab6dc96ccdafa686,Jeffrey Gislason,Individual,individual,Beaverton,OR,10000,1,2026-09-14,2026-09-14
orestar-20250101-20260928-787cf45dc908,4792,Tina Kotek,record:27058fd5335400365110eb65,Jeffrey Pratt,Individual,individual,Damascus,OR,10000,2,2026-09-10,2026-09-21
orestar-20250101-20260928-787cf45dc908,4792,Tina Kotek,record:766eb3cec5b168b21ea13681,Jennifer Durand,Individual,individual,Eugene,OR,10000,2,2026-08-26,2026-09-21
orestar-20250101-20260928-787cf45dc908,4792,Tina Kotek,record:594ba3a23bd2d2cba1bdf137,Jennifer L James,Individual,individual,Tucson,AZ,10000,1,2026-04-22,2026-04-22
orestar-20250101-20260928-787cf45dc908,4792,Tina Kotek,record:d2580f3cc2f57b4e2acb9882,Jerry Burns,Individual,individual,Milwaukie,OR,10000,3,2026-08-19,2026-09-14
orestar-20250101-20260928-787cf45dc908,4792,Tina Kotek,record:2ee583f820b59263f8743094,Jihad Ghandour,Individual,individual,Portland,OR,10000,1,2026-09-21,2026-09-21
orestar-20250101-20260928-787cf45dc908,4792,Tina Kotek,record:7a8568335a90cbea866c0cc5,Jill Dexter,Individual,individual,Santa Barbara,CA,10000,1,2025-10-29,2025-10-29
orestar-20250101-20260928-787cf45dc908,4792,Tina Kotek,record:c2a817a1234a9ac308f5e8f8,Joan Bridgman,Individual,individual,Beaverton,OR,10000,1,2026-08-19,2026-08-19
orestar-20250101-20260928-787cf45dc908,4792,Tina Kotek,record:41792986f60f4b74f4506f7f,Joan Hoffman,Individual,individual,Portland,OR,10000,1,2026-09-14,2026-09-14
orestar-20250101-20260928-787cf45dc908,4792,Tina Kotek,record:0bdd699fed120fe50a7e008b,John Atkins,Individual,individual,Portland,OR,10000,1,2025-10-22,2025-10-22
orestar-20250101-20260928-787cf45dc908,4792,Tina Kotek,record:c2b21992e72e6f338840b22c,John Chalfan,Individual,individual,Lake Oswego,OR,10000,1,2026-09-21,2026-09-21
orestar-20250101-20260928-787cf45dc908,4792,Tina Kotek,record:72481281fa78bf0d7b40c5ed,John Eichsteadt,Individual,individual,Gladstone,OR,10000,1,2026-09-14,2026-09-14
orestar-20250101-20260928-787cf45dc908,4792,Tina Kotek,record:b1d0d4c0e40d1bd42a968be9,John Miller,Individual,individual,Portland,OR,10000,1,2026-09-21,2026-09-21
orestar-20250101-20260928-787cf45dc908,4792,Tina Kotek,record:0bfa56e6493f9e03dc63bb5a,John Polacek,Individual,individual,Eagle Point,OR,10000,2,2025-11-14,2026-09-18
orestar-20250101-20260928-787cf45dc908,4792,Tina Kotek,record:8b6767008ca44675e48e4c73,Jon Labranch,Individual,individual,Eugene,OR,10000,1,2025-11-19,2025-11-19
orestar-20250101-20260928-787cf45dc908,4792,Tina Kotek,record:62b8eb1a8575a6d8d51f0a14,Jon Stride,Individual,individual,Portland,OR,10000,1,2026-09-02,2026-09-02
orestar-20250101-20260928-787cf45dc908,4792,Tina Kotek,record:931d092051679d49e2d9d516,Jonelle Richards,Individual,individual,Tigard,OR,10000,1,2026-09-10,2026-09-10
orestar-20250101-20260928-787cf45dc908,4792,Tina Kotek,record:42aec2fc0f5e965a985a1300,Joseph Schurmann,Individual,individual,Chesterfield,MO,10000,2,2026-05-26,2026-08-10
orestar-20250101-20260928-787cf45dc908,4792,Tina Kotek,record:fd576fb83fbb0c65827997f4,Judy Amery-Ryland,Individual,individual,Portland,OR,10000,1,2026-09-21,2026-09-21
orestar-20250101-20260928-787cf45dc908,4792,Tina Kotek,record:3f0bb8424ba74a528840e68e,Judy Brazee,Individual,individual,Corvallis,OR,10000,2,2025-04-21,2025-09-22
orestar-20250101-20260928-787cf45dc908,4792,Tina Kotek,record:6fc88c17a4496da43fa291f1,Judy Burchell,Individual,individual,Madras,OR,10000,1,2026-08-19,2026-08-19
orestar-20250101-20260928-787cf45dc908,4792,Tina Kotek,record:f36aa04576813185febddb4e,Judy Shiprack,Individual,individual,Portland,OR,10000,2,2025-12-28,2026-04-06
orestar-20250101-20260928-787cf45dc908,4792,Tina Kotek,record:ccbac644a5d4be939db5c1b8,Julia Roupp,Individual,individual,Ashland,OR,10000,1,2026-09-21,2026-09-21
orestar-20250101-20260928-787cf45dc908,4792,Tina Kotek,record:e3848ebb602c1518bfb7757e,Julie Clark,Individual,individual,Milwaukie,OR,10000,1,2026-09-21,2026-09-21
orestar-20250101-20260928-787cf45dc908,4792,Tina Kotek,record:e75c609ffaccc7e362244598,Karalee Rhoten,Individual,individual,Corvallis,OR,10000,1,2026-08-26,2026-08-26
orestar-20250101-20260928-787cf45dc908,4792,Tina Kotek,record:09c591ac8b44537506490274,Kareen Perkins,Individual,individual,No City Provided,OR,10000,1,2026-08-05,2026-08-05
orestar-20250101-20260928-787cf45dc908,4792,Tina Kotek,record:e0f5ba15e58b215e7bdb37af,Karen P Dillon,Individual,individual,Beaverton,OR,10000,1,2026-08-05,2026-08-05
orestar-20250101-20260928-787cf45dc908,4792,Tina Kotek,record:cbde767819fee8f96a195abd,Karen Runkel,Individual,individual,Salem,OR,10000,7,2025-08-06,2025-12-10
orestar-20250101-20260928-787cf45dc908,4792,Tina Kotek,record:732da94f186500d29272d20a,Katherine Martin,Individual,individual,Portland,OR,10000,1,2026-08-26,2026-08-26
orestar-20250101-20260928-787cf45dc908,4792,Tina Kotek,record:0f1fdf54e481c0c263dcaec0,Kathleen Douglas,Individual,individual,Silverton,OR,10000,2,2026-09-02,2026-09-02
orestar-20250101-20260928-787cf45dc908,4792,Tina Kotek,record:129a1885f3d537f50bc60702,Kathleen Harrison,Individual,individual,Eugene,OR,10000,2,2026-05-20,2026-07-15
orestar-20250101-20260928-787cf45dc908,4792,Tina Kotek,record:1fbeac7de634e5d289891d0f,Kathryn Drew,Individual,individual,Bend,OR,10000,1,2025-10-30,2025-10-30
orestar-20250101-20260928-787cf45dc908,4792,Tina Kotek,record:a2897b6e2bdfab826d8b1d70,Kathryn Flegel,Individual,individual,Portland,OR,10000,1,2025-05-07,2025-05-07
orestar-20250101-20260928-787cf45dc908,4792,Tina Kotek,record:8e6be4bc99bfff3f01d7fac9,Kathy A Blatz,Individual,individual,Jacksonville,OR,10000,1,2026-09-10,2026-09-10
orestar-20250101-20260928-787cf45dc908,4792,Tina Kotek,record:17915ecaf3a40ebd63a8ddc6,Kay Cicalese,Individual,individual,Portland,OR,10000,4,2026-07-01,2026-09-14
orestar-20250101-20260928-787cf45dc908,4792,Tina Kotek,record:5fd803c970e5f0638309e408,Kaye Clarke,Individual,individual,Studio City,CA,10000,1,2026-07-15,2026-07-15
orestar-20250101-20260928-787cf45dc908,4792,Tina Kotek,record:92d872622633a9550cfdd6c1,Kevin Ahern,Individual,individual,Corvallis,OR,10000,2,2026-08-12,2026-09-02
orestar-20250101-20260928-787cf45dc908,4792,Tina Kotek,record:0750629c1bb6bb03b371f2c9,Kevin Doerfler,Individual,individual,Salem,OR,10000,1,2026-08-26,2026-08-26
orestar-20250101-20260928-787cf45dc908,4792,Tina Kotek,record:b081d5a692d1cb8a7f1e5ad2,Kimberly Culbertson,Individual,individual,Hillsboro,OR,10000,1,2025-07-29,2025-07-29
orestar-20250101-20260928-787cf45dc908,4792,Tina Kotek,record:3a11471611772f905d7d686c,Kyle Aaron,Individual,individual,Port Orchard,WA,10000,2,2026-08-12,2026-08-19
orestar-20250101-20260928-787cf45dc908,4792,Tina Kotek,record:138a9c665df73c77e45104df,Lance Larson,Individual,individual,Portland,OR,10000,1,2026-08-19,2026-08-19
orestar-20250101-20260928-787cf45dc908,4792,Tina Kotek,record:db4a0c4bb3725edbf6ddea8a,Laura Gordon,Individual,individual,Seaside,OR,10000,1,2026-09-02,2026-09-02
orestar-20250101-20260928-787cf45dc908,4792,Tina Kotek,record:b0d697871e8b8e80a2312328,Laura Schlafly,Individual,individual,Lake Oswego,OR,10000,1,2026-09-10,2026-09-10
orestar-20250101-20260928-787cf45dc908,4792,Tina Kotek,record:9a5d5d9702e96d97556a6efe,Laural Engeman,Individual,individual,Portland,OR,10000,1,2026-09-14,2026-09-14
orestar-20250101-20260928-787cf45dc908,4792,Tina Kotek,record:b423e7387ed05ab377ee0db6,Lawrence Kitchen,Individual,individual,Lake Oswego,OR,10000,1,2026-07-01,2026-07-01
orestar-20250101-20260928-787cf45dc908,4792,Tina Kotek,record:ed3d4886e200a40c626a257e,Lawrence Murchan,Individual,individual,Woodburn,OR,10000,1,2026-09-14,2026-09-14
orestar-20250101-20260928-787cf45dc908,4792,Tina Kotek,record:096e770e3fed6ce72940eef4,Leslye Epstein,Individual,individual,Portland,OR,10000,1,2026-09-21,2026-09-21
orestar-20250101-20260928-787cf45dc908,4792,Tina Kotek,record:c3d545010d545c21a988fee4,Linda Norris,Individual,individual,Salem,OR,10000,1,2026-09-21,2026-09-21
orestar-20250101-20260928-787cf45dc908,4792,Tina Kotek,record:294d02c73e8c9c823587939c,Linda Seaton,Individual,individual,Tigard,OR,10000,3,2026-09-10,2026-09-14
orestar-20250101-20260928-787cf45dc908,4792,Tina Kotek,record:6bc0468d7c05928b6e50abd6,Linda Taylor,Individual,individual,Forest Grove,OR,10000,1,2025-12-10,2025-12-10
orestar-20250101-20260928-787cf45dc908,4792,Tina Kotek,record:83f0ab4fb9516249875c17b6,Linda Wood,Individual,individual,Portland,OR,10000,1,2026-05-20,2026-05-20
orestar-20250101-20260928-787cf45dc908,4792,Tina Kotek,record:a8b8d5bb414f83a37ddc21dd,Loretta Brenner,Individual,individual,Corvallis,OR,10000,1,2026-09-21,2026-09-21
orestar-20250101-20260928-787cf45dc908,4792,Tina Kotek,record:814977ccfd466277a45a490d,Lynn Herring,Individual,individual,Lake Oswego,OR,10000,1,2026-09-14,2026-09-14
orestar-20250101-20260928-787cf45dc908,4792,Tina Kotek,record:3205588893c4dc574a7372ff,Lynne D. Powell,Individual,individual,Portland,OR,10000,2,2026-08-26,2026-09-21
orestar-20250101-20260928-787cf45dc908,4792,Tina Kotek,record:9e0c85ec6ab3d4aeeb8268e3,Madeline Marquardt,Individual,individual,Mcminnville,OR,10000,1,2026-08-12,2026-08-12
orestar-20250101-20260928-787cf45dc908,4792,Tina Kotek,record:de79077c3ca3c75f0eb840c3,Madison Robitaille,Individual,individual,Westminster,CA,10000,4,2026-05-13,2026-08-12
orestar-20250101-20260928-787cf45dc908,4792,Tina Kotek,record:a93472ea5c9a470a5fae0316,Margot Zallen,Individual,individual,Eugene,OR,10000,1,2025-10-22,2025-10-22
orestar-20250101-20260928-787cf45dc908,4792,Tina Kotek,record:92b82e5ad7ce1250e2cbde4b,Marilyn Lane,Individual,individual,Gearhart,OR,10000,1,2026-06-24,2026-06-24
orestar-20250101-20260928-787cf45dc908,4792,Tina Kotek,record:f62c32dd2ab6532fcb351ac6,Marion Levitan,Individual,individual,Portland,OR,10000,1,2025-03-19,2025-03-19
orestar-20250101-20260928-787cf45dc908,4792,Tina Kotek,record:d7960bafe117c66df4907efd,Marion Leviton,Individual,individual,Portland,OR,10000,3,2025-06-18,2026-09-21
orestar-20250101-20260928-787cf45dc908,4792,Tina Kotek,record:a2ad6d69aa108118d2dde96e,Mark Brown,Individual,individual,Portland,OR,10000,1,2026-06-03,2026-06-03
orestar-20250101-20260928-787cf45dc908,4792,Tina Kotek,record:74f0402911c24abf1de62318,Marnia He Sapa,Individual,individual,Baker City,OR,10000,1,2025-12-28,2025-12-28
orestar-20250101-20260928-787cf45dc908,4792,Tina Kotek,record:4c53e0b540864f2e96dacfcf,Marvin Higgins,Individual,individual,Corvallis,OR,10000,4,2026-07-29,2026-08-26
orestar-20250101-20260928-787cf45dc908,4792,Tina Kotek,record:f95d5e8f7a0518dadecc15f9,Mary Church,Individual,individual,Eugene,OR,10000,5,2025-10-03,2026-09-21
orestar-20250101-20260928-787cf45dc908,4792,Tina Kotek,record:bdf4e703b07b85f3a267103a,Mary Lou Ritter,Individual,individual,Portland,OR,10000,1,2026-09-14,2026-09-14
orestar-20250101-20260928-787cf45dc908,4792,Tina Kotek,record:c9c106a338b7b994a53878a1,Mary Mattis,Individual,individual,Lake Oswego,OR,10000,1,2026-09-21,2026-09-21
orestar-20250101-20260928-787cf45dc908,4792,Tina Kotek,record:98baf27af3dd5478fd408258,Mary Mcmenamin,Individual,individual,Corvallis,OR,10000,1,2026-09-14,2026-09-14
orestar-20250101-20260928-787cf45dc908,4792,Tina Kotek,record:b6651be2b0d627b906d5e362,Mary Peveto,Individual,individual,Portland,OR,10000,1,2025-12-10,2025-12-10
orestar-20250101-20260928-787cf45dc908,4792,Tina Kotek,record:4483704fa74b7aa5a8cca4a2,Mary Schieffer,Individual,individual,Milwaukee,WI,10000,1,2026-08-05,2026-08-05
orestar-20250101-20260928-787cf45dc908,4792,Tina Kotek,record:de91d85cfc13886e3d04061b,Michael Brand,Individual,individual,Lake Oswego,OR,10000,1,2025-11-17,2025-11-17
orestar-20250101-20260928-787cf45dc908,4792,Tina Kotek,record:cbb23556b78b1701ea4df0ca,Michael Fieldman,Individual,individual,Roseburg,OR,10000,1,2026-08-05,2026-08-05
orestar-20250101-20260928-787cf45dc908,4792,Tina Kotek,record:24c9e4f5aaae7400da1071cf,Michael Long,Individual,individual,Portland,OR,10000,1,2026-09-14,2026-09-14
orestar-20250101-20260928-787cf45dc908,4792,Tina Kotek,record:e10f87ce275d5041cf9205ae,Michele Gamburd,Individual,individual,Portland,OR,10000,1,2025-10-08,2025-10-08
orestar-20250101-20260928-787cf45dc908,4792,Tina Kotek,record:b0760c14ff4a7f294f6c539b,Michelle Alexander,Individual,individual,Sisters,OR,10000,1,2026-09-10,2026-09-10
orestar-20250101-20260928-787cf45dc908,4792,Tina Kotek,record:ae1f0a0c704b518d6e32ea41,Nancy Bailey,Individual,individual,Portland,OR,10000,1,2025-11-05,2025-11-05
orestar-20250101-20260928-787cf45dc908,4792,Tina Kotek,record:04f8e28f6ce4499e981aa9a0,Nancy Dear,Individual,individual,Eugene,OR,10000,1,2026-08-21,2026-08-21
orestar-20250101-20260928-787cf45dc908,4792,Tina Kotek,record:20041e0a08bfa80e9ac1a988,Nancy Nowlin,Individual,individual,Medford,OR,10000,2,2025-08-27,2025-10-22
orestar-20250101-20260928-787cf45dc908,4792,Tina Kotek,record:3b6741c2785129ee8a74655d,Nancy Smith,Individual,individual,Portland,OR,10000,1,2026-08-26,2026-08-26
orestar-20250101-20260928-787cf45dc908,4792,Tina Kotek,record:acc5eb32e9abd67aee826d06,Nevill Eschen,Individual,individual,Portland,OR,10000,1,2026-09-21,2026-09-21
orestar-20250101-20260928-787cf45dc908,4792,Tina Kotek,record:fe30091eeb24188b68cf32cb,Olivia Smith,Individual,individual,Portland,OR,10000,1,2026-09-21,2026-09-21
orestar-20250101-20260928-787cf45dc908,4792,Tina Kotek,record:485fe39eeb58a46d3a1f9dff,Pamela Qualley,Individual,individual,Eugene,OR,10000,1,2026-09-21,2026-09-21
orestar-20250101-20260928-787cf45dc908,4792,Tina Kotek,record:2ce1a4146679edaf485df4ff,Patricia Franks,Individual,individual,San Francisco,CA,10000,1,2026-07-02,2026-07-02
orestar-20250101-20260928-787cf45dc908,4792,Tina Kotek,record:3f96d3b95d75c5150fe75874,Patricia O'Day,Individual,individual,Bend,OR,10000,1,2026-08-19,2026-08-19
orestar-20250101-20260928-787cf45dc908,4792,Tina Kotek,record:e984329e9f9a4d5ff3795377,Patricia Turley,Individual,individual,Eugene,OR,10000,1,2026-09-10,2026-09-10
orestar-20250101-20260928-787cf45dc908,4792,Tina Kotek,record:e32c0c102d9d41083b24115e,Paul Nolte,Individual,individual,Roseburg,OR,10000,1,2026-04-29,2026-04-29
orestar-20250101-20260928-787cf45dc908,4792,Tina Kotek,record:8b86f5129436bd55a7f95584,Paul Renner,Individual,individual,Gold Beach,OR,10000,1,2025-06-25,2025-06-25
orestar-20250101-20260928-787cf45dc908,4792,Tina Kotek,record:b8620ee7c61f21eed76f257b,Peter Letts,Individual,individual,Beaverton,OR,10000,1,2026-08-26,2026-08-26
orestar-20250101-20260928-787cf45dc908,4792,Tina Kotek,record:368cecef5a6ec2ac59f082b0,Pj Sargeant,Individual,individual,Springfield,OR,10000,2,2025-06-18,2025-06-18
orestar-20250101-20260928-787cf45dc908,4792,Tina Kotek,record:91777e820244774edecc356a,Rebecca Jonestrask,Individual,individual,San Diego,CA,10000,1,2025-12-10,2025-12-10
orestar-20250101-20260928-787cf45dc908,4792,Tina Kotek,record:a5211b8c496b06f85beba28e,Richard Buck,Individual,individual,Eugene,OR,10000,1,2026-09-21,2026-09-21
orestar-20250101-20260928-787cf45dc908,4792,Tina Kotek,record:dea88f282ac0d7dc513b1bce,Richard Davis,Individual,individual,Wilsonville,OR,10000,2,2025-10-22,2025-10-22
orestar-20250101-20260928-787cf45dc908,4792,Tina Kotek,record:b551ad625ca1a69a033644d2,Richard Jones,Individual,individual,Lake Oswego,OR,10000,1,2026-09-10,2026-09-10
orestar-20250101-20260928-787cf45dc908,4792,Tina Kotek,record:1bd01c887efcc2f78d7bba5b,Richard Schad,Individual,individual,Roseburg,OR,10000,1,2026-09-14,2026-09-14
orestar-20250101-20260928-787cf45dc908,4792,Tina Kotek,record:d8c1c8077a0e4c4669da5e5c,Robert Abbott,Individual,individual,Oak Grove,OR,10000,2,2026-08-12,2026-09-14
orestar-20250101-20260928-787cf45dc908,4792,Tina Kotek,record:5ca536d4d769f9810e52bb3a,Robert Button,Individual,individual,Portland,OR,10000,1,2026-04-22,2026-04-22
orestar-20250101-20260928-787cf45dc908,4792,Tina Kotek,record:0cc81360f3ce31c75a333743,Robert Glasgow,Individual,individual,Salem,OR,10000,1,2026-09-11,2026-09-11
orestar-20250101-20260928-787cf45dc908,4792,Tina Kotek,record:70c2cdcfdd618ed400ec8e50,Robert Melnick,Individual,individual,Eugene,OR,10000,1,2026-05-06,2026-05-06
orestar-20250101-20260928-787cf45dc908,4792,Tina Kotek,record:a4eee3e728d72660d0711b79,Robert Melnick,Individual,individual,Eugene,OR,10000,1,2025-10-21,2025-10-21
orestar-20250101-20260928-787cf45dc908,4792,Tina Kotek,record:2575f2839125d6da8e64905a,Robert Schroeder,Individual,individual,Cottage Grove,OR,10000,1,2026-09-10,2026-09-10
orestar-20250101-20260928-787cf45dc908,4792,Tina Kotek,record:f30ba115f7818b75d08122a6,Roland Lavoie,Individual,individual,Hood River,OR,10000,4,2026-09-10,2026-09-21
orestar-20250101-20260928-787cf45dc908,4792,Tina Kotek,record:0410baaf784ca0a0e24d001f,Ron Rupert,Individual,individual,Woodburn,OR,10000,2,2026-09-10,2026-09-10
orestar-20250101-20260928-787cf45dc908,4792,Tina Kotek,record:847b7648d3e596e641bca0e2,Sally Sperb,Individual,individual,Aurora,OR,10000,1,2026-09-14,2026-09-14
orestar-20250101-20260928-787cf45dc908,4792,Tina Kotek,record:6b3ba4f515d6373e46bb58e5,Samuel Hubbard,Individual,individual,Mcminnville,OR,10000,1,2026-08-26,2026-08-26
orestar-20250101-20260928-787cf45dc908,4792,Tina Kotek,record:dbebb9177ef06ee554f00f93,Sandra Clemons,Individual,individual,Ashland,OR,10000,1,2026-09-17,2026-09-17
orestar-20250101-20260928-787cf45dc908,4792,Tina Kotek,record:651c063525c36993ad791fde,Sandra Hise,Individual,individual,Beaverton,OR,10000,1,2026-04-06,2026-04-06
orestar-20250101-20260928-787cf45dc908,4792,Tina Kotek,record:78cb1636ac1184aa2890f481,Scott Appleton,Individual,individual,Ashland,OR,10000,1,2026-08-19,2026-08-19
orestar-20250101-20260928-787cf45dc908,4792,Tina Kotek,record:b353397ef740da95a0ba0e85,Scott Dannenbring,Individual,individual,Enterprise,OR,10000,1,2026-08-26,2026-08-26
orestar-20250101-20260928-787cf45dc908,4792,Tina Kotek,record:35debbf85936e0655503d9af,Scott Hossner,Individual,individual,Salem,OR,10000,1,2026-09-10,2026-09-10
orestar-20250101-20260928-787cf45dc908,4792,Tina Kotek,record:5d38394b27c887f8e66b79bf,Scott Likely,Individual,individual,Portland,OR,10000,1,2026-08-19,2026-08-19
orestar-20250101-20260928-787cf45dc908,4792,Tina Kotek,record:c5b58444abb3e0ab2fd82d80,Shaley Howard,Individual,individual,Portland,OR,10000,1,2026-07-15,2026-07-15
orestar-20250101-20260928-787cf45dc908,4792,Tina Kotek,record:6230daa3b3b542d3b9aa88e8,Sharon Baker,Individual,individual,Portland,OR,10000,1,2025-10-30,2025-10-30
orestar-20250101-20260928-787cf45dc908,4792,Tina Kotek,record:05675719ab5e271a13c85271,Sherrie Schroeder,Individual,individual,Springfield,OR,10000,1,2026-07-22,2026-07-22
orestar-20250101-20260928-787cf45dc908,4792,Tina Kotek,record:8187b221ca0b41b8dc4b427c,Sherrie Schroeder,Individual,individual,Springfield,OR,10000,1,2026-08-26,2026-08-26
orestar-20250101-20260928-787cf45dc908,4792,Tina Kotek,record:7c4a8b55edfad7af01206d81,Stacy Hartman,Individual,individual,Eugene,OR,10000,1,2025-10-22,2025-10-22
orestar-20250101-20260928-787cf45dc908,4792,Tina Kotek,record:8e44e310cdcd11499ba2960f,Stacy Ordway,Individual,individual,Philomath,OR,10000,4,2026-05-13,2026-08-12
orestar-20250101-20260928-787cf45dc908,4792,Tina Kotek,record:ea9be03b0161facaa901c5eb,Stanley Benge,Individual,individual,Bend,OR,10000,1,2026-09-14,2026-09-14
orestar-20250101-20260928-787cf45dc908,4792,Tina Kotek,record:0d8b6b473f7163f77ee21e09,Stephanie Sullivan,Individual,individual,Oregon City,OR,10000,1,2026-09-21,2026-09-21
orestar-20250101-20260928-787cf45dc908,4792,Tina Kotek,record:dc88666ac8f0f4666c53a8ed,Stephen Edward,Individual,individual,Gaston,OR,10000,1,2026-09-21,2026-09-21
orestar-20250101-20260928-787cf45dc908,4792,Tina Kotek,record:b027b919d71d7d65cf48a5fe,Stuart Hirsh,Individual,individual,Salem,OR,10000,1,2026-07-01,2026-07-01
orestar-20250101-20260928-787cf45dc908,4792,Tina Kotek,record:e8d26223d0248dcf35717097,Susan Clark,Individual,individual,Corvallis,OR,10000,1,2025-11-10,2025-11-10
orestar-20250101-20260928-787cf45dc908,4792,Tina Kotek,record:005351a155a7227496a2630b,Susan Fisher,Individual,individual,Corvallis,OR,10000,1,2026-09-14,2026-09-14
orestar-20250101-20260928-787cf45dc908,4792,Tina Kotek,record:40db9f909b115a1d7fc01ed4,Susan Leeb,Individual,individual,Lake Oswego,OR,10000,1,2026-07-08,2026-07-08
orestar-20250101-20260928-787cf45dc908,4792,Tina Kotek,record:b7639622a8a939fb1d9ad8d4,Susan Mcinnis,Individual,individual,Portland,OR,10000,4,2026-05-22,2026-09-21
orestar-20250101-20260928-787cf45dc908,4792,Tina Kotek,record:dc4317ed53a74be0d7cb89bf,Suzanne Wong,Individual,individual,Mcminnville,OR,10000,4,2025-05-28,2025-08-27
orestar-20250101-20260928-787cf45dc908,4792,Tina Kotek,record:b8ddcb9455c29be5995a6640,Ted Keener,Individual,individual,Deschutes County,OR,10000,1,2026-08-05,2026-08-05
orestar-20250101-20260928-787cf45dc908,4792,Tina Kotek,record:6d64a7e0ffae5173878e0902,Teresa Boelens,Individual,individual,Monmouth,OR,10000,1,2026-09-21,2026-09-21
orestar-20250101-20260928-787cf45dc908,4792,Tina Kotek,record:ba1a05e8ece9d2f08b518ccb,Terry Clements,Individual,individual,Portland,OR,10000,4,2026-08-12,2026-09-02
orestar-20250101-20260928-787cf45dc908,4792,Tina Kotek,record:61a5269922722d578e537e5b,Thomas Busch,Individual,individual,Lake Oswego,OR,10000,2,2026-07-02,2026-07-02
orestar-20250101-20260928-787cf45dc908,4792,Tina Kotek,record:befa33cf8d1347f25ec2c934,Thomas Jelks,Individual,individual,Dover,PA,10000,1,2025-07-07,2025-07-07
orestar-20250101-20260928-787cf45dc908,4792,Tina Kotek,record:fc340dfe134cecc83d0a50d6,Thomas Pansky,Individual,individual,Portland,OR,10000,1,2025-11-03,2025-11-03
orestar-20250101-20260928-787cf45dc908,4792,Tina Kotek,record:bc22f26c1c59884933cd794c,Thomas Richmond,Individual,individual,Junction City,OR,10000,1,2026-08-12,2026-08-12
orestar-20250101-20260928-787cf45dc908,4792,Tina Kotek,record:876245107bed0bb00943de06,Thomas Slaight,Individual,individual,Beaverton,OR,10000,3,2026-09-02,2026-09-21
orestar-20250101-20260928-787cf45dc908,4792,Tina Kotek,record:0a3dffa43b7ea66dbfd335d6,Timothy Burton,Individual,individual,Salem,OR,10000,1,2026-09-21,2026-09-21
orestar-20250101-20260928-787cf45dc908,4792,Tina Kotek,record:4cb78ffb4aece3c40aa4f378,Tom Di Liberto,Individual,individual,Eugene,OR,10000,1,2025-10-22,2025-10-22
orestar-20250101-20260928-787cf45dc908,4792,Tina Kotek,record:3393beb258c8df3d4946c821,Tracy Askins,Individual,individual,Bandon,OR,10000,1,2026-07-15,2026-07-15
orestar-20250101-20260928-787cf45dc908,4792,Tina Kotek,record:9bc4cef731225564cf5a49ea,Tracy Askins,Individual,individual,Bandon,OR,10000,1,2026-07-29,2026-07-29
orestar-20250101-20260928-787cf45dc908,4792,Tina Kotek,record:40ecdae1742589d5b8606a62,Valerie Pratt,Individual,individual,Tualatin,OR,10000,1,2025-07-30,2025-07-30
orestar-20250101-20260928-787cf45dc908,4792,Tina Kotek,record:adcc23a17a2ad2fbe62d2c82,Vicki Perrett,Individual,individual,Mcminnville,OR,10000,2,2026-07-22,2026-07-22
orestar-20250101-20260928-787cf45dc908,4792,Tina Kotek,record:174319fabc1ea896c5f3956c,Victoria Mclean,Individual,individual,Eugene,OR,10000,1,2026-09-14,2026-09-14
orestar-20250101-20260928-787cf45dc908,4792,Tina Kotek,record:a0e198f112acb7f78918912b,Wendy Shelden,Individual,individual,Portland,OR,10000,1,2026-09-10,2026-09-10
orestar-20250101-20260928-787cf45dc908,4792,Tina Kotek,record:dff7ea0afce664a0c0f65763,Weston Heringer,Individual,individual,Wilsonville,OR,10000,1,2026-09-23,2026-09-23
orestar-20250101-20260928-787cf45dc908,4792,Tina Kotek,record:7ce442cadec992ed1b9fc9e4,William Byers,Individual,individual,Corvallis,OR,10000,1,2026-08-19,2026-08-19
orestar-20250101-20260928-787cf45dc908,4792,Tina Kotek,record:ba15efd9d921b517953603d3,William Green,Individual,individual,Albuquerque Nm,NM,10000,2,2026-08-19,2026-09-21
orestar-20250101-20260928-787cf45dc908,4792,Tina Kotek,record:526cc837c7269d30fe5fcdbe,William Howe,Individual,individual,Dexter,OR,10000,1,2026-07-02,2026-07-02
orestar-20250101-20260928-787cf45dc908,4792,Tina Kotek,record:039eb6541bd221ae524acd50,Julie Clark,Individual,individual,Portland,OR,9900,1,2025-07-07,2025-07-07
orestar-20250101-20260928-787cf45dc908,4792,Tina Kotek,record:d17a18d08847f0b9fa9ce6fb,Brad Fulgham,Individual,individual,Mcminnville,OR,9800,3,2026-06-17,2026-09-02
orestar-20250101-20260928-787cf45dc908,4792,Tina Kotek,record:86fc36a3894f32a30e188b26,Catherine Shermer,Individual,individual,Pendleton,OR,9800,5,2026-06-03,2026-09-02
orestar-20250101-20260928-787cf45dc908,4792,Tina Kotek,record:318cff3e798917cb5f6d09ac,Joel Horen,Individual,individual,Johnstown,CO,9800,12,2026-07-15,2026-09-21
orestar-20250101-20260928-787cf45dc908,4792,Tina Kotek,record:d43a498130a75aab13ebca15,Brian Gomez,Individual,individual,Bend,OR,9600,4,2026-06-03,2026-09-02
orestar-20250101-20260928-787cf45dc908,4792,Tina Kotek,record:132cfb50d39cc5dac09397de,Loren Waltz,Individual,individual,Lake Oswego,OR,9500,3,2025-11-05,2025-12-10
orestar-20250101-20260928-787cf45dc908,4792,Tina Kotek,record:6c91e7008007c672b787e794,Terry Schmitz,Individual,individual,Eugene,OR,9500,5,2025-11-19,2025-12-28
orestar-20250101-20260928-787cf45dc908,4792,Tina Kotek,record:1432631e8e92f90e6030af72,Linda Alstad,Individual,individual,Salem,OR,9400,27,2026-06-24,2026-09-21
orestar-20250101-20260928-787cf45dc908,4792,Tina Kotek,record:bbc7523135aca1cbcf08316f,Barbara Dare,Individual,individual,Lorane,OR,9000,2,2025-11-05,2025-12-31
orestar-20250101-20260928-787cf45dc908,4792,Tina Kotek,record:0389150eb34fe3ec113a3b01,Carol Ampel,Individual,individual,Medford,OR,9000,4,2026-08-05,2026-09-10
orestar-20250101-20260928-787cf45dc908,4792,Tina Kotek,record:b9480ebff7bc763001b1ea99,Claire Hoffman,Individual,individual,West River,MD,9000,3,2026-06-24,2026-09-21
orestar-20250101-20260928-787cf45dc908,4792,Tina Kotek,record:cae2f4750ab80bfc982f223d,Lynn Marie Chowdhury,Individual,individual,Eugene,OR,9000,6,2026-07-29,2026-09-21
orestar-20250101-20260928-787cf45dc908,4792,Tina Kotek,record:bf4d6facc693f1eef34e81c1,Michael Mchenry,Individual,individual,Umpqua,OR,9000,3,2026-03-18,2026-06-03
orestar-20250101-20260928-787cf45dc908,4792,Tina Kotek,record:394911fb3ba8cf6d18a5ee12,Nick Gideonse,Individual,individual,Portland,OR,9000,6,2025-06-25,2025-12-24
orestar-20250101-20260928-787cf45dc908,4792,Tina Kotek,record:ba9857d5d21cced386350486,Sheila Watson,Individual,individual,Eugene,OR,9000,4,2026-06-17,2026-09-14
orestar-20250101-20260928-787cf45dc908,4792,Tina Kotek,record:1b3c959018eed2f110c821db,Judy Davis,Individual,individual,Beaverton,OR,8800,4,2026-06-24,2026-09-21
orestar-20250101-20260928-787cf45dc908,4792,Tina Kotek,record:5fe1476c6c94035fdfac510d,James Williams,Individual,individual,Beaverton,OR,8750,4,2026-06-10,2026-07-22
orestar-20250101-20260928-787cf45dc908,4792,Tina Kotek,record:3ffbc0722bd8704545ec70c8,Nancy Broskie,Individual,individual,Salem,OR,8700,3,2026-05-28,2026-07-15
orestar-20250101-20260928-787cf45dc908,4792,Tina Kotek,record:9107ca945674ca686b438932,Betty Caldwell,Individual,individual,Mount Angel,OR,8500,17,2026-08-05,2026-09-21
orestar-20250101-20260928-787cf45dc908,4792,Tina Kotek,record:2e295c5d77e87dd399ac4ab1,Candace Higginson,Individual,individual,Springfield,OR,8500,4,2026-09-02,2026-09-21
orestar-20250101-20260928-787cf45dc908,4792,Tina Kotek,record:095a543b434edab8170d32d6,Christine Titus,Individual,individual,Portland,OR,8500,4,2026-08-19,2026-09-21
orestar-20250101-20260928-787cf45dc908,4792,Tina Kotek,record:459af911080a84e9b431b3ee,Greg Patton,Individual,individual,Portland,OR,8500,4,2026-07-29,2026-09-14
orestar-20250101-20260928-787cf45dc908,4792,Tina Kotek,record:5e76d20717223aaf5709da46,Julia Pearson,Individual,individual,Lincoln Beach,OR,8500,5,2026-08-12,2026-09-14
orestar-20250101-20260928-787cf45dc908,4792,Tina Kotek,record:731ee344dc7e0ef65648aeb6,Lois Smith,Individual,individual,West Linn,OR,8500,8,2025-09-17,2025-12-24
orestar-20250101-20260928-787cf45dc908,4792,Tina Kotek,record:ae252170f68e4c487f07caaf,Lorelei Bensel,Individual,individual,Eugene,OR,8500,4,2026-09-10,2026-09-21
orestar-20250101-20260928-787cf45dc908,4792,Tina Kotek,record:dbb033423819df4ff171b318,Patricia Durkin,Individual,individual,Cannon Beach,OR,8500,5,2026-06-17,2026-09-21
orestar-20250101-20260928-787cf45dc908,4792,Tina Kotek,record:468c6e307fbe89454e287b04,Paul Hanau,Individual,individual,Portland,OR,8500,3,2026-08-19,2026-09-14
orestar-20250101-20260928-787cf45dc908,4792,Tina Kotek,record:9265afd8060da4aa1e3e7edf,Regina Pirruccello,Individual,individual,Portland,OR,8500,4,2026-07-08,2026-09-10
orestar-20250101-20260928-787cf45dc908,4792,Tina Kotek,record:1f6797973a4395ededfd89c8,Sandra Clark,Individual,individual,Portland,OR,8500,9,2025-12-31,2026-09-10
orestar-20250101-20260928-787cf45dc908,4792,Tina Kotek,record:f15b4d812e661cd9f7aa559c,Ruth Votaw,Individual,individual,Aloha,OR,8400,3,2026-09-10,2026-09-21
orestar-20250101-20260928-787cf45dc908,4792,Tina Kotek,record:d7c2fe00d2be77e9b8c207d3,Arah Martin,Individual,individual,Jefferson,OR,8250,6,2026-04-29,2026-09-21
orestar-20250101-20260928-787cf45dc908,4792,Tina Kotek,record:a82cf6c95c7b8502644c803c,Mary Ann Rudy,Individual,individual,Portland,OR,8200,9,2025-10-29,2026-08-12
orestar-20250101-20260928-787cf45dc908,4792,Tina Kotek,record:dc9aa42e182c3101f81182f7,Sarah Mccarty,Individual,individual,Lake Oswego,OR,8100,5,2026-09-14,2026-09-21
orestar-20250101-20260928-787cf45dc908,4792,Tina Kotek,record:d5d0ef0e312a84e2ff852259,Cecelia Capuzzi,Individual,individual,Portland,OR,8000,5,2025-10-03,2026-08-12
orestar-20250101-20260928-787cf45dc908,4792,Tina Kotek,record:6737e463ef2d08f808dfaa56,Elizabeth Lorish,Individual,individual,Eugene,OR,8000,4,2025-11-05,2025-12-31
orestar-20250101-20260928-787cf45dc908,4792,Tina Kotek,record:55acb0997de2dcb3e644b353,Eric Sweetman,Individual,individual,Portland,OR,8000,3,2026-09-14,2026-09-21
orestar-20250101-20260928-787cf45dc908,4792,Tina Kotek,record:f4ba06ded34a3037dde14bbf,Gloria Hughes,Individual,individual,Beaverton,OR,8000,7,2025-11-05,2026-09-02
orestar-20250101-20260928-787cf45dc908,4792,Tina Kotek,record:16f8369ff68bc767d486cb76,Jay Dietrichs,Individual,individual,Portland,OR,8000,2,2026-08-19,2026-09-14
orestar-20250101-20260928-787cf45dc908,4792,Tina Kotek,record:fd82d397945adb96075d63bc,Jerry Orlando,Individual,individual,Beaverton,OR,8000,4,2026-06-10,2026-09-10
orestar-20250101-20260928-787cf45dc908,4792,Tina Kotek,record:1149d226487b8bf8812b5e23,John Mullin,Individual,individual,Oregon City,OR,8000,8,2025-07-16,2026-07-15
orestar-20250101-20260928-787cf45dc908,4792,Tina Kotek,record:49582bd3d189c8b692e6e603,Kerry Turnbull,Individual,individual,Springfield,OR,8000,4,2026-05-06,2026-08-19
orestar-20250101-20260928-787cf45dc908,4792,Tina Kotek,record:0d90704d24f1a753cb4c7e5e,Paul Caryl,Individual,individual,Mt Hood Prkdl,OR,8000,4,2025-10-29,2026-09-02
orestar-20250101-20260928-787cf45dc908,4792,Tina Kotek,record:069c0c4c3d7fe3a7eb16bf32,Ronald Wold,Individual,individual,Eugene,OR,8000,4,2026-09-10,2026-09-21
orestar-20250101-20260928-787cf45dc908,4792,Tina Kotek,record:cc7768a4106e0e75246aa292,Trina Delany,Individual,individual,Portland,OR,8000,7,2025-08-20,2026-09-14
orestar-20250101-20260928-787cf45dc908,4792,Tina Kotek,record:cf40e64d6e3d6909fa7659d9,Rick Goche,Individual,individual,Coquille,OR,7800,5,2026-09-10,2026-09-21
orestar-20250101-20260928-787cf45dc908,4792,Tina Kotek,record:c2b14c43b6beba7daae4b4ee,Anne Weaver,Individual,individual,Portland,OR,7500,2,2026-08-12,2026-09-14
orestar-20250101-20260928-787cf45dc908,4792,Tina Kotek,record:4a2a6c1474ec57d821079bc2,Brandy Cluckey,Individual,individual,Beaverton,OR,7500,6,2026-07-01,2026-07-22
orestar-20250101-20260928-787cf45dc908,4792,Tina Kotek,record:5a60a7bae7218e770ce5b277,Carolyn Kelly,Individual,individual,Portland,OR,7500,2,2026-08-19,2026-09-21
orestar-20250101-20260928-787cf45dc908,4792,Tina Kotek,record:c154bc605bcbf4df3e6c0d8c,Cheryl Randall,Individual,individual,Salem,OR,7500,2,2026-09-21,2026-09-21
orestar-20250101-20260928-787cf45dc908,4792,Tina Kotek,record:313a49682f2d0e71ebffd742,Chip Hall,Individual,individual,Manzanita,OR,7500,3,2026-07-02,2026-08-26
orestar-20250101-20260928-787cf45dc908,4792,Tina Kotek,record:0e67b9ff8a65656c62cc00ea,Darrell Murray,Individual,individual,Vancouver,WA,7500,2,2026-08-05,2026-09-10
orestar-20250101-20260928-787cf45dc908,4792,Tina Kotek,record:0c0805adaf56ae2bd76e31bc,David Leonard,Individual,individual,Portland,OR,7500,2,2026-09-10,2026-09-14
orestar-20250101-20260928-787cf45dc908,4792,Tina Kotek,record:cf4c943ffcad3a8be3119aa5,Donna Rostagni,Individual,individual,Newberg,OR,7500,3,2026-05-06,2026-09-02
orestar-20250101-20260928-787cf45dc908,4792,Tina Kotek,record:025de3f0a967ef38cf7e122f,Donna Routh,Individual,individual,Portland,OR,7500,2,2026-09-02,2026-09-10
orestar-20250101-20260928-787cf45dc908,4792,Tina Kotek,record:6a37b3fb031b54d305e5f983,Donna Wians,Individual,individual,Portland,OR,7500,2,2026-09-02,2026-09-21
orestar-20250101-20260928-787cf45dc908,4792,Tina Kotek,record:b4c015e97432b61a814dbe7e,Grady Hobbs,Individual,individual,Portland,OR,7500,3,2026-08-19,2026-09-21
orestar-20250101-20260928-787cf45dc908,4792,Tina Kotek,record:d320a4c97de2006a4791e059,Heidi Ansell,Individual,individual,Medford,OR,7500,6,2026-06-03,2026-07-22
orestar-20250101-20260928-787cf45dc908,4792,Tina Kotek,record:9f661b1d57b5a9f16a8f0e41,Jaak Juhkentaal,Individual,individual,Medford,OR,7500,2,2026-06-29,2026-09-23
orestar-20250101-20260928-787cf45dc908,4792,Tina Kotek,record:2d30b36a2b8928568f429e33,Jack Richard,Individual,individual,Ashland,OR,7500,2,2026-07-29,2026-09-02
orestar-20250101-20260928-787cf45dc908,4792,Tina Kotek,record:cee7f31e1cbfc2d7bec30b68,John Jacques,Individual,individual,Forest Grove,OR,7500,3,2026-05-13,2026-07-15
orestar-20250101-20260928-787cf45dc908,4792,Tina Kotek,record:19cfee550b54861550038334,Judy L Harris,Individual,individual,Springfield,OR,7500,2,2026-09-02,2026-09-02
orestar-20250101-20260928-787cf45dc908,4792,Tina Kotek,record:e3769d898e063061379dd0c0,Julia Turnbow,Individual,individual,Largo,FL,7500,2,2026-09-02,2026-09-14
orestar-20250101-20260928-787cf45dc908,4792,Tina Kotek,record:71d17822aba6d8ac60c44141,Marian Gallagher,Individual,individual,Portland,OR,7500,2,2026-09-21,2026-09-21
orestar-20250101-20260928-787cf45dc908,4792,Tina Kotek,record:8880d7d1dfad7de07d6d49fe,Mary Mears-Haskell,Individual,individual,Portland,OR,7500,3,2025-10-16,2025-11-26
orestar-20250101-20260928-787cf45dc908,4792,Tina Kotek,record:6cece6b900d9ddef5c1cd1a3,Michael Wille,Individual,individual,Portland,OR,7500,3,2026-08-19,2026-09-21
orestar-20250101-20260928-787cf45dc908,4792,Tina Kotek,record:38cb92032fcc2906ac8e4c36,Mike Persons,Individual,individual,Sandy,OR,7500,3,2026-08-19,2026-09-21
orestar-20250101-20260928-787cf45dc908,4792,Tina Kotek,record:aa0e035ada693d6458177945,Richard Reece,Individual,individual,Salem,OR,7500,2,2026-09-10,2026-09-14
orestar-20250101-20260928-787cf45dc908,4792,Tina Kotek,record:668c4dda99c7b39775078ebe,Roger O. Jeanty,Individual,individual,Eugene,OR,7500,3,2026-07-29,2026-09-21
orestar-20250101-20260928-787cf45dc908,4792,Tina Kotek,record:09ea8dcad72c24d76b98a821,Susan Tate,Individual,individual,Portland,OR,7500,1,2026-08-05,2026-08-05
orestar-20250101-20260928-787cf45dc908,4792,Tina Kotek,record:94d544e6e6e26190186b0868,Thomas Looby,Individual,individual,Sioux Falls,SD,7500,2,2026-07-15,2026-07-15
orestar-20250101-20260928-787cf45dc908,4792,Tina Kotek,record:5b931e7a8163170a39259975,Thomas Page,Individual,individual,Portland,OR,7500,2,2026-09-14,2026-09-21
orestar-20250101-20260928-787cf45dc908,4792,Tina Kotek,record:83ad80a4211eeb61ff34654a,Valerie Eisman,Individual,individual,Portland,OR,7500,1,2026-09-21,2026-09-21
orestar-20250101-20260928-787cf45dc908,4792,Tina Kotek,record:834deb48777bff2ad6bdcf5a,Valery King,Individual,individual,Florence,OR,7500,2,2026-08-26,2026-09-21
orestar-20250101-20260928-787cf45dc908,4792,Tina Kotek,record:4f1b726d7d07b7583dcf14e7,William Harper,Individual,individual,Salem,OR,7500,2,2026-09-21,2026-09-21
orestar-20250101-20260928-787cf45dc908,4792,Tina Kotek,record:6978e70b313eca5cf22fb861,Judith Budd,Individual,individual,Madras,OR,7400,9,2025-08-20,2025-12-17
orestar-20250101-20260928-787cf45dc908,4792,Tina Kotek,record:b03b2fd23bd150af2749382c,Renee Sweezey,Individual,individual,Bend,OR,7300,7,2026-07-29,2026-09-21
orestar-20250101-20260928-787cf45dc908,4792,Tina Kotek,record:be0946fd533155afe6e05313,Arden Shelton,Individual,individual,Portland,OR,7000,5,2026-09-02,2026-09-21
orestar-20250101-20260928-787cf45dc908,4792,Tina Kotek,record:6bb4c7153f4bee2bbe73c852,Daniel Clark,Individual,individual,Bend,OR,7000,2,2026-08-12,2026-08-12
orestar-20250101-20260928-787cf45dc908,4792,Tina Kotek,record:4f9f325cb282384e491e933f,Joan Gray,Individual,individual,Woodburn,OR,7000,3,2026-08-05,2026-09-02
orestar-20250101-20260928-787cf45dc908,4792,Tina Kotek,record:7e5e3e180cf69cec35dd1199,Patricia Skramturner,Individual,individual,West Linn,OR,7000,3,2026-06-10,2026-09-10
orestar-20250101-20260928-787cf45dc908,4792,Tina Kotek,record:026d28505337d2db1a8bb61e,Rae Russell,Individual,individual,Coquille,OR,7000,3,2025-05-21,2025-11-05
orestar-20250101-20260928-787cf45dc908,4792,Tina Kotek,record:4bed2065598e36f9ed9540be,Steve Crandell,Individual,individual,Happy Valley,OR,7000,5,2025-07-23,2025-12-17
orestar-20250101-20260928-787cf45dc908,4792,Tina Kotek,record:f1dc1174258ce5265748c15e,Valerie Stein-Retiz,Individual,individual,Ashland,OR,7000,3,2026-08-19,2026-09-02
orestar-20250101-20260928-787cf45dc908,4792,Tina Kotek,record:c2f584db9fce43519be48039,Vickie Schneider,Individual,individual,Lowell,OR,7000,4,2026-08-19,2026-09-21
orestar-20250101-20260928-787cf45dc908,4792,Tina Kotek,record:4d5aa6c7f0dee10f63a02478,Ruth Stockey,Individual,individual,Corvallis,OR,6700,3,2026-09-10,2026-09-21
orestar-20250101-20260928-787cf45dc908,4792,Tina Kotek,record:94c7491890cfb2315140815b,Dan Petre-Miller,Individual,individual,Keizer,OR,6600,2,2025-11-05,2025-11-05
orestar-20250101-20260928-787cf45dc908,4792,Tina Kotek,record:c03f086336b197a9b67729cd,Mary Ann Rudy,Individual,individual,Portland,OR,6600,4,2025-10-03,2026-04-29
orestar-20250101-20260928-787cf45dc908,4792,Tina Kotek,record:ef804344ed8add185c04f7d6,Virginia Gamble,Individual,individual,Fishers,IN,6600,10,2026-08-26,2026-09-21
orestar-20250101-20260928-787cf45dc908,4792,Tina Kotek,record:9e3f7ff812c5886851b56942,Carol Bryck,Individual,individual,West Linn,OR,6500,3,2026-06-03,2026-09-14
orestar-20250101-20260928-787cf45dc908,4792,Tina Kotek,record:31da8c2b18e33688c411aae5,Cecelia Capuzzi,Individual,individual,Portland,OR,6500,5,2025-10-22,2026-09-14
orestar-20250101-20260928-787cf45dc908,4792,Tina Kotek,record:62e4ff4b03b0ac19514f71c9,Gerianne Steele,Individual,individual,Forest Grove,OR,6500,4,2026-07-01,2026-09-02
orestar-20250101-20260928-787cf45dc908,4792,Tina Kotek,record:1cad0154001356a86794dfb3,Jolynn Fabiano,Individual,individual,Eugene,OR,6500,5,2025-10-01,2025-11-26
orestar-20250101-20260928-787cf45dc908,4792,Tina Kotek,record:ab1b801371f34e8d226f007d,Maryhelen Kincaid,Individual,individual,Portland,OR,6500,5,2025-08-27,2025-11-19
orestar-20250101-20260928-787cf45dc908,4792,Tina Kotek,record:8a77e3a1b10e8bf1315b7a6f,Beverly Gunson,Individual,individual,Sisters,OR,6300,8,2025-10-01,2026-08-19
orestar-20250101-20260928-787cf45dc908,4792,Tina Kotek,record:c59d2bb2a2cee795265222da,Brenda Blow,Individual,individual,Salem,OR,6300,6,2026-04-22,2026-09-14
orestar-20250101-20260928-787cf45dc908,4792,Tina Kotek,record:9e5ee05796e925f9575fcf6d,Daniel Atanacio,Individual,individual,Vernonia,OR,6300,8,2026-05-06,2026-09-21
orestar-20250101-20260928-787cf45dc908,4792,Tina Kotek,record:31287a2dd4acdfbfdb008fd0,David Duffy,Individual,individual,Eugene,OR,6300,4,2026-07-29,2026-09-21
orestar-20250101-20260928-787cf45dc908,4792,Tina Kotek,record:1f6eef26f2f5921cc9d964f9,R Kirk Leonard,Individual,individual,Salem,OR,6250,3,2025-10-08,2025-12-10
orestar-20250101-20260928-787cf45dc908,4792,Tina Kotek,record:563e257f07a7dd38c4b0b14c,Jean Cowan,Individual,individual,Newport,OR,6100,8,2026-08-19,2026-09-21
orestar-20250101-20260928-787cf45dc908,4792,Tina Kotek,record:5eee4e372c68495fd3dbdcc4,Bruce Horwath,Individual,individual,Beaverton,OR,6000,3,2025-04-04,2025-06-25
orestar-20250101-20260928-787cf45dc908,4792,Tina Kotek,record:48a1cd2129ca8a2df4429eb5,Jim Crane,Individual,individual,Lake Oswego,OR,6000,2,2026-08-19,2026-09-21
orestar-20250101-20260928-787cf45dc908,4792,Tina Kotek,record:0994f9b1d899c7daa2b2eaff,Karen Conyngham,Individual,individual,Austin,TX,6000,3,2026-07-15,2026-09-21
orestar-20250101-20260928-787cf45dc908,4792,Tina Kotek,record:68f6abaa6714fcc7428e900e,Karla Zimmerman,Individual,individual,Portland,OR,6000,3,2026-09-02,2026-09-21
orestar-20250101-20260928-787cf45dc908,4792,Tina Kotek,record:92c59abe8a0ca9e5c1b7c0f1,Lisa Caine,Individual,individual,Portland,OR,6000,1,2026-09-10,2026-09-10
orestar-20250101-20260928-787cf45dc908,4792,Tina Kotek,record:a82ce4834dcda2b23c87a6e9,Mark Manning,Individual,individual,Corvallis,OR,6000,2,2026-09-10,2026-09-10
orestar-20250101-20260928-787cf45dc908,4792,Tina Kotek,record:dbbddd6a74d85c4bdca16f1b,Nick Gideonse,Individual,individual,Portland,OR,6000,4,2025-06-18,2025-10-16
orestar-20250101-20260928-787cf45dc908,4792,Tina Kotek,record:b0d418ede7f589fa6991f15a,Pamela Mcclure,Individual,individual,Eugene,OR,6000,2,2026-06-03,2026-09-10
orestar-20250101-20260928-787cf45dc908,4792,Tina Kotek,record:0f8999aa53897bdb9f0eb554,Richard Harden,Individual,individual,Tacoma,WA,6000,2,2026-09-10,2026-09-21
orestar-20250101-20260928-787cf45dc908,4792,Tina Kotek,record:693b9591f734f0239b2fd3cd,Robert Hodge,Individual,individual,Portland,OR,6000,2,2026-09-10,2026-09-10
orestar-20250101-20260928-787cf45dc908,4792,Tina Kotek,record:ed86553c79b0fd34fcb23b32,Roselinde Kennedy,Individual,individual,Rathdrum,ID,6000,3,2026-08-12,2026-09-14
orestar-20250101-20260928-787cf45dc908,4792,Tina Kotek,record:30aef9024034cf5382ea8d03,Sylvia Bly,Individual,individual,Portland,OR,6000,3,2026-06-03,2026-06-10
orestar-20250101-20260928-787cf45dc908,4792,Tina Kotek,record:c786dc9f69a05a2a5f126445,Yves Lefranc,Individual,individual,Milwaukie,OR,6000,6,2025-08-06,2025-12-31
orestar-20250101-20260928-787cf45dc908,4792,Tina Kotek,record:e4676b86989e11d11ce2d66d,Hermann Colas Jr,Individual,individual,Portland,OR,5900,2,2025-08-06,2025-08-20
orestar-20250101-20260928-787cf45dc908,4792,Tina Kotek,record:ee9206c45a497a6e1ecfbbb3,Al Beltram,Individual,individual,Albany,OR,5800,6,2026-09-02,2026-09-21
orestar-20250101-20260928-787cf45dc908,4792,Tina Kotek,record:55276ef2bb9222498c313212,Charles Hottle,Individual,individual,Mcminnville,OR,5700,3,2026-07-01,2026-08-26
orestar-20250101-20260928-787cf45dc908,4792,Tina Kotek,record:5e6810e0ba8beb15656390b4,Ruth Estrada,Individual,individual,Mcminnville,OR,5700,14,2026-08-05,2026-09-14
orestar-20250101-20260928-787cf45dc908,4792,Tina Kotek,record:c88e8e18a5292e42da60a2bf,Roger Peterson,Individual,individual,Salem,OR,5682,3,2026-07-02,2026-08-19
orestar-20250101-20260928-787cf45dc908,4792,Tina Kotek,record:20c95a52800c577012c0fe2c,Ann Armstrong,Individual,individual,Portland,OR,5600,1,2026-05-28,2026-05-28
orestar-20250101-20260928-787cf45dc908,4792,Tina Kotek,record:f53de706f20652fb91c2dff0,Alan Helyer,Individual,individual,Hillsboro,OR,5500,4,2025-11-26,2026-09-21
orestar-20250101-20260928-787cf45dc908,4792,Tina Kotek,record:388e35e0df336cfd5da9ba54,Cynthia Blum,Individual,individual,Calimesa,CA,5500,2,2026-08-26,2026-09-10
orestar-20250101-20260928-787cf45dc908,4792,Tina Kotek,record:119611ea16f9d66c16e1ff90,David Anderson,Individual,individual,Portland,OR,5500,6,2026-08-12,2026-09-21
orestar-20250101-20260928-787cf45dc908,4792,Tina Kotek,record:ef87e707d1f156eda8a9c241,Deb Gruba,Individual,individual,Portland,OR,5500,3,2026-09-14,2026-09-14
orestar-20250101-20260928-787cf45dc908,4792,Tina Kotek,record:bab7a491a9fa758c54e8cff8,Donna Rose,Individual,individual,Eugene,OR,5500,2,2025-12-10,2025-12-10
orestar-20250101-20260928-787cf45dc908,4792,Tina Kotek,record:9d546ee047712574d0c6b6d0,Judy Teufel,Individual,individual,Portland,OR,5500,2,2025-08-06,2025-10-16
orestar-20250101-20260928-787cf45dc908,4792,Tina Kotek,record:6d535140da85491aa9fa4fab,Karen Downs,Individual,individual,Portland,OR,5500,7,2025-10-08,2025-12-17
orestar-20250101-20260928-787cf45dc908,4792,Tina Kotek,record:9ce859b2bf975a4c48084d35,Martha Kapp,Individual,individual,Woodburn,OR,5500,5,2026-08-12,2026-09-02
orestar-20250101-20260928-787cf45dc908,4792,Tina Kotek,record:d27a3431ec03c890293b3bde,Michael Meredith,Individual,individual,Lake Oswego,OR,5500,4,2026-08-19,2026-09-21
orestar-20250101-20260928-787cf45dc908,4792,Tina Kotek,record:5099bddf70f7e32701cdd1b3,Nancy Scarola,Individual,individual,Portland,OR,5500,4,2026-09-02,2026-09-14
orestar-20250101-20260928-787cf45dc908,4792,Tina Kotek,record:0b800bebd2c4ffb3f7a155d2,Veronica Mcclaskey,Individual,individual,Camas,WA,5500,1,2026-08-19,2026-08-19
orestar-20250101-20260928-787cf45dc908,4792,Tina Kotek,record:97e035a35203ea77f7b31d46,Andrew Rodbell,Individual,individual,Bend,OR,5400,2,2026-07-29,2026-09-21
orestar-20250101-20260928-787cf45dc908,4792,Tina Kotek,record:6fc26671b8ac3e7b784bd448,Gloria Awbrey,Individual,individual,Wilsonville,OR,5400,2,2026-08-26,2026-09-21
orestar-20250101-20260928-787cf45dc908,4792,Tina Kotek,record:e7c27fa730980fa2191a3562,Karen Murray,Individual,individual,Dallas,OR,5400,2,2026-06-24,2026-09-21
orestar-20250101-20260928-787cf45dc908,4792,Tina Kotek,record:0db2ae83a77e8f400ec4f5fb,Miriam Epstein,Individual,individual,Portland,OR,5400,2,2026-08-19,2026-09-02
orestar-20250101-20260928-787cf45dc908,4792,Tina Kotek,record:98e13ce9712d468a0b20178e,Beverly Gunson,Individual,individual,Sisters,OR,5300,5,2026-07-08,2026-08-26
orestar-20250101-20260928-787cf45dc908,4792,Tina Kotek,record:ab40c6412ac28b998812f0d1,Renate Atkins,Individual,individual,Camas,WA,5200,2,2026-06-03,2026-06-10
orestar-20250101-20260928-787cf45dc908,4792,Tina Kotek,record:405acdb33044471c23f8e2c3,Deina Underhill,Individual,individual,Nehalem,OR,5056,1,2026-07-29,2026-07-29
orestar-20250101-20260928-787cf45dc908,4792,Tina Kotek,record:c52ef2a1f9d81f9a9887e164,Ace Guffey,Individual,individual,Beaverton,OR,5000,1,2026-09-21,2026-09-21
orestar-20250101-20260928-787cf45dc908,4792,Tina Kotek,record:fc034317f3d38328b001a637,Ace Guffey,Individual,individual,Washington County,OR,5000,1,2026-09-10,2026-09-10
orestar-20250101-20260928-787cf45dc908,4792,Tina Kotek,record:960945fc8541bab66aab8b17,Alex Perez,Individual,individual,Beaverton,OR,5000,2,2026-09-14,2026-09-21
orestar-20250101-20260928-787cf45dc908,4792,Tina Kotek,record:cedb1e29b85e3db8d88ad2bb,Alisa Owen,Individual,individual,Mcminnville,OR,5000,1,2025-03-12,2025-03-12
orestar-20250101-20260928-787cf45dc908,4792,Tina Kotek,record:77a3f7b6d744309868848d17,Alison Scott,Individual,individual,The Dalles,OR,5000,2,2026-07-29,2026-09-02
orestar-20250101-20260928-787cf45dc908,4792,Tina Kotek,record:b0a0784dd94c21ba81a8ee4f,Andrea Wyckoff,Individual,individual,Eugene,OR,5000,2,2026-07-01,2026-09-10
orestar-20250101-20260928-787cf45dc908,4792,Tina Kotek,record:0e775ce838254efadd80c871,Annalisha Nguyen,Individual,individual,Beaverton,OR,5000,1,2025-12-10,2025-12-10
orestar-20250101-20260928-787cf45dc908,4792,Tina Kotek,record:0828029b9027cb30cdcd3115,Anne Squier,Individual,individual,No City Provided,OR,5000,1,2026-07-01,2026-07-01
orestar-20250101-20260928-787cf45dc908,4792,Tina Kotek,record:e7e6937ea8daf5d5369b3be4,Arlene Fox,Individual,individual,Rockaway Beach,OR,5000,1,2025-12-10,2025-12-10
orestar-20250101-20260928-787cf45dc908,4792,Tina Kotek,record:6a4fb00d76bbf2342e5038f0,Barbara Gornick,Individual,individual,Tigard,OR,5000,2,2026-07-29,2026-09-10
orestar-20250101-20260928-787cf45dc908,4792,Tina Kotek,record:947a49695ad2f376167910e3,Barbara Quattrone-Gentry,Individual,individual,Sisters,OR,5000,1,2025-07-07,2025-07-07
orestar-20250101-20260928-787cf45dc908,4792,Tina Kotek,record:1e94f329954035f72fab098c,Bertha Moseson,Individual,individual,Portland,OR,5000,1,2026-06-03,2026-06-03
orestar-20250101-20260928-787cf45dc908,4792,Tina Kotek,record:e31fa0bcc23ddfdb84d61136,Beth Eldridge,Individual,individual,Eugene,OR,5000,1,2026-09-10,2026-09-10
orestar-20250101-20260928-787cf45dc908,4792,Tina Kotek,record:53ecbc358a47faa2125b0c17,Betsy Bamford Ayres,Individual,individual,Cannon Beach,OR,5000,1,2026-08-19,2026-08-19
orestar-20250101-20260928-787cf45dc908,4792,Tina Kotek,record:8a7b9852a6fa2d7aebcc3a53,Betsy Penson,Individual,individual,Portland,OR,5000,2,2026-08-19,2026-09-21
orestar-20250101-20260928-787cf45dc908,4792,Tina Kotek,record:42b6ba6352701dd6caa1038e,Bill Scott,Individual,individual,Portland,OR,5000,2,2025-09-04,2025-10-01
orestar-20250101-20260928-787cf45dc908,4792,Tina Kotek,record:d9789d5c739e07a582fe1e3e,Bob Vandiver,Individual,individual,Portland,OR,5000,1,2026-09-10,2026-09-10
orestar-20250101-20260928-787cf45dc908,4792,Tina Kotek,record:045c2aa46582e8219ae18280,Brett Baylor,Individual,individual,Portland,OR,5000,1,2026-07-29,2026-07-29
orestar-20250101-20260928-787cf45dc908,4792,Tina Kotek,record:19d7f0b008031c7e3f1295a4,Bruce Menge,Individual,individual,Corvallis,OR,5000,1,2026-09-10,2026-09-10
orestar-20250101-20260928-787cf45dc908,4792,Tina Kotek,record:700db10856b5b390f8807933,Candis Scott,Individual,individual,Scotts Mills,OR,5000,1,2025-10-22,2025-10-22
orestar-20250101-20260928-787cf45dc908,4792,Tina Kotek,record:1891fb046e7c0ab36aceaa2b,Carol Van Houten,Individual,individual,Eugene,OR,5000,1,2026-08-05,2026-08-05
orestar-20250101-20260928-787cf45dc908,4792,Tina Kotek,record:6df7e007ae968fb11440e58e,Carolyn Dixon,Individual,individual,Portland,OR,5000,1,2025-10-08,2025-10-08
orestar-20250101-20260928-787cf45dc908,4792,Tina Kotek,record:41c7006fdc5c0909606f4f67,Carolyn Wright,Individual,individual,The Dalles,OR,5000,2,2025-10-22,2025-12-10
orestar-20250101-20260928-787cf45dc908,4792,Tina Kotek,record:0102543bb0f55258c42ab3b6,Catherine Lach,Individual,individual,Portland,OR,5000,1,2026-09-02,2026-09-02
orestar-20250101-20260928-787cf45dc908,4792,Tina Kotek,record:08cc46f6ea26964f58875628,Catherine Simard,Individual,individual,Eugene,OR,5000,2,2025-06-18,2025-12-31
orestar-20250101-20260928-787cf45dc908,4792,Tina Kotek,record:11c36877c00937379816e352,Charlotte Rubin,Individual,individual,Portland,OR,5000,1,2026-09-21,2026-09-21
orestar-20250101-20260928-787cf45dc908,4792,Tina Kotek,record:24e8ad203f4988f8eca13d1d,Claudia Barnard,Individual,individual,Portland,OR,5000,1,2026-08-19,2026-08-19
orestar-20250101-20260928-787cf45dc908,4792,Tina Kotek,record:4a76a2a7acb06d52912e070d,Curt Mullin,Individual,individual,Salem,OR,5000,1,2025-03-12,2025-03-12
orestar-20250101-20260928-787cf45dc908,4792,Tina Kotek,record:6f0142d8668b11e40caf20ef,Cynthia Sturm,Individual,individual,West Linn,OR,5000,1,2026-09-21,2026-09-21
orestar-20250101-20260928-787cf45dc908,4792,Tina Kotek,record:730f81eafd5264dd5a8afa29,Dana Petre-Miller,Individual,individual,Keizer,OR,5000,1,2025-03-05,2025-03-05
orestar-20250101-20260928-787cf45dc908,4792,Tina Kotek,record:315f24e5a3018f9a06bd9721,Danna Walker,Individual,individual,Talent,OR,5000,1,2025-11-19,2025-11-19
orestar-20250101-20260928-787cf45dc908,4792,Tina Kotek,record:7fe888c03c0a95b9058d5c32,Darrell Ward,Individual,individual,Dallas,OR,5000,1,2026-09-14,2026-09-14
orestar-20250101-20260928-787cf45dc908,4792,Tina Kotek,record:d6f26e8d1ba65c25cf07c0d5,Deborah Boone,Individual,individual,Seaside,OR,5000,2,2026-05-06,2026-05-06
orestar-20250101-20260928-787cf45dc908,4792,Tina Kotek,record:1b53011ff05ac6550e9096ca,Deborah Pierce,Individual,individual,Tucson,AZ,5000,2,2026-04-22,2026-05-13
orestar-20250101-20260928-787cf45dc908,4792,Tina Kotek,record:b10fd9cd5e312f8ad7cb82ed,Dennis Gilliam,Individual,individual,Portland,OR,5000,1,2026-09-21,2026-09-21
orestar-20250101-20260928-787cf45dc908,4792,Tina Kotek,record:d022e862d6dff2d921025538,Dennis Heffernan,Individual,individual,Creswell,OR,5000,1,2026-09-02,2026-09-02
orestar-20250101-20260928-787cf45dc908,4792,Tina Kotek,record:91844733674063610bf13050,Dennis Reichelt,Individual,individual,Portland,OR,5000,1,2025-12-10,2025-12-10
orestar-20250101-20260928-787cf45dc908,4792,Tina Kotek,record:9b8aac2a543f1a35936aaabb,Diane Gregoire,Individual,individual,Eugene,OR,5000,1,2026-09-21,2026-09-21
orestar-20250101-20260928-787cf45dc908,4792,Tina Kotek,record:151d9d3281c1898aa1a9ae4c,Dianne Green,Individual,individual,Portland,OR,5000,1,2026-09-21,2026-09-21
orestar-20250101-20260928-787cf45dc908,4792,Tina Kotek,record:feacafdc2d94a4e4b56fcc6c,Dona Bolt,Individual,individual,Salem,OR,5000,2,2026-09-10,2026-09-21
orestar-20250101-20260928-787cf45dc908,4792,Tina Kotek,record:c1dc9215781ec3f09f2457fe,Donald Fitzpatrick,Individual,individual,Portland,OR,5000,3,2026-09-02,2026-09-21
orestar-20250101-20260928-787cf45dc908,4792,Tina Kotek,record:b634a52dfef523b54509e7cb,Donna Rose,Individual,individual,Eugene,OR,5000,1,2026-08-26,2026-08-26
orestar-20250101-20260928-787cf45dc908,4792,Tina Kotek,record:4213f39c8769cac37ccafc7b,Dottie Middleton,Individual,individual,Hillsboro,OR,5000,1,2026-09-21,2026-09-21
orestar-20250101-20260928-787cf45dc908,4792,Tina Kotek,record:0e928519174c4e0e688293a7,Douglas Mouw,Individual,individual,Portland,OR,5000,1,2026-07-29,2026-07-29
orestar-20250101-20260928-787cf45dc908,4792,Tina Kotek,record:0e297a1f8e974fc9ad17cdf6,Edward Colbert,Individual,individual,Marblehead,MA,5000,1,2026-07-15,2026-07-15
orestar-20250101-20260928-787cf45dc908,4792,Tina Kotek,record:f160bb9f03d9deead0289710,Edward Powell,Individual,individual,Milwaukie,OR,5000,1,2026-09-17,2026-09-17
orestar-20250101-20260928-787cf45dc908,4792,Tina Kotek,record:3af1723bf07bb06188f3f3ef,Elaine Galasso,Individual,individual,Silverton,OR,5000,2,2026-07-29,2026-08-26
orestar-20250101-20260928-787cf45dc908,4792,Tina Kotek,record:65953010dee3e2dba02089b3,Elizabeth Berard,Individual,individual,Portland,OR,5000,4,2026-08-05,2026-09-14
orestar-20250101-20260928-787cf45dc908,4792,Tina Kotek,record:35172e719d65512fdaad83e1,Elizabeth Welch,Individual,individual,Portland,OR,5000,1,2026-09-10,2026-09-10
orestar-20250101-20260928-787cf45dc908,4792,Tina Kotek,record:22a8b0c706d659bc41072be7,Ellen Coleman,Individual,individual,Corvallis,OR,5000,1,2025-12-10,2025-12-10
orestar-20250101-20260928-787cf45dc908,4792,Tina Kotek,record:9fc48b5e40682d20bbb1e27b,Emett Grijalva,Individual,individual,Lemoore,CA,5000,1,2025-12-12,2025-12-12
orestar-20250101-20260928-787cf45dc908,4792,Tina Kotek,record:696dc6a6f5e468d7c68361a9,Emily Moon,Individual,individual,Portland,OR,5000,3,2026-07-29,2026-09-21
orestar-20250101-20260928-787cf45dc908,4792,Tina Kotek,record:8be2c0bf429e1c318a957d5c,Eric Siu,Individual,individual,Portland,OR,5000,2,2026-09-10,2026-09-14
orestar-20250101-20260928-787cf45dc908,4792,Tina Kotek,record:a82494beb12e940624fa368b,Erin Pettigrew,Individual,individual,Eugene,OR,5000,1,2026-09-10,2026-09-10
orestar-20250101-20260928-787cf45dc908,4792,Tina Kotek,record:28f24dfafdb881d63c09a53c,Estelle Voeller,Individual,individual,Medford,OR,5000,2,2026-08-05,2026-09-10
orestar-20250101-20260928-787cf45dc908,4792,Tina Kotek,record:1c658fc478b50801a0e341aa,Frank Webster,Individual,individual,Eugene,OR,5000,2,2026-08-19,2026-09-21
orestar-20250101-20260928-787cf45dc908,4792,Tina Kotek,record:da7a727618b77a34a03aab96,Gail Parnell,Individual,individual,West Linn,OR,5000,1,2026-09-21,2026-09-21
orestar-20250101-20260928-787cf45dc908,4792,Tina Kotek,record:3ca70dfd3228e410f52ff8d3,Gary Carl,Individual,individual,Oakridge,OR,5000,1,2025-11-19,2025-11-19
orestar-20250101-20260928-787cf45dc908,4792,Tina Kotek,record:49c94ab712ea01d7ce4f6901,Gary Dawson,Individual,individual,Bandon,OR,5000,2,2026-09-02,2026-09-02
orestar-20250101-20260928-787cf45dc908,4792,Tina Kotek,record:fa7658be7398fc3a23815524,Gary Lesniak,Individual,individual,Portland,OR,5000,1,2026-08-19,2026-08-19
orestar-20250101-20260928-787cf45dc908,4792,Tina Kotek,record:5e97b50060e947abb6628726,Gary Spear,Individual,individual,West Linn,OR,5000,2,2026-08-19,2026-09-21
orestar-20250101-20260928-787cf45dc908,4792,Tina Kotek,record:bae3501ee191a9bcfb21d4f3,Gregory Lincoln,Individual,individual,Laguna Beach,CA,5000,1,2026-09-18,2026-09-18
orestar-20250101-20260928-787cf45dc908,4792,Tina Kotek,record:39f96f46cd7e7280c69b1c3c,Gretchen L Kruziki,Individual,individual,Eugene,OR,5000,3,2026-05-13,2026-06-10
orestar-20250101-20260928-787cf45dc908,4792,Tina Kotek,record:5217fa137b579321e4b4381f,Helen Jones,Individual,individual,Ashland,OR,5000,2,2025-06-04,2025-07-07
orestar-20250101-20260928-787cf45dc908,4792,Tina Kotek,record:eaec42e040501040a7676a7a,Herb Crew,Individual,individual,Corvallis,OR,5000,1,2026-09-10,2026-09-10
orestar-20250101-20260928-787cf45dc908,4792,Tina Kotek,record:0ae49167755eb88a7969502b,Iverson Mcglasson,Individual,individual,Portland,OR,5000,1,2026-04-22,2026-04-22
orestar-20250101-20260928-787cf45dc908,4792,Tina Kotek,record:853882dc74e55141e03cdb34,Jackie Leung,Individual,individual,Salem,OR,5000,1,2025-10-22,2025-10-22
orestar-20250101-20260928-787cf45dc908,4792,Tina Kotek,record:f0d25d95b6ddc77ebd4e0cd9,Jacqueline Pierce,Individual,individual,Salem,OR,5000,1,2026-08-24,2026-08-24
orestar-20250101-20260928-787cf45dc908,4792,Tina Kotek,record:3ee8e6a6329cf63c2423009e,James Hussey,Individual,individual,Terrebonne,OR,5000,2,2026-08-26,2026-08-26
orestar-20250101-20260928-787cf45dc908,4792,Tina Kotek,record:7d9ff49a1dabe9b21d53df51,Jane Dewhirst,Individual,individual,Roseburg,OR,5000,2,2025-09-04,2025-10-08
orestar-20250101-20260928-787cf45dc908,4792,Tina Kotek,record:5ed8f6bb911c6d32ac349e10,Jane Jones,Individual,individual,Astoria,OR,5000,1,2025-12-10,2025-12-10
orestar-20250101-20260928-787cf45dc908,4792,Tina Kotek,record:06cc5670d3da6a4e308240a0,Janet Jerome,Individual,individual,Forest Grove,OR,5000,1,2026-09-14,2026-09-14
orestar-20250101-20260928-787cf45dc908,4792,Tina Kotek,record:71e0709a308d507cc7bb6940,Janet Radtke,Individual,individual,Yachats,OR,5000,2,2026-06-10,2026-07-29
orestar-20250101-20260928-787cf45dc908,4792,Tina Kotek,record:daaa5d7cec00c76a58bf16c0,Janet Swander,Individual,individual,Bend,OR,5000,1,2026-08-19,2026-08-19
orestar-20250101-20260928-787cf45dc908,4792,Tina Kotek,record:b8207106127ec7c27d7a5357,Jay Raskin,Individual,individual,Portland,OR,5000,1,2026-09-10,2026-09-10
orestar-20250101-20260928-787cf45dc908,4792,Tina Kotek,record:b7e87c80a9702052f6c9c149,Jenny Greenleaf,Individual,individual,Manzanita,OR,5000,1,2026-09-02,2026-09-02
orestar-20250101-20260928-787cf45dc908,4792,Tina Kotek,record:446e11937e428948223ce1d2,Jill Crawford,Individual,individual,Medford,OR,5000,1,2026-09-21,2026-09-21
orestar-20250101-20260928-787cf45dc908,4792,Tina Kotek,record:09c3a6ec38ec29c945f6f311,Jill Zarnowitz,Individual,individual,Yamhill,OR,5000,1,2026-09-10,2026-09-10
orestar-20250101-20260928-787cf45dc908,4792,Tina Kotek,record:ade68856479f738652db5fc3,Jim Parker,Individual,individual,Lake Oswego,OR,5000,1,2026-09-10,2026-09-10
orestar-20250101-20260928-787cf45dc908,4792,Tina Kotek,record:2135f94434c52597b827da92,Joan Jewett,Individual,individual,Portland,OR,5000,1,2026-09-14,2026-09-14
orestar-20250101-20260928-787cf45dc908,4792,Tina Kotek,record:2b6b300f43ff4aec8316a102,Joanne Nahmias,Individual,individual,Grants Pass,OR,5000,1,2026-09-02,2026-09-02
orestar-20250101-20260928-787cf45dc908,4792,Tina Kotek,record:f19556e4ee350b2f0e724221,John Lambert,Individual,individual,Portland,OR,5000,1,2026-09-21,2026-09-21
orestar-20250101-20260928-787cf45dc908,4792,Tina Kotek,record:9b1cb644d108f972346161c8,John Neiheisel,Individual,individual,Portland,OR,5000,1,2026-09-02,2026-09-02
orestar-20250101-20260928-787cf45dc908,4792,Tina Kotek,record:564220f6ce4be526d23e200c,John Schumann,Individual,individual,Portland,OR,5000,1,2026-09-10,2026-09-10
orestar-20250101-20260928-787cf45dc908,4792,Tina Kotek,record:74d8e531447a928cb82c89cf,Jon Duncan,Individual,individual,Eugene,OR,5000,1,2026-08-26,2026-08-26
orestar-20250101-20260928-787cf45dc908,4792,Tina Kotek,record:a7efb84c26faa939657d54a6,Joyce Eaton,Individual,individual,Eugene,OR,5000,1,2026-09-02,2026-09-02
orestar-20250101-20260928-787cf45dc908,4792,Tina Kotek,record:8c71db130a441b08e269dc01,Judith Riggs,Individual,individual,Corvallis,OR,5000,2,2026-08-05,2026-09-10
orestar-20250101-20260928-787cf45dc908,4792,Tina Kotek,record:76588d02da8f2484b8232069,Judy Burchell,Individual,individual,Portland,OR,5000,1,2026-09-10,2026-09-10
orestar-20250101-20260928-787cf45dc908,4792,Tina Kotek,record:be435ad9a23f6b5354f8bfd6,Judy Teufel,Individual,individual,Portland,OR,5000,2,2026-05-20,2026-08-26
orestar-20250101-20260928-787cf45dc908,4792,Tina Kotek,record:ce9e9b58adfecfff1db82c92,Julia Wayne,Individual,individual,Dundee,OR,5000,1,2026-04-22,2026-04-22
orestar-20250101-20260928-787cf45dc908,4792,Tina Kotek,record:6b19d3db720bf1093a266d97,Julie Redman,Individual,individual,Eugene,OR,5000,1,2026-07-29,2026-07-29
orestar-20250101-20260928-787cf45dc908,4792,Tina Kotek,record:7972cba1d053b404b78397ab,Karen Garst,Individual,individual,Silverton,OR,5000,1,2026-07-15,2026-07-15
orestar-20250101-20260928-787cf45dc908,4792,Tina Kotek,record:c8906fbdc0a9c6dce8d202d1,Karen Garst,Individual,individual,Silverton,OR,5000,1,2026-06-03,2026-06-03
orestar-20250101-20260928-787cf45dc908,4792,Tina Kotek,record:8fa9db0cc4a7878a0256443e,Karen Reddick Yurka,Individual,individual,Manzanita,OR,5000,1,2026-09-21,2026-09-21
orestar-20250101-20260928-787cf45dc908,4792,Tina Kotek,record:2383ffc01e4f237ed5bc9d1e,Karen Sieradski,Individual,individual,Eugene,OR,5000,1,2026-05-13,2026-05-13
orestar-20250101-20260928-787cf45dc908,4792,Tina Kotek,record:8c27a5c6d2fe16d84619fdb9,Karuna Neustadt,Individual,individual,Eugene,OR,5000,1,2026-07-15,2026-07-15
orestar-20250101-20260928-787cf45dc908,4792,Tina Kotek,record:1df37b3f0287727c7d6583b3,Kathleen Dennis,Individual,individual,Mcminnville,OR,5000,1,2025-08-06,2025-08-06
orestar-20250101-20260928-787cf45dc908,4792,Tina Kotek,record:91fffffcef75f7f423631c32,Kathleen Paterno,Individual,individual,Powell Butte,OR,5000,2,2026-08-05,2026-08-19
orestar-20250101-20260928-787cf45dc908,4792,Tina Kotek,record:dfbf37ae0fa9a9b17ec39ea9,Kathleen Valdez,Individual,individual,Mt Angel,OR,5000,2,2026-09-02,2026-09-14
orestar-20250101-20260928-787cf45dc908,4792,Tina Kotek,record:ca8e3fdc195d4b6d78f083a7,Kelly Shaughnessy,Individual,individual,Salem,OR,5000,2,2026-06-03,2026-07-02
orestar-20250101-20260928-787cf45dc908,4792,Tina Kotek,record:836c1a0bea5d4741b53064af,Kevin Boling,Individual,individual,Lake Oswego,OR,5000,2,2026-06-03,2026-09-02
orestar-20250101-20260928-787cf45dc908,4792,Tina Kotek,record:ac840c94ec98ee5ac47b7325,Kevin Boling,Individual,individual,Eugene,OR,5000,2,2026-07-22,2026-08-12
orestar-20250101-20260928-787cf45dc908,4792,Tina Kotek,record:a3c7a13376a4060ee4750143,Kim Ballesteros,Individual,individual,Houston,TX,5000,1,2026-07-15,2026-07-15
orestar-20250101-20260928-787cf45dc908,4792,Tina Kotek,record:f6656761f9a1b26f01e92082,Laura Wanker,Individual,individual,Silverotn,OR,5000,1,2026-09-02,2026-09-02
orestar-20250101-20260928-787cf45dc908,4792,Tina Kotek,record:161db4648da54cb8adf69cd0,Lawrence Jacobsen,Individual,individual,Portland,OR,5000,1,2026-09-21,2026-09-21
orestar-20250101-20260928-787cf45dc908,4792,Tina Kotek,record:4c0fbb30ed32e19acfe107dc,Leonard Lynn,Individual,individual,Portland,OR,5000,1,2026-09-14,2026-09-14
orestar-20250101-20260928-787cf45dc908,4792,Tina Kotek,record:680c3f81cae55dd25def91fb,Lidona Wagner,Individual,individual,Eugene,OR,5000,1,2025-04-03,2025-04-03
orestar-20250101-20260928-787cf45dc908,4792,Tina Kotek,record:dad759a181d932b6c13f9233,Linda Carmichael,Individual,individual,Portland,OR,5000,1,2026-09-21,2026-09-21
orestar-20250101-20260928-787cf45dc908,4792,Tina Kotek,record:ca6030daddb21c7a76c3834e,Linda Kleinschmidt,Individual,individual,Bend,OR,5000,2,2026-07-29,2026-08-12
orestar-20250101-20260928-787cf45dc908,4792,Tina Kotek,record:9e6889652d45703031b90ffb,Linda Neumann,Individual,individual,Portland,OR,5000,1,2026-09-10,2026-09-10
orestar-20250101-20260928-787cf45dc908,4792,Tina Kotek,record:d4cc7b7cd9995823967f84a2,Linda Sanchez,Individual,individual,Eugene,OR,5000,1,2026-09-21,2026-09-21
orestar-20250101-20260928-787cf45dc908,4792,Tina Kotek,record:23c498cf3d7b726e96e7c191,Linda Weisensee,Individual,individual,Monmouth,OR,5000,1,2026-09-02,2026-09-02
orestar-20250101-20260928-787cf45dc908,4792,Tina Kotek,record:47847f3fdfb1a5261cd1cf16,Madeline Olson,Individual,individual,Manzanita,OR,5000,1,2026-08-12,2026-08-12
orestar-20250101-20260928-787cf45dc908,4792,Tina Kotek,record:99379b21631f62f7ae4b09ba,Malia Susee,Individual,individual,Portland,OR,5000,1,2026-09-02,2026-09-02
orestar-20250101-20260928-787cf45dc908,4792,Tina Kotek,record:986723ed75d3d47db644ee83,Maria Paladino,Individual,individual,Eugene,OR,5000,1,2026-09-21,2026-09-21
orestar-20250101-20260928-787cf45dc908,4792,Tina Kotek,record:15d914d4c42684520458a05d,Marilyn Lane,Individual,individual,Gearhart,OR,5000,1,2026-04-29,2026-04-29
orestar-20250101-20260928-787cf45dc908,4792,Tina Kotek,record:91146d031a10575efabc781f,Mario Tovar Vivas,Individual,individual,Mapleton,OR,5000,1,2026-07-29,2026-07-29
orestar-20250101-20260928-787cf45dc908,4792,Tina Kotek,record:ab292ab7ed75c561d4efeae8,Mark Koenig,Individual,individual,Corvallis,OR,5000,1,2025-10-08,2025-10-08
orestar-20250101-20260928-787cf45dc908,4792,Tina Kotek,record:158e660601789a708901e48e,Martha Krupp,Individual,individual,Coos Bay,OR,5000,1,2026-03-11,2026-03-11
orestar-20250101-20260928-787cf45dc908,4792,Tina Kotek,record:bc2d5e773eb789939fbe749a,Martha West,Individual,individual,Portland,OR,5000,1,2026-09-21,2026-09-21
orestar-20250101-20260928-787cf45dc908,4792,Tina Kotek,record:7c3de19a2d20eab37881302c,Maureen Mclaughlin,Individual,individual,Jacksonville,OR,5000,1,2026-05-13,2026-05-13
orestar-20250101-20260928-787cf45dc908,4792,Tina Kotek,record:a11f9d263977a45985aca8a1,Maureen Wallace,Individual,individual,Ashland,OR,5000,2,2025-11-05,2025-11-19
orestar-20250101-20260928-787cf45dc908,4792,Tina Kotek,record:80f54340b6b450d5b0fba19f,Meda-Lou Padden,Individual,individual,Portland,OR,5000,1,2026-05-06,2026-05-06
orestar-20250101-20260928-787cf45dc908,4792,Tina Kotek,record:7feca15edf7073a5b474ec89,Michael Gitzen,Individual,individual,Eagle Point,OR,5000,1,2026-09-10,2026-09-10
orestar-20250101-20260928-787cf45dc908,4792,Tina Kotek,record:08b3e7cc16b1784b6f498ac4,Michael Long,Individual,individual,Portland,OR,5000,1,2026-08-19,2026-08-19
orestar-20250101-20260928-787cf45dc908,4792,Tina Kotek,record:bbaff762227e330f642b7401,Michael Mchenry,Individual,individual,Umpqua,OR,5000,1,2026-07-29,2026-07-29
orestar-20250101-20260928-787cf45dc908,4792,Tina Kotek,record:65855b31977d89830a674c61,Michael Russell,Individual,individual,Philomath,OR,5000,2,2026-09-10,2026-09-10
orestar-20250101-20260928-787cf45dc908,4792,Tina Kotek,record:8ad4846d763461da8bb9dfef,Michele Walters,Individual,individual,Depoe Bay,OR,5000,6,2025-10-16,2025-12-24
orestar-20250101-20260928-787cf45dc908,4792,Tina Kotek,record:2957dd84b48fb46b358844de,Michelle Fletcher,Individual,individual,Portland,OR,5000,4,2026-08-05,2026-09-02
orestar-20250101-20260928-787cf45dc908,4792,Tina Kotek,record:88bf81f62e6fefac32bac363,Michelle Fletcher,Individual,individual,Portland,OR,5000,1,2026-08-26,2026-08-26
orestar-20250101-20260928-787cf45dc908,4792,Tina Kotek,record:11cb56a407c7901bce1492c0,Myra Himmelfarb,Individual,individual,Portland,OR,5000,1,2026-08-19,2026-08-19
orestar-20250101-20260928-787cf45dc908,4792,Tina Kotek,record:080eec53394b5b34f2887608,Nancy Jo Lewis,Individual,individual,Tigard,OR,5000,1,2025-11-05,2025-11-05
orestar-20250101-20260928-787cf45dc908,4792,Tina Kotek,record:13db3d5a1b3ba566f5889b96,Nancy Lillie,Individual,individual,Oregon City,OR,5000,1,2025-11-05,2025-11-05
orestar-20250101-20260928-787cf45dc908,4792,Tina Kotek,record:e5a869117793531502dd1122,Nancy Meyer,Individual,individual,Bend,OR,5000,1,2026-09-10,2026-09-10
orestar-20250101-20260928-787cf45dc908,4792,Tina Kotek,record:bf6dea974c30711192620539,Natalie Weber,Individual,individual,Portland,OR,5000,1,2026-09-14,2026-09-14
orestar-20250101-20260928-787cf45dc908,4792,Tina Kotek,record:0e0bbe56678643c084e334c2,Noel Kennett,Individual,individual,Redmond,OR,5000,1,2026-09-14,2026-09-14
orestar-20250101-20260928-787cf45dc908,4792,Tina Kotek,record:b1c5554b00c5eb29a42f281a,Nori La Rue,Individual,individual,Portland,OR,5000,2,2026-06-03,2026-06-10
orestar-20250101-20260928-787cf45dc908,4792,Tina Kotek,record:c7644808e6616c59438571de,Olga Howard,Individual,individual,Porrtland,OR,5000,2,2026-08-19,2026-08-19
orestar-20250101-20260928-787cf45dc908,4792,Tina Kotek,record:275eca9b969caa9f272eae7e,Patti Barkin,Individual,individual,Eugene,OR,5000,1,2026-09-10,2026-09-10
orestar-20250101-20260928-787cf45dc908,4792,Tina Kotek,record:e809fef7e5831e84b0910571,Paul Lyons,Individual,individual,Lake Oswego,OR,5000,1,2025-12-10,2025-12-10
orestar-20250101-20260928-787cf45dc908,4792,Tina Kotek,record:75bbb864bbf7180f3960beb5,Paul Nolte,Individual,individual,Roseburg,OR,5000,1,2026-09-02,2026-09-02
orestar-20250101-20260928-787cf45dc908,4792,Tina Kotek,record:6a610548c4126720f33ec2d6,Peggy Nagae,Individual,individual,Portland,OR,5000,2,2026-08-12,2026-08-12
orestar-20250101-20260928-787cf45dc908,4792,Tina Kotek,record:ed43cc7a29bb3dbbaaa9e8a5,Penny Palmer,Individual,individual,Eugene,OR,5000,1,2026-08-19,2026-08-19
orestar-20250101-20260928-787cf45dc908,4792,Tina Kotek,record:17c082e5b846f74a242c9125,Peter Shimkus,Individual,individual,Sandy,OR,5000,2,2025-12-03,2025-12-31
orestar-20250101-20260928-787cf45dc908,4792,Tina Kotek,record:27b3379273f7b1fb459e1cb1,Regina Pirruccello,Individual,individual,Portland,OR,5000,2,2026-08-26,2026-09-21
orestar-20250101-20260928-787cf45dc908,4792,Tina Kotek,record:66ccea8540ae2ce8102bc98a,Richard Reinaker,Individual,individual,Terrebonne,OR,5000,1,2025-07-07,2025-07-07
orestar-20250101-20260928-787cf45dc908,4792,Tina Kotek,record:97ab9110babf844ae790fa21,Richard Thompson,Individual,individual,Portland,OR,5000,2,2026-08-19,2026-08-26
orestar-20250101-20260928-787cf45dc908,4792,Tina Kotek,record:4f06c9cb2387105a2fe0c8db,Robert Barber,Individual,individual,Bend,OR,5000,1,2026-09-10,2026-09-10
orestar-20250101-20260928-787cf45dc908,4792,Tina Kotek,record:1158839d71137801dbc3e1d8,Robert Dickinson,Individual,individual,Portland,OR,5000,1,2026-09-21,2026-09-21
orestar-20250101-20260928-787cf45dc908,4792,Tina Kotek,record:96103004afcbb60f1986c300,Robert Gabrielson,Individual,individual,Ashland,OR,5000,3,2026-09-10,2026-09-21
orestar-20250101-20260928-787cf45dc908,4792,Tina Kotek,record:6b9113e28b996d1b33902b34,Robert Kroll,Individual,individual,Cannon Beach,OR,5000,2,2026-07-29,2026-09-02
orestar-20250101-20260928-787cf45dc908,4792,Tina Kotek,record:b172b6b2eb0a23e52a240a50,Robert Woods,Individual,individual,Milwaukie,OR,5000,1,2026-09-14,2026-09-14
orestar-20250101-20260928-787cf45dc908,4792,Tina Kotek,record:2280a03d2c935971b8c4314f,Roberta Swearingen,Individual,individual,Tigard,OR,5000,1,2026-08-17,2026-08-17
orestar-20250101-20260928-787cf45dc908,4792,Tina Kotek,record:3e7087357473e7b0d2ecaa7b,Rosalind Schrodt,Individual,individual,Ashland,OR,5000,1,2026-09-21,2026-09-21
orestar-20250101-20260928-787cf45dc908,4792,Tina Kotek,record:93047d003d758e336944eeee,Roselinde Kennedy,Individual,individual,Keizer,OR,5000,4,2025-11-05,2026-09-10
orestar-20250101-20260928-787cf45dc908,4792,Tina Kotek,record:1255cdda6f44299d103493c3,Rosetta Koach,Individual,individual,Beaverton,OR,5000,1,2025-03-05,2025-03-05
orestar-20250101-20260928-787cf45dc908,4792,Tina Kotek,record:dfb99e2a03071011791df1af,Sandra Smith,Individual,individual,Bend,OR,5000,3,2026-09-10,2026-09-21
orestar-20250101-20260928-787cf45dc908,4792,Tina Kotek,record:415fd9c05800ea27fb431720,Sarah Fogarty-Luther,Individual,individual,Salem,OR,5000,1,2025-12-10,2025-12-10
orestar-20250101-20260928-787cf45dc908,4792,Tina Kotek,record:5b595dd8a92ac8b38664918d,Sarah Lauer,Individual,individual,Eugene,OR,5000,1,2026-09-21,2026-09-21
orestar-20250101-20260928-787cf45dc908,4792,Tina Kotek,record:be807f1eb5af0e4c1ea976fe,Shelly Gourlay,Individual,individual,Portland,OR,5000,1,2026-09-21,2026-09-21
orestar-20250101-20260928-787cf45dc908,4792,Tina Kotek,record:5777f2ed2fde4c3b6be05f15,Shelly Mccarthy,Individual,individual,Coos Bay,OR,5000,1,2026-07-02,2026-07-02
orestar-20250101-20260928-787cf45dc908,4792,Tina Kotek,record:a7752ac4bab9cb0fce55168b,Sherrie Schroeder,Individual,individual,Springfield,OR,5000,1,2026-05-06,2026-05-06
orestar-20250101-20260928-787cf45dc908,4792,Tina Kotek,record:b8a7d7a164caf193b2034570,Slettie Jones,Individual,individual,Tualatin,OR,5000,1,2026-09-10,2026-09-10
orestar-20250101-20260928-787cf45dc908,4792,Tina Kotek,record:d97288ea25c25a0dbc04d412,Slettie Jones,Individual,individual,Tualatin,OR,5000,1,2026-08-12,2026-08-12
orestar-20250101-20260928-787cf45dc908,4792,Tina Kotek,record:1073c1764d9dfbd346edf448,Stan Geier,Individual,individual,Portland,OR,5000,2,2025-11-19,2025-12-17
orestar-20250101-20260928-787cf45dc908,4792,Tina Kotek,record:1f53132a1593d6abf7089029,Stephanie Howard,Individual,individual,Aurora,CO,5000,1,2026-08-05,2026-08-05
orestar-20250101-20260928-787cf45dc908,4792,Tina Kotek,record:1a1b044298664a79a1786c4d,Stephenie J Frederick,Individual,individual,Portland,OR,5000,2,2026-08-12,2026-09-10
orestar-20250101-20260928-787cf45dc908,4792,Tina Kotek,record:07ff4637abb85231be943b21,Steven Waksman,Individual,individual,Portland,OR,5000,1,2026-09-02,2026-09-02
orestar-20250101-20260928-787cf45dc908,4792,Tina Kotek,record:dbf26fe8acf7de604f3b42ff,Sue Ann Mathews,Individual,individual,Beaverton,OR,5000,1,2026-08-26,2026-08-26
orestar-20250101-20260928-787cf45dc908,4792,Tina Kotek,record:401b6eb9568675ee8dbdf853,Susan Tate,Individual,individual,Portland,OR,5000,1,2026-07-02,2026-07-02
orestar-20250101-20260928-787cf45dc908,4792,Tina Kotek,record:285eb0a7147f0d81a2e37cb8,Susan Troccolo,Individual,individual,Portland,OR,5000,1,2026-09-10,2026-09-10
orestar-20250101-20260928-787cf45dc908,4792,Tina Kotek,record:46646b00e05f3777f607f105,Sydney Steidle,Individual,individual,Oregon City,OR,5000,1,2026-09-10,2026-09-10
orestar-20250101-20260928-787cf45dc908,4792,Tina Kotek,record:ae1ce328021e665d2e8c32a1,Terry Gillespie,Individual,individual,Springfield,OR,5000,1,2026-09-18,2026-09-18
orestar-20250101-20260928-787cf45dc908,4792,Tina Kotek,record:fc344995dccee93e8b07d73d,Terry Lewis,Individual,individual,Sweet Home,OR,5000,1,2026-06-03,2026-06-03
orestar-20250101-20260928-787cf45dc908,4792,Tina Kotek,record:79ee19df24cb5c81f1e483a9,Terry Sullivan,Individual,individual,Brookings,OR,5000,1,2026-08-20,2026-08-20
orestar-20250101-20260928-787cf45dc908,4792,Tina Kotek,record:49e6cca019cc6677ce56c82c,Theresa Bayer,Individual,individual,Gilbert,AZ,5000,2,2026-06-03,2026-07-02
orestar-20250101-20260928-787cf45dc908,4792,Tina Kotek,record:7928744d44e92b33e619713d,Thomas Hudson,Individual,individual,Hillsboro,OR,5000,2,2026-09-14,2026-09-21
orestar-20250101-20260928-787cf45dc908,4792,Tina Kotek,record:21d21cf0c75bb04d0b07e850,Tim Cowles,Individual,individual,Portland,OR,5000,1,2026-09-10,2026-09-10
orestar-20250101-20260928-787cf45dc908,4792,Tina Kotek,record:ab1060d2366ecdbcef3adc89,Toni Gilbert,Individual,individual,Jefferson,OR,5000,1,2026-08-26,2026-08-26
orestar-20250101-20260928-787cf45dc908,4792,Tina Kotek,record:f573414843f5d649103aee21,Vicki Keith,Individual,individual,Beaverton,OR,5000,1,2026-09-21,2026-09-21
orestar-20250101-20260928-787cf45dc908,4792,Tina Kotek,record:9669eeffe5aa7de0bd7f43a6,Virginia Bernasconi,Individual,individual,Hillsboro,OR,5000,2,2026-07-29,2026-08-26
orestar-20250101-20260928-787cf45dc908,4792,Tina Kotek,record:8cabe7b291fed086f3a2fbab,Virginia Castro,Individual,individual,Monmouth,OR,5000,2,2026-09-10,2026-09-14
orestar-20250101-20260928-787cf45dc908,4792,Tina Kotek,record:de09fefea1486e818306e1a8,Wade Hawley,Individual,individual,Florence,OR,5000,1,2026-09-18,2026-09-18
orestar-20250101-20260928-787cf45dc908,4792,Tina Kotek,record:9766fcaf7dc5e17860e2fa91,Wendy L Johnson,Individual,individual,Corvallis,OR,5000,2,2026-09-21,2026-09-21
orestar-20250101-20260928-787cf45dc908,4792,Tina Kotek,record:0e39a811ac47257048353e73,Wesley Seckler,Individual,individual,Springfield,OR,5000,1,2026-09-10,2026-09-10
orestar-20250101-20260928-787cf45dc908,4792,Tina Kotek,record:f2fcf9c643747e34cdedda9e,William Bennett,Individual,individual,Springfield,OR,5000,2,2026-08-19,2026-09-10
orestar-20250101-20260928-787cf45dc908,4792,Tina Kotek,record:7d53f4463ff75e8aba1f269d,William Reed,Individual,individual,Carlton,OR,5000,1,2026-09-21,2026-09-21
orestar-20250101-20260928-787cf45dc908,4792,Tina Kotek,record:6174e02105f66db377548c6a,Yolanda Lozano,Individual,individual,Springfield,OR,5000,2,2026-07-29,2026-08-05
orestar-20250101-20260928-787cf45dc908,4792,Tina Kotek,record:a8f09600d52c38334d522c24,Grover Jeffrey Bornefeld,Individual,individual,Portland,OR,4800,9,2026-09-02,2026-09-21
orestar-20250101-20260928-787cf45dc908,4792,Tina Kotek,record:0705225f12a817502594c15c,Allegra Helfenstein,Individual,individual,Eugene,OR,4500,3,2025-11-19,2025-12-17
orestar-20250101-20260928-787cf45dc908,4792,Tina Kotek,record:6f9805b7ed809413e9049c79,Colleen Irwin,Individual,individual,Dallas,OR,4500,2,2026-07-22,2026-08-19
orestar-20250101-20260928-787cf45dc908,4792,Tina Kotek,record:6a62462a4e83a56578ec9b49,Crystal Froembling,Individual,individual,Portland,OR,4500,3,2026-07-08,2026-09-10
orestar-20250101-20260928-787cf45dc908,4792,Tina Kotek,record:410811661fe66c0d7b69bd14,Debra Koutnik,Individual,individual,Ashland,OR,4500,3,2026-07-15,2026-09-14
orestar-20250101-20260928-787cf45dc908,4792,Tina Kotek,record:3d4151257a71fa9ba022117c,Denise Garrett,Individual,individual,Eugene,OR,4500,2,2025-10-29,2026-09-02
orestar-20250101-20260928-787cf45dc908,4792,Tina Kotek,record:abdf9f4ce600ed2da88e0fd6,Jacqueline Babicky Peterson,Individual,individual,Milwaukie,OR,4500,3,2026-09-02,2026-09-21
orestar-20250101-20260928-787cf45dc908,4792,Tina Kotek,record:b5d21c69baa378ceb8092319,Keith Foisy,Individual,individual,Portland,OR,4500,3,2026-07-08,2026-09-10
orestar-20250101-20260928-787cf45dc908,4792,Tina Kotek,record:c2e6d8f8f57b054b5ed8ae1f,Laura Golden,Individual,individual,Eugene,OR,4500,3,2026-08-19,2026-09-21
orestar-20250101-20260928-787cf45dc908,4792,Tina Kotek,record:512111099fcfac5dab59cc94,Laura Lester,Individual,individual,Portland,OR,4500,3,2026-07-08,2026-09-10
orestar-20250101-20260928-787cf45dc908,4792,Tina Kotek,record:493186c473c35ad210a1e5da,Liz Goulard,Individual,individual,Lake Oswego,OR,4500,2,2026-09-21,2026-09-21
orestar-20250101-20260928-787cf45dc908,4792,Tina Kotek,record:2be62016843d6ea67e715e1b,Marilyn Picariello,Individual,individual,Eugene,OR,4500,2,2026-08-19,2026-09-10
orestar-20250101-20260928-787cf45dc908,4792,Tina Kotek,record:9e4ff3b6deaf0651da7269c8,Mary Boyer,Individual,individual,Aloha,OR,4500,3,2026-08-05,2026-08-05
orestar-20250101-20260928-787cf45dc908,4792,Tina Kotek,record:0e6f89ad32d3151f464be5a8,Michael Strait,Individual,individual,Beaverton,OR,4500,3,2026-07-08,2026-09-10
orestar-20250101-20260928-787cf45dc908,4792,Tina Kotek,record:8f26e0fffb75068d829180e5,Norman Chambers,Individual,individual,Oregon City,OR,4500,5,2026-07-29,2026-09-02
orestar-20250101-20260928-787cf45dc908,4792,Tina Kotek,record:a96baf0fc5d8ee6e7bb73a44,Thomas Dew,Individual,individual,Medford,OR,4500,2,2026-09-02,2026-09-10
orestar-20250101-20260928-787cf45dc908,4792,Tina Kotek,record:ad6d8476107fb1929a4ea50d,Thomas Power,Individual,individual,Portland,OR,4500,3,2026-09-14,2026-09-21
orestar-20250101-20260928-787cf45dc908,4792,Tina Kotek,record:89846263b00f7b6f906b6410,Walter Rohling,Individual,individual,Portland,OR,4500,4,2026-08-19,2026-09-14
orestar-20250101-20260928-787cf45dc908,4792,Tina Kotek,record:e6a079e66ec717c3974428f0,Waymen Dwinell,Individual,individual,Eugene,OR,4500,2,2025-12-10,2026-04-22
orestar-20250101-20260928-787cf45dc908,4792,Tina Kotek,record:c09fc46d362de55d2ca9d45b,William Musser,Individual,individual,Portland,OR,4500,3,2026-07-08,2026-09-10
orestar-20250101-20260928-787cf45dc908,4792,Tina Kotek,record:bf456f8ece8b014887d4b71b,Margaret Rabe,Individual,individual,Springfield,OR,4300,6,2026-06-24,2026-09-21
orestar-20250101-20260928-787cf45dc908,4792,Tina Kotek,record:10eb25078c6544a80f6b01fa,Lynn Marie Chowdhury,Individual,individual,Eugene,OR,4200,3,2026-08-12,2026-08-19
orestar-20250101-20260928-787cf45dc908,4792,Tina Kotek,record:a69254101881ce68cb525c7a,Robert Steinegger,Individual,individual,Portland,OR,4200,8,2025-09-24,2025-12-31
orestar-20250101-20260928-787cf45dc908,4792,Tina Kotek,record:eb25824d61faca070059640b,Waymen Dwinell,Individual,individual,Eugene,OR,4200,2,2025-12-10,2026-09-10
orestar-20250101-20260928-787cf45dc908,4792,Tina Kotek,record:9de3f8b697321de50f4364fd,Aaron Bott,Individual,individual,Prineville,OR,4000,11,2026-08-05,2026-09-21
orestar-20250101-20260928-787cf45dc908,4792,Tina Kotek,record:6fc64ead78ecb6d163fba4c2,Alison Mcmanus,Individual,individual,Oregon City,OR,4000,3,2026-08-12,2026-09-21
orestar-20250101-20260928-787cf45dc908,4792,Tina Kotek,record:26fa449ef02d3fd1023c3de3,Bonita Sebastian,Individual,individual,Hillsboro,OR,4000,2,2025-11-05,2025-12-10
orestar-20250101-20260928-787cf45dc908,4792,Tina Kotek,record:ef5047b304916f4d850bab76,Carol Acklin,Individual,individual,Bandon,OR,4000,5,2025-10-22,2026-09-10
orestar-20250101-20260928-787cf45dc908,4792,Tina Kotek,record:12133908f98b684a7136a703,Carolyn Miller,Individual,individual,Mt Shasta,CA,4000,2,2026-04-22,2026-04-22
orestar-20250101-20260928-787cf45dc908,4792,Tina Kotek,record:fa4a7d914361b97f0e1e566d,Diane Dennis,Individual,individual,Beavercreek,OR,4000,8,2026-07-29,2026-09-21
orestar-20250101-20260928-787cf45dc908,4792,Tina Kotek,record:ff1507345a58c8f661ab121f,Elizabeth Willis,Individual,individual,Portland,OR,4000,4,2025-10-01,2025-12-28
orestar-20250101-20260928-787cf45dc908,4792,Tina Kotek,record:0572c8c7fcf99f3421afbe27,Eric Griswold,Individual,individual,West Linn,OR,4000,2,2025-12-17,2026-09-21
orestar-20250101-20260928-787cf45dc908,4792,Tina Kotek,record:090b004fa405e4f14741e63d,Howell Lankford,Individual,individual,Portland,OR,4000,2,2026-07-08,2026-07-29
orestar-20250101-20260928-787cf45dc908,4792,Tina Kotek,record:d7d1569eebaf167b3193aa11,Keri Salim,Individual,individual,Portland,OR,4000,2,2026-08-05,2026-09-02
orestar-20250101-20260928-787cf45dc908,4792,Tina Kotek,record:9029e3a2b606f6f2563d296b,Linda Hanchett,Individual,individual,Veneta,OR,4000,2,2025-11-26,2025-11-26
orestar-20250101-20260928-787cf45dc908,4792,Tina Kotek,record:0bca1a9438a9425861306437,Mark Sterling,Individual,individual,Woodburn,OR,4000,4,2026-09-10,2026-09-21
orestar-20250101-20260928-787cf45dc908,4792,Tina Kotek,record:c6bcf6767b58f3fe8c75a3fa,Pat Zachery,Individual,individual,Eugene,OR,4000,2,2026-08-12,2026-09-14
orestar-20250101-20260928-787cf45dc908,4792,Tina Kotek,record:6a41882ab7e5e23552f88de7,Rocky Hadley,Individual,individual,Springfield,OR,4000,4,2026-08-19,2026-09-10
orestar-20250101-20260928-787cf45dc908,4792,Tina Kotek,record:b65101e157a6fb2e5bb84432,Sharon Findling,Individual,individual,Hillsboro,OR,4000,4,2026-08-05,2026-09-10
orestar-20250101-20260928-787cf45dc908,4792,Tina Kotek,record:806314fcec3f6716e1a851db,Stephanie Hecker,Individual,individual,Harrisburg,OR,4000,5,2026-07-08,2026-09-10
orestar-20250101-20260928-787cf45dc908,4792,Tina Kotek,record:db0942e0b3dbb1aedaebf1a3,Theresa Leonard,Individual,individual,Portland,OR,4000,2,2025-11-26,2026-09-21
orestar-20250101-20260928-787cf45dc908,4792,Tina Kotek,record:c5f2906793d72eb3a6c981ec,Tim Mccanna,Individual,individual,Eugene,OR,4000,4,2025-12-31,2026-09-10
orestar-20250101-20260928-787cf45dc908,4792,Tina Kotek,record:a1055c2fa0cbfa2460571b7a,Zechariah Heck,Individual,individual,Bend,OR,4000,2,2026-08-05,2026-09-02
orestar-20250101-20260928-787cf45dc908,4792,Tina Kotek,record:8301d8209e217d71f3808057,Linda Stroope,Individual,individual,Klamath Falls,OR,3800,3,2026-09-10,2026-09-21
orestar-20250101-20260928-787cf45dc908,4792,Tina Kotek,record:b310326bfb6fc0cf37d7d543,Gene Eakin,Individual,individual,Albany,OR,3600,4,2026-09-02,2026-09-14
orestar-20250101-20260928-787cf45dc908,4792,Tina Kotek,record:69fb84e0448ca67d24771c07,Andrew Stern,Individual,individual,Portland,OR,3500,3,2025-10-16,2025-11-13
orestar-20250101-20260928-787cf45dc908,4792,Tina Kotek,record:df134b1bf53712bd0aa9f675,Ardeth E. Jerde,Individual,individual,Salem,OR,3500,2,2026-07-08,2026-07-15
orestar-20250101-20260928-787cf45dc908,4792,Tina Kotek,record:72b5de8fed8ee6cfdeceb395,Brandy Pierre,Individual,individual,Beaverton,OR,3500,3,2026-08-12,2026-09-10
orestar-20250101-20260928-787cf45dc908,4792,Tina Kotek,record:d76835752cdf6b36b70d3677,Caroline Mesman,Individual,individual,Florence,OR,3500,5,2025-07-30,2025-09-24
orestar-20250101-20260928-787cf45dc908,4792,Tina Kotek,record:bc3cf65f51695b6f81b1115c,Claire Carter,Individual,individual,Portland,OR,3500,1,2026-09-18,2026-09-18
orestar-20250101-20260928-787cf45dc908,4792,Tina Kotek,record:28b22e92ff625529836e6e9e,David Keller,Individual,individual,Happy Valley,OR,3500,2,2026-09-10,2026-09-21
orestar-20250101-20260928-787cf45dc908,4792,Tina Kotek,record:29231a13fbebbc8f321a6f35,David L Blanchard,Individual,individual,Klamath Falls,OR,3500,3,2026-08-19,2026-09-21
orestar-20250101-20260928-787cf45dc908,4792,Tina Kotek,record:c7b95a4ffe2445cbc08b6e3b,Elizabeth Hatcher,Individual,individual,Florence,OR,3500,2,2026-08-19,2026-09-10
orestar-20250101-20260928-787cf45dc908,4792,Tina Kotek,record:9dbf5428d3336c28f43c6933,Jennifer Cox,Individual,individual,Portland,OR,3500,1,2026-09-21,2026-09-21
orestar-20250101-20260928-787cf45dc908,4792,Tina Kotek,record:0fcd4d2657d8e785ae62e051,Joe Yates,Individual,individual,Eugene,OR,3500,7,2026-09-02,2026-09-21
orestar-20250101-20260928-787cf45dc908,4792,Tina Kotek,record:d1b920b0e436814e5877224f,John Falkenstein,Individual,individual,Oregon City,OR,3500,2,2026-07-22,2026-08-19
orestar-20250101-20260928-787cf45dc908,4792,Tina Kotek,record:204e3e30e692a45c4b637758,John Riesenman,Individual,individual,Portland,OR,3500,4,2026-08-12,2026-09-21
orestar-20250101-20260928-787cf45dc908,4792,Tina Kotek,record:a570c6556743b22fc956d6a4,Kathleen Selvaggio,Individual,individual,West Linn,OR,3500,2,2026-09-02,2026-09-10
orestar-20250101-20260928-787cf45dc908,4792,Tina Kotek,record:3d6189dc13e89d1c69d597a8,Kelly Lahti,Individual,individual,Happy Valley,OR,3500,2,2026-07-29,2026-08-12
orestar-20250101-20260928-787cf45dc908,4792,Tina Kotek,record:24fc97b7dc6871597a2edf82,Mary Kerns,Individual,individual,Tigard,OR,3500,2,2025-10-22,2025-12-10
orestar-20250101-20260928-787cf45dc908,4792,Tina Kotek,record:4ebfb476d2de097357cb3a76,Nancy Wynkoop,Individual,individual,Medford,OR,3500,2,2025-10-16,2025-10-16
orestar-20250101-20260928-787cf45dc908,4792,Tina Kotek,record:d65b84995d79ea0cd4104b15,Peter Millet,Individual,individual,Beaverton,OR,3500,6,2026-08-19,2026-09-21
orestar-20250101-20260928-787cf45dc908,4792,Tina Kotek,record:07114e2e45aae9841b45e9a2,Robin Bomar,Individual,individual,Hillsboro,OR,3500,2,2026-09-02,2026-09-21
orestar-20250101-20260928-787cf45dc908,4792,Tina Kotek,record:2a8f4d887fcc2e37214d0d46,Samuel Rao,Individual,individual,Bend,OR,3500,1,2026-09-02,2026-09-02
orestar-20250101-20260928-787cf45dc908,4792,Tina Kotek,record:6371e5513394c70c303bedf9,Stuart Teicher,Individual,individual,Portland,OR,3500,4,2026-09-10,2026-09-21
orestar-20250101-20260928-787cf45dc908,4792,Tina Kotek,record:a7be8c006817fc75088684b3,Colette Blum-Meister,Individual,individual,Bend,OR,3250,2,2025-10-22,2025-12-24
orestar-20250101-20260928-787cf45dc908,4792,Tina Kotek,record:5bcd874b74061a295d3b302e,Anoel Rinaldi,Individual,individual,Corvallis,OR,3000,2,2025-12-10,2025-12-10
orestar-20250101-20260928-787cf45dc908,4792,Tina Kotek,record:e4024c971f229efb8f175cf2,Carol Bergen,Individual,individual,Tigard,OR,3000,1,2026-09-02,2026-09-02
orestar-20250101-20260928-787cf45dc908,4792,Tina Kotek,record:6a5691724d3040236ba63c9e,Claire Corwin Kordosky,Individual,individual,Portland,OR,3000,5,2026-08-05,2026-09-02
orestar-20250101-20260928-787cf45dc908,4792,Tina Kotek,record:92b8dc3709903b87072758c5,Glenda Jeter,Individual,individual,Eugene,OR,3000,1,2026-08-12,2026-08-12
orestar-20250101-20260928-787cf45dc908,4792,Tina Kotek,record:4063305f90294f6349c7c233,Jan Kaplan,Individual,individual,Newport,OR,3000,1,2026-09-21,2026-09-21
orestar-20250101-20260928-787cf45dc908,4792,Tina Kotek,record:a488d4f7ccd813041c529ec4,Judith Chambers,Individual,individual,Portland,OR,3000,3,2025-11-05,2025-12-31
orestar-20250101-20260928-787cf45dc908,4792,Tina Kotek,record:fecded5833358a1f531e5b4b,Karen Gray,Individual,individual,Estacada,OR,3000,3,2025-11-05,2025-12-31
orestar-20250101-20260928-787cf45dc908,4792,Tina Kotek,record:e67a69b2b37191ee471369d4,Linda Stone,Individual,individual,Spokane,WA,3000,2,2026-08-26,2026-08-26
orestar-20250101-20260928-787cf45dc908,4792,Tina Kotek,record:3965076d719887647c94f6b8,Marcia Pope,Individual,individual,Portland,OR,3000,1,2026-07-15,2026-07-15
orestar-20250101-20260928-787cf45dc908,4792,Tina Kotek,record:e1160e45556ee2f86bc8546b,Margaret Noel,Individual,individual,Portland,OR,3000,1,2026-09-14,2026-09-14
orestar-20250101-20260928-787cf45dc908,4792,Tina Kotek,record:0198f75729424aeb1225259a,Pamela Keightley,Individual,individual,Beaverton,OR,3000,3,2026-08-19,2026-09-21
orestar-20250101-20260928-787cf45dc908,4792,Tina Kotek,record:0bad19580549362957531271,Ruth Monical,Individual,individual,Wolf Creek,OR,3000,3,2026-09-10,2026-09-21
orestar-20250101-20260928-787cf45dc908,4792,Tina Kotek,record:1629dbe5b904a3e1ca234799,Patricia Demagalhaes,Individual,individual,Portland,OR,2800,4,2026-09-10,2026-09-21
orestar-20250101-20260928-787cf45dc908,4792,Tina Kotek,record:0aa1f0afde6c7d425fced246,Roberta Kuegler,Individual,individual,Medford,OR,2752,1,2025-08-06,2025-08-06
orestar-20250101-20260928-787cf45dc908,4792,Tina Kotek,record:ab75b5cdc1863cdd0be3379e,Carol Leach,Individual,individual,Philomath,OR,2700,7,2026-09-10,2026-09-21
orestar-20250101-20260928-787cf45dc908,4792,Tina Kotek,record:37c4324aeb8e8812df9ecbd6,Larry Ulrich,Individual,individual,Prineville,OR,2700,1,2026-04-15,2026-04-15
orestar-20250101-20260928-787cf45dc908,4792,Tina Kotek,record:a9d9cd4bfc3eb42465f49548,Michael Brooks,Individual,individual,Jacksonville,OR,2700,6,2026-08-05,2026-09-21
orestar-20250101-20260928-787cf45dc908,4792,Tina Kotek,record:bca577f78ca948ab15596012,Dave Reed,Individual,individual,Portland,OR,2673,1,2025-07-07,2025-07-07
orestar-20250101-20260928-787cf45dc908,4792,Tina Kotek,record:c78562aace0bbd949260f325,Judith Sugg,Individual,individual,Portland,OR,2631,1,2026-09-22,2026-09-22
orestar-20250101-20260928-787cf45dc908,4792,Tina Kotek,record:d0f544de103839d1b6ef2997,Carrie Johnson,Individual,individual,Longwood,FL,2600,5,2026-09-14,2026-09-21
orestar-20250101-20260928-787cf45dc908,4792,Tina Kotek,record:5a1a9e37220e93f0d745516f,Miller Steel,Individual,individual,Carmel Valley,CA,2600,1,2026-06-24,2026-06-24
orestar-20250101-20260928-787cf45dc908,4792,Tina Kotek,record:fbf5270628b44c201e597960,Peter Millet,Individual,individual,Clinton,NY,2600,2,2025-11-26,2025-12-24
orestar-20250101-20260928-787cf45dc908,4792,Tina Kotek,record:94245d62f48c554c5d4fe64a,Linda Middleton,Individual,individual,Honolulu,HI,2531,2,2025-11-05,2025-12-03
orestar-20250101-20260928-787cf45dc908,4792,Tina Kotek,record:55d4f2aeab047805e37e47f8,Alan Torres,Individual,individual,Albany,OR,2500,2,2026-09-14,2026-09-21
orestar-20250101-20260928-787cf45dc908,4792,Tina Kotek,record:db5f753c4a04b162308a0348,Alfred Powers,Individual,individual,Nazareth,PA,2500,1,2026-09-21,2026-09-21
orestar-20250101-20260928-787cf45dc908,4792,Tina Kotek,record:59d433049539f1b376e3dc65,Ann Menge,Individual,individual,Eugene,OR,2500,1,2026-09-21,2026-09-21
orestar-20250101-20260928-787cf45dc908,4792,Tina Kotek,record:25f261ba27b476fad79cfc71,Anne Squier,Individual,individual,No City Provided,OR,2500,1,2026-08-19,2026-08-19
orestar-20250101-20260928-787cf45dc908,4792,Tina Kotek,record:1a5015542f51c68c1cd6fae4,Barbara George,Individual,individual,Eugene,OR,2500,1,2026-08-26,2026-08-26
orestar-20250101-20260928-787cf45dc908,4792,Tina Kotek,record:4d29a35ae9eacd386d918b99,Barbara Palmer,Individual,individual,Eugene,OR,2500,1,2026-09-14,2026-09-14
orestar-20250101-20260928-787cf45dc908,4792,Tina Kotek,record:cdc7ca5b32972d1789b59fdf,Betty Caldwell,Individual,individual,Mt Angel,OR,2500,5,2026-08-26,2026-09-02
orestar-20250101-20260928-787cf45dc908,4792,Tina Kotek,record:e9b16fb72589ac03fae98f85,Brad Evans,Individual,individual,Portland,OR,2500,1,2026-09-21,2026-09-21
orestar-20250101-20260928-787cf45dc908,4792,Tina Kotek,record:02a1825466b550548824e837,Brenda Soderlund,Individual,individual,Canby,OR,2500,1,2026-09-14,2026-09-14
orestar-20250101-20260928-787cf45dc908,4792,Tina Kotek,record:ef97e325f05384e9c85fb510,Carmen Barroso,Individual,individual,Portland,OR,2500,1,2026-09-21,2026-09-21
orestar-20250101-20260928-787cf45dc908,4792,Tina Kotek,record:0fa90b250b540fe4fa82fbeb,Carol Veber,Individual,individual,Philomath,OR,2500,1,2026-04-22,2026-04-22
orestar-20250101-20260928-787cf45dc908,4792,Tina Kotek,record:33808edfa0252eafc94eac0a,Catherine Johnson,Individual,individual,West Linn,OR,2500,1,2026-09-14,2026-09-14
orestar-20250101-20260928-787cf45dc908,4792,Tina Kotek,record:3be86c2b5dcabfd201083217,Charles Heckart,Individual,individual,Bandon,OR,2500,1,2026-09-14,2026-09-14
orestar-20250101-20260928-787cf45dc908,4792,Tina Kotek,record:8de1f2c0dfd542190c753ad7,Chris Bayham,Individual,individual,Eugene,OR,2500,1,2026-09-14,2026-09-14
orestar-20250101-20260928-787cf45dc908,4792,Tina Kotek,record:068d26caa10046e0588091fc,Chris Mcdaniel,Individual,individual,Corvallis,OR,2500,1,2026-09-21,2026-09-21
orestar-20250101-20260928-787cf45dc908,4792,Tina Kotek,record:df71894253ba4c6b4ee2c4b5,Cindy J. Burgess,Individual,individual,Salem,OR,2500,1,2026-09-02,2026-09-02
orestar-20250101-20260928-787cf45dc908,4792,Tina Kotek,record:72beee4a7fe93abc7af87d7d,Colleen Murray,Individual,individual,Gresham,OR,2500,1,2026-09-21,2026-09-21
orestar-20250101-20260928-787cf45dc908,4792,Tina Kotek,record:d092c57fdb2b21c8688d8c63,Crystal Whitescarver,Individual,individual,Tampa,FL,2500,1,2026-06-24,2026-06-24
orestar-20250101-20260928-787cf45dc908,4792,Tina Kotek,record:0390d5de7417c5ef9f462648,Daniel Hastings,Individual,individual,Portland,OR,2500,1,2026-06-03,2026-06-03
orestar-20250101-20260928-787cf45dc908,4792,Tina Kotek,record:666d4701800993fe02543f74,David Brown,Individual,individual,Phoenix,OR,2500,1,2026-09-21,2026-09-21
orestar-20250101-20260928-787cf45dc908,4792,Tina Kotek,record:2365445351f5a04938e759e6,David Evans,Individual,individual,Portland,OR,2500,1,2026-09-21,2026-09-21
orestar-20250101-20260928-787cf45dc908,4792,Tina Kotek,record:70c4a8207148b304ee158f74,David Vandelindt,Individual,individual,Sunriver,OR,2500,1,2025-12-24,2025-12-24
orestar-20250101-20260928-787cf45dc908,4792,Tina Kotek,record:6f9f3071ed42e1e4c7aa35af,Denise Riesenman,Individual,individual,Portland,OR,2500,1,2026-08-26,2026-08-26
orestar-20250101-20260928-787cf45dc908,4792,Tina Kotek,record:7e69907169905dbd978bff1e,Diane Angius,Individual,individual,Portland,OR,2500,2,2026-09-02,2026-09-10
orestar-20250101-20260928-787cf45dc908,4792,Tina Kotek,record:a11588d2caba1ececa50d177,Donald Dutton,Individual,individual,Lake Oswego,OR,2500,1,2025-03-26,2025-03-26
orestar-20250101-20260928-787cf45dc908,4792,Tina Kotek,record:db64c95dbb681e04b40c7033,Duane Schaad,Individual,individual,Portland,OR,2500,1,2025-11-05,2025-11-05
orestar-20250101-20260928-787cf45dc908,4792,Tina Kotek,record:b6ee0789c728caf20eded880,E. R. Lindahl,Individual,individual,Portland,OR,2500,1,2026-09-02,2026-09-02
orestar-20250101-20260928-787cf45dc908,4792,Tina Kotek,record:e8f5db2d3d6737ab3ebf0b81,Earl Diment,Individual,individual,Christmas Valley,OR,2500,1,2026-09-02,2026-09-02
orestar-20250101-20260928-787cf45dc908,4792,Tina Kotek,record:1b112b74a8217209671d0696,Eileen Lipkin,Individual,individual,Portland,OR,2500,1,2026-08-19,2026-08-19
orestar-20250101-20260928-787cf45dc908,4792,Tina Kotek,record:adde2c791969a87307b9657b,Elaine Kelley,Individual,individual,Warren,OR,2500,1,2026-08-26,2026-08-26
orestar-20250101-20260928-787cf45dc908,4792,Tina Kotek,record:fb4d6f1c4da5631831df975d,Emily Moon,Individual,individual,Portland,OR,2500,1,2026-06-10,2026-06-10
orestar-20250101-20260928-787cf45dc908,4792,Tina Kotek,record:2dd7298993d938d5163e1478,Eric Weimar,Individual,individual,Eugene,OR,2500,1,2026-09-14,2026-09-14
orestar-20250101-20260928-787cf45dc908,4792,Tina Kotek,record:4026235f8ff0019577f1cba1,Geena Buxton,Individual,individual,Beaverton,OR,2500,1,2026-09-21,2026-09-21
orestar-20250101-20260928-787cf45dc908,4792,Tina Kotek,record:bf5599139fa2fdccd5390bc8,George Bateman,Individual,individual,Eugene,OR,2500,1,2025-11-05,2025-11-05
orestar-20250101-20260928-787cf45dc908,4792,Tina Kotek,record:6a7ed3e6fe4acaf3fb660ab9,Iverson Mcglasson,Individual,individual,Portland,OR,2500,1,2026-06-17,2026-06-17
orestar-20250101-20260928-787cf45dc908,4792,Tina Kotek,record:ee8a685ae897e08bbab84530,Jack Mattison,Individual,individual,Eugene,OR,2500,1,2026-09-21,2026-09-21
orestar-20250101-20260928-787cf45dc908,4792,Tina Kotek,record:9de49fa9503e8a2e93e0b916,James Heffernan,Individual,individual,Portland,OR,2500,1,2026-09-02,2026-09-02
orestar-20250101-20260928-787cf45dc908,4792,Tina Kotek,record:6329411e5935c27c20eed8c2,James Worth,Individual,individual,Ashland,OR,2500,1,2026-08-19,2026-08-19
orestar-20250101-20260928-787cf45dc908,4792,Tina Kotek,record:925919772bfcdab0cb572db8,Jan Mitchell,Individual,individual,Astoria,OR,2500,1,2025-12-17,2025-12-17
orestar-20250101-20260928-787cf45dc908,4792,Tina Kotek,record:5061afa1a17138a71bf8f950,Jane Dewhirst,Individual,individual,Roseburg,OR,2500,1,2025-06-18,2025-06-18
orestar-20250101-20260928-787cf45dc908,4792,Tina Kotek,record:ea73de3c8e3284dc40b7c77b,Janet Baker,Individual,individual,Hillsboro,OR,2500,1,2026-09-02,2026-09-02
orestar-20250101-20260928-787cf45dc908,4792,Tina Kotek,record:a5727aa3f7043e1578fa60b0,Janet Warrington,Individual,individual,Portland,OR,2500,1,2026-07-01,2026-07-01
orestar-20250101-20260928-787cf45dc908,4792,Tina Kotek,record:4ef9719e2fcb4df5057cef34,Jay Raskin,Individual,individual,Portland,OR,2500,1,2026-08-19,2026-08-19
orestar-20250101-20260928-787cf45dc908,4792,Tina Kotek,record:294ba746a93ed88ac34830de,Jerri Bohard,Individual,individual,Wilsonville,OR,2500,1,2026-09-14,2026-09-14
orestar-20250101-20260928-787cf45dc908,4792,Tina Kotek,record:2e80ad60f2227f1a35857fee,John Lyman,Individual,individual,Parkdale,OR,2500,1,2025-10-29,2025-10-29
orestar-20250101-20260928-787cf45dc908,4792,Tina Kotek,record:f3edf9fae3afec24152fe7e6,Joyce Hyne,Individual,individual,Portland,OR,2500,1,2026-09-02,2026-09-02
orestar-20250101-20260928-787cf45dc908,4792,Tina Kotek,record:c8ac3eda310d5ad5fbad48c7,Judith Clark,Individual,individual,Eugene,OR,2500,1,2026-09-21,2026-09-21
orestar-20250101-20260928-787cf45dc908,4792,Tina Kotek,record:2484f4dd13c6f4f497e2a29c,Judith Radovsky,Individual,individual,Corvallis,OR,2500,1,2026-09-21,2026-09-21
orestar-20250101-20260928-787cf45dc908,4792,Tina Kotek,record:4ac55380623e4367bbd3ee93,Julie Cherry,Individual,individual,Eugene,OR,2500,1,2026-08-19,2026-08-19
orestar-20250101-20260928-787cf45dc908,4792,Tina Kotek,record:7c1af2dd045472d579b7a15f,Karen Kraemer,Individual,individual,Gresham,OR,2500,1,2026-09-21,2026-09-21
orestar-20250101-20260928-787cf45dc908,4792,Tina Kotek,record:1428db8ec3e5252cba5d4311,Karuna Neustadt,Individual,individual,Eugene,OR,2500,1,2026-09-02,2026-09-02
orestar-20250101-20260928-787cf45dc908,4792,Tina Kotek,record:e936b39137aca9a5d7b20ce6,Kathleen Fitzgerald,Individual,individual,Eugene,OR,2500,1,2026-09-10,2026-09-10
orestar-20250101-20260928-787cf45dc908,4792,Tina Kotek,record:5b00f183de52c4af78ce0a0f,Kathy Mulder,Individual,individual,Fairview,OR,2500,1,2026-05-20,2026-05-20
orestar-20250101-20260928-787cf45dc908,4792,Tina Kotek,record:4b9b600b2d3021ead3e71855,Kenneth Troester,Individual,individual,Rogue River,OR,2500,1,2026-09-10,2026-09-10
orestar-20250101-20260928-787cf45dc908,4792,Tina Kotek,record:ca7e5299db5b4f4780a19ca7,Kristine Swift,Individual,individual,Salem,OR,2500,1,2026-09-21,2026-09-21
orestar-20250101-20260928-787cf45dc908,4792,Tina Kotek,record:155320623bd238323a12ea97,Kurt Geist,Individual,individual,Portland,OR,2500,1,2026-08-26,2026-08-26
orestar-20250101-20260928-787cf45dc908,4792,Tina Kotek,record:e66e9321af912e2fd8e54048,Lawrence Conley,Individual,individual,Medford,OR,2500,1,2026-08-19,2026-08-19
orestar-20250101-20260928-787cf45dc908,4792,Tina Kotek,record:0e90f50aa3ec1522698d6462,Lester Garrison,Individual,individual,Clackamas,OR,2500,1,2026-09-14,2026-09-14
orestar-20250101-20260928-787cf45dc908,4792,Tina Kotek,record:ed1000c3d48bbe37f72a961f,Loren Ford,Individual,individual,Lebanon,OR,2500,1,2026-08-19,2026-08-19
orestar-20250101-20260928-787cf45dc908,4792,Tina Kotek,record:bfbf3f5d23448d71ad927abc,Lynn Wertzler,Individual,individual,Portland,OR,2500,1,2026-09-10,2026-09-10
orestar-20250101-20260928-787cf45dc908,4792,Tina Kotek,record:0c3449b478db2af8bd5c2e76,Marcia Hille,Individual,individual,Portland,OR,2500,1,2025-09-04,2025-09-04
orestar-20250101-20260928-787cf45dc908,4792,Tina Kotek,record:67139af368db62959b03c058,Margaret Garman,Individual,individual,Newberg,OR,2500,1,2026-05-28,2026-05-28
orestar-20250101-20260928-787cf45dc908,4792,Tina Kotek,record:de63803eac4c977d763d5d4f,Marian Morris-Ervin,Individual,individual,Madras,OR,2500,1,2026-09-10,2026-09-10
orestar-20250101-20260928-787cf45dc908,4792,Tina Kotek,record:5239f22cb0c5ea329e8d8724,Marty Jones,Individual,individual,Portland,OR,2500,1,2026-05-13,2026-05-13
orestar-20250101-20260928-787cf45dc908,4792,Tina Kotek,record:4dc99b2631dc8a2b97cfd7f2,Mary Collins,Individual,individual,Kapa¿¿A,HI,2500,1,2026-08-12,2026-08-12
orestar-20250101-20260928-787cf45dc908,4792,Tina Kotek,record:13d3ca37073da18cc64694fc,Michael Berger,Individual,individual,Pittsburgh,PA,2500,1,2025-12-24,2025-12-24
orestar-20250101-20260928-787cf45dc908,4792,Tina Kotek,record:ce7cf1b800a1eec781fee581,Mike Riley,Individual,individual,Bend,OR,2500,1,2026-09-02,2026-09-02
orestar-20250101-20260928-787cf45dc908,4792,Tina Kotek,record:a1ff47d191ecf129824fb782,Missy Dolan,Individual,individual,Clackamas,OR,2500,1,2026-03-25,2026-03-25
orestar-20250101-20260928-787cf45dc908,4792,Tina Kotek,record:1c413d73e7d72dfcf1fc840d,Nancy Irvin,Individual,individual,Coos Bay,OR,2500,1,2026-09-21,2026-09-21
orestar-20250101-20260928-787cf45dc908,4792,Tina Kotek,record:8b5f1aa9c75a43f3e7c34274,Nathan Rudd,Individual,individual,Hillsboro,OR,2500,1,2026-09-21,2026-09-21
orestar-20250101-20260928-787cf45dc908,4792,Tina Kotek,record:b41ad271466db668e0df03d1,Nella Abbott,Individual,individual,Port Orford,OR,2500,1,2026-04-22,2026-04-22
orestar-20250101-20260928-787cf45dc908,4792,Tina Kotek,record:b8f3ebd6c1a7dfe726ad75ee,Patricia Caldwell,Individual,individual,Sandy,OR,2500,1,2026-08-26,2026-08-26
orestar-20250101-20260928-787cf45dc908,4792,Tina Kotek,record:5521ce3741d7b7f6ea73495e,Patricia Dalegowski,Individual,individual,O'Brien,OR,2500,1,2025-10-16,2025-10-16
orestar-20250101-20260928-787cf45dc908,4792,Tina Kotek,record:0f8fa5d04a533ae8cfec0c2c,Patricia Schkade,Individual,individual,Albany,OR,2500,1,2026-06-03,2026-06-03
orestar-20250101-20260928-787cf45dc908,4792,Tina Kotek,record:61d994d3baeef431010a04d5,Patrick Boyd,Individual,individual,Roseburg,OR,2500,1,2026-09-10,2026-09-10
orestar-20250101-20260928-787cf45dc908,4792,Tina Kotek,record:dd48d8386a734ddbd6da9705,Paul Peterson,Individual,individual,Yachats,OR,2500,1,2026-09-21,2026-09-21
orestar-20250101-20260928-787cf45dc908,4792,Tina Kotek,record:7c20a85542f143cbcfd4ceaa,Peter Schmidt,Individual,individual,Portland,OR,2500,1,2025-10-29,2025-10-29
orestar-20250101-20260928-787cf45dc908,4792,Tina Kotek,record:ce57ac15719bb94e21471394,Rachel Kerley,Individual,individual,Hillsboro,OR,2500,2,2026-09-21,2026-09-21
orestar-20250101-20260928-787cf45dc908,4792,Tina Kotek,record:266c82e9250e79c7926f8f99,Ricardo Martin Ek,Individual,individual,Portland,OR,2500,1,2026-09-14,2026-09-14
orestar-20250101-20260928-787cf45dc908,4792,Tina Kotek,record:3625d28933d7ed16e5244ed9,Robert Lusk,Individual,individual,Portland,OR,2500,1,2025-07-29,2025-07-29
orestar-20250101-20260928-787cf45dc908,4792,Tina Kotek,record:bdac44018415bc9a1b297513,Ron Kernan,Individual,individual,Portland,OR,2500,1,2026-09-21,2026-09-21
orestar-20250101-20260928-787cf45dc908,4792,Tina Kotek,record:f35eb3a6784a2b59cf5ffcb0,Rosemary Phillips,Individual,individual,Salem,OR,2500,1,2026-09-10,2026-09-10
orestar-20250101-20260928-787cf45dc908,4792,Tina Kotek,record:04ee13ab0a4247532799a20b,Scott Niesen,Individual,individual,Portland,OR,2500,1,2025-12-10,2025-12-10
orestar-20250101-20260928-787cf45dc908,4792,Tina Kotek,record:bff3ab888bb75bb6bf4f7c98,Serena Cruz,Individual,individual,Portland,OR,2500,1,2026-09-21,2026-09-21
orestar-20250101-20260928-787cf45dc908,4792,Tina Kotek,record:105ad134e5eb595ae49a20c9,Stephanie Vardavas,Individual,individual,Portland,OR,2500,1,2026-09-10,2026-09-10
orestar-20250101-20260928-787cf45dc908,4792,Tina Kotek,record:a3b4fd49e46dc316bd1a82dd,Steve Mondero,Individual,individual,Fairview,OR,2500,1,2026-09-14,2026-09-14
orestar-20250101-20260928-787cf45dc908,4792,Tina Kotek,record:e6f0f8205f2aed9ce030d9d6,Steven Frazier,Individual,individual,Portland,OR,2500,3,2026-09-10,2026-09-21
orestar-20250101-20260928-787cf45dc908,4792,Tina Kotek,record:89121122749ee96548a1b0ba,Sylvia Black,Individual,individual,Portland,OR,2500,1,2026-04-29,2026-04-29
orestar-20250101-20260928-787cf45dc908,4792,Tina Kotek,record:1e0de262870d3abdf4be633a,Thomas Hering,Individual,individual,Portland,OR,2500,1,2026-09-02,2026-09-02
orestar-20250101-20260928-787cf45dc908,4792,Tina Kotek,record:202d04f83a2a7006851000ee,Vickie Simpson,Individual,individual,Salem,OR,2500,1,2026-08-19,2026-08-19
orestar-20250101-20260928-787cf45dc908,4792,Tina Kotek,record:c03d1a4c34bcffe514a5d509,Victoria Harrer,Individual,individual,Portland,OR,2500,1,2026-08-26,2026-08-26
orestar-20250101-20260928-787cf45dc908,4792,Tina Kotek,record:f5e274a3682408c93326ab26,Jeannette Mayer,Individual,individual,Newberg,OR,2400,1,2026-09-10,2026-09-10
orestar-20250101-20260928-787cf45dc908,4792,Tina Kotek,record:52cb39d0c0b10f8540b121b3,Laura Baez,Individual,individual,Salem,OR,2400,2,2026-09-10,2026-09-10
orestar-20250101-20260928-787cf45dc908,4792,Tina Kotek,record:96d91b5a2a384c82d9bb4142,Mary Ann Rudy,Individual,individual,Portland,OR,2200,3,2026-06-24,2026-08-26
orestar-20250101-20260928-787cf45dc908,4792,Tina Kotek,record:ac5f74568d95e19f12a627d9,Anne Saraceno,Individual,individual,Portland,OR,2100,3,2026-09-02,2026-09-21
orestar-20250101-20260928-787cf45dc908,4792,Tina Kotek,record:cd5065d0e376486550e99588,Buzz Johnson,Individual,individual,Cannon Beach,OR,2000,1,2026-06-24,2026-06-24
orestar-20250101-20260928-787cf45dc908,4792,Tina Kotek,record:927054e54b9f7ac909169b5d,Catherine Dorner,Individual,individual,Carlton,OR,2000,2,2026-09-02,2026-09-02
orestar-20250101-20260928-787cf45dc908,4792,Tina Kotek,record:c630a5544618638ff407042a,Christine Bogdanow,Individual,individual,Salem,OR,2000,2,2026-09-02,2026-09-21
orestar-20250101-20260928-787cf45dc908,4792,Tina Kotek,record:3a9f3533f5a4342da206b191,Claire Corwin Kordosky,Individual,individual,Portland,OR,2000,2,2026-09-10,2026-09-21
orestar-20250101-20260928-787cf45dc908,4792,Tina Kotek,record:227c5010b66238755f2588ca,David Ferguson,Individual,individual,Portland,OR,2000,2,2025-11-19,2025-12-24
orestar-20250101-20260928-787cf45dc908,4792,Tina Kotek,record:b0818bff193f188c1114f2ba,Dawn Kurzka,Individual,individual,Eugene,OR,2000,1,2026-09-02,2026-09-02
orestar-20250101-20260928-787cf45dc908,4792,Tina Kotek,record:6b1a95ce7425292322cf63e9,Dona Hertel,Individual,individual,Beaverton,OR,2000,2,2026-08-19,2026-09-14
orestar-20250101-20260928-787cf45dc908,4792,Tina Kotek,record:41f2b7f3b3e75d4aca6ee734,Janet Haskins,Individual,individual,Canby,OR,2000,1,2026-09-14,2026-09-14
orestar-20250101-20260928-787cf45dc908,4792,Tina Kotek,record:798514c723eee805003d0968,Jessica Bledsoe,Individual,individual,Cornelius,OR,2000,2,2025-11-13,2025-12-10
orestar-20250101-20260928-787cf45dc908,4792,Tina Kotek,record:9c979680c9257fa23672178e,Jg Bergman,Individual,individual,Salem,OR,2000,3,2026-08-19,2026-09-10
orestar-20250101-20260928-787cf45dc908,4792,Tina Kotek,record:4fa1c228be2ca5deb06e9a28,Johanna Millegan,Individual,individual,Springfield,OR,2000,4,2026-09-14,2026-09-21
orestar-20250101-20260928-787cf45dc908,4792,Tina Kotek,record:b7523f53b6a7a02f65f932da,Joyce Abrams,Individual,individual,Cave Junction,OR,2000,1,2026-08-12,2026-08-12
orestar-20250101-20260928-787cf45dc908,4792,Tina Kotek,record:b832f51eb8811365c459d817,Karen Conyngham,Individual,individual,Austin Tx,TX,2000,1,2026-06-17,2026-06-17
orestar-20250101-20260928-787cf45dc908,4792,Tina Kotek,record:990c43ee260e24f09d703177,Linda Brewer,Individual,individual,Eugene,OR,2000,1,2026-09-21,2026-09-21
orestar-20250101-20260928-787cf45dc908,4792,Tina Kotek,record:70771c517cfc0886c7fff07c,Linda Labash,Individual,individual,Gladstone,OR,2000,1,2026-08-26,2026-08-26
orestar-20250101-20260928-787cf45dc908,4792,Tina Kotek,record:908c8d908dd1e8d9ae873b73,Lois Stevens,Individual,individual,Eugene,OR,2000,3,2025-06-18,2025-07-30
orestar-20250101-20260928-787cf45dc908,4792,Tina Kotek,record:0c5db445ef25f547e7bc8ee6,Mark Tait,Individual,individual,Beaverton,OR,2000,2,2026-09-21,2026-09-21
orestar-20250101-20260928-787cf45dc908,4792,Tina Kotek,record:1b4a4bf68149e396e7c977c8,Norman Hartwell,Individual,individual,Rockaway Beach,OR,2000,2,2026-09-10,2026-09-10
orestar-20250101-20260928-787cf45dc908,4792,Tina Kotek,record:59d949fb82ddde53921cf49f,Pamela Taylor,Individual,individual,Salem,OR,2000,2,2025-10-22,2025-10-22
orestar-20250101-20260928-787cf45dc908,4792,Tina Kotek,record:5a237f984c33592445ba8a8f,Patricia Holt,Individual,individual,Portland,OR,2000,1,2026-09-14,2026-09-14
orestar-20250101-20260928-787cf45dc908,4792,Tina Kotek,record:1088d5e7d49374a2fb417b12,Richard Everts,Individual,individual,Eugene,OR,2000,2,2026-04-29,2026-04-29
orestar-20250101-20260928-787cf45dc908,4792,Tina Kotek,record:1c25c7c9e8b40dbe717a6624,Shelley Patterson,Individual,individual,Damascus,OR,2000,1,2026-09-02,2026-09-02
orestar-20250101-20260928-787cf45dc908,4792,Tina Kotek,record:ad807eecf704f8cb5afb518c,Stephen Veal,Individual,individual,La Grande,OR,2000,4,2026-08-26,2026-08-26
orestar-20250101-20260928-787cf45dc908,4792,Tina Kotek,record:b3e5596580f92ee68c453ea1,Twila Wilkins,Individual,individual,Portland,OR,2000,2,2026-08-19,2026-09-10
orestar-20250101-20260928-787cf45dc908,4792,Tina Kotek,record:5f7683162fbad3d3ecf719b1,Virginia Balazs,Individual,individual,Eugene,OR,2000,1,2026-09-14,2026-09-14
orestar-20250101-20260928-787cf45dc908,4792,Tina Kotek,record:64b0709f1d55bc151d784f76,Will Anderson,Individual,individual,Beaverton,OR,2000,2,2026-08-19,2026-09-21
orestar-20250101-20260928-787cf45dc908,4792,Tina Kotek,record:dbee5b2bcafcd5b943a8252a,Gretchen Valido,Individual,individual,Bend,OR,1900,3,2026-08-26,2026-09-14
orestar-20250101-20260928-787cf45dc908,4792,Tina Kotek,record:20eeed7a8d84373639d701d3,Carrie Johnson,Individual,individual,Longwood,FL,1800,3,2026-09-10,2026-09-10
orestar-20250101-20260928-787cf45dc908,4792,Tina Kotek,record:2ebab7201dae6caadb0fc7be,Stanton Turner,Individual,individual,Eugene,OR,1800,3,2026-08-19,2026-09-21
orestar-20250101-20260928-787cf45dc908,4792,Tina Kotek,record:bcfe412cbbd667c5fbad5aa7,Susan Widener,Individual,individual,Portland,OR,1600,4,2026-07-29,2026-07-29
orestar-20250101-20260928-787cf45dc908,4792,Tina Kotek,record:dd07b1c55716e4e2b4cc0dfb,Anne Kennedy,Individual,individual,Portland,OR,1500,1,2026-07-15,2026-07-15
orestar-20250101-20260928-787cf45dc908,4792,Tina Kotek,record:a119a6cd4fe7d71e6086c6de,Antoinette Laferriere,Individual,individual,Bend,OR,1500,1,2025-10-08,2025-10-08
orestar-20250101-20260928-787cf45dc908,4792,Tina Kotek,record:b3b056182e88f3df4f6f61ec,Betsy Berry Riddell,Individual,individual,Portland,OR,1500,5,2026-04-06,2026-09-02
orestar-20250101-20260928-787cf45dc908,4792,Tina Kotek,record:b44a86da2e615a0703e83690,Beverly Gunson,Individual,individual,Sisters,OR,1500,1,2026-09-02,2026-09-02
orestar-20250101-20260928-787cf45dc908,4792,Tina Kotek,record:fc74260aaae4b8c343c4e386,Brandy Cluckey,Individual,individual,Beaverton,OR,1500,1,2026-06-24,2026-06-24
orestar-20250101-20260928-787cf45dc908,4792,Tina Kotek,record:016a233d9751d9ed034a90be,Bruce Barrow,Individual,individual,Portland,OR,1500,1,2026-09-10,2026-09-10
orestar-20250101-20260928-787cf45dc908,4792,Tina Kotek,record:61d2fb9ba44e2094c6137350,Christine Frazer,Individual,individual,Eugene,OR,1500,1,2026-09-14,2026-09-14
orestar-20250101-20260928-787cf45dc908,4792,Tina Kotek,record:00887086433ec7403fce4f34,Christine Woodard,Individual,individual,Portland,OR,1500,1,2026-09-21,2026-09-21
orestar-20250101-20260928-787cf45dc908,4792,Tina Kotek,record:0f3f974c1a347d5a8f10d46f,Deb Gruba,Individual,individual,Portland,OR,1500,1,2026-09-21,2026-09-21
orestar-20250101-20260928-787cf45dc908,4792,Tina Kotek,record:4e67651c829ae9981304db53,Debra Murdock,Individual,individual,Eugene,OR,1500,1,2026-09-21,2026-09-21
orestar-20250101-20260928-787cf45dc908,4792,Tina Kotek,record:84f3cc8f7d57594318960663,Henry Hainline,Individual,individual,Happy Valley,OR,1500,1,2026-09-10,2026-09-10
orestar-20250101-20260928-787cf45dc908,4792,Tina Kotek,record:a124ba8cacfc84297ef6db8d,Larry Miller,Individual,individual,Gladstone,OR,1500,2,2026-09-21,2026-09-21
orestar-20250101-20260928-787cf45dc908,4792,Tina Kotek,record:af9960ed1a308b5152e2312c,Linda Medeiros,Individual,individual,Medford,OR,1500,2,2025-11-19,2025-12-10
orestar-20250101-20260928-787cf45dc908,4792,Tina Kotek,record:dc3ec96ea7b8aa761f84961e,Mark Beyer,Individual,individual,Staten Island,NY,1500,1,2026-09-21,2026-09-21
orestar-20250101-20260928-787cf45dc908,4792,Tina Kotek,record:040a3b29b0f7c06ec5035c06,Matt Felix,Individual,individual,Tucson,AZ,1500,1,2026-09-14,2026-09-14
orestar-20250101-20260928-787cf45dc908,4792,Tina Kotek,record:22ea6ff4bac72eb4ba81a832,Meredith Reynolds,Individual,individual,Ashland,OR,1500,1,2026-09-10,2026-09-10
orestar-20250101-20260928-787cf45dc908,4792,Tina Kotek,record:659cdede429b75d64e89dd9c,Michael Arken,Individual,individual,Portland,OR,1500,2,2026-09-02,2026-09-21
orestar-20250101-20260928-787cf45dc908,4792,Tina Kotek,record:4fdaa57e62de93e80076d077,Pamela Berkowitz,Individual,individual,Cornelius,OR,1500,2,2026-09-21,2026-09-21
orestar-20250101-20260928-787cf45dc908,4792,Tina Kotek,record:2dbc3a0546484c18a402fc4c,Paul Maynard,Individual,individual,Clackamas,OR,1500,2,2026-08-26,2026-09-02
orestar-20250101-20260928-787cf45dc908,4792,Tina Kotek,record:6707227e1e1b909e9f0513ac,Rebecca Lemon,Individual,individual,Corvallis,OR,1500,1,2026-09-14,2026-09-14
orestar-20250101-20260928-787cf45dc908,4792,Tina Kotek,record:7d33e31b1d6de2a4d0280c5a,Robin Jacobs,Individual,individual,Lake Oswego,OR,1500,1,2026-09-21,2026-09-21
orestar-20250101-20260928-787cf45dc908,4792,Tina Kotek,record:282ad8009011631b40104a40,Sara Miller,Individual,individual,Portland,OR,1500,1,2026-09-21,2026-09-21
orestar-20250101-20260928-787cf45dc908,4792,Tina Kotek,record:53f75c9de3522073cbe61c06,Sheila Watson,Individual,individual,Eugene,OR,1500,1,2026-07-01,2026-07-01
orestar-20250101-20260928-787cf45dc908,4792,Tina Kotek,record:5ef5754e9644492342bca416,Sheri Copans,Individual,individual,Portland,OR,1500,1,2026-09-10,2026-09-10
orestar-20250101-20260928-787cf45dc908,4792,Tina Kotek,record:4b2d74e958670d5d5cc938fc,Virginia Dong,Individual,individual,Albany,OR,1500,3,2026-08-26,2026-09-10
orestar-20250101-20260928-787cf45dc908,4792,Tina Kotek,record:9592a70125450945afee5261,Edward Colbert,Individual,individual,Marblehead,MA,1400,2,2026-08-19,2026-09-14
orestar-20250101-20260928-787cf45dc908,4792,Tina Kotek,record:9205ee2d57882cf734abae5d,Susan Milano,Individual,individual,Mcminnville,OR,1400,2,2026-08-26,2026-09-21
orestar-20250101-20260928-787cf45dc908,4792,Tina Kotek,record:a594427416f699699703d1db,Ron Stout,Individual,individual,Portland,OR,1300,3,2025-12-10,2025-12-17
orestar-20250101-20260928-787cf45dc908,4792,Tina Kotek,record:38a71bc6cd98c622d4ef93bb,Katherine Birdsall,Individual,individual,Portland,OR,1250,1,2026-09-10,2026-09-10
orestar-20250101-20260928-787cf45dc908,4792,Tina Kotek,record:263e78469d260326e3e59b81,Bruce Bailey,Individual,individual,Gates,OR,1200,1,2026-09-14,2026-09-14
orestar-20250101-20260928-787cf45dc908,4792,Tina Kotek,record:b7a01202c8afc1da0ba2a7b6,Barbara Stedman,Individual,individual,Portland,OR,1000,1,2026-09-10,2026-09-10
orestar-20250101-20260928-787cf45dc908,4792,Tina Kotek,record:f858f75c2fae5d272da813e5,Cheryl Hockaday,Individual,individual,Mcminnville,OR,1000,1,2026-09-21,2026-09-21
orestar-20250101-20260928-787cf45dc908,4792,Tina Kotek,record:fce7dabed66e650d4ce0ee93,Cheryl Hockaday,Individual,individual,Mcminnville,OR,1000,1,2026-09-14,2026-09-14
orestar-20250101-20260928-787cf45dc908,4792,Tina Kotek,record:df9f0483ba92b7898623417e,Diane Pinkney,Individual,individual,Wilsonville,OR,1000,1,2025-09-17,2025-09-17
orestar-20250101-20260928-787cf45dc908,4792,Tina Kotek,record:fad3c012d3e29192da628e15,Elaine Kelley,Individual,individual,Warren,OR,1000,1,2026-06-17,2026-06-17
orestar-20250101-20260928-787cf45dc908,4792,Tina Kotek,record:b2f1ae7156c778e25660783d,James Moon,Individual,individual,Eugene,OR,1000,1,2025-09-04,2025-09-04
orestar-20250101-20260928-787cf45dc908,4792,Tina Kotek,record:1efe2b244e71e8014f4159c7,Jan Vanhorn,Individual,individual,Box Elder,SD,1000,1,2025-12-28,2025-12-28
orestar-20250101-20260928-787cf45dc908,4792,Tina Kotek,record:5b0756b0fa0a3e24f704416e,Jan Wyers,Individual,individual,Portland,OR,1000,1,2025-10-03,2025-10-03
orestar-20250101-20260928-787cf45dc908,4792,Tina Kotek,record:ac26c184239ae55c71642f9d,Juanita Ray,Individual,individual,Springfield,OR,1000,2,2025-11-05,2025-12-10
orestar-20250101-20260928-787cf45dc908,4792,Tina Kotek,record:0be8acee67671f93afe5139c,Kerry Bassett,Individual,individual,Portland,OR,1000,1,2026-09-21,2026-09-21
orestar-20250101-20260928-787cf45dc908,4792,Tina Kotek,record:576e5aaffadcb43df3f9574a,Lang Larson,Individual,individual,Salem,OR,1000,1,2025-12-24,2025-12-24
orestar-20250101-20260928-787cf45dc908,4792,Tina Kotek,record:64da98107fd4ec7c3a2c2672,Lisa Lumley Eckert,Individual,individual,Sandy,OR,1000,1,2026-09-14,2026-09-14
orestar-20250101-20260928-787cf45dc908,4792,Tina Kotek,record:a975ecc87752f8632e0eb743,Marta Willson,Individual,individual,Eugene,OR,1000,1,2025-12-17,2025-12-17
orestar-20250101-20260928-787cf45dc908,4792,Tina Kotek,record:e662403b6d701f2c496daa09,Mary Fallah,Individual,individual,Portland,OR,1000,1,2025-12-17,2025-12-17
orestar-20250101-20260928-787cf45dc908,4792,Tina Kotek,record:34e61902263b477993f7c7d5,Melody Shapiro,Individual,individual,Hood River,OR,1000,1,2025-10-22,2025-10-22
orestar-20250101-20260928-787cf45dc908,4792,Tina Kotek,record:91c78be24f08c7855f44b51f,Natalie Weber,Individual,individual,Portland,OR,1000,1,2026-09-21,2026-09-21
orestar-20250101-20260928-787cf45dc908,4792,Tina Kotek,record:584f290670b4c6d20dc1938a,Nathan Rudd,Individual,individual,Beaverton,OR,1000,1,2026-09-02,2026-09-02
orestar-20250101-20260928-787cf45dc908,4792,Tina Kotek,record:aef046ace237eadf32a64977,Norman Baxter,Individual,individual,Salem,OR,1000,1,2026-08-26,2026-08-26
orestar-20250101-20260928-787cf45dc908,4792,Tina Kotek,record:9c91eb1d96808eb763952198,Patricia Joslin,Individual,individual,Deschutes County,OR,1000,1,2026-09-10,2026-09-10
orestar-20250101-20260928-787cf45dc908,4792,Tina Kotek,record:2e3cf815feade926e4cf9c4c,Phyllis Sharp,Individual,individual,Denver,CO,1000,1,2026-02-26,2026-02-26
orestar-20250101-20260928-787cf45dc908,4792,Tina Kotek,record:ba0c9ae64a2d440d3165ceb2,Randa Blanding,Individual,individual,Tigard,OR,1000,1,2026-09-21,2026-09-21
orestar-20250101-20260928-787cf45dc908,4792,Tina Kotek,record:55fc6a97e2a859534c54d0b3,Richard Ireland,Individual,individual,Salem,OR,1000,2,2026-09-14,2026-09-14
orestar-20250101-20260928-787cf45dc908,4792,Tina Kotek,record:61189b358fe4ae9715065029,Roger Speed,Individual,individual,Stockton,CA,1000,1,2026-07-29,2026-07-29
orestar-20250101-20260928-787cf45dc908,4792,Tina Kotek,record:d90a39d7d6e16330cbb2c35f,Roselinde Kennedy,Individual,individual,Keizer,OR,1000,1,2025-11-19,2025-11-19
orestar-20250101-20260928-787cf45dc908,4792,Tina Kotek,record:1529a8436c3d71f51d99673f,Sam Weber,Individual,individual,Springfield,OR,1000,1,2026-09-21,2026-09-21
orestar-20250101-20260928-787cf45dc908,4792,Tina Kotek,record:ab5e3ed194c4aeaa467114a1,Victoria Findlay,Individual,individual,Corvallis,OR,1000,1,2026-09-21,2026-09-21
orestar-20250101-20260928-787cf45dc908,4792,Tina Kotek,record:8a4c5bc95e961c50e2183908,William Whitlatch,Individual,individual,Portland,OR,1000,1,2026-09-10,2026-09-10
orestar-20250101-20260928-787cf45dc908,4792,Tina Kotek,record:424fca5ee794ca4ab756436e,Julie Cherry,Individual,individual,Eugene,OR,800,2,2026-09-14,2026-09-21
orestar-20250101-20260928-787cf45dc908,4792,Tina Kotek,record:a0a8d8bafc84eb1543e222cf,Carleen Sturman,Individual,individual,Scappoose,OR,600,2,2026-09-14,2026-09-21
orestar-20250101-20260928-787cf45dc908,4792,Tina Kotek,record:9d7aebe5736b08e4ce63b664,Joann Fawver,Individual,individual,Canby,OR,600,1,2026-09-21,2026-09-21
orestar-20250101-20260928-787cf45dc908,4792,Tina Kotek,record:fd54296cbd83ea0da9b3882b,Bruce Barrow,Individual,individual,Portland,OR,500,1,2026-09-21,2026-09-21
orestar-20250101-20260928-787cf45dc908,4792,Tina Kotek,record:d87134ca6131ec6571387765,Diane Fritson,Individual,individual,Mapleton,OR,500,1,2026-09-10,2026-09-10
orestar-20250101-20260928-787cf45dc908,4792,Tina Kotek,record:ed7e2737c5c5743fc9017552,Lorinda Paulson,Individual,individual,Eugene,OR,500,1,2026-09-21,2026-09-21
orestar-20250101-20260928-787cf45dc908,4792,Tina Kotek,record:21826bf817e9bdbf6691bf82,Martha Kapp,Individual,individual,Portland,OR,500,1,2026-08-05,2026-08-05
orestar-20250101-20260928-787cf45dc908,4792,Tina Kotek,record:83b0d3b50e90b2c82e4e4d4b,Patty Cogen,Individual,individual,Port Townsend,WA,500,1,2026-09-21,2026-09-21
orestar-20250101-20260928-787cf45dc908,4792,Tina Kotek,record:3c78013e727f10f1138d04d2,Sydney Brewster,Individual,individual,Salem,OR,500,1,2026-09-10,2026-09-10
orestar-20250101-20260928-787cf45dc908,4792,Tina Kotek,record:71f40d1c968f5eac4621697d,Thomas Klesath,Individual,individual,Salem,OR,500,1,2026-09-10,2026-09-10
orestar-20250101-20260928-787cf45dc908,4792,Tina Kotek,record:d37c929c2fe48b51c0f3af6c,Irene Theurer,Individual,individual,Ashland,OR,400,1,2026-09-14,2026-09-14
orestar-20250101-20260928-787cf45dc908,4792,Tina Kotek,,Miscellaneous Cash Contributions $100 and under (combined entries),Unspecified,small,,,60725639,294,,
orestar-20250101-20260928-787cf45dc908,19050,Christine Drazan,record:4e23e351e05c2b2ee4722c2f,"Don H Jones, Jr.",Individual,individual,Ashland,OR,134000000,8,2025-11-20,2026-07-28
orestar-20250101-20260928-787cf45dc908,19050,Christine Drazan,committee:4,AGC Committee for Action (4),Political Committee,trade,Wilsonville,OR,70350000,3,2025-01-09,2026-08-31
orestar-20250101-20260928-787cf45dc908,19050,Christine Drazan,record:bf07564fcc755e51afad7549,K & E Excavating Inc.,Business Entity,business,Salem,OR,40000000,4,2025-10-22,2026-09-18
orestar-20250101-20260928-787cf45dc908,19050,Christine Drazan,record:130a2ca5a62e08141751f3e1,Marta Von Borstel,Individual,individual,The Dalles,OR,40000000,2,2026-07-17,2026-09-23
orestar-20250101-20260928-787cf45dc908,19050,Christine Drazan,record:27e7d7ab2e60e43f78e5c017,Murphy Plywood,Business Entity,business,Eugene,OR,35000000,2,2026-02-19,2026-08-14
orestar-20250101-20260928-787cf45dc908,19050,Christine Drazan,record:bdc7eb63aae7583dadacabdc,AGC Union Contractor Group,Other,trade,Wilsonville,OR,30000000,3,2026-02-09,2026-08-18
orestar-20250101-20260928-787cf45dc908,19050,Christine Drazan,record:a893fc82de3951ae3e38ea05,"The Pape Group, Inc.",Business Entity,business,Eugene,OR,25000000,1,2026-09-23,2026-09-23
orestar-20250101-20260928-787cf45dc908,19050,Christine Drazan,record:6197f5c3a8c9521a494c4571,Wayne Von Borstel,Individual,individual,The Dalles,OR,20000000,1,2026-07-17,2026-07-17
orestar-20250101-20260928-787cf45dc908,19050,Christine Drazan,record:cfa800dd5a517fc32f503e7a,Derrick Luksch,Individual,individual,South Beach,OR,19750000,6,2025-10-22,2026-07-08
orestar-20250101-20260928-787cf45dc908,19050,Christine Drazan,committee:19151,Friends of Shelly Boshart Davis (19151),Political Committee,candidates,Albany,OR,18500000,8,2025-12-18,2026-09-22
orestar-20250101-20260928-787cf45dc908,19050,Christine Drazan,record:c373d797b8070ede674fc4a2,Don H Jones,Individual,individual,Ashland,OR,16000000,1,2025-10-22,2025-10-22
orestar-20250101-20260928-787cf45dc908,19050,Christine Drazan,record:bb350cc17d41bed9b768c9ba,Hamilton Construction Co.,Business Entity,business,Springfield,OR,15000000,5,2025-10-22,2026-08-13
orestar-20250101-20260928-787cf45dc908,19050,Christine Drazan,record:5c0bb519903ad34807d9b001,Hampton Lumber,Business Entity,business,Portland,OR,15000000,1,2026-09-15,2026-09-15
orestar-20250101-20260928-787cf45dc908,19050,Christine Drazan,record:8cff86a8aba2d44e38d22b25,MEI Group/Moore Excavation Company,Business Entity,business,Fairview,OR,15000000,3,2025-11-26,2026-06-29
orestar-20250101-20260928-787cf45dc908,19050,Christine Drazan,record:30658781cb9031c370963f67,Jay Compton,Individual,individual,Salem,OR,13500000,3,2026-03-02,2026-09-08
orestar-20250101-20260928-787cf45dc908,19050,Christine Drazan,committee:3428,Oregon Neighborhood Store Association Political Action Committee (3428),Political Committee,trade,Salem,OR,11200000,5,2025-07-31,2026-09-16
orestar-20250101-20260928-787cf45dc908,19050,Christine Drazan,record:1616658e1be23ddd72083c42,James Bisenius,Individual,individual,Sherwood,OR,10500000,2,2026-03-25,2026-09-03
orestar-20250101-20260928-787cf45dc908,19050,Christine Drazan,record:8a2fd137a6cbb258f0db2854,"Advanced American Construction, Inc.",Business Entity,business,Portland,OR,10000000,2,2025-10-22,2026-08-29
orestar-20250101-20260928-787cf45dc908,19050,Christine Drazan,record:16ed009190e2324cf999ae56,Gunderson Marine,Business Entity,business,Portland,OR,10000000,2,2025-10-22,2026-05-01
orestar-20250101-20260928-787cf45dc908,19050,Christine Drazan,record:d9212f9b05f06658c00c4f18,Henry Ritz,Individual,individual,Tualatin,OR,10000000,2,2026-07-31,2026-09-11
orestar-20250101-20260928-787cf45dc908,19050,Christine Drazan,record:3bb9ba9a1feae073b402b2d9,Peterson Holdings,Business Entity,business,San Leandro,CA,10000000,1,2026-09-18,2026-09-18
orestar-20250101-20260928-787cf45dc908,19050,Christine Drazan,record:311860cef089cb08b2c4f2f3,Peterson Trucks,Business Entity,business,San Leandro,CA,10000000,1,2026-07-31,2026-07-31
orestar-20250101-20260928-787cf45dc908,19050,Christine Drazan,record:d5290ea13a695e2249244fa6,Steven D Swanson,Individual,individual,Roseburg,OR,10000000,1,2026-07-13,2026-07-13
orestar-20250101-20260928-787cf45dc908,19050,Christine Drazan,record:9394ca62eda359092f730850,Swanson Group,Business Entity,business,Roseburg,OR,10000000,1,2026-08-28,2026-08-28
orestar-20250101-20260928-787cf45dc908,19050,Christine Drazan,committee:175,Oregon Nurseries Political Action Committee (175),Political Committee,trade,Wilsonville,OR,8107100,7,2025-11-26,2026-08-14
orestar-20250101-20260928-787cf45dc908,19050,Christine Drazan,record:9c01e50f7e1626c3959abefd,Linda Leathers,Individual,individual,Gresham,OR,8000000,2,2026-08-03,2026-09-14
orestar-20250101-20260928-787cf45dc908,19050,Christine Drazan,record:f1234d2984c2f1fc365525e2,John Murphy,Individual,individual,Eugene,OR,6000000,1,2026-08-31,2026-08-31
orestar-20250101-20260928-787cf45dc908,19050,Christine Drazan,record:eb51296876b4c755b03054c6,Robert L Levy,Individual,individual,Hermiston,OR,6000000,2,2026-07-13,2026-09-16
orestar-20250101-20260928-787cf45dc908,19050,Christine Drazan,record:d9fc280b51dbd5a3bf5dc51f,Allen S Erickson,Individual,individual,Washougal,WA,5500000,2,2026-08-26,2026-09-21
orestar-20250101-20260928-787cf45dc908,19050,Christine Drazan,committee:133,Oregon Automobile Dealers Association - Political Action Committee (133),Political Committee,trade,Tigard,OR,5100000,3,2025-01-09,2026-08-13
orestar-20250101-20260928-787cf45dc908,19050,Christine Drazan,record:efabd0abca4b6402c0843a50,Chuck Taylor,Individual,individual,Sherwood,OR,5000000,1,2025-10-28,2025-10-28
orestar-20250101-20260928-787cf45dc908,19050,Christine Drazan,record:a1efbe884511c1eeda539d09,David Hampton,Individual,individual,Bend,OR,5000000,1,2026-09-16,2026-09-16
orestar-20250101-20260928-787cf45dc908,19050,Christine Drazan,record:b9b933a2eae1a247a2b937af,HP Civil Inc.,Business Entity,business,Salem,OR,5000000,1,2026-08-13,2026-08-13
orestar-20250101-20260928-787cf45dc908,19050,Christine Drazan,record:7c0f86126fbcbda2808ed6c1,John Truax,Individual,individual,Corvallis,OR,5000000,1,2026-07-24,2026-07-24
orestar-20250101-20260928-787cf45dc908,19050,Christine Drazan,record:39affc5a456abb986ea64913,Lighthouse Worldwide Solutions Inc,Business Entity,business,White City,OR,5000000,1,2026-04-20,2026-04-20
orestar-20250101-20260928-787cf45dc908,19050,Christine Drazan,record:7dd5d2459cb702ee2ad8c873,Oregon Operators Mutual Benefit Corp,Business Entity,business,Portland,OR,5000000,1,2026-09-18,2026-09-18
orestar-20250101-20260928-787cf45dc908,19050,Christine Drazan,record:0c0a60e002ac8e3cef2a80c4,Scott Parrish,Individual,individual,Newberg,OR,5000000,2,2026-04-28,2026-07-20
orestar-20250101-20260928-787cf45dc908,19050,Christine Drazan,record:e9e373f24afee3defb70e67b,"WWS Holdings, Inc.",Business Entity,business,Tualitan,OR,5000000,1,2026-09-08,2026-09-08
orestar-20250101-20260928-787cf45dc908,19050,Christine Drazan,record:d99ee88803977ede2f6e7472,Wilson Joint Trust,Other,other,Hailey,ID,5000000,2,2026-05-07,2026-08-03
orestar-20250101-20260928-787cf45dc908,19050,Christine Drazan,record:a81fbd2aa217be9c1af53c09,Lebanon Auction Yard,Business Entity,business,Lebanon,OR,4995672,11,2026-09-23,2026-09-23
orestar-20250101-20260928-787cf45dc908,19050,Christine Drazan,record:71d218f07cbcc644b753e201,B & G Logging and Construction LLC,Business Entity,business,Philomath,OR,4750000,10,2025-12-15,2026-09-03
orestar-20250101-20260928-787cf45dc908,19050,Christine Drazan,committee:4747,NUCA of Oregon & SW Washington PAC-Northwest Utility Contractors Association PAC (4747),Political Committee,other,Fairview,OR,4000000,2,2026-04-13,2026-08-24
orestar-20250101-20260928-787cf45dc908,19050,Christine Drazan,record:4dfde7d893bacceb37e87d3e,"U.S. Distributing, Inc.",Business Entity,business,Portland,OR,4000000,1,2026-06-16,2026-06-16
orestar-20250101-20260928-787cf45dc908,19050,Christine Drazan,record:e3d861279893f90ad332837e,Yohn Baldwin,Individual,individual,Corvallis,OR,4000000,5,2025-12-10,2026-09-16
orestar-20250101-20260928-787cf45dc908,19050,Christine Drazan,record:4bd3e1f57edb4abe18f19e68,Karen Luksch,Individual,individual,South Beach,OR,3750000,1,2026-07-08,2026-07-08
orestar-20250101-20260928-787cf45dc908,19050,Christine Drazan,record:f9def80bf1be487fe66d284c,"Camas Creek, LLC",Business Entity,business,Beaverton,OR,3500000,2,2026-07-24,2026-09-18
orestar-20250101-20260928-787cf45dc908,19050,Christine Drazan,record:bb1eb1616f5b62abe48eeb3e,Kurt Redd,Individual,individual,Portland,OR,3500000,3,2025-10-24,2026-07-22
orestar-20250101-20260928-787cf45dc908,19050,Christine Drazan,record:d4e96f46071c2603cfdfe522,Knife River Corporation - Northwest,Business Entity,business,Tangent,OR,3250000,4,2026-01-21,2026-08-13
orestar-20250101-20260928-787cf45dc908,19050,Christine Drazan,record:91ccbcb1d7fab07c08b218d9,Barbara R. Banke Revocable Trust,Other,other,Geyserville,CA,3000000,1,2026-08-31,2026-08-31
orestar-20250101-20260928-787cf45dc908,19050,Christine Drazan,record:a1cfebaf13993ae29f328f80,James C Pliska,Individual,individual,Clackamas,OR,3000000,1,2026-08-26,2026-08-26
orestar-20250101-20260928-787cf45dc908,19050,Christine Drazan,record:e761a64ee33f004cd6ea5508,"NSP Trucking, LLC",Business Entity,business,Stayton,OR,3000000,1,2026-08-24,2026-08-24
orestar-20250101-20260928-787cf45dc908,19050,Christine Drazan,record:72e3556f133789298a9e4264,Perlo Construction,Business Entity,business,Tualatin,OR,3000000,2,2025-10-27,2026-05-15
orestar-20250101-20260928-787cf45dc908,19050,Christine Drazan,record:a81517fa4b781ad947b30c6c,Sidney DeBoer,Individual,individual,Ashland,OR,2850000,3,2025-10-28,2026-08-28
orestar-20250101-20260928-787cf45dc908,19050,Christine Drazan,record:03f9d50608ca5f0991105d84,"Al Peirce Co., LLC",Business Entity,business,Coos Bay,OR,2600000,2,2026-05-12,2026-08-31
orestar-20250101-20260928-787cf45dc908,19050,Christine Drazan,record:ab9fb2747803972fb38b69da,Ed Staub & Sons Petroleum Inc.,Business Entity,business,Klamath Falls,OR,2500000,1,2026-08-21,2026-08-21
orestar-20250101-20260928-787cf45dc908,19050,Christine Drazan,record:6440f5db7516ab2ad841dbf8,Freres Timber Inc.,Business Entity,business,Lyons,OR,2500000,1,2026-07-15,2026-07-15
orestar-20250101-20260928-787cf45dc908,19050,Christine Drazan,record:b6ae709f3e3a832cb66483c8,Gee Automotive Companies,Business Entity,business,Milwaukie,OR,2500000,1,2026-08-31,2026-08-31
orestar-20250101-20260928-787cf45dc908,19050,Christine Drazan,record:c2321568ee4fb66328c2711b,Gina Wheelock,Individual,individual,Victor,MT,2500000,1,2026-09-23,2026-09-23
orestar-20250101-20260928-787cf45dc908,19050,Christine Drazan,record:9e541a7ab06ea02dd528419f,Karen DeBoer,Individual,individual,Ashland,OR,2500000,1,2026-08-28,2026-08-28
orestar-20250101-20260928-787cf45dc908,19050,Christine Drazan,record:3fd45175d0785f7ea8f335e5,Kathleen A Moore,Individual,individual,Vancouver,WA,2500000,1,2026-08-26,2026-08-26
orestar-20250101-20260928-787cf45dc908,19050,Christine Drazan,record:e045f3bf728ae2e18c65fc62,"Rehab Specialists I, LLC",Business Entity,business,Milwaukie,OR,2500000,1,2026-04-28,2026-04-28
orestar-20250101-20260928-787cf45dc908,19050,Christine Drazan,record:634e696cccb17beb8e081ed1,Starfire Lumber Co.,Business Entity,business,Cottage Grove,OR,2500000,1,2026-06-01,2026-06-01
orestar-20250101-20260928-787cf45dc908,19050,Christine Drazan,record:abe9ae4428bb22e3a4b25ab1,Steve Gordon,Individual,individual,Lake Tapps,WA,2500000,1,2025-10-22,2025-10-22
orestar-20250101-20260928-787cf45dc908,19050,Christine Drazan,record:bd4791d13bcc9dd9b6db611d,"Western Pacific Buildings Materials, Inc.",Business Entity,business,Vancouver,WA,2500000,1,2026-07-17,2026-07-17
orestar-20250101-20260928-787cf45dc908,19050,Christine Drazan,record:6a006fd71635ca1104e35e72,Allyn C Ford,Individual,individual,Roseburg,OR,2000000,1,2026-08-18,2026-08-18
orestar-20250101-20260928-787cf45dc908,19050,Christine Drazan,record:cc5d6b7e279e098cd4c4c8fc,Brian Clark Smith,Individual,individual,Sherwood,OR,2000000,1,2026-07-31,2026-07-31
orestar-20250101-20260928-787cf45dc908,19050,Christine Drazan,committee:18925,Committee to Elect Daniel Bonham (18925),Political Committee,other,The Dalles,OR,2000000,1,2026-08-03,2026-08-03
orestar-20250101-20260928-787cf45dc908,19050,Christine Drazan,record:0321169f4fb361d2be7210f2,Dan Dutton,Individual,individual,Lake Oswego,OR,2000000,1,2026-07-20,2026-07-20
orestar-20250101-20260928-787cf45dc908,19050,Christine Drazan,record:8d6ebb4cf7701de83ccf4b23,Harold and Gloria Pliska Family Trust,Other,other,Damascus,OR,2000000,1,2026-08-26,2026-08-26
orestar-20250101-20260928-787cf45dc908,19050,Christine Drazan,record:f2ac334ed2cac6a5492b19da,Hill Meat Company,Business Entity,business,Pendleton,OR,2000000,1,2026-09-16,2026-09-16
orestar-20250101-20260928-787cf45dc908,19050,Christine Drazan,record:3ce88fcead2468c5ca0b07d9,Jaime Smith,Individual,individual,Sherwood,OR,2000000,1,2026-07-31,2026-07-31
orestar-20250101-20260928-787cf45dc908,19050,Christine Drazan,record:b1e5ef3ca9c1fca1b9a38aec,John Duke,Individual,individual,Jacksonville,OR,2000000,1,2026-08-31,2026-08-31
orestar-20250101-20260928-787cf45dc908,19050,Christine Drazan,record:b0d2e2439282ce0c5ebced89,"L&B Reforestation, Inc.",Business Entity,business,Philomath,OR,2000000,1,2026-02-14,2026-02-14
orestar-20250101-20260928-787cf45dc908,19050,Christine Drazan,record:14a8f72fd056cebf1b3979ba,Thomas Gerding,Individual,individual,Philomath,OR,2000000,2,2025-12-15,2026-08-13
orestar-20250101-20260928-787cf45dc908,19050,Christine Drazan,record:7c3ec39c903189312497569b,Richard Akerman,Individual,individual,Lake Oswego,OR,1825228,31,2025-06-30,2026-09-24
orestar-20250101-20260928-787cf45dc908,19050,Christine Drazan,record:a1c31ee40d884bde7bf3a7b0,Lone Rock Timber Management Co.,Business Entity,business,Roseburg,OR,1700000,3,2025-10-29,2026-05-01
orestar-20250101-20260928-787cf45dc908,19050,Christine Drazan,record:978fb2cc28b6c32be227ce39,Heath Schiller,Individual,individual,Pendleton,OR,1600000,2,2025-12-19,2026-09-21
orestar-20250101-20260928-787cf45dc908,19050,Christine Drazan,record:6ee2c82153e50fdab93455f3,Patrick Nofield,Individual,individual,Cannon Beach,OR,1600000,4,2026-01-12,2026-08-02
orestar-20250101-20260928-787cf45dc908,19050,Christine Drazan,record:566a661724f76f938c4644f3,Thane (TJ) Landis,Individual,individual,West Linn,OR,1520508,2,2025-10-30,2026-09-01
orestar-20250101-20260928-787cf45dc908,19050,Christine Drazan,record:6d3761f046ab13094b327a65,ABC Analytics,Business Entity,business,Portland,OR,1500000,1,2026-05-18,2026-05-18
orestar-20250101-20260928-787cf45dc908,19050,Christine Drazan,record:e4d1d1b961e86ee2a7647a1a,Allen Erickson,Individual,individual,Washougal,WA,1500000,3,2026-08-04,2026-08-19
orestar-20250101-20260928-787cf45dc908,19050,Christine Drazan,record:411b04e88169c3d9a1de925f,Baney Corporation,Business Entity,business,Bend,OR,1500000,1,2026-04-28,2026-04-28
orestar-20250101-20260928-787cf45dc908,19050,Christine Drazan,record:ce26c15abb69fa7990f1d3cb,Brad Hazenberg,Individual,individual,St. Paul,OR,1500000,2,2026-02-19,2026-04-12
orestar-20250101-20260928-787cf45dc908,19050,Christine Drazan,record:ed5914fff2179dd854cfe631,Cascade Natural Gas,Business Entity,business,Kennewick,WA,1500000,1,2026-08-17,2026-08-17
orestar-20250101-20260928-787cf45dc908,19050,Christine Drazan,record:9e99c042ec7feab742950e98,Chris Dussin,Individual,individual,Lake Oswego,OR,1500000,1,2026-08-11,2026-08-11
orestar-20250101-20260928-787cf45dc908,19050,Christine Drazan,record:57dcab0f6fdd713f6d18925b,Hazenberg Dairy,Business Entity,business,St. Paul,OR,1500000,3,2026-05-11,2026-08-10
orestar-20250101-20260928-787cf45dc908,19050,Christine Drazan,record:46c9c14559dea174fb8d6563,Patrick Environmental Inc.,Business Entity,business,Redmond,OR,1500000,2,2026-08-13,2026-09-23
orestar-20250101-20260928-787cf45dc908,19050,Christine Drazan,record:10ca762e202c04f6ca0af541,Scott Inukai,Individual,individual,Hillsboro,OR,1500000,2,2026-01-14,2026-05-11
orestar-20250101-20260928-787cf45dc908,19050,Christine Drazan,record:87f51462611c07352f3386f8,Shaver Transportation Company,Business Entity,business,Portland,OR,1500000,1,2025-10-28,2025-10-28
orestar-20250101-20260928-787cf45dc908,19050,Christine Drazan,record:dd0cd481289a895dafc8f08d,"Sundt Construction, Inc.",Business Entity,business,Tuscon,AZ,1500000,2,2026-04-28,2026-08-14
orestar-20250101-20260928-787cf45dc908,19050,Christine Drazan,record:6237aed9083b4c3dd8c2b7a6,William (Bill) Furman,Individual,individual,Glenbrook,NV,1500000,3,2025-10-22,2026-08-02
orestar-20250101-20260928-787cf45dc908,19050,Christine Drazan,record:7ec33b26e64eba1561ff74e2,Brad Wilson,Individual,individual,Albany,OR,1400000,4,2025-12-10,2026-08-24
orestar-20250101-20260928-787cf45dc908,19050,Christine Drazan,record:4c9be4a2927658f390779c34,Chris Robinson,Individual,individual,Mcminnville,OR,1260254,2,2026-03-16,2026-08-04
orestar-20250101-20260928-787cf45dc908,19050,Christine Drazan,record:03f9fbfc15d53d0488d87af1,Gary Miller,Individual,individual,Frenchglen,OR,1250000,1,2026-08-07,2026-08-07
orestar-20250101-20260928-787cf45dc908,19050,Christine Drazan,record:e083c01320176f79b282e94c,"Interlaken, Inc.",Business Entity,business,Fairview,OR,1250000,2,2026-04-13,2026-09-08
orestar-20250101-20260928-787cf45dc908,19050,Christine Drazan,record:a297be4ffa6d250014411017,Michelle Miller,Individual,individual,Frenchglen,OR,1250000,1,2026-08-07,2026-08-07
orestar-20250101-20260928-787cf45dc908,19050,Christine Drazan,record:9d563e589f4a444c53dcf677,Ken Randall,Individual,individual,Lake Oswego,OR,1200000,1,2026-07-30,2026-07-30
orestar-20250101-20260928-787cf45dc908,19050,Christine Drazan,record:482b8b1181fcdf3fa1a6c7d7,"Knife River-KRC Materials, Inc.",Business Entity,business,Bismarck,ND,1200000,1,2026-09-23,2026-09-23
orestar-20250101-20260928-787cf45dc908,19050,Christine Drazan,record:5fa2af37feaf59d9054f905f,Al's Garden Centers & Greenhouses LLC,Business Entity,business,Woodburn,OR,1100000,2,2026-07-08,2026-08-14
orestar-20250101-20260928-787cf45dc908,19050,Christine Drazan,record:a43d6c138a6ea368ec514d31,Don Morissette,Individual,individual,Lake Oswego,OR,1100000,2,2026-08-05,2026-08-19
orestar-20250101-20260928-787cf45dc908,19050,Christine Drazan,committee:20272,Friends of Bobby Levy (20272),Political Committee,other,Echo,OR,1100000,2,2026-03-23,2026-05-07
orestar-20250101-20260928-787cf45dc908,19050,Christine Drazan,committee:13,Oregon Rental Housing Key PAC (13),Political Committee,other,Independence,OR,1100000,2,2025-01-10,2026-09-08
orestar-20250101-20260928-787cf45dc908,19050,Christine Drazan,record:fa93bb96b2fdc5c0dafde84c,Rebecca (Becky) Berger,Individual,individual,Portland,OR,1100000,13,2025-08-27,2026-09-17
orestar-20250101-20260928-787cf45dc908,19050,Christine Drazan,record:1d9563570199df200c2cc588,Steven Perlenfein,Individual,individual,Albany,OR,1050000,2,2026-01-21,2026-05-01
orestar-20250101-20260928-787cf45dc908,19050,Christine Drazan,record:5b7651bb396feeb86da3d54e,John Anderson,Individual,individual,Sherwood,OR,1027000,3,2025-11-10,2026-05-04
orestar-20250101-20260928-787cf45dc908,19050,Christine Drazan,record:6254738b49b24c1c5c890e71,AWA ONE LLC,Business Entity,business,Tualatin,OR,1000000,1,2026-09-14,2026-09-14
orestar-20250101-20260928-787cf45dc908,19050,Christine Drazan,record:924018e2d4443209e2129db7,Barry Cain,Individual,individual,Lake Oswego,OR,1000000,1,2026-07-13,2026-07-13
orestar-20250101-20260928-787cf45dc908,19050,Christine Drazan,record:17394d600eaf86f6a89e7a32,Bornstein Seafoods Inc.,Business Entity,business,Astoria,OR,1000000,2,2026-08-03,2026-09-04
orestar-20250101-20260928-787cf45dc908,19050,Christine Drazan,record:e6a7ce77a31b71aa252f1e8a,Brent Hutchings,Individual,individual,Portland,OR,1000000,1,2026-06-04,2026-06-04
orestar-20250101-20260928-787cf45dc908,19050,Christine Drazan,record:30c2d5c317d8182c643a0948,Brian K Johnston,Individual,individual,Salem,OR,1000000,1,2026-06-16,2026-06-16
orestar-20250101-20260928-787cf45dc908,19050,Christine Drazan,record:aba9f77d3522d1865e366a8e,Carson,Business Entity,business,Portland,OR,1000000,1,2026-08-26,2026-08-26
orestar-20250101-20260928-787cf45dc908,19050,Christine Drazan,record:da33df295c4d677d759ab264,Cascade Athletic Clubs,Business Entity,business,Gresham,OR,1000000,1,2026-08-20,2026-08-20
orestar-20250101-20260928-787cf45dc908,19050,Christine Drazan,record:2207737d73d6adb5226a6ec4,Clinton Newell,Individual,individual,Roseburg,OR,1000000,2,2026-03-23,2026-08-10
orestar-20250101-20260928-787cf45dc908,19050,Christine Drazan,record:4771705fc70c08332a851e18,David Steffens,Individual,individual,Salem,OR,1000000,1,2026-06-30,2026-06-30
orestar-20250101-20260928-787cf45dc908,19050,Christine Drazan,record:0bbf5346c7696cfe845ad1e4,David Thompson,Individual,individual,Portland,OR,1000000,1,2026-03-25,2026-03-25
orestar-20250101-20260928-787cf45dc908,19050,Christine Drazan,record:9e4e26c32a2ad9fe752479b0,Davita,Business Entity,business,Federal Way,WA,1000000,2,2025-10-22,2025-12-15
orestar-20250101-20260928-787cf45dc908,19050,Christine Drazan,record:2ea02003635cd76e0827eae9,"Diversified Marine, Inc.",Business Entity,business,Portland,OR,1000000,1,2025-11-05,2025-11-05
orestar-20250101-20260928-787cf45dc908,19050,Christine Drazan,record:6dea996360a0e0ef263799ff,Dixie Sullivan,Individual,individual,Lebanon,OR,1000000,2,2026-05-01,2026-09-21
orestar-20250101-20260928-787cf45dc908,19050,Christine Drazan,record:454d1bcc9f221c441d276036,ELO LLC,Business Entity,business,Vancouver,WA,1000000,1,2026-07-22,2026-07-22
orestar-20250101-20260928-787cf45dc908,19050,Christine Drazan,record:3f4467926e3bb1fec2da70f5,"Englund Marine and Industrial Supply Co, Inc.",Business Entity,business,Astoria,OR,1000000,1,2026-05-12,2026-05-12
orestar-20250101-20260928-787cf45dc908,19050,Christine Drazan,record:2a538e3f2ad20c77fa9b955b,Fred Wahl Marine Construction,Business Entity,business,Reedsport,OR,1000000,1,2026-05-05,2026-05-05
orestar-20250101-20260928-787cf45dc908,19050,Christine Drazan,record:9230412046380ef2ddf61eb0,"GK Machine, Inc.",Business Entity,business,Donald,OR,1000000,1,2025-10-22,2025-10-22
orestar-20250101-20260928-787cf45dc908,19050,Christine Drazan,record:e660b7aec6bc2a6e06879542,Highway Specialized Transport LLC dba Highway Heavy Haulting,Business Entity,business,North Plains,OR,1000000,1,2025-10-22,2025-10-22
orestar-20250101-20260928-787cf45dc908,19050,Christine Drazan,committee:14942,IEC Oregon Merit Shop Electrical PAC (14942),Political Committee,other,Tigard,OR,1000000,1,2026-08-20,2026-08-20
orestar-20250101-20260928-787cf45dc908,19050,Christine Drazan,record:265f38d0515edc1b011de98b,Iron Horse LLC,Business Entity,business,Fairview,OR,1000000,1,2026-08-26,2026-08-26
orestar-20250101-20260928-787cf45dc908,19050,Christine Drazan,record:6af4865abd2ce3aca8f850fa,James Pliska,Individual,individual,Clackamas,OR,1000000,1,2026-04-28,2026-04-28
orestar-20250101-20260928-787cf45dc908,19050,Christine Drazan,record:41e1af52fed307c3f3148843,Jason Smith,Individual,individual,North Bend,OR,1000000,1,2026-08-24,2026-08-24
orestar-20250101-20260928-787cf45dc908,19050,Christine Drazan,record:a0d4ec2e7765dae084b7a435,Jeff Mengis,Individual,individual,Tualatin,OR,1000000,1,2026-08-05,2026-08-05
orestar-20250101-20260928-787cf45dc908,19050,Christine Drazan,record:343e770938a0c69ad3188f3c,John D Carter,Individual,individual,Bend,OR,1000000,1,2026-08-11,2026-08-11
orestar-20250101-20260928-787cf45dc908,19050,Christine Drazan,record:17aefd70f11a8537f33bba53,Joseph Tennant,Individual,individual,Portland,OR,1000000,1,2025-11-18,2025-11-18
orestar-20250101-20260928-787cf45dc908,19050,Christine Drazan,record:d9a1bdfaa5c43b44df2118a0,Kaady Car Washes,Business Entity,business,Portland,OR,1000000,2,2026-05-01,2026-07-24
orestar-20250101-20260928-787cf45dc908,19050,Christine Drazan,record:1b6430b39dba929767f60bee,Katherine Johnston,Individual,individual,Salem,OR,1000000,1,2026-06-16,2026-06-16
orestar-20250101-20260928-787cf45dc908,19050,Christine Drazan,record:eb9e3622387ab8d3e95806e3,Knife River Corporation PAC,Unregistered Committee,other,Bismarck,ND,1000000,1,2026-09-23,2026-09-23
orestar-20250101-20260928-787cf45dc908,19050,Christine Drazan,record:4babb5af153a8625fbdaf6c4,Krebs Sheep Company,Business Entity,business,Ione,OR,1000000,2,2026-04-03,2026-09-01
orestar-20250101-20260928-787cf45dc908,19050,Christine Drazan,record:c75352290aef58779f58860e,Kurt McKnight,Individual,individual,Welches,OR,1000000,1,2026-04-01,2026-04-01
orestar-20250101-20260928-787cf45dc908,19050,Christine Drazan,record:880afad1ddab61a72aae3d97,Langer Family LLC,Business Entity,business,Sherwood,OR,1000000,1,2026-08-17,2026-08-17
orestar-20250101-20260928-787cf45dc908,19050,Christine Drazan,record:99dc1796b9a8e21d8d7e9722,MDU Resources Group Good Government Fund,Unregistered Committee,other,Bismarck,ND,1000000,1,2026-08-17,2026-08-17
orestar-20250101-20260928-787cf45dc908,19050,Christine Drazan,record:617cd142eec26454865e76f8,Mahar Homes Inc,Business Entity,business,Medford,OR,1000000,1,2026-04-09,2026-04-09
orestar-20250101-20260928-787cf45dc908,19050,Christine Drazan,record:d785db1ad48016411594ae44,Malcolm McIver,Individual,individual,Portland,OR,1000000,1,2026-06-30,2026-06-30
orestar-20250101-20260928-787cf45dc908,19050,Christine Drazan,record:cb13b0b7d0aba9bcf254a5b3,"McDonald Excavating, Inc.",Business Entity,business,Washougal,WA,1000000,1,2025-10-27,2025-10-27
orestar-20250101-20260928-787cf45dc908,19050,Christine Drazan,record:6d61cbf3c4073b19a15a5d6b,Michael M Richardson,Individual,individual,Lake Oswego,OR,1000000,1,2026-08-19,2026-08-19
orestar-20250101-20260928-787cf45dc908,19050,Christine Drazan,committee:19804,Oregon Seafood PAC (19804),Political Committee,other,Portland,OR,1000000,1,2026-09-04,2026-09-04
orestar-20250101-20260928-787cf45dc908,19050,Christine Drazan,record:beed536ea1e651edf591f9f5,"Perlenfein, Inc",Business Entity,business,Corvallis,OR,1000000,1,2026-09-16,2026-09-16
orestar-20250101-20260928-787cf45dc908,19050,Christine Drazan,record:df4f26e7892a4308b806b955,Peter Slayden,Individual,individual,Corvallis,OR,1000000,1,2026-09-23,2026-09-23
orestar-20250101-20260928-787cf45dc908,19050,Christine Drazan,record:911d448a33f1ea9cd9aa82e5,"Phoenix Investors, LLC",Business Entity,business,Milwaukie,WI,1000000,1,2026-09-23,2026-09-23
orestar-20250101-20260928-787cf45dc908,19050,Christine Drazan,record:dcc5f4578aa7bdce5ea71eb1,QP Timber US LLC,Business Entity,business,Beaverton,OR,1000000,1,2026-09-14,2026-09-14
orestar-20250101-20260928-787cf45dc908,19050,Christine Drazan,record:c65f2d49307d58d43c42b5c1,Ryan Ringer,Individual,individual,Eugene,OR,1000000,1,2026-09-22,2026-09-22
orestar-20250101-20260928-787cf45dc908,19050,Christine Drazan,record:1e2ca2f8806ed0533d72231a,Schmidt Limited Partnership,Business Entity,business,Boring,OR,1000000,1,2026-08-20,2026-08-20
orestar-20250101-20260928-787cf45dc908,19050,Christine Drazan,record:42b6cd28c4b77318aeb7c65f,Slayden Family Revocable Trust,Other,other,Sisters,OR,1000000,1,2026-09-23,2026-09-23
orestar-20250101-20260928-787cf45dc908,19050,Christine Drazan,record:a1ea4e48f5912ec511e55939,"Space Age Fuels, Inc.",Business Entity,business,Clackamas,OR,1000000,1,2025-10-27,2025-10-27
orestar-20250101-20260928-787cf45dc908,19050,Christine Drazan,record:1cef01b0a820ada9a0d3aaff,Umatilla Basin Holdings Inc,Business Entity,business,Hermiston,OR,1000000,1,2026-09-16,2026-09-16
orestar-20250101-20260928-787cf45dc908,19050,Christine Drazan,record:0c59f4d16df08b248bfcfa61,Western Properties LLC,Business Entity,business,Pendleton,OR,1000000,1,2026-09-16,2026-09-16
orestar-20250101-20260928-787cf45dc908,19050,Christine Drazan,record:5074b363895e1d90502099cb,William Chambers,Individual,individual,Corvallis,OR,1000000,1,2026-09-17,2026-09-17
orestar-20250101-20260928-787cf45dc908,19050,Christine Drazan,record:60bc9ffe9227d61d2f996016,Michael Wheelock,Individual,individual,Jacksonville,OR,986915,5,2025-10-27,2026-07-30
orestar-20250101-20260928-787cf45dc908,19050,Christine Drazan,record:1bb96bca6e330be2e6f77eb6,Kathleen Bellairs,Individual,individual,Newberg,OR,900000,2,2026-04-24,2026-09-02
orestar-20250101-20260928-787cf45dc908,19050,Christine Drazan,record:b56bb797b5c3eb3c9fff1a35,Karla Chambers,Individual,individual,Corvallis,OR,800000,1,2026-06-08,2026-06-08
orestar-20250101-20260928-787cf45dc908,19050,Christine Drazan,record:c396b4d4cc901b381ee777bd,Richard Schultz,Individual,individual,Salem,OR,770508,2,2026-09-02,2026-09-14
orestar-20250101-20260928-787cf45dc908,19050,Christine Drazan,committee:3,AG-PAC (3),Political Committee,other,Salem,OR,750000,1,2026-09-18,2026-09-18
orestar-20250101-20260928-787cf45dc908,19050,Christine Drazan,record:e717fb45cdb44089069e5f0b,"Bossco Trading, LLC",Business Entity,business,Tangent,OR,750000,2,2025-12-10,2026-05-01
orestar-20250101-20260928-787cf45dc908,19050,Christine Drazan,record:f9db91cc5907b012d2a21971,Bristol-Myers Squibb Company,Business Entity,business,Tampa,FL,750000,2,2025-11-18,2026-08-20
orestar-20250101-20260928-787cf45dc908,19050,Christine Drazan,record:a640255228a908ef4b87d7ee,Glenn Maki,Individual,individual,Aurora,OR,750000,1,2026-09-21,2026-09-21
orestar-20250101-20260928-787cf45dc908,19050,Christine Drazan,record:f0e46e68eb809bfa88fbeed1,Karen Maki,Individual,individual,Aurora,OR,750000,1,2026-09-21,2026-09-21
orestar-20250101-20260928-787cf45dc908,19050,Christine Drazan,record:62aad1ae80f1706ef5b560de,Kevin Tapani,Individual,individual,Battle Ground,WA,750000,1,2025-10-29,2025-10-29
orestar-20250101-20260928-787cf45dc908,19050,Christine Drazan,record:4f5e7f8652462e1aabd5e256,Michelle Miller,Individual,individual,Lakeview,OR,750000,2,2026-02-12,2026-04-28
orestar-20250101-20260928-787cf45dc908,19050,Christine Drazan,record:491806628a6028cad7f2c05c,The Storage Depot,Business Entity,business,Albany,OR,750000,3,2025-12-31,2026-09-16
orestar-20250101-20260928-787cf45dc908,19050,Christine Drazan,committee:4301,Wildfire Suppression PAC (4301),Political Committee,other,Salem,OR,750000,1,2026-09-23,2026-09-23
orestar-20250101-20260928-787cf45dc908,19050,Christine Drazan,record:9826b66a0dbf283bbab00d44,"Townsend Farms, Inc.",Business Entity,business,Fairview,OR,710400,4,2026-08-20,2026-08-20
orestar-20250101-20260928-787cf45dc908,19050,Christine Drazan,record:f57b8795685f69a1a6689276,Avista Corp,Business Entity,business,Spokane,WA,700000,2,2025-12-18,2026-05-08
orestar-20250101-20260928-787cf45dc908,19050,Christine Drazan,record:383e38829be16faaa45af926,Brent Schafer,Individual,individual,West Linn,OR,700000,2,2026-01-15,2026-08-24
orestar-20250101-20260928-787cf45dc908,19050,Christine Drazan,record:feb2d1886671a4a67451f5e1,Drakes 7 Dees inc.,Business Entity,business,Sandy,OR,700000,1,2026-08-20,2026-08-20
orestar-20250101-20260928-787cf45dc908,19050,Christine Drazan,committee:2069,Oregonians for Affordable Housing (2069),Political Committee,other,Salem,OR,700000,2,2025-01-09,2025-12-15
orestar-20250101-20260928-787cf45dc908,19050,Christine Drazan,record:bb530065e75f7e0f32dd061b,Tamara Staunton,Individual,individual,Malin,OR,700000,2,2026-07-28,2026-08-21
orestar-20250101-20260928-787cf45dc908,19050,Christine Drazan,record:b7699c19ab18171bdc28e9ef,Marianne Walker,Individual,individual,Bend,OR,650000,3,2025-12-04,2026-09-11
orestar-20250101-20260928-787cf45dc908,19050,Christine Drazan,record:13dbfc075fbd6e314b6a4d51,Carlie Moore,Individual,individual,Fairview,OR,620508,2,2026-04-05,2026-05-14
orestar-20250101-20260928-787cf45dc908,19050,Christine Drazan,record:187d1c7952a02479b64f954a,James Flynn,Individual,individual,Portland,OR,620508,2,2026-05-21,2026-08-26
orestar-20250101-20260928-787cf45dc908,19050,Christine Drazan,record:f343825d00e6307cc63f7d1d,Dean Hurford,Individual,individual,Portland,OR,604102,2,2025-10-27,2026-09-02
orestar-20250101-20260928-787cf45dc908,19050,Christine Drazan,record:9f5005504cf88b6480801aa9,Kirsch Family Farms Inc.,Business Entity,business,St. Paul,OR,600000,2,2025-11-06,2026-05-01
orestar-20250101-20260928-787cf45dc908,19050,Christine Drazan,committee:134,Oregon Concrete & Aggregate Producers Association PAC (134),Political Committee,other,Salem,OR,600000,2,2025-01-09,2025-10-22
orestar-20250101-20260928-787cf45dc908,19050,Christine Drazan,record:5d4cb69d6778f8270c8cdf27,"Radiator Supply House, Inc.",Business Entity,business,Foster,OR,600000,2,2026-09-16,2026-09-23
orestar-20250101-20260928-787cf45dc908,19050,Christine Drazan,record:b9c4a964bbe13e491b88788e,Richard Duncan,Individual,individual,Salem,OR,600000,2,2025-09-15,2026-09-02
orestar-20250101-20260928-787cf45dc908,19050,Christine Drazan,record:c48309bbdac139e2f5af163e,Thompson Land Company,Business Entity,business,Heppner,OR,600000,2,2025-12-19,2026-09-16
orestar-20250101-20260928-787cf45dc908,19050,Christine Drazan,record:2dbb2f0271be6e335c3fcfe5,Robert Johns,Individual,individual,Athena,OR,550000,2,2026-09-01,2026-09-16
orestar-20250101-20260928-787cf45dc908,19050,Christine Drazan,record:46b948778e7e7f79a5286629,"Weaver Seed of Oregon, Inc.",Business Entity,business,Crabtree,OR,550000,2,2025-11-05,2025-12-10
orestar-20250101-20260928-787cf45dc908,19050,Christine Drazan,record:6386962af734b138b9760b4d,Terri Dorran,Individual,individual,Hermiston,OR,525000,2,2026-09-01,2026-09-16
orestar-20250101-20260928-787cf45dc908,19050,Christine Drazan,record:5561ef68dc1fc91e71911899,Tyler Meskers,Individual,individual,Aurora,OR,525000,2,2026-03-16,2026-07-09
orestar-20250101-20260928-787cf45dc908,19050,Christine Drazan,record:45d0d09659563ef7a79e2177,Don Vollum,Individual,individual,Arch Cape,OR,520508,1,2026-09-15,2026-09-15
orestar-20250101-20260928-787cf45dc908,19050,Christine Drazan,record:6de83a7f7ceb385ea0f2d4e3,Robert Levy,Individual,individual,Hermiston,OR,520508,1,2026-02-10,2026-02-10
orestar-20250101-20260928-787cf45dc908,19050,Christine Drazan,record:0064ae96aeffa6e1c256c34f,Bountiful Farms Nursery Inc.,Business Entity,business,Woodburn,OR,510254,2,2026-03-13,2026-08-16
orestar-20250101-20260928-787cf45dc908,19050,Christine Drazan,record:17adf62734f561d8e3ca3e2b,Lance Lewallen,Individual,individual,Aurora,OR,510254,2,2026-08-16,2026-08-17
orestar-20250101-20260928-787cf45dc908,19050,Christine Drazan,record:d08c3a9961718dcc2ddf5531,Gale Borde,Individual,individual,Albany,OR,510000,2,2026-01-21,2026-07-22
orestar-20250101-20260928-787cf45dc908,19050,Christine Drazan,record:5f2685ef8de190bf9fd8b492,Luke Colvin,Individual,individual,Astoria,OR,510000,2,2026-09-01,2026-09-04
orestar-20250101-20260928-787cf45dc908,19050,Christine Drazan,record:af65cd1240cd96ddd4214a3f,Alan DeBoer,Individual,individual,Ashland,OR,500000,1,2026-08-17,2026-08-17
orestar-20250101-20260928-787cf45dc908,19050,Christine Drazan,record:e6b0f676b8d00d52f28a7241,"Altria Client Services, LLC",Business Entity,business,Richmond,VA,500000,1,2025-11-18,2025-11-18
orestar-20250101-20260928-787cf45dc908,19050,Christine Drazan,record:8b295aed11a41d9215b9940f,Ash Grove Cement Company,Business Entity,business,Overland Park,KS,500000,1,2026-09-18,2026-09-18
orestar-20250101-20260928-787cf45dc908,19050,Christine Drazan,record:26c406b6572f2a70f36aeac4,Autum Seed Inc.,Business Entity,business,Corvallis,OR,500000,1,2025-12-15,2025-12-15
orestar-20250101-20260928-787cf45dc908,19050,Christine Drazan,record:2bb8ef2d7817487558079891,"Bergerson Construction, Inc.",Business Entity,business,Astoria,OR,500000,1,2026-08-13,2026-08-13
orestar-20250101-20260928-787cf45dc908,19050,Christine Drazan,record:7c6c483b7be665f8f69ee4cf,Bernice Franklin,Individual,individual,Lebanon,OR,500000,1,2026-08-14,2026-08-14
orestar-20250101-20260928-787cf45dc908,19050,Christine Drazan,record:639da3c1984fea26611c5a72,CPM Development Corporation,Business Entity,business,Spokane,WA,500000,1,2026-09-18,2026-09-18
orestar-20250101-20260928-787cf45dc908,19050,Christine Drazan,record:1e2c8848c0d323418025dc70,CalPortland Company,Business Entity,business,Las Vegas,NV,500000,1,2026-08-03,2026-08-03
orestar-20250101-20260928-787cf45dc908,19050,Christine Drazan,record:1724f98dd8ebb81d64df625d,Can-Am Land and Livestock LLC,Business Entity,business,Hermiston,OR,500000,1,2026-09-16,2026-09-16
orestar-20250101-20260928-787cf45dc908,19050,Christine Drazan,record:4453c119c1e6f1214af9ab4a,Confederated Tribes of Grand Ronde,Other,other,Grande Ronde,OR,500000,1,2025-01-09,2025-01-09
orestar-20250101-20260928-787cf45dc908,19050,Christine Drazan,record:7bbdadf88c3b8fe8f0d1b646,David Lugliani,Individual,individual,Government Camp,OR,500000,1,2026-09-20,2026-09-20
orestar-20250101-20260928-787cf45dc908,19050,Christine Drazan,record:cccbdff6fc20901040ce5e00,David Maddocks,Individual,individual,Portland,OR,500000,1,2026-09-22,2026-09-22
orestar-20250101-20260928-787cf45dc908,19050,Christine Drazan,record:6d43af02dec11afb73d2a787,David Ulmer,Individual,individual,Boring,OR,500000,1,2026-08-20,2026-08-20
orestar-20250101-20260928-787cf45dc908,19050,Christine Drazan,record:b5cacf71b1d4b79c1c09e12d,Derek Sadowski,Individual,individual,Salem,OR,500000,1,2026-07-24,2026-07-24
orestar-20250101-20260928-787cf45dc908,19050,Christine Drazan,record:9b38a9429a7e48ca24d6cf12,Don Vollum,Individual,individual,Arch Cape,OR,500000,1,2026-06-23,2026-06-23
orestar-20250101-20260928-787cf45dc908,19050,Christine Drazan,committee:307,Douglas County Republican Central Committee (307),Political Party Committee,candidates,Roseburg,OR,500000,1,2026-07-13,2026-07-13
orestar-20250101-20260928-787cf45dc908,19050,Christine Drazan,record:68c3701b2867345ba64f543f,Douglas L Bean,Individual,individual,Portland,OR,500000,1,2026-08-05,2026-08-05
orestar-20250101-20260928-787cf45dc908,19050,Christine Drazan,record:b45f7eb8184cc56be8418167,Ed Kingzett,Individual,individual,West Linn,OR,500000,1,2026-08-03,2026-08-03
orestar-20250101-20260928-787cf45dc908,19050,Christine Drazan,record:d7456e2ed70a976a1791e966,Fred Simon,Individual,individual,Brookings,OR,500000,1,2026-08-21,2026-08-21
orestar-20250101-20260928-787cf45dc908,19050,Christine Drazan,committee:22854,Friends of Todd Nash (22854),Political Committee,other,Enterprise,OR,500000,1,2026-09-22,2026-09-22
orestar-20250101-20260928-787cf45dc908,19050,Christine Drazan,record:4e7157a42f6d2bd0e932a660,"GK Machine, Inc.",Business Entity,business,Hubbard,OR,500000,1,2026-05-04,2026-05-04
orestar-20250101-20260928-787cf45dc908,19050,Christine Drazan,record:ac83c5d33f0c5579cf44906e,Gabriel Zirkle,Individual,individual,Portland,OR,500000,1,2026-08-26,2026-08-26
orestar-20250101-20260928-787cf45dc908,19050,Christine Drazan,record:da42d23cd04557c429b5d97f,Greg Morrill,Individual,individual,Astoria,OR,500000,1,2026-09-09,2026-09-09
orestar-20250101-20260928-787cf45dc908,19050,Christine Drazan,committee:152,Grocery Retail PAC (152),Political Committee,other,Lake Oswego,OR,500000,1,2025-11-18,2025-11-18
orestar-20250101-20260928-787cf45dc908,19050,Christine Drazan,record:36b89f12a6b62d03254d4a33,Heather Madison,Individual,individual,Echo,OR,500000,1,2026-09-01,2026-09-01
orestar-20250101-20260928-787cf45dc908,19050,Christine Drazan,record:076155fc980c4dda7cd5bac7,IRZ Consulting LLC,Business Entity,business,Hermiston,OR,500000,1,2026-09-01,2026-09-01
orestar-20250101-20260928-787cf45dc908,19050,Christine Drazan,record:bb1cf45be6080939aeb09c28,Janet Bisenius,Individual,individual,Sherwood,OR,500000,1,2026-03-25,2026-03-25
orestar-20250101-20260928-787cf45dc908,19050,Christine Drazan,record:584d5382494aa53f85fb8b9d,Jeff Larcom,Individual,individual,Corvallis,OR,500000,1,2026-09-15,2026-09-15
orestar-20250101-20260928-787cf45dc908,19050,Christine Drazan,record:820a0cbf2c41a6d015a9ae4e,Jerry Grant Simpson,Individual,individual,Pendleton,OR,500000,1,2026-09-01,2026-09-01
orestar-20250101-20260928-787cf45dc908,19050,Christine Drazan,record:a59f97a36a7555b177a7d40e,Jim Leeper,Individual,individual,Gresham,OR,500000,2,2026-05-19,2026-08-30
orestar-20250101-20260928-787cf45dc908,19050,Christine Drazan,record:38247be25ab9eb5f1a1be3fa,John Ogle,Individual,individual,Portland,OR,500000,1,2026-08-18,2026-08-18
orestar-20250101-20260928-787cf45dc908,19050,Christine Drazan,record:903f0c0ff67f8d4ba73f6ebb,"John Wilson, Jr",Individual,individual,North Powder,OR,500000,1,2026-04-20,2026-04-20
orestar-20250101-20260928-787cf45dc908,19050,Christine Drazan,record:5b73ed38845b120799e82945,"Joseph Gonyea, III",Individual,individual,Sun Valley,ID,500000,1,2026-06-26,2026-06-26
orestar-20250101-20260928-787cf45dc908,19050,Christine Drazan,record:ba0bb9e05be6f57bdea66287,Jubitz Corporation,Business Entity,business,Portland,OR,500000,2,2025-12-31,2026-08-26
orestar-20250101-20260928-787cf45dc908,19050,Christine Drazan,record:bee71bee7f75127b3859c2da,June Kalkhoven,Individual,individual,Troutdale,OR,500000,1,2026-03-31,2026-03-31
orestar-20250101-20260928-787cf45dc908,19050,Christine Drazan,record:e99832f4313919729139f03c,Katherine Kralj,Individual,individual,Gresham,OR,500000,1,2026-08-20,2026-08-20
orestar-20250101-20260928-787cf45dc908,19050,Christine Drazan,record:e39ae643d99e2f29b6ca6680,Kelly Stelk,Individual,individual,Lake Oswego,OR,500000,2,2026-04-14,2026-08-18
orestar-20250101-20260928-787cf45dc908,19050,Christine Drazan,record:b12699c63ebfd00b61f8c83f,Kevin Coleman,Individual,individual,Dayton,OR,500000,1,2026-09-09,2026-09-09
orestar-20250101-20260928-787cf45dc908,19050,Christine Drazan,record:44fc4b1bfd6bf119db432c07,Kimberly Tyler,Individual,individual,Turner,OR,500000,1,2026-09-09,2026-09-09
orestar-20250101-20260928-787cf45dc908,19050,Christine Drazan,record:08e725ded262d7ceb185f569,Konnie Perlenfein,Individual,individual,Henderson,NV,500000,1,2026-01-21,2026-01-21
orestar-20250101-20260928-787cf45dc908,19050,Christine Drazan,record:5f3ec4f35754c3edf668c51e,Lance & Cheryl Woodbury Revocable Living Trust,Other,other,Portland,OR,500000,1,2026-05-07,2026-05-07
orestar-20250101-20260928-787cf45dc908,19050,Christine Drazan,record:21f90f91f6d36dc81d519016,Marcus Breuer,Individual,individual,Beaverton,OR,500000,1,2026-04-23,2026-04-23
orestar-20250101-20260928-787cf45dc908,19050,Christine Drazan,record:f09b552838673201e4618d8b,Mark G Lyman,Individual,individual,Salem,OR,500000,1,2026-09-09,2026-09-09
orestar-20250101-20260928-787cf45dc908,19050,Christine Drazan,record:97ba3e69c9ce82a704112297,"Metro Metals Northwest, Inc.",Business Entity,business,Portland,OR,500000,1,2025-10-22,2025-10-22
orestar-20250101-20260928-787cf45dc908,19050,Christine Drazan,record:d72a84f212ed95411dc133e1,Michael Bernert,Individual,individual,Wilsonville,OR,500000,1,2026-04-16,2026-04-16
orestar-20250101-20260928-787cf45dc908,19050,Christine Drazan,record:323d3c4ba9b66a763bf2f6d9,Michael Tennant,Individual,individual,Bend,OR,500000,1,2025-12-31,2025-12-31
orestar-20250101-20260928-787cf45dc908,19050,Christine Drazan,record:3d3b03b4ff345bfa0dba3071,"Mid Valley Farms, Inc.",Business Entity,business,Tangent,OR,500000,1,2026-05-01,2026-05-01
orestar-20250101-20260928-787cf45dc908,19050,Christine Drazan,record:4187b4e040bdf87ffcca708d,"Nat Taylor Investments, LLC",Business Entity,business,Lake Oswego,OR,500000,1,2026-09-08,2026-09-08
orestar-20250101-20260928-787cf45dc908,19050,Christine Drazan,committee:135,Oregon Council of NECA Chapters (135),Political Committee,other,Springfield,OR,500000,1,2025-10-22,2025-10-22
orestar-20250101-20260928-787cf45dc908,19050,Christine Drazan,committee:191,Oregon Realtors Political Action Committee (191),Political Committee,other,Salem,OR,500000,2,2025-01-09,2026-01-26
orestar-20250101-20260928-787cf45dc908,19050,Christine Drazan,record:8f959cd8e6dd346e99ea63b8,"Oregon Territorial Council on Furs, Inc.",Other,other,Wallowa,OR,500000,1,2026-01-17,2026-01-17
orestar-20250101-20260928-787cf45dc908,19050,Christine Drazan,record:aa97254d84ded1b1a0ab2ac5,Oregon Trappers Association,Other,other,Prineville,OR,500000,1,2025-12-31,2025-12-31
orestar-20250101-20260928-787cf45dc908,19050,Christine Drazan,record:cdb8d684853a9a558bce7a83,Oregon United Sporting Dog Association,Other,other,Bend,OR,500000,1,2025-12-31,2025-12-31
orestar-20250101-20260928-787cf45dc908,19050,Christine Drazan,record:26906700cf1378a19e597c14,Pat McDonald,Individual,individual,Oregon City,OR,500000,1,2026-05-07,2026-05-07
orestar-20250101-20260928-787cf45dc908,19050,Christine Drazan,record:926cb6125915ddd5d3fe3db9,Patrick Nofeld,Individual,individual,Cannon Beach,OR,500000,1,2026-09-22,2026-09-22
orestar-20250101-20260928-787cf45dc908,19050,Christine Drazan,record:9355724ece741d3d3e80f55e,Peter Stott,Individual,individual,Portland,OR,500000,1,2026-08-27,2026-08-27
orestar-20250101-20260928-787cf45dc908,19050,Christine Drazan,record:19e1276f0fa12649926ae5df,"Pugh Seed Farm, Inc.",Business Entity,business,Shedd,OR,500000,1,2026-05-01,2026-05-01
orestar-20250101-20260928-787cf45dc908,19050,Christine Drazan,record:8b2e8a58b6b817d7d56827f3,Richard Withnell,Individual,individual,Keizer,OR,500000,1,2026-09-09,2026-09-09
orestar-20250101-20260928-787cf45dc908,19050,Christine Drazan,record:fd5ecc828c3c5cd4735b05ef,Rick Franklin,Individual,individual,Lebanon,OR,500000,1,2026-08-14,2026-08-14
orestar-20250101-20260928-787cf45dc908,19050,Christine Drazan,record:901b8dbd0a86354b7f95abac,Robert L Levy Revocable Trust,Other,other,Hermiston,OR,500000,1,2026-09-01,2026-09-01
orestar-20250101-20260928-787cf45dc908,19050,Christine Drazan,record:596be5bdb0c2277b4e9422fe,Rosa Castaneda,Individual,individual,Beaverton,OR,500000,1,2026-08-05,2026-08-05
orestar-20250101-20260928-787cf45dc908,19050,Christine Drazan,record:2cb6f4ba9713bcb90249ba7f,Scott Erickson,Individual,individual,Salem,OR,500000,1,2026-09-09,2026-09-09
orestar-20250101-20260928-787cf45dc908,19050,Christine Drazan,record:bdb17a11505875b139eb071f,"Scott Holdings, LLC",Business Entity,business,Canby,OR,500000,1,2026-09-18,2026-09-18
orestar-20250101-20260928-787cf45dc908,19050,Christine Drazan,record:0e095d4b690b00aecd7d5fc4,Skeeter Amstad,Individual,individual,Sherwood,OR,500000,1,2026-09-27,2026-09-27
orestar-20250101-20260928-787cf45dc908,19050,Christine Drazan,committee:24287,Terry Tipsord Memorial PAC (24287),Political Committee,other,Independence,OR,500000,1,2026-04-16,2026-04-16
orestar-20250101-20260928-787cf45dc908,19050,Christine Drazan,record:c1ccd7e0809592c9a9d87155,The Bark Place,Business Entity,business,Albany,OR,500000,1,2026-08-24,2026-08-24
orestar-20250101-20260928-787cf45dc908,19050,Christine Drazan,record:f845db8f3f2fed87ac518cc7,Thomas D Price,Individual,individual,Baker City,OR,500000,1,2026-09-16,2026-09-16
orestar-20250101-20260928-787cf45dc908,19050,Christine Drazan,record:284a68f3148ac8c38e69ceeb,Todd Baker,Individual,individual,Beaverton,OR,500000,1,2026-07-23,2026-07-23
orestar-20250101-20260928-787cf45dc908,19050,Christine Drazan,record:497263c8360fc07a69614049,Truax Corporation,Business Entity,business,Corvallis,OR,500000,1,2026-02-19,2026-02-19
orestar-20250101-20260928-787cf45dc908,19050,Christine Drazan,record:1492d39655642a3fd7932b40,US Market 675 LLC,Business Entity,business,Salem,OR,500000,1,2026-08-26,2026-08-26
orestar-20250101-20260928-787cf45dc908,19050,Christine Drazan,record:c088a9b7eb272008cfac1c42,Van Dusen Beverages Inc.,Business Entity,business,Astoria,OR,500000,1,2026-06-10,2026-06-10
orestar-20250101-20260928-787cf45dc908,19050,Christine Drazan,record:111a5b2e649e1d1f3682a709,Venell Farms Inc.,Business Entity,business,Corvallis,OR,500000,1,2025-12-18,2025-12-18
orestar-20250101-20260928-787cf45dc908,19050,Christine Drazan,record:b9a49cc926106c8006ed202c,Wayne Amstad,Individual,individual,Sherwood,OR,500000,1,2026-09-16,2026-09-16
orestar-20250101-20260928-787cf45dc908,19050,Christine Drazan,record:c61f731d977f1388072852fd,Wildish Land Co.,Business Entity,business,Eugene,OR,500000,1,2026-04-13,2026-04-13
orestar-20250101-20260928-787cf45dc908,19050,Christine Drazan,record:13dc992eec545a34f4bf739d,"Boshart Trucking, Inc.",Business Entity,business,Tangent,OR,450000,3,2025-12-10,2026-09-16
orestar-20250101-20260928-787cf45dc908,19050,Christine Drazan,record:934ca2b934ab5df95802191f,Gilbert Smith,Individual,individual,Corvallis,OR,450000,2,2026-03-18,2026-08-19
orestar-20250101-20260928-787cf45dc908,19050,Christine Drazan,record:b2a74c2459385e676c1f2d4d,Joseph VanHaverbeke,Individual,individual,Portland,OR,450000,2,2026-02-12,2026-07-15
orestar-20250101-20260928-787cf45dc908,19050,Christine Drazan,record:64312093a7e84fbe5ebcd11f,Steve Malany,Individual,individual,Portland,OR,450000,9,2025-12-31,2026-09-02
orestar-20250101-20260928-787cf45dc908,19050,Christine Drazan,record:20992ae094084b5c2ad75f89,Mary Jeanne Davis,Individual,individual,Albany,OR,426900,7,2025-11-13,2026-09-23
orestar-20250101-20260928-787cf45dc908,19050,Christine Drazan,record:3218c2b0471387c4542fdf11,Christopher Canazaro,Individual,individual,Lake Oswego,OR,416408,4,2026-05-25,2026-09-17
orestar-20250101-20260928-787cf45dc908,19050,Christine Drazan,record:f57bdcf8f9abc37f9acb14b3,Lynda Marikos,Individual,individual,Ashland,OR,416406,2,2026-02-09,2026-04-30
orestar-20250101-20260928-787cf45dc908,19050,Christine Drazan,record:5bca38953ad43575c24478ce,Amy Pate,Individual,individual,Sherwood,OR,400000,1,2026-08-24,2026-08-24
orestar-20250101-20260928-787cf45dc908,19050,Christine Drazan,record:2b3fc4964ce8ae516c0fbd28,Fred Anfilofieff,Individual,individual,Canby,OR,400000,2,2025-11-28,2026-01-15
orestar-20250101-20260928-787cf45dc908,19050,Christine Drazan,record:d853745398c6f8d7ea36ef9c,Julie Fisher,Individual,individual,Tualatin,OR,400000,1,2026-08-05,2026-08-05
orestar-20250101-20260928-787cf45dc908,19050,Christine Drazan,committee:154,Oregon Forest Industries Council Political Action Committee (154),Political Committee,other,Salem,OR,400000,2,2025-11-26,2026-01-31
orestar-20250101-20260928-787cf45dc908,19050,Christine Drazan,committee:14121,Umpqua Valley Republican Women's PAC (14121),Political Committee,other,Independence,OR,400000,1,2026-06-23,2026-06-23
orestar-20250101-20260928-787cf45dc908,19050,Christine Drazan,record:653691c5357b90c7d3f34275,Eric Thompson,Individual,individual,Corvallils,OR,367500,6,2025-10-28,2026-09-23
orestar-20250101-20260928-787cf45dc908,19050,Christine Drazan,record:1344a3d98c314500d50d43ac,Kristina McNitt,Individual,individual,Sublimity,OR,364357,7,2026-03-17,2026-09-16
orestar-20250101-20260928-787cf45dc908,19050,Christine Drazan,record:904399d85ee3866bdf24b316,Mary Sayler,Individual,individual,Portland,OR,362051,6,2025-07-03,2026-09-24
orestar-20250101-20260928-787cf45dc908,19050,Christine Drazan,record:1985f7d55d13df1984ff28b7,Arthur Bailey,Individual,individual,Portland,OR,350000,7,2025-09-15,2026-03-17
orestar-20250101-20260928-787cf45dc908,19050,Christine Drazan,record:87ae280f3c78069f88342ae7,Cathryn Garrett,Individual,individual,Lake Oswego,OR,350000,1,2026-09-03,2026-09-03
orestar-20250101-20260928-787cf45dc908,19050,Christine Drazan,record:7b60b4d850e7acece23f28c6,Douglas Kintzinger,Individual,individual,Lake Oswego,OR,350000,2,2026-08-14,2026-09-23
orestar-20250101-20260928-787cf45dc908,19050,Christine Drazan,record:a2605dfd9ce3dcc3264673e7,Gordon Garrett,Individual,individual,Lake Oswego,OR,350000,1,2026-09-03,2026-09-03
orestar-20250101-20260928-787cf45dc908,19050,Christine Drazan,committee:275,Oregon Health Care Association PAC (275),Political Committee,other,Portland,OR,350000,2,2025-01-09,2025-10-10
orestar-20250101-20260928-787cf45dc908,19050,Christine Drazan,record:467587edb0dcfd8290777031,Sirpa Duoos,Individual,individual,Astoria,OR,350000,2,2026-09-09,2026-09-11
orestar-20250101-20260928-787cf45dc908,19050,Christine Drazan,record:8dcfca27e555c8ad0e4ad989,Stephen Tatone,Individual,individual,Canby,OR,350000,5,2026-01-26,2026-09-18
orestar-20250101-20260928-787cf45dc908,19050,Christine Drazan,record:67a2d6042773ae8383b16a5b,Tom Peters,Individual,individual,Dufur,OR,350000,7,2025-10-28,2026-03-31
orestar-20250101-20260928-787cf45dc908,19050,Christine Drazan,record:4243e93af90756efbc62e6c8,Brian Hogan,Individual,individual,Portland,OR,320000,1,2026-07-29,2026-07-29
orestar-20250101-20260928-787cf45dc908,19050,Christine Drazan,record:4232ba011ab05d4a2540ed55,David Anderson,Individual,individual,Lake Oswego,OR,312305,1,2026-08-31,2026-08-31
orestar-20250101-20260928-787cf45dc908,19050,Christine Drazan,record:2e8a51647c43cd60e5c486f6,Ralph M Scariano,Individual,individual,Corvallis,OR,310000,5,2025-08-27,2026-03-18
orestar-20250101-20260928-787cf45dc908,19050,Christine Drazan,record:c428270e8bbd3a67afb1e1da,Jerome Simnitt,Individual,individual,Canby,OR,304102,2,2026-03-08,2026-07-02
orestar-20250101-20260928-787cf45dc908,19050,Christine Drazan,record:1b4a2af1623ce341a4fbff25,Bradley Arms,Individual,individual,West Linn,OR,300000,3,2026-05-12,2026-07-28
orestar-20250101-20260928-787cf45dc908,19050,Christine Drazan,record:92b765ba0b761ead08ef4da1,Chapin Dehydrating LLC,Business Entity,business,Salem,OR,300000,1,2026-06-09,2026-06-09
orestar-20250101-20260928-787cf45dc908,19050,Christine Drazan,record:fb33678989de1e1583b2f27a,Clearwater Homes LLC,Business Entity,business,Clackamas,OR,300000,1,2026-08-26,2026-08-26
orestar-20250101-20260928-787cf45dc908,19050,Christine Drazan,record:bf80b3081a6ab8123ab5111c,Comcast Corporation,Business Entity,business,Philadelphia,PA,300000,1,2025-10-22,2025-10-22
orestar-20250101-20260928-787cf45dc908,19050,Christine Drazan,record:011abc8ff8eac142ec225bc1,Da Yang Seafood Inc.,Business Entity,business,Astoria,OR,300000,1,2026-09-04,2026-09-04
orestar-20250101-20260928-787cf45dc908,19050,Christine Drazan,record:66a833160ca0a2285e5242bd,David Guild,Individual,individual,Damascus,OR,300000,1,2026-08-05,2026-08-05
orestar-20250101-20260928-787cf45dc908,19050,Christine Drazan,record:7ea1d61294f21f97e457ae6b,John Lekas,Individual,individual,Vancouver,WA,300000,1,2026-08-03,2026-08-03
orestar-20250101-20260928-787cf45dc908,19050,Christine Drazan,record:d9d97a3a4e72608e22d88dd0,Keith Marshall,Individual,individual,Corvallis,OR,300000,1,2026-09-23,2026-09-23
orestar-20250101-20260928-787cf45dc908,19050,Christine Drazan,record:2e2c429e6cb33753a44b795c,Maurice Reintjes,Individual,individual,Gig Harbor,WA,300000,1,2026-09-17,2026-09-17
orestar-20250101-20260928-787cf45dc908,19050,Christine Drazan,record:922130fea14b32e492cab191,Moriah Hills LLC,Business Entity,business,Aurora,OR,300000,1,2026-08-07,2026-08-07
orestar-20250101-20260928-787cf45dc908,19050,Christine Drazan,committee:17654,Oregonians for Food & Shelter PAC (17654),Political Committee,other,Salem,OR,300000,1,2026-09-18,2026-09-18
orestar-20250101-20260928-787cf45dc908,19050,Christine Drazan,record:c6ccd304e52e8ecf2ce900fc,Robert Conlin,Individual,individual,Bend,OR,300000,3,2025-11-10,2026-07-19
orestar-20250101-20260928-787cf45dc908,19050,Christine Drazan,record:4c56e41384d91053dac3d5e5,"Robert Freres, Jr.",Individual,individual,Lyons,OR,300000,2,2026-08-05,2026-08-05
orestar-20250101-20260928-787cf45dc908,19050,Christine Drazan,committee:17892,Werner for Oregon (17892),Political Committee,other,Malin,OR,300000,1,2026-09-03,2026-09-03
orestar-20250101-20260928-787cf45dc908,19050,Christine Drazan,record:6ca746fe0b265a29180f5255,Mark Fitz,Individual,individual,Portland,OR,290000,11,2025-10-27,2026-08-21
orestar-20250101-20260928-787cf45dc908,19050,Christine Drazan,record:4caf395dc10290fdf80fea6a,Connie Bentley,Individual,individual,West Linn,OR,275000,1,2026-08-26,2026-08-26
orestar-20250101-20260928-787cf45dc908,19050,Christine Drazan,record:d94110e569366d2786d07e3c,Brian Shoemaker,Individual,individual,Portland,OR,260254,1,2026-08-10,2026-08-10
orestar-20250101-20260928-787cf45dc908,19050,Christine Drazan,record:8098119abc6b7503914c0010,Claren Nilsson,Individual,individual,Klamath Falls,OR,260254,1,2026-08-11,2026-08-11
orestar-20250101-20260928-787cf45dc908,19050,Christine Drazan,record:0f9dbac3b56f0b98b1a313a8,Frank Manning,Individual,individual,Portland,OR,260254,1,2025-10-10,2025-10-10
orestar-20250101-20260928-787cf45dc908,19050,Christine Drazan,record:48819dec3c03934211c3753e,Marc Staunton,Individual,individual,Malin,OR,260254,1,2026-08-24,2026-08-24
orestar-20250101-20260928-787cf45dc908,19050,Christine Drazan,record:e077e217dd5b6e2a94234ade,Kristine Kennedy,Individual,individual,North Plains,OR,260000,2,2026-05-06,2026-09-24
orestar-20250101-20260928-787cf45dc908,19050,Christine Drazan,record:3ef869871d7225fc73382104,Andrew Ragen,Individual,individual,Lake Oswego,OR,250000,1,2026-08-14,2026-08-14
orestar-20250101-20260928-787cf45dc908,19050,Christine Drazan,record:5e66ecd2604e6709ab32f270,Beverly Splane,Individual,individual,Eugene,OR,250000,1,2026-09-01,2026-09-01
orestar-20250101-20260928-787cf45dc908,19050,Christine Drazan,record:307de22acb6ca705e0dd1b23,Bonnie Kelly,Individual,individual,Turner,OR,250000,1,2026-09-23,2026-09-23
orestar-20250101-20260928-787cf45dc908,19050,Christine Drazan,record:95563b10a4f2e397f609e70e,Brandon Flint,Individual,individual,Beaverton,OR,250000,1,2026-08-17,2026-08-17
orestar-20250101-20260928-787cf45dc908,19050,Christine Drazan,record:968f6bcc47a4d08634fafd94,Brett R Francis,Individual,individual,Lake Oswego,OR,250000,1,2026-09-08,2026-09-08
orestar-20250101-20260928-787cf45dc908,19050,Christine Drazan,record:b2c89832cdf445d1e1a35b9f,Brian Field,Individual,individual,Canby,OR,250000,1,2026-02-25,2026-02-25
orestar-20250101-20260928-787cf45dc908,19050,Christine Drazan,record:8e5f2871ad6a3851fd87c7f6,Brian Pienovi,Individual,individual,Portland,OR,250000,1,2026-08-06,2026-08-06
orestar-20250101-20260928-787cf45dc908,19050,Christine Drazan,record:7fbb6977271ab34fef2374cd,Craig Reeder,Individual,individual,Pendleton,OR,250000,1,2026-05-19,2026-05-19
orestar-20250101-20260928-787cf45dc908,19050,Christine Drazan,committee:51,Credit Union Legislative Action Fund (51),Political Committee,other,Tigard,OR,250000,1,2025-10-22,2025-10-22
orestar-20250101-20260928-787cf45dc908,19050,Christine Drazan,record:f895a42ed7660a600872b224,DOD Investments LLC,Business Entity,business,Sisters,OR,250000,1,2026-09-23,2026-09-23
orestar-20250101-20260928-787cf45dc908,19050,Christine Drazan,record:0002464553c2fc1427e946fa,David Burnett,Individual,individual,Chiloquin,OR,250000,1,2026-06-18,2026-06-18
orestar-20250101-20260928-787cf45dc908,19050,Christine Drazan,record:488506f5c6f7c60b6ba3839d,"Davis Glass, Inc.",Business Entity,business,Albany,OR,250000,1,2026-05-15,2026-05-15
orestar-20250101-20260928-787cf45dc908,19050,Christine Drazan,record:c266ddaeedc0b1315b781656,"Del Rio Vineyards, LLC",Business Entity,business,Gold Hill,OR,250000,1,2026-03-26,2026-03-26
orestar-20250101-20260928-787cf45dc908,19050,Christine Drazan,record:9c565e88b86406cd188f9aa7,Devin Lynch,Individual,individual,Albany,OR,250000,1,2026-01-21,2026-01-21
orestar-20250101-20260928-787cf45dc908,19050,Christine Drazan,committee:21575,Friends of Anna Scharf (21575),Political Committee,other,Amity,OR,250000,1,2026-04-28,2026-04-28
orestar-20250101-20260928-787cf45dc908,19050,Christine Drazan,record:3fb229497761806b0516a2e2,Gary Orem,Individual,individual,Merrill,OR,250000,1,2026-08-21,2026-08-21
orestar-20250101-20260928-787cf45dc908,19050,Christine Drazan,record:9511fed1224962ca8e1115bb,Gonzalez Boring and Tunneling Inc.,Business Entity,business,North Plains,OR,250000,1,2026-02-06,2026-02-06
orestar-20250101-20260928-787cf45dc908,19050,Christine Drazan,record:1ab403aab1ede3d2e76e9f0d,Gordon Wolfe,Individual,individual,Wallowa,OR,250000,2,2026-01-23,2026-09-14
orestar-20250101-20260928-787cf45dc908,19050,Christine Drazan,record:766bc590ff9f0f9e6f8ee6db,Janet Geary,Individual,individual,Lake Oswego,OR,250000,1,2026-08-19,2026-08-19
orestar-20250101-20260928-787cf45dc908,19050,Christine Drazan,record:0ccd0423f71d483174525746,Jeanne Schultz,Individual,individual,Salem,OR,250000,1,2026-09-14,2026-09-14
orestar-20250101-20260928-787cf45dc908,19050,Christine Drazan,record:9d242e757c39126a7cc7787b,Jermone Werner,Individual,individual,Albany,OR,250000,1,2026-01-21,2026-01-21
orestar-20250101-20260928-787cf45dc908,19050,Christine Drazan,record:27fd739dd0d639ac2a1c8781,Jessica Allen,Individual,individual,West Linn,OR,250000,1,2026-08-05,2026-08-05
orestar-20250101-20260928-787cf45dc908,19050,Christine Drazan,record:aae5f3cd833293e68d37c03b,Jim Thompson,Individual,individual,Albany,OR,250000,1,2025-12-10,2025-12-10
orestar-20250101-20260928-787cf45dc908,19050,Christine Drazan,record:8f3a10223d0c9342241a61d2,John Miller,Individual,individual,Lake Oswego,OR,250000,1,2026-08-19,2026-08-19
orestar-20250101-20260928-787cf45dc908,19050,Christine Drazan,record:54a5aff527e00fbfad9978d6,Jon Drake Snodgrass,Individual,individual,Sandy,OR,250000,2,2026-01-15,2026-05-01
orestar-20250101-20260928-787cf45dc908,19050,Christine Drazan,record:b07ba15f1fdf731fc7d963a4,Jonathon Davies,Individual,individual,Tualatin,OR,250000,1,2026-08-20,2026-08-20
orestar-20250101-20260928-787cf45dc908,19050,Christine Drazan,record:b78cfe77d0cebcaf9e100862,Julie Schudel,Individual,individual,Corvallis,OR,250000,1,2026-09-23,2026-09-23
orestar-20250101-20260928-787cf45dc908,19050,Christine Drazan,record:ef1fda8dd7594b10929a9026,Kevin VanderBrink,Individual,individual,Tualitan,OR,250000,1,2026-09-23,2026-09-23
orestar-20250101-20260928-787cf45dc908,19050,Christine Drazan,record:7f66c80a490c480f11cbef10,Kirsten Ragen,Individual,individual,Lake Oswego,OR,250000,1,2026-08-14,2026-08-14
orestar-20250101-20260928-787cf45dc908,19050,Christine Drazan,record:b93043a06bc68e952bab4368,Klinger Masonry Inc.,Business Entity,business,Boring,OR,250000,1,2026-08-26,2026-08-26
orestar-20250101-20260928-787cf45dc908,19050,Christine Drazan,record:239992db8084493f041bff06,Kurt Euglund,Individual,individual,Astoria,OR,250000,1,2026-09-04,2026-09-04
orestar-20250101-20260928-787cf45dc908,19050,Christine Drazan,record:5861c532fc034e51804f72f1,Laurie Field,Individual,individual,Canby,OR,250000,1,2026-02-25,2026-02-25
orestar-20250101-20260928-787cf45dc908,19050,Christine Drazan,record:eebcb922da84fe868401e12c,Maria Whitrock,Individual,individual,Bend,OR,250000,1,2026-07-31,2026-07-31
orestar-20250101-20260928-787cf45dc908,19050,Christine Drazan,record:b017bf64b5cd29140f9fc512,Michael Erickson,Individual,individual,Lake Oswego,OR,250000,1,2026-08-19,2026-08-19
orestar-20250101-20260928-787cf45dc908,19050,Christine Drazan,record:db2841e3649b7d91f8f9795c,Myrna Eisenzimmer,Individual,individual,Damascus,OR,250000,1,2026-08-20,2026-08-20
orestar-20250101-20260928-787cf45dc908,19050,Christine Drazan,record:ef578e71cf77015e0aa12bee,Nick Staub,Individual,individual,Merrill,OR,250000,1,2026-08-25,2026-08-25
orestar-20250101-20260928-787cf45dc908,19050,Christine Drazan,record:a024220e4b9b1b16681e6267,Niles Kinerk,Individual,individual,Loveland,OH,250000,1,2026-04-03,2026-04-03
orestar-20250101-20260928-787cf45dc908,19050,Christine Drazan,record:8f1d37e500a003086b3d6d91,Oregon Vehicle Dealer Assn. INC,Business Entity,business,Albany,OR,250000,1,2026-05-01,2026-05-01
orestar-20250101-20260928-787cf45dc908,19050,Christine Drazan,record:815090a51f4b1711aa4b3ac6,PACMET Inc.,Business Entity,business,Woodburn,OR,250000,1,2025-11-06,2025-11-06
orestar-20250101-20260928-787cf45dc908,19050,Christine Drazan,record:029c74fc7d030d9d94257cd7,Perlenfein Properties LLC,Business Entity,business,Albany,OR,250000,1,2026-05-01,2026-05-01
orestar-20250101-20260928-787cf45dc908,19050,Christine Drazan,record:0bb0e8dfadd0f5d6b58d08f6,Raymond Mack,Individual,individual,New Braunfels,TX,250000,5,2025-12-02,2026-08-04
orestar-20250101-20260928-787cf45dc908,19050,Christine Drazan,record:2336818d44bb289c39a4f662,Ron Sauer,Individual,individual,Portlqand,OR,250000,1,2026-08-24,2026-08-24
orestar-20250101-20260928-787cf45dc908,19050,Christine Drazan,record:0f04d05fd51e2e2579a5ccbb,"S.T.J., LLC",Business Entity,business,Canby,OR,250000,1,2026-03-16,2026-03-16
orestar-20250101-20260928-787cf45dc908,19050,Christine Drazan,record:ce91cc17375a044cf2d7e642,Samual Allen,Individual,individual,West Linn,OR,250000,1,2026-08-05,2026-08-05
orestar-20250101-20260928-787cf45dc908,19050,Christine Drazan,record:e1265cbc7f3f010e7c752d53,"Scott Holdings, LLC",Business Entity,business,Canby,OR,250000,1,2026-03-16,2026-03-16
orestar-20250101-20260928-787cf45dc908,19050,Christine Drazan,record:541909957123c530d7d02a26,Sheila K Blakeslee,Individual,individual,Sherwood,OR,250000,1,2026-08-19,2026-08-19
orestar-20250101-20260928-787cf45dc908,19050,Christine Drazan,record:f9ed067b4cc93de4902ee969,Steven Whitrock,Individual,individual,Bend,OR,250000,1,2026-07-31,2026-07-31
orestar-20250101-20260928-787cf45dc908,19050,Christine Drazan,record:5894ae52dd7eeae0184f2781,The Cowart Living Trust,Other,other,Lebanon,OR,250000,1,2026-09-23,2026-09-23
orestar-20250101-20260928-787cf45dc908,19050,Christine Drazan,record:687e09dc6de47e23772fb6ef,The Standard,Business Entity,business,Portland,OR,250000,1,2026-08-18,2026-08-18
orestar-20250101-20260928-787cf45dc908,19050,Christine Drazan,record:5399f27cbe4eafca096a92d4,Thomas Tongue,Individual,individual,Lake Oswego,OR,250000,1,2026-08-07,2026-08-07
orestar-20250101-20260928-787cf45dc908,19050,Christine Drazan,record:214b087ee57d4c4a7073f814,Tim Parks,Individual,individual,Merrill,OR,250000,1,2026-05-17,2026-05-17
orestar-20250101-20260928-787cf45dc908,19050,Christine Drazan,record:d377b30ff8b61643034f39c5,"Timberland Helicopters, Inc.",Business Entity,business,Ashland,OR,250000,1,2026-08-20,2026-08-20
orestar-20250101-20260928-787cf45dc908,19050,Christine Drazan,record:40072d9b722f12f5e29e8d25,Todd Nelson,Individual,individual,Woodburn,OR,250000,1,2026-04-29,2026-04-29
orestar-20250101-20260928-787cf45dc908,19050,Christine Drazan,record:0f95c1c53cd9f7f2996ec98b,Tracy Allen,Individual,individual,West Linn,OR,250000,1,2026-08-16,2026-08-16
orestar-20250101-20260928-787cf45dc908,19050,Christine Drazan,record:2b60c324ab02f1cff94a42af,Travis Trumbull,Individual,individual,Milton Freewater,OR,250000,1,2026-09-16,2026-09-16
orestar-20250101-20260928-787cf45dc908,19050,Christine Drazan,record:de05d14cf72626fc18c2e5b2,Vanasche Farm LLC,Business Entity,business,Cornelius,OR,250000,2,2026-01-05,2026-08-14
orestar-20250101-20260928-787cf45dc908,19050,Christine Drazan,record:cd306e4e712e9b2842ba92cc,Walmart Inc.,Business Entity,business,Bentonville,AR,250000,1,2026-01-27,2026-01-27
orestar-20250101-20260928-787cf45dc908,19050,Christine Drazan,record:9b6704323cd739bd4f287783,William C Blakeslee,Individual,individual,Sherwood,OR,250000,1,2026-08-19,2026-08-19
orestar-20250101-20260928-787cf45dc908,19050,Christine Drazan,record:da36f4fd2eeef788dd120720,Wolfhard Almers,Individual,individual,Portland,OR,250000,3,2025-07-18,2026-05-08
orestar-20250101-20260928-787cf45dc908,19050,Christine Drazan,committee:351,Yamhill County Republican Party (351),Political Party Committee,candidates,Mcminnville,OR,250000,1,2026-09-21,2026-09-21
orestar-20250101-20260928-787cf45dc908,19050,Christine Drazan,record:f6e844d4728d79a0043c8750,Daniel Chin,Individual,individual,Klamath Falls,OR,233204,3,2025-12-26,2026-08-24
orestar-20250101-20260928-787cf45dc908,19050,Christine Drazan,record:20f74c32c7b5d44463a888f7,Linda Gleckler,Individual,individual,West Linn,OR,229651,2,2026-08-11,2026-08-24
orestar-20250101-20260928-787cf45dc908,19050,Christine Drazan,record:113b96cd2313a7148c819a1b,Steve Carson,Individual,individual,Klamath Falls,OR,227000,17,2025-07-31,2026-08-31
orestar-20250101-20260928-787cf45dc908,19050,Christine Drazan,record:787b429569020e41e6c8b28c,Sharon Fox,Individual,individual,Tigard,OR,225000,3,2025-12-02,2026-08-28
orestar-20250101-20260928-787cf45dc908,19050,Christine Drazan,record:103b7c1278b0245e40f78c6c,Arthur (Art) Castro,Individual,individual,Grants Pass,OR,222000,33,2025-08-01,2026-09-02
orestar-20250101-20260928-787cf45dc908,19050,Christine Drazan,record:2c374a7c57c7028cb1c7919f,John Caddock,Individual,individual,Roseburg,OR,208203,1,2026-09-20,2026-09-20
orestar-20250101-20260928-787cf45dc908,19050,Christine Drazan,record:e4673a655a07d2a4303e4498,Leigh Ann Caddock,Individual,individual,Roseburg,OR,208203,1,2026-09-20,2026-09-20
orestar-20250101-20260928-787cf45dc908,19050,Christine Drazan,committee:22071,Friends of Lisa Davidson (22071),Political Committee,other,Oregon City,OR,205977,1,2025-07-05,2025-07-05
orestar-20250101-20260928-787cf45dc908,19050,Christine Drazan,record:e3d9879f7da314c35bc3af15,Ronald D Garcia,Individual,individual,Lake Oswego,OR,204102,2,2026-08-19,2026-08-20
orestar-20250101-20260928-787cf45dc908,19050,Christine Drazan,record:9cc1c4945088c538263e8ed7,Michael W Myers,Individual,individual,West Linn,OR,202600,2,2026-08-20,2026-08-20
orestar-20250101-20260928-787cf45dc908,19050,Christine Drazan,record:7b7483daecdc692d5bec8398,Heather Eagon,Individual,individual,Portland,OR,202051,4,2025-10-27,2026-09-17
orestar-20250101-20260928-787cf45dc908,19050,Christine Drazan,record:f0516e15249189cf68f36144,"Aristotle International, Inc./Amazon.com Services LLC",Business Entity,business,Seattle,DC,200000,1,2025-12-15,2025-12-15
orestar-20250101-20260928-787cf45dc908,19050,Christine Drazan,record:ff195f1704ee02710486737b,Bernard Young,Individual,individual,Medford,OR,200000,2,2025-11-18,2026-07-31
orestar-20250101-20260928-787cf45dc908,19050,Christine Drazan,record:681991d11f995303e046ba64,Beverly Lousignont,Individual,individual,Lagrande,OR,200000,4,2025-09-03,2026-09-01
orestar-20250101-20260928-787cf45dc908,19050,Christine Drazan,record:9248fff43df6f9027f481f75,Bill Wood,Individual,individual,Sisters,OR,200000,1,2026-07-21,2026-07-21
orestar-20250101-20260928-787cf45dc908,19050,Christine Drazan,record:bcf70c0e219d1d8c67127214,Bonnie Knopf,Individual,individual,Troutdale,OR,200000,1,2026-08-20,2026-08-20
orestar-20250101-20260928-787cf45dc908,19050,Christine Drazan,record:bfcaa37d04987a2d6e491e0f,Brenda Turner Casey,Individual,individual,Milwaukie,OR,200000,1,2026-01-01,2026-01-01
orestar-20250101-20260928-787cf45dc908,19050,Christine Drazan,record:e15d113667d53c671b05b8c9,"C & L Farms, LLC",Business Entity,business,Monroe,OR,200000,1,2025-12-18,2025-12-18
orestar-20250101-20260928-787cf45dc908,19050,Christine Drazan,record:a1bf658c19d53458d7ba0269,Chet Petersen,Individual,individual,The Dalles,OR,200000,2,2026-03-26,2026-05-08
orestar-20250101-20260928-787cf45dc908,19050,Christine Drazan,record:ae235ad30b802e10526aa167,David Bradley Investments LLC,Business Entity,business,Happy Valley,OR,200000,1,2026-09-08,2026-09-08
orestar-20250101-20260928-787cf45dc908,19050,Christine Drazan,record:e35a86efaa51a0385ae04ff0,Debbie Eisenzimmer,Individual,individual,Boring,OR,200000,1,2026-05-13,2026-05-13
orestar-20250101-20260928-787cf45dc908,19050,Christine Drazan,record:5e4459322d56bb05af02353a,Diago North America,Business Entity,business,Washington,DC,200000,1,2025-01-10,2025-01-10
orestar-20250101-20260928-787cf45dc908,19050,Christine Drazan,record:a0f468666ec0d3133043e824,Diedra M Thompson,Individual,individual,Sisters,OR,200000,1,2026-08-11,2026-08-11
orestar-20250101-20260928-787cf45dc908,19050,Christine Drazan,record:7a21bc08152cb6c31ed3d3ff,Donna Chaney,Individual,individual,Boring,OR,200000,1,2026-09-08,2026-09-08
orestar-20250101-20260928-787cf45dc908,19050,Christine Drazan,record:eb2307f4d3cc49d73448640b,Door Dash Inc.,Business Entity,business,San Francisco,CA,200000,1,2025-11-18,2025-11-18
orestar-20250101-20260928-787cf45dc908,19050,Christine Drazan,record:80f380862fbfa90c5b3c7426,Edward Perlenfien,Individual,individual,Albany,OR,200000,2,2025-12-10,2025-12-10
orestar-20250101-20260928-787cf45dc908,19050,Christine Drazan,record:5c95306f32d6b7526805963e,Emerald Building,Business Entity,business,Eugene,OR,200000,1,2026-09-09,2026-09-09
orestar-20250101-20260928-787cf45dc908,19050,Christine Drazan,record:7eef4a757343a99f4a373e8e,Evelyn West,Individual,individual,Whitesboro,TX,200000,1,2026-08-14,2026-08-14
orestar-20250101-20260928-787cf45dc908,19050,Christine Drazan,record:4452c9e01d7861207dd50b1b,F&B Farms LLC,Business Entity,business,Wooburn,OR,200000,1,2026-03-13,2026-03-13
orestar-20250101-20260928-787cf45dc908,19050,Christine Drazan,record:77ff8f6556adefb21307fcc8,Gary L Wilhelms,Individual,individual,Portland,OR,200000,1,2026-06-30,2026-06-30
orestar-20250101-20260928-787cf45dc908,19050,Christine Drazan,record:af60355ddb03ddf4adca8f5a,Gerald Warnock,Individual,individual,Portland,OR,200000,2,2026-09-15,2026-09-24
orestar-20250101-20260928-787cf45dc908,19050,Christine Drazan,record:c73ceefcf48ae1f1ed5cc3ea,Jennifer Hing,Individual,individual,Oregon City,OR,200000,4,2025-11-28,2026-03-03
orestar-20250101-20260928-787cf45dc908,19050,Christine Drazan,record:1274938c938adcc1467ea49c,"Jensen's Tree Service, Inc.",Business Entity,business,Winston,OR,200000,1,2026-08-24,2026-08-24
orestar-20250101-20260928-787cf45dc908,19050,Christine Drazan,record:22eb0bbe385d813e0946c18e,John P Bishop,Individual,individual,Portland,OR,200000,1,2026-09-08,2026-09-08
orestar-20250101-20260928-787cf45dc908,19050,Christine Drazan,record:5f37f8e27e59a07850f040f1,Judith Aiello,Individual,individual,West Linn,OR,200000,2,2026-08-19,2026-08-24
orestar-20250101-20260928-787cf45dc908,19050,Christine Drazan,record:19eea90b1a59f666a1e51087,Kroger,Business Entity,business,Cincinnati,OH,200000,1,2025-10-22,2025-10-22
orestar-20250101-20260928-787cf45dc908,19050,Christine Drazan,record:33dcf5d819e6bc329b3f623e,Laurie Kimmell,Individual,individual,Beavercreek,OR,200000,3,2026-01-16,2026-08-11
orestar-20250101-20260928-787cf45dc908,19050,Christine Drazan,record:ab4bbbc4eae78a64b096db1d,Lisa Davidson,Individual,individual,Oregon City,OR,200000,4,2026-03-08,2026-09-11
orestar-20250101-20260928-787cf45dc908,19050,Christine Drazan,record:2bc86628cdc2daee2c3701e2,MPC Investment Fund Inc.,Business Entity,business,San Antonio,TX,200000,1,2026-09-16,2026-09-16
orestar-20250101-20260928-787cf45dc908,19050,Christine Drazan,record:7c943246d278e0300fa6bfce,Mabel Harris,Individual,individual,Portland,OR,200000,1,2026-05-01,2026-05-01
orestar-20250101-20260928-787cf45dc908,19050,Christine Drazan,record:2fba987022b976e01387fd9e,Marian Vollum,Individual,individual,Arch Cape,OR,200000,1,2026-09-15,2026-09-15
orestar-20250101-20260928-787cf45dc908,19050,Christine Drazan,record:b64b46ba6137e8b77eb6385b,Mark Fitkin,Individual,individual,Lake Oswego,OR,200000,1,2026-08-04,2026-08-04
orestar-20250101-20260928-787cf45dc908,19050,Christine Drazan,record:2cda793abe6be5e3c949e3d5,Michael Scheele dba NW AutoFab,Business Entity,business,Tangent,OR,200000,1,2026-01-21,2026-01-21
orestar-20250101-20260928-787cf45dc908,19050,Christine Drazan,record:338de3d377054d593f60bbfc,Mike Peyton,Individual,individual,Sisters,OR,200000,1,2026-08-24,2026-08-24
orestar-20250101-20260928-787cf45dc908,19050,Christine Drazan,record:5e72a8702b36f91e2dc78818,Neal Eberlein,Individual,individual,Klamath Falls,OR,200000,2,2026-03-23,2026-09-15
orestar-20250101-20260928-787cf45dc908,19050,Christine Drazan,record:e67c36acc47a2fddf234bb20,Nike Inc. and Affiliates,Business Entity,business,Beaverton,OR,200000,2,2025-11-07,2025-12-08
orestar-20250101-20260928-787cf45dc908,19050,Christine Drazan,record:e163b70d2f6fde876382ae34,Northwest Transplants,Business Entity,business,Molalla,OR,200000,2,2026-08-14,2026-09-21
orestar-20250101-20260928-787cf45dc908,19050,Christine Drazan,record:c495d8485d5fe87b06cf8f67,PMI US Corporate Services,Business Entity,business,San Rafael,CA,200000,1,2025-12-15,2025-12-15
orestar-20250101-20260928-787cf45dc908,19050,Christine Drazan,record:0e56d83921abd40627f675d2,Priscilla Morehouse,Individual,individual,Portland,OR,200000,2,2026-01-25,2026-08-31
orestar-20250101-20260928-787cf45dc908,19050,Christine Drazan,record:443457067c4794c11a01a901,RAI Services Company,Business Entity,business,Winston-Salem,NC,200000,1,2025-12-18,2025-12-18
orestar-20250101-20260928-787cf45dc908,19050,Christine Drazan,record:db121e667ac647762ec7d573,Randy Shaw,Individual,individual,Klamath Falls,OR,200000,1,2026-09-02,2026-09-02
orestar-20250101-20260928-787cf45dc908,19050,Christine Drazan,record:5f4ff8455fe99b34649021e0,Richard Fohs Sohn,Individual,individual,Roseburg,OR,200000,1,2026-08-20,2026-08-20
orestar-20250101-20260928-787cf45dc908,19050,Christine Drazan,record:930ae77467021bfb39945126,Richard Kellum,Individual,individual,Albany,OR,200000,1,2026-01-21,2026-01-21
orestar-20250101-20260928-787cf45dc908,19050,Christine Drazan,record:d79b91e08f63d187010c421d,Richard Laitta,Individual,individual,Lake Oswego,OR,200000,2,2026-08-19,2026-09-14
orestar-20250101-20260928-787cf45dc908,19050,Christine Drazan,record:806967eed583750fd0c2d59d,Scenic Fruit Company,Business Entity,business,Gresham,OR,200000,1,2026-08-20,2026-08-20
orestar-20250101-20260928-787cf45dc908,19050,Christine Drazan,record:3c574d07fa7fa356a8e19526,Scott Fenters,Individual,individual,Klamath Falls,OR,200000,1,2026-09-21,2026-09-21
orestar-20250101-20260928-787cf45dc908,19050,Christine Drazan,record:02aa48033f1abeb376420241,Scott Schultze,Individual,individual,Lake Oswego,OR,200000,2,2026-01-17,2026-06-26
orestar-20250101-20260928-787cf45dc908,19050,Christine Drazan,record:2e01307199bc94ed113a3abb,Theodore Westlund,Individual,individual,Whitesboro,TX,200000,1,2026-08-14,2026-08-14
orestar-20250101-20260928-787cf45dc908,19050,Christine Drazan,record:e789172671bbcfb937cb3c8e,Timber Supply Co. Inc.,Business Entity,business,Philomath,OR,200000,2,2025-12-15,2026-07-13
orestar-20250101-20260928-787cf45dc908,19050,Christine Drazan,record:2a62fac6b354e53f537276ad,Timothy P Bletscher,Individual,individual,Portland,OR,200000,1,2026-08-17,2026-08-17
orestar-20250101-20260928-787cf45dc908,19050,Christine Drazan,record:afa5317d81481ef30f4d2000,Tom Peters,Individual,individual,Dufur,OR,200000,4,2026-04-29,2026-09-01
orestar-20250101-20260928-787cf45dc908,19050,Christine Drazan,record:0a766429bf7e0e028a059833,William Brodie,Individual,individual,Jacksonville,OR,200000,1,2026-08-10,2026-08-10
orestar-20250101-20260928-787cf45dc908,19050,Christine Drazan,record:ebd75958505a3d3134489b5a,William Machugh,Individual,individual,Albany,OR,200000,3,2025-12-10,2026-09-14
orestar-20250101-20260928-787cf45dc908,19050,Christine Drazan,record:5910747b40ffb8b04f536b99,David Curtis,Individual,individual,Wilsonville,OR,194951,6,2025-08-28,2026-08-13
orestar-20250101-20260928-787cf45dc908,19050,Christine Drazan,record:dbc1ee423255e01939388117,Dale Hoogestraat,Individual,individual,West Linn,OR,182000,21,2025-11-28,2026-09-14
orestar-20250101-20260928-787cf45dc908,19050,Christine Drazan,record:28abb58193144978969a7ab0,Brian Lessler,Individual,individual,Wilsonville,OR,177600,1,2026-08-20,2026-08-20
orestar-20250101-20260928-787cf45dc908,19050,Christine Drazan,record:b0b1aac116366160c6f33aa0,Gregory Steven Osborn,Individual,individual,Damascus,OR,177600,1,2026-08-20,2026-08-20
orestar-20250101-20260928-787cf45dc908,19050,Christine Drazan,record:0ea7cf182efa1f033b6e9e52,McCord Construction,Business Entity,business,Gresham,OR,177600,1,2026-08-20,2026-08-20
orestar-20250101-20260928-787cf45dc908,19050,Christine Drazan,committee:13619,Oregon Aging & Disability Services Political Action Committee (13619),Political Committee,other,Salem,OR,175000,2,2025-01-09,2025-12-15
orestar-20250101-20260928-787cf45dc908,19050,Christine Drazan,record:139d5dffde005efb38ab16a8,Craig Spinks,Individual,individual,Gresham,OR,170000,1,2026-08-20,2026-08-20
orestar-20250101-20260928-787cf45dc908,19050,Christine Drazan,record:2c77ebe15308a142eb3a8bb9,David Schutt,Individual,individual,Portland,OR,165000,8,2026-07-12,2026-09-27
orestar-20250101-20260928-787cf45dc908,19050,Christine Drazan,record:63d71fe2f3497132700a5ab2,Matthew Ellison,Individual,individual,Canby,OR,162461,2,2025-12-16,2026-06-29
orestar-20250101-20260928-787cf45dc908,19050,Christine Drazan,record:5efd99eaa3d98ebb63a6a35a,Amy Nguyen,Individual,individual,Canby,OR,156152,1,2026-08-04,2026-08-04
orestar-20250101-20260928-787cf45dc908,19050,Christine Drazan,record:024056a937c682e7761d83a2,Gordon Smith,Individual,individual,Banks,OR,154500,3,2026-04-27,2026-09-21
orestar-20250101-20260928-787cf45dc908,19050,Christine Drazan,record:bfdaec0a36120cbac25b7c82,Bryan Iverson,Individual,individual,Prinveville,OR,150000,1,2026-08-13,2026-08-13
orestar-20250101-20260928-787cf45dc908,19050,Christine Drazan,record:bb2d4b1ed8a7cd36bf3e793e,Chris Fromhart,Individual,individual,Tualatin,OR,150000,1,2026-08-06,2026-08-06
orestar-20250101-20260928-787cf45dc908,19050,Christine Drazan,record:78e8f9e4612c8ee842d60f86,Darren Padget,Individual,individual,Grass Valley,OR,150000,1,2026-09-11,2026-09-11
orestar-20250101-20260928-787cf45dc908,19050,Christine Drazan,record:64aab2fd37b07726194e6657,"David H Allen, Jr.",Individual,individual,Lake Oswego,OR,150000,1,2026-07-31,2026-07-31
orestar-20250101-20260928-787cf45dc908,19050,Christine Drazan,record:79f664c1cd0df2bbec0f3a72,David Ramku,Individual,individual,Portland,OR,150000,1,2026-08-05,2026-08-05
orestar-20250101-20260928-787cf45dc908,19050,Christine Drazan,record:4f770683d07e75c3fdffa824,Dennis McAuliffe,Individual,individual,Lake Oswego,OR,150000,1,2026-08-05,2026-08-05
orestar-20250101-20260928-787cf45dc908,19050,Christine Drazan,record:02d93689577128c4fdbba65d,Duane Fromhart,Individual,individual,Tualatin,OR,150000,1,2026-08-06,2026-08-06
orestar-20250101-20260928-787cf45dc908,19050,Christine Drazan,record:b8d94a7c28db23f0949541da,Eastern Oregon Mining Association,Other,other,Baker City,OR,150000,1,2026-08-17,2026-08-17
orestar-20250101-20260928-787cf45dc908,19050,Christine Drazan,record:bf32fe89a0f0e08d2b604ccd,Edward Shawn Rubesh,Individual,individual,Albany,OR,150000,1,2026-03-18,2026-03-18
orestar-20250101-20260928-787cf45dc908,19050,Christine Drazan,record:a4bf20b3099fe03fb3f6722d,Gail Tatone,Individual,individual,Canby,OR,150000,3,2026-03-02,2026-09-18
orestar-20250101-20260928-787cf45dc908,19050,Christine Drazan,record:87c63d69b47a89512ada4aa2,George O'Toole,Individual,individual,Lake Oswego,OR,150000,1,2026-08-23,2026-08-23
orestar-20250101-20260928-787cf45dc908,19050,Christine Drazan,record:f223112741f26f374a017ea8,Greg Moore,Individual,individual,Portland,OR,150000,1,2026-08-04,2026-08-04
orestar-20250101-20260928-787cf45dc908,19050,Christine Drazan,record:abd7e87fd5bf294a832f6095,Hank McDonald,Individual,individual,Scio,OR,150000,2,2025-12-10,2026-05-01
orestar-20250101-20260928-787cf45dc908,19050,Christine Drazan,record:4b8b1382140cb310ade87eed,Harry Buerer,Individual,individual,Portland,OR,150000,11,2025-11-27,2026-09-22
orestar-20250101-20260928-787cf45dc908,19050,Christine Drazan,record:2ba33961cda30478dc365482,Jan Baldwin,Individual,individual,Lake Oswego,OR,150000,3,2026-01-27,2026-03-30
orestar-20250101-20260928-787cf45dc908,19050,Christine Drazan,record:11684d1083316f3339fecfc5,Jennifer E Currin,Individual,individual,Pendleton,OR,150000,1,2026-09-16,2026-09-16
orestar-20250101-20260928-787cf45dc908,19050,Christine Drazan,record:4fb107a432ae2f17fef982ff,John Blackwell,Individual,individual,Portland,OR,150000,1,2026-07-19,2026-07-19
orestar-20250101-20260928-787cf45dc908,19050,Christine Drazan,record:cbbe4378035985d562382681,John Tess,Individual,individual,Portland,OR,150000,1,2026-05-12,2026-05-12
orestar-20250101-20260928-787cf45dc908,19050,Christine Drazan,record:a9194d19de5d59731b1ddbf2,John W Baker,Individual,individual,Sunriver,OR,150000,2,2026-04-16,2026-07-12
orestar-20250101-20260928-787cf45dc908,19050,Christine Drazan,record:30a4a57e9f67c607330df215,Lori Pavilcek,Individual,individual,Mount Angel,OR,150000,2,2026-03-13,2026-07-08
orestar-20250101-20260928-787cf45dc908,19050,Christine Drazan,record:b831e849712d98d6e36c3c5f,Oregon Beverage Recycling Cooperative,Business Entity,business,Portland,OR,150000,2,2025-01-09,2025-12-15
orestar-20250101-20260928-787cf45dc908,19050,Christine Drazan,record:5cd60a0035a0c1ac125ece9b,Pacific Contractor Supply,Business Entity,business,Albany,OR,150000,2,2026-01-21,2026-05-01
orestar-20250101-20260928-787cf45dc908,19050,Christine Drazan,record:353bfb1c0a80ccec9e73098e,"Pfizer, Inc.",Business Entity,business,Memphis,TN,150000,1,2025-12-15,2025-12-15
orestar-20250101-20260928-787cf45dc908,19050,Christine Drazan,committee:2480,Portland General Electric Employee Candidate Assistance Fund (2480),Political Committee,other,Portland,OR,150000,1,2025-01-09,2025-01-09
orestar-20250101-20260928-787cf45dc908,19050,Christine Drazan,committee:228,Professional Adjusters Interested In Democracy (228),Political Committee,other,Keizer,OR,150000,1,2025-01-09,2025-01-09
orestar-20250101-20260928-787cf45dc908,19050,Christine Drazan,record:7cfd2560a6a26b4706c1d6e7,Randy Zmrhal,Individual,individual,Lake Oswego,OR,150000,1,2026-08-19,2026-08-19
orestar-20250101-20260928-787cf45dc908,19050,Christine Drazan,record:d2dd90b33953fb60fb1cbe0a,Richard Kellum,Individual,individual,Millersburg,OR,150000,1,2026-09-16,2026-09-16
orestar-20250101-20260928-787cf45dc908,19050,Christine Drazan,record:b059aceb8a8cf0646316725e,Sam Kress,Individual,individual,Lake Oswego,OR,150000,1,2026-08-23,2026-08-23
orestar-20250101-20260928-787cf45dc908,19050,Christine Drazan,record:608c188d836e7d09cdff3ae3,Theodore Lyster,Individual,individual,Bend,OR,150000,2,2025-12-15,2026-08-20
orestar-20250101-20260928-787cf45dc908,19050,Christine Drazan,record:418fb915c979035e2c482c0c,Timothy Heater,Individual,individual,Richland,OR,150000,1,2026-01-15,2026-01-15
orestar-20250101-20260928-787cf45dc908,19050,Christine Drazan,record:fab710ee2afaa4cb90167237,Tom Peters,Individual,individual,Vancouver,OR,150000,2,2025-01-08,2026-04-16
orestar-20250101-20260928-787cf45dc908,19050,Christine Drazan,record:386a92ce66c983a4b5bec674,UnitedHealth Group PAC,Unregistered Committee,other,Washington,DC,150000,1,2025-10-18,2025-10-18
orestar-20250101-20260928-787cf45dc908,19050,Christine Drazan,record:7385ecc0dab14002be8148bb,Vann Beckner,Individual,individual,Albany,OR,150000,1,2026-01-21,2026-01-21
orestar-20250101-20260928-787cf45dc908,19050,Christine Drazan,record:7471ca7b3042f8ef94e99ab0,William Langer,Individual,individual,Albany,OR,150000,1,2026-03-18,2026-03-18
orestar-20250101-20260928-787cf45dc908,19050,Christine Drazan,record:002c567110af3f1d58a83681,William Taylor,Individual,individual,Portland,OR,150000,1,2026-08-05,2026-08-05
orestar-20250101-20260928-787cf45dc908,19050,Christine Drazan,record:bd976949081a934f1dc8bc69,John Burnham,Individual,individual,Canby,OR,147832,6,2026-07-22,2026-09-24
orestar-20250101-20260928-787cf45dc908,19050,Christine Drazan,record:15277b2f448a9cbb3bff2e9e,Rebecca Green,Individual,individual,Hillsboro,OR,142012,4,2026-07-21,2026-09-20
orestar-20250101-20260928-787cf45dc908,19050,Christine Drazan,record:8dc54e5aca880a0ba896f46b,Patrick Newton,Individual,individual,Forest Grove,OR,140537,2,2026-08-16,2026-08-17
orestar-20250101-20260928-787cf45dc908,19050,Christine Drazan,record:2e4d86a2eefa3a50021a1b72,Craig Lambert,Individual,individual,West Linn,OR,130127,2,2026-01-11,2026-08-11
orestar-20250101-20260928-787cf45dc908,19050,Christine Drazan,record:38ed6ff3f504305b9e6195de,Jeff Stone,Individual,individual,Portland,OR,130127,3,2026-03-16,2026-08-10
orestar-20250101-20260928-787cf45dc908,19050,Christine Drazan,committee:22216,Morry Jones for Silverton Mayor (22216),Political Committee,other,Silverton,OR,125570,1,2026-08-03,2026-08-03
orestar-20250101-20260928-787cf45dc908,19050,Christine Drazan,record:b23916f24f2ac0c0c1895a64,John Wolf,Individual,individual,Klamath Falls,OR,125000,14,2025-10-28,2026-08-04
orestar-20250101-20260928-787cf45dc908,19050,Christine Drazan,record:73f3ea2dfc87a14c8e45e2df,Lisa Rice,Individual,individual,Albany,OR,125000,2,2026-05-01,2026-09-16
orestar-20250101-20260928-787cf45dc908,19050,Christine Drazan,record:af3ac09cb0886c02870dd2fc,Margie Hunt,Individual,individual,Portland,OR,125000,5,2025-10-31,2026-03-03
orestar-20250101-20260928-787cf45dc908,19050,Christine Drazan,record:e7d0252239d7d471f0b958ee,Sydney Lovely,Individual,individual,Beaverton,OR,125000,2,2025-12-31,2026-08-30
orestar-20250101-20260928-787cf45dc908,19050,Christine Drazan,record:0c7b79da102cc78ab47720b4,Thomas Wimmer,Individual,individual,St. Paul,OR,125000,2,2026-03-13,2026-07-09
orestar-20250101-20260928-787cf45dc908,19050,Christine Drazan,record:629a73478ea0cef7bd9b2110,Van Pounds,Individual,individual,Salem,OR,119305,5,2025-10-28,2026-09-27
orestar-20250101-20260928-787cf45dc908,19050,Christine Drazan,record:49a69c31ed57824a26ecbdd7,Donald Claeys,Individual,individual,Portland,OR,118500,7,2025-07-08,2026-09-08
orestar-20250101-20260928-787cf45dc908,19050,Christine Drazan,record:4e8f994dbd7bf400e6d91230,Richard Coufal,Individual,individual,Sisters,OR,117500,14,2025-10-28,2026-09-20
orestar-20250101-20260928-787cf45dc908,19050,Christine Drazan,record:e06d4a81998191f55ad21780,Collin Crocker,Individual,individual,Monroe,OR,116800,2,2026-05-18,2026-09-16
orestar-20250101-20260928-787cf45dc908,19050,Christine Drazan,record:2eb23a247ddcdb83d2c798a7,Robert Stewart,Individual,individual,Canby,OR,114512,2,2025-11-16,2026-05-21
orestar-20250101-20260928-787cf45dc908,19050,Christine Drazan,record:6f7ff7e8a9fbc784d798846c,Brenton Clair,Individual,individual,Hood River,OR,112502,2,2026-09-21,2026-09-23
orestar-20250101-20260928-787cf45dc908,19050,Christine Drazan,record:76d56d3e6c94b6113e6e15e7,Cheri Frey,Individual,individual,Bend,OR,112500,6,2026-05-05,2026-09-03
orestar-20250101-20260928-787cf45dc908,19050,Christine Drazan,record:e91f56cb9988fa45b0b28852,Mark Burris,Individual,individual,Beaverton,OR,110410,2,2025-12-03,2026-07-20
orestar-20250101-20260928-787cf45dc908,19050,Christine Drazan,record:93ea91d9061bc7ec77ed2765,Calvin Souther,Individual,individual,Pendleton,OR,110000,11,2026-02-12,2026-09-16
orestar-20250101-20260928-787cf45dc908,19050,Christine Drazan,record:c4a053e4aea2b77f6a276d82,Richard Kosesan,Individual,individual,Salem,OR,110000,3,2026-07-24,2026-08-20
orestar-20250101-20260928-787cf45dc908,19050,Christine Drazan,record:e1f131c7f079af92dd8d4a5e,Gary Mittelstaedt,Individual,individual,Lake Oswego,OR,105205,2,2026-08-10,2026-08-25
orestar-20250101-20260928-787cf45dc908,19050,Christine Drazan,record:4e94d7e0a6e77f9a1e3881c4,Duane McDougall,Individual,individual,Lake Oswego,OR,105000,2,2025-09-23,2025-10-23
orestar-20250101-20260928-787cf45dc908,19050,Christine Drazan,record:3a78487dfd2324f0ef40eb72,Brian Skidgel,Individual,individual,Redmond,OR,104102,1,2026-09-09,2026-09-09
orestar-20250101-20260928-787cf45dc908,19050,Christine Drazan,record:ef8d2dfdfa41a58f9319e431,Charles Rowles,Individual,individual,Bend,OR,104102,1,2026-09-14,2026-09-14
orestar-20250101-20260928-787cf45dc908,19050,Christine Drazan,record:ce45cf0a38d641348c219d5d,Cheryl Bauer,Individual,individual,Forest Grove,OR,104102,1,2026-08-18,2026-08-18
orestar-20250101-20260928-787cf45dc908,19050,Christine Drazan,record:4c60b25d0fda0ecaa0c69309,Claudia Bray,Individual,individual,Portland,OR,104102,2,2026-06-25,2026-08-20
orestar-20250101-20260928-787cf45dc908,19050,Christine Drazan,record:0d807ffe9a8888fe12320683,Cliff Seubert,Individual,individual,Colton,OR,104102,1,2026-09-13,2026-09-13
orestar-20250101-20260928-787cf45dc908,19050,Christine Drazan,record:ccaf24955dad49dd4b3c81ec,Debbie Crocker,Individual,individual,Monroe,OR,104102,1,2026-09-22,2026-09-22
orestar-20250101-20260928-787cf45dc908,19050,Christine Drazan,record:104baf974a0f1aced67019ee,Deborah Brown,Individual,individual,White City,OR,104102,1,2026-07-08,2026-07-08
orestar-20250101-20260928-787cf45dc908,19050,Christine Drazan,record:fd0bd93ae83068885aaa888d,Don Vollum,Individual,individual,Portland,OR,104102,1,2026-07-28,2026-07-28
orestar-20250101-20260928-787cf45dc908,19050,Christine Drazan,record:36485b1c173387c39ef79735,Elwood Martin,Individual,individual,Shedd,OR,104102,1,2026-05-04,2026-05-04
orestar-20250101-20260928-787cf45dc908,19050,Christine Drazan,record:6a038d4db997c0f2237d358c,Gary Frederickson,Individual,individual,Boardman,OR,104102,1,2026-08-30,2026-08-30
orestar-20250101-20260928-787cf45dc908,19050,Christine Drazan,record:c0be82cd05a6cc9fb779d7c8,Jenna Evans,Individual,individual,Hermiston,OR,104102,1,2026-09-02,2026-09-02
orestar-20250101-20260928-787cf45dc908,19050,Christine Drazan,record:71e3ce607425b67cafe9cbd3,Jeremy Parker,Individual,individual,Troutdale,OR,104102,1,2026-01-27,2026-01-27
orestar-20250101-20260928-787cf45dc908,19050,Christine Drazan,record:19bea53443352344281c6b2f,Justin Harnish,Individual,individual,Lake Oswego,OR,104102,1,2026-08-20,2026-08-20
orestar-20250101-20260928-787cf45dc908,19050,Christine Drazan,record:147e36a999491b78605d58e0,Karen Banke,Individual,individual,Healdsburg,CA,104102,1,2026-07-29,2026-07-29
orestar-20250101-20260928-787cf45dc908,19050,Christine Drazan,record:d207b3da69bce4e777b1074b,Kieran O'Brien,Individual,individual,Portland,OR,104102,1,2025-10-14,2025-10-14
orestar-20250101-20260928-787cf45dc908,19050,Christine Drazan,record:2466e7959720237b62fd90ba,Larry Lawson,Individual,individual,Portland,OR,104102,1,2025-10-25,2025-10-25
orestar-20250101-20260928-787cf45dc908,19050,Christine Drazan,record:c05db4dc23fa83a056f9da44,Laura Naumes,Individual,individual,Medford,OR,104102,1,2026-08-17,2026-08-17
orestar-20250101-20260928-787cf45dc908,19050,Christine Drazan,record:58b275ed62e605caf05f08e8,Lawrence Hand,Individual,individual,Midland,OR,104102,1,2026-09-24,2026-09-24
orestar-20250101-20260928-787cf45dc908,19050,Christine Drazan,record:d3c3c8f614c04848de8a7fca,Michele Seal,Individual,individual,Wilsonville,OR,104102,1,2026-08-30,2026-08-30
orestar-20250101-20260928-787cf45dc908,19050,Christine Drazan,record:348405536021911597c8b679,Mona Rose,Individual,individual,Hillsboro,OR,104102,1,2025-12-31,2025-12-31
orestar-20250101-20260928-787cf45dc908,19050,Christine Drazan,record:e0c8a35eec0688dac3738965,Pamela Kniffin,Individual,individual,Salem,OR,104102,1,2026-09-09,2026-09-09
orestar-20250101-20260928-787cf45dc908,19050,Christine Drazan,record:a52e519751dfb127da65dc74,Robert Johnson,Individual,individual,Canby,OR,104102,1,2026-04-13,2026-04-13
orestar-20250101-20260928-787cf45dc908,19050,Christine Drazan,record:32fa8bf5545cd0053ea98c86,Ron Saxton,Individual,individual,Vancouver,WA,104102,1,2026-08-04,2026-08-04
orestar-20250101-20260928-787cf45dc908,19050,Christine Drazan,record:a95095680e6589ed69ae27f2,Ryan Rafeh,Individual,individual,Portland,OR,104102,1,2026-05-27,2026-05-27
orestar-20250101-20260928-787cf45dc908,19050,Christine Drazan,record:3eef7889aa94ac34a8828924,Thilo Best,Individual,individual,Tampa,FL,104102,1,2026-08-25,2026-08-25
orestar-20250101-20260928-787cf45dc908,19050,Christine Drazan,record:e7d82a9689cca66cf0b3ee04,Thomas Feliz,Individual,individual,Portland,OR,104102,2,2026-02-01,2026-09-24
orestar-20250101-20260928-787cf45dc908,19050,Christine Drazan,record:b3c4bd994461431ca79ad5aa,Thomas Hageman,Individual,individual,Lake Oswego,OR,104102,1,2026-07-27,2026-07-27
orestar-20250101-20260928-787cf45dc908,19050,Christine Drazan,record:73775ab75628612b5e490779,Tim Davis,Individual,individual,Keizer,OR,104102,1,2026-08-10,2026-08-10
orestar-20250101-20260928-787cf45dc908,19050,Christine Drazan,record:5299bbf0305578af85f3fa4f,Vincent Culp,Individual,individual,Sandy,OR,104102,1,2026-08-30,2026-08-30
orestar-20250101-20260928-787cf45dc908,19050,Christine Drazan,record:74673a49fdb7745b348801c2,Vonnie Powley,Individual,individual,Klamath Falls,OR,104102,1,2026-08-16,2026-08-16
orestar-20250101-20260928-787cf45dc908,19050,Christine Drazan,record:dbab33d2e54d6d83ffd0433c,"Milton Moran, Jr.",Individual,individual,Sweet Home,OR,104100,10,2025-12-01,2026-09-03
orestar-20250101-20260928-787cf45dc908,19050,Christine Drazan,record:8f71c6c02c80dc73e48ccfbf,Bill Shaver,Individual,individual,Damascus,OR,104000,21,2025-10-03,2026-07-14
orestar-20250101-20260928-787cf45dc908,19050,Christine Drazan,record:8f8af6a34e7ce57e326fb725,Heidi Saldivar,Individual,individual,Portland,OR,102500,3,2026-06-30,2026-09-08
orestar-20250101-20260928-787cf45dc908,19050,Christine Drazan,record:7608227cb282bc0c70c62d3d,George Diamond,Individual,individual,Lake Oswego,OR,102051,2,2026-08-23,2026-08-23
orestar-20250101-20260928-787cf45dc908,19050,Christine Drazan,record:3dcdfb514a8e60b204bdf52f,Daniel Berger,Individual,individual,Sioux Falls,SD,101500,26,2025-11-15,2026-06-30
orestar-20250101-20260928-787cf45dc908,19050,Christine Drazan,record:a45d6fc536010a5c1e41f144,Allen Amabisca,Individual,individual,Hillsboro,OR,101025,3,2026-06-02,2026-09-01
orestar-20250101-20260928-787cf45dc908,19050,Christine Drazan,record:4a073fee256d160a828f98c8,Ace Metal Works LLC,Business Entity,business,Albany,OR,100000,1,2026-05-01,2026-05-01
orestar-20250101-20260928-787cf45dc908,19050,Christine Drazan,record:dfd1a21941858b6e6071328f,Adrienne McLaughlin,Individual,individual,Beaverton,OR,100000,1,2026-08-31,2026-08-31
orestar-20250101-20260928-787cf45dc908,19050,Christine Drazan,record:825c08e89d5def4051d77f27,Alan Davidson,Individual,individual,Oregon City,OR,100000,2,2026-08-24,2026-09-11
orestar-20250101-20260928-787cf45dc908,19050,Christine Drazan,record:c26ec5a7495143d9d6e4d2b2,Alan Von Borstel,Individual,individual,Grass Valley,OR,100000,1,2026-08-26,2026-08-26
orestar-20250101-20260928-787cf45dc908,19050,Christine Drazan,record:b9f2acbbd02d6e2f2cd014ff,Albertsons Companies Inc.,Business Entity,business,Phoenix,AZ,100000,1,2025-10-22,2025-10-22
orestar-20250101-20260928-787cf45dc908,19050,Christine Drazan,record:f8dbb3bfd879c5e80a033c00,Allace Plummer,Individual,individual,Eugene,OR,100000,1,2026-09-21,2026-09-21
orestar-20250101-20260928-787cf45dc908,19050,Christine Drazan,record:6c534f6db585dee504ece009,Allstate Insurance Company,Business Entity,business,Northbrook,IL,100000,1,2026-01-05,2026-01-05
orestar-20250101-20260928-787cf45dc908,19050,Christine Drazan,record:3321de2613f5587361e3e544,Andrew Ulven,Individual,individual,Silverton,OR,100000,1,2026-03-13,2026-03-13
orestar-20250101-20260928-787cf45dc908,19050,Christine Drazan,record:0db395d90d93ff4335708c06,Anheuser Busch,Business Entity,business,St. Louis,MO,100000,1,2025-12-18,2025-12-18
orestar-20250101-20260928-787cf45dc908,19050,Christine Drazan,record:542343758c79f80dc9f8ec84,Annie Athon Heck,Individual,individual,Corvallis,OR,100000,1,2026-09-23,2026-09-23
orestar-20250101-20260928-787cf45dc908,19050,Christine Drazan,record:0ac1d1a85ae5011e918d7da8,Ante Skoro,Individual,individual,Clackamas,OR,100000,1,2026-05-10,2026-05-10
orestar-20250101-20260928-787cf45dc908,19050,Christine Drazan,record:45570c0c0a3407b243d900f5,Arthur Stabenow,Individual,individual,Happy Valley,OR,100000,1,2026-08-14,2026-08-14
orestar-20250101-20260928-787cf45dc908,19050,Christine Drazan,record:39e1e9fa12a669f3af747309,"BASM Properties, LLC",Business Entity,business,Albany,OR,100000,1,2026-05-01,2026-05-01
orestar-20250101-20260928-787cf45dc908,19050,Christine Drazan,record:404c045461fc245e3a641bb1,"Barbara Schmidt, III",Individual,individual,Boring,OR,100000,1,2026-08-20,2026-08-20
orestar-20250101-20260928-787cf45dc908,19050,Christine Drazan,record:c60228229915b2bc219b9b5d,"Bay Island Fisheries, Inc.",Business Entity,business,Siletz,OR,100000,1,2026-09-04,2026-09-04
orestar-20250101-20260928-787cf45dc908,19050,Christine Drazan,record:215c61b8414cb8c1dba7b019,Benjamin Verhoeven,Individual,individual,Albany,OR,100000,1,2026-03-13,2026-03-13
orestar-20250101-20260928-787cf45dc908,19050,Christine Drazan,record:4a47d0040762083bad81ce17,Bergemann Construction,Business Entity,business,Astoria,OR,100000,1,2026-09-08,2026-09-08
orestar-20250101-20260928-787cf45dc908,19050,Christine Drazan,record:2a4f93ca57a7bb42996f0e4a,Big River Construction Inc.,Business Entity,business,Astoria,OR,100000,1,2026-09-04,2026-09-04
orestar-20250101-20260928-787cf45dc908,19050,Christine Drazan,record:6de879420c696dadfb610e6c,Big River Pizza & Grill LLC,Business Entity,business,Arlington,OR,100000,1,2026-04-03,2026-04-03
orestar-20250101-20260928-787cf45dc908,19050,Christine Drazan,record:37d5f8ce2d4dbb51ddf4ffab,Bill Kik,Individual,individual,Hermiston,OR,100000,10,2025-10-31,2026-09-01
orestar-20250101-20260928-787cf45dc908,19050,Christine Drazan,record:e1f374f00fe917ff876d038b,Bob VanderZanden,Individual,individual,Hillsboro,OR,100000,1,2026-01-31,2026-01-31
orestar-20250101-20260928-787cf45dc908,19050,Christine Drazan,record:c0d5d8673741d8adb2577363,Brad Root,Individual,individual,Wilsonville,OR,100000,1,2026-09-23,2026-09-23
orestar-20250101-20260928-787cf45dc908,19050,Christine Drazan,record:c4d8e54f618f28912da4ed19,Brian Bishop,Individual,individual,Portland,OR,100000,1,2026-07-20,2026-07-20
orestar-20250101-20260928-787cf45dc908,19050,Christine Drazan,record:fe9adb2e89ece46f502072f1,Bruce Pettet,Individual,individual,Gearhart,OR,100000,1,2026-07-12,2026-07-12
orestar-20250101-20260928-787cf45dc908,19050,Christine Drazan,record:92c6afd93b84c12ab2577cc7,"CVS Health/CVS Pharmacy, Inc.",Business Entity,business,Woonsocket,RI,100000,1,2026-01-12,2026-01-12
orestar-20250101-20260928-787cf45dc908,19050,Christine Drazan,committee:26,Cable Operators Political Action Committee (26),Political Committee,other,Salem,OR,100000,1,2025-01-09,2025-01-09
orestar-20250101-20260928-787cf45dc908,19050,Christine Drazan,record:0edad0bae5be0a5e4a89a63f,Carl Christoferson,Individual,individual,Lake Oswego,OR,100000,1,2026-08-05,2026-08-05
orestar-20250101-20260928-787cf45dc908,19050,Christine Drazan,record:b91c4500795daebaf1597749,Carl Seehawer,Individual,individual,Sutherlin,OR,100000,1,2026-09-23,2026-09-23
orestar-20250101-20260928-787cf45dc908,19050,Christine Drazan,record:b2211e27606ae566b02dbf3b,Carolyn Christoferson,Individual,individual,Lake Oswego,OR,100000,1,2026-05-15,2026-05-15
orestar-20250101-20260928-787cf45dc908,19050,Christine Drazan,record:8ff6e6124293d4fcdf493298,Cary Johnson,Individual,individual,Astoria,OR,100000,1,2026-09-04,2026-09-04
orestar-20250101-20260928-787cf45dc908,19050,Christine Drazan,record:4da60af366982bba145bffeb,Castel's Southside LLC,Business Entity,business,Klamath Falls,OR,100000,1,2026-08-24,2026-08-24
orestar-20250101-20260928-787cf45dc908,19050,Christine Drazan,record:5ade7fb02a8d5507fd9172ae,Charlene Pepper,Individual,individual,Philomath,OR,100000,1,2026-07-22,2026-07-22
orestar-20250101-20260928-787cf45dc908,19050,Christine Drazan,record:56de34251fc0f1f148f4e81f,Cheryl Dean,Individual,individual,Myrtle Creek,OR,100000,2,2026-06-03,2026-08-24
orestar-20250101-20260928-787cf45dc908,19050,Christine Drazan,record:a382e62e9588d78f4bdc2a8a,Cheryl Pugh,Individual,individual,Shedd,OR,100000,1,2026-04-20,2026-04-20
orestar-20250101-20260928-787cf45dc908,19050,Christine Drazan,record:3202819d78a011c9179985c9,Chris Rasmussen,Individual,individual,Beaverton,OR,100000,1,2026-09-08,2026-09-08
orestar-20250101-20260928-787cf45dc908,19050,Christine Drazan,record:9c1499ea7d43a2d910b32b0e,Cindy L Hamel,Individual,individual,Klamath Falls,OR,100000,1,2026-08-21,2026-08-21
orestar-20250101-20260928-787cf45dc908,19050,Christine Drazan,committee:14183,Citizens for Tony DeBone (14183),Political Committee,other,La Pine,OR,100000,1,2026-08-11,2026-08-11
orestar-20250101-20260928-787cf45dc908,19050,Christine Drazan,record:92fad41f736fc6d1fc6f3fbe,Clay Turner,Individual,individual,Portland,OR,100000,1,2026-09-09,2026-09-09
orestar-20250101-20260928-787cf45dc908,19050,Christine Drazan,record:ff124cb2aa92129b0099a344,Clifford Kohler,Individual,individual,Gresham,OR,100000,1,2026-01-26,2026-01-26
orestar-20250101-20260928-787cf45dc908,19050,Christine Drazan,record:be2f6668491f35e5ea42cdb3,Clifford Wagner,Individual,individual,Mount Hood Parkdale,OR,100000,1,2026-05-14,2026-05-14
orestar-20250101-20260928-787cf45dc908,19050,Christine Drazan,committee:298,Columbia County Republican Central Committee (298),Political Party Committee,candidates,Deer Island,OR,100000,1,2026-06-03,2026-06-03
orestar-20250101-20260928-787cf45dc908,19050,Christine Drazan,record:a2dd8bea392ccce87af15f15,Craig M Cochran,Individual,individual,Newport,OR,100000,1,2026-08-10,2026-08-10
orestar-20250101-20260928-787cf45dc908,19050,Christine Drazan,record:9eb658269600dd6430436662,Dan Smith,Individual,individual,Bend,OR,100000,1,2026-08-11,2026-08-11
orestar-20250101-20260928-787cf45dc908,19050,Christine Drazan,record:0bf78877ffca4db51c0a8531,Dave Koellermeier,Individual,individual,Wilsonville,OR,100000,1,2026-08-14,2026-08-14
orestar-20250101-20260928-787cf45dc908,19050,Christine Drazan,record:ee5ab2c2cf4d3b726ee2fdda,David A Hamel,Individual,individual,Klamath Falls,OR,100000,1,2026-08-21,2026-08-21
orestar-20250101-20260928-787cf45dc908,19050,Christine Drazan,record:1b71b9037d2c536a4be1d5c7,David Nemarnik,Individual,individual,Sherwood,OR,100000,1,2026-08-20,2026-08-20
orestar-20250101-20260928-787cf45dc908,19050,Christine Drazan,record:cbfeff62bb8453054cf3e699,David Perlenfein,Individual,individual,Albany,OR,100000,1,2025-12-10,2025-12-10
orestar-20250101-20260928-787cf45dc908,19050,Christine Drazan,record:cdeab67a58a3a328bb91a40c,David Spangler,Individual,individual,Klamath Falls,OR,100000,1,2026-04-10,2026-04-10
orestar-20250101-20260928-787cf45dc908,19050,Christine Drazan,record:5e8dff77d10060a2caca5d5f,David Wanous,Individual,individual,Aurora,OR,100000,1,2026-08-11,2026-08-11
orestar-20250101-20260928-787cf45dc908,19050,Christine Drazan,record:13d79411aa582498c4ffbaef,David Wehrly,Individual,individual,Dufur,OR,100000,1,2026-07-13,2026-07-13
orestar-20250101-20260928-787cf45dc908,19050,Christine Drazan,record:a90e5d63ceb2dca863cbcf1b,Dean Phillips,Individual,individual,Canby,OR,100000,1,2025-12-29,2025-12-29
orestar-20250101-20260928-787cf45dc908,19050,Christine Drazan,record:c199e9be96148be235c7be72,Dean Schrock Trust,Other,other,Tangent,OR,100000,1,2026-03-23,2026-03-23
orestar-20250101-20260928-787cf45dc908,19050,Christine Drazan,record:cbc3c8635be8bdf3358d106d,Debbie Laitta,Individual,individual,Lake Oswego,OR,100000,1,2026-09-14,2026-09-14
orestar-20250101-20260928-787cf45dc908,19050,Christine Drazan,record:a294bdd3ed74e0d30884d470,Deborah Brown,Individual,individual,Hillsboro,OR,100000,1,2026-08-17,2026-08-17
orestar-20250101-20260928-787cf45dc908,19050,Christine Drazan,record:d72f42fcc645b2daef0c25a0,Donna G Faith,Individual,individual,Bend,OR,100000,1,2026-08-14,2026-08-14
orestar-20250101-20260928-787cf45dc908,19050,Christine Drazan,record:c3ea39dd6f7b901ffb758801,Doris Hodge,Individual,individual,Sisters,OR,100000,1,2026-08-11,2026-08-11
orestar-20250101-20260928-787cf45dc908,19050,Christine Drazan,record:c5aaff2bfb94e9e5aeb5f5fa,Dorothy Cofield,Individual,individual,Portland,OR,100000,1,2026-08-20,2026-08-20
orestar-20250101-20260928-787cf45dc908,19050,Christine Drazan,record:7270b471bc63ec15c0774629,Douglass Neuman,Individual,individual,Ashland,OR,100000,1,2026-09-03,2026-09-03
orestar-20250101-20260928-787cf45dc908,19050,Christine Drazan,record:37f343021009def37b870467,Duane Hand,Individual,individual,Christmas Valley,OR,100000,1,2026-09-27,2026-09-27
orestar-20250101-20260928-787cf45dc908,19050,Christine Drazan,record:314ccd12a5438ceaada9c2c5,Dylan Erickson,Individual,individual,Scottsdale,AZ,100000,1,2026-07-19,2026-07-19
orestar-20250101-20260928-787cf45dc908,19050,Christine Drazan,record:41d8eeacebdce82a241715a8,Edith Salmon,Individual,individual,Newberg,OR,100000,1,2026-08-24,2026-08-24
orestar-20250101-20260928-787cf45dc908,19050,Christine Drazan,record:aa22ca10d29bd3b7be2cef63,Eli Lilly and Company & Subsidiaries,Business Entity,business,Indianapolis,IN,100000,1,2025-10-24,2025-10-24
orestar-20250101-20260928-787cf45dc908,19050,Christine Drazan,record:998e5acaec14dbd2e61557b4,Everones Market #6,Business Entity,business,Eugene,OR,100000,1,2026-08-21,2026-08-21
orestar-20250101-20260928-787cf45dc908,19050,Christine Drazan,committee:21903,Friends of Emily McIntire (21903),Political Committee,other,Eagle Point,OR,100000,1,2026-08-24,2026-08-24
orestar-20250101-20260928-787cf45dc908,19050,Christine Drazan,record:6ca9bc19bb2421af1ac5605e,Gallatin Public Affairs,Business Entity,business,Lake Oswego,OR,100000,1,2025-01-11,2025-01-11
orestar-20250101-20260928-787cf45dc908,19050,Christine Drazan,record:ae91f6d5091411282d6ed81c,Gary Combs,Individual,individual,Lake Oswego,OR,100000,2,2026-03-02,2026-08-19
orestar-20250101-20260928-787cf45dc908,19050,Christine Drazan,record:547f7f550e9b898ce43e4959,George Emmerson,Individual,individual,Redding,CA,100000,1,2026-09-23,2026-09-23
orestar-20250101-20260928-787cf45dc908,19050,Christine Drazan,record:0f38cde4689211cfef5f1232,GlaxoSmithKline LLC PAC (GSK PAC),Unregistered Committee,other,Washington,DC,100000,1,2025-08-06,2025-08-06
orestar-20250101-20260928-787cf45dc908,19050,Christine Drazan,record:67cca7a8e1ff2a0e422c3c58,Gordon Root,Individual,individual,Hayden,OR,100000,1,2026-09-10,2026-09-10
orestar-20250101-20260928-787cf45dc908,19050,Christine Drazan,record:d03b6af0dea0faedf7596a28,Gordon Satrum,Individual,individual,Canby,OR,100000,1,2026-03-06,2026-03-06
orestar-20250101-20260928-787cf45dc908,19050,Christine Drazan,record:fe5e7c8e0da488ec8cbdd8c9,Greg Frick,Individual,individual,Portland,OR,100000,1,2026-08-23,2026-08-23
orestar-20250101-20260928-787cf45dc908,19050,Christine Drazan,record:0d596658298d834e2763a764,Greg Pilcher,Individual,individual,Silverton,OR,100000,1,2026-07-15,2026-07-15
orestar-20250101-20260928-787cf45dc908,19050,Christine Drazan,record:b6a4d607d9064ecab350ca23,Gregory Perrin,Individual,individual,Franklin,TN,100000,1,2026-08-07,2026-08-07
orestar-20250101-20260928-787cf45dc908,19050,Christine Drazan,record:63c281252dca4d4c0ff5329c,HD2N Leasing Co.,Business Entity,business,Boring,OR,100000,1,2026-08-14,2026-08-14
orestar-20250101-20260928-787cf45dc908,19050,Christine Drazan,record:0bd8c7762f931463a4b86c28,"Haener Farms, Inc.",Business Entity,business,Aurora,OR,100000,1,2026-07-08,2026-07-08
orestar-20250101-20260928-787cf45dc908,19050,Christine Drazan,record:9e5c93b6db467eac8f3dccf1,Halc Investments LLC,Business Entity,business,Portland,OR,100000,1,2026-08-26,2026-08-26
orestar-20250101-20260928-787cf45dc908,19050,Christine Drazan,record:ac38618fe89135b7123f5ea9,Harbor Industrial Services Corporation,Business Entity,business,San Pedro,CA,100000,1,2025-10-30,2025-10-30
orestar-20250101-20260928-787cf45dc908,19050,Christine Drazan,record:90fe82d588f4bc6d86c21f75,Hazelnut Growers of Oregon,Other,other,Aurora,OR,100000,1,2025-11-06,2025-11-06
orestar-20250101-20260928-787cf45dc908,19050,Christine Drazan,record:7906a1f49087ee5c124561a0,Iron Mountain Construction Inc.,Business Entity,business,Lake Oswego,OR,100000,1,2025-11-06,2025-11-06
orestar-20250101-20260928-787cf45dc908,19050,Christine Drazan,record:536b2be89cd3f322d4ca86f5,J.W. Farms Inc.,Business Entity,business,Aurora,OR,100000,1,2025-11-06,2025-11-06
orestar-20250101-20260928-787cf45dc908,19050,Christine Drazan,record:8e8b16ab4b7b2a6f96da8f80,"James Gaetz Properties, LLC",Business Entity,business,Henderson,NV,100000,1,2026-09-24,2026-09-24
orestar-20250101-20260928-787cf45dc908,19050,Christine Drazan,record:b691a1b4334498b5e5fe6398,James Prude,Individual,individual,Dallas,TX,100000,1,2026-09-22,2026-09-22
orestar-20250101-20260928-787cf45dc908,19050,Christine Drazan,record:31eb54a4d0a5590aecc39fc2,James Simnitt,Individual,individual,Canby,OR,100000,1,2026-03-10,2026-03-10
orestar-20250101-20260928-787cf45dc908,19050,Christine Drazan,record:61ffbb1268bca0e76a0c0ee4,James Swenson,Individual,individual,Mcminville,OR,100000,1,2026-07-27,2026-07-27
orestar-20250101-20260928-787cf45dc908,19050,Christine Drazan,record:f195aa8b84edc7aa7ee32148,Jason Cole,Individual,individual,Merrill,OR,100000,1,2026-08-18,2026-08-18
orestar-20250101-20260928-787cf45dc908,19050,Christine Drazan,record:40615dad2f77390534576df8,Jason Nofziger,Individual,individual,Tangent,OR,100000,1,2025-11-04,2025-11-04
orestar-20250101-20260928-787cf45dc908,19050,Christine Drazan,record:9d7cf20150879f4b85fd4231,Java Network,Business Entity,business,Albany,OR,100000,1,2026-09-16,2026-09-16
orestar-20250101-20260928-787cf45dc908,19050,Christine Drazan,record:d47239c8dedd2c0d803b5a58,Jeff Benge,Individual,individual,West Linn,OR,100000,1,2026-06-02,2026-06-02
orestar-20250101-20260928-787cf45dc908,19050,Christine Drazan,record:1b151a90a97a6bc55a4519a5,Jeff Brown,Individual,individual,Portland,OR,100000,1,2026-04-30,2026-04-30
orestar-20250101-20260928-787cf45dc908,19050,Christine Drazan,record:aa734cebcc379ca282e00170,Jeff Howell,Individual,individual,Turner,OR,100000,1,2026-04-22,2026-04-22
orestar-20250101-20260928-787cf45dc908,19050,Christine Drazan,record:6e1e99760c0a0926b0373553,Jim Eastridge,Individual,individual,Salem,OR,100000,1,2026-09-03,2026-09-03
orestar-20250101-20260928-787cf45dc908,19050,Christine Drazan,record:a1b7d2fec66dc6e02f2fe019,Joanne Nelson,Individual,individual,Lebanon,OR,100000,2,2026-01-23,2026-04-13
orestar-20250101-20260928-787cf45dc908,19050,Christine Drazan,record:ec7a5d3e3958023fb69c0ca6,John & Leslie Jenks Trust,Other,other,Albany,OR,100000,1,2026-03-23,2026-03-23
orestar-20250101-20260928-787cf45dc908,19050,Christine Drazan,record:78488047ed160c2e2ade132a,John Corden,Individual,individual,Corvallis,OR,100000,1,2026-05-01,2026-05-01
orestar-20250101-20260928-787cf45dc908,19050,Christine Drazan,record:fd7ed471bbcc39da27d42079,John Dillon,Individual,individual,Dufur,OR,100000,1,2026-08-11,2026-08-11
orestar-20250101-20260928-787cf45dc908,19050,Christine Drazan,record:57e1545891a40dc9b14488db,John McQuaig,Individual,individual,Wenatchee,WA,100000,1,2026-09-16,2026-09-16
orestar-20250101-20260928-787cf45dc908,19050,Christine Drazan,record:c2a978d559f318d6038ce5e1,"John P Derouin Insurance & Financial Services, LLC",Business Entity,business,Albany,OR,100000,1,2026-05-01,2026-05-01
orestar-20250101-20260928-787cf45dc908,19050,Christine Drazan,record:61902f9842b5968d1f24c6d6,John Richardson,Individual,individual,Portland,OR,100000,1,2025-12-24,2025-12-24
orestar-20250101-20260928-787cf45dc908,19050,Christine Drazan,record:caa9e9417c862158c39d71b9,Jon C Sandstrom,Individual,individual,Gresham,OR,100000,1,2026-08-20,2026-08-20
orestar-20250101-20260928-787cf45dc908,19050,Christine Drazan,record:7790e411dc19b61509def83d,Jon Kreitz,Individual,individual,Portland,OR,100000,1,2026-08-31,2026-08-31
orestar-20250101-20260928-787cf45dc908,19050,Christine Drazan,record:712a234d9a745e04e5761fe9,Joseph A LaVerdure,Individual,individual,Pendleton,OR,100000,1,2026-08-14,2026-08-14
orestar-20250101-20260928-787cf45dc908,19050,Christine Drazan,record:5fcc8fc413acba6788a6a06e,Josephina Schommer,Individual,individual,Portland,OR,100000,1,2026-08-20,2026-08-20
orestar-20250101-20260928-787cf45dc908,19050,Christine Drazan,record:fb613f816e99ad01f74e7b09,Justin Stinson,Individual,individual,Scio,OR,100000,1,2025-12-10,2025-12-10
orestar-20250101-20260928-787cf45dc908,19050,Christine Drazan,record:78519ba4febb78b5585b7041,Karin Satrum,Individual,individual,Canby,OR,100000,1,2026-03-06,2026-03-06
orestar-20250101-20260928-787cf45dc908,19050,Christine Drazan,record:0c4f82a2f4106b0831521157,Kathleen Smith,Individual,individual,Lake Oswego,OR,100000,1,2026-09-11,2026-09-11
orestar-20250101-20260928-787cf45dc908,19050,Christine Drazan,record:5ed419f9bdec8a8ca69dee16,Kathy LeCompte,Individual,individual,Salem,OR,100000,3,2025-01-11,2026-07-08
orestar-20250101-20260928-787cf45dc908,19050,Christine Drazan,record:be1b26d36442bf2c7f7236ce,Kelly Dawn Koenig,Individual,individual,Tualatin,OR,100000,1,2025-11-06,2025-11-06
orestar-20250101-20260928-787cf45dc908,19050,Christine Drazan,record:4c2f0ddc226b14cfa029c18f,Ken & Daughter Jewelers Inc.,Business Entity,business,Newberg,OR,100000,1,2026-08-24,2026-08-24
orestar-20250101-20260928-787cf45dc908,19050,Christine Drazan,record:98ff8d89fa4ebd1dfe961870,Kent Madison,Individual,individual,Echo,OR,100000,1,2026-08-12,2026-08-12
orestar-20250101-20260928-787cf45dc908,19050,Christine Drazan,record:187e04fb58992139252ba7f0,Kimberly Griffiths,Individual,individual,Amity,OR,100000,1,2026-08-07,2026-08-07
orestar-20250101-20260928-787cf45dc908,19050,Christine Drazan,record:c57355abda4e62d6f43c4b43,"Knox Ag Irrigation, Inc.",Business Entity,business,Harrisburg,OR,100000,1,2026-05-01,2026-05-01
orestar-20250101-20260928-787cf45dc908,19050,Christine Drazan,record:dda2f6c6ec7d3f748492e331,Kutsch Dentistry,Business Entity,business,Albany,OR,100000,1,2025-12-29,2025-12-29
orestar-20250101-20260928-787cf45dc908,19050,Christine Drazan,record:e29f96054d37ced665d7bc9d,Kyle Izatt,Individual,individual,Auora,OR,100000,1,2025-11-06,2025-11-06
orestar-20250101-20260928-787cf45dc908,19050,Christine Drazan,record:41e3019a2c8f6a22d5bceb87,"Lacamas Laboratories, Inc.",Business Entity,business,Portland,OR,100000,1,2026-01-21,2026-01-21
orestar-20250101-20260928-787cf45dc908,19050,Christine Drazan,record:222b0c440bba54117437d8e6,Larry E Bell,Individual,individual,Tigard,OR,100000,1,2026-08-14,2026-08-14
orestar-20250101-20260928-787cf45dc908,19050,Christine Drazan,record:a8959f9cd45e604a1c0addbd,Lars Reierson,Individual,individual,Hood River,OR,100000,1,2026-07-13,2026-07-13
orestar-20250101-20260928-787cf45dc908,19050,Christine Drazan,record:fac90405c319c080bd568ce6,Laura Dorn,Individual,individual,Salem,OR,100000,3,2025-12-31,2026-09-09
orestar-20250101-20260928-787cf45dc908,19050,Christine Drazan,record:0b9d6d797474c983f05141ac,Laura Nova,Individual,individual,Albany,OR,100000,1,2026-01-21,2026-01-21
orestar-20250101-20260928-787cf45dc908,19050,Christine Drazan,record:638374c4132d365c7add5314,Laura Schroeder,Individual,individual,Sumpter,OR,100000,2,2025-12-23,2026-05-15
orestar-20250101-20260928-787cf45dc908,19050,Christine Drazan,record:f14a36622e0bee43e8e97f4c,Leland P James,Individual,individual,Henderson,NV,100000,1,2026-09-24,2026-09-24
orestar-20250101-20260928-787cf45dc908,19050,Christine Drazan,record:ea52190bf5a875d8e95c1bfa,Leone Slater,Individual,individual,Philomath,OR,100000,1,2026-07-08,2026-07-08
orestar-20250101-20260928-787cf45dc908,19050,Christine Drazan,record:ae132d8952d25878e8ae013a,Les Fahey,Individual,individual,Portland,OR,100000,1,2026-08-18,2026-08-18
orestar-20250101-20260928-787cf45dc908,19050,Christine Drazan,record:57ee110b787649961f570e83,Lesley McCann,Individual,individual,Bend,OR,100000,1,2026-09-23,2026-09-23
orestar-20250101-20260928-787cf45dc908,19050,Christine Drazan,record:6266e23fa6843933c2b40ced,Linda Hallberg,Individual,individual,Tualatin,OR,100000,1,2026-08-13,2026-08-13
orestar-20250101-20260928-787cf45dc908,19050,Christine Drazan,record:cb14b91b8e613744ae184704,Linda K Owen Revocable Living Trust,Other,other,Corvallis,OR,100000,1,2026-09-23,2026-09-23
orestar-20250101-20260928-787cf45dc908,19050,Christine Drazan,record:46edc2e200073b25c801eeb7,Linda Rondeau,Individual,individual,Roseburg,OR,100000,1,2026-05-11,2026-05-11
orestar-20250101-20260928-787cf45dc908,19050,Christine Drazan,record:bb5d7098e9efac5ad53c2002,Liskey Farms Inc.,Business Entity,business,Klamath Falls,OR,100000,1,2026-03-31,2026-03-31
orestar-20250101-20260928-787cf45dc908,19050,Christine Drazan,record:c0d04659a0ae10d81ef238db,Loren Watts,Individual,individual,Milwaukie,OR,100000,1,2026-04-28,2026-04-28
orestar-20250101-20260928-787cf45dc908,19050,Christine Drazan,record:2189a1e2bc4a6c2f90acf96e,Lori Howard,Individual,individual,Medford,OR,100000,1,2026-08-31,2026-08-31
orestar-20250101-20260928-787cf45dc908,19050,Christine Drazan,record:abed0a0e683e8a102ec7af23,Lori Johnson,Individual,individual,Redmond,OR,100000,1,2026-07-30,2026-07-30
orestar-20250101-20260928-787cf45dc908,19050,Christine Drazan,record:cf035764ad9e5538d893a2cc,Lori Sprague,Individual,individual,Canby,OR,100000,1,2026-09-03,2026-09-03
orestar-20250101-20260928-787cf45dc908,19050,Christine Drazan,record:d5536a5c08d641d28a5520f2,Lorrie Amaya,Individual,individual,Klamath Falls,OR,100000,1,2026-09-14,2026-09-14
orestar-20250101-20260928-787cf45dc908,19050,Christine Drazan,record:a409fce70e1f780b5de8124e,Luke Fortier,Individual,individual,Albany,OR,100000,1,2026-03-05,2026-03-05
orestar-20250101-20260928-787cf45dc908,19050,Christine Drazan,record:091ebb21c24f59ba95668a72,"Lumen Technologies Service Group, LLC",Business Entity,business,Monroe,LA,100000,1,2025-12-31,2025-12-31
orestar-20250101-20260928-787cf45dc908,19050,Christine Drazan,record:8ab020b267b23eca2981fe1c,Luther Horsley,Individual,individual,Midland,OR,100000,1,2026-08-21,2026-08-21
orestar-20250101-20260928-787cf45dc908,19050,Christine Drazan,record:547ea052cd6f2bac661dbca4,Lynne Knecht,Individual,individual,Eugene,OR,100000,1,2026-09-04,2026-09-04
orestar-20250101-20260928-787cf45dc908,19050,Christine Drazan,record:77de78256957a00c7602281a,M & J Davis Family LLC,Business Entity,business,Portland,OR,100000,1,2026-08-05,2026-08-05
orestar-20250101-20260928-787cf45dc908,19050,Christine Drazan,record:608bdaf033507339458b8536,"Marathon Fisheries, Inc.",Business Entity,business,Siletz,OR,100000,1,2026-09-04,2026-09-04
orestar-20250101-20260928-787cf45dc908,19050,Christine Drazan,record:74f60260af4d8172f14227da,Mark Cary,Individual,individual,Astoria,OR,100000,1,2026-09-09,2026-09-09
orestar-20250101-20260928-787cf45dc908,19050,Christine Drazan,record:ce1bdcd74a2b255196a1cc80,Mark DeLapp,Individual,individual,Portland,OR,100000,2,2025-11-12,2025-12-02
orestar-20250101-20260928-787cf45dc908,19050,Christine Drazan,record:cc30680241618bb27e215712,Marvin John La Porte,Individual,individual,Henderson,NV,100000,1,2026-08-14,2026-08-14
orestar-20250101-20260928-787cf45dc908,19050,Christine Drazan,record:4a99d3160c933dcbf4049303,Mary Kay Taylor,Individual,individual,Lake Oswego,OR,100000,1,2026-08-11,2026-08-11
orestar-20250101-20260928-787cf45dc908,19050,Christine Drazan,record:23a8059fc57724126e98b0ce,Mary Rose,Individual,individual,Hillsboro,OR,100000,1,2026-07-09,2026-07-09
orestar-20250101-20260928-787cf45dc908,19050,Christine Drazan,record:64b8cf90ed4d360af9dded5c,Max Brown,Individual,individual,Salem,OR,100000,1,2026-09-08,2026-09-08
orestar-20250101-20260928-787cf45dc908,19050,Christine Drazan,record:46a2960a9535cc66f242ed80,McKoen & Son,Business Entity,business,Merrill,OR,100000,1,2026-08-21,2026-08-21
orestar-20250101-20260928-787cf45dc908,19050,Christine Drazan,record:b31728d85cc880f94a144c94,McMahon General Contracting,Business Entity,business,Crabtree,OR,100000,1,2026-01-21,2026-01-21
orestar-20250101-20260928-787cf45dc908,19050,Christine Drazan,record:bd49c3a3407928bdb5dd8f57,Michael Dolan,Individual,individual,St. Paul,OR,100000,1,2026-07-31,2026-07-31
orestar-20250101-20260928-787cf45dc908,19050,Christine Drazan,record:f41ed6462b1c0d206e0b4f5b,Michael Thomas,Individual,individual,Damascus,OR,100000,1,2026-08-10,2026-08-10
orestar-20250101-20260928-787cf45dc908,19050,Christine Drazan,record:9fdc65465e41237909a0effe,Michelle Rand,Individual,individual,Estacada,OR,100000,1,2026-07-31,2026-07-31
orestar-20250101-20260928-787cf45dc908,19050,Christine Drazan,record:60da119ddf54cdc9b5e78ae8,Midway Plumbing Inc.,Business Entity,business,Albany,OR,100000,1,2026-09-16,2026-09-16
orestar-20250101-20260928-787cf45dc908,19050,Christine Drazan,record:b0e002fbf63e6e657145f587,Mike Ash,Individual,individual,Gresham,OR,100000,1,2026-08-24,2026-08-24
orestar-20250101-20260928-787cf45dc908,19050,Christine Drazan,record:413e549bbafdf713a2f1a0c8,Mike Greenslade,Individual,individual,Troutdale,OR,100000,1,2026-08-25,2026-08-25
orestar-20250101-20260928-787cf45dc908,19050,Christine Drazan,record:7ab143191cdaa6785223b859,Moana Nursery,Business Entity,business,Reno,NV,100000,1,2026-08-14,2026-08-14
orestar-20250101-20260928-787cf45dc908,19050,Christine Drazan,record:1c4fe1e4dbff68c4640efeb1,"Moda Partners, Inc",Business Entity,business,Portland,OR,100000,1,2025-07-18,2025-07-18
orestar-20250101-20260928-787cf45dc908,19050,Christine Drazan,record:ec5267270e57f7b465dded08,Mort Bishop,Individual,individual,Portland,OR,100000,1,2026-08-20,2026-08-20
orestar-20250101-20260928-787cf45dc908,19050,Christine Drazan,record:8379b461ebb418334680ceac,Nanci Cooper,Individual,individual,Newport,OR,100000,1,2026-09-04,2026-09-04
orestar-20250101-20260928-787cf45dc908,19050,Christine Drazan,record:734ee25fb24320f81c705d20,Nancy Reece,Individual,individual,Albany,OR,100000,1,2026-03-18,2026-03-18
orestar-20250101-20260928-787cf45dc908,19050,Christine Drazan,record:13e2bf876142694d8a1a273d,Needy Ag Service Inc.,Business Entity,business,Hubbard,OR,100000,1,2025-11-06,2025-11-06
orestar-20250101-20260928-787cf45dc908,19050,Christine Drazan,record:a946c027777d8ca1945104f5,"New Life Fisheries, Inc.",Business Entity,business,Siltez,OR,100000,1,2026-09-04,2026-09-04
orestar-20250101-20260928-787cf45dc908,19050,Christine Drazan,record:e8ea3e5df207b57b0d6a1398,Northlight Consulting,Business Entity,business,Eugene,OR,100000,1,2026-05-01,2026-05-01
orestar-20250101-20260928-787cf45dc908,19050,Christine Drazan,record:1fd36d7e8dd7818e2b9dacaf,"Norton Cattle Company, LLC",Business Entity,business,Madras,OR,100000,1,2026-08-31,2026-08-31
orestar-20250101-20260928-787cf45dc908,19050,Christine Drazan,record:960385d0e70f6053b1207d3b,Nugent Drilling Co. LLC,Business Entity,business,Lebanon,OR,100000,1,2026-09-23,2026-09-23
orestar-20250101-20260928-787cf45dc908,19050,Christine Drazan,committee:11,Orloggers PAC (11),Political Committee,other,Salem,OR,100000,1,2025-12-15,2025-12-15
orestar-20250101-20260928-787cf45dc908,19050,Christine Drazan,record:4c61942c677e23c573e470cc,PMI Global Services Inc.,Business Entity,business,San Rafael,CA,100000,1,2025-01-09,2025-01-09
orestar-20250101-20260928-787cf45dc908,19050,Christine Drazan,record:0dc5ec63a4b6aa3f3da376f4,"Pacific Inns, LLC",Business Entity,business,Portland,OR,100000,1,2026-08-26,2026-08-26
orestar-20250101-20260928-787cf45dc908,19050,Christine Drazan,record:314c09daab9ef328cdb83875,"Pacific Rim Exporting Straw Services, LLC dba Pressco",Business Entity,business,Tangent,OR,100000,1,2026-09-16,2026-09-16
orestar-20250101-20260928-787cf45dc908,19050,Christine Drazan,record:bf16a8ff036c225d2a2fb731,Parker Farms LLC,Business Entity,business,Shedd,OR,100000,1,2026-05-01,2026-05-01
orestar-20250101-20260928-787cf45dc908,19050,Christine Drazan,record:5efb3190a41075dd56132338,Patsy Gasser,Individual,individual,Merrill,OR,100000,1,2026-08-21,2026-08-21
orestar-20250101-20260928-787cf45dc908,19050,Christine Drazan,record:a0043e5a4cf95bbcfe1868e9,Patti Adair,Individual,individual,Sisters,OR,100000,4,2025-12-31,2026-09-16
orestar-20250101-20260928-787cf45dc908,19050,Christine Drazan,record:a2b8a0a6e2750d090fcb9061,Paul Kirsch,Individual,individual,Woodburn,OR,100000,1,2026-08-31,2026-08-31
orestar-20250101-20260928-787cf45dc908,19050,Christine Drazan,record:ca847c522e01a39011e23838,"PayActiv, Inc.",Business Entity,business,San Jose,CA,100000,1,2025-12-29,2025-12-29
orestar-20250101-20260928-787cf45dc908,19050,Christine Drazan,record:18f07ab6469d025bef686e5e,Penny Combs,Individual,individual,Lake Oswego,OR,100000,2,2026-03-02,2026-08-19
orestar-20250101-20260928-787cf45dc908,19050,Christine Drazan,record:1972b89c66c327195ca20ed3,Pete Postlewait,Individual,individual,Aurora,OR,100000,1,2026-05-14,2026-05-14
orestar-20250101-20260928-787cf45dc908,19050,Christine Drazan,record:e61077021d4e40a383c802f1,Peter B Dinsdale,Individual,individual,Independence,OR,100000,1,2026-09-14,2026-09-14
orestar-20250101-20260928-787cf45dc908,19050,Christine Drazan,record:817e8eea0848ca32f7f327ab,Peter Beatty,Individual,individual,Portland,OR,100000,1,2026-02-02,2026-02-02
orestar-20250101-20260928-787cf45dc908,19050,Christine Drazan,record:aac820601351b1022a880dec,Peter Kane,Individual,individual,Hillsboro,OR,100000,1,2026-09-21,2026-09-21
orestar-20250101-20260928-787cf45dc908,19050,Christine Drazan,record:2f89e7cbc8130e6bd36cfdce,Peter Morse,Individual,individual,Albany,OR,100000,1,2026-01-21,2026-01-21
orestar-20250101-20260928-787cf45dc908,19050,Christine Drazan,record:f2de7f8bc5e7822a4dfb33b3,Petersen Farms LLC,Business Entity,business,Forest Grove,OR,100000,1,2026-08-14,2026-08-14
orestar-20250101-20260928-787cf45dc908,19050,Christine Drazan,record:ffd11e11c923b69cb0166aa9,Philip Henderson,Individual,individual,Bend,OR,100000,1,2026-08-11,2026-08-11
orestar-20250101-20260928-787cf45dc908,19050,Christine Drazan,record:2b72c4a23e4822fdcd309cd5,Quail Mountain Inc. deba Pepsi Cola/Dr. Pepper,Business Entity,business,Klamath Falls,OR,100000,1,2026-08-21,2026-08-21
orestar-20250101-20260928-787cf45dc908,19050,Christine Drazan,record:7f50a194c7c2c124b9751883,Ralph Carter,Individual,individual,Oregon City,OR,100000,1,2026-08-10,2026-08-10
orestar-20250101-20260928-787cf45dc908,19050,Christine Drazan,record:d7b95a4096769bbcfb5835ac,Randall Stemper,Individual,individual,Warrenton,OR,100000,1,2026-09-09,2026-09-09
orestar-20250101-20260928-787cf45dc908,19050,Christine Drazan,record:a028df0b4dfec4290446e277,Raquel MooreGreen,Individual,individual,Salem,OR,100000,1,2026-08-26,2026-08-26
orestar-20250101-20260928-787cf45dc908,19050,Christine Drazan,record:859be11c372faef4627baa75,Raymond Wilkeson,Individual,individual,Amity,OR,100000,1,2026-08-31,2026-08-31
orestar-20250101-20260928-787cf45dc908,19050,Christine Drazan,record:d37873daea3eb9f004a772a9,Reed Crossing Market Inc.,Business Entity,business,Bend,OR,100000,1,2026-08-21,2026-08-21
orestar-20250101-20260928-787cf45dc908,19050,Christine Drazan,record:fe147dfc96f9549b04a1661c,Richard Abraham,Individual,individual,Eugene,OR,100000,1,2026-08-25,2026-08-25
orestar-20250101-20260928-787cf45dc908,19050,Christine Drazan,record:c888cd5884373c2962c97ad6,Richard Anderson,Individual,individual,Lake Oswego,OR,100000,1,2026-09-15,2026-09-15
orestar-20250101-20260928-787cf45dc908,19050,Christine Drazan,record:e1c98773a3bfa864108294e9,Rick Fletcher,Individual,individual,Canby,OR,100000,1,2026-09-09,2026-09-09
orestar-20250101-20260928-787cf45dc908,19050,Christine Drazan,record:331910c762c66b36e82702b0,Robert Gasser,Individual,individual,Merrill,OR,100000,1,2026-08-21,2026-08-21
orestar-20250101-20260928-787cf45dc908,19050,Christine Drazan,record:b431372a162f442e98b1d591,Robert Haley,Individual,individual,Portland,OR,100000,1,2026-09-08,2026-09-08
orestar-20250101-20260928-787cf45dc908,19050,Christine Drazan,record:d887552142821e0459894798,Robert Kingzett,Individual,individual,Klamath Falls,OR,100000,1,2026-08-21,2026-08-21
orestar-20250101-20260928-787cf45dc908,19050,Christine Drazan,record:e925c5b8a0910101922f426a,Robert Thomas,Individual,individual,Cottage Grove,OR,100000,2,2025-10-28,2026-05-06
orestar-20250101-20260928-787cf45dc908,19050,Christine Drazan,record:b2c3b748ad0efc35f8652213,Robin M King,Individual,individual,Malin,OR,100000,1,2026-08-21,2026-08-21
orestar-20250101-20260928-787cf45dc908,19050,Christine Drazan,record:218d863253fec23c1c9ed91a,Roger Gahlsdorf,Individual,individual,Sunriver,OR,100000,1,2026-08-11,2026-08-11
orestar-20250101-20260928-787cf45dc908,19050,Christine Drazan,record:7078b8fa96c1494ae00c9f08,Ronald Holmes,Individual,individual,Kent,OR,100000,1,2026-09-07,2026-09-07
orestar-20250101-20260928-787cf45dc908,19050,Christine Drazan,record:6eeba1dbf222a4e374386084,Rosemary Southwood,Individual,individual,Portland,OR,100000,1,2026-09-16,2026-09-16
orestar-20250101-20260928-787cf45dc908,19050,Christine Drazan,record:279a084e4e2597964d57e003,Ruby Troncin,Individual,individual,Mcminnville,OR,100000,1,2026-06-29,2026-06-29
orestar-20250101-20260928-787cf45dc908,19050,Christine Drazan,record:54fe1fad6dff0fe21f9dbdfe,Ruth Johnson,Individual,individual,Portland,OR,100000,1,2026-07-28,2026-07-28
orestar-20250101-20260928-787cf45dc908,19050,Christine Drazan,record:fbbf98687011cab1cfa988de,Ryan L Hazelbaker,Individual,individual,Salem,OR,100000,1,2026-09-09,2026-09-09
orestar-20250101-20260928-787cf45dc908,19050,Christine Drazan,record:7065b337f8d9b18cd08756a1,Scott McMullen,Individual,individual,Astoria,OR,100000,1,2026-09-04,2026-09-04
orestar-20250101-20260928-787cf45dc908,19050,Christine Drazan,record:d2f80130c608c54ee336c2ff,Scott Stice,Individual,individual,Salem,OR,100000,1,2026-08-31,2026-08-31
orestar-20250101-20260928-787cf45dc908,19050,Christine Drazan,record:150fcc9c6f3d63e107d53c6a,Seavers Family Trust,Other,other,Newport,OR,100000,1,2026-09-04,2026-09-04
orestar-20250101-20260928-787cf45dc908,19050,Christine Drazan,record:3985103c74c9cf11b5544bf5,"Setniker Trading Co., LLC",Business Entity,business,Independence,OR,100000,1,2026-02-23,2026-02-23
orestar-20250101-20260928-787cf45dc908,19050,Christine Drazan,record:67bb2eb363b214479e3286cb,Sharyn Smith,Individual,individual,Corvallis,OR,100000,1,2026-03-18,2026-03-18
orestar-20250101-20260928-787cf45dc908,19050,Christine Drazan,record:8648e1feefd3073feba70bc8,Shaun Kajiwara,Individual,individual,Healdsburg,CA,100000,1,2026-09-15,2026-09-15
orestar-20250101-20260928-787cf45dc908,19050,Christine Drazan,record:d420364a874dbb194a8eef31,Shay Myers,Individual,individual,Ontario,OR,100000,1,2026-09-21,2026-09-21
orestar-20250101-20260928-787cf45dc908,19050,Christine Drazan,record:19f94adfd11a559e50d51ece,Shelley Campf,Individual,individual,Aurora,OR,100000,1,2026-08-16,2026-08-16
orestar-20250101-20260928-787cf45dc908,19050,Christine Drazan,record:f1d7019adfb071a35eb4a9d7,Sherri Keunzi,Individual,individual,Silverton,OR,100000,1,2025-12-31,2025-12-31
orestar-20250101-20260928-787cf45dc908,19050,Christine Drazan,record:f468bfb73cf5fd7b1f10fec8,Shirley Morisse,Individual,individual,Astoria,OR,100000,1,2026-09-04,2026-09-04
orestar-20250101-20260928-787cf45dc908,19050,Christine Drazan,record:a899a42df86f2985161a3a6b,"Smith Gardens, Inc.",Business Entity,business,Bellingham,WA,100000,1,2026-05-04,2026-05-04
orestar-20250101-20260928-787cf45dc908,19050,Christine Drazan,record:dd0aa19f2352f9d5fbf16161,Springboard Group,Business Entity,business,Newberg,OR,100000,1,2025-11-21,2025-11-21
orestar-20250101-20260928-787cf45dc908,19050,Christine Drazan,record:1910b8db1d68fb6b0e1d11ac,Stacey Lyle,Individual,individual,Lebanon,OR,100000,1,2026-05-01,2026-05-01
orestar-20250101-20260928-787cf45dc908,19050,Christine Drazan,record:182b518ca05a7d86f163a7f4,"StarOilco Fitz Enterprises, Inc.",Business Entity,business,Portland,OR,100000,1,2026-08-26,2026-08-26
orestar-20250101-20260928-787cf45dc908,19050,Christine Drazan,record:254e2baff7bee08f656538fe,Stephen Gillett,Individual,individual,Southlake,TX,100000,1,2026-08-30,2026-08-30
orestar-20250101-20260928-787cf45dc908,19050,Christine Drazan,record:83156412e3fba0b48d84b50a,Stephen P Bizon,Individual,individual,Aurora,OR,100000,1,2026-08-14,2026-08-14
orestar-20250101-20260928-787cf45dc908,19050,Christine Drazan,record:e0be0aa88832ba236a49cf9a,"Steve Hammond, `",Individual,individual,Diamond,OR,100000,1,2026-09-09,2026-09-09
orestar-20250101-20260928-787cf45dc908,19050,Christine Drazan,record:4ab2d44ea5f61ebd4ff79c4c,Steven A Peterkort,Individual,individual,Corneilus,OR,100000,1,2026-09-14,2026-09-14
orestar-20250101-20260928-787cf45dc908,19050,Christine Drazan,record:b23a5b3b08f583b3a0a9abb3,Steven Dutcher,Individual,individual,Albany,OR,100000,1,2026-04-28,2026-04-28
orestar-20250101-20260928-787cf45dc908,19050,Christine Drazan,record:82f0039b0cfac9484c6b1bd0,Steven Stabb,Individual,individual,Lake Oswego,OR,100000,1,2026-08-11,2026-08-11
orestar-20250101-20260928-787cf45dc908,19050,Christine Drazan,record:e7b030393bb1cbd1ed612280,Stormalong Partners LLC,Business Entity,business,Lake Oswego,OR,100000,1,2026-08-19,2026-08-19
orestar-20250101-20260928-787cf45dc908,19050,Christine Drazan,record:b157c19d35125751bf77fd9d,Tami Kerr,Individual,individual,Corvallis,OR,100000,1,2026-09-16,2026-09-16
orestar-20250101-20260928-787cf45dc908,19050,Christine Drazan,committee:3889,Taxpayers Association of Oregon PAC (3889),Political Committee,other,Beaverton,OR,100000,1,2025-01-09,2025-01-09
orestar-20250101-20260928-787cf45dc908,19050,Christine Drazan,record:daaca55f756a14916d751387,Terry J Scroggin,Individual,individual,Klamath Falls,OR,100000,1,2026-08-21,2026-08-21
orestar-20250101-20260928-787cf45dc908,19050,Christine Drazan,record:98e3d272f305ef384fccf68f,The Cigna Group Employees PAC,Unregistered Committee,other,Philadelphia,PA,100000,1,2025-12-15,2025-12-15
orestar-20250101-20260928-787cf45dc908,19050,Christine Drazan,record:f1623c77066d31d73d759e40,Thomas Flomer,Individual,individual,Woodburn,OR,100000,1,2026-03-13,2026-03-13
orestar-20250101-20260928-787cf45dc908,19050,Christine Drazan,record:e716ff23a0f234f5db5c0321,Thomas Tuttle,Individual,individual,Gold Beach,OR,100000,1,2026-09-16,2026-09-16
orestar-20250101-20260928-787cf45dc908,19050,Christine Drazan,record:f4b0703e5b7dceadeb31b93e,Thomson Equipment Co.,Business Entity,business,Portland,OR,100000,1,2026-08-20,2026-08-20
orestar-20250101-20260928-787cf45dc908,19050,Christine Drazan,record:d6d2c8ac97380a29e7d55279,Tillamook County Creamery Association,Other,other,Tillamook,OR,100000,1,2025-01-10,2025-01-10
orestar-20250101-20260928-787cf45dc908,19050,Christine Drazan,record:7fe7e1ec2b5ce0e991d37098,Tom Peters,Individual,individual,Dufur,OR,100000,2,2026-07-29,2026-08-31
orestar-20250101-20260928-787cf45dc908,19050,Christine Drazan,record:3fcae8d573bdae0144be52da,"Trade Pro Electric, LLC",Business Entity,business,Albany,OR,100000,1,2026-02-19,2026-02-19
orestar-20250101-20260928-787cf45dc908,19050,Christine Drazan,record:b3dcf40992e2730360fb73dc,Travis Wilt,Individual,individual,Salem,OR,100000,1,2025-12-10,2025-12-10
orestar-20250101-20260928-787cf45dc908,19050,Christine Drazan,record:05288ee8d1660b82aaf2f9c8,Trent Hanson,Individual,individual,Albany,OR,100000,1,2025-12-13,2025-12-13
orestar-20250101-20260928-787cf45dc908,19050,Christine Drazan,record:a9165fc56741922d692bd976,Tumbleweed Real Estate Inc,Business Entity,business,Sunriver,OR,100000,1,2026-08-11,2026-08-11
orestar-20250101-20260928-787cf45dc908,19050,Christine Drazan,record:2180ebc28e67326c9bd67924,Vertex Pharmaceuticals Incorporated,Business Entity,business,Boston,MA,100000,1,2025-12-15,2025-12-15
orestar-20250101-20260928-787cf45dc908,19050,Christine Drazan,record:eaa2e1680181ef98b2773a39,Victor Winkler,Individual,individual,Portland,OR,100000,1,2026-01-20,2026-01-20
orestar-20250101-20260928-787cf45dc908,19050,Christine Drazan,record:c0f9e22813e7f8a5877832d8,Walter Griffiths,Individual,individual,Amity,OR,100000,1,2026-08-07,2026-08-07
orestar-20250101-20260928-787cf45dc908,19050,Christine Drazan,record:dbb0ff8b26b70e50c535189e,Wayne Kizer,Individual,individual,Eugene,OR,100000,1,2026-09-17,2026-09-17
orestar-20250101-20260928-787cf45dc908,19050,Christine Drazan,record:609f977a3fc8dab8ceec613e,Wayne Schmidt,Individual,individual,Albany,OR,100000,1,2026-03-18,2026-03-18
orestar-20250101-20260928-787cf45dc908,19050,Christine Drazan,record:4e998f0528ada1de2b805eab,"Westech Construction, Inc",Business Entity,business,Portland,OR,100000,1,2025-10-29,2025-10-29
orestar-20250101-20260928-787cf45dc908,19050,Christine Drazan,record:12464763f58365dccb1e0a5e,Weyerhaeuser,Business Entity,business,Seattle,WA,100000,1,2026-02-10,2026-02-10
orestar-20250101-20260928-787cf45dc908,19050,Christine Drazan,record:bbf8e90db3da9e8312b42a74,William C Jones,Individual,individual,Roseburg,OR,100000,1,2026-09-23,2026-09-23
orestar-20250101-20260928-787cf45dc908,19050,Christine Drazan,record:7f14d3966e0a0ef5eea7d069,William Van Vleet,Individual,individual,Corvallis,OR,100000,1,2026-03-18,2026-03-18
orestar-20250101-20260928-787cf45dc908,19050,Christine Drazan,record:c7a52c2c94db3d03e855d3b8,Wilson Motors,Business Entity,business,Corvallis,OR,100000,1,2025-12-18,2025-12-18
orestar-20250101-20260928-787cf45dc908,19050,Christine Drazan,record:ebd42dcaaf65f1a1609de7b9,Windblown Ranch Inc,Business Entity,business,Echo,OR,100000,1,2026-09-08,2026-09-08
orestar-20250101-20260928-787cf45dc908,19050,Christine Drazan,record:26a8a01f628e9a08c363205d,"Wirth Farms, Inc.",Business Entity,business,Tangent,OR,100000,1,2026-05-01,2026-05-01
orestar-20250101-20260928-787cf45dc908,19050,Christine Drazan,record:47c050225a09f582b1c86277,Garry Smith,Individual,individual,Stayton,OR,92319,31,2025-10-29,2026-09-02
orestar-20250101-20260928-787cf45dc908,19050,Christine Drazan,record:09041a9a6911278f325a2fd1,Keith Galitz,Individual,individual,Canby,OR,91000,10,2025-08-01,2026-09-13
orestar-20250101-20260928-787cf45dc908,19050,Christine Drazan,record:bc9e6dcc880f84f4d9601576,Robert Engle,Individual,individual,Woodburn,OR,90410,9,2026-04-15,2026-09-22
orestar-20250101-20260928-787cf45dc908,19050,Christine Drazan,record:a15a8ffab547c432a0041cf6,Benjamin James,Individual,individual,Corvallis,OR,90000,9,2025-11-30,2026-09-01
orestar-20250101-20260928-787cf45dc908,19050,Christine Drazan,record:abdd7d1dd63a3bbccc93a45c,Dean Osborn,Individual,individual,Irrigon,OR,90000,9,2025-12-08,2026-09-10
orestar-20250101-20260928-787cf45dc908,19050,Christine Drazan,record:d339c5b87231191a73bfa57d,Ronda Roeder,Individual,individual,Eugene,OR,90000,1,2026-09-23,2026-09-23
orestar-20250101-20260928-787cf45dc908,19050,Christine Drazan,record:e08e1993cc222310c80e5427,Cindy Knight,Individual,individual,Orondo,WA,88800,1,2026-08-20,2026-08-20
orestar-20250101-20260928-787cf45dc908,19050,Christine Drazan,record:59146e0c0e39b73fd08a8141,Scott Knight,Individual,individual,Orondo,WA,88800,1,2026-08-20,2026-08-20
orestar-20250101-20260928-787cf45dc908,19050,Christine Drazan,record:73d7ef7ed8bf647b0ccab455,Debbie Radie,Individual,individual,Irrigon,OR,85000,7,2025-09-18,2026-06-02
orestar-20250101-20260928-787cf45dc908,19050,Christine Drazan,record:ec5cff74e26ad4efa3159123,Glenn Kalnasy,Individual,individual,Bend,OR,85000,9,2026-02-02,2026-09-03
orestar-20250101-20260928-787cf45dc908,19050,Christine Drazan,record:5104d71ac5d7e5107720bde4,Richard Volker,Individual,individual,Albany,OR,85000,17,2026-04-02,2026-09-22
orestar-20250101-20260928-787cf45dc908,19050,Christine Drazan,record:b8cc94ca5f23489f194ecb5f,Richard Watson,Individual,individual,Medford,OR,83200,4,2026-05-21,2026-09-02
orestar-20250101-20260928-787cf45dc908,19050,Christine Drazan,record:67a5836a9578bdfe6427d11d,Eric Martin,Individual,individual,Tangent,OR,82500,6,2026-05-01,2026-09-16
orestar-20250101-20260928-787cf45dc908,19050,Christine Drazan,record:ee72e65de14a8607bee45be7,Wayne Gooding,Individual,individual,Oregon City,OR,82500,12,2025-11-01,2026-09-22
orestar-20250101-20260928-787cf45dc908,19050,Christine Drazan,record:fec3b929153ab1bd87fb782b,William Stankovic,Individual,individual,Bend,OR,81615,14,2026-03-24,2026-09-03
orestar-20250101-20260928-787cf45dc908,19050,Christine Drazan,record:619fa5a35cd3b49b696df03b,Bruce Bohman,Individual,individual,Tualatin,OR,80000,2,2026-08-10,2026-09-08
orestar-20250101-20260928-787cf45dc908,19050,Christine Drazan,record:22672eecf8cae967f1b991c1,Cheryl Anderson,Individual,individual,Gresham,OR,80000,1,2026-08-20,2026-08-20
orestar-20250101-20260928-787cf45dc908,19050,Christine Drazan,record:e5be092fd1a3892ffca4fb05,Constance J Thomas,Individual,individual,Roseburg,OR,80000,1,2026-09-23,2026-09-23
orestar-20250101-20260928-787cf45dc908,19050,Christine Drazan,record:414f71ad255a2e51d93f2280,Debbie Radie,Individual,individual,Irrigon,OR,80000,4,2026-07-02,2026-09-02
orestar-20250101-20260928-787cf45dc908,19050,Christine Drazan,record:bfd4521bfac5d2e479cbd1ed,Dexter Hill,Individual,individual,Boring,OR,80000,1,2026-08-20,2026-08-20
orestar-20250101-20260928-787cf45dc908,19050,Christine Drazan,record:7b317bf7ea7f187941245d81,Gloria M Boroff,Individual,individual,Portland,OR,80000,8,2025-07-22,2025-12-31
orestar-20250101-20260928-787cf45dc908,19050,Christine Drazan,record:c12dd499341f18164a69ec85,Kathleen Cutsforth,Individual,individual,Canby,OR,80000,3,2025-09-16,2026-08-14
orestar-20250101-20260928-787cf45dc908,19050,Christine Drazan,record:e6a6af7df56f24dbf40c8ea2,Michael McAfee,Individual,individual,Troutdale,OR,80000,2,2026-09-22,2026-09-22
orestar-20250101-20260928-787cf45dc908,19050,Christine Drazan,record:9c60adc1a92afd8ec4055b37,Noel A Moore,Individual,individual,Central Point,OR,80000,3,2026-05-12,2026-09-21
orestar-20250101-20260928-787cf45dc908,19050,Christine Drazan,record:c8fc3a537ad0950570d22077,Ray Tercek,Individual,individual,Welches,OR,80000,4,2025-10-27,2026-09-14
orestar-20250101-20260928-787cf45dc908,19050,Christine Drazan,record:c63e945dc9bb27c368b2da1b,Shelly Boshart Davis,Individual,individual,Albany,OR,80000,8,2026-02-08,2026-09-09
orestar-20250101-20260928-787cf45dc908,19050,Christine Drazan,record:3f7baa55e0aa1b7f9ea21fd0,Julie Elkins,Individual,individual,Lake Oswego,OR,78076,2,2026-08-20,2026-08-23
orestar-20250101-20260928-787cf45dc908,19050,Christine Drazan,record:58f0c32c6a1850536da332aa,Jeff Herscovitz,Individual,individual,Scappoose,OR,77500,12,2025-10-27,2026-08-31
orestar-20250101-20260928-787cf45dc908,19050,Christine Drazan,record:b248c6273001b5f9ef69bf74,William Lovelace,Individual,individual,Grants Pass,OR,77500,10,2026-03-16,2026-09-22
orestar-20250101-20260928-787cf45dc908,19050,Christine Drazan,record:4e6f7fde1fdd6afc7132e94f,Janet Exon,Individual,individual,Enterprise,OR,77051,2,2025-10-27,2026-09-13
orestar-20250101-20260928-787cf45dc908,19050,Christine Drazan,record:1ec8744f7e8bbb8d86f8fb36,Kristine Fields,Individual,individual,Murphy,OR,77051,5,2026-03-09,2026-09-16
orestar-20250101-20260928-787cf45dc908,19050,Christine Drazan,record:4fd1ab6a8ab77b5ea3315a66,Andrea Angell,Individual,individual,West Linn,OR,76025,2,2026-05-14,2026-08-04
orestar-20250101-20260928-787cf45dc908,19050,Christine Drazan,record:4ea562016ef812ef0c6e303b,Laura Kimmel,Individual,individual,Lebanon,OR,75500,13,2025-11-28,2026-09-24
orestar-20250101-20260928-787cf45dc908,19050,Christine Drazan,record:d26434a52597f4b89d57f72c,Donald Slack,Individual,individual,Oregon City,OR,75400,4,2025-12-08,2026-09-08
orestar-20250101-20260928-787cf45dc908,19050,Christine Drazan,record:19a4de3c3a9142cfd05ca90d,Andrea Fields,Individual,individual,Newberg,OR,75000,1,2026-03-30,2026-03-30
orestar-20250101-20260928-787cf45dc908,19050,Christine Drazan,record:46673fde754084a31d3a11a8,Blown Away Ranch,Business Entity,business,Ione,OR,75000,2,2026-04-03,2026-09-01
orestar-20250101-20260928-787cf45dc908,19050,Christine Drazan,record:117527b34f1986c0d875d549,Brent Dowty,Individual,individual,Beaverton,OR,75000,3,2026-03-26,2026-09-01
orestar-20250101-20260928-787cf45dc908,19050,Christine Drazan,record:931a346d2c4a0c29c325458e,Catherine J Imwalle,Individual,individual,Bend,OR,75000,1,2026-08-17,2026-08-17
orestar-20250101-20260928-787cf45dc908,19050,Christine Drazan,record:8e5de97ed93466d4d6c00d60,Dean Freeborn,Individual,individual,Rickreall,OR,75000,3,2025-11-06,2026-09-18
orestar-20250101-20260928-787cf45dc908,19050,Christine Drazan,record:57d66a0d49db3bad41bcc3b3,Eric Olsen,Individual,individual,Portland,OR,75000,1,2026-09-09,2026-09-09
orestar-20250101-20260928-787cf45dc908,19050,Christine Drazan,record:83875781f4986fb0094cdc91,Fred Hanosh,Individual,individual,Bend,OR,75000,2,2026-05-04,2026-08-11
orestar-20250101-20260928-787cf45dc908,19050,Christine Drazan,record:07b0dfbe8fa68df6b7e97ef9,Gary Gest,Individual,individual,Beaverton,OR,75000,2,2026-06-23,2026-09-01
orestar-20250101-20260928-787cf45dc908,19050,Christine Drazan,record:a7a8a89ef8a9e79097bcd2d4,George LeDoux,Individual,individual,Bend,OR,75000,5,2026-05-31,2026-09-16
orestar-20250101-20260928-787cf45dc908,19050,Christine Drazan,record:ddf4a2989eabd0767a1fbde6,James Riegelmann,Individual,individual,Gresham,OR,75000,3,2026-07-13,2026-09-11
orestar-20250101-20260928-787cf45dc908,19050,Christine Drazan,record:e33ad6a27fa4a6be49ff4d88,Marson Trucking Inc.,Business Entity,business,Molalla,OR,75000,3,2026-04-24,2026-09-04
orestar-20250101-20260928-787cf45dc908,19050,Christine Drazan,record:1092ae9296df7ce80bcae647,Matthew Drake,Individual,individual,Portland,OR,75000,3,2025-01-11,2026-05-11
orestar-20250101-20260928-787cf45dc908,19050,Christine Drazan,record:253f90d92f18a2895018294a,Paul F Imwalle,Individual,individual,Bend,OR,75000,1,2026-08-17,2026-08-17
orestar-20250101-20260928-787cf45dc908,19050,Christine Drazan,record:15c15b4a053e4bf91edc2207,Robert Killgore,Individual,individual,Canby,OR,75000,2,2025-10-27,2026-09-17
orestar-20250101-20260928-787cf45dc908,19050,Christine Drazan,record:d6e32ff4c34a4f8960ed867e,Russell R Kilkenny,Individual,individual,Portland,OR,75000,2,2025-07-18,2025-10-31
orestar-20250101-20260928-787cf45dc908,19050,Christine Drazan,record:0b08a9fcb753c2b14a3ff6ad,Seth Lee,Individual,individual,Beaverton,OR,75000,3,2026-01-29,2026-03-31
orestar-20250101-20260928-787cf45dc908,19050,Christine Drazan,record:8f2a7bca27405c8a5afdacfa,Stephen Kassis,Individual,individual,Lebanon,OR,75000,2,2025-11-20,2026-09-24
orestar-20250101-20260928-787cf45dc908,19050,Christine Drazan,record:536d9ed6ee76557a00e690bc,Elizabeth Cordrey,Individual,individual,Portland,OR,72500,20,2025-09-15,2026-09-02
orestar-20250101-20260928-787cf45dc908,19050,Christine Drazan,record:d7fedcf7650d43a45d97ee0a,Linda Beggs,Individual,individual,Turner,OR,70024,31,2025-12-30,2026-09-17
orestar-20250101-20260928-787cf45dc908,19050,Christine Drazan,record:959bb4e31e3e47bab569b725,Dale Johnson,Individual,individual,Eagle Point,OR,70000,7,2026-03-03,2026-08-31
orestar-20250101-20260928-787cf45dc908,19050,Christine Drazan,record:781a084f261f43f2bd92a7a9,Gordon Harris,Individual,individual,Lake Oswego,OR,70000,3,2025-11-26,2026-08-25
orestar-20250101-20260928-787cf45dc908,19050,Christine Drazan,record:2c6a3286498a360bdfac1b75,Karl Leabo,Individual,individual,Florence,OR,70000,2,2026-05-27,2026-09-09
orestar-20250101-20260928-787cf45dc908,19050,Christine Drazan,record:514ddee4c3508edc9e873417,Lora Hecht,Individual,individual,West Linn,OR,70000,7,2026-03-03,2026-09-02
orestar-20250101-20260928-787cf45dc908,19050,Christine Drazan,record:1b75aa27b54865df5ac64f5f,Brad Young,Individual,individual,Hillsboro,OR,67500,15,2026-03-31,2026-09-01
orestar-20250101-20260928-787cf45dc908,19050,Christine Drazan,record:99c54f82c1af2208f0f4bab5,Sherry Munro,Individual,individual,The Dalles,OR,65500,24,2025-09-15,2026-08-14
orestar-20250101-20260928-787cf45dc908,19050,Christine Drazan,record:6d2b89740be42819cda1abd0,Keith Brindell,Individual,individual,Bend,OR,65000,2,2026-04-30,2026-08-31
orestar-20250101-20260928-787cf45dc908,19050,Christine Drazan,record:2a2e4bebdfcf938cb3d8d34c,Paul Landrum,Individual,individual,Klamath Falls,OR,64550,6,2025-07-18,2026-09-16
orestar-20250101-20260928-787cf45dc908,19050,Christine Drazan,record:52e0be09dc7fc7728fa183c8,Michael Stratton,Individual,individual,Pendleton,OR,62500,2,2026-02-23,2026-08-25
orestar-20250101-20260928-787cf45dc908,19050,Christine Drazan,record:0db3e0b08bb87d41e46d112c,Dennis Lamberton,Individual,individual,Salem,OR,60000,2,2026-07-01,2026-09-02
orestar-20250101-20260928-787cf45dc908,19050,Christine Drazan,record:89f61336c308fb942822ac82,George Donnerberg,Individual,individual,Portland,OR,60000,2,2026-02-10,2026-07-21
orestar-20250101-20260928-787cf45dc908,19050,Christine Drazan,record:eef7be0aa3def4ba07f10a09,Matt Marti,Individual,individual,Nehalem,OR,60000,6,2026-04-14,2026-09-15
orestar-20250101-20260928-787cf45dc908,19050,Christine Drazan,record:37d401ebe0dfba8919b1b7a8,Mike Baker,Individual,individual,Happy Valley,OR,60000,6,2025-09-16,2026-09-22
orestar-20250101-20260928-787cf45dc908,19050,Christine Drazan,record:48714cf4a31228172d8e17b0,Paul Wanner,Individual,individual,Hillsboro,OR,60000,6,2026-02-17,2026-09-22
orestar-20250101-20260928-787cf45dc908,19050,Christine Drazan,record:48f09116a36ec2776e3d0e09,Robert Sinclair,Individual,individual,Happy Valley,OR,60000,3,2026-03-31,2026-09-10
orestar-20250101-20260928-787cf45dc908,19050,Christine Drazan,record:aaa17f64a360a615a7f9e836,Taylor Smith,Individual,individual,Albany,OR,60000,6,2026-05-03,2026-09-15
orestar-20250101-20260928-787cf45dc908,19050,Christine Drazan,record:fd863bca6112831fc56f0e07,Tim Campbell,Individual,individual,Eugene,OR,60000,3,2026-03-10,2026-05-04
orestar-20250101-20260928-787cf45dc908,19050,Christine Drazan,record:b957fffc9ed3987255575291,Tim Tuttle,Individual,individual,Gold Beach,OR,60000,6,2026-04-14,2026-09-14
orestar-20250101-20260928-787cf45dc908,19050,Christine Drazan,record:0a8a828df2d43b39bc426bd2,Wayne Holland,Individual,individual,Bend,OR,60000,21,2026-02-27,2026-09-21
orestar-20250101-20260928-787cf45dc908,19050,Christine Drazan,record:4652a73e855f4b72ccabc7f9,Jesse Vigil,Individual,individual,Albany,OR,57700,2,2026-08-30,2026-08-30
orestar-20250101-20260928-787cf45dc908,19050,Christine Drazan,record:14affc7fd4c1b8efba607487,Jon Fry,Individual,individual,Eugene,OR,57500,10,2025-09-15,2026-09-02
orestar-20250101-20260928-787cf45dc908,19050,Christine Drazan,record:ac5b1979bcb3106c2f288711,Paul Seidel,Individual,individual,Cornville,AZ,57105,27,2025-11-13,2026-09-24
orestar-20250101-20260928-787cf45dc908,19050,Christine Drazan,record:8327675e8a1e223814eaca32,Frank Battilega,Individual,individual,Aurora,OR,56025,2,2026-05-12,2026-08-11
orestar-20250101-20260928-787cf45dc908,19050,Christine Drazan,record:bee64750fcd608f00b147b26,Paul Wendlick,Individual,individual,Portland,OR,56000,12,2025-09-16,2026-09-24
orestar-20250101-20260928-787cf45dc908,19050,Christine Drazan,record:e3cd34f1ffa5054350bbfc9c,George Compton,Individual,individual,Mcminnville,OR,55205,2,2026-09-17,2026-09-23
orestar-20250101-20260928-787cf45dc908,19050,Christine Drazan,record:f3295905d075e6283c862b48,David Huguley,Individual,individual,Redmond,OR,55000,9,2025-10-27,2026-02-11
orestar-20250101-20260928-787cf45dc908,19050,Christine Drazan,record:07294b699066f35b04d1ac47,Ed Lund,Individual,individual,La Grande,OR,55000,8,2025-10-31,2026-03-03
orestar-20250101-20260928-787cf45dc908,19050,Christine Drazan,record:e23f8a6b5c18a076a839e872,Stephanie Salvage,Individual,individual,Lebanon,OR,55000,2,2026-08-20,2026-09-08
orestar-20250101-20260928-787cf45dc908,19050,Christine Drazan,record:680153046ea8955c129291bf,Miles Meldrich,Individual,individual,Woodburn,OR,52500,2,2026-03-03,2026-07-22
orestar-20250101-20260928-787cf45dc908,19050,Christine Drazan,record:5a351b76537dcaf0c8db9b67,Nancy Landrum,Individual,individual,Klamath Falls,OR,52500,5,2025-07-18,2026-03-17
orestar-20250101-20260928-787cf45dc908,19050,Christine Drazan,record:9d9df778111728f05c9ace4a,Rod Boucher,Individual,individual,Wilsonville,OR,52500,3,2026-05-25,2026-08-12
orestar-20250101-20260928-787cf45dc908,19050,Christine Drazan,record:ea92b66571bf6a204ce3d6fb,Andrew Bauer,Individual,individual,Forest Grove,OR,52051,1,2026-08-18,2026-08-18
orestar-20250101-20260928-787cf45dc908,19050,Christine Drazan,record:b97ee1384e3c7a1af0a66d0d,Andrew Dykeman,Individual,individual,Portland,OR,52051,1,2026-01-21,2026-01-21
orestar-20250101-20260928-787cf45dc908,19050,Christine Drazan,record:d51235fb27d9c6a8875156f5,Chris Moudry,Individual,individual,Merrill,OR,52051,1,2026-08-25,2026-08-25
orestar-20250101-20260928-787cf45dc908,19050,Christine Drazan,record:e14dbf436cfe0885e149ec9c,Cy Aleman,Individual,individual,Lake Oswego,OR,52051,1,2026-08-19,2026-08-19
orestar-20250101-20260928-787cf45dc908,19050,Christine Drazan,record:fe6a4637c12dd3bbfd7537c6,Dan Keithly,Individual,individual,Maple Valley,OR,52051,1,2026-04-30,2026-04-30
orestar-20250101-20260928-787cf45dc908,19050,Christine Drazan,record:607f3af5767bac3fcafc1b03,Darcy Vixo,Individual,individual,Medford,OR,52051,1,2026-09-03,2026-09-03
orestar-20250101-20260928-787cf45dc908,19050,Christine Drazan,record:2621e1a8532560d9205499c1,David J Reece,Individual,individual,Albany,OR,52051,1,2026-09-17,2026-09-17
orestar-20250101-20260928-787cf45dc908,19050,Christine Drazan,record:224f8bce6682796f1331a15d,David Price,Individual,individual,Redmond,OR,52051,1,2026-07-13,2026-07-13
orestar-20250101-20260928-787cf45dc908,19050,Christine Drazan,record:f417764fd3ec85da7e3cd0d1,David Pyle,Individual,individual,Tualatin,OR,52051,1,2026-09-23,2026-09-23
orestar-20250101-20260928-787cf45dc908,19050,Christine Drazan,record:1a60ec3695393edec38ce7b9,David Russo,Individual,individual,Hood River,OR,52051,1,2026-09-03,2026-09-03
orestar-20250101-20260928-787cf45dc908,19050,Christine Drazan,record:ba637728f7e1ff4ea03d9d47,David Stevens,Individual,individual,St Helens,OR,52051,1,2026-08-12,2026-08-12
orestar-20250101-20260928-787cf45dc908,19050,Christine Drazan,record:aa7d512f10231ca215f362b6,David Zehntbauer,Individual,individual,Portland,OR,52051,1,2026-09-27,2026-09-27
orestar-20250101-20260928-787cf45dc908,19050,Christine Drazan,record:b2dbc286b06464429cd836be,Devin Schultz,Individual,individual,Scio,OR,52051,1,2026-09-15,2026-09-15
orestar-20250101-20260928-787cf45dc908,19050,Christine Drazan,record:90be29569a51b394eab51247,Don Jones,Individual,individual,Powell Butte,OR,52051,1,2026-09-20,2026-09-20
orestar-20250101-20260928-787cf45dc908,19050,Christine Drazan,record:7af83c646e93629578792b8b,Elizabeth Chewning,Individual,individual,Beaverton,OR,52051,1,2026-09-10,2026-09-10
orestar-20250101-20260928-787cf45dc908,19050,Christine Drazan,record:d0b319981a760da9aa486a3f,Gary Cardwell,Individual,individual,Lake Oswego,OR,52051,1,2026-07-27,2026-07-27
orestar-20250101-20260928-787cf45dc908,19050,Christine Drazan,record:932890b5459e9a6b61f3478e,Greg Morrill,Individual,individual,Warrenton,OR,52051,1,2026-08-17,2026-08-17
orestar-20250101-20260928-787cf45dc908,19050,Christine Drazan,record:edfea9c65984870c0fd3865a,Jason Harris,Individual,individual,Banks,OR,52051,1,2026-08-18,2026-08-18
orestar-20250101-20260928-787cf45dc908,19050,Christine Drazan,record:4ef685ff4dcdb4620b804d60,Jay Booth,Individual,individual,Lake Oswego,OR,52051,1,2026-07-16,2026-07-16
orestar-20250101-20260928-787cf45dc908,19050,Christine Drazan,record:c4388dd41e467eae67cc254b,John Warta,Individual,individual,Bend,OR,52051,1,2025-10-30,2025-10-30
orestar-20250101-20260928-787cf45dc908,19050,Christine Drazan,record:fd03b796b2b14084f6b8b397,Joshua Stadtler,Individual,individual,Portland,OR,52051,1,2026-09-03,2026-09-03
orestar-20250101-20260928-787cf45dc908,19050,Christine Drazan,record:80d3c9220ff6723d4d807dc6,Katerina Eyre,Individual,individual,Beaverton,OR,52051,1,2026-07-16,2026-07-16
orestar-20250101-20260928-787cf45dc908,19050,Christine Drazan,record:d8615206fb55518a581e5ad0,Kathleen Wilmes,Individual,individual,Woodburn,OR,52051,1,2026-03-06,2026-03-06
orestar-20250101-20260928-787cf45dc908,19050,Christine Drazan,record:9725e5b6522096733b70b98a,Ken Chambers,Individual,individual,Dallas,OR,52051,1,2025-12-30,2025-12-30
orestar-20250101-20260928-787cf45dc908,19050,Christine Drazan,record:ad79476c8dbdb6634881da58,Kerry Whitlach,Individual,individual,Lebanon,OR,52051,1,2026-09-16,2026-09-16
orestar-20250101-20260928-787cf45dc908,19050,Christine Drazan,record:bc1094e9f3f15d426d75e485,Lydia Lundberg,Individual,individual,Portland,OR,52051,1,2026-08-11,2026-08-11
orestar-20250101-20260928-787cf45dc908,19050,Christine Drazan,record:bf542101ed0650ea2b9fffef,Mark Hoyt,Individual,individual,Salem,OR,52051,1,2026-09-08,2026-09-08
orestar-20250101-20260928-787cf45dc908,19050,Christine Drazan,record:29e695bc674ffef5f6bf0bbd,Michael Applegate,Individual,individual,Bend,OR,52051,1,2026-08-10,2026-08-10
orestar-20250101-20260928-787cf45dc908,19050,Christine Drazan,record:bf5ca7877d2b17fcbd64263a,Micheal Hickel,Individual,individual,Damascus,OR,52051,1,2026-08-30,2026-08-30
orestar-20250101-20260928-787cf45dc908,19050,Christine Drazan,record:b5fd7e67d047bbbe87ae7127,Nancy Jaksich,Individual,individual,Sandy,OR,52051,1,2026-09-24,2026-09-24
orestar-20250101-20260928-787cf45dc908,19050,Christine Drazan,record:99076810f9db95125686ad82,Neil Jaques,Individual,individual,Lake Oswego,OR,52051,1,2026-09-10,2026-09-10
orestar-20250101-20260928-787cf45dc908,19050,Christine Drazan,record:c659a1769ce7048958871714,Pamela Mayo,Individual,individual,Redmond,OR,52051,1,2026-08-05,2026-08-05
orestar-20250101-20260928-787cf45dc908,19050,Christine Drazan,record:d67064faac5000a17a3fcfc9,Paul Kirsch,Individual,individual,St. Paul,OR,52051,1,2025-11-03,2025-11-03
orestar-20250101-20260928-787cf45dc908,19050,Christine Drazan,record:a63f67ca694bc4a0d31167c4,Paul Rossi,Individual,individual,Salem,OR,52051,1,2026-08-25,2026-08-25
orestar-20250101-20260928-787cf45dc908,19050,Christine Drazan,record:698d36bc05ea1886584ed9e7,Richard Snow,Individual,individual,Bend,OR,52051,1,2026-08-06,2026-08-06
orestar-20250101-20260928-787cf45dc908,19050,Christine Drazan,record:c393662dde86855f3df87b57,Robert Russell,Individual,individual,Clackamas,OR,52051,1,2026-07-12,2026-07-12
orestar-20250101-20260928-787cf45dc908,19050,Christine Drazan,record:efd518790c6dd47eb5ea0af2,Lori Edwards-Olson,Individual,individual,Florence,OR,52050,5,2025-10-27,2026-03-03
orestar-20250101-20260928-787cf45dc908,19050,Christine Drazan,record:aa64b0dc01021ff37c05c6b0,Harold Geller,Individual,individual,Pendleton,OR,52021,1,2025-12-15,2025-12-15
orestar-20250101-20260928-787cf45dc908,19050,Christine Drazan,record:2bcd3dec5502eb55d867c280,Cindy Jones,Individual,individual,Redmond,OR,51025,2,2025-11-03,2026-08-18
orestar-20250101-20260928-787cf45dc908,19050,Christine Drazan,record:16bad5e626b8d4edf8daf307,Neil Hankerson,Individual,individual,Lake Oswego,OR,51025,2,2026-05-21,2026-08-23
orestar-20250101-20260928-787cf45dc908,19050,Christine Drazan,record:911cb3fe9ebf9a1f329adbeb,Philip Hamm,Individual,individual,Hermiston,OR,51025,2,2025-10-27,2026-09-02
orestar-20250101-20260928-787cf45dc908,19050,Christine Drazan,record:5a71ce893347c2d2533a0d06,Sharon Barnes,Individual,individual,Sublimity,OR,51025,2,2025-09-15,2026-08-25
orestar-20250101-20260928-787cf45dc908,19050,Christine Drazan,record:b86b6836f144cb440b0fd7d5,Marlene Sherfy,Individual,individual,Albany,OR,50500,7,2026-05-19,2026-09-21
orestar-20250101-20260928-787cf45dc908,19050,Christine Drazan,record:590d68b01e5bee4928642f46,Greg Elwell,Individual,individual,Boring,OR,50100,6,2026-03-08,2026-09-24
orestar-20250101-20260928-787cf45dc908,19050,Christine Drazan,record:6f221395451625d7e81160db,AF Nursery LLC,Business Entity,business,Woodburn,OR,50000,1,2026-03-13,2026-03-13
orestar-20250101-20260928-787cf45dc908,19050,Christine Drazan,record:e1c61215a4e27c39fa38d6a5,ASI Arden Solutions Inc.,Business Entity,business,Independence,OR,50000,1,2026-09-23,2026-09-23
orestar-20250101-20260928-787cf45dc908,19050,Christine Drazan,record:fe83a619457a849e05f16d63,Adam Wolfe,Individual,individual,Wallowa,OR,50000,1,2026-01-23,2026-01-23
orestar-20250101-20260928-787cf45dc908,19050,Christine Drazan,record:44b3d075f459a12e4a091786,Alan Bonebrake,Individual,individual,Forest Grove,OR,50000,1,2026-08-31,2026-08-31
orestar-20250101-20260928-787cf45dc908,19050,Christine Drazan,record:9235bb88edaac780d6b71c5e,Alan Harris,Individual,individual,Damascus,OR,50000,1,2026-01-26,2026-01-26
orestar-20250101-20260928-787cf45dc908,19050,Christine Drazan,record:71047dabfda7e4d61a38d744,Alan Hasuike,Individual,individual,Tualatin,OR,50000,1,2026-08-14,2026-08-14
orestar-20250101-20260928-787cf45dc908,19050,Christine Drazan,record:c6181b5edd01a265521f78b8,Alan R Dennison,Individual,individual,Portland,OR,50000,1,2026-08-19,2026-08-19
orestar-20250101-20260928-787cf45dc908,19050,Christine Drazan,record:c4e03b70925288cc5d0160fa,Alex Carpenter,Individual,individual,Canby,OR,50000,1,2026-09-16,2026-09-16
orestar-20250101-20260928-787cf45dc908,19050,Christine Drazan,record:2fdcb37bb488270bb5cca18b,Alexander C Charlton,Individual,individual,Beaverton,OR,50000,1,2026-08-14,2026-08-14
orestar-20250101-20260928-787cf45dc908,19050,Christine Drazan,record:01be7bf89e580493296b3acf,Amber Archibald,Individual,individual,Dallas,OR,50000,1,2025-11-06,2025-11-06
orestar-20250101-20260928-787cf45dc908,19050,Christine Drazan,committee:4016,American Council of Engineering Companies - Oregon PAC (4016),Political Committee,other,Portland,OR,50000,1,2025-01-09,2025-01-09
orestar-20250101-20260928-787cf45dc908,19050,Christine Drazan,record:7bba2b58cddcd3fe78633280,Amy Nystrom,Individual,individual,Monroe,OR,50000,1,2026-09-23,2026-09-23
orestar-20250101-20260928-787cf45dc908,19050,Christine Drazan,record:ed5facaf5ceab03e15bd59ad,Andrew Morrison,Individual,individual,Damascus,OR,50000,1,2026-05-05,2026-05-05
orestar-20250101-20260928-787cf45dc908,19050,Christine Drazan,record:4a6950b387dc474414c59523,Andrew Tweet,Individual,individual,Albany,OR,50000,1,2026-09-15,2026-09-15
orestar-20250101-20260928-787cf45dc908,19050,Christine Drazan,record:8c56b50b54cb1d383865ad46,Angela M Moore,Individual,individual,Sweet Home,OR,50000,1,2026-09-16,2026-09-16
orestar-20250101-20260928-787cf45dc908,19050,Christine Drazan,record:87785dc5c3d6749a1bde5a9d,Ankeridge Dairy,Business Entity,business,Tillamook,OR,50000,1,2026-09-21,2026-09-21
orestar-20250101-20260928-787cf45dc908,19050,Christine Drazan,record:e07b27fc2d6d50267dd607fb,Arlyss Hanosh,Individual,individual,Bend,OR,50000,1,2026-08-11,2026-08-11
orestar-20250101-20260928-787cf45dc908,19050,Christine Drazan,record:aa37939a32a5689b0389785a,Ashley Brittner,Individual,individual,Lake Oswego,OR,50000,1,2026-09-22,2026-09-22
orestar-20250101-20260928-787cf45dc908,19050,Christine Drazan,record:717a95fb39e7e1c264c0d10c,Barbara Coleman,Individual,individual,Silverton,OR,50000,2,2026-04-30,2026-08-31
orestar-20250101-20260928-787cf45dc908,19050,Christine Drazan,record:83e3d9c856aa29fc9d35b264,Barbara Wilson,Individual,individual,Woodburn,OR,50000,1,2026-08-14,2026-08-14
orestar-20250101-20260928-787cf45dc908,19050,Christine Drazan,record:843ad47caf5f53a979e08594,Barry Edwards,Individual,individual,Portland,OR,50000,1,2026-09-04,2026-09-04
orestar-20250101-20260928-787cf45dc908,19050,Christine Drazan,record:341d17032b0d2d50892de39b,Becky Berger,Individual,individual,Portland,OR,50000,1,2025-01-12,2025-01-12
orestar-20250101-20260928-787cf45dc908,19050,Christine Drazan,record:38adef7ef6da67a3641e3b0d,Ben Manny,Individual,individual,Portland,OR,50000,1,2026-08-10,2026-08-10
orestar-20250101-20260928-787cf45dc908,19050,Christine Drazan,record:8e1cfe5409b8aea0eb3274d9,Benjamin B Kokkeler,Individual,individual,Junction City,OR,50000,1,2026-09-23,2026-09-23
orestar-20250101-20260928-787cf45dc908,19050,Christine Drazan,record:4cfb9ce74fbf524c88b9d275,Bill J Castrey,Individual,individual,Lake Oswego,OR,50000,1,2026-08-19,2026-08-19
orestar-20250101-20260928-787cf45dc908,19050,Christine Drazan,record:718c668c720ae473b28fe149,Bobbi DeWitt,Individual,individual,Bend,OR,50000,2,2026-02-11,2026-03-12
orestar-20250101-20260928-787cf45dc908,19050,Christine Drazan,record:c1cf6bef1f7c7821628e82e4,Bobbye Nicholson,Individual,individual,Albany,OR,50000,1,2026-03-18,2026-03-18
orestar-20250101-20260928-787cf45dc908,19050,Christine Drazan,record:bd11e7b5bf442edee5744fcd,Bontrager Rentals LLC,Business Entity,business,Albany,OR,50000,1,2026-05-01,2026-05-01
orestar-20250101-20260928-787cf45dc908,19050,Christine Drazan,record:fe75e1f28f2ab17a4b43e66d,Brad M Haga,Individual,individual,North Bend,OR,50000,1,2026-08-14,2026-08-14
orestar-20250101-20260928-787cf45dc908,19050,Christine Drazan,record:e379b25755115aa5c095d8f6,Branden Tarlow,Individual,individual,Lake Oswego,OR,50000,1,2026-09-02,2026-09-02
orestar-20250101-20260928-787cf45dc908,19050,Christine Drazan,record:5a11fbf2c42549066afe404a,Brenda Forrest,Individual,individual,Winston,OR,50000,1,2026-05-04,2026-05-04
orestar-20250101-20260928-787cf45dc908,19050,Christine Drazan,record:10520c15f9a7035662f46923,Brentley Bullock,Individual,individual,Happy Valley,OR,50000,1,2026-08-03,2026-08-03
orestar-20250101-20260928-787cf45dc908,19050,Christine Drazan,record:7880a318080c2fd463efa9fd,Bruce Russell,Individual,individual,Gresham,OR,50000,1,2026-08-30,2026-08-30
orestar-20250101-20260928-787cf45dc908,19050,Christine Drazan,record:bf1ef6fe60c3ffb2dc3d0c32,Bryan Covert,Individual,individual,Cottage Grove,OR,50000,1,2025-12-14,2025-12-14
orestar-20250101-20260928-787cf45dc908,19050,Christine Drazan,record:8c9aa0d38e63703df01e97be,Cameron Johnson,Individual,individual,Portland,OR,50000,1,2026-04-27,2026-04-27
orestar-20250101-20260928-787cf45dc908,19050,Christine Drazan,record:be884988a7ff1d2afff34a13,Carmela R Dennison,Individual,individual,Portland,OR,50000,1,2026-08-19,2026-08-19
orestar-20250101-20260928-787cf45dc908,19050,Christine Drazan,record:a9f2fd8abfb2bfe88d506098,Carol Guile,Individual,individual,Wilsonville,OR,50000,1,2026-08-17,2026-08-17
orestar-20250101-20260928-787cf45dc908,19050,Christine Drazan,record:8ae63c47d832ee35e716befe,Carol Leif,Individual,individual,Roseburg,OR,50000,2,2026-04-10,2026-08-17
orestar-20250101-20260928-787cf45dc908,19050,Christine Drazan,record:c8992e5c62f5a704ebc11085,Catherine Zwicker,Individual,individual,Redmond,OR,50000,2,2025-10-27,2025-10-31
orestar-20250101-20260928-787cf45dc908,19050,Christine Drazan,record:afc12007aa436c5d6dfdf323,"Cheyne Brothers, LLC",Business Entity,business,Malin,OR,50000,1,2026-04-16,2026-04-16
orestar-20250101-20260928-787cf45dc908,19050,Christine Drazan,record:265417b19b45f66d2ee5f153,Chris Schrock,Individual,individual,Albany,OR,50000,1,2026-05-01,2026-05-01
orestar-20250101-20260928-787cf45dc908,19050,Christine Drazan,record:ecafaca96c1deb48d711adda,Christine Hart,Individual,individual,Hillsboro,OR,50000,1,2026-06-07,2026-06-07
orestar-20250101-20260928-787cf45dc908,19050,Christine Drazan,record:05018e73f8d9b58b7bbe6966,Christine Wilcox,Individual,individual,Salem,OR,50000,1,2026-09-08,2026-09-08
orestar-20250101-20260928-787cf45dc908,19050,Christine Drazan,record:9994bbc2d5982e31b2e3c664,Christopher Moudry,Individual,individual,Merrill,OR,50000,1,2026-06-16,2026-06-16
orestar-20250101-20260928-787cf45dc908,19050,Christine Drazan,record:80d013f8777e8f2a8ec3c95f,"Chuck Eder Farms, Inc.",Business Entity,business,Mt. Angel,OR,50000,1,2026-03-13,2026-03-13
orestar-20250101-20260928-787cf45dc908,19050,Christine Drazan,record:19fe3bc657eff16025f0ba04,"Church Family Farms, Inc.",Business Entity,business,Christmas Valley,OR,50000,1,2026-09-24,2026-09-24
orestar-20250101-20260928-787cf45dc908,19050,Christine Drazan,committee:3420,Committee to Re-Elect Greg Smith (3420),Political Committee,other,Heppner,OR,50000,1,2026-04-20,2026-04-20
orestar-20250101-20260928-787cf45dc908,19050,Christine Drazan,record:b5502b6658c1a81e3dad95be,Corsair Angus Ranch,Business Entity,business,Ione,OR,50000,1,2026-09-01,2026-09-01
orestar-20250101-20260928-787cf45dc908,19050,Christine Drazan,record:0a838767c288b358415bbcda,Cynthia Ball,Individual,individual,Coos Bay,OR,50000,1,2026-05-05,2026-05-05
orestar-20250101-20260928-787cf45dc908,19050,Christine Drazan,record:bd524cf472cdb5372457371f,DSJ Property Management LLC,Business Entity,business,Woodburn,OR,50000,1,2026-03-13,2026-03-13
orestar-20250101-20260928-787cf45dc908,19050,Christine Drazan,record:9373fd943ba53ec381731d6e,Dan DeAutremont,Individual,individual,Portland,OR,50000,1,2026-09-08,2026-09-08
orestar-20250101-20260928-787cf45dc908,19050,Christine Drazan,record:51cf6d611177adac80fa2d35,Daniel Jarman,Individual,individual,Lake Oswego,OR,50000,1,2026-04-20,2026-04-20
orestar-20250101-20260928-787cf45dc908,19050,Christine Drazan,record:9114b4a006099e2775891934,Darcy Ruef,Individual,individual,Mount Angel,OR,50000,1,2026-05-08,2026-05-08
orestar-20250101-20260928-787cf45dc908,19050,Christine Drazan,record:19c96f599b88d5f63f892dd6,David Atiyeh,Individual,individual,Lake Oswego,OR,50000,1,2026-09-24,2026-09-24
orestar-20250101-20260928-787cf45dc908,19050,Christine Drazan,record:ab3be7f766b17dcc01705c4f,David Campagna,Individual,individual,West Linn,OR,50000,1,2026-01-27,2026-01-27
orestar-20250101-20260928-787cf45dc908,19050,Christine Drazan,record:eee702eedc12732e2420ecb3,David Forrest,Individual,individual,Winston,OR,50000,1,2026-05-04,2026-05-04
orestar-20250101-20260928-787cf45dc908,19050,Christine Drazan,record:7df64bbfb355d31080a85eb3,David G Horrax,Individual,individual,Canby,OR,50000,1,2026-08-17,2026-08-17
orestar-20250101-20260928-787cf45dc908,19050,Christine Drazan,record:5fa22b4b80b4214429a236bb,David J Bleha,Individual,individual,Klamath Falls,OR,50000,1,2026-09-08,2026-09-08
orestar-20250101-20260928-787cf45dc908,19050,Christine Drazan,record:003fa82dc27af2f53a324a25,David Johnson,Individual,individual,West Linn,OR,50000,1,2026-01-15,2026-01-15
orestar-20250101-20260928-787cf45dc908,19050,Christine Drazan,record:919b33a3a08ce4d2ead58ec3,David Perlenfein,Individual,individual,Albany,OR,50000,1,2026-05-01,2026-05-01
orestar-20250101-20260928-787cf45dc908,19050,Christine Drazan,record:8c0a82cc6847baafeb012e18,David Ramku,Individual,individual,Portland,OR,50000,1,2025-12-26,2025-12-26
orestar-20250101-20260928-787cf45dc908,19050,Christine Drazan,record:39fff317eba8e7e9ffdeab1e,Davis Creek Rock Quarry LLC,Business Entity,business,Silverton,OR,50000,1,2026-03-11,2026-03-11
orestar-20250101-20260928-787cf45dc908,19050,Christine Drazan,record:cedb474e743b9fed1ea3d049,Dean Snodgrass,Individual,individual,Happy Valley,OR,50000,1,2026-08-20,2026-08-20
orestar-20250101-20260928-787cf45dc908,19050,Christine Drazan,record:9f72bdd4f05a6d6d1a215a01,Diane Deautremont,Individual,individual,Portland,OR,50000,1,2026-09-08,2026-09-08
orestar-20250101-20260928-787cf45dc908,19050,Christine Drazan,record:d0ec19144ea0047bcb271558,Donald N Coon,Individual,individual,Shedd,OR,50000,1,2026-09-23,2026-09-23
orestar-20250101-20260928-787cf45dc908,19050,Christine Drazan,record:0f2fbb88ca4bdc3829407ac6,Ed Portz,Individual,individual,Corvallis,OR,50000,1,2025-12-23,2025-12-23
orestar-20250101-20260928-787cf45dc908,19050,Christine Drazan,record:aab510412504ef6c9b9edf84,"Eshraghi Nurseries, LLC",Business Entity,business,Hillsboro,OR,50000,1,2026-03-13,2026-03-13
orestar-20250101-20260928-787cf45dc908,19050,Christine Drazan,record:a0bf502570220eec35cb4521,Ethan Smith,Individual,individual,St. Paul,OR,50000,1,2025-11-06,2025-11-06
orestar-20250101-20260928-787cf45dc908,19050,Christine Drazan,record:70c9de96960f2b0342c41187,Franz A Shindler,Individual,individual,Gold Beach,OR,50000,1,2026-09-14,2026-09-14
orestar-20250101-20260928-787cf45dc908,19050,Christine Drazan,record:6a09afd8eb5375bd525e3dfe,Fred Gates,Individual,individual,Salem,OR,50000,1,2026-09-22,2026-09-22
orestar-20250101-20260928-787cf45dc908,19050,Christine Drazan,committee:12916,Friends of Sherrie Sprenger (12916),Political Committee,other,Scio,OR,50000,1,2026-05-12,2026-05-12
orestar-20250101-20260928-787cf45dc908,19050,Christine Drazan,record:f73933d5a7baa003f71b7e31,"GH Farms, Inc.",Business Entity,business,St. Paul,OR,50000,1,2025-11-18,2025-11-18
orestar-20250101-20260928-787cf45dc908,19050,Christine Drazan,record:904b871c9701690b0ba355fa,Gail Sargent,Individual,individual,Hermiston,OR,50000,1,2026-08-14,2026-08-14
orestar-20250101-20260928-787cf45dc908,19050,Christine Drazan,record:5e710c94e026343dbe303b24,Gary Simon,Individual,individual,Woodburn,OR,50000,1,2025-11-06,2025-11-06
orestar-20250101-20260928-787cf45dc908,19050,Christine Drazan,record:b49a6b50f485c08e1baafe90,Gavrielle Jensen,Individual,individual,Jefferson,OR,50000,1,2026-05-04,2026-05-04
orestar-20250101-20260928-787cf45dc908,19050,Christine Drazan,record:dbeeb330bd8a7b978d2b2f92,George F Latus,Individual,individual,Happy Valley,OR,50000,1,2026-08-31,2026-08-31
orestar-20250101-20260928-787cf45dc908,19050,Christine Drazan,record:946be0c80fd3585ccf3fed13,George L Murdock,Individual,individual,Pendleton,OR,50000,1,2026-09-01,2026-09-01
orestar-20250101-20260928-787cf45dc908,19050,Christine Drazan,record:c4e2b45a6d8cb9e59b4aca48,"Geotoll, Inc.",Business Entity,business,Boca Raton,FL,50000,1,2025-01-09,2025-01-09
orestar-20250101-20260928-787cf45dc908,19050,Christine Drazan,record:d5df417299c35940b64205cd,"Gilead Sciences, Inc.",Business Entity,business,Foster City,CA,50000,1,2025-12-15,2025-12-15
orestar-20250101-20260928-787cf45dc908,19050,Christine Drazan,record:f2cb7ab6b16798d5e36579e9,Green Villa Farms LLC,Business Entity,business,Independence,OR,50000,1,2026-02-23,2026-02-23
orestar-20250101-20260928-787cf45dc908,19050,Christine Drazan,record:8cd747ee283077693d7f6a74,Greg Gambee,Individual,individual,Portland,OR,50000,1,2026-08-19,2026-08-19
orestar-20250101-20260928-787cf45dc908,19050,Christine Drazan,record:0e79883a5fac43e1088184dd,Greg Kupillas,Individual,individual,Mulino,OR,50000,1,2026-08-31,2026-08-31
orestar-20250101-20260928-787cf45dc908,19050,Christine Drazan,record:e519daf0580c2c8311ea60fc,Gregory Harris,Individual,individual,Hermiston,OR,50000,1,2026-09-01,2026-09-01
orestar-20250101-20260928-787cf45dc908,19050,Christine Drazan,record:8f589f31f24b7eacde5f4fd3,Gregory Kupillas,Individual,individual,Mulino,OR,50000,1,2026-05-04,2026-05-04
orestar-20250101-20260928-787cf45dc908,19050,Christine Drazan,record:959960d9aa013f646047d1c9,Gregory Law,Individual,individual,Portland,OR,50000,1,2025-12-30,2025-12-30
orestar-20250101-20260928-787cf45dc908,19050,Christine Drazan,record:f3599815a8aafd21efc94bfc,Gregory Zerzan,Individual,individual,Southlake,TX,50000,1,2026-07-12,2026-07-12
orestar-20250101-20260928-787cf45dc908,19050,Christine Drazan,record:8fd0d80102d5037b7db15393,Gretchen Bolender,Individual,individual,Portland,OR,50000,1,2026-08-10,2026-08-10
orestar-20250101-20260928-787cf45dc908,19050,Christine Drazan,record:f743bcdb40a5e7e6c00b45c0,Harlan Friesen,Individual,individual,Bend,OR,50000,1,2026-08-14,2026-08-14
orestar-20250101-20260928-787cf45dc908,19050,Christine Drazan,record:d9c582ffb910b9871a808154,Idaho Power Company,Business Entity,business,Boise,ID,50000,1,2025-10-27,2025-10-27
orestar-20250101-20260928-787cf45dc908,19050,Christine Drazan,record:b51da42e49c7c303bbca45b4,Ilona Skipper,Individual,individual,Gresham,OR,50000,1,2026-08-20,2026-08-20
orestar-20250101-20260928-787cf45dc908,19050,Christine Drazan,record:589757a32e71c923b54710b9,Jack Root,Individual,individual,Newberg,OR,50000,1,2026-09-22,2026-09-22
orestar-20250101-20260928-787cf45dc908,19050,Christine Drazan,record:f12a1dfbcfa6d22646f35df8,James Bull,Individual,individual,Tillamook,OR,50000,1,2026-09-11,2026-09-11
orestar-20250101-20260928-787cf45dc908,19050,Christine Drazan,record:f1ced19e6d5379cbe62b58ff,Jan Galitz,Individual,individual,Canby,OR,50000,1,2026-03-02,2026-03-02
orestar-20250101-20260928-787cf45dc908,19050,Christine Drazan,record:d633ee477200883461a9c9c1,Jandy Enterprises,Business Entity,business,Roseburg,OR,50000,1,2026-09-23,2026-09-23
orestar-20250101-20260928-787cf45dc908,19050,Christine Drazan,record:1a252407a67bcb915525f73f,Jane Gilbert,Individual,individual,North Bend,OR,50000,1,2026-04-24,2026-04-24
orestar-20250101-20260928-787cf45dc908,19050,Christine Drazan,record:c821e5a3c9ba03f3a489948b,Jane Heuberger,Individual,individual,Sublimity,OR,50000,1,2026-09-09,2026-09-09
orestar-20250101-20260928-787cf45dc908,19050,Christine Drazan,record:df0d5a15b81356f7de3a1752,Janet L Bottcher,Individual,individual,Sisters,OR,50000,1,2026-09-14,2026-09-14
orestar-20250101-20260928-787cf45dc908,19050,Christine Drazan,record:f98cf3ef5d70055a9edb15d3,Jason Ball,Individual,individual,Clackamas,OR,50000,1,2026-05-31,2026-05-31
orestar-20250101-20260928-787cf45dc908,19050,Christine Drazan,record:f2245b37dd2499b0a004d242,Jeanine Wenning,Individual,individual,Lebanon,OR,50000,1,2026-09-16,2026-09-16
orestar-20250101-20260928-787cf45dc908,19050,Christine Drazan,record:419666f4243750f9fe274ed7,Jeanne Zielinski,Individual,individual,Salem,OR,50000,1,2025-11-06,2025-11-06
orestar-20250101-20260928-787cf45dc908,19050,Christine Drazan,record:9f0bc36fe36ddce96f4bbead,Jeannie Ortega,Individual,individual,West Linn,OR,50000,1,2026-08-23,2026-08-23
orestar-20250101-20260928-787cf45dc908,19050,Christine Drazan,record:e21b5b5a3ab04943beff1318,Jeb Richard Hartnell,Individual,individual,Tangent,OR,50000,1,2026-09-23,2026-09-23
orestar-20250101-20260928-787cf45dc908,19050,Christine Drazan,record:82b08e63146236ce008d4e84,Jeff Brown,Individual,individual,Milwaukie,OR,50000,1,2026-05-21,2026-05-21
orestar-20250101-20260928-787cf45dc908,19050,Christine Drazan,record:f3e15b99a6793a1e6bf9bc34,Jeff Brown,Individual,individual,Porland,OR,50000,1,2026-06-15,2026-06-15
orestar-20250101-20260928-787cf45dc908,19050,Christine Drazan,record:a3ad5e6de9e42b312117e027,Jeff Denny,Individual,individual,West Linn,OR,50000,1,2026-08-23,2026-08-23
orestar-20250101-20260928-787cf45dc908,19050,Christine Drazan,record:61ab6d0a21670d6436e4b873,Jeff L Gladow,Individual,individual,Salem,OR,50000,1,2026-08-14,2026-08-14
orestar-20250101-20260928-787cf45dc908,19050,Christine Drazan,record:edfb8d83b6561aced176281d,Jeffrey Canessa,Individual,individual,Astoria,OR,50000,1,2026-09-04,2026-09-04
orestar-20250101-20260928-787cf45dc908,19050,Christine Drazan,record:f062de86647dbaf7b32b1b06,Jeffrey L Brown,Individual,individual,Milwaukie,OR,50000,1,2026-08-14,2026-08-14
orestar-20250101-20260928-787cf45dc908,19050,Christine Drazan,record:da06c5a70ee282356456cfa6,Jennie Moeller,Individual,individual,Baker City,OR,50000,2,2026-08-02,2026-08-28
orestar-20250101-20260928-787cf45dc908,19050,Christine Drazan,record:c5c749434d48dce9a86a9061,Jennifer Canessa,Individual,individual,Astoria,OR,50000,1,2026-09-04,2026-09-04
orestar-20250101-20260928-787cf45dc908,19050,Christine Drazan,record:3d3af883bba04701a8043550,Jenny Davis,Individual,individual,Albany,OR,50000,1,2026-04-05,2026-04-05
orestar-20250101-20260928-787cf45dc908,19050,Christine Drazan,record:28c426d713e4e68d45f0d065,Jerald Hansen,Individual,individual,Tigard,OR,50000,1,2026-09-14,2026-09-14
orestar-20250101-20260928-787cf45dc908,19050,Christine Drazan,record:6cc822beef30274053720414,Joan Gambee,Individual,individual,Portland,OR,50000,1,2026-08-19,2026-08-19
orestar-20250101-20260928-787cf45dc908,19050,Christine Drazan,record:f29bc11f08603eef5bf1c834,Joan L Gladow,Individual,individual,Salem,OR,50000,1,2026-08-14,2026-08-14
orestar-20250101-20260928-787cf45dc908,19050,Christine Drazan,record:c728708c0f46c787e2003788,John Bonham,Individual,individual,Newberg,OR,50000,1,2026-08-10,2026-08-10
orestar-20250101-20260928-787cf45dc908,19050,Christine Drazan,record:92a3dde8ff7f814a7de185f5,John Cochran,Individual,individual,Tigard,OR,50000,2,2026-06-03,2026-07-05
orestar-20250101-20260928-787cf45dc908,19050,Christine Drazan,record:ec2db4f5b9aeee9c81740238,John Drentlaw,Individual,individual,Portland,OR,50000,2,2025-10-27,2025-10-31
orestar-20250101-20260928-787cf45dc908,19050,Christine Drazan,record:c8e7c685f4eb898ce2c989d3,John Hargrove,Individual,individual,Redmond,OR,50000,2,2026-07-01,2026-07-01
orestar-20250101-20260928-787cf45dc908,19050,Christine Drazan,record:623f7d6ae651295c2d9ae5d6,John Lowry,Individual,individual,Portland,OR,50000,1,2026-07-15,2026-07-15
orestar-20250101-20260928-787cf45dc908,19050,Christine Drazan,record:ef7d85e70b6e61ed841543c0,John Shaver,Individual,individual,Salem,OR,50000,5,2026-05-31,2026-09-13
orestar-20250101-20260928-787cf45dc908,19050,Christine Drazan,record:c31a4b7917e40ed215243b2c,John Stilwell,Individual,individual,Chiloquin,OR,50000,1,2026-09-16,2026-09-16
orestar-20250101-20260928-787cf45dc908,19050,Christine Drazan,record:303da2ca6bc73e217ffd9168,John Wendland,Individual,individual,Lake Oswego,OR,50000,1,2026-08-19,2026-08-19
orestar-20250101-20260928-787cf45dc908,19050,Christine Drazan,record:741db4ab58d0fae28477bdaf,Johnson & Johnson PAC,Unregistered Committee,other,Washington,DC,50000,1,2025-10-22,2025-10-22
orestar-20250101-20260928-787cf45dc908,19050,Christine Drazan,record:86b0c55ad6842ff1bf0750b1,Jon G McKellar,Individual,individual,Klamath Falls,OR,50000,1,2026-08-14,2026-08-14
orestar-20250101-20260928-787cf45dc908,19050,Christine Drazan,record:dbd55bba0b4eb03528eae2d9,"Joseph Gonyea, II",Individual,individual,Eugene,OR,50000,1,2026-09-04,2026-09-04
orestar-20250101-20260928-787cf45dc908,19050,Christine Drazan,record:05bab9d42da09a46acbce893,Joseph L Harter,Individual,individual,Klamatha Falls,OR,50000,1,2026-08-20,2026-08-20
orestar-20250101-20260928-787cf45dc908,19050,Christine Drazan,record:e9f9473eb14f67c3b6daab3c,Joseph Mansfield,Individual,individual,Bend,OR,50000,1,2026-08-18,2026-08-18
orestar-20250101-20260928-787cf45dc908,19050,Christine Drazan,record:d1854b2e5881e120dfd55a18,Joyce Bonham,Individual,individual,Newberg,OR,50000,1,2026-08-10,2026-08-10
orestar-20250101-20260928-787cf45dc908,19050,Christine Drazan,record:3b18f74e72b8381c44056d15,Joyce Michelangelo,Individual,individual,Central Point,OR,50000,1,2026-07-15,2026-07-15
orestar-20250101-20260928-787cf45dc908,19050,Christine Drazan,record:4a60448aea1b3df0f28c7f11,Juan Yraguen,Individual,individual,Winchester,OR,50000,1,2026-08-04,2026-08-04
orestar-20250101-20260928-787cf45dc908,19050,Christine Drazan,record:23eff1c8863c2eba078fba74,Judy Bennett,Individual,individual,Salem,OR,50000,1,2025-11-06,2025-11-06
orestar-20250101-20260928-787cf45dc908,19050,Christine Drazan,record:1fadaa4fe518bd6daee4b588,Judy Klier,Individual,individual,Tigard,OR,50000,1,2026-08-10,2026-08-10
orestar-20250101-20260928-787cf45dc908,19050,Christine Drazan,record:6abc2bbd6f3aee0e35c244fa,Julie L Adkins,Individual,individual,Eugene,OR,50000,1,2026-09-04,2026-09-04
orestar-20250101-20260928-787cf45dc908,19050,Christine Drazan,record:a90104f8ac08fb023b56afb8,June M Lattin,Individual,individual,Portland,OR,50000,1,2026-05-11,2026-05-11
orestar-20250101-20260928-787cf45dc908,19050,Christine Drazan,record:e321fc30b1b867538c6637e9,Justine Gjurgevich,Individual,individual,Sister,OR,50000,1,2026-08-24,2026-08-24
orestar-20250101-20260928-787cf45dc908,19050,Christine Drazan,record:893982160fe1d9d64892990d,Kaboth Fisheries Inc.,Business Entity,business,Astoria,OR,50000,1,2026-09-04,2026-09-04
orestar-20250101-20260928-787cf45dc908,19050,Christine Drazan,record:3042fd3db36ebef08152e851,Kandra Five Farm LLC,Business Entity,business,Merrill,OR,50000,1,2026-08-21,2026-08-21
orestar-20250101-20260928-787cf45dc908,19050,Christine Drazan,record:a7203b13466a11a272197ee1,Katheryn Schindler,Individual,individual,Gold Beach,OR,50000,1,2026-09-14,2026-09-14
orestar-20250101-20260928-787cf45dc908,19050,Christine Drazan,record:c97bc5cb9c09ca7200eb6bed,Kathy Glockner,Individual,individual,Roseburg,OR,50000,1,2026-07-15,2026-07-15
orestar-20250101-20260928-787cf45dc908,19050,Christine Drazan,record:42c944c89f5957bcf749fc87,Kathy Hadley,Individual,individual,Rickreall,OR,50000,1,2025-11-06,2025-11-06
orestar-20250101-20260928-787cf45dc908,19050,Christine Drazan,record:9f503aae53f22a3c9158d5eb,Kathy L Vaughn,Individual,individual,Maupin,OR,50000,1,2026-08-14,2026-08-14
orestar-20250101-20260928-787cf45dc908,19050,Christine Drazan,record:63f274a7d8324618e62d0731,Keith Lovett,Individual,individual,West Linn,OR,50000,1,2026-07-29,2026-07-29
orestar-20250101-20260928-787cf45dc908,19050,Christine Drazan,record:3066bd2a564439b9ec58438c,Keith Metting,Individual,individual,Albany,OR,50000,1,2025-12-10,2025-12-10
orestar-20250101-20260928-787cf45dc908,19050,Christine Drazan,record:b371cab7b73fb5ce4b1268b3,Keith Seymour,Individual,individual,Hillsboro,OR,50000,1,2026-08-31,2026-08-31
orestar-20250101-20260928-787cf45dc908,19050,Christine Drazan,record:5c95047bf4302a992cc53585,Kenneth Blacksmith,Individual,individual,Wilsonville,OR,50000,5,2026-05-31,2026-09-27
orestar-20250101-20260928-787cf45dc908,19050,Christine Drazan,record:6300f7655db708a36a8abadb,Kenneth Flora,Individual,individual,Happy Valley,OR,50000,1,2026-09-02,2026-09-02
orestar-20250101-20260928-787cf45dc908,19050,Christine Drazan,record:da8a0ebe415db5413ee42e72,Kenneth W Chambers,Individual,individual,Dallas,OR,50000,1,2026-09-08,2026-09-08
orestar-20250101-20260928-787cf45dc908,19050,Christine Drazan,record:c503676570ea9a9cdf235fc9,Kerry Gillespie,Individual,individual,Newberg,OR,50000,1,2026-08-10,2026-08-10
orestar-20250101-20260928-787cf45dc908,19050,Christine Drazan,record:0c91aae020aa63394b98f40c,Kevin Wright,Individual,individual,Canby,OR,50000,1,2026-05-01,2026-05-01
orestar-20250101-20260928-787cf45dc908,19050,Christine Drazan,record:1bf95993947f7823e5ec93d7,Kristy Woodcock,Individual,individual,Banks,OR,50000,1,2026-08-20,2026-08-20
orestar-20250101-20260928-787cf45dc908,19050,Christine Drazan,record:5f80869aa6e500d217f36f74,Kyle Bunch Agency,Business Entity,business,Wilsonville,OR,50000,1,2025-11-06,2025-11-06
orestar-20250101-20260928-787cf45dc908,19050,Christine Drazan,record:df66640e5416d1983b0b5154,Kyle Kirsch,Individual,individual,Salem,OR,50000,1,2025-11-09,2025-11-09
orestar-20250101-20260928-787cf45dc908,19050,Christine Drazan,committee:325,Lane County Republican Central Committee (325),Political Party Committee,candidates,Pleasant Hill,OR,50000,1,2026-09-18,2026-09-18
orestar-20250101-20260928-787cf45dc908,19050,Christine Drazan,record:7a6445076aba33f624f8616d,Lauren Campbell,Individual,individual,Roseburg,OR,50000,1,2026-08-17,2026-08-17
orestar-20250101-20260928-787cf45dc908,19050,Christine Drazan,record:27901a30362d31e1e283cf8d,Lauren Lucht,Individual,individual,Molalla,OR,50000,1,2025-10-31,2025-10-31
orestar-20250101-20260928-787cf45dc908,19050,Christine Drazan,record:ef04af2980e8fe8e383cf3df,Lauren Lucht,Individual,individual,Molalla,OR,50000,1,2025-10-28,2025-10-28
orestar-20250101-20260928-787cf45dc908,19050,Christine Drazan,record:b3b486f72df744263ef2c69b,Leah Watkins,Individual,individual,Condon,OR,50000,1,2026-04-03,2026-04-03
orestar-20250101-20260928-787cf45dc908,19050,Christine Drazan,record:0aa7def4ac7ddc7983900848,Lee H Koehn,Individual,individual,Lake Oswego,OR,50000,1,2026-08-19,2026-08-19
orestar-20250101-20260928-787cf45dc908,19050,Christine Drazan,record:064750255a6fec2e97bddb72,Legacy Farms Inc,Business Entity,business,Mount Angel,OR,50000,1,2026-03-13,2026-03-13
orestar-20250101-20260928-787cf45dc908,19050,Christine Drazan,record:485b88be9fd7038846ff7574,Liberty Crushing LLC,Business Entity,business,Sweet Home,OR,50000,1,2026-09-16,2026-09-16
orestar-20250101-20260928-787cf45dc908,19050,Christine Drazan,record:a75e541aee5ea993f749e818,Linda Cook,Individual,individual,Troutdale,OR,50000,1,2026-08-23,2026-08-23
orestar-20250101-20260928-787cf45dc908,19050,Christine Drazan,record:6d64dbaee7ecedc75a987fd7,Linda D Baker,Individual,individual,Medford,OR,50000,1,2026-09-01,2026-09-01
orestar-20250101-20260928-787cf45dc908,19050,Christine Drazan,record:4319ff3ba200216b68a4b59f,Linda Haga,Individual,individual,North Bend,OR,50000,1,2026-08-14,2026-08-14
orestar-20250101-20260928-787cf45dc908,19050,Christine Drazan,record:2ea296d2d24e7186d5ac7e01,Linda Marshall,Individual,individual,Lake Oswego,OR,50000,1,2026-08-13,2026-08-13
orestar-20250101-20260928-787cf45dc908,19050,Christine Drazan,record:b939d89515fe747ccfea1e2e,Linda Polier,Individual,individual,Portland,OR,50000,1,2026-09-21,2026-09-21
orestar-20250101-20260928-787cf45dc908,19050,Christine Drazan,record:d9d76324940d36d460211853,Lisa Wendland,Individual,individual,Lake Oswego,OR,50000,1,2026-08-19,2026-08-19
orestar-20250101-20260928-787cf45dc908,19050,Christine Drazan,record:e4aec38ba0eb1584882c2cdb,Loren Lee,Individual,individual,Springfield,OR,50000,1,2026-08-31,2026-08-31
orestar-20250101-20260928-787cf45dc908,19050,Christine Drazan,record:30c5d7b98c4c27bb3499e53a,Luther Horseley,Individual,individual,Midland,OR,50000,1,2026-03-26,2026-03-26
orestar-20250101-20260928-787cf45dc908,19050,Christine Drazan,record:d4659901ebc83749b4831774,Lynn A Bartett Revocable Trust,Other,other,Grants Pass,OR,50000,1,2025-12-31,2025-12-31
orestar-20250101-20260928-787cf45dc908,19050,Christine Drazan,record:2cc266f885121560190d93cb,"Magnet for Metal, LLC",Business Entity,business,Walterville,OR,50000,1,2026-09-23,2026-09-23
orestar-20250101-20260928-787cf45dc908,19050,Christine Drazan,record:306e44ffe7851b267009d955,Marc Strabic,Individual,individual,West Linn,OR,50000,1,2026-09-24,2026-09-24
orestar-20250101-20260928-787cf45dc908,19050,Christine Drazan,record:4a4214c43b5fe3bcad0f663a,Margaret Dresser,Individual,individual,Sherwood,OR,50000,1,2026-07-07,2026-07-07
orestar-20250101-20260928-787cf45dc908,19050,Christine Drazan,record:8c4f09859d6d55ae17aa9203,Mark B Murphy,Individual,individual,Portland,OR,50000,1,2026-09-14,2026-09-14
orestar-20250101-20260928-787cf45dc908,19050,Christine Drazan,record:7e2a36335dbf3938c530c67a,Mark Childs,Individual,individual,Tigard,OR,50000,1,2026-08-06,2026-08-06
orestar-20250101-20260928-787cf45dc908,19050,Christine Drazan,record:2ebb65e73bf6f06cef6f2425,Mark LeCoq,Individual,individual,Portland,OR,50000,1,2025-12-26,2025-12-26
orestar-20250101-20260928-787cf45dc908,19050,Christine Drazan,record:4eba9eacfb06be1086ad0883,Mark McKay,Individual,individual,Saint Paul,OR,50000,1,2025-11-06,2025-11-06
orestar-20250101-20260928-787cf45dc908,19050,Christine Drazan,record:d048f643f3863e7a23ed2683,Mark O'Shea,Individual,individual,Canby,OR,50000,1,2026-09-21,2026-09-21
orestar-20250101-20260928-787cf45dc908,19050,Christine Drazan,record:82f23a3078577b7347393ace,Mark Rawlinson,Individual,individual,Lake Oswego,OR,50000,1,2026-08-10,2026-08-10
orestar-20250101-20260928-787cf45dc908,19050,Christine Drazan,record:852f1808acfbf235c81fa05e,Mark Sargent,Individual,individual,Hermiston,OR,50000,1,2026-08-14,2026-08-14
orestar-20250101-20260928-787cf45dc908,19050,Christine Drazan,record:a0c830051197c05ca306c708,Marlene Meyer,Individual,individual,Jefferson,OR,50000,1,2025-11-20,2025-11-20
orestar-20250101-20260928-787cf45dc908,19050,Christine Drazan,record:ca7a771b0918e5672663aac1,Marlys Brown,Individual,individual,Lebanon,OR,50000,1,2026-09-23,2026-09-23
orestar-20250101-20260928-787cf45dc908,19050,Christine Drazan,record:0397891e8a28a4c9f37e34db,Mary Jane Bunch,Individual,individual,Beavercreek,OR,50000,1,2025-11-06,2025-11-06
orestar-20250101-20260928-787cf45dc908,19050,Christine Drazan,record:172961bebc8003b4219eedc3,Mary McVicker,Individual,individual,Portland,OR,50000,1,2026-05-05,2026-05-05
orestar-20250101-20260928-787cf45dc908,19050,Christine Drazan,record:6605384b98c163a2bfec348c,Maryanne Wirth,Individual,individual,Tangent,OR,50000,1,2026-08-07,2026-08-07
orestar-20250101-20260928-787cf45dc908,19050,Christine Drazan,record:11d29d75166505c642886f0e,Marys Peak Properties,Business Entity,business,Corvallis,OR,50000,1,2026-08-24,2026-08-24
orestar-20250101-20260928-787cf45dc908,19050,Christine Drazan,record:f2fa4c81f0b95a71aabcd272,Matthew Powell,Individual,individual,Roseburg,OR,50000,1,2026-08-18,2026-08-18
orestar-20250101-20260928-787cf45dc908,19050,Christine Drazan,record:d873ff2eb281bea7e2720c4b,Melinda Jo L Brown,Individual,individual,Milwaukie,OR,50000,1,2026-08-14,2026-08-14
orestar-20250101-20260928-787cf45dc908,19050,Christine Drazan,record:64f0df67017b0b02dc4ff279,Merle Stutzman,Individual,individual,Hubbard,OR,50000,1,2025-12-29,2025-12-29
orestar-20250101-20260928-787cf45dc908,19050,Christine Drazan,record:5b2ac56068b6139a2011ccce,Merrime Bridal LLC,Business Entity,business,Albany,OR,50000,1,2025-12-10,2025-12-10
orestar-20250101-20260928-787cf45dc908,19050,Christine Drazan,record:ab5dd1ed23cc02cc94766514,Michael (Mike) Sears,Individual,individual,Cloverdale,OR,50000,1,2026-08-17,2026-08-17
orestar-20250101-20260928-787cf45dc908,19050,Christine Drazan,record:54dea216c2162cd68eb8a584,Michael Grimm,Individual,individual,Happy Valley,OR,50000,1,2026-02-02,2026-02-02
orestar-20250101-20260928-787cf45dc908,19050,Christine Drazan,record:4500e37a221cf23f5bdb26bc,Michael Schindler,Individual,individual,Portland,OR,50000,1,2026-09-20,2026-09-20
orestar-20250101-20260928-787cf45dc908,19050,Christine Drazan,record:439d5604e114996cdab9b9b2,Michael Seppa,Individual,individual,Astoria,OR,50000,1,2026-04-09,2026-04-09
orestar-20250101-20260928-787cf45dc908,19050,Christine Drazan,record:3d6eb6dc57868b57944d3a05,Micheal Leary,Individual,individual,Springfield,OR,50000,2,2026-08-18,2026-09-17
orestar-20250101-20260928-787cf45dc908,19050,Christine Drazan,record:29a6911529f444ca32522909,Michele Davis,Individual,individual,Welches,OR,50000,1,2026-09-08,2026-09-08
orestar-20250101-20260928-787cf45dc908,19050,Christine Drazan,record:8b989511ab3cef87e85afdac,Michelle Carroll,Individual,individual,Gervais,OR,50000,1,2025-11-06,2025-11-06
orestar-20250101-20260928-787cf45dc908,19050,Christine Drazan,record:ade8d33ddf484a78f845695e,Miguel G Carbonell,Individual,individual,Medford,OR,50000,1,2026-08-17,2026-08-17
orestar-20250101-20260928-787cf45dc908,19050,Christine Drazan,record:925051a2fa60b918748d091c,Milo Anderson,Individual,individual,Roseburg,OR,50000,1,2026-05-13,2026-05-13
orestar-20250101-20260928-787cf45dc908,19050,Christine Drazan,record:2121827c515b74d5263fdf0b,Nancy Freeman,Individual,individual,Portland,OR,50000,1,2026-09-10,2026-09-10
orestar-20250101-20260928-787cf45dc908,19050,Christine Drazan,record:625acd4be8d34d7add3f3e4c,Norman Kralman,Individual,individual,Milton Freewater,OR,50000,1,2026-08-31,2026-08-31
orestar-20250101-20260928-787cf45dc908,19050,Christine Drazan,record:e969634b47e45a040fd61d01,Norman Schafer,Individual,individual,Cottage Grove,OR,50000,1,2026-09-09,2026-09-09
orestar-20250101-20260928-787cf45dc908,19050,Christine Drazan,committee:130,Oregon Certified Public Accountants Legislative Action Committee (130),Political Committee,other,Beaverton,OR,50000,1,2025-01-09,2025-01-09
orestar-20250101-20260928-787cf45dc908,19050,Christine Drazan,committee:20096,Oregon Wine Council PAC (20096),Political Committee,other,Salem,OR,50000,1,2025-01-09,2025-01-09
orestar-20250101-20260928-787cf45dc908,19050,Christine Drazan,record:87ae11eb53e7c220d45db0b9,Pamela Mayo Phillips,Individual,individual,Redmond,OR,50000,1,2026-08-11,2026-08-11
orestar-20250101-20260928-787cf45dc908,19050,Christine Drazan,record:6243f8f3a9c6c532f4840e74,Patricia Maag,Individual,individual,Vale,OR,50000,1,2026-09-01,2026-09-01
orestar-20250101-20260928-787cf45dc908,19050,Christine Drazan,record:1f29c1bf68f3d6d15d344e18,Patricia Snopkowski,Individual,individual,Philomath,OR,50000,1,2026-06-14,2026-06-14
orestar-20250101-20260928-787cf45dc908,19050,Christine Drazan,record:5b4d557004aa62d16c0a7b7e,Patrick Green,Individual,individual,West Linn,OR,50000,1,2026-08-07,2026-08-07
orestar-20250101-20260928-787cf45dc908,19050,Christine Drazan,record:c2fd8d71a489630030df573b,Patrick Sheehan,Individual,individual,Happy Valley,OR,50000,1,2025-11-18,2025-11-18
orestar-20250101-20260928-787cf45dc908,19050,Christine Drazan,record:2488aee6feaa9a8e5a812b6c,Paul Freed,Individual,individual,Bend,OR,50000,1,2026-09-10,2026-09-10
orestar-20250101-20260928-787cf45dc908,19050,Christine Drazan,record:a26f7690a7d834f2d274121e,Paul O'Hanlon,Individual,individual,Portland,OR,50000,1,2026-09-02,2026-09-02
orestar-20250101-20260928-787cf45dc908,19050,Christine Drazan,record:eb17cecdd755f9fab2556446,Peter Bechen,Individual,individual,Portland,OR,50000,1,2026-08-19,2026-08-19
orestar-20250101-20260928-787cf45dc908,19050,Christine Drazan,record:250e28a7f2cfcaaf746dd1d5,Pohlschneider Farms Inc.,Business Entity,business,St. Paul,OR,50000,1,2025-11-06,2025-11-06
orestar-20250101-20260928-787cf45dc908,19050,Christine Drazan,record:df0ddd81eb938390b827c5dd,R & M Jansen Family Trust,Other,other,Beaverton,OR,50000,1,2026-01-14,2026-01-14
orestar-20250101-20260928-787cf45dc908,19050,Christine Drazan,record:7da9c838c36d385c54a65481,Raasch Construction Ltd,Business Entity,business,Bend,OR,50000,1,2026-08-11,2026-08-11
orestar-20250101-20260928-787cf45dc908,19050,Christine Drazan,record:cdacb0ec6f92de675203a2bb,Ralph Wiser,Individual,individual,Lake Oswego,OR,50000,1,2026-08-10,2026-08-10
orestar-20250101-20260928-787cf45dc908,19050,Christine Drazan,record:ccbb7a5e5546875b76526789,Raphael Antico,Individual,individual,Silverton,OR,50000,1,2025-12-05,2025-12-05
orestar-20250101-20260928-787cf45dc908,19050,Christine Drazan,record:9fc6160b0299c7d66b9f835c,Ray Ozyjowski,Individual,individual,Portland,OR,50000,1,2026-09-17,2026-09-17
orestar-20250101-20260928-787cf45dc908,19050,Christine Drazan,record:ec2d63652b19eeaeefcb289b,Rex Maag,Individual,individual,Vale,OR,50000,1,2026-09-01,2026-09-01
orestar-20250101-20260928-787cf45dc908,19050,Christine Drazan,record:3201ad9acd3a7f4373f5cff4,"Rhine-Cross Group, LLC",Business Entity,business,Klamath Falls,OR,50000,1,2026-08-21,2026-08-21
orestar-20250101-20260928-787cf45dc908,19050,Christine Drazan,record:15e2bc9b69c6068bd9816e86,Rhonda Stansell,Individual,individual,Albany,OR,50000,1,2026-09-23,2026-09-23
orestar-20250101-20260928-787cf45dc908,19050,Christine Drazan,record:93502f4f3adfb922108a06d5,Rich Sprute,Individual,individual,Beaverton,OR,50000,1,2026-02-11,2026-02-11
orestar-20250101-20260928-787cf45dc908,19050,Christine Drazan,record:a83677cc4d3396322a93c0b2,Richard Taylor,Individual,individual,Lake Oswego,OR,50000,1,2026-08-03,2026-08-03
orestar-20250101-20260928-787cf45dc908,19050,Christine Drazan,record:1c94839fdacd51357a44cb80,Rick Jansen,Individual,individual,Beaverton,OR,50000,1,2026-01-15,2026-01-15
orestar-20250101-20260928-787cf45dc908,19050,Christine Drazan,record:6fa563eb3e6a34469bb16fb1,Rip Caswell,Individual,individual,Toutdale,OR,50000,1,2026-08-24,2026-08-24
orestar-20250101-20260928-787cf45dc908,19050,Christine Drazan,record:5201c2f3e2ee5e3bae52d20f,Rob Wallace,Individual,individual,Gold Hill,OR,50000,1,2026-09-17,2026-09-17
orestar-20250101-20260928-787cf45dc908,19050,Christine Drazan,record:c5b66166768dc1c48470625b,Robert Booth,Individual,individual,Wilsonville,OR,50000,1,2026-09-22,2026-09-22
orestar-20250101-20260928-787cf45dc908,19050,Christine Drazan,record:888a2b2bf8bdcc012abf689e,Robert Echenrode,Individual,individual,Hermiston,OR,50000,1,2026-09-01,2026-09-01
orestar-20250101-20260928-787cf45dc908,19050,Christine Drazan,record:e3fd928e76ccf46481d67d13,Robert G Skipper,Individual,individual,Gresham,OR,50000,1,2026-08-20,2026-08-20
orestar-20250101-20260928-787cf45dc908,19050,Christine Drazan,record:5f68a602b64994d2dc3c89c7,Robert Saldivar,Individual,individual,Portland,OR,50000,1,2026-09-08,2026-09-08
orestar-20250101-20260928-787cf45dc908,19050,Christine Drazan,record:cd1012cda00d076da8ea6fda,Robert Sznewajs,Individual,individual,Paradise Valley,AZ,50000,1,2026-08-19,2026-08-19
orestar-20250101-20260928-787cf45dc908,19050,Christine Drazan,record:593871846c0574b89daa6fe9,Roger Allen,Individual,individual,Newberg,OR,50000,1,2025-01-11,2025-01-11
orestar-20250101-20260928-787cf45dc908,19050,Christine Drazan,record:231d81a957b2b5b59ed98cef,Roger Mills,Individual,individual,Lake Oswego,OR,50000,1,2026-08-10,2026-08-10
orestar-20250101-20260928-787cf45dc908,19050,Christine Drazan,record:c949d11cd009a2817e8dd4ea,Ronald E Cleys,Individual,individual,Portland,OR,50000,5,2026-04-02,2026-06-02
orestar-20250101-20260928-787cf45dc908,19050,Christine Drazan,record:b0ae837395b380cb05193afb,Ronald and Dawn Grice Revocable Trust,Other,other,Brownsville,OR,50000,1,2026-05-01,2026-05-01
orestar-20250101-20260928-787cf45dc908,19050,Christine Drazan,record:060769a161d3b17fd9d29f90,Ronda Moody,Individual,individual,Lake Oswego,OR,50000,1,2025-11-06,2025-11-06
orestar-20250101-20260928-787cf45dc908,19050,Christine Drazan,record:0bb43b1e32762c749c494b0c,Ruth R Shaffer,Individual,individual,Chiloquin,OR,50000,1,2026-05-11,2026-05-11
orestar-20250101-20260928-787cf45dc908,19050,Christine Drazan,record:1743800be58f6bb1c8d50d56,Samantha Colson,Individual,individual,Corvallis,OR,50000,1,2026-05-01,2026-05-01
orestar-20250101-20260928-787cf45dc908,19050,Christine Drazan,record:92994e5567dbd49b013f7d5f,Sarabeth R Brown,Individual,individual,Merrill,OR,50000,1,2026-08-10,2026-08-10
orestar-20250101-20260928-787cf45dc908,19050,Christine Drazan,record:998bf9a16dcafc9a03a1373e,Sarah Corrigan,Individual,individual,Tualitan,OR,50000,1,2026-09-07,2026-09-07
orestar-20250101-20260928-787cf45dc908,19050,Christine Drazan,record:2297298a40f49bbd0bf65c38,Scott Collins,Individual,individual,Sisters,OR,50000,1,2026-09-24,2026-09-24
orestar-20250101-20260928-787cf45dc908,19050,Christine Drazan,record:e240652135de5340189b37a6,Shannon Johnson,Individual,individual,West Linn,OR,50000,1,2026-01-15,2026-01-15
orestar-20250101-20260928-787cf45dc908,19050,Christine Drazan,record:eac1cd8b82875afbf76f611e,Shannon Rust,Individual,individual,Echo,OR,50000,1,2026-07-31,2026-07-31
orestar-20250101-20260928-787cf45dc908,19050,Christine Drazan,record:71803fe26150a0f65609f6c9,Sharron Saunders,Individual,individual,Brookings,OR,50000,2,2026-07-21,2026-08-23
orestar-20250101-20260928-787cf45dc908,19050,Christine Drazan,record:aec97913219237861539159c,Shawn Roerig,Individual,individual,Medford,OR,50000,2,2026-09-02,2026-09-02
orestar-20250101-20260928-787cf45dc908,19050,Christine Drazan,record:0bd30b29918d8a89981460e0,Shawna Warner,Individual,individual,Lebanon,OR,50000,1,2026-04-30,2026-04-30
orestar-20250101-20260928-787cf45dc908,19050,Christine Drazan,record:9f600c4887cdd0fb12b953e8,Shirley Byrd,Individual,individual,Grants Pass,OR,50000,1,2026-09-20,2026-09-20
orestar-20250101-20260928-787cf45dc908,19050,Christine Drazan,record:d1c245eb24460851e7448155,Sondra Barbee,Individual,individual,Lake Oswego,OR,50000,1,2026-08-19,2026-08-19
orestar-20250101-20260928-787cf45dc908,19050,Christine Drazan,record:bd584bf0253399cc911e3010,Sonrise Family Farms Inc.,Business Entity,business,Woodburn,OR,50000,1,2025-11-06,2025-11-06
orestar-20250101-20260928-787cf45dc908,19050,Christine Drazan,record:f9ef3eb77c93b5f020af43e2,Stacie Wyss-Schoenborn,Individual,individual,Lake Oswego,OR,50000,1,2026-07-08,2026-07-08
orestar-20250101-20260928-787cf45dc908,19050,Christine Drazan,record:3c46add02ea3d7d30fe390ef,Stanley Church,Individual,individual,Dallas,OR,50000,1,2026-07-29,2026-07-29
orestar-20250101-20260928-787cf45dc908,19050,Christine Drazan,record:a339f5499b98f09b8af6bea2,Stastny Farms,Business Entity,business,Malin,OR,50000,2,2026-04-24,2026-09-01
orestar-20250101-20260928-787cf45dc908,19050,Christine Drazan,record:dc658c58935c097b03bb8002,Stems & Stuff,Business Entity,business,Shedd,OR,50000,1,2026-02-10,2026-02-10
orestar-20250101-20260928-787cf45dc908,19050,Christine Drazan,record:44cf70f0ae5561fa39cc53cd,Stephanie Philips,Individual,individual,Salem,OR,50000,1,2026-09-23,2026-09-23
orestar-20250101-20260928-787cf45dc908,19050,Christine Drazan,record:14b4a356970ce765665b1ea7,Stephen Rallison,Individual,individual,Portland,OR,50000,1,2026-09-07,2026-09-07
orestar-20250101-20260928-787cf45dc908,19050,Christine Drazan,record:8acc1b80ca03add8ab5b98e2,Stepping A Ranch LLC,Business Entity,business,Othello,WA,50000,1,2026-09-01,2026-09-01
orestar-20250101-20260928-787cf45dc908,19050,Christine Drazan,record:59b47427d2577f1ee42b0aa0,Steven Bottcher,Individual,individual,Sisters,OR,50000,1,2026-09-14,2026-09-14
orestar-20250101-20260928-787cf45dc908,19050,Christine Drazan,record:13b07a9d5a11c5bbbf8a5dad,Steven Moffitt,Individual,individual,Portland,OR,50000,1,2025-10-28,2025-10-28
orestar-20250101-20260928-787cf45dc908,19050,Christine Drazan,record:62c6c2ffadb1056cd64c9de7,"Stumbling J Livestock, Inc.",Business Entity,business,Shedd,OR,50000,1,2026-09-23,2026-09-23
orestar-20250101-20260928-787cf45dc908,19050,Christine Drazan,record:142d1c21bad36390500e5da7,Susan Buck,Individual,individual,St. Paul,OR,50000,1,2025-11-06,2025-11-06
orestar-20250101-20260928-787cf45dc908,19050,Christine Drazan,record:acf34924182307675354e3ef,Susan L Harter,Individual,individual,Klamath Falls,OR,50000,1,2026-08-20,2026-08-20
orestar-20250101-20260928-787cf45dc908,19050,Christine Drazan,record:80ffa0ba8d2ffb047b074bad,Thad Nelson,Individual,individual,Lebanon,OR,50000,1,2026-01-23,2026-01-23
orestar-20250101-20260928-787cf45dc908,19050,Christine Drazan,record:7093d96e5bcc4f6d62f87194,The Linscheid Family Trust,Other,other,Salem,OR,50000,1,2026-08-14,2026-08-14
orestar-20250101-20260928-787cf45dc908,19050,Christine Drazan,record:7c16974357ca43e1db02ba08,The RBI Agency LLC,Business Entity,business,Albany,OR,50000,1,2026-09-16,2026-09-16
orestar-20250101-20260928-787cf45dc908,19050,Christine Drazan,record:f4935c9873a2aa4771229ad1,"Thomas Creek Cattle Company, LLC",Business Entity,business,Scio,OR,50000,1,2026-09-23,2026-09-23
orestar-20250101-20260928-787cf45dc908,19050,Christine Drazan,record:b70073170e2dbcbad798f255,Tim Rust,Individual,individual,Echo,OR,50000,1,2026-07-31,2026-07-31
orestar-20250101-20260928-787cf45dc908,19050,Christine Drazan,record:cf48702c3184cdd60933ac67,Timothy (Tim) Hensley,Individual,individual,Salem,OR,50000,1,2026-08-11,2026-08-11
orestar-20250101-20260928-787cf45dc908,19050,Christine Drazan,record:f368cc3f61da0464118b814d,Tina Coleman,Individual,individual,Portland,OR,50000,1,2026-08-19,2026-08-19
orestar-20250101-20260928-787cf45dc908,19050,Christine Drazan,record:1c7c376ba0bd40d8cb9a9064,Todd Talcott,Individual,individual,Portland,OR,50000,1,2025-12-15,2025-12-15
orestar-20250101-20260928-787cf45dc908,19050,Christine Drazan,record:f75ead42f0dde1138b4be508,Tom Coleman,Individual,individual,St Paul,OR,50000,1,2026-09-27,2026-09-27
orestar-20250101-20260928-787cf45dc908,19050,Christine Drazan,record:048b790a22f9835db43eaf9b,Tony Laible,Individual,individual,Salem,OR,50000,2,2026-08-19,2026-09-15
orestar-20250101-20260928-787cf45dc908,19050,Christine Drazan,record:06c26e7f9f80a1f4f8553405,Tory Jon (TJ) Sullivan,Individual,individual,Salem,OR,50000,1,2026-09-09,2026-09-09
orestar-20250101-20260928-787cf45dc908,19050,Christine Drazan,record:5d2f0b89606bb775e5f59e5b,Tracey Karshner,Individual,individual,Sisters,OR,50000,1,2026-08-11,2026-08-11
orestar-20250101-20260928-787cf45dc908,19050,Christine Drazan,record:e258954763dfdd1a54023413,"Trinity Asset Holding Co., LLC",Business Entity,business,Lodi,CA,50000,1,2026-08-21,2026-08-21
orestar-20250101-20260928-787cf45dc908,19050,Christine Drazan,record:cfa41afbe0a6fcffc1c25541,True Grit Enterprises,Business Entity,business,Mount Angel,OR,50000,1,2026-03-13,2026-03-13
orestar-20250101-20260928-787cf45dc908,19050,Christine Drazan,record:07129e4408d1b064bb5f0dfc,Universal Seed LLC,Business Entity,business,Independence,OR,50000,1,2026-02-23,2026-02-23
orestar-20250101-20260928-787cf45dc908,19050,Christine Drazan,record:9f86cf6317385988e3f834f4,Victor Haverly,Individual,individual,Ventura,CA,50000,1,2026-08-11,2026-08-11
orestar-20250101-20260928-787cf45dc908,19050,Christine Drazan,record:4fd4333d600f3949774ea02e,Wehrley Family Trust,Other,other,Portland,OR,50000,1,2026-02-12,2026-02-12
orestar-20250101-20260928-787cf45dc908,19050,Christine Drazan,record:da2121d6ef3f6c2ccb619938,Wendy Lee,Individual,individual,Lake Oswego,OR,50000,1,2026-01-09,2026-01-09
orestar-20250101-20260928-787cf45dc908,19050,Christine Drazan,record:cee3e1c4b3ed9b086ca9309a,Werner Gaerisch,Individual,individual,Wilsonville,OR,50000,1,2026-08-13,2026-08-13
orestar-20250101-20260928-787cf45dc908,19050,Christine Drazan,record:53407af92843c5dc2746cfa6,William Dillhoefer,Individual,individual,Bend,OR,50000,2,2026-01-06,2026-09-01
orestar-20250101-20260928-787cf45dc908,19050,Christine Drazan,record:da8bdf8fabf9626afd298515,William Skellenger,Individual,individual,Portland,OR,50000,3,2026-04-27,2026-08-05
orestar-20250101-20260928-787cf45dc908,19050,Christine Drazan,record:463ad30dd95fc0c5343fe4a8,Yost Wood Design LLC,Business Entity,business,Lebanon,OR,50000,1,2026-05-01,2026-05-01
orestar-20250101-20260928-787cf45dc908,19050,Christine Drazan,record:a4b20c6f27b1adf5cf0b2f8a,Zach Draper,Individual,individual,Albany,OR,50000,1,2026-05-05,2026-05-05
orestar-20250101-20260928-787cf45dc908,19050,Christine Drazan,record:dc00b32e14edca85236713ab,Frank Cooper,Individual,individual,Salem,OR,49500,18,2025-12-15,2026-09-16
orestar-20250101-20260928-787cf45dc908,19050,Christine Drazan,record:3476f3ddf317cfcd6efa542c,Larry Weber,Individual,individual,Beaverton,OR,48808,25,2026-01-15,2026-09-17
orestar-20250101-20260928-787cf45dc908,19050,Christine Drazan,record:e7d35b8817cb89b1648e6d12,Sean LaVelle,Individual,individual,Cornelius,OR,48000,6,2026-05-31,2026-09-21
orestar-20250101-20260928-787cf45dc908,19050,Christine Drazan,record:2857210f505936bed4836e15,Jeffrey Kelder,Individual,individual,Keizer,OR,47500,13,2026-03-08,2026-09-09
orestar-20250101-20260928-787cf45dc908,19050,Christine Drazan,record:39271a1fb42177aac64619e2,Gary Calvin,Individual,individual,Salem,OR,47300,10,2025-11-14,2026-09-01
orestar-20250101-20260928-787cf45dc908,19050,Christine Drazan,record:a2e6c9abb58dff99dbb581f3,Thomas Meier,Individual,individual,Winston,OR,46025,2,2026-05-25,2026-08-14
orestar-20250101-20260928-787cf45dc908,19050,Christine Drazan,record:f52341c9d7cffbf3b1dc82e3,John Alvin,Individual,individual,Lebanon,OR,45820,5,2026-05-04,2026-09-04
orestar-20250101-20260928-787cf45dc908,19050,Christine Drazan,record:0c1f0242fde63eafea456507,Aaron Reeves,Individual,individual,Keno,OR,45410,7,2026-04-30,2026-09-23
orestar-20250101-20260928-787cf45dc908,19050,Christine Drazan,record:1232c7759a0694d425c6370b,Richard Berend,Individual,individual,Wallowa,OR,45300,2,2025-11-13,2025-11-13
orestar-20250101-20260928-787cf45dc908,19050,Christine Drazan,record:621f482a2ba1af28dbccb18c,Dan Taylor,Individual,individual,Lake Oswego,OR,45000,3,2026-07-19,2026-08-23
orestar-20250101-20260928-787cf45dc908,19050,Christine Drazan,record:3d54f7638263e3b087b28a5a,Daniel Angier,Individual,individual,Eugene,OR,45000,5,2025-12-31,2026-08-18
orestar-20250101-20260928-787cf45dc908,19050,Christine Drazan,record:f39a4ffb18d1ab836f58d4bc,Daniel Moncrief,Individual,individual,Joseph,OR,45000,23,2026-03-30,2026-07-14
orestar-20250101-20260928-787cf45dc908,19050,Christine Drazan,record:d2b84d44228a7008e6842cc7,Dean Klaus,Individual,individual,Mcminnville,OR,45000,2,2025-01-11,2026-04-16
orestar-20250101-20260928-787cf45dc908,19050,Christine Drazan,record:2eb4cfee5d160e4989ff09c2,Jody Doornink,Individual,individual,Portland,OR,45000,2,2026-08-06,2026-09-02
orestar-20250101-20260928-787cf45dc908,19050,Christine Drazan,record:697e6c41226da1238d7a74b8,Michael Warn,Individual,individual,Aurora,OR,45000,3,2026-07-28,2026-09-21
orestar-20250101-20260928-787cf45dc908,19050,Christine Drazan,record:284fbbc76d7dd152c7074d68,Paul Catanzaro,Individual,individual,Portland,OR,45000,9,2025-10-28,2026-08-31
orestar-20250101-20260928-787cf45dc908,19050,Christine Drazan,record:dc7f1dfb7c28e5f6c7e09c44,Puddin River Chocolates LLC,Business Entity,business,Canby,OR,45000,2,2026-04-24,2026-07-13
orestar-20250101-20260928-787cf45dc908,19050,Christine Drazan,record:12067a81bf173cc413f4efb2,Ray Hewitt,Individual,individual,Corvallis,OR,45000,5,2026-05-05,2026-09-08
orestar-20250101-20260928-787cf45dc908,19050,Christine Drazan,record:eb12ed0640b9a9796949e240,Weldon Buxton,Individual,individual,Cornelius,OR,45000,2,2026-03-12,2026-07-20
orestar-20250101-20260928-787cf45dc908,19050,Christine Drazan,record:0a6ef0c74626e9b88d6a9517,Laurel Turner,Individual,individual,Portland,OR,42718,8,2026-05-27,2026-09-21
orestar-20250101-20260928-787cf45dc908,19050,Christine Drazan,record:b0465fcd539af0daaae6814d,Clinton Carlson,Individual,individual,Ione,OR,42500,6,2026-04-03,2026-09-01
orestar-20250101-20260928-787cf45dc908,19050,Christine Drazan,record:e8d52e5ff076b8fd9030f276,Richard Eckert,Individual,individual,Baker City,OR,42500,5,2026-04-24,2026-09-14
orestar-20250101-20260928-787cf45dc908,19050,Christine Drazan,record:b0a9fbdc2a70e016ff2f97d5,John Brenneman,Individual,individual,Bend,OR,41641,1,2026-08-05,2026-08-05
orestar-20250101-20260928-787cf45dc908,19050,Christine Drazan,record:f9f003d0723f757f96fb63dc,John Metschan,Individual,individual,Neskowin,OR,41640,6,2025-12-06,2026-09-09
orestar-20250101-20260928-787cf45dc908,19050,Christine Drazan,record:70d849fd2ef144780c1818dd,Dennis McMahon,Individual,individual,Bend,OR,40822,8,2026-03-11,2026-08-11
orestar-20250101-20260928-787cf45dc908,19050,Christine Drazan,record:5cb2052c62edc0864f0a263c,Donna Soderberg,Individual,individual,Hillsboro,OR,40608,16,2025-10-29,2026-09-24
orestar-20250101-20260928-787cf45dc908,19050,Christine Drazan,record:ec0293a035335b33c9f589ea,Steve Weaser,Individual,individual,Portland,OR,40410,4,2026-04-21,2026-07-01
orestar-20250101-20260928-787cf45dc908,19050,Christine Drazan,record:0fb5ed483ec4328d8c68a61d,Anita Winters,Individual,individual,Beaverton,OR,40000,2,2026-08-10,2026-09-02
orestar-20250101-20260928-787cf45dc908,19050,Christine Drazan,record:0a1d1c032b1fe298a3a3032c,Claudia Efurd,Individual,individual,Oregon City,OR,40000,2,2026-05-11,2026-08-31
orestar-20250101-20260928-787cf45dc908,19050,Christine Drazan,record:892d324f02b5d80657cf8c75,Cynthia Boragno,Individual,individual,Bend,OR,40000,1,2026-09-17,2026-09-17
orestar-20250101-20260928-787cf45dc908,19050,Christine Drazan,record:b1935775b8fbc48e2261483e,Delight Walker,Individual,individual,Salem,OR,40000,4,2026-06-02,2026-09-02
orestar-20250101-20260928-787cf45dc908,19050,Christine Drazan,record:635ca164e15abb3db7677509,Harold Hewitt,Individual,individual,Salem,OR,40000,1,2026-01-07,2026-01-07
orestar-20250101-20260928-787cf45dc908,19050,Christine Drazan,record:6e335882cdb91f71e9314acb,James Mueller,Individual,individual,Eugene,OR,40000,4,2026-03-03,2026-06-01
orestar-20250101-20260928-787cf45dc908,19050,Christine Drazan,record:114b32e04d76b863bca9029f,John Kuechler,Individual,individual,Lincoln City,OR,40000,2,2026-05-11,2026-08-14
orestar-20250101-20260928-787cf45dc908,19050,Christine Drazan,record:4eaec63ff47df84984f755d5,John Lamont,Individual,individual,Lake Oswego,OR,40000,4,2025-10-31,2026-08-14
orestar-20250101-20260928-787cf45dc908,19050,Christine Drazan,record:c0d7f0bf5f00f80160232fa6,John Maurer,Individual,individual,Ashland,OR,40000,4,2026-02-26,2026-05-27
orestar-20250101-20260928-787cf45dc908,19050,Christine Drazan,record:48848cb09fe8a79661da470a,Kristie Eiguren,Individual,individual,Jordan Valley,OR,40000,1,2025-01-11,2025-01-11
orestar-20250101-20260928-787cf45dc908,19050,Christine Drazan,record:9aa2fd4ecb500ee868b38516,Randy Cieloha,Individual,individual,Bend,OR,40000,1,2026-09-08,2026-09-08
orestar-20250101-20260928-787cf45dc908,19050,Christine Drazan,record:b0e01c0112285317d6522931,Rex Billingsley,Individual,individual,Redmond,OR,40000,1,2025-12-05,2025-12-05
orestar-20250101-20260928-787cf45dc908,19050,Christine Drazan,record:182525312c1e97736f3a3a68,Robert Carp,Individual,individual,Florence,OR,40000,2,2026-01-16,2026-04-24
orestar-20250101-20260928-787cf45dc908,19050,Christine Drazan,record:6bbcf20af456204036e1c21d,Robert McNamara,Individual,individual,Lincoln City,OR,40000,1,2025-09-15,2025-09-15
orestar-20250101-20260928-787cf45dc908,19050,Christine Drazan,record:7320b2425c4e6985ff11fa67,Roderick Olsen,Individual,individual,Sherwood,OR,40000,2,2026-01-28,2026-08-31
orestar-20250101-20260928-787cf45dc908,19050,Christine Drazan,record:867fe6613f8cce5930da13d7,Ron Walker,Individual,individual,Salem,OR,40000,8,2026-03-03,2026-09-02
orestar-20250101-20260928-787cf45dc908,19050,Christine Drazan,record:c337d62cf8ccc116c44619a4,Sally Plumley,Individual,individual,Monmouth,OR,40000,8,2025-12-11,2026-09-14
orestar-20250101-20260928-787cf45dc908,19050,Christine Drazan,record:2ffb3f6e26e4cbc8a8c7a0b9,Scott Gaerisch,Individual,individual,Wilsonville,OR,40000,4,2025-11-28,2026-03-31
orestar-20250101-20260928-787cf45dc908,19050,Christine Drazan,record:9caff81af89d5898f799a6b5,Sienna Park,Individual,individual,Tualatin,OR,40000,1,2026-02-09,2026-02-09
orestar-20250101-20260928-787cf45dc908,19050,Christine Drazan,record:53ab6c3df3bbade44f3f46ac,Steven Davidson,Individual,individual,Bend,OR,40000,4,2026-06-16,2026-09-15
orestar-20250101-20260928-787cf45dc908,19050,Christine Drazan,record:bdf46914771686d3dfa4b07e,Suzanne Robinson,Individual,individual,Talent,OR,40000,3,2026-07-22,2026-09-11
orestar-20250101-20260928-787cf45dc908,19050,Christine Drazan,record:45589d3058e464901f337503,Tami Keep,Individual,individual,Oregon City,OR,40000,8,2025-11-29,2026-09-01
orestar-20250101-20260928-787cf45dc908,19050,Christine Drazan,record:3acfadc71c3dacb367513931,Tim Tuttle,Individual,individual,Gold Beach,OR,40000,4,2025-11-30,2026-03-12
orestar-20250101-20260928-787cf45dc908,19050,Christine Drazan,record:e270c466cf9e0790a4c4c399,William Welborn,Individual,individual,Silverton,OR,40000,8,2025-12-05,2026-09-09
orestar-20250101-20260928-787cf45dc908,19050,Christine Drazan,record:5c925e4c77a4734f3320bd52,Tracy Hokanson,Individual,individual,Portland,OR,38008,8,2026-03-17,2026-09-17
orestar-20250101-20260928-787cf45dc908,19050,Christine Drazan,record:6ee75132b88fcf698661df0b,Robert (Bob) Stobbe,Individual,individual,Eagle Point,OR,37600,8,2025-11-12,2026-09-24
orestar-20250101-20260928-787cf45dc908,19050,Christine Drazan,record:8cc764a50dc881377089b79b,Heather M Gilbert,Individual,individual,Terrebonne,OR,37500,2,2026-08-14,2026-09-11
orestar-20250101-20260928-787cf45dc908,19050,Christine Drazan,record:446e8805a934504164153512,Kathy Wong Fisher,Individual,individual,West Linn,OR,37500,1,2026-08-14,2026-08-14
orestar-20250101-20260928-787cf45dc908,19050,Christine Drazan,record:deac13136c6e671ecccbb2c7,Phillip C Gilbert,Individual,individual,Terrebonne,OR,37500,2,2026-08-14,2026-09-11
orestar-20250101-20260928-787cf45dc908,19050,Christine Drazan,record:61299dc10c8d93e6a97ecedb,Stanley Fisher,Individual,individual,West Linn,OR,37500,1,2026-08-14,2026-08-14
orestar-20250101-20260928-787cf45dc908,19050,Christine Drazan,record:28722f58f09071f1a53a62e3,Vicki Bergquist,Individual,individual,Salem,OR,37500,15,2026-07-08,2026-09-22
orestar-20250101-20260928-787cf45dc908,19050,Christine Drazan,record:70df5c5e00adc073ad41c26f,Debra Allen,Individual,individual,Springfield,OR,37271,9,2026-03-16,2026-08-24
orestar-20250101-20260928-787cf45dc908,19050,Christine Drazan,record:cca58bc744c8e01403ed534c,Frank Simpkins,Individual,individual,Redmond,OR,37048,13,2026-05-19,2026-09-15
orestar-20250101-20260928-787cf45dc908,19050,Christine Drazan,record:414c28b2d68ac2d979105b34,Karen Lackner,Individual,individual,Lyons,OR,36508,5,2026-01-23,2026-09-16
orestar-20250101-20260928-787cf45dc908,19050,Christine Drazan,record:2b0ca599f87626b20a9d9621,Marina Anderson,Individual,individual,Aurora,OR,36436,1,2026-09-08,2026-09-08
orestar-20250101-20260928-787cf45dc908,19050,Christine Drazan,record:bc572bca6bf8fbdd7048fc44,Scott Anderson,Individual,individual,Aurora,OR,36436,1,2026-09-07,2026-09-07
orestar-20250101-20260928-787cf45dc908,19050,Christine Drazan,record:85f6baa926276a2aa83e50a4,Michael Lorenzen,Individual,individual,Dayton,OR,36435,2,2026-08-25,2026-09-22
orestar-20250101-20260928-787cf45dc908,19050,Christine Drazan,record:95b9aedc307b06f3d28bd655,Bess Wills,Individual,individual,Gresham,OR,36025,2,2025-09-16,2026-08-27
orestar-20250101-20260928-787cf45dc908,19050,Christine Drazan,record:2bb3797dba55c097de9406a0,Gareth Waugh,Individual,individual,Olympia,WA,36025,2,2026-02-19,2026-03-04
orestar-20250101-20260928-787cf45dc908,19050,Christine Drazan,record:6740976f7e5a9c2ea3d95352,Lisa McKillips,Individual,individual,Sherwood,OR,36025,3,2026-04-30,2026-09-02
orestar-20250101-20260928-787cf45dc908,19050,Christine Drazan,record:ec0432c7c3e8a4c79da1fc14,Michael Kilger,Individual,individual,Oregon City,OR,36025,2,2025-08-27,2026-08-27
orestar-20250101-20260928-787cf45dc908,19050,Christine Drazan,record:226aaa46625d3729ea71c6ef,Tim Knox,Individual,individual,Hillsboro,OR,36025,2,2026-05-26,2026-09-02
orestar-20250101-20260928-787cf45dc908,19050,Christine Drazan,record:44d7405a069ed9c92f0e9cbb,Whitney Rideout,Individual,individual,Hillsboro,OR,36025,2,2026-07-28,2026-09-10
orestar-20250101-20260928-787cf45dc908,19050,Christine Drazan,record:5935643f5f418da7f1a1985a,Roy Hutchings,Individual,individual,Baker City,OR,35820,4,2026-07-02,2026-09-03
orestar-20250101-20260928-787cf45dc908,19050,Christine Drazan,record:84d8cf2a741ba92c380eeb05,Paul Russell,Individual,individual,Warren,OR,35710,5,2026-04-16,2026-09-24
orestar-20250101-20260928-787cf45dc908,19050,Christine Drazan,record:be31687bf346efe6ba03fd0a,Dot Van Dyke,Individual,individual,Cornelius,OR,35410,2,2025-10-28,2026-09-01
orestar-20250101-20260928-787cf45dc908,19050,Christine Drazan,record:ae54167c674d2fe86f6a9d12,Angela Todd,Individual,individual,Portland,OR,35000,2,2026-05-27,2026-09-02
orestar-20250101-20260928-787cf45dc908,19050,Christine Drazan,record:963713dd8f77d9a1db41d82c,Bob Stringham,Individual,individual,Bend,OR,35000,14,2025-12-02,2026-08-04
orestar-20250101-20260928-787cf45dc908,19050,Christine Drazan,record:7b64ba2f956792d280c7314b,Charles Stinson,Individual,individual,Canby,OR,35000,9,2025-10-24,2026-09-02
orestar-20250101-20260928-787cf45dc908,19050,Christine Drazan,record:4d73a6ba1c41007f6bbb09ec,Clark Nelson,Individual,individual,Redmond,OR,35000,7,2025-12-27,2026-08-30
orestar-20250101-20260928-787cf45dc908,19050,Christine Drazan,record:463fe42d35b7932032fc6306,David Burns,Individual,individual,Lyons,OR,35000,2,2026-08-03,2026-09-03
orestar-20250101-20260928-787cf45dc908,19050,Christine Drazan,record:eeeecdbb16b09f6a074372da,George Welch,Individual,individual,Bandon,OR,35000,5,2025-12-05,2026-09-07
orestar-20250101-20260928-787cf45dc908,19050,Christine Drazan,record:6264fffa97c56550a6643e79,Gerald (Jerry) Bates,Individual,individual,Siltez,OR,35000,2,2025-11-28,2026-08-09
orestar-20250101-20260928-787cf45dc908,19050,Christine Drazan,record:6ce26c01c3cb2553d5aa8d2d,Glory Yankauskas,Individual,individual,Sandy,OR,35000,2,2026-04-24,2026-08-24
orestar-20250101-20260928-787cf45dc908,19050,Christine Drazan,record:9ac9f62edf877534047ce840,James Molitor,Individual,individual,Roseburg,OR,35000,5,2025-11-20,2026-09-24
orestar-20250101-20260928-787cf45dc908,19050,Christine Drazan,record:454d55cf060a87e5e8c3b876,Julie Kasler,Individual,individual,Sherwood,OR,35000,7,2026-03-25,2026-09-27
orestar-20250101-20260928-787cf45dc908,19050,Christine Drazan,record:295efd5617d695cc260c69d9,Kristin Downs,Individual,individual,Canby,OR,35000,7,2025-12-30,2026-09-01
orestar-20250101-20260928-787cf45dc908,19050,Christine Drazan,record:8b2dc61f37bc7e1e3c03ee04,Michael (Mike) Mooney,Individual,individual,Hubbard,OR,35000,14,2026-03-31,2026-09-01
orestar-20250101-20260928-787cf45dc908,19050,Christine Drazan,record:9ff632cae12fac0e8a5aef0b,Micheal Atterberry,Individual,individual,Eugene,OR,35000,1,2026-08-19,2026-08-19
orestar-20250101-20260928-787cf45dc908,19050,Christine Drazan,committee:23256,OCBH Policy Action Committee (23256),Political Committee,other,Gladstone,OR,35000,1,2025-01-09,2025-01-09
orestar-20250101-20260928-787cf45dc908,19050,Christine Drazan,record:c1a0f30cf27676896cb70dee,Robert White,Individual,individual,Troutdale,OR,35000,7,2026-03-03,2026-08-31
orestar-20250101-20260928-787cf45dc908,19050,Christine Drazan,record:f87dc1b137b1eb9a82e4a529,Ronald Geniuch,Individual,individual,Tigard,OR,35000,2,2026-01-26,2026-08-19
orestar-20250101-20260928-787cf45dc908,19050,Christine Drazan,record:2baed42ca16dfcdc9d16dc88,Sarah Ray,Individual,individual,Ontario,OR,35000,7,2026-03-25,2026-09-27
orestar-20250101-20260928-787cf45dc908,19050,Christine Drazan,record:fddfe6aac2baa759a9b0b65d,Scott Coe,Individual,individual,Portland,OR,35000,2,2026-08-12,2026-09-21
orestar-20250101-20260928-787cf45dc908,19050,Christine Drazan,record:2d72758019cce004cdcfcc4b,Vicki Seller,Individual,individual,Salem,OR,35000,7,2026-03-24,2026-09-22
orestar-20250101-20260928-787cf45dc908,19050,Christine Drazan,record:53a9d18814b485adc8f7113d,Walt Christen,Individual,individual,Beaverton,OR,35000,3,2026-09-02,2026-09-24
orestar-20250101-20260928-787cf45dc908,19050,Christine Drazan,record:547cef9ac027e36771522683,Cheryl Bratton,Individual,individual,Salem,OR,34500,13,2026-04-07,2026-09-21
orestar-20250101-20260928-787cf45dc908,19050,Christine Drazan,record:d74834b6443ac0d2cb43fee5,James Sandsness,Individual,individual,Canby,OR,34000,2,2026-04-07,2026-08-09
orestar-20250101-20260928-787cf45dc908,19050,Christine Drazan,record:5acd522199f8d209376edcfd,Kenneth Potter,Individual,individual,Canby,OR,33940,18,2026-04-02,2026-09-21
orestar-20250101-20260928-787cf45dc908,19050,Christine Drazan,record:1c24f0895d88489f7f31feb9,Gabriela Kandziora,Individual,individual,Portland,OR,32705,6,2026-08-04,2026-09-22
orestar-20250101-20260928-787cf45dc908,19050,Christine Drazan,record:90412b6b55dbcbbb9af29d98,Caleb Pifer,Individual,individual,Gresham,OR,32700,2,2026-07-16,2026-07-16
orestar-20250101-20260928-787cf45dc908,19050,Christine Drazan,record:dc9f560b52aa4d2168a8e111,Paul Kovash,Individual,individual,Monmouth,OR,32500,8,2025-12-28,2026-07-29
orestar-20250101-20260928-787cf45dc908,19050,Christine Drazan,record:1a573322d71e6dc16524e1ab,Gary Schweitzer,Individual,individual,Creswell,OR,32000,16,2025-11-29,2026-09-15
orestar-20250101-20260928-787cf45dc908,19050,Christine Drazan,record:58e9b6b0bf2a0170ac891d05,Jim Carmody,Individual,individual,Beaverton,OR,31230,1,2026-07-21,2026-07-21
orestar-20250101-20260928-787cf45dc908,19050,Christine Drazan,record:785868d16850caf65991ea21,Kris Wolverton,Individual,individual,Portland,OR,31230,1,2026-08-10,2026-08-10
orestar-20250101-20260928-787cf45dc908,19050,Christine Drazan,record:c0a692648665acc8d02f2087,Rocky Desimini,Individual,individual,Baker City,OR,31230,3,2026-08-06,2026-09-20
orestar-20250101-20260928-787cf45dc908,19050,Christine Drazan,record:f1831d751d8ed8a7148f8040,Steve Burch,Individual,individual,Carlton,OR,31230,3,2026-07-14,2026-07-14
orestar-20250101-20260928-787cf45dc908,19050,Christine Drazan,record:12e5fc003c6745b9e4bdef8d,Robert Milano,Individual,individual,Wilsonville,OR,31100,9,2025-11-13,2026-09-21
orestar-20250101-20260928-787cf45dc908,19050,Christine Drazan,record:c71b31c039c4d03adb461ac9,Adam French,Individual,individual,Beaverton,OR,31000,3,2026-05-04,2026-07-01
orestar-20250101-20260928-787cf45dc908,19050,Christine Drazan,record:f1af5666ade3f66e9cfb7ee9,Barbara Templeton,Individual,individual,Chiloquin,OR,30820,3,2026-04-14,2026-09-23
orestar-20250101-20260928-787cf45dc908,19050,Christine Drazan,record:b5ecb864e51ba15267861be1,John Dew,Individual,individual,Portland,OR,30820,3,2025-10-27,2026-07-14
orestar-20250101-20260928-787cf45dc908,19050,Christine Drazan,record:39ce8cf3795efa11cd794fe8,Dennis J McMahon,Individual,individual,Bend,OR,30410,3,2026-08-14,2026-09-13
orestar-20250101-20260928-787cf45dc908,19050,Christine Drazan,record:91c236b275a15c623590c95a,Joe Maybee,Individual,individual,Wilsonville,OR,30410,3,2026-05-27,2026-08-05
orestar-20250101-20260928-787cf45dc908,19050,Christine Drazan,record:07a62dc1b7d615721ace810b,Scott Darling,Individual,individual,Lake Oswego,OR,30410,3,2026-07-14,2026-09-22
orestar-20250101-20260928-787cf45dc908,19050,Christine Drazan,record:c2ddb50ec3e55b046a14440d,Alan Day,Individual,individual,Aurora,OR,30000,3,2026-04-02,2026-07-28
orestar-20250101-20260928-787cf45dc908,19050,Christine Drazan,record:d085ac1c4b92da2d6e429a7e,Alan Holsted,Individual,individual,Gresham,OR,30000,1,2026-06-10,2026-06-10
orestar-20250101-20260928-787cf45dc908,19050,Christine Drazan,record:c8f62da31b715fbce8a07e9b,Andrew Gianopoulos,Individual,individual,West Linn,OR,30000,1,2026-08-31,2026-08-31
orestar-20250101-20260928-787cf45dc908,19050,Christine Drazan,record:89099d4499d1ec88d024f3c7,Anne Perri,Individual,individual,Portland,OR,30000,1,2026-05-05,2026-05-05
orestar-20250101-20260928-787cf45dc908,19050,Christine Drazan,record:b8201733bc7743f728632d1b,Arlene Pappan,Individual,individual,Medford,OR,30000,1,2026-08-31,2026-08-31
orestar-20250101-20260928-787cf45dc908,19050,Christine Drazan,record:5ed8b023aedbf71fa92089a3,Audrey Raschein,Individual,individual,Albany,OR,30000,1,2025-11-05,2025-11-05
orestar-20250101-20260928-787cf45dc908,19050,Christine Drazan,record:fb62567be7a11c59c3eb8a29,Brian Gornick,Individual,individual,Canby,OR,30000,6,2026-03-12,2026-08-12
orestar-20250101-20260928-787cf45dc908,19050,Christine Drazan,record:229579da8b562fa323ae5e19,Bridget Kiger,Individual,individual,Sheridan,OR,30000,3,2026-07-23,2026-09-27
orestar-20250101-20260928-787cf45dc908,19050,Christine Drazan,record:766b83ddad7c63d85dfbc6b6,Bruce Chapin,Individual,individual,Salem,OR,30000,1,2026-05-12,2026-05-12
orestar-20250101-20260928-787cf45dc908,19050,Christine Drazan,record:2836376ce8011e67774b9ee4,Charles Rogers,Individual,individual,Mcminnville,OR,30000,2,2026-04-16,2026-09-08
orestar-20250101-20260928-787cf45dc908,19050,Christine Drazan,record:0011d70331fe8580c30a3331,Dalton Straus,Individual,individual,Central Point,OR,30000,3,2025-10-23,2025-12-23
orestar-20250101-20260928-787cf45dc908,19050,Christine Drazan,record:6e6c1989f4327ea9e1edcdb8,David Schultz,Individual,individual,Hillsboro,OR,30000,1,2026-09-21,2026-09-21
orestar-20250101-20260928-787cf45dc908,19050,Christine Drazan,record:0a4f56f52ab42be6edd78339,Denise Moore,Individual,individual,Portland,OR,30000,3,2026-03-03,2026-05-03
orestar-20250101-20260928-787cf45dc908,19050,Christine Drazan,record:bd09222c7619d7d7356d1e73,Dennis Smith,Individual,individual,West Linn,OR,30000,1,2026-09-20,2026-09-20
orestar-20250101-20260928-787cf45dc908,19050,Christine Drazan,record:ae24ffab96663a805524d730,Don Ekstrom,Individual,individual,Gresham,OR,30000,1,2026-08-13,2026-08-13
orestar-20250101-20260928-787cf45dc908,19050,Christine Drazan,record:d55a8ea053098be39ca1934c,Donald Crum,Individual,individual,Bend,OR,30000,3,2026-06-02,2026-08-03
orestar-20250101-20260928-787cf45dc908,19050,Christine Drazan,record:9cd7faaec5db260edb43e910,Donna Frutiger,Individual,individual,Hillsboro,OR,30000,3,2026-05-04,2026-08-19
orestar-20250101-20260928-787cf45dc908,19050,Christine Drazan,record:45a795d08fe0b682502e8f30,Doris Wehler,Individual,individual,Wilsonville,OR,30000,1,2026-03-13,2026-03-13
orestar-20250101-20260928-787cf45dc908,19050,Christine Drazan,record:e079ffb77d5e0688bc1434e7,Eric Hofeld,Individual,individual,Madras,OR,30000,10,2025-12-08,2026-09-16
orestar-20250101-20260928-787cf45dc908,19050,Christine Drazan,record:e799b07bca3cb78566242f7f,Heidi Kearney,Individual,individual,West Linn,OR,30000,3,2026-04-02,2026-07-22
orestar-20250101-20260928-787cf45dc908,19050,Christine Drazan,record:aad5fb73aca1dc23b910df92,Howard Aster,Individual,individual,Mcminnville,OR,30000,1,2026-09-14,2026-09-14
orestar-20250101-20260928-787cf45dc908,19050,Christine Drazan,record:81a319c01537348ee1e8378a,James Nelson,Individual,individual,Bothell,WA,30000,1,2025-11-12,2025-11-12
orestar-20250101-20260928-787cf45dc908,19050,Christine Drazan,record:372959051efd6000778a9434,Jerome M Isgro,Individual,individual,Portland,OR,30000,1,2026-09-01,2026-09-01
orestar-20250101-20260928-787cf45dc908,19050,Christine Drazan,record:c14ada12f57e8c47fbc5c7a1,John Kennedy,Individual,individual,Lebanon,OR,30000,1,2026-09-10,2026-09-10
orestar-20250101-20260928-787cf45dc908,19050,Christine Drazan,record:ce9c07dcc32da748045c425f,Julie Henzel,Individual,individual,Klamath Falls,OR,30000,1,2026-08-30,2026-08-30
orestar-20250101-20260928-787cf45dc908,19050,Christine Drazan,record:46d2517b97baed6ce5ef3546,June Young,Individual,individual,Portland,OR,30000,1,2026-08-14,2026-08-14
orestar-20250101-20260928-787cf45dc908,19050,Christine Drazan,record:ea54ad67a3745e796d86cf71,Kathryn (Kathy) McCullough,Individual,individual,Wasco,OR,30000,1,2026-08-20,2026-08-20
orestar-20250101-20260928-787cf45dc908,19050,Christine Drazan,record:d3a3fb2519f6c0e8d59922e6,Kenneth (Ken) VanDevender,Individual,individual,Keizer,OR,30000,2,2025-10-30,2026-09-16
orestar-20250101-20260928-787cf45dc908,19050,Christine Drazan,record:fd9cf4cc34134e30d2d7aea1,Larry F Lau,Individual,individual,Bend,OR,30000,1,2026-09-14,2026-09-14
orestar-20250101-20260928-787cf45dc908,19050,Christine Drazan,record:c49a165a24a62be19ed89e15,Maryrae Thomson,Individual,individual,Junction City,OR,30000,1,2026-04-16,2026-04-16
orestar-20250101-20260928-787cf45dc908,19050,Christine Drazan,record:1480cf7654a0fefe29790f11,Michael Croy,Individual,individual,Bend,OR,30000,3,2026-07-01,2026-09-01
orestar-20250101-20260928-787cf45dc908,19050,Christine Drazan,record:8948a3807862e242e71f3bdb,Michael Tyrholm,Individual,individual,Klamath Falls,OR,30000,1,2026-08-31,2026-08-31
orestar-20250101-20260928-787cf45dc908,19050,Christine Drazan,record:7f7c9acc5fb767b478606376,North Bend Lanes,Business Entity,business,North Bend,OR,30000,1,2026-05-05,2026-05-05
orestar-20250101-20260928-787cf45dc908,19050,Christine Drazan,record:88614a589ff05d97a7a7cbc1,Richard Briggs,Individual,individual,Eugene,OR,30000,1,2026-01-08,2026-01-08
orestar-20250101-20260928-787cf45dc908,19050,Christine Drazan,record:912af119a76da505366335f8,Sharon R Schmidt,Individual,individual,Albany,OR,30000,1,2026-09-16,2026-09-16
orestar-20250101-20260928-787cf45dc908,19050,Christine Drazan,record:494e7b656e93775dd8dd1129,Stacey Miller,Individual,individual,Hubbard,OR,30000,1,2025-11-06,2025-11-06
orestar-20250101-20260928-787cf45dc908,19050,Christine Drazan,record:b4ddcd6a9cfc7c9a06f2ee34,Steve LaCoste,Individual,individual,Brownsville,OR,30000,3,2026-07-22,2026-09-22
orestar-20250101-20260928-787cf45dc908,19050,Christine Drazan,record:6966e6ebb4811a78ae413280,Steve Weber,Individual,individual,Portland,OR,30000,3,2026-05-21,2026-07-21
orestar-20250101-20260928-787cf45dc908,19050,Christine Drazan,record:e78c4353d538932d36f75a3e,Valerie Hill,Individual,individual,Portland,OR,30000,1,2026-09-24,2026-09-24
orestar-20250101-20260928-787cf45dc908,19050,Christine Drazan,record:fad9028ce2c31d92a026e497,William H Pruett,Individual,individual,Salem,OR,30000,3,2026-08-04,2026-09-24
orestar-20250101-20260928-787cf45dc908,19050,Christine Drazan,record:f33831d41c6aab97e5fc7712,Michelle Penning,Individual,individual,Millersburg,OR,29320,4,2026-03-18,2026-09-16
orestar-20250101-20260928-787cf45dc908,19050,Christine Drazan,record:ccaae1c417701ffc14ba531b,Joseph (Joe) Bruesch,Individual,individual,Medford,OR,28417,11,2025-10-28,2026-09-24
orestar-20250101-20260928-787cf45dc908,19050,Christine Drazan,record:c3b0ef63aff9ff62e94b16f8,Ethel Knowles,Individual,individual,Drain,OR,28000,16,2025-10-30,2026-09-02
orestar-20250101-20260928-787cf45dc908,19050,Christine Drazan,record:9a3209f27ae0214f7d50eed1,Linda Comstock,Individual,individual,La Grande,OR,27700,8,2026-01-22,2026-09-08
orestar-20250101-20260928-787cf45dc908,19050,Christine Drazan,record:3474e2cbdb32547be106deeb,Donald Reynolds,Individual,individual,Rainier,OR,27500,6,2026-07-15,2026-09-27
orestar-20250101-20260928-787cf45dc908,19050,Christine Drazan,record:07af35025bd45d11d03227e8,Grant McAllister,Individual,individual,Troutdale,OR,27500,8,2026-04-29,2026-07-02
orestar-20250101-20260928-787cf45dc908,19050,Christine Drazan,record:0c98fc78c4beb2bbb872dead,Julia Marrocco,Individual,individual,Portland,OR,27500,6,2026-05-04,2026-09-02
orestar-20250101-20260928-787cf45dc908,19050,Christine Drazan,record:e637367be0552df068776384,Karen D Slater,Individual,individual,Prineville,OR,27500,3,2026-06-10,2026-09-21
orestar-20250101-20260928-787cf45dc908,19050,Christine Drazan,record:8e6f3da1e86ffa10c69e2272,Kip Hughes,Individual,individual,Corvallis,OR,27500,8,2025-12-16,2026-09-17
orestar-20250101-20260928-787cf45dc908,19050,Christine Drazan,record:d59ba34191ba2d655fa1abc2,Kirsten Squiteri,Individual,individual,Beaverton,OR,27500,5,2025-11-30,2026-09-16
orestar-20250101-20260928-787cf45dc908,19050,Christine Drazan,record:885ff3240c69d31554ed65fa,Larry Wooten,Individual,individual,Oregon City,OR,27500,2,2026-09-01,2026-09-24
orestar-20250101-20260928-787cf45dc908,19050,Christine Drazan,record:120ec7a322b2005e2c1ce4f5,Norman Delucchi,Individual,individual,North Bend,OR,27500,5,2026-02-09,2026-08-09
orestar-20250101-20260928-787cf45dc908,19050,Christine Drazan,record:fa37a034702714354fb3d18b,Ira Virden,Individual,individual,Vancouver,WA,27000,1,2026-09-15,2026-09-15
orestar-20250101-20260928-787cf45dc908,19050,Christine Drazan,record:4ec3fc3816b955157c52037b,Gerda Schifferer,Individual,individual,Turner,OR,26600,13,2026-05-04,2026-09-24
orestar-20250101-20260928-787cf45dc908,19050,Christine Drazan,record:860be3c1655eae660e1d552e,Alan Wakefield,Individual,individual,Gilchrist,OR,26025,1,2026-07-14,2026-07-14
orestar-20250101-20260928-787cf45dc908,19050,Christine Drazan,record:4bc43250f21da960d81cd0e5,Amanda Staehely,Individual,individual,Canby,OR,26025,1,2026-03-09,2026-03-09
orestar-20250101-20260928-787cf45dc908,19050,Christine Drazan,record:8fccc56e4348782e9ad0aab4,Bruce Korum,Individual,individual,Newberg,OR,26025,1,2026-09-27,2026-09-27
orestar-20250101-20260928-787cf45dc908,19050,Christine Drazan,record:9428843607c31769540ab224,Catherine Aliyeh Mitchell,Individual,individual,Portland,OR,26025,1,2026-07-28,2026-07-28
orestar-20250101-20260928-787cf45dc908,19050,Christine Drazan,record:a4ae0aa34fdf256a6553b52d,Collin Anderson,Individual,individual,Heppner,OR,26025,1,2026-09-22,2026-09-22
orestar-20250101-20260928-787cf45dc908,19050,Christine Drazan,record:773cd07b37c85d12692f6e6f,Daniel Lines,Individual,individual,Sutherlin,OR,26025,1,2026-09-23,2026-09-23
orestar-20250101-20260928-787cf45dc908,19050,Christine Drazan,record:6deab31a4f1e53039acc6214,Darcy Sexson,Individual,individual,Stanfield,OR,26025,1,2026-09-20,2026-09-20
orestar-20250101-20260928-787cf45dc908,19050,Christine Drazan,record:10dca8ed262c16afa8e13228,Dee Anders,Individual,individual,Boring,OR,26025,1,2026-08-23,2026-08-23
orestar-20250101-20260928-787cf45dc908,19050,Christine Drazan,record:5368521d35cbf02115ab30d5,Doug Puetra,Individual,individual,Happy Valley,OR,26025,1,2026-08-13,2026-08-13
orestar-20250101-20260928-787cf45dc908,19050,Christine Drazan,record:1b650272176e79dac3b27775,Douglas Gabbert,Individual,individual,Redmond,OR,26025,1,2026-08-23,2026-08-23
orestar-20250101-20260928-787cf45dc908,19050,Christine Drazan,record:8a2ba794afac36befd9be113,Elizabeth Crawford,Individual,individual,Wilsonville,OR,26025,1,2026-06-01,2026-06-01
orestar-20250101-20260928-787cf45dc908,19050,Christine Drazan,record:1890332d7a1ab80e10270a64,Eric Richards,Individual,individual,Portland,OR,26025,1,2026-08-10,2026-08-10
orestar-20250101-20260928-787cf45dc908,19050,Christine Drazan,record:d816c791d5c91123a8fe07e0,Eric Swiridoff,Individual,individual,West Linn,OR,26025,1,2026-08-18,2026-08-18
orestar-20250101-20260928-787cf45dc908,19050,Christine Drazan,record:8f47d360f1ab91f6c8186362,Gail Bloom,Individual,individual,Bend,OR,26025,1,2026-07-29,2026-07-29
orestar-20250101-20260928-787cf45dc908,19050,Christine Drazan,record:3f55904af43a553c21675973,Gennediy Bakis,Individual,individual,Portland,OR,26025,1,2025-11-13,2025-11-13
orestar-20250101-20260928-787cf45dc908,19050,Christine Drazan,record:8010da90188496ae3d4b2032,Glenn Sexton,Individual,individual,Portland,OR,26025,1,2026-09-01,2026-09-01
orestar-20250101-20260928-787cf45dc908,19050,Christine Drazan,record:90afacf108b157b3214808a3,Grant Dawson,Individual,individual,West Linn,OR,26025,1,2026-03-12,2026-03-12
orestar-20250101-20260928-787cf45dc908,19050,Christine Drazan,record:6e8388397b8edbd39518a078,Gregory Braun,Individual,individual,Portland,OR,26025,1,2026-09-17,2026-09-17
orestar-20250101-20260928-787cf45dc908,19050,Christine Drazan,record:8050b78a7ecc7a55f7c6ddcd,Heather Efraimson,Individual,individual,Albany,OR,26025,1,2026-09-17,2026-09-17
orestar-20250101-20260928-787cf45dc908,19050,Christine Drazan,record:5241c1a36fa2cb98852e34a4,Jessica Dhillon,Individual,individual,Portland,OR,26025,1,2026-03-16,2026-03-16
orestar-20250101-20260928-787cf45dc908,19050,Christine Drazan,record:7122c297fc4f76e27bebd010,Jimmy Bacon,Individual,individual,Happy Valley,OR,26025,1,2026-07-28,2026-07-28
orestar-20250101-20260928-787cf45dc908,19050,Christine Drazan,record:5f0f2264703d36598e679863,Joyce Cutsforth,Individual,individual,Woodburn,OR,26025,1,2026-09-20,2026-09-20
orestar-20250101-20260928-787cf45dc908,19050,Christine Drazan,record:980878c763b1967c56df0f07,Keith Voigt,Individual,individual,Portland,OR,26025,1,2026-09-24,2026-09-24
orestar-20250101-20260928-787cf45dc908,19050,Christine Drazan,record:c2f300f536421ff8141d07c9,Kelly Miller,Individual,individual,Portland,OR,26025,1,2026-09-17,2026-09-17
orestar-20250101-20260928-787cf45dc908,19050,Christine Drazan,record:bbb7ce49e70fb4ab9acc47cc,Kevin Cady,Individual,individual,Sherwood,OR,26025,1,2026-09-01,2026-09-01
orestar-20250101-20260928-787cf45dc908,19050,Christine Drazan,record:77d7f00a4f99b56983e0ad87,Laura Doen,Individual,individual,Salem,OR,26025,1,2026-08-26,2026-08-26
orestar-20250101-20260928-787cf45dc908,19050,Christine Drazan,record:6f236a24cbf5cbf8de7befbd,Lindsey Cloud,Individual,individual,Redmond,OR,26025,1,2026-08-11,2026-08-11
orestar-20250101-20260928-787cf45dc908,19050,Christine Drazan,record:6d6b063534a77bb1b2dff922,Lynda Wahlberg,Individual,individual,Bend,OR,26025,1,2026-09-15,2026-09-15
orestar-20250101-20260928-787cf45dc908,19050,Christine Drazan,record:c0113a94afc22f9df0ff3d76,MacKensey Pulliam,Individual,individual,Sandy,OR,26025,1,2026-08-30,2026-08-30
orestar-20250101-20260928-787cf45dc908,19050,Christine Drazan,record:fbfc9aec67750a96002d1ec9,Margaret Ward,Individual,individual,Sunriver,OR,26025,1,2026-09-16,2026-09-16
orestar-20250101-20260928-787cf45dc908,19050,Christine Drazan,record:ace29a8cdb6a3141d56fa11c,Markus Grompe,Individual,individual,Portland,OR,26025,1,2026-02-10,2026-02-10
orestar-20250101-20260928-787cf45dc908,19050,Christine Drazan,record:9d66161fb3019f6fb8b889c6,Martin Burbano,Individual,individual,Portland,OR,26025,1,2026-08-18,2026-08-18
orestar-20250101-20260928-787cf45dc908,19050,Christine Drazan,record:b71839587da1ee231186bcf1,Matt Ramey,Individual,individual,Beaverton,OR,26025,1,2026-01-25,2026-01-25
orestar-20250101-20260928-787cf45dc908,19050,Christine Drazan,record:277054705da7c082aeaec50e,Melissa Laird,Individual,individual,Beaverton,OR,26025,1,2026-06-23,2026-06-23
orestar-20250101-20260928-787cf45dc908,19050,Christine Drazan,record:16a6b7ad1df7cdb5164fa8ed,Michael McCallum,Individual,individual,Canby,OR,26025,1,2026-03-19,2026-03-19
orestar-20250101-20260928-787cf45dc908,19050,Christine Drazan,record:57a9e77735bbc998c1614975,Michael Quinn,Individual,individual,Portland,OR,26025,1,2026-08-11,2026-08-11
orestar-20250101-20260928-787cf45dc908,19050,Christine Drazan,record:85365b49ae8e9d3e80281318,Mindy Sass,Individual,individual,Warren,OR,26025,1,2026-09-24,2026-09-24
orestar-20250101-20260928-787cf45dc908,19050,Christine Drazan,record:da1413d48d04f89f89a401e0,Nathan Dirksen,Individual,individual,Clackamas,OR,26025,1,2026-08-24,2026-08-24
orestar-20250101-20260928-787cf45dc908,19050,Christine Drazan,record:efe494348337978700d6c81e,Patrick Newton,Individual,individual,Gaston,OR,26025,1,2026-03-16,2026-03-16
orestar-20250101-20260928-787cf45dc908,19050,Christine Drazan,record:636547452e137846c23e59b9,Peggy McJunkin,Individual,individual,Sisters,OR,26025,1,2026-08-09,2026-08-09
orestar-20250101-20260928-787cf45dc908,19050,Christine Drazan,record:d906015c8f5c4d51e368433d,Peter Johnson,Individual,individual,Fairview,OR,26025,1,2026-08-20,2026-08-20
orestar-20250101-20260928-787cf45dc908,19050,Christine Drazan,record:647ec1ce25d368b82fb745e8,Peter Sikora,Individual,individual,Salem,OR,26025,1,2026-09-01,2026-09-01
orestar-20250101-20260928-787cf45dc908,19050,Christine Drazan,record:086c174dae75306f8d382248,Robert Poskevich,Individual,individual,Sherwood,OR,26025,1,2026-04-29,2026-04-29
orestar-20250101-20260928-787cf45dc908,19050,Christine Drazan,record:775a89c2e0f49395416c9302,Robert Powell,Individual,individual,Beaverton,OR,26025,1,2026-09-20,2026-09-20
orestar-20250101-20260928-787cf45dc908,19050,Christine Drazan,record:33b6036dde84252ec27067d0,Rockey Desimini,Individual,individual,Baker City,OR,26025,1,2026-07-05,2026-07-05
orestar-20250101-20260928-787cf45dc908,19050,Christine Drazan,record:967eaba580eea3ba9feda75f,Rod Jones,Individual,individual,Salem,OR,26025,1,2026-04-26,2026-04-26
orestar-20250101-20260928-787cf45dc908,19050,Christine Drazan,record:ccfb7e481d1f3fa14ba92e7d,Rodney Park,Individual,individual,Boring,OR,26025,1,2026-07-12,2026-07-12
orestar-20250101-20260928-787cf45dc908,19050,Christine Drazan,record:ba6aa2f16c1b5128e3e9c039,Russell Peterson,Individual,individual,Klamath Falls,OR,26025,1,2026-08-18,2026-08-18
orestar-20250101-20260928-787cf45dc908,19050,Christine Drazan,record:a997db265d7f92f045d845e8,Russell Sanger,Individual,individual,Medford,OR,26025,1,2026-02-11,2026-02-11
orestar-20250101-20260928-787cf45dc908,19050,Christine Drazan,record:f2d0f4992bf45a020d219e65,Ryan Klobas,Individual,individual,Damascus,OR,26025,1,2026-08-23,2026-08-23
orestar-20250101-20260928-787cf45dc908,19050,Christine Drazan,record:8e10c0753c21af9ab881811b,Scott Ashford,Individual,individual,Corvallis,OR,26025,1,2026-05-27,2026-05-27
orestar-20250101-20260928-787cf45dc908,19050,Christine Drazan,record:f538a852cd194fa0e77c0fec,Scott Omlid,Individual,individual,Portland,OR,26025,1,2026-04-28,2026-04-28
orestar-20250101-20260928-787cf45dc908,19050,Christine Drazan,record:c47cdc9b7c0cc6ed4cb760ac,Seth Root,Individual,individual,Bend,OR,26025,1,2026-02-20,2026-02-20
orestar-20250101-20260928-787cf45dc908,19050,Christine Drazan,record:398c67ccbe69512f3346b915,Shain Pearse,Individual,individual,Oregon City,OR,26025,1,2026-06-15,2026-06-15
orestar-20250101-20260928-787cf45dc908,19050,Christine Drazan,record:5e424ab8b2b0455dafcfb3a9,Stephen Caputo,Individual,individual,Salem,OR,26025,1,2026-07-02,2026-07-02
orestar-20250101-20260928-787cf45dc908,19050,Christine Drazan,record:e112bbe89a1179031517c685,Stewart Peterson,Individual,individual,Lake Oswego,OR,26025,1,2026-07-16,2026-07-16
orestar-20250101-20260928-787cf45dc908,19050,Christine Drazan,record:7e7fd568e555255364d8f512,Therera Peterson,Individual,individual,Klamath Falls,OR,26025,1,2026-08-18,2026-08-18
orestar-20250101-20260928-787cf45dc908,19050,Christine Drazan,record:50af611254aa3661d273c4ec,Todd Hakala,Individual,individual,Bend,OR,26025,1,2026-08-11,2026-08-11
orestar-20250101-20260928-787cf45dc908,19050,Christine Drazan,record:345086febe8d41016907d3ab,William J Elfering,Individual,individual,Hermiston,OR,26025,1,2026-05-19,2026-05-19
orestar-20250101-20260928-787cf45dc908,19050,Christine Drazan,record:f3b10aec49ec70f48e2f3c4e,Thomas Cary,Individual,individual,The Dalles,OR,25524,11,2026-05-03,2026-09-24
orestar-20250101-20260928-787cf45dc908,19050,Christine Drazan,record:136b42617f2ff2dd186c6c56,Charlene Pennie,Individual,individual,Molalla,OR,25508,4,2026-07-01,2026-09-21
orestar-20250101-20260928-787cf45dc908,19050,Christine Drazan,record:020de5a20d00fbe932927d34,Denise Wagner,Individual,individual,Portland,OR,25508,11,2026-05-21,2026-09-24
orestar-20250101-20260928-787cf45dc908,19050,Christine Drazan,record:b4782d3b13310905593ca4b2,Roger Payne,Individual,individual,Oregon City,OR,25410,4,2025-10-28,2026-09-02
orestar-20250101-20260928-787cf45dc908,19050,Christine Drazan,record:20635ead9bd2641a26ea0f7b,Roger Peterson,Individual,individual,Bend,OR,25410,3,2026-01-21,2026-06-02
orestar-20250101-20260928-787cf45dc908,19050,Christine Drazan,record:b881e2e414967839d095727b,Stanley Jewell,Individual,individual,Canby,OR,25410,3,2026-03-03,2026-07-01
orestar-20250101-20260928-787cf45dc908,19050,Christine Drazan,record:ab2f3b04cce46a3283e2e4a6,A-Plus Wheat,Business Entity,business,Heppner,OR,25000,1,2026-04-16,2026-04-16
orestar-20250101-20260928-787cf45dc908,19050,Christine Drazan,record:e3f507e6d02cedbdd221516e,Alan Jesse,Individual,individual,Hillsboro,OR,25000,1,2026-08-13,2026-08-13
orestar-20250101-20260928-787cf45dc908,19050,Christine Drazan,record:a767e4499c3242f33dba8bf1,Alan Knoblock,Individual,individual,Florence,OR,25000,1,2026-05-05,2026-05-05
orestar-20250101-20260928-787cf45dc908,19050,Christine Drazan,record:94f8fbdd947ca87c130bd3f2,Alice Bayless,Individual,individual,Lake Oswego,OR,25000,1,2025-11-06,2025-11-06
orestar-20250101-20260928-787cf45dc908,19050,Christine Drazan,record:d1fa1d32d471467e8f2b9aa7,"Ambrose Martin Cronin, IV",Individual,individual,Portland,OR,25000,1,2026-09-08,2026-09-08
orestar-20250101-20260928-787cf45dc908,19050,Christine Drazan,record:a815cdd5afbf1bc73de921e9,Andrea Applegate,Individual,individual,Grants Pass,OR,25000,1,2026-04-24,2026-04-24
orestar-20250101-20260928-787cf45dc908,19050,Christine Drazan,record:2585a1272a47ecfaa6dba831,Andrew C Schink,Individual,individual,Eugene,OR,25000,1,2026-09-08,2026-09-08
orestar-20250101-20260928-787cf45dc908,19050,Christine Drazan,record:a375ba81edece9eb5393f993,Andrew Corrigan,Individual,individual,Tualitan,OR,25000,1,2026-09-07,2026-09-07
orestar-20250101-20260928-787cf45dc908,19050,Christine Drazan,record:9df53b9e303b124172552a6a,Andrew Larson,Individual,individual,Forest Grove,OR,25000,1,2026-08-14,2026-08-14
orestar-20250101-20260928-787cf45dc908,19050,Christine Drazan,record:eafe73025d1a025f17db24c1,Angela M Slack,Individual,individual,Portland,OR,25000,1,2026-08-24,2026-08-24
orestar-20250101-20260928-787cf45dc908,19050,Christine Drazan,record:b346a54e86aebb23995e7c42,Anne Andersen,Individual,individual,Portland,OR,25000,1,2026-09-08,2026-09-08
orestar-20250101-20260928-787cf45dc908,19050,Christine Drazan,record:c546747e35e9d718a85c872d,Anthony Meeker,Individual,individual,Amity,OR,25000,1,2026-04-10,2026-04-10
orestar-20250101-20260928-787cf45dc908,19050,Christine Drazan,record:0cc78de2ae5ce85f786f2a6b,Arlen Stamback,Individual,individual,Salem,OR,25000,1,2026-09-16,2026-09-16
orestar-20250101-20260928-787cf45dc908,19050,Christine Drazan,record:4d9363d4003d2ec9b8304221,Arthur Duggins,Individual,individual,Salem,OR,25000,1,2026-09-01,2026-09-01
orestar-20250101-20260928-787cf45dc908,19050,Christine Drazan,record:b13c00ede9b01fda516255e8,Arthur E Bailey,Individual,individual,Portland,OR,25000,1,2026-04-09,2026-04-09
orestar-20250101-20260928-787cf45dc908,19050,Christine Drazan,record:4e2617d57da9f87b72e27aa7,Barbara Palmer,Individual,individual,Newberg,OR,25000,1,2026-08-11,2026-08-11
orestar-20250101-20260928-787cf45dc908,19050,Christine Drazan,record:0ceb243a4b9bf1d97d626d86,Bill Kluth,Individual,individual,Boring,OR,25000,1,2026-08-10,2026-08-10
orestar-20250101-20260928-787cf45dc908,19050,Christine Drazan,record:dcf5d2a984b1fa1272a4835a,Bob LeFaber,Individual,individual,Lake Oswego,OR,25000,1,2026-09-02,2026-09-02
orestar-20250101-20260928-787cf45dc908,19050,Christine Drazan,record:8f512256cbbc1c92be6d137e,Bonny Glendenning,Individual,individual,Canby,OR,25000,1,2026-02-23,2026-02-23
orestar-20250101-20260928-787cf45dc908,19050,Christine Drazan,record:6a9ed53a8475c59d58e5a7c4,Bradley Halle,Individual,individual,Portland,OR,25000,1,2025-10-28,2025-10-28
orestar-20250101-20260928-787cf45dc908,19050,Christine Drazan,record:9bc7fb046cbdcb43f15ab376,Bradley Personius,Individual,individual,Grants Pass,OR,25000,1,2026-05-12,2026-05-12
orestar-20250101-20260928-787cf45dc908,19050,Christine Drazan,record:6c3a15c682ce673af68651a0,Brenton Field,Individual,individual,Dallas,OR,25000,1,2026-02-23,2026-02-23
orestar-20250101-20260928-787cf45dc908,19050,Christine Drazan,record:fb45f9aa9271bf36fc3af342,Brian Meyer,Individual,individual,Cornelius,OR,25000,1,2026-05-05,2026-05-05
orestar-20250101-20260928-787cf45dc908,19050,Christine Drazan,record:a831af5fb732cd6eefd130bb,Bryan Cullivan,Individual,individual,Portland,OR,25000,1,2026-09-04,2026-09-04
orestar-20250101-20260928-787cf45dc908,19050,Christine Drazan,record:56dc3912564db6cbc152b7ef,Cara Nolan,Individual,individual,West Linn,OR,25000,1,2026-08-31,2026-08-31
orestar-20250101-20260928-787cf45dc908,19050,Christine Drazan,record:1cb4942f894e16391d8ca6e8,Carol Weaver,Individual,individual,Salem,OR,25000,1,2026-09-04,2026-09-04
orestar-20250101-20260928-787cf45dc908,19050,Christine Drazan,record:45f194c69e96fd79a2eb4ca8,Carole Laughlin,Individual,individual,Sherwood,OR,25000,1,2026-01-12,2026-01-12
orestar-20250101-20260928-787cf45dc908,19050,Christine Drazan,record:3aecf4688eed1af0671b4ec9,Carolyn Garland,Individual,individual,Hillsboro,OR,25000,1,2026-05-11,2026-05-11
orestar-20250101-20260928-787cf45dc908,19050,Christine Drazan,record:3bb0313622fcaf764ad0b62f,Carolyn Horne,Individual,individual,Portland,OR,25000,3,2025-08-07,2025-12-30
orestar-20250101-20260928-787cf45dc908,19050,Christine Drazan,record:a0477d99a2b30702a0de6682,Casey Pink,Individual,individual,The Dalles,OR,25000,1,2026-09-22,2026-09-22
orestar-20250101-20260928-787cf45dc908,19050,Christine Drazan,record:6cd4444aa10d9864e2a774a1,Cathy Ramsay,Individual,individual,Bend,OR,25000,1,2026-09-11,2026-09-11
orestar-20250101-20260928-787cf45dc908,19050,Christine Drazan,record:c56ff7609eb2602fcad57bb2,Chad Rabe,Individual,individual,Dairy,OR,25000,1,2026-09-10,2026-09-10
orestar-20250101-20260928-787cf45dc908,19050,Christine Drazan,record:23c32937d1bc4f4cae5ebaa5,Charlene Weichman,Individual,individual,Bend,OR,25000,1,2026-09-04,2026-09-04
orestar-20250101-20260928-787cf45dc908,19050,Christine Drazan,record:303e68af85d58ecbb525bcea,Charles Price,Individual,individual,Gaston,OR,25000,1,2026-08-11,2026-08-11
orestar-20250101-20260928-787cf45dc908,19050,Christine Drazan,record:f42d73c8545cff5ca7cc0c42,Chris Stutes,Individual,individual,Canby,OR,25000,1,2026-05-04,2026-05-04
orestar-20250101-20260928-787cf45dc908,19050,Christine Drazan,record:957bba3aee05f64a6c01d31b,Christopher & Mona Pfeifer Living Trust,Other,other,Salem,OR,25000,1,2026-09-08,2026-09-08
orestar-20250101-20260928-787cf45dc908,19050,Christine Drazan,record:832962ac1995eac23647d022,Christopher Loughran,Individual,individual,Portland,OR,25000,1,2026-09-21,2026-09-21
orestar-20250101-20260928-787cf45dc908,19050,Christine Drazan,record:41073e175dc706ae5e29f364,Clare Frazeur,Individual,individual,Grants Pass,OR,25000,1,2026-01-05,2026-01-05
orestar-20250101-20260928-787cf45dc908,19050,Christine Drazan,record:6315e460ddc7f9181d9076cb,"Cleatis Lemley, Jr",Individual,individual,Medford,OR,25000,1,2026-01-12,2026-01-12
orestar-20250101-20260928-787cf45dc908,19050,Christine Drazan,record:dcca5c9a4ee21e2834b3789e,Clint Walker,Individual,individual,Grants Pass,OR,25000,1,2026-08-11,2026-08-11
orestar-20250101-20260928-787cf45dc908,19050,Christine Drazan,record:08cf8d8bda13f7a1d9d40ee3,Clyde Joseph Calcagno,Individual,individual,Scappose,OR,25000,1,2026-08-14,2026-08-14
orestar-20250101-20260928-787cf45dc908,19050,Christine Drazan,record:39d0befcc7a501e0c605b56f,Colleen Sullivan,Individual,individual,Sunriver,OR,25000,1,2026-08-12,2026-08-12
orestar-20250101-20260928-787cf45dc908,19050,Christine Drazan,record:5dab4858c05cbb9b3531c1fd,Corbyn Pomeroy,Individual,individual,Lebanon,OR,25000,1,2026-07-27,2026-07-27
orestar-20250101-20260928-787cf45dc908,19050,Christine Drazan,record:1c7ed19e60acb4c7a73c6b98,Country Development LLC,Business Entity,business,Lebanon,OR,25000,1,2026-09-16,2026-09-16
orestar-20250101-20260928-787cf45dc908,19050,Christine Drazan,record:d3450164ffa2cad129814dab,Daniel Jue,Individual,individual,Brookings,OR,25000,2,2026-08-10,2026-09-01
orestar-20250101-20260928-787cf45dc908,19050,Christine Drazan,record:af22e19b7c5aeaef115643d6,Daniel Lounsberry,Individual,individual,Turner,OR,25000,1,2026-02-04,2026-02-04
orestar-20250101-20260928-787cf45dc908,19050,Christine Drazan,record:adcf6ebba9790692f3139e84,Daniel Martin,Individual,individual,Beaverton,OR,25000,7,2026-03-16,2026-09-01
orestar-20250101-20260928-787cf45dc908,19050,Christine Drazan,record:7ed75bc30d8d33668ecdfe8d,Darin Harbick,Individual,individual,Blue River,OR,25000,1,2026-08-10,2026-08-10
orestar-20250101-20260928-787cf45dc908,19050,Christine Drazan,record:4d20defa95c286eb3e4d5664,Darrell Brett,Individual,individual,Lake Oswego,OR,25000,1,2025-10-28,2025-10-28
orestar-20250101-20260928-787cf45dc908,19050,Christine Drazan,record:63aade915a42c93c5e4f8b7c,Dave Hagey,Individual,individual,Cove,OR,25000,1,2026-08-11,2026-08-11
orestar-20250101-20260928-787cf45dc908,19050,Christine Drazan,record:084eb0d089f14e9ecf7ca6df,David Armstrong,Individual,individual,Prineville,OR,25000,1,2026-08-19,2026-08-19
orestar-20250101-20260928-787cf45dc908,19050,Christine Drazan,record:0058f1ed518acd4f02ecbfe7,David Horrax,Individual,individual,Canby,OR,25000,1,2026-03-16,2026-03-16
orestar-20250101-20260928-787cf45dc908,19050,Christine Drazan,record:6a40b499b9ce3e77f4f725ef,David McAdams,Individual,individual,Gaston,OR,25000,1,2025-12-29,2025-12-29
orestar-20250101-20260928-787cf45dc908,19050,Christine Drazan,record:15c97adb24c5236d4ffb110c,David Schue,Individual,individual,Portland,OR,25000,1,2026-09-04,2026-09-04
orestar-20250101-20260928-787cf45dc908,19050,Christine Drazan,record:9711b78f584fe41f4b444a1b,David W Pettinger,Individual,individual,Brookings,OR,25000,1,2026-01-08,2026-01-08
orestar-20250101-20260928-787cf45dc908,19050,Christine Drazan,record:17d624e649c247683e739d4d,David Zier,Individual,individual,Lake Oswego,OR,25000,1,2026-08-13,2026-08-13
orestar-20250101-20260928-787cf45dc908,19050,Christine Drazan,record:0323fb317506be474d5949e7,Dean Nelson,Individual,individual,Los Banos,CA,25000,1,2026-08-19,2026-08-19
orestar-20250101-20260928-787cf45dc908,19050,Christine Drazan,record:c1cca0006e7c7cb841bad1b8,Denise D Bents,Individual,individual,Grants Pass,OR,25000,1,2026-08-24,2026-08-24
orestar-20250101-20260928-787cf45dc908,19050,Christine Drazan,record:dc8ded92d44b64a33e6e238e,Derf Hampton,Individual,individual,Portland,OR,25000,1,2026-09-09,2026-09-09
orestar-20250101-20260928-787cf45dc908,19050,Christine Drazan,record:a6f357b91d134560eac9f0db,Desiree Sii,Individual,individual,Powell Butte,OR,25000,1,2026-03-10,2026-03-10
orestar-20250101-20260928-787cf45dc908,19050,Christine Drazan,record:95dd2829d0b659ba55d4a2f8,Dianna Wilson,Individual,individual,Bend,OR,25000,1,2026-05-05,2026-05-05
orestar-20250101-20260928-787cf45dc908,19050,Christine Drazan,record:e81506931986b6ba7c430b13,Dick Dixon,Individual,individual,Oregon City,OR,25000,1,2026-08-13,2026-08-13
orestar-20250101-20260928-787cf45dc908,19050,Christine Drazan,record:10ec74705e302cc54f00ac6f,Don Anderson,Individual,individual,Junction City,OR,25000,1,2026-02-12,2026-02-12
orestar-20250101-20260928-787cf45dc908,19050,Christine Drazan,record:3b7d18a09e22102b0e6521eb,Donna J Frutiger,Individual,individual,Hillsboro,OR,25000,1,2026-08-24,2026-08-24
orestar-20250101-20260928-787cf45dc908,19050,Christine Drazan,record:884e943cc65697da9ad5b798,Doug Hathaway,Individual,individual,Rogue River,OR,25000,7,2026-06-07,2026-09-13
orestar-20250101-20260928-787cf45dc908,19050,Christine Drazan,record:c0373ce7fab3a6197f0e5e50,Doug Zielinski,Individual,individual,Keizer,OR,25000,1,2026-09-14,2026-09-14
orestar-20250101-20260928-787cf45dc908,19050,Christine Drazan,record:00075ed0f37a8f8e1ebd6658,Douglas M Johnson DMD,Business Entity,business,Scio,OR,25000,1,2026-09-16,2026-09-16
orestar-20250101-20260928-787cf45dc908,19050,Christine Drazan,record:2e522d98d9858e99cd80ef6f,Douglas Shaw,Individual,individual,Clackamas,OR,25000,1,2026-09-14,2026-09-14
orestar-20250101-20260928-787cf45dc908,19050,Christine Drazan,record:b747d5e043d14a4eb1279268,Douglas Tweet,Individual,individual,Camas,WA,25000,1,2026-08-03,2026-08-03
orestar-20250101-20260928-787cf45dc908,19050,Christine Drazan,record:01db1a49f3f05e4051c4a785,Ed Ramsay,Individual,individual,Bend,OR,25000,1,2026-09-11,2026-09-11
orestar-20250101-20260928-787cf45dc908,19050,Christine Drazan,record:4a3ed86388eb1303f082fe3b,Edward Aho,Individual,individual,Corbett,OR,25000,1,2026-05-11,2026-05-11
orestar-20250101-20260928-787cf45dc908,19050,Christine Drazan,record:aaf8acce96a6f05f18b56c8c,Edward Frankel,Individual,individual,Lake Oswego,OR,25000,1,2026-09-08,2026-09-08
orestar-20250101-20260928-787cf45dc908,19050,Christine Drazan,record:370bd3eca0cac8d554456639,Eric Hall,Individual,individual,Hillsboro,OR,25000,1,2026-07-20,2026-07-20
orestar-20250101-20260928-787cf45dc908,19050,Christine Drazan,record:30308649959cd88ef7c9251e,Ethan Chatov,Individual,individual,Gresham,OR,25000,1,2026-08-02,2026-08-02
orestar-20250101-20260928-787cf45dc908,19050,Christine Drazan,record:8a24a6cc5c502d6a87eef752,"Frahm-Fresh Produce, Inc.",Business Entity,business,Ontario,OR,25000,1,2026-04-20,2026-04-20
orestar-20250101-20260928-787cf45dc908,19050,Christine Drazan,record:01f13e82b8f1f1b2aa469a0f,Frank Beauer,Individual,individual,Sisters,OR,25000,1,2026-09-15,2026-09-15
orestar-20250101-20260928-787cf45dc908,19050,Christine Drazan,record:ea948f47cb94fc46dd156e40,Franklin Middleton,Individual,individual,Beaverton,OR,25000,1,2026-01-26,2026-01-26
orestar-20250101-20260928-787cf45dc908,19050,Christine Drazan,record:8debf9d2418a0e146c1b97dc,Frederick C Dunmire,Individual,individual,Albany,OR,25000,1,2026-08-03,2026-08-03
orestar-20250101-20260928-787cf45dc908,19050,Christine Drazan,record:10621f2254a753d228be6a2a,Galen Nelson,Individual,individual,Aurora,OR,25000,1,2026-01-12,2026-01-12
orestar-20250101-20260928-787cf45dc908,19050,Christine Drazan,record:1d2275306f653754eee71e44,Garth Mulkey,Individual,individual,Monmouth,OR,25000,1,2026-03-16,2026-03-16
orestar-20250101-20260928-787cf45dc908,19050,Christine Drazan,record:07cfc70795b344f9b618b0d5,Gary Goodwin,Individual,individual,Milton Freewater,OR,25000,1,2026-09-24,2026-09-24
orestar-20250101-20260928-787cf45dc908,19050,Christine Drazan,record:ab1f253d80bd4f01e6a51861,Gary Zuber,Individual,individual,Culver,OR,25000,1,2026-09-18,2026-09-18
orestar-20250101-20260928-787cf45dc908,19050,Christine Drazan,record:0db7e31ed255f8464c82ccfc,George C Spencer,Individual,individual,Portland,OR,25000,1,2026-08-20,2026-08-20
orestar-20250101-20260928-787cf45dc908,19050,Christine Drazan,record:d04b5bf3d12015d409c09835,George Johnson,Individual,individual,Canby,OR,25000,1,2026-05-05,2026-05-05
orestar-20250101-20260928-787cf45dc908,19050,Christine Drazan,record:e18ccf60612f84639b96e509,George Stonecliffe,Individual,individual,Portland,OR,25000,1,2026-04-28,2026-04-28
orestar-20250101-20260928-787cf45dc908,19050,Christine Drazan,record:916a110ac0972bc916f3d02a,Gibb Evans,Individual,individual,Irrigon,OR,25000,1,2026-09-01,2026-09-01
orestar-20250101-20260928-787cf45dc908,19050,Christine Drazan,record:86832133fee6950fa2844dea,Glenna Hodgson,Individual,individual,Corvallis,OR,25000,1,2026-08-10,2026-08-10
orestar-20250101-20260928-787cf45dc908,19050,Christine Drazan,record:9551aaafee3472debc1c94e7,Gregory Addingon,Individual,individual,Salem,OR,25000,1,2026-02-23,2026-02-23
orestar-20250101-20260928-787cf45dc908,19050,Christine Drazan,record:b1510991526d349bc783a5ff,Gregory K Hayden,Individual,individual,Lake Oswego,OK,25000,1,2026-09-08,2026-09-08
orestar-20250101-20260928-787cf45dc908,19050,Christine Drazan,record:2c603984f54af2e83aa26fe3,Gretchen Sabo,Individual,individual,Lake Oswego,OR,25000,1,2026-09-01,2026-09-01
orestar-20250101-20260928-787cf45dc908,19050,Christine Drazan,record:3b798b3ff87828c51b17ed6f,Gustav Treske,Individual,individual,West Linn,OR,25000,1,2026-09-24,2026-09-24
orestar-20250101-20260928-787cf45dc908,19050,Christine Drazan,record:b7d0456b95e4a2ad287b5748,Gwen Childs,Individual,individual,Eugene,OR,25000,1,2026-09-09,2026-09-09
orestar-20250101-20260928-787cf45dc908,19050,Christine Drazan,record:2b359bbc4ce8f60ecc6ad922,Harry Allen,Individual,individual,Eugene,OR,25000,1,2026-09-02,2026-09-02
orestar-20250101-20260928-787cf45dc908,19050,Christine Drazan,record:39a68082d5ad82f5efed0a36,Hoffman Dental,Business Entity,business,Hillsboro,OR,25000,1,2026-08-24,2026-08-24
orestar-20250101-20260928-787cf45dc908,19050,Christine Drazan,record:a3efaaa86c16bb5a58102301,J2 Farms Inc.,Business Entity,business,Jefferson,OR,25000,1,2025-11-18,2025-11-18
orestar-20250101-20260928-787cf45dc908,19050,Christine Drazan,record:45e44f8095f3eefcc069d8de,James (Jim) Westwood,Individual,individual,Portland,OR,25000,1,2026-05-29,2026-05-29
orestar-20250101-20260928-787cf45dc908,19050,Christine Drazan,record:10a73d781d1be5b686b6c892,James Denny,Individual,individual,Albany,OR,25000,1,2026-04-24,2026-04-24
orestar-20250101-20260928-787cf45dc908,19050,Christine Drazan,record:5aa4dced435f6718d3300582,Jamie Zielinski,Individual,individual,Keizer,OR,25000,1,2026-09-14,2026-09-14
orestar-20250101-20260928-787cf45dc908,19050,Christine Drazan,record:75b7e855c246abe243ec89af,Jan Lougher,Individual,individual,Prinveville,OR,25000,4,2026-07-22,2026-09-23
orestar-20250101-20260928-787cf45dc908,19050,Christine Drazan,record:1d4872841cb9e6a91fdd0041,Jane Schue,Individual,individual,Portland,OR,25000,1,2026-09-04,2026-09-04
orestar-20250101-20260928-787cf45dc908,19050,Christine Drazan,record:29fc6889c9a94200393be7ab,Jeanne Buelt,Individual,individual,Cornelius,OR,25000,1,2026-09-08,2026-09-08
orestar-20250101-20260928-787cf45dc908,19050,Christine Drazan,record:96ef26717bb105a6f0b9642e,Jelinda Carpenter,Individual,individual,Bend,OR,25000,1,2026-09-08,2026-09-08
orestar-20250101-20260928-787cf45dc908,19050,Christine Drazan,record:2efbf71e550fef67a4469b19,Jennifer Davis,Individual,individual,Albany,OR,25000,1,2026-08-10,2026-08-10
orestar-20250101-20260928-787cf45dc908,19050,Christine Drazan,record:af9bbf962816aa6483ed3fca,Jerri Feldkamp,Individual,individual,Roseburg,OR,25000,1,2026-01-23,2026-01-23
orestar-20250101-20260928-787cf45dc908,19050,Christine Drazan,record:4c054b34804d8d724b1d26f2,Jerry Anderson,Individual,individual,Happy Valley,OR,25000,1,2026-08-14,2026-08-14
orestar-20250101-20260928-787cf45dc908,19050,Christine Drazan,record:e6776306a4073f4e0c4c7ddc,Jerry Scheffler,Individual,individual,Eagle Point,OR,25000,1,2026-08-31,2026-08-31
orestar-20250101-20260928-787cf45dc908,19050,Christine Drazan,record:da72452ac4720109079f15d8,Jim Karmy,Individual,individual,Redmond,OR,25000,1,2026-09-21,2026-09-21
orestar-20250101-20260928-787cf45dc908,19050,Christine Drazan,record:f81249cc0585db7b957e251b,Jim Riggle,Individual,individual,Oregon City,OR,25000,1,2025-09-23,2025-09-23
orestar-20250101-20260928-787cf45dc908,19050,Christine Drazan,record:7ff8c077a7194a9728c31282,Joann Frankel,Individual,individual,Lake Oswego,OR,25000,1,2026-09-08,2026-09-08
orestar-20250101-20260928-787cf45dc908,19050,Christine Drazan,record:865a4acc2a73aedbf0fea0f8,John Kern,Individual,individual,Milwaukie,OR,25000,1,2026-02-10,2026-02-10
orestar-20250101-20260928-787cf45dc908,19050,Christine Drazan,record:3918d60b71cbcccad0ada1b6,John Lang,Individual,individual,Portland,OR,25000,1,2026-09-15,2026-09-15
orestar-20250101-20260928-787cf45dc908,19050,Christine Drazan,record:3c353aa5606c9f397fcc2ba4,Jolene Moxon Robison,Individual,individual,Malin,OR,25000,1,2026-04-16,2026-04-16
orestar-20250101-20260928-787cf45dc908,19050,Christine Drazan,record:1c4c74ce4a1b43a2ef9398fe,Jon Kvistad,Individual,individual,Astoria,OR,25000,1,2026-08-25,2026-08-25
orestar-20250101-20260928-787cf45dc908,19050,Christine Drazan,record:cc4b8ee73428cda927865486,Jonathan Jasinski,Individual,individual,Salem,OR,25000,1,2026-03-11,2026-03-11
orestar-20250101-20260928-787cf45dc908,19050,Christine Drazan,record:adaa45f18f0e98ddb94de892,Jorge Macias,Individual,individual,West Linn,OR,25000,5,2026-06-04,2026-09-22
orestar-20250101-20260928-787cf45dc908,19050,Christine Drazan,record:bfc46982ef796b992fb2a3d3,Joyce Wood,Individual,individual,Portland,OR,25000,1,2026-08-10,2026-08-10
orestar-20250101-20260928-787cf45dc908,19050,Christine Drazan,record:0cb562f9b920fb6562a9efa8,Judy Harris,Individual,individual,Lake Oswego,OR,25000,1,2026-09-10,2026-09-10
orestar-20250101-20260928-787cf45dc908,19050,Christine Drazan,record:0cfda1561157f9fd6e035aba,Judy Snider,Individual,individual,Eddyville,OR,25000,3,2026-06-10,2026-09-16
orestar-20250101-20260928-787cf45dc908,19050,Christine Drazan,record:ff3e3391f6c5dcfee7d5bca4,Julie Ausland,Individual,individual,Tigard,OR,25000,6,2025-11-27,2026-09-13
orestar-20250101-20260928-787cf45dc908,19050,Christine Drazan,record:4c88cdc3f42f95bfee9b8661,Julie Meserve,Individual,individual,Portland,OR,25000,1,2026-08-20,2026-08-20
orestar-20250101-20260928-787cf45dc908,19050,Christine Drazan,record:7d37e398a048afc5f6f212ef,Karen K Rees,Individual,individual,Redmond,OR,25000,1,2026-08-11,2026-08-11
orestar-20250101-20260928-787cf45dc908,19050,Christine Drazan,record:1b9c8a008e6022302858b244,Kathy Call,Individual,individual,Oregon City,OR,25000,1,2026-09-14,2026-09-14
orestar-20250101-20260928-787cf45dc908,19050,Christine Drazan,record:8c9eb512802b2930672255d1,Keith Farkas,Individual,individual,Portland,OR,25000,1,2026-09-01,2026-09-01
orestar-20250101-20260928-787cf45dc908,19050,Christine Drazan,record:9491d68866b5228f2a37ab02,Kelsey Nonella,Individual,individual,Redmond,OR,25000,1,2026-07-29,2026-07-29
orestar-20250101-20260928-787cf45dc908,19050,Christine Drazan,record:acf7b21e1dbea16682f1dad1,Ken Kuhns,Individual,individual,Salem,OR,25000,1,2026-09-09,2026-09-09
orestar-20250101-20260928-787cf45dc908,19050,Christine Drazan,record:864eb82284c93bdeaf0aa4c1,Kenneth E Naas,Individual,individual,Boring,OR,25000,1,2026-08-14,2026-08-14
orestar-20250101-20260928-787cf45dc908,19050,Christine Drazan,record:b60a4bfb6e044aeea5067561,Kenneth M Hoffman,Individual,individual,Milwaukie,OR,25000,1,2026-08-14,2026-08-14
orestar-20250101-20260928-787cf45dc908,19050,Christine Drazan,record:421e6d9e052001a4097a25fe,Kenneth W Buelt,Individual,individual,Corneilus,OR,25000,1,2026-09-08,2026-09-08
orestar-20250101-20260928-787cf45dc908,19050,Christine Drazan,record:5d5edf63b89ee242960beee9,Kenny Cripps,Individual,individual,Portland,OR,25000,1,2026-09-16,2026-09-16
orestar-20250101-20260928-787cf45dc908,19050,Christine Drazan,record:29d4fed0cc49eb9035c15e66,Kevin Bednar,Individual,individual,Wallowa,OR,25000,1,2026-09-08,2026-09-08
orestar-20250101-20260928-787cf45dc908,19050,Christine Drazan,record:83563270a24fd96256423231,Kevin Nofziger,Individual,individual,Albany,OR,25000,1,2026-01-02,2026-01-02
orestar-20250101-20260928-787cf45dc908,19050,Christine Drazan,record:e3e59873263737a1560f8bcd,Kristin Houston,Individual,individual,Beaverton,OR,25000,1,2026-04-20,2026-04-20
orestar-20250101-20260928-787cf45dc908,19050,Christine Drazan,record:3419fe7bb8a412c73047bb78,LandWise LLC,Business Entity,business,Pendleton,OR,25000,1,2026-09-01,2026-09-01
orestar-20250101-20260928-787cf45dc908,19050,Christine Drazan,record:ca6c3c3ae9615737014a99d2,Larry Campbell,Individual,individual,Eugene,OR,25000,1,2026-09-08,2026-09-08
orestar-20250101-20260928-787cf45dc908,19050,Christine Drazan,record:0383a887d30aca85bd8fad10,Larry Duyck Farms,Business Entity,business,North Plains,OR,25000,1,2025-12-31,2025-12-31
orestar-20250101-20260928-787cf45dc908,19050,Christine Drazan,record:d6f4161c1fac152c232d16bd,Lawnae Hunter,Individual,individual,Bend,OR,25000,1,2026-09-07,2026-09-07
orestar-20250101-20260928-787cf45dc908,19050,Christine Drazan,record:bbf2fd36f01187dd56fe6110,Lawrence Laughlin,Individual,individual,Sherwood,OR,25000,1,2026-01-12,2026-01-12
orestar-20250101-20260928-787cf45dc908,19050,Christine Drazan,record:c9aaa5ac1f667fb3ad4af21b,Leann M Bleakney,Individual,individual,Silverton,OR,25000,1,2026-08-17,2026-08-17
orestar-20250101-20260928-787cf45dc908,19050,Christine Drazan,record:843a116e8c322be31d5839ed,Leon J Olson,Individual,individual,Sweet Home,OR,25000,1,2026-09-16,2026-09-16
orestar-20250101-20260928-787cf45dc908,19050,Christine Drazan,record:9dd122cccd1dbb0c23e80018,Lester Hawkins,Individual,individual,Portland,OR,25000,1,2026-09-01,2026-09-01
orestar-20250101-20260928-787cf45dc908,19050,Christine Drazan,record:74e679a1099de320a768f583,Linda Hickok,Individual,individual,Lake Oswego,OR,25000,1,2026-08-14,2026-08-14
orestar-20250101-20260928-787cf45dc908,19050,Christine Drazan,record:4a8cfcb2661299e55051711f,Linda Krook,Individual,individual,Portland,OR,25000,2,2026-08-10,2026-09-04
orestar-20250101-20260928-787cf45dc908,19050,Christine Drazan,record:bc271c8a973c187720f6242e,Lisa Cullivan,Individual,individual,Portland,OR,25000,1,2026-09-04,2026-09-04
orestar-20250101-20260928-787cf45dc908,19050,Christine Drazan,record:4961e92f7ff14f132ac6f350,Lisa Kern,Individual,individual,Milwaukie,OR,25000,1,2026-02-10,2026-02-10
orestar-20250101-20260928-787cf45dc908,19050,Christine Drazan,record:5cb15c44d3ec4e26d48a10a1,Lloyd Anderson,Individual,individual,Gresham,OR,25000,1,2026-08-24,2026-08-24
orestar-20250101-20260928-787cf45dc908,19050,Christine Drazan,record:1343139175aaf27e09167f52,Loraine Dixon,Individual,individual,Redmond,OR,25000,1,2026-09-01,2026-09-01
orestar-20250101-20260928-787cf45dc908,19050,Christine Drazan,record:1767b7d83732ed6dbaf189f9,"Loren J Smith, Jr",Individual,individual,Corvallis,OR,25000,1,2026-08-14,2026-08-14
orestar-20250101-20260928-787cf45dc908,19050,Christine Drazan,record:780576d6aa28b7b49d581b98,Lori O'Neil,Individual,individual,Tigard,OR,25000,1,2026-01-28,2026-01-28
orestar-20250101-20260928-787cf45dc908,19050,Christine Drazan,record:43865bf8328400656a455083,Lynnette M Hesse,Individual,individual,Hillsboro,OR,25000,1,2026-08-31,2026-08-31
orestar-20250101-20260928-787cf45dc908,19050,Christine Drazan,record:e5b7a487b9d5d94ff78c3901,M A Butler,Individual,individual,Eugene,OR,25000,1,2026-09-16,2026-09-16
orestar-20250101-20260928-787cf45dc908,19050,Christine Drazan,record:8d7bc3ef74b0d41b996a3373,MELA-KY TANSPORTATION LLC,Business Entity,business,Jefferson,OR,25000,1,2026-09-16,2026-09-16
orestar-20250101-20260928-787cf45dc908,19050,Christine Drazan,record:1b844a98da58018192ff8ef8,Manuel Castaneda,Individual,individual,Beaverton,OR,25000,1,2026-07-21,2026-07-21
orestar-20250101-20260928-787cf45dc908,19050,Christine Drazan,record:bde644e31b09911a78e98a65,Marcella Stafford,Individual,individual,Canby,OR,25000,1,2026-06-01,2026-06-01
orestar-20250101-20260928-787cf45dc908,19050,Christine Drazan,record:bb5c6b30272a0cca1f4374d0,Margaret Lowry,Individual,individual,Bend,OR,25000,1,2026-08-20,2026-08-20
orestar-20250101-20260928-787cf45dc908,19050,Christine Drazan,record:3cb7f68944b8a6a5a931a15b,Margot Charlton,Individual,individual,Beaverton,OR,25000,1,2026-05-21,2026-05-21
orestar-20250101-20260928-787cf45dc908,19050,Christine Drazan,record:aface3c1bd510f6aafd83ea6,Marianne Anderson,Individual,individual,Junction City,OR,25000,1,2026-02-12,2026-02-12
orestar-20250101-20260928-787cf45dc908,19050,Christine Drazan,record:56855e0e7456e66bb01f86b8,Mark Kroon,Individual,individual,Eugene,OR,25000,1,2026-07-28,2026-07-28
orestar-20250101-20260928-787cf45dc908,19050,Christine Drazan,record:e153e55e6aafb26b1fc6103b,Mary Scheffler,Individual,individual,Eagle Point,OR,25000,1,2026-08-31,2026-08-31
orestar-20250101-20260928-787cf45dc908,19050,Christine Drazan,record:00802cb7db2971c6fbe2fe63,Mary Tibbot,Individual,individual,Salem,OR,25000,1,2026-09-07,2026-09-07
orestar-20250101-20260928-787cf45dc908,19050,Christine Drazan,record:a1f4c4fc88a1c53e3cbf970e,Meliah Wimmer,Individual,individual,St. Paul,OR,25000,1,2026-07-09,2026-07-09
orestar-20250101-20260928-787cf45dc908,19050,Christine Drazan,record:4442159558a11c7ff9c2bfea,Merlyn Skeen,Individual,individual,Nyssa,OR,25000,1,2026-09-04,2026-09-04
orestar-20250101-20260928-787cf45dc908,19050,Christine Drazan,record:ed66a48b6853492ef256b462,Micahel J Oates,Individual,individual,Hood River,OR,25000,1,2026-08-14,2026-08-14
orestar-20250101-20260928-787cf45dc908,19050,Christine Drazan,record:082a0cba1580f3ecf34ec655,Michael Bohna,Individual,individual,Hillsboro,OR,25000,1,2026-01-07,2026-01-07
orestar-20250101-20260928-787cf45dc908,19050,Christine Drazan,record:cf7761b0beae2ad42e137411,Michael Couch,Individual,individual,Bend,OR,25000,1,2026-09-22,2026-09-22
orestar-20250101-20260928-787cf45dc908,19050,Christine Drazan,record:607761ab9c2d619eace09177,Michael H ORth,Individual,individual,Sherwood,OR,25000,2,2026-08-24,2026-09-08
orestar-20250101-20260928-787cf45dc908,19050,Christine Drazan,record:dc94a3460af23526e2b8143b,Michael Hinton,Individual,individual,Forest Grove,OR,25000,1,2025-10-27,2025-10-27
orestar-20250101-20260928-787cf45dc908,19050,Christine Drazan,record:b7a61e52c689e279e4df1201,Michael Mathson,Individual,individual,Sherwood,OR,25000,1,2026-01-15,2026-01-15
orestar-20250101-20260928-787cf45dc908,19050,Christine Drazan,record:0f7dbbb41df58b43eccfabaa,"Michael Sasser, MD",Individual,individual,Medford,OR,25000,1,2026-08-14,2026-08-14
orestar-20250101-20260928-787cf45dc908,19050,Christine Drazan,record:8cde9d0a01e16c5ba799c90d,Michael Slack,Individual,individual,Portland,OR,25000,1,2026-08-24,2026-08-24
orestar-20250101-20260928-787cf45dc908,19050,Christine Drazan,record:3969a9e5eb8bafd04e1f0c5d,Micheal Cook,Individual,individual,Portland,OR,25000,1,2026-08-31,2026-08-31
orestar-20250101-20260928-787cf45dc908,19050,Christine Drazan,record:9045567a95a1ed826dacb1bb,Micheal Kane,Individual,individual,Portland,OR,25000,1,2026-08-14,2026-08-14
orestar-20250101-20260928-787cf45dc908,19050,Christine Drazan,record:db28a9416fc43af92af057f4,Micheal Riggs,Individual,individual,Canby,OR,25000,1,2026-04-10,2026-04-10
orestar-20250101-20260928-787cf45dc908,19050,Christine Drazan,record:2367c638115c2eb2fdd258a9,Michelle Parnell,Individual,individual,Redmond,OR,25000,1,2026-09-02,2026-09-02
orestar-20250101-20260928-787cf45dc908,19050,Christine Drazan,record:971ba8e53dee68cbf41cfb4c,Mike Skiens,Individual,individual,Bend,OR,25000,1,2026-08-31,2026-08-31
orestar-20250101-20260928-787cf45dc908,19050,Christine Drazan,record:42c4c5fb79db8a5caefe241e,Mike Smolich,Individual,individual,Bend,OR,25000,1,2026-09-20,2026-09-20
orestar-20250101-20260928-787cf45dc908,19050,Christine Drazan,record:534a37a8d1a24fdf83958cf2,Mike Snelson,Individual,individual,Beaverton,OR,25000,1,2026-08-02,2026-08-02
orestar-20250101-20260928-787cf45dc908,19050,Christine Drazan,record:10da51f458bed148d83d5a53,Murray Farms LLC,Business Entity,business,Lebanon,OR,25000,1,2025-12-29,2025-12-29
orestar-20250101-20260928-787cf45dc908,19050,Christine Drazan,record:45a387abd7e72eab415e68d5,Neil Bryant,Individual,individual,Bend,OR,25000,1,2026-04-09,2026-04-09
orestar-20250101-20260928-787cf45dc908,19050,Christine Drazan,record:71b02bbbdc600775b2488c82,Neil R Bryant,Individual,individual,Bend,OR,25000,1,2026-09-08,2026-09-08
orestar-20250101-20260928-787cf45dc908,19050,Christine Drazan,record:e774c3e31c7a30349485538a,Nita McAdams,Individual,individual,Gaston,OR,25000,1,2025-12-29,2025-12-29
orestar-20250101-20260928-787cf45dc908,19050,Christine Drazan,record:39e939b1d6dff841b9629392,Patricia Frye,Individual,individual,Sherwood,OR,25000,1,2026-07-22,2026-07-22
orestar-20250101-20260928-787cf45dc908,19050,Christine Drazan,record:329be1ea02adbf8c7c4e9530,Patrick Dawson,Individual,individual,Pendleton,OR,25000,1,2026-09-22,2026-09-22
orestar-20250101-20260928-787cf45dc908,19050,Christine Drazan,record:c850beca8db38822cf22c808,Paul Hinds,Individual,individual,Portland,OR,25000,1,2026-08-10,2026-08-10
orestar-20250101-20260928-787cf45dc908,19050,Christine Drazan,record:4d8dea1e7348d5a64e50e0da,Paul Skeen,Individual,individual,Nyssa,OR,25000,1,2026-09-04,2026-09-04
orestar-20250101-20260928-787cf45dc908,19050,Christine Drazan,record:f053fd1f5ce9cb226afb78be,Paula Fisher,Individual,individual,Portland,OR,25000,1,2026-09-23,2026-09-23
orestar-20250101-20260928-787cf45dc908,19050,Christine Drazan,record:6bc598dc91fe3129de34f766,Peter Krook,Individual,individual,Portland,OR,25000,2,2026-08-10,2026-09-04
orestar-20250101-20260928-787cf45dc908,19050,Christine Drazan,record:1eefe3464b7bee1a485a2b83,Peter Schulze,Individual,individual,Medford,OR,25000,1,2026-08-13,2026-08-13
orestar-20250101-20260928-787cf45dc908,19050,Christine Drazan,record:d4609ee1393df70f31f396e3,Phillip Chapman,Individual,individual,Klamath Falls,OR,25000,1,2026-01-16,2026-01-16
orestar-20250101-20260928-787cf45dc908,19050,Christine Drazan,record:d346cadecc98e5fe1745d869,Phillip D Ricker,Individual,individual,Bend,OR,25000,1,2026-08-19,2026-08-19
orestar-20250101-20260928-787cf45dc908,19050,Christine Drazan,record:66983f4df37ab61029bba65f,Phillip Stambaugh,Individual,individual,Lake Oswego,OR,25000,1,2026-08-10,2026-08-10
orestar-20250101-20260928-787cf45dc908,19050,Christine Drazan,record:760327b674ddf7202c7d00d4,Rachel Croce,Individual,individual,West Linn,OR,25000,1,2026-08-24,2026-08-24
orestar-20250101-20260928-787cf45dc908,19050,Christine Drazan,record:0ea63e6b96be8d41aac1d3b0,Rachel Krieger,Individual,individual,Sublimity,OR,25000,1,2026-08-20,2026-08-20
orestar-20250101-20260928-787cf45dc908,19050,Christine Drazan,record:f152cd513847aca72ee98b89,Ralph Poole,Individual,individual,Ontario,OR,25000,1,2026-09-09,2026-09-09
orestar-20250101-20260928-787cf45dc908,19050,Christine Drazan,record:87c65fb7788d202319f05277,"Raymond Royal, Jr",Individual,individual,Hillsboro,OR,25000,1,2026-08-14,2026-08-14
orestar-20250101-20260928-787cf45dc908,19050,Christine Drazan,record:5d87634cc6f0ed0f879a6861,Rebecca G Bocchi,Individual,individual,Klamath Falls,OR,25000,1,2026-08-21,2026-08-21
orestar-20250101-20260928-787cf45dc908,19050,Christine Drazan,record:e2b74e870e001fa726efb8ad,Rector Living Trust,Other,other,Canby,OR,25000,1,2026-09-24,2026-09-24
orestar-20250101-20260928-787cf45dc908,19050,Christine Drazan,record:ef82ff919e8b88ad760e1e21,Red Pine Ranch LLC,Business Entity,business,Prineville,OR,25000,1,2026-09-04,2026-09-04
orestar-20250101-20260928-787cf45dc908,19050,Christine Drazan,record:80b6c6d748833a53c19e7c69,Richard (Rick) Larson,Individual,individual,Hood River,OR,25000,1,2026-05-18,2026-05-18
orestar-20250101-20260928-787cf45dc908,19050,Christine Drazan,record:f0dfb9bdb7d91a1ad0d942c8,Richard Humphreys,Individual,individual,Mt. Angel,OR,25000,1,2026-04-19,2026-04-19
orestar-20250101-20260928-787cf45dc908,19050,Christine Drazan,record:5299e71821e15247ab6cca2a,Richard Tillman,Individual,individual,Wilsonville,OR,25000,3,2025-10-31,2026-09-02
orestar-20250101-20260928-787cf45dc908,19050,Christine Drazan,record:127aa1dd31a9b6ee478d125c,Robert Fish,Individual,individual,Portland,OR,25000,1,2026-08-07,2026-08-07
orestar-20250101-20260928-787cf45dc908,19050,Christine Drazan,record:1e4bc8f1f4ca909e4e22e60c,Robert Harney,Individual,individual,Keizer,OR,25000,1,2026-02-18,2026-02-18
orestar-20250101-20260928-787cf45dc908,19050,Christine Drazan,record:522cc5a1575962264147909e,Robert R Bailey,Individual,individual,Troutdale,OR,25000,1,2026-08-20,2026-08-20
orestar-20250101-20260928-787cf45dc908,19050,Christine Drazan,record:d8e41063f722fb1bcfa8a4d9,Robert Rose,Individual,individual,Corvallis,OR,25000,1,2026-08-19,2026-08-19
orestar-20250101-20260928-787cf45dc908,19050,Christine Drazan,record:441b4593f4ce04920f254cd3,Robert W Lowry,Individual,individual,Bend,OR,25000,1,2026-08-20,2026-08-20
orestar-20250101-20260928-787cf45dc908,19050,Christine Drazan,record:bd7ed3cdc37b8e4a5ff45c94,Robert and Patti Adair Trust,Other,other,Sisters,OR,25000,1,2026-08-11,2026-08-11
orestar-20250101-20260928-787cf45dc908,19050,Christine Drazan,record:62ab644f076767cbc3bfbb13,Robin Bankofier,Individual,individual,Bend,OR,25000,1,2026-08-20,2026-08-20
orestar-20250101-20260928-787cf45dc908,19050,Christine Drazan,record:f171efa95586cf0224e86b76,Rod Jones,Individual,individual,Salem,OR,25000,1,2026-09-16,2026-09-16
orestar-20250101-20260928-787cf45dc908,19050,Christine Drazan,record:f840d3e9fa79574f1bfdbedd,Ronald E Davis,Individual,individual,Gold Canyon,AZ,25000,1,2026-04-09,2026-04-09
orestar-20250101-20260928-787cf45dc908,19050,Christine Drazan,record:42fa90e63c1633bb3748a184,Ronald Tribett,Individual,individual,Carlton,OR,25000,1,2026-09-01,2026-09-01
orestar-20250101-20260928-787cf45dc908,19050,Christine Drazan,record:97829e40de9a896d8974d176,Ronard Yarbrough,Individual,individual,Canby,OR,25000,1,2026-04-24,2026-04-24
orestar-20250101-20260928-787cf45dc908,19050,Christine Drazan,record:f165e4a4afc9944b935202ce,Rosenfeld & Co,Business Entity,business,Banks,OR,25000,1,2026-04-16,2026-04-16
orestar-20250101-20260928-787cf45dc908,19050,Christine Drazan,record:b33d104282058d8a33a38fe1,Russell W Savage,Individual,individual,Lebanon,OR,25000,1,2026-09-08,2026-09-08
orestar-20250101-20260928-787cf45dc908,19050,Christine Drazan,record:e921f05a5628fd1fcab71cda,Scott Lippert,Individual,individual,Medford,OR,25000,1,2025-09-15,2025-09-15
orestar-20250101-20260928-787cf45dc908,19050,Christine Drazan,record:0877cb31445be1d8ae940ee7,Scott Sherman,Individual,individual,Happy Valley,OR,25000,6,2026-03-31,2026-07-09
orestar-20250101-20260928-787cf45dc908,19050,Christine Drazan,record:c2122b32e201beac4d7014c5,Sean Drapeau,Individual,individual,Milwaukie,OR,25000,1,2026-09-09,2026-09-09
orestar-20250101-20260928-787cf45dc908,19050,Christine Drazan,record:c00c45bd91912d70c8c70aa4,Shana M Olson,Individual,individual,Sweet Home,OR,25000,1,2026-09-16,2026-09-16
orestar-20250101-20260928-787cf45dc908,19050,Christine Drazan,record:54fad8656a031244216ba673,Sharon Pointer,Individual,individual,Monmouth,OR,25000,1,2026-08-09,2026-08-09
orestar-20250101-20260928-787cf45dc908,19050,Christine Drazan,record:a725915790522029119f7fc5,Sheryle Crowell,Individual,individual,Hermiston,OR,25000,1,2026-09-01,2026-09-01
orestar-20250101-20260928-787cf45dc908,19050,Christine Drazan,record:0a0712008353216c8f27a48d,Small World Leaning Center,Business Entity,business,Gresham,OR,25000,1,2026-08-20,2026-08-20
orestar-20250101-20260928-787cf45dc908,19050,Christine Drazan,record:d27512f0513a72cb2c3dfcd3,Spiro Sassalos,Individual,individual,Boring,OR,25000,1,2026-08-20,2026-08-20
orestar-20250101-20260928-787cf45dc908,19050,Christine Drazan,record:8e49d2373b6276ae921c9f53,Stacie Logreco,Individual,individual,Beaverton,RI,25000,1,2025-09-15,2025-09-15
orestar-20250101-20260928-787cf45dc908,19050,Christine Drazan,record:2481caac76970697786db0a7,Stanley Heath,Individual,individual,Gresham,OR,25000,1,2026-01-23,2026-01-23
orestar-20250101-20260928-787cf45dc908,19050,Christine Drazan,record:1c42accf91088a60d370a404,Stanton Sittser,Individual,individual,Boring,OR,25000,1,2026-08-13,2026-08-13
orestar-20250101-20260928-787cf45dc908,19050,Christine Drazan,record:4dc7f271d1827c3d25bf5fd8,Stephanie Alvstad,Individual,individual,Bend,OR,25000,1,2026-09-08,2026-09-08
orestar-20250101-20260928-787cf45dc908,19050,Christine Drazan,record:4024bc03b70e881cb90f2f90,Stephanie Evans,Individual,individual,Irrigon,OR,25000,1,2026-09-01,2026-09-01
orestar-20250101-20260928-787cf45dc908,19050,Christine Drazan,record:e528260f13cccad807d6dd9e,Stephanie Hubbert,Individual,individual,Bend,OR,25000,1,2025-10-27,2025-10-27
orestar-20250101-20260928-787cf45dc908,19050,Christine Drazan,record:7b8c23543155a081a1dc9da1,Stephanie Lippert,Individual,individual,Medford,OR,25000,1,2025-09-15,2025-09-15
orestar-20250101-20260928-787cf45dc908,19050,Christine Drazan,record:a24826f3f45964bcdae22551,Stephen Anderson,Individual,individual,Wilsonville,OR,25000,1,2025-12-31,2025-12-31
orestar-20250101-20260928-787cf45dc908,19050,Christine Drazan,record:4cfac389fd8e30c539ccb20c,Stephen M Andersen,Individual,individual,Portland,OR,25000,1,2026-09-08,2026-09-08
orestar-20250101-20260928-787cf45dc908,19050,Christine Drazan,record:20b3622213211e979a2ad348,Steve Harper,Individual,individual,Klamath Falls,OR,25000,1,2026-08-19,2026-08-19
orestar-20250101-20260928-787cf45dc908,19050,Christine Drazan,record:dfb503aa94c90c954dc17fb2,Steve Sommerfeld,Individual,individual,Sheridan,OR,25000,1,2025-12-05,2025-12-05
orestar-20250101-20260928-787cf45dc908,19050,Christine Drazan,record:b7bbd4b4c86c5f36f794faa8,Steven Feldkamp,Individual,individual,Roseburg,OR,25000,1,2026-01-23,2026-01-23
orestar-20250101-20260928-787cf45dc908,19050,Christine Drazan,record:174e85e2ecaa8a2c15a8f4e2,Steven Hickok,Individual,individual,Lake Oswego,OR,25000,1,2026-08-14,2026-08-14
orestar-20250101-20260928-787cf45dc908,19050,Christine Drazan,record:92d5563aaaf442bcd459e04f,Steven Proctor,Individual,individual,Queen Creek,AZ,25000,1,2026-09-01,2026-09-01
orestar-20250101-20260928-787cf45dc908,19050,Christine Drazan,record:2e5ea94549223f650a4ea89f,Steven Schmitz,Individual,individual,Boring,OR,25000,1,2026-08-13,2026-08-13
orestar-20250101-20260928-787cf45dc908,19050,Christine Drazan,record:6a03917b0a8304683a088c1f,Steven Slack,Individual,individual,Albany,OR,25000,1,2026-08-14,2026-08-14
orestar-20250101-20260928-787cf45dc908,19050,Christine Drazan,record:58fcccf27151c6e444ee865f,Steven Vangrunsven,Individual,individual,Forest Grove,OR,25000,1,2026-09-11,2026-09-11
orestar-20250101-20260928-787cf45dc908,19050,Christine Drazan,record:1e02dc94afc8af3ffee2948b,"Sunburst Fabrications, Inc.",Business Entity,business,Redmond,OR,25000,1,2026-09-08,2026-09-08
orestar-20250101-20260928-787cf45dc908,19050,Christine Drazan,record:1743bd8a93ae7413381af713,Susan Mulkey,Individual,individual,Monmouth,OR,25000,1,2026-03-16,2026-03-16
orestar-20250101-20260928-787cf45dc908,19050,Christine Drazan,record:0a2ee106f27091ef4fd00daa,Susanne Ritter,Individual,individual,Bend,OR,25000,1,2026-01-08,2026-01-08
orestar-20250101-20260928-787cf45dc908,19050,Christine Drazan,record:6b1c50c61018dcba620ebcc1,Suzette Bergeson,Individual,individual,Astoria,OR,25000,1,2026-08-17,2026-08-17
orestar-20250101-20260928-787cf45dc908,19050,Christine Drazan,record:7fc28ec7e3431f148d48ffd0,Suzy Stutes,Individual,individual,Canby,OR,25000,1,2026-05-04,2026-05-04
orestar-20250101-20260928-787cf45dc908,19050,Christine Drazan,record:907ced5fdffef2075ad1fea4,Tamra Ecker,Individual,individual,Aumsville,OR,25000,5,2026-04-10,2026-09-08
orestar-20250101-20260928-787cf45dc908,19050,Christine Drazan,record:fa841ceefdc2da253d2350fd,Terry Barnes,Individual,individual,Portland,OR,25000,1,2026-08-24,2026-08-24
orestar-20250101-20260928-787cf45dc908,19050,Christine Drazan,record:095e91a16525370900d3f73f,The Anderson Family Trust,Other,other,Wilsonville,OR,25000,1,2026-08-14,2026-08-14
orestar-20250101-20260928-787cf45dc908,19050,Christine Drazan,record:a5309c0c164c8afec7658689,The Miller Joint Trust,Other,other,Tualatin,OR,25000,1,2026-08-11,2026-08-11
orestar-20250101-20260928-787cf45dc908,19050,Christine Drazan,record:96e91eba84951b327504b164,Theodore Croce,Individual,individual,West Linn,OR,25000,1,2026-08-24,2026-08-24
orestar-20250101-20260928-787cf45dc908,19050,Christine Drazan,record:a0adad25b274e3989fb1e48f,Theresa Cliff,Individual,individual,La Pine,OR,25000,1,2026-08-05,2026-08-05
orestar-20250101-20260928-787cf45dc908,19050,Christine Drazan,record:2eac60dfb8bda81b220880da,Thomas Bunch,Individual,individual,Wilsonville,OR,25000,1,2026-09-11,2026-09-11
orestar-20250101-20260928-787cf45dc908,19050,Christine Drazan,record:9bae9322cffefce63564f7d4,Thomas Emmons,Individual,individual,Bend,OR,25000,1,2026-08-02,2026-08-02
orestar-20250101-20260928-787cf45dc908,19050,Christine Drazan,record:b938e88ec09dfb6992cf84a3,Thomas Keosababian,Individual,individual,Grants Pass,OR,25000,1,2026-01-07,2026-01-07
orestar-20250101-20260928-787cf45dc908,19050,Christine Drazan,record:939d3c67beee1595d93f7704,Thomas P Call,Individual,individual,Oregon City,OR,25000,1,2026-09-14,2026-09-14
orestar-20250101-20260928-787cf45dc908,19050,Christine Drazan,record:9cba17180dc078ded5620d94,Tim Miller,Individual,individual,Siltez,OR,25000,1,2026-05-08,2026-05-08
orestar-20250101-20260928-787cf45dc908,19050,Christine Drazan,record:56f3799327727b109729b673,Timothy Bernasek,Individual,individual,Portland,OR,25000,1,2026-04-20,2026-04-20
orestar-20250101-20260928-787cf45dc908,19050,Christine Drazan,record:d0632c2b770929e146e63ceb,Todd Keathley,Individual,individual,Gresham,OR,25000,1,2026-04-02,2026-04-02
orestar-20250101-20260928-787cf45dc908,19050,Christine Drazan,record:527b431bcd87dbd3423256cf,Town & Country Plumbing Inc.,Business Entity,business,Independence,OR,25000,1,2026-02-23,2026-02-23
orestar-20250101-20260928-787cf45dc908,19050,Christine Drazan,record:74e8389898e49921987f4c82,Vickie Heath,Individual,individual,Newberg,OR,25000,1,2026-09-22,2026-09-22
orestar-20250101-20260928-787cf45dc908,19050,Christine Drazan,record:933f75b4a0ff597787312726,Walter O'Keefe,Individual,individual,Medford,OR,25000,1,2026-05-05,2026-05-05
orestar-20250101-20260928-787cf45dc908,19050,Christine Drazan,record:4a2847c16af2d48dff3fdc5b,"Wartenbee Trucking, Inc.",Business Entity,business,Elmira,OR,25000,1,2026-03-11,2026-03-11
orestar-20250101-20260928-787cf45dc908,19050,Christine Drazan,record:488487142b2fb55d632dd158,Wendy J Pettinger,Individual,individual,Brookings,OR,25000,1,2026-01-08,2026-01-08
orestar-20250101-20260928-787cf45dc908,19050,Christine Drazan,record:d87ee7a25f5e35c5073ab42a,William Stroup,Individual,individual,Milwaukie,OR,25000,1,2026-08-31,2026-08-31
orestar-20250101-20260928-787cf45dc908,19050,Christine Drazan,record:df608e35a3d20f005082a2e7,Karen Hurd,Individual,individual,Junction City,OR,23320,5,2026-06-09,2026-09-09
orestar-20250101-20260928-787cf45dc908,19050,Christine Drazan,record:9e8c95823b5ff9c92ef22e9b,Steve Kelly,Individual,individual,Florence,OR,23108,7,2026-07-01,2026-09-24
orestar-20250101-20260928-787cf45dc908,19050,Christine Drazan,record:b3c60c559d27a0b389875212,Arlene Kovash,Individual,individual,Monmouth,OR,22500,6,2025-12-28,2026-06-30
orestar-20250101-20260928-787cf45dc908,19050,Christine Drazan,record:1a5ca8936fc3f7d0bdff66d4,Shirley McAdoo,Individual,individual,Lakeview,OR,22500,9,2025-11-15,2026-09-17
orestar-20250101-20260928-787cf45dc908,19050,Christine Drazan,record:c98e1d728a2a17189a4fe200,William Higby,Individual,individual,Albany,OR,22500,6,2026-05-05,2026-09-22
orestar-20250101-20260928-787cf45dc908,19050,Christine Drazan,record:dd6e58e7d00e3edeeab36a40,Noreen Nance,Individual,individual,Hillsboro,OR,21500,5,2026-06-17,2026-08-18
orestar-20250101-20260928-787cf45dc908,19050,Christine Drazan,record:0bca391c052395d79c156d0d,Christy Cooke,Individual,individual,Newberg,OR,21000,2,2025-08-27,2025-08-27
orestar-20250101-20260928-787cf45dc908,19050,Christine Drazan,record:fb9380bf666c514f31a3c9eb,Robert Young,Individual,individual,Lyons,OR,21000,6,2026-07-21,2026-09-21
orestar-20250101-20260928-787cf45dc908,19050,Christine Drazan,record:dfa0ee6b89774255fc89805d,Thomas Walker,Individual,individual,Estacada,OR,21000,12,2025-12-28,2026-08-02
orestar-20250101-20260928-787cf45dc908,19050,Christine Drazan,record:87fcb67f44bb85fc7d425166,Alan Leach,Individual,individual,Bay City,OR,20820,2,2026-04-14,2026-05-03
orestar-20250101-20260928-787cf45dc908,19050,Christine Drazan,record:76fa78f67227afcd303b9db1,Angela Edge,Individual,individual,Wilsonville,OR,20820,4,2026-06-23,2026-09-22
orestar-20250101-20260928-787cf45dc908,19050,Christine Drazan,record:400c5f87daf0f622c3fe5882,Brian Johnston,Individual,individual,Hood River,OR,20820,2,2026-08-18,2026-09-23
orestar-20250101-20260928-787cf45dc908,19050,Christine Drazan,record:79c325990c62e8b67d7dee5e,Brian Newton,Individual,individual,Tigard,OR,20820,1,2026-08-18,2026-08-18
orestar-20250101-20260928-787cf45dc908,19050,Christine Drazan,record:d6eaf47a04ff8ace42b44ced,Calvin Reno,Individual,individual,Lake Oswego,OR,20820,1,2026-08-03,2026-08-03
orestar-20250101-20260928-787cf45dc908,19050,Christine Drazan,record:67aa3a3089379af001dbe7ab,Debbie Homme,Individual,individual,Deland,FL,20820,1,2026-06-09,2026-06-09
orestar-20250101-20260928-787cf45dc908,19050,Christine Drazan,record:62d4b2e436735f2eb92924f4,Evonne Kimball,Individual,individual,Keizer,OR,20820,1,2026-09-20,2026-09-20
orestar-20250101-20260928-787cf45dc908,19050,Christine Drazan,record:b1f0a358f93742fceebbebc9,Gregory Manning,Individual,individual,Portland,OR,20820,1,2026-04-06,2026-04-06
orestar-20250101-20260928-787cf45dc908,19050,Christine Drazan,record:f1f3413a41ac0d3840e5b11a,Heidi Klein,Individual,individual,West Linn,OR,20820,1,2026-08-18,2026-08-18
orestar-20250101-20260928-787cf45dc908,19050,Christine Drazan,record:4fe9af6eb1c5c2bc5a587068,Jeff Likens,Individual,individual,Portland,OR,20820,2,2026-05-12,2026-05-12
orestar-20250101-20260928-787cf45dc908,19050,Christine Drazan,record:8795d5d40d3f9124310bcf5d,Jim Camin,Individual,individual,Beaverton,OR,20820,2,2026-03-16,2026-08-04
orestar-20250101-20260928-787cf45dc908,19050,Christine Drazan,record:f9e9e0f82d89445cd1538871,Kathy Palmer,Individual,individual,Eagle Creek,OR,20820,1,2026-09-09,2026-09-09
orestar-20250101-20260928-787cf45dc908,19050,Christine Drazan,record:ef39096230b159447dbb1c48,Kimberly Thornbury,Individual,individual,Vancouver,WA,20820,2,2025-11-03,2026-04-27
orestar-20250101-20260928-787cf45dc908,19050,Christine Drazan,record:648932281e3f4cb1423fa078,Mitch Pace,Individual,individual,,,20820,1,2026-09-03,2026-09-03
orestar-20250101-20260928-787cf45dc908,19050,Christine Drazan,record:ffe58454345aeaedb6251499,Nancy Breen,Individual,individual,West Linn,OR,20820,2,2026-05-14,2026-08-30
orestar-20250101-20260928-787cf45dc908,19050,Christine Drazan,record:9c9f6003c59541e0627f5ea7,Richard Bath,Individual,individual,Central Point,OR,20820,2,2025-12-23,2026-09-07
orestar-20250101-20260928-787cf45dc908,19050,Christine Drazan,record:5431608bec3b48d2eb30a47e,Ron Kutch,Individual,individual,North Bend,OR,20820,2,2025-12-31,2026-08-12
orestar-20250101-20260928-787cf45dc908,19050,Christine Drazan,record:bbbffee700b21dd11185594e,Steve McClelland,Individual,individual,Cove,OR,20820,2,2026-07-29,2026-09-14
orestar-20250101-20260928-787cf45dc908,19050,Christine Drazan,record:9109acf0a100bfe2959a8ccf,Steven Weed,Individual,individual,Gearhart,OR,20820,1,2026-08-25,2026-08-25
orestar-20250101-20260928-787cf45dc908,19050,Christine Drazan,record:502dfd8655d42c49043e97fc,Todd Johnson,Individual,individual,Tillamook,OR,20820,2,2026-07-05,2026-09-09
orestar-20250101-20260928-787cf45dc908,19050,Christine Drazan,record:ee84edcad40192715a93e106,Charles Froelick,Individual,individual,Portland,OR,20615,2,2026-08-02,2026-09-16
orestar-20250101-20260928-787cf45dc908,19050,Christine Drazan,record:2225178bebd9b9ec404860a3,Carolyn Harper,Individual,individual,Philomath,OR,20410,2,2026-04-26,2026-05-25
orestar-20250101-20260928-787cf45dc908,19050,Christine Drazan,record:9f525a5433b91071ca9c81d3,Dave Schulberg,Individual,individual,West Linn,OR,20410,2,2026-07-09,2026-09-09
orestar-20250101-20260928-787cf45dc908,19050,Christine Drazan,record:e22a7e2c513fa3dbf13764d4,Douglas Rovianek,Individual,individual,Hood River,OR,20410,2,2026-05-12,2026-09-14
orestar-20250101-20260928-787cf45dc908,19050,Christine Drazan,record:16a0f800d018ec1b6a9183ea,Ed Higgins,Individual,individual,Aumsville,OR,20410,2,2026-06-02,2026-09-27
orestar-20250101-20260928-787cf45dc908,19050,Christine Drazan,record:cb6654cafd6d4673de15871b,Glenn Peleti,Individual,individual,Roy,UT,20410,2,2026-07-19,2026-09-22
orestar-20250101-20260928-787cf45dc908,19050,Christine Drazan,record:fa55fd320a6d8949f7b13585,Henry Weldon,Individual,individual,Portland,OR,20410,6,2026-06-02,2026-09-22
orestar-20250101-20260928-787cf45dc908,19050,Christine Drazan,record:935beac7c78d4e80ba14e470,John Richard Rohal,Individual,individual,Beaverton,OR,20410,2,2026-08-14,2026-08-26
orestar-20250101-20260928-787cf45dc908,19050,Christine Drazan,record:fc5723f20ff3c898da0bfe37,John Tebb,Individual,individual,Mcminnville,OR,20410,2,2025-11-03,2026-09-07
orestar-20250101-20260928-787cf45dc908,19050,Christine Drazan,record:76609babf5b2563fb8fffbf8,Kaycee Wheelan,Individual,individual,Oakland,OR,20410,2,2026-09-01,2026-09-24
orestar-20250101-20260928-787cf45dc908,19050,Christine Drazan,record:241ee77ce171367683809697,Kevin White,Individual,individual,Tigard,OR,20410,2,2026-08-11,2026-09-09
orestar-20250101-20260928-787cf45dc908,19050,Christine Drazan,record:8f093a91e98324046398d484,Linda West,Individual,individual,Medford,OR,20410,2,2026-09-03,2026-09-03
orestar-20250101-20260928-787cf45dc908,19050,Christine Drazan,record:cd092facf5b26d05fd7970ae,Paul Lauritzon,Individual,individual,Portland,OR,20410,2,2025-12-08,2025-12-24
orestar-20250101-20260928-787cf45dc908,19050,Christine Drazan,record:64cb24028fb8b434c5235d4e,Sharon Lichti,Individual,individual,Albany,OR,20410,2,2026-08-11,2026-09-08
orestar-20250101-20260928-787cf45dc908,19050,Christine Drazan,record:521bf3f4f9f5e5cfa9a15490,Shawn Peterson,Individual,individual,Ontario,OR,20410,2,2026-08-13,2026-09-10
orestar-20250101-20260928-787cf45dc908,19050,Christine Drazan,record:f78460cc4a94625650ed8a7e,Suzanne Casey Pyle,Individual,individual,Portland,OR,20410,2,2026-07-26,2026-09-16
orestar-20250101-20260928-787cf45dc908,19050,Christine Drazan,record:b45cddad49913c54f3fefee5,Warren Foote,Individual,individual,Salem,OR,20410,2,2026-08-11,2026-09-08
orestar-20250101-20260928-787cf45dc908,19050,Christine Drazan,record:b36ac922f810c15b1a51cfc9,Macey Wessels,Individual,individual,Scio,OR,20200,2,2026-02-09,2026-02-09
orestar-20250101-20260928-787cf45dc908,19050,Christine Drazan,record:cd50225cc15d486fbee280a8,Jacquetta Varner,Individual,individual,Roseburg,OR,20003,1,2026-05-12,2026-05-12
orestar-20250101-20260928-787cf45dc908,19050,Christine Drazan,record:13d71d263a5b669efcd39732,Allan Crandall,Individual,individual,Oregon City,OR,20000,2,2026-08-07,2026-08-24
orestar-20250101-20260928-787cf45dc908,19050,Christine Drazan,record:5d4e33f6688c7b228c610a7d,Anita Peterson-Lynn,Individual,individual,Portland,OR,20000,2,2026-07-17,2026-08-24
orestar-20250101-20260928-787cf45dc908,19050,Christine Drazan,record:ba422229fb36b9bd05cd336c,Aron Thomas,Individual,individual,Corvallis,OR,20000,1,2026-05-03,2026-05-03
orestar-20250101-20260928-787cf45dc908,19050,Christine Drazan,record:53232863230e85112db56246,Benjamin Masengil,Individual,individual,Junction City,OR,20000,2,2026-07-01,2026-07-15
orestar-20250101-20260928-787cf45dc908,19050,Christine Drazan,record:7d87a9931611d6a9f5f07660,Brad Nosler,Individual,individual,Portland,OR,20000,1,2026-08-09,2026-08-09
orestar-20250101-20260928-787cf45dc908,19050,Christine Drazan,record:f60ecb2336737184cc4c7491,Bradford Poston,Individual,individual,Washington,DC,20000,1,2026-06-03,2026-06-03
orestar-20250101-20260928-787cf45dc908,19050,Christine Drazan,record:7d588f880d037cc4a302925d,Bruce Flatt,Individual,individual,Cove,OR,20000,1,2026-09-11,2026-09-11
orestar-20250101-20260928-787cf45dc908,19050,Christine Drazan,record:529a990c433a11f2f351b01f,Cathy McLean,Individual,individual,Independence,OR,20000,1,2025-11-06,2025-11-06
orestar-20250101-20260928-787cf45dc908,19050,Christine Drazan,record:db0773c3bd7c95e96d6ff58c,Celia L Jones,Individual,individual,Roseburg,OR,20000,1,2026-08-31,2026-08-31
orestar-20250101-20260928-787cf45dc908,19050,Christine Drazan,record:8029651a36a7f0e9b4fb0b9f,Corrine Oberlin,Individual,individual,Philomath,OR,20000,2,2026-02-17,2026-03-17
orestar-20250101-20260928-787cf45dc908,19050,Christine Drazan,record:60963dce5e9c3f2a7170614a,Craig Hubler,Individual,individual,Portland,OR,20000,4,2026-06-02,2026-09-02
orestar-20250101-20260928-787cf45dc908,19050,Christine Drazan,record:ea6a8858069e37dd559c8e67,Daniel Nizich,Individual,individual,Wilsonville,OR,20000,2,2026-04-16,2026-08-07
orestar-20250101-20260928-787cf45dc908,19050,Christine Drazan,record:56159b656cba4870087417fd,Darly M Bedient,Individual,individual,Tualatin,OR,20000,1,2026-04-30,2026-04-30
orestar-20250101-20260928-787cf45dc908,19050,Christine Drazan,record:0a661f5a1817a686e54fb912,Douglas Kaup,Individual,individual,Astoria,OR,20000,1,2026-09-04,2026-09-04
orestar-20250101-20260928-787cf45dc908,19050,Christine Drazan,record:0bd183ed2ac46d381954c8d1,Edwin Prather,Individual,individual,Lebanon,OR,20000,1,2026-08-14,2026-08-14
orestar-20250101-20260928-787cf45dc908,19050,Christine Drazan,record:f7f34c9a5fd7ec521abc62e1,Erwin Weichel,Individual,individual,West Linn,OR,20000,1,2026-08-14,2026-08-14
orestar-20250101-20260928-787cf45dc908,19050,Christine Drazan,record:a3dba26e0ad96e7703151e7f,Gail Taylor,Individual,individual,North Plains,OR,20000,1,2026-09-01,2026-09-01
orestar-20250101-20260928-787cf45dc908,19050,Christine Drazan,record:fa64fffaa71a4fcde6f6b358,Gale Nelson,Individual,individual,Aurora,OR,20000,1,2026-02-06,2026-02-06
orestar-20250101-20260928-787cf45dc908,19050,Christine Drazan,record:8c877e521e6b9f3f5e512adb,Gary Rowden,Individual,individual,Grants Pass,OR,20000,2,2026-08-18,2026-09-15
orestar-20250101-20260928-787cf45dc908,19050,Christine Drazan,record:ef427a660725db8efa6b69af,George Lampus,Individual,individual,Portland,OR,20000,2,2026-08-17,2026-09-15
orestar-20250101-20260928-787cf45dc908,19050,Christine Drazan,record:7730b3944dc23e7817e59950,George Meyer,Individual,individual,Jefferson,OR,20000,1,2026-09-04,2026-09-04
orestar-20250101-20260928-787cf45dc908,19050,Christine Drazan,record:e55a8c9cc8ea8db60f415e09,Glenn Hayter,Individual,individual,West Linn,OR,20000,1,2026-08-10,2026-08-10
orestar-20250101-20260928-787cf45dc908,19050,Christine Drazan,record:3d319825751495d81fe69b77,Greg Goad,Individual,individual,Pendleton,OR,20000,1,2026-09-16,2026-09-16
orestar-20250101-20260928-787cf45dc908,19050,Christine Drazan,record:406b02856fbf9d06e1622306,Guy Weishaar,Individual,individual,La Grande,OR,20000,1,2026-09-04,2026-09-04
orestar-20250101-20260928-787cf45dc908,19050,Christine Drazan,record:77e07159d6b5ed68eb715258,Harley Eckles,Individual,individual,Hermiston,OR,20000,1,2026-09-08,2026-09-08
orestar-20250101-20260928-787cf45dc908,19050,Christine Drazan,record:35645710279db5d75b455466,Isaacson Living Trust,Other,other,Banks,OR,20000,1,2026-09-11,2026-09-11
orestar-20250101-20260928-787cf45dc908,19050,Christine Drazan,record:681256e8554b5573fa90c1f2,James A Lee,Individual,individual,Winchester,OR,20000,1,2026-04-24,2026-04-24
orestar-20250101-20260928-787cf45dc908,19050,Christine Drazan,record:b6dac3d689ccd490d197f5ce,James Dille,Individual,individual,Milwaukie,OR,20000,1,2026-09-15,2026-09-15
orestar-20250101-20260928-787cf45dc908,19050,Christine Drazan,record:a4e10fff22a126fed07237ad,Jammie Wutzke,Individual,individual,Albany,OR,20000,1,2025-12-18,2025-12-18
orestar-20250101-20260928-787cf45dc908,19050,Christine Drazan,record:7ecfc86a38c9aa5bc28490c8,Janis G Brotherton,Individual,individual,Grants Pass,OR,20000,1,2026-01-06,2026-01-06
orestar-20250101-20260928-787cf45dc908,19050,Christine Drazan,record:0c4e7e5e563f9d10c62a8c7a,Jeff Gray,Individual,individual,Grants Pass,OR,20000,2,2026-08-17,2026-09-15
orestar-20250101-20260928-787cf45dc908,19050,Christine Drazan,record:c936b42ee7374691361eb2c2,Jeff Renard,Individual,individual,The Dalles,OR,20000,2,2026-03-03,2026-03-31
orestar-20250101-20260928-787cf45dc908,19050,Christine Drazan,record:46c6131cad19b383b264740f,Jeffrey Nopper,Individual,individual,Portland,OR,20000,1,2026-09-11,2026-09-11
orestar-20250101-20260928-787cf45dc908,19050,Christine Drazan,record:beaef809edb20203399c7125,Jerry King,Individual,individual,Tulelake,CA,20000,2,2026-08-02,2026-09-01
orestar-20250101-20260928-787cf45dc908,19050,Christine Drazan,record:4c1499b99b266f0ead75485b,John Clemson,Individual,individual,Aurora,OR,20000,1,2026-09-03,2026-09-03
orestar-20250101-20260928-787cf45dc908,19050,Christine Drazan,record:8afa4414fa14c713c51952b7,"John Gradt, Sr",Individual,individual,Silverton,OR,20000,2,2026-08-09,2026-09-27
orestar-20250101-20260928-787cf45dc908,19050,Christine Drazan,record:109133847363e75925b0b7a4,John Leszar,Individual,individual,Redmond,OR,20000,1,2026-01-26,2026-01-26
orestar-20250101-20260928-787cf45dc908,19050,Christine Drazan,record:c17759127f8adf88822e3d75,Joseph Eskew,Individual,individual,Oregon City,OR,20000,2,2026-06-02,2026-09-01
orestar-20250101-20260928-787cf45dc908,19050,Christine Drazan,record:59106f31b70053c3e6ce33a4,Joseph LaVerdure,Individual,individual,Pendleton,OR,20000,1,2026-01-12,2026-01-12
orestar-20250101-20260928-787cf45dc908,19050,Christine Drazan,record:b6473b88d627c301f517a1bb,Judi Smith,Individual,individual,Wilsonville,OR,20000,1,2026-08-07,2026-08-07
orestar-20250101-20260928-787cf45dc908,19050,Christine Drazan,record:32e0e26b204e8f74ac5c7ffc,Julie Oerding,Individual,individual,Canby,OR,20000,2,2026-08-20,2026-09-22
orestar-20250101-20260928-787cf45dc908,19050,Christine Drazan,record:9457008d47c0442d661abecc,Karen Bragato,Individual,individual,Hermiston,OR,20000,2,2026-04-10,2026-09-01
orestar-20250101-20260928-787cf45dc908,19050,Christine Drazan,record:faba710a9f3b6e73c019a02b,Ken Neubauer,Individual,individual,Cornelius,OR,20000,2,2026-08-04,2026-09-02
orestar-20250101-20260928-787cf45dc908,19050,Christine Drazan,record:f2f6af36b9a23c8fde123f83,"Kennth H Funk, II",Individual,individual,Corvallis,OR,20000,1,2026-08-17,2026-08-17
orestar-20250101-20260928-787cf45dc908,19050,Christine Drazan,record:86eef7d9599387e61c1d1a91,Kevin Gage,Individual,individual,Salem,OR,20000,1,2026-09-24,2026-09-24
orestar-20250101-20260928-787cf45dc908,19050,Christine Drazan,record:5941225bca9f4a6c3a0dc193,Kevin Moore,Individual,individual,Tualatin,OR,20000,1,2026-08-10,2026-08-10
orestar-20250101-20260928-787cf45dc908,19050,Christine Drazan,record:c36cdf07946495b43a2a1422,Larry Benson,Individual,individual,Sisters,OR,20000,1,2026-08-31,2026-08-31
orestar-20250101-20260928-787cf45dc908,19050,Christine Drazan,record:d3e470aa75e0636731c1e6e3,Larry Hyatt,Individual,individual,Albany,OR,20000,4,2026-05-08,2026-09-18
orestar-20250101-20260928-787cf45dc908,19050,Christine Drazan,record:a3d80727e7d589dbf733c06d,Larry Perkins,Individual,individual,Astoria,OR,20000,1,2026-09-08,2026-09-08
orestar-20250101-20260928-787cf45dc908,19050,Christine Drazan,record:d569869e6647babec086ad4e,Lauretta Davies,Individual,individual,Bend,OR,20000,2,2026-08-04,2026-09-03
orestar-20250101-20260928-787cf45dc908,19050,Christine Drazan,record:6beab155d9e390db5f0b587e,Leeann Cook,Individual,individual,Forest Grove,OR,20000,1,2026-08-18,2026-08-18
orestar-20250101-20260928-787cf45dc908,19050,Christine Drazan,record:3a63a34480062002efbfb59d,Linda Tasker,Individual,individual,Aurora,OR,20000,4,2026-06-02,2026-09-02
orestar-20250101-20260928-787cf45dc908,19050,Christine Drazan,record:a7a61ff8e8c86cae9e58541e,Linda Zimmerman,Individual,individual,Wilsonville,OR,20000,2,2026-06-23,2026-09-08
orestar-20250101-20260928-787cf45dc908,19050,Christine Drazan,record:2a434abd6690c5ffda5712ab,Lisa Blumenfeld,Individual,individual,Beaverton,OR,20000,2,2026-03-03,2026-03-31
orestar-20250101-20260928-787cf45dc908,19050,Christine Drazan,record:fc6d42778aaf4492d059ba6d,Lynn Harris,Individual,individual,Hillsboro,OR,20000,1,2026-09-11,2026-09-11
orestar-20250101-20260928-787cf45dc908,19050,Christine Drazan,record:5dd20a80b6c8caf929d71b78,Marc Nelson,Individual,individual,Monmouth,OR,20000,1,2026-09-09,2026-09-09
orestar-20250101-20260928-787cf45dc908,19050,Christine Drazan,record:bcba76661bad8eaa7c7a5711,Marie A Ciechanowski,Individual,individual,Wilsonville,OR,20000,1,2026-09-01,2026-09-01
orestar-20250101-20260928-787cf45dc908,19050,Christine Drazan,record:89c85af1997297e83760bff8,Mark DeLapp,Individual,individual,Portland,OR,20000,1,2025-07-18,2025-07-18
orestar-20250101-20260928-787cf45dc908,19050,Christine Drazan,record:3eaa7ff7a717876824961328,Mark Huffman,Individual,individual,Bend,OR,20000,2,2026-07-02,2026-08-10
orestar-20250101-20260928-787cf45dc908,19050,Christine Drazan,record:1c63861ba23be859d51d59f6,Marvin L Cowley,Individual,individual,Eugene,OR,20000,1,2026-09-04,2026-09-04
orestar-20250101-20260928-787cf45dc908,19050,Christine Drazan,record:3393c63d523dbd178e561efb,Michael Nelson,Individual,individual,Vale,OR,20000,1,2026-09-09,2026-09-09
orestar-20250101-20260928-787cf45dc908,19050,Christine Drazan,record:9546fbfb5c33afd1845bd828,Michael Wheeler,Individual,individual,Salem,OR,20000,1,2026-08-06,2026-08-06
orestar-20250101-20260928-787cf45dc908,19050,Christine Drazan,record:ef27f0386cfa07b3efd85f00,Micheal Dunn,Individual,individual,Powell Butte,OR,20000,1,2026-08-14,2026-08-14
orestar-20250101-20260928-787cf45dc908,19050,Christine Drazan,record:0e327076896e2ae20b88cbb3,Michelle Blethweber,Individual,individual,Dallas,OR,20000,3,2026-08-04,2026-09-20
orestar-20250101-20260928-787cf45dc908,19050,Christine Drazan,record:7b81ad4546b19689e0241497,Mike Carbaugh,Individual,individual,Mill City,OR,20000,1,2026-09-08,2026-09-08
orestar-20250101-20260928-787cf45dc908,19050,Christine Drazan,record:bc80cec3b632511a716bfd17,"Millicent A Burton-Funk, II",Individual,individual,Corvallis,OR,20000,1,2026-08-17,2026-08-17
orestar-20250101-20260928-787cf45dc908,19050,Christine Drazan,record:d78195a3d0dffda403c39fcd,Nicole Nystrom,Individual,individual,Monroe,OR,20000,1,2026-09-23,2026-09-23
orestar-20250101-20260928-787cf45dc908,19050,Christine Drazan,record:d3f693517af61692e81586ed,Norman Ralston,Individual,individual,Hillsboro,OR,20000,1,2026-01-15,2026-01-15
orestar-20250101-20260928-787cf45dc908,19050,Christine Drazan,record:00391409fc8f6b107a7545e5,Patti Strand,Individual,individual,Portland,OR,20000,2,2026-08-16,2026-09-15
orestar-20250101-20260928-787cf45dc908,19050,Christine Drazan,record:eb3fb18fe623bc66e58e77af,Paul Hegstrom,Individual,individual,Keizer,OR,20000,2,2026-04-09,2026-09-08
orestar-20250101-20260928-787cf45dc908,19050,Christine Drazan,record:f361b48824284a125cd70083,Paul Overgaard,Individual,individual,Portland,OR,20000,1,2026-05-11,2026-05-11
orestar-20250101-20260928-787cf45dc908,19050,Christine Drazan,record:bdaf5bed1fdde18e2faafd93,Ricahrd Fairclo,Individual,individual,Harisburg,OR,20000,1,2026-08-28,2026-08-28
orestar-20250101-20260928-787cf45dc908,19050,Christine Drazan,record:20db4a6b1db5d3961651b3ff,Richard Clarke,Individual,individual,Roseburg,OR,20000,2,2026-04-14,2026-09-24
orestar-20250101-20260928-787cf45dc908,19050,Christine Drazan,record:f9f18387a200c1a71bf2678c,Richard Perdue,Individual,individual,Albany,OR,20000,2,2026-09-03,2026-09-03
orestar-20250101-20260928-787cf45dc908,19050,Christine Drazan,record:b0b01a2c370825131751e0fd,Rick Jacobson,Individual,individual,Lake Oswego,OR,20000,1,2026-08-24,2026-08-24
orestar-20250101-20260928-787cf45dc908,19050,Christine Drazan,record:aa796cafe7babd21d53e82fd,Robert (Bob) Siegmund,Individual,individual,Eugene,OR,20000,2,2025-10-31,2026-08-10
orestar-20250101-20260928-787cf45dc908,19050,Christine Drazan,record:0ace5214922d0bbd0c31fd75,Robert Byrd,Individual,individual,Bend,OR,20000,1,2026-05-06,2026-05-06
orestar-20250101-20260928-787cf45dc908,19050,Christine Drazan,record:18b185a6f67e436c085f6e55,Robert Mark Semet,Individual,individual,Aloha,OR,20000,1,2026-08-14,2026-08-14
orestar-20250101-20260928-787cf45dc908,19050,Christine Drazan,record:b0014eba6ef4171fe2d54f56,Robert McLyman,Individual,individual,Marcola,CA,20000,2,2026-07-01,2026-08-02
orestar-20250101-20260928-787cf45dc908,19050,Christine Drazan,record:c13783c372d4a32325e3217d,Roberta McCluskey,Individual,individual,Springfield,OR,20000,1,2026-09-21,2026-09-21
orestar-20250101-20260928-787cf45dc908,19050,Christine Drazan,record:2a931c11dfd4ca7a2cc53b15,Ronald (Ron) Nance,Individual,individual,North Bend,OR,20000,2,2026-04-14,2026-08-14
orestar-20250101-20260928-787cf45dc908,19050,Christine Drazan,record:2676d951ea669f01a04e700f,Ronna Chandler,Individual,individual,Salem,OR,20000,1,2025-12-31,2025-12-31
orestar-20250101-20260928-787cf45dc908,19050,Christine Drazan,record:b34456cd54c0336e4e694b3f,Rosalyn Greenburg,Individual,individual,Borgin,OR,20000,1,2026-04-28,2026-04-28
orestar-20250101-20260928-787cf45dc908,19050,Christine Drazan,record:125329f17bcf036af1e66853,Russell Rotter,Individual,individual,West Linn,OR,20000,1,2026-09-02,2026-09-02
orestar-20250101-20260928-787cf45dc908,19050,Christine Drazan,record:ddad4be4543b7c0ab2d0ebf9,Scott Deboy,Individual,individual,Portland,OR,20000,1,2026-09-01,2026-09-01
orestar-20250101-20260928-787cf45dc908,19050,Christine Drazan,record:f8f38482b09deed6306e18d1,Scott Hege,Individual,individual,The Dalles,OR,20000,1,2026-08-19,2026-08-19
orestar-20250101-20260928-787cf45dc908,19050,Christine Drazan,record:8b9d342b506b9e5c5c8b69e4,Sherry Rosenfeld,Individual,individual,Banks,OR,20000,1,2026-09-08,2026-09-08
orestar-20250101-20260928-787cf45dc908,19050,Christine Drazan,record:5a2ccc4d2bd780fedbebd177,Shirley Nelson,Individual,individual,Prineville,OR,20000,2,2025-10-16,2025-11-15
orestar-20250101-20260928-787cf45dc908,19050,Christine Drazan,record:e2aeef979aa1265c859495e2,Steven A Pergin,Individual,individual,Rogue River,OR,20000,1,2026-09-11,2026-09-11
orestar-20250101-20260928-787cf45dc908,19050,Christine Drazan,record:74ae317218a83ddf14553743,Tammy Ahalt,Individual,individual,Klamath Falls,OR,20000,1,2026-07-15,2026-07-15
orestar-20250101-20260928-787cf45dc908,19050,Christine Drazan,record:2f9a75a1147b9014b5ad0989,Tara Wayland,Individual,individual,Hillsboro,OR,20000,2,2026-07-02,2026-08-19
orestar-20250101-20260928-787cf45dc908,19050,Christine Drazan,record:ab26a1ff9b1cf6762716d5c1,Theresa Schwarz,Individual,individual,Madras,OR,20000,1,2026-08-13,2026-08-13
orestar-20250101-20260928-787cf45dc908,19050,Christine Drazan,record:6fc6d7797f514b3235dfcda3,Thomas Edmiston,Individual,individual,Salem,OR,20000,1,2026-09-04,2026-09-04
orestar-20250101-20260928-787cf45dc908,19050,Christine Drazan,record:a1ee09085b2f6d870a914b79,Thomas J Minihan,Individual,individual,Warrenton,OR,20000,1,2026-08-17,2026-08-17
orestar-20250101-20260928-787cf45dc908,19050,Christine Drazan,record:3ae2e11f95ea7bcf2a88638b,Tony Nova,Individual,individual,Albany,OR,20000,4,2026-06-02,2026-09-02
orestar-20250101-20260928-787cf45dc908,19050,Christine Drazan,record:06d6ad296398b1d6046b69b4,Valerie Parker,Individual,individual,Wilsonville,OR,20000,2,2026-07-29,2026-08-31
orestar-20250101-20260928-787cf45dc908,19050,Christine Drazan,record:130389ed91c9a950b88ee5df,Walter T Oakley,Individual,individual,Damascus,OR,20000,2,2026-08-17,2026-09-04
orestar-20250101-20260928-787cf45dc908,19050,Christine Drazan,record:3653dbfeed696da357823eb8,Warren Wiley,Individual,individual,Klamath Falls,OR,20000,1,2026-05-06,2026-05-06
orestar-20250101-20260928-787cf45dc908,19050,Christine Drazan,record:4f829fd6700b279f896c734b,Larry Miles,Individual,individual,Keizer,OR,19500,9,2025-12-15,2026-09-17
orestar-20250101-20260928-787cf45dc908,19050,Christine Drazan,record:6c167b5fc47259ea83c7f7a9,Vladimir Zaharchook Williams,Individual,individual,Portland,OR,19024,4,2026-07-01,2026-09-01
orestar-20250101-20260928-787cf45dc908,19050,Christine Drazan,record:7755247d10b201893e87842f,Natasha Atkinson,Individual,individual,Sutherlin,OR,19015,4,2026-06-30,2026-09-17
orestar-20250101-20260928-787cf45dc908,19050,Christine Drazan,record:408a933a1c219ea95e69af7b,Paul Heatherman,Individual,individual,Bend,OR,18516,6,2026-08-04,2026-09-23
orestar-20250101-20260928-787cf45dc908,19050,Christine Drazan,record:93fedc67e6bfffc70f648ec0,Gary Groff,Individual,individual,Boring,OR,18500,3,2026-06-23,2026-08-31
orestar-20250101-20260928-787cf45dc908,19050,Christine Drazan,record:5ee4fbfc1e3952757458a059,Kyle Warner,Individual,individual,Portland,OR,18300,2,2026-05-21,2026-07-30
orestar-20250101-20260928-787cf45dc908,19050,Christine Drazan,record:670043a02770133c5bb12281,Cheryl Belozer,Individual,individual,Milwaukie,OR,18110,3,2026-05-21,2026-09-24
orestar-20250101-20260928-787cf45dc908,19050,Christine Drazan,record:9aa2302428771e69bfd071eb,Larry Fenstermaker,Individual,individual,Florence,OR,18000,18,2026-07-21,2026-09-27
orestar-20250101-20260928-787cf45dc908,19050,Christine Drazan,record:2af2ec4a2eea93099bac688b,Alan Benway,Individual,individual,Brookings,OR,17910,3,2026-04-16,2026-08-25
orestar-20250101-20260928-787cf45dc908,19050,Christine Drazan,record:7b0b92bb53b8a4b40c8d9337,Steven Hopkins,Individual,individual,Gresham,OR,17575,9,2026-07-15,2026-09-22
orestar-20250101-20260928-787cf45dc908,19050,Christine Drazan,record:116a73ab99d14b4a5432f9e6,Bonnie Atkinson,Individual,individual,Myrtle Creek,OR,17500,4,2026-06-09,2026-09-15
orestar-20250101-20260928-787cf45dc908,19050,Christine Drazan,record:3dc41a21465da105383ca344,Helen Campbell,Individual,individual,Sherwood,OR,17500,7,2026-03-31,2026-09-16
orestar-20250101-20260928-787cf45dc908,19050,Christine Drazan,record:2b25d13549c1b8963b38709f,Laurence Getzoff,Individual,individual,Lake Oswego,OR,17500,3,2025-10-27,2026-09-07
orestar-20250101-20260928-787cf45dc908,19050,Christine Drazan,record:837c22420ae90ae5b1a1f9db,Leif Lindseth,Individual,individual,Aurora,OR,17500,1,2026-09-08,2026-09-08
orestar-20250101-20260928-787cf45dc908,19050,Christine Drazan,record:cbd4fd384fda0e4c36119d80,Troy Sinn,Individual,individual,Salem,OR,17400,2,2026-08-12,2026-08-12
orestar-20250101-20260928-787cf45dc908,19050,Christine Drazan,record:358dc67b1220518e992170ba,Jeffrey Van Laanen,Individual,individual,Salem,OR,17200,1,2026-08-13,2026-08-13
orestar-20250101-20260928-787cf45dc908,19050,Christine Drazan,record:07bba355ac174c1289beccdd,Patricia Frahler,Individual,individual,Portland,OR,17000,2,2026-01-12,2026-08-20
orestar-20250101-20260928-787cf45dc908,19050,Christine Drazan,record:b8150c1c73e131960f9cc5dd,Ron Cozad,Individual,individual,Bend,OR,16500,11,2026-04-21,2026-09-27
orestar-20250101-20260928-787cf45dc908,19050,Christine Drazan,record:e5aa3da979815ac16d490545,Darlene Dick,Individual,individual,Portland,OR,16016,9,2026-07-22,2026-09-22
orestar-20250101-20260928-787cf45dc908,19050,Christine Drazan,record:018522be959d463335a5a3b2,David Gilreath,Individual,individual,Bend,OR,16016,4,2026-08-02,2026-09-01
orestar-20250101-20260928-787cf45dc908,19050,Christine Drazan,record:8972441dce981640cb864368,Terri Gesik,Individual,individual,Canby,OR,16000,8,2026-03-03,2026-08-30
orestar-20250101-20260928-787cf45dc908,19050,Christine Drazan,record:0ed457eb47cd8deec13b7ab1,Rob Perry,Individual,individual,Boring,OR,15910,2,2025-10-27,2026-09-10
orestar-20250101-20260928-787cf45dc908,19050,Christine Drazan,record:2f4f89b0689f587971ba6eb9,"Joseph Freitas, III",Individual,individual,La Pine,OR,15829,1,2026-01-15,2026-01-15
orestar-20250101-20260928-787cf45dc908,19050,Christine Drazan,record:620bdfcfdf57e90b2dc08c00,Chrisadler Adler,Individual,individual,Ashland,OR,15615,1,2026-07-28,2026-07-28
orestar-20250101-20260928-787cf45dc908,19050,Christine Drazan,record:11e475b130c190c1f967cfac,Janene Brown,Individual,individual,Medford,OR,15615,2,2026-04-19,2026-08-18
orestar-20250101-20260928-787cf45dc908,19050,Christine Drazan,record:ed512941331637625412c991,Jim Forrester,Individual,individual,Astoria,OR,15615,1,2026-09-09,2026-09-09
orestar-20250101-20260928-787cf45dc908,19050,Christine Drazan,record:6f9684620d82b1a0c07e3eec,Kay Wolfe,Individual,individual,Portland,OR,15615,3,2026-08-25,2026-09-23
orestar-20250101-20260928-787cf45dc908,19050,Christine Drazan,record:d5061f27765b81cec411805d,Tim Geoghegan,Individual,individual,Lebanon,OR,15615,1,2026-09-14,2026-09-14
orestar-20250101-20260928-787cf45dc908,19050,Christine Drazan,record:7f47279b5c76252124c8dc19,Erik Gellatly,Individual,individual,West Linn,OR,15610,2,2026-07-26,2026-09-22
orestar-20250101-20260928-787cf45dc908,19050,Christine Drazan,record:e1636bf4e292aa7d4c3a36d8,Douglas Rosenburg,Individual,individual,Grants Pass,OR,15508,9,2026-06-07,2026-09-21
orestar-20250101-20260928-787cf45dc908,19050,Christine Drazan,record:64c77f53497e64c585eaeda0,Chris Burton,Individual,individual,Portland,OR,15410,2,2026-08-03,2026-09-17
orestar-20250101-20260928-787cf45dc908,19050,Christine Drazan,record:b4d86d033bc8918b94d1dd9e,Gerald Morgan,Individual,individual,Vida,OR,15410,2,2025-10-03,2026-04-27
orestar-20250101-20260928-787cf45dc908,19050,Christine Drazan,record:a5fef31a41ca4eacfc41f2a0,Janet Frazier,Individual,individual,Tigard,OR,15410,2,2025-12-27,2026-07-27
orestar-20250101-20260928-787cf45dc908,19050,Christine Drazan,record:f141d05b136c6795a7af2f18,David Kiersey,Individual,individual,Beaverton,OR,15400,1,2026-08-18,2026-08-18
orestar-20250101-20260928-787cf45dc908,19050,Christine Drazan,record:bfdba186c5b8efbaec71f418,Patrick McDonald,Individual,individual,Medford,OR,15205,3,2026-07-16,2026-09-02
orestar-20250101-20260928-787cf45dc908,19050,Christine Drazan,record:699955f065e20e22b898d421,Stephanie Flora,Individual,individual,Salem,OR,15205,3,2026-07-01,2026-09-24
orestar-20250101-20260928-787cf45dc908,19050,Christine Drazan,record:c6300752bd8dc769274512bc,Barbara Fate Cuthbert,Individual,individual,La Grande,OR,15000,2,2026-04-24,2026-08-14
orestar-20250101-20260928-787cf45dc908,19050,Christine Drazan,record:d67f7fed0b0031dffeb8eccd,Bryan Koehn,Individual,individual,Klamath Falls,OR,15000,1,2026-04-24,2026-04-24
orestar-20250101-20260928-787cf45dc908,19050,Christine Drazan,record:8e787ae4360422f51dde8dd1,Cheryl Henderson,Individual,individual,Jacksonville,OR,15000,2,2026-07-12,2026-07-15
orestar-20250101-20260928-787cf45dc908,19050,Christine Drazan,record:b60751cfcdd1e0181392943f,Claudio Y Grandjean,Individual,individual,Boring,OR,15000,1,2026-08-23,2026-08-23
orestar-20250101-20260928-787cf45dc908,19050,Christine Drazan,record:db5701c1e5143139fd18814c,Dante Marrocco,Individual,individual,Portland,OR,15000,1,2026-08-19,2026-08-19
orestar-20250101-20260928-787cf45dc908,19050,Christine Drazan,record:140d65e86abc1431acba8679,Deborah Glaus Makinson,Individual,individual,Lebanon,OR,15000,5,2025-10-16,2026-08-31
orestar-20250101-20260928-787cf45dc908,19050,Christine Drazan,record:2ac77b133bc6b5b74333f2f2,Donald Perman,Individual,individual,Canby,OR,15000,3,2025-10-31,2025-12-24
orestar-20250101-20260928-787cf45dc908,19050,Christine Drazan,record:a902a99108ad8d8cde8046b6,Dylan Guthu,Individual,individual,Portland,OR,15000,3,2026-03-17,2026-05-17
orestar-20250101-20260928-787cf45dc908,19050,Christine Drazan,record:ae385351360eff687de8c7fe,Gary Pollard,Individual,individual,Hillsboro,OK,15000,1,2026-08-13,2026-08-13
orestar-20250101-20260928-787cf45dc908,19050,Christine Drazan,record:a57c45dea63ae68a75536614,Grassman Living Trust,Other,other,Redmond,OR,15000,1,2026-09-21,2026-09-21
orestar-20250101-20260928-787cf45dc908,19050,Christine Drazan,record:81be243204aff728a3293835,Greg Gerding,Individual,individual,Philomath,OR,15000,1,2026-08-20,2026-08-20
orestar-20250101-20260928-787cf45dc908,19050,Christine Drazan,record:1d6650b7b16972e90298a79d,Greg Kanne,Individual,individual,Culver,OR,15000,3,2026-03-18,2026-05-19
orestar-20250101-20260928-787cf45dc908,19050,Christine Drazan,record:634f4ad4f337a60690d52c13,Havens Family Trust,Other,other,Lake Oswego,OR,15000,1,2026-05-27,2026-05-27
orestar-20250101-20260928-787cf45dc908,19050,Christine Drazan,record:30e0029442c7010da2924bd3,John Blum,Individual,individual,Sandy,OR,15000,6,2025-10-15,2026-09-07
orestar-20250101-20260928-787cf45dc908,19050,Christine Drazan,record:b55a9ea0269eae36f332ce9a,Kalin Beirwagen,Individual,individual,Oregon City,OR,15000,3,2025-10-29,2025-12-29
orestar-20250101-20260928-787cf45dc908,19050,Christine Drazan,record:c986884707084d6d482799d6,Kathleen Hostetler,Individual,individual,Canby,OR,15000,1,2026-09-09,2026-09-09
orestar-20250101-20260928-787cf45dc908,19050,Christine Drazan,record:0ed01bf47b8160a7f091a93e,Kathleen Sauls,Individual,individual,Springfield,OR,15000,2,2025-12-02,2026-08-20
orestar-20250101-20260928-787cf45dc908,19050,Christine Drazan,record:c93a0a6165254b835d125e8e,Ken Peake,Individual,individual,Eugene,OR,15000,6,2026-04-02,2026-09-02
orestar-20250101-20260928-787cf45dc908,19050,Christine Drazan,record:647570fa1e2674c089edbcc7,Larry Payne,Individual,individual,Colton,OR,15000,1,2025-12-09,2025-12-09
orestar-20250101-20260928-787cf45dc908,19050,Christine Drazan,record:4d52e8ad0003eb00c2cc06e0,Meridith Driscoll,Individual,individual,Portland,OR,15000,1,2026-08-14,2026-08-14
orestar-20250101-20260928-787cf45dc908,19050,Christine Drazan,record:ff016af5e96e53df6844e18c,Michael Stevens,Individual,individual,Wilsonville,OR,15000,2,2026-03-10,2026-08-11
orestar-20250101-20260928-787cf45dc908,19050,Christine Drazan,record:da62e9ebc1151fb4425a6dd9,Nancy Baley,Individual,individual,Merrill,OR,15000,2,2026-08-26,2026-09-01
orestar-20250101-20260928-787cf45dc908,19050,Christine Drazan,record:022642fdb2fbf54a051c26d7,Nancy House,Individual,individual,Elkton,OR,15000,3,2026-06-25,2026-08-26
orestar-20250101-20260928-787cf45dc908,19050,Christine Drazan,record:dcb3332f850711809e14e01e,Oscar Cardona,Individual,individual,Beaverton,OR,15000,1,2026-08-03,2026-08-03
orestar-20250101-20260928-787cf45dc908,19050,Christine Drazan,record:9f87241fdc758d355b2e102b,Peggy Fisher,Individual,individual,Tualitan,OR,15000,1,2026-09-09,2026-09-09
orestar-20250101-20260928-787cf45dc908,19050,Christine Drazan,record:ac6c6f87e311d93935c3b5af,Richard John Bauder,Individual,individual,Beaverton,OR,15000,1,2026-04-10,2026-04-10
orestar-20250101-20260928-787cf45dc908,19050,Christine Drazan,record:2ae2b61812050750ee6fa3e6,Robert Lieuallen,Individual,individual,Pendleton,OR,15000,1,2026-01-13,2026-01-13
orestar-20250101-20260928-787cf45dc908,19050,Christine Drazan,record:a5b691fb0a13b7f6b374ff4c,Roger Sharp,Individual,individual,Newberg,OR,15000,2,2026-07-28,2026-08-17
orestar-20250101-20260928-787cf45dc908,19050,Christine Drazan,record:c6a71f4f1681d20f1339d03e,Ronald Tribbett,Individual,individual,Carlton,OR,15000,2,2026-06-30,2026-07-15
orestar-20250101-20260928-787cf45dc908,19050,Christine Drazan,record:6b3f1077f155ec7959b7a37f,Rosemary Zoucha,Individual,individual,Portland,OR,15000,3,2026-05-19,2026-07-15
orestar-20250101-20260928-787cf45dc908,19050,Christine Drazan,record:d36481c69b0962a974b5223f,Shawn Dwyer,Individual,individual,Silverton,OR,15000,2,2026-09-08,2026-09-16
orestar-20250101-20260928-787cf45dc908,19050,Christine Drazan,record:a35f0e6ef72953b65848422b,Sherrie C James,Individual,individual,Medford,OR,15000,1,2026-09-04,2026-09-04
orestar-20250101-20260928-787cf45dc908,19050,Christine Drazan,record:95f9f43f26959d41cc422290,Steve Lloyd,Individual,individual,Cheyenne,WY,15000,1,2026-09-08,2026-09-08
orestar-20250101-20260928-787cf45dc908,19050,Christine Drazan,record:73069c87f94f02db85f7315b,Susan J Nelson,Individual,individual,Bend,OR,15000,1,2026-08-20,2026-08-20
orestar-20250101-20260928-787cf45dc908,19050,Christine Drazan,record:62e58eb6aa68cd40e83d7ce4,Tammy Brown,Individual,individual,Christmas Valley,OR,15000,3,2026-06-02,2026-08-04
orestar-20250101-20260928-787cf45dc908,19050,Christine Drazan,record:97bfb599c224871c392e12a5,Tammy Ellis,Individual,individual,Lake Oswego,OR,15000,3,2026-03-31,2026-05-31
orestar-20250101-20260928-787cf45dc908,19050,Christine Drazan,record:11e944fea8c307c8ea174616,Thomas Ames,Individual,individual,Medford,OR,15000,1,2026-09-14,2026-09-14
orestar-20250101-20260928-787cf45dc908,19050,Christine Drazan,record:6a816312714fed66b65dab7b,Thomas Flynn,Individual,individual,Beaverton,OR,15000,3,2026-07-02,2026-09-24
orestar-20250101-20260928-787cf45dc908,19050,Christine Drazan,record:db2a5a625dfdfa0ae394b050,Thomas Sherwood,Individual,individual,Jacksonville,OR,15000,2,2026-08-20,2026-09-10
orestar-20250101-20260928-787cf45dc908,19050,Christine Drazan,record:0fe3913c0a5b523fec457075,Tricia Hoffman,Individual,individual,Medford,OR,15000,1,2026-09-11,2026-09-11
orestar-20250101-20260928-787cf45dc908,19050,Christine Drazan,record:dd137e4dda7e9c35e3ab7c71,Wade Spurlin,Individual,individual,Albany,OR,15000,2,2026-08-24,2026-09-09
orestar-20250101-20260928-787cf45dc908,19050,Christine Drazan,record:1494319f0e077cd591781173,Walter Silkwood,Individual,individual,Cloverdale,OR,15000,1,2026-09-16,2026-09-16
orestar-20250101-20260928-787cf45dc908,19050,Christine Drazan,record:cfb1ebee98c77bad94a9e79c,Whitney Rideout,Individual,individual,Lake Oswego,OR,15000,1,2026-07-22,2026-07-22
orestar-20250101-20260928-787cf45dc908,19050,Christine Drazan,record:b172268dcaf8cbc75fc9f714,Martin Ornelas,Individual,individual,Molalla,OR,14900,1,2026-02-03,2026-02-03
orestar-20250101-20260928-787cf45dc908,19050,Christine Drazan,record:fc0a9beaa3ce0f122927fd61,Jeff Springer,Individual,individual,Canby,OR,14500,2,2026-08-25,2026-08-25
orestar-20250101-20260928-787cf45dc908,19050,Christine Drazan,record:8bea8df6a1c0492e3b649769,Marissa Hokenson,Individual,individual,Oregon City,OR,14200,1,2026-09-09,2026-09-09
orestar-20250101-20260928-787cf45dc908,19050,Christine Drazan,record:47da1cb5871b0a2e3a7f01a9,Kim Rice,Individual,individual,Beaverton,OR,14000,2,2026-07-29,2026-08-25
orestar-20250101-20260928-787cf45dc908,19050,Christine Drazan,record:c831c2067219da2e517548b8,Susan Lewis,Individual,individual,Portland,OR,14000,4,2026-06-22,2026-09-21
orestar-20250101-20260928-787cf45dc908,19050,Christine Drazan,record:ed5aaa49b8c057b5093849db,Todd Tanton,Individual,individual,Portland,OR,13805,3,2026-05-26,2026-07-27
orestar-20250101-20260928-787cf45dc908,19050,Christine Drazan,record:db07e701df9f8fb43d6d18a8,Casey Anderson,Individual,individual,Forest Grove,OR,13400,1,2026-01-21,2026-01-21
orestar-20250101-20260928-787cf45dc908,19050,Christine Drazan,record:f5d9ffa17225065e1ee30aef,Don Singer,Individual,individual,Portland,OR,13110,2,2026-08-27,2026-08-27
orestar-20250101-20260928-787cf45dc908,19050,Christine Drazan,record:28a0d8807a85169000c29c82,Rocky Level,Individual,individual,Salem,OR,13013,2,2026-04-21,2026-06-02
orestar-20250101-20260928-787cf45dc908,19050,Christine Drazan,record:cc910d939147ef126377cf12,James Angus,Individual,individual,Sandy,OR,13000,2,2026-09-20,2026-09-20
orestar-20250101-20260928-787cf45dc908,19050,Christine Drazan,record:94590a2f23c2f193d286f3e4,Richard Calarco,Individual,individual,Hillsboro,OR,13000,2,2026-08-20,2026-09-09
orestar-20250101-20260928-787cf45dc908,19050,Christine Drazan,record:393e4dee94b36185d3f92b3d,Jeffrey Erland,Individual,individual,Troutdale,OR,12910,2,2026-08-03,2026-09-03
orestar-20250101-20260928-787cf45dc908,19050,Christine Drazan,record:952817e8ea236da32fdcb1d8,Milton Johnson,Individual,individual,Medford,OR,12910,2,2026-08-11,2026-09-21
orestar-20250101-20260928-787cf45dc908,19050,Christine Drazan,record:f14d1753996887a12154f1bd,Justin Watson,Individual,individual,Council Bluffs,IA,12800,1,2025-12-06,2025-12-06
orestar-20250101-20260928-787cf45dc908,19050,Christine Drazan,record:83ea9a5ac74e896d3c915832,Kyle Bunch,Individual,individual,Wilsonville,OR,12800,1,2025-11-13,2025-11-13
orestar-20250101-20260928-787cf45dc908,19050,Christine Drazan,record:98322b268c04ec2cef54e322,Sarah Zwiefelhoger,Individual,individual,Hermiston,OR,12700,1,2026-08-25,2026-08-25
orestar-20250101-20260928-787cf45dc908,19050,Christine Drazan,record:be2a1cc4723cde06c59bcaf3,Wayne Sitkei,Individual,individual,Lincoln City,OR,12700,2,2026-09-07,2026-09-15
orestar-20250101-20260928-787cf45dc908,19050,Christine Drazan,record:6b34965c7699072033757ca9,Alvin Damm,Individual,individual,Salem,OR,12500,2,2026-05-12,2026-06-02
orestar-20250101-20260928-787cf45dc908,19050,Christine Drazan,record:1843383da01ba83e399f560c,Beatriz MacKinnon,Individual,individual,Hood River,OR,12500,1,2026-05-11,2026-05-11
orestar-20250101-20260928-787cf45dc908,19050,Christine Drazan,record:396d3e1b3f41b5408510fa3c,Benjamin L Rivers,Individual,individual,The Dalles,OR,12500,1,2026-08-14,2026-08-14
orestar-20250101-20260928-787cf45dc908,19050,Christine Drazan,record:99325f3c543180d702cbeccd,Bill Kennemer,Individual,individual,Oregon City,OR,12500,1,2026-03-04,2026-03-04
orestar-20250101-20260928-787cf45dc908,19050,Christine Drazan,record:de54c5f5bb9eb9aa47c725b5,Bobby King,Individual,individual,Florence,OR,12500,1,2025-10-23,2025-10-23
orestar-20250101-20260928-787cf45dc908,19050,Christine Drazan,record:60079be544fe7b3ef84c3c5d,Bruce Anderson,Individual,individual,Hillsboro,OR,12500,1,2026-08-10,2026-08-10
orestar-20250101-20260928-787cf45dc908,19050,Christine Drazan,record:85e4d79adc78f8ddd0af8f4a,Bruce Mendelson,Individual,individual,Medford,OR,12500,1,2026-05-06,2026-05-06
orestar-20250101-20260928-787cf45dc908,19050,Christine Drazan,record:077becf865f54a43097089e7,Cherie Kennemer,Individual,individual,Oregon City,OR,12500,1,2026-03-04,2026-03-04
orestar-20250101-20260928-787cf45dc908,19050,Christine Drazan,record:bc670a8c4f357b42c1c56f9c,Clint McKenize,Individual,individual,Myrtle Creek,OR,12500,5,2026-05-04,2026-09-02
orestar-20250101-20260928-787cf45dc908,19050,Christine Drazan,record:43c3e82853193f93f4a60623,Colleen Krieger,Individual,individual,Gold Beach,OR,12500,1,2026-09-08,2026-09-08
orestar-20250101-20260928-787cf45dc908,19050,Christine Drazan,record:7d128d586ae946dcc0559c88,Darrell Webb,Individual,individual,West Linn,OR,12500,1,2026-08-10,2026-08-10
orestar-20250101-20260928-787cf45dc908,19050,Christine Drazan,record:7bac36b1cc918277ec8caf0f,Dave Grano,Individual,individual,Aurora,OR,12500,1,2026-08-07,2026-08-07
orestar-20250101-20260928-787cf45dc908,19050,Christine Drazan,record:66572239d2c4e13672ba3998,David Grano,Individual,individual,Aurora,OR,12500,1,2026-08-07,2026-08-07
orestar-20250101-20260928-787cf45dc908,19050,Christine Drazan,record:5c407cbc021a4a6681b4d0e6,David Mabbott,Individual,individual,Hermiston,OR,12500,1,2025-12-19,2025-12-19
orestar-20250101-20260928-787cf45dc908,19050,Christine Drazan,record:19cf8a31ef6845e113fc9ef8,Debbie A Klaja,Individual,individual,Klamath Falls,OR,12500,1,2026-08-14,2026-08-14
orestar-20250101-20260928-787cf45dc908,19050,Christine Drazan,record:4bc4897dd75bad3e2003c98e,Deborah H Rivers,Individual,individual,The Dalles,OR,12500,1,2026-08-14,2026-08-14
orestar-20250101-20260928-787cf45dc908,19050,Christine Drazan,record:33d9d2de3b16a8a0ea59ee7f,Delores Findley,Individual,individual,Portland,OR,12500,1,2026-08-10,2026-08-10
orestar-20250101-20260928-787cf45dc908,19050,Christine Drazan,record:0bb6b4c8a88b39f10dc57600,Diana Eslinger,Individual,individual,Brookings,OR,12500,1,2026-08-17,2026-08-17
orestar-20250101-20260928-787cf45dc908,19050,Christine Drazan,record:b48416ea288b0d7b725b1490,Diane Olson,Individual,individual,Forest Grove,OR,12500,1,2026-09-08,2026-09-08
orestar-20250101-20260928-787cf45dc908,19050,Christine Drazan,record:51bad325eaf664bed2fc83bf,Don Noble,Individual,individual,Milton-Freewater,OR,12500,1,2026-08-14,2026-08-14
orestar-20250101-20260928-787cf45dc908,19050,Christine Drazan,record:b28e6d2359ff9dd45c3882eb,Harry Turvey,Individual,individual,West Linn,OR,12500,1,2026-09-08,2026-09-08
orestar-20250101-20260928-787cf45dc908,19050,Christine Drazan,record:842c1fe3ca2f5e9d3c4065c4,Janice E Wimberly,Individual,individual,Roseburg,OR,12500,1,2026-08-17,2026-08-17
orestar-20250101-20260928-787cf45dc908,19050,Christine Drazan,record:9aa79c5cb3716e9aa7b49ae8,Jennifer B Ellis,Individual,individual,Happy Valley,OR,12500,1,2026-09-04,2026-09-04
orestar-20250101-20260928-787cf45dc908,19050,Christine Drazan,record:ac3c5640ac0cb6f98dba800d,Jeri Mendelson,Individual,individual,Medford,OR,12500,1,2026-05-06,2026-05-06
orestar-20250101-20260928-787cf45dc908,19050,Christine Drazan,record:23bba0a8c5801522d1f26077,Jerome Lackner,Individual,individual,Lyons,OR,12500,1,2026-01-23,2026-01-23
orestar-20250101-20260928-787cf45dc908,19050,Christine Drazan,record:68995932535c9685265e01e4,Jo Anne Nielsen,Individual,individual,West Linn,OR,12500,1,2026-08-14,2026-08-14
orestar-20250101-20260928-787cf45dc908,19050,Christine Drazan,record:add883c209cc7234706f119b,Joel Turvey,Individual,individual,West Linn,OR,12500,1,2026-09-08,2026-09-08
orestar-20250101-20260928-787cf45dc908,19050,Christine Drazan,record:811ab8e9147fd7f46ea5138a,John Taylor,Individual,individual,Plush,OR,12500,1,2026-08-17,2026-08-17
orestar-20250101-20260928-787cf45dc908,19050,Christine Drazan,record:c90ea20478904ef5eb3f812c,John Walker,Individual,individual,Mapleton,OR,12500,1,2026-01-15,2026-01-15
orestar-20250101-20260928-787cf45dc908,19050,Christine Drazan,record:7fd5e05f2f2b0efbedd67d49,Jon Iverson,Individual,individual,Woodburn,OR,12500,1,2026-07-24,2026-07-24
orestar-20250101-20260928-787cf45dc908,19050,Christine Drazan,record:6f82e4225b596cfcbf4ebfa5,Kamela Davis,Individual,individual,Canby,OR,12500,5,2026-06-02,2026-09-21
orestar-20250101-20260928-787cf45dc908,19050,Christine Drazan,record:657834262da7af3ac40331d8,Karen Walker,Individual,individual,Mapleton,OR,12500,1,2026-01-15,2026-01-15
orestar-20250101-20260928-787cf45dc908,19050,Christine Drazan,record:eee6fd647ff6a711b4d8374a,Katherine Iverson,Individual,individual,Woodburn,OR,12500,1,2026-07-24,2026-07-24
orestar-20250101-20260928-787cf45dc908,19050,Christine Drazan,record:23d775eb4a3c33a38a31a82a,Kay King,Individual,individual,Florence,OR,12500,1,2025-10-23,2025-10-23
orestar-20250101-20260928-787cf45dc908,19050,Christine Drazan,record:ede4f141c8645ed4d1be2f13,Ken Findley,Individual,individual,Portland,OR,12500,1,2026-08-10,2026-08-10
orestar-20250101-20260928-787cf45dc908,19050,Christine Drazan,record:e28f5c81f46c3e8c40ee562f,Kendall Bell,Individual,individual,Klamath Falls,OR,12500,5,2026-05-12,2026-09-14
orestar-20250101-20260928-787cf45dc908,19050,Christine Drazan,record:8fb5b2d5708de70410fbc062,Kevin Cameron,Individual,individual,Salem,OR,12500,1,2026-09-08,2026-09-08
orestar-20250101-20260928-787cf45dc908,19050,Christine Drazan,record:fda8a6e6cb7428b43e7a457b,Kevin McKay,Individual,individual,West Linn,OR,12500,1,2026-09-08,2026-09-08
orestar-20250101-20260928-787cf45dc908,19050,Christine Drazan,record:867efb80f7d5388b0d756967,Lawrence (Larry) Deibel,Individual,individual,Sheridan,OR,12500,8,2026-08-02,2026-09-23
orestar-20250101-20260928-787cf45dc908,19050,Christine Drazan,record:6dbea94b4ddbcc84653d6bcb,Leland Nielsen,Individual,individual,West Linn,OR,12500,1,2026-08-14,2026-08-14
orestar-20250101-20260928-787cf45dc908,19050,Christine Drazan,record:e3aeb54b289547e721adf138,Linda Webb,Individual,individual,West Linn,OR,12500,1,2026-08-10,2026-08-10
orestar-20250101-20260928-787cf45dc908,19050,Christine Drazan,record:e3dcd6e72102cc0448f5dca5,Linn Roanna Burch,Individual,individual,Eugene,OR,12500,5,2026-05-19,2026-09-20
orestar-20250101-20260928-787cf45dc908,19050,Christine Drazan,record:161abcbd8d76c2837e86f49c,Loy Stratton,Individual,individual,Hermistron,OR,12500,1,2026-02-23,2026-02-23
orestar-20250101-20260928-787cf45dc908,19050,Christine Drazan,record:a2f0d5d16c348b6229739598,Luke D Klaja,Individual,individual,Klamath Falls,OR,12500,1,2026-08-14,2026-08-14
orestar-20250101-20260928-787cf45dc908,19050,Christine Drazan,record:99bd9ab504b2f3c2085b3039,Marty Walt,Individual,individual,Oregon City,OR,12500,1,2026-09-08,2026-09-08
orestar-20250101-20260928-787cf45dc908,19050,Christine Drazan,record:d1dae78439f2e76f66267c08,Mary Ann Orth,Individual,individual,Sherwood,OR,12500,1,2026-09-08,2026-09-08
orestar-20250101-20260928-787cf45dc908,19050,Christine Drazan,record:cf0ba9643b1782f8e40add8d,Mary Schilling,Individual,individual,North Bend,OR,12500,1,2026-09-08,2026-09-08
orestar-20250101-20260928-787cf45dc908,19050,Christine Drazan,record:672023a2574026938a4d401f,MaryAnn Orth,Individual,individual,Sherwood,OR,12500,1,2026-08-24,2026-08-24
orestar-20250101-20260928-787cf45dc908,19050,Christine Drazan,record:cad7bd85f19195810c442e3a,Michael L Rice,Individual,individual,Eagle Point,OR,12500,1,2026-09-08,2026-09-08
orestar-20250101-20260928-787cf45dc908,19050,Christine Drazan,record:04319b8d0a1d6d3769c8a21b,Michael MacKinnon,Individual,individual,Hood River,OR,12500,1,2026-05-11,2026-05-11
orestar-20250101-20260928-787cf45dc908,19050,Christine Drazan,record:c96fdeb78e137b59ed926bb4,Michael W Adams,Individual,individual,Gresham,OR,12500,1,2026-08-17,2026-08-17
orestar-20250101-20260928-787cf45dc908,19050,Christine Drazan,record:efba4275de3bd69e67f6c03c,Pamela Anderson,Individual,individual,Hillsboro,OR,12500,1,2026-08-10,2026-08-10
orestar-20250101-20260928-787cf45dc908,19050,Christine Drazan,record:1dbd61e2cf042f2e61d3e40b,Pat Noble,Individual,individual,Milton Freewater,OR,12500,1,2026-08-14,2026-08-14
orestar-20250101-20260928-787cf45dc908,19050,Christine Drazan,record:69c9ecec322f69e9eb672432,Rebecca Ross,Individual,individual,Salem,OR,12500,1,2026-09-08,2026-09-08
orestar-20250101-20260928-787cf45dc908,19050,Christine Drazan,record:ce1bcf1cdc3d68eb6fd4aacf,Richard Eslinger,Individual,individual,Brookings,OR,12500,1,2026-08-17,2026-08-17
orestar-20250101-20260928-787cf45dc908,19050,Christine Drazan,record:df06e6b92d06b3bf6ac8631b,Rita Lindell,Individual,individual,Kuna,ID,12500,5,2026-06-02,2026-09-02
orestar-20250101-20260928-787cf45dc908,19050,Christine Drazan,record:3291ae1d67717fdf1917da41,Roberta Adams,Individual,individual,Gresham,OR,12500,1,2026-08-17,2026-08-17
orestar-20250101-20260928-787cf45dc908,19050,Christine Drazan,record:4f5a7bad58fd2bc32895fc27,Rodney Schilling,Individual,individual,North Bend,OR,12500,1,2026-09-08,2026-09-08
orestar-20250101-20260928-787cf45dc908,19050,Christine Drazan,record:bad35299e6b6c2269b324def,Sandra R Rice,Individual,individual,Eagle Point,OR,12500,1,2026-09-08,2026-09-08
orestar-20250101-20260928-787cf45dc908,19050,Christine Drazan,record:6ab23ceb59cbec31bad24f1e,Scott Farrar,Individual,individual,Klamath Falls,OR,12500,5,2026-06-16,2026-09-22
orestar-20250101-20260928-787cf45dc908,19050,Christine Drazan,record:c258626266c514486309dae6,Sharon McKay,Individual,individual,West Linn,OR,12500,1,2026-09-08,2026-09-08
orestar-20250101-20260928-787cf45dc908,19050,Christine Drazan,record:4820a67aa0b3266959c3deff,Steve Olson,Individual,individual,Forest Grove,OR,12500,1,2026-09-08,2026-09-08
orestar-20250101-20260928-787cf45dc908,19050,Christine Drazan,record:5008654c1f94e29b715d87ea,Tamra Mabbott,Individual,individual,Hermiston,OR,12500,1,2025-12-19,2025-12-19
orestar-20250101-20260928-787cf45dc908,19050,Christine Drazan,record:bd8061b0508397a62b7a7163,Teri Walt,Individual,individual,Oregon City,OR,12500,1,2026-09-08,2026-09-08
orestar-20250101-20260928-787cf45dc908,19050,Christine Drazan,record:9f25170e819b63b1afa9df07,The Gary And Linda Hall Trust,Other,other,Medford,OR,12500,1,2026-08-20,2026-08-20
orestar-20250101-20260928-787cf45dc908,19050,Christine Drazan,record:9ae117b27fd3ec8f34b77310,Theresa Taylor,Individual,individual,Plush,OR,12500,1,2026-08-17,2026-08-17
orestar-20250101-20260928-787cf45dc908,19050,Christine Drazan,record:44e3cc9f32407725e0529ba5,Thomas Ellis,Individual,individual,Happy Valley,OR,12500,1,2026-09-04,2026-09-04
orestar-20250101-20260928-787cf45dc908,19050,Christine Drazan,record:b7dc2aa6f79654120375c304,Thomas K Wimberly,Individual,individual,Roseburg,OR,12500,1,2026-08-17,2026-08-17
orestar-20250101-20260928-787cf45dc908,19050,Christine Drazan,record:134b4a249b5f49ef8814a52f,Vicki Berquist,Individual,individual,Salem,OR,12500,5,2026-06-09,2026-06-23
orestar-20250101-20260928-787cf45dc908,19050,Christine Drazan,record:d02c02e3d6d1941872ff1fdf,Wayne J Krieger,Individual,individual,Gold Beach,OR,12500,1,2026-09-08,2026-09-08
orestar-20250101-20260928-787cf45dc908,19050,Christine Drazan,record:6d9a8f2671aacf66f7f3e8a2,Richard Shimomura,Individual,individual,Portland,OR,12492,1,2026-08-11,2026-08-11
orestar-20250101-20260928-787cf45dc908,19050,Christine Drazan,record:2eb7349af67fd56e41adc8f5,Robert Gehring,Individual,individual,Madras,OR,12016,5,2026-07-22,2026-09-01
orestar-20250101-20260928-787cf45dc908,19050,Christine Drazan,record:c185966f3a9d10b9a803e2a9,Karna Berg,Individual,individual,Albany,OR,11524,4,2026-06-01,2026-09-02
orestar-20250101-20260928-787cf45dc908,19050,Christine Drazan,record:a8687249144f6ce192393918,Joshua MacAdam,Individual,individual,Eugene,OR,11505,2,2026-02-03,2026-02-03
orestar-20250101-20260928-787cf45dc908,19050,Christine Drazan,record:956ca182bbaed6c9e4b04e92,Ann Ray,Individual,individual,Beaverton,OR,11500,6,2026-05-14,2026-09-21
orestar-20250101-20260928-787cf45dc908,19050,Christine Drazan,record:50a7e4ab097b77f6f1ff09e9,David Powell,Individual,individual,Junction City,OR,11500,2,2026-04-20,2026-09-08
orestar-20250101-20260928-787cf45dc908,19050,Christine Drazan,record:d235e534f07bc86e667a2559,Barbie Baker,Individual,individual,Redmond,OR,11000,2,2025-09-15,2025-12-31
orestar-20250101-20260928-787cf45dc908,19050,Christine Drazan,record:3481eccc92be0b1ae8a9f5d6,Becki Lowrie,Individual,individual,Oregon City,OR,11000,1,2026-07-17,2026-07-17
orestar-20250101-20260928-787cf45dc908,19050,Christine Drazan,record:26b4bd18e32c19cda242cfc2,Daniel Drazan,Individual,individual,,,11000,1,2026-04-21,2026-04-21
orestar-20250101-20260928-787cf45dc908,19050,Christine Drazan,record:0c2d59b26a37b9e2a315ba92,James Rutter,Individual,individual,White City,OR,11000,5,2026-07-13,2026-09-08
orestar-20250101-20260928-787cf45dc908,19050,Christine Drazan,record:eac36ecc165b5158a771b26c,Kent Oberg,Individual,individual,Fort Dodge,IA,11000,1,2026-09-15,2026-09-15
orestar-20250101-20260928-787cf45dc908,19050,Christine Drazan,record:dd64f32bf5b39fefeb39a28a,Ralph W Stevens,Individual,individual,Sandy,OR,11000,1,2026-04-10,2026-04-10
orestar-20250101-20260928-787cf45dc908,19050,Christine Drazan,record:438208a16c7d55ad43e8ee61,Richard Rusch,Individual,individual,Albany,OR,11000,1,2026-05-11,2026-05-11
orestar-20250101-20260928-787cf45dc908,19050,Christine Drazan,record:05186e3500e07298aa56f3fc,William C Endicott,Individual,individual,Dallas,OR,11000,2,2026-08-17,2026-09-02
orestar-20250101-20260928-787cf45dc908,19050,Christine Drazan,record:8bacc25e6b58fb53e807015a,Keaka Atkinson,Individual,individual,Hillsboro,OR,10900,2,2026-08-25,2026-09-22
orestar-20250101-20260928-787cf45dc908,19050,Christine Drazan,record:af74ec74657d012e097a8c7d,Beth Marquardt,Individual,individual,Pendleton,OR,10800,1,2026-09-09,2026-09-09
orestar-20250101-20260928-787cf45dc908,19050,Christine Drazan,record:48b6854c0b080864357023f7,Fred Guardo,Individual,individual,Bend,OR,10800,1,2026-08-05,2026-08-05
orestar-20250101-20260928-787cf45dc908,19050,Christine Drazan,record:fc8be53bfb345db8aa01f2d7,Steve Hertz,Individual,individual,Vida,OR,10800,8,2026-07-21,2026-09-23
orestar-20250101-20260928-787cf45dc908,19050,Christine Drazan,record:6ea23334eae276272cec376b,Robert Chase,Individual,individual,Beaverton,OR,10541,17,2026-04-27,2026-09-24
orestar-20250101-20260928-787cf45dc908,19050,Christine Drazan,record:ae4b5e2711b5677e2735be68,Brian Brian,Individual,individual,Bend,OR,10500,3,2026-07-12,2026-09-10
orestar-20250101-20260928-787cf45dc908,19050,Christine Drazan,record:4608f2395a886e1438ee0b3e,Kenneth Barnes,Individual,individual,Portland,OR,10412,4,2026-03-26,2026-06-30
orestar-20250101-20260928-787cf45dc908,19050,Christine Drazan,record:962cca74c0868d8929965ece,Amy Shaw,Individual,individual,Astoria,OR,10410,1,2026-08-27,2026-08-27
orestar-20250101-20260928-787cf45dc908,19050,Christine Drazan,record:40d3a42d0de650e2d2d62f84,Andrew Nichols,Individual,individual,Klamath Falls,OR,10410,1,2026-03-26,2026-03-26
orestar-20250101-20260928-787cf45dc908,19050,Christine Drazan,record:e1c8bf8a8187ea78fe7e6bcd,Anne Rava,Individual,individual,Salem,OR,10410,1,2026-08-06,2026-08-06
orestar-20250101-20260928-787cf45dc908,19050,Christine Drazan,record:ef60dd53c948e9d540ca4709,Bill Bradley,Individual,individual,Milwaukie,OR,10410,1,2026-07-19,2026-07-19
orestar-20250101-20260928-787cf45dc908,19050,Christine Drazan,record:a6a50db758cd4a70018f00ca,Bob Peterson,Individual,individual,Dundee,OR,10410,1,2026-08-09,2026-08-09
orestar-20250101-20260928-787cf45dc908,19050,Christine Drazan,record:6d1e87525fb90d2bb986e219,Brad Berquist,Individual,individual,Aloha,OR,10410,1,2026-08-11,2026-08-11
orestar-20250101-20260928-787cf45dc908,19050,Christine Drazan,record:c5cc1725d4d49cb43b045b92,Brandt Shores,Individual,individual,Tualitan,OR,10410,1,2026-07-28,2026-07-28
orestar-20250101-20260928-787cf45dc908,19050,Christine Drazan,record:674d10c6f1127bc79dd4d5e6,Brenda Burt,Individual,individual,Central Point,OR,10410,1,2026-08-12,2026-08-12
orestar-20250101-20260928-787cf45dc908,19050,Christine Drazan,record:4340bc4673ea5c5c78076e68,Brian Addington,Individual,individual,Oregon City,OR,10410,1,2026-07-01,2026-07-01
orestar-20250101-20260928-787cf45dc908,19050,Christine Drazan,record:d0714242fc84b2dc2ef93458,Brian Wilkinson,Individual,individual,Denver,CO,10410,1,2026-09-22,2026-09-22
orestar-20250101-20260928-787cf45dc908,19050,Christine Drazan,record:18eb3aad8e48f698d898774e,Carl Willis,Individual,individual,Salem,OR,10410,1,2026-09-02,2026-09-02
orestar-20250101-20260928-787cf45dc908,19050,Christine Drazan,record:5445cf7eb7efc1bd9e472562,Chris Roethlin,Individual,individual,Salem,OR,10410,1,2026-08-04,2026-08-04
orestar-20250101-20260928-787cf45dc908,19050,Christine Drazan,record:f4eae7d207a06b7db5c97151,Christopher Gabel,Individual,individual,Hillsboro,OR,10410,1,2026-09-01,2026-09-01
orestar-20250101-20260928-787cf45dc908,19050,Christine Drazan,record:6b8ce1f04c07a8c072959e8b,Cindi Bussey,Individual,individual,Warrenton,OR,10410,1,2026-07-13,2026-07-13
orestar-20250101-20260928-787cf45dc908,19050,Christine Drazan,record:3dab9f1cdf16003b69b85fb6,Cindy Davis,Individual,individual,Newberg,OR,10410,1,2026-03-19,2026-03-19
orestar-20250101-20260928-787cf45dc908,19050,Christine Drazan,record:e0d715dcbe551487e3379139,Clayton Kirsch,Individual,individual,Beaverton,OR,10410,1,2026-09-14,2026-09-14
orestar-20250101-20260928-787cf45dc908,19050,Christine Drazan,record:598f5eac19fae660920310ac,Colleen Walford,Individual,individual,Brookings,OR,10410,1,2026-08-13,2026-08-13
orestar-20250101-20260928-787cf45dc908,19050,Christine Drazan,record:e230d50e56dda147cc6291f8,Craig Douglas,Individual,individual,Cloverdale,OR,10410,1,2026-07-28,2026-07-28
orestar-20250101-20260928-787cf45dc908,19050,Christine Drazan,record:3f4831cef39aebdafa87522c,Dan Wilson,Individual,individual,Sherwood,OR,10410,1,2026-08-30,2026-08-30
orestar-20250101-20260928-787cf45dc908,19050,Christine Drazan,record:3ac56372d1fd0791d64abc0a,David Appel,Individual,individual,North Plains,OR,10410,1,2026-02-24,2026-02-24
orestar-20250101-20260928-787cf45dc908,19050,Christine Drazan,record:c4090c78c07c013960bbdaba,David Guenther,Individual,individual,Philomath,OR,10410,1,2026-09-09,2026-09-09
orestar-20250101-20260928-787cf45dc908,19050,Christine Drazan,record:db8499375cc780a22d81c45d,David Hoffman,Individual,individual,Portland,OR,10410,1,2026-08-11,2026-08-11
orestar-20250101-20260928-787cf45dc908,19050,Christine Drazan,record:5ceb01b87ba569484dcf42f7,David Levine,Individual,individual,Lake Oswego,OR,10410,1,2026-08-06,2026-08-06
orestar-20250101-20260928-787cf45dc908,19050,Christine Drazan,record:1d662160660c8610acf76dc2,Dean Church,Individual,individual,Eugene,OR,10410,1,2026-09-14,2026-09-14
orestar-20250101-20260928-787cf45dc908,19050,Christine Drazan,record:00977fb69aba9ec2171a0302,Deborah Hogan,Individual,individual,Salem,OR,10410,1,2026-09-03,2026-09-03
orestar-20250101-20260928-787cf45dc908,19050,Christine Drazan,record:519a29ff5e89afc0eb96c6fe,Debra Jensen-Dykes,Individual,individual,Eugene,OR,10410,1,2026-08-04,2026-08-04
orestar-20250101-20260928-787cf45dc908,19050,Christine Drazan,record:f058d12094ca363a45da0f71,Debra Jones Ringold,Individual,individual,Corvallis,OR,10410,1,2026-09-15,2026-09-15
orestar-20250101-20260928-787cf45dc908,19050,Christine Drazan,record:1fa69d1d30e63726f3e6e0bc,Debra Keffer,Individual,individual,Springfield,OR,10410,1,2026-07-14,2026-07-14
orestar-20250101-20260928-787cf45dc908,19050,Christine Drazan,record:e53c8de0b4976da3ef681224,Debra Panther,Individual,individual,Sherwood,OR,10410,1,2026-09-01,2026-09-01
orestar-20250101-20260928-787cf45dc908,19050,Christine Drazan,record:cd246df437385a1c07205ceb,Detlef Curtis,Individual,individual,West Linn,OR,10410,1,2026-09-15,2026-09-15
orestar-20250101-20260928-787cf45dc908,19050,Christine Drazan,record:cb0d4fa72b9a093610a7987b,Devon Andrade,Individual,individual,Aurora,OR,10410,1,2026-08-05,2026-08-05
orestar-20250101-20260928-787cf45dc908,19050,Christine Drazan,record:6b85018cfd2558bc391301ad,Diane Zhitlovsky,Individual,individual,Porland,OR,10410,1,2026-08-11,2026-08-11
orestar-20250101-20260928-787cf45dc908,19050,Christine Drazan,record:65cbdebb05a799071abd40dd,Don Epperson,Individual,individual,Cottage Grover,OR,10410,1,2026-05-31,2026-05-31
orestar-20250101-20260928-787cf45dc908,19050,Christine Drazan,record:999c0f39ec40efe2c6249c08,Don Van Valin,Individual,individual,Tualitan,OR,10410,1,2026-09-16,2026-09-16
orestar-20250101-20260928-787cf45dc908,19050,Christine Drazan,record:f0427135bb55f07084aaf598,Donald Jensen,Individual,individual,Sandy,OR,10410,1,2025-12-17,2025-12-17
orestar-20250101-20260928-787cf45dc908,19050,Christine Drazan,record:daba9bb3ac00a372fec7e481,Doug Kratzer,Individual,individual,Mulino,OR,10410,2,2026-06-02,2026-06-02
orestar-20250101-20260928-787cf45dc908,19050,Christine Drazan,record:3dc2b7c632a5fc0980d67ed8,Edward Hobart,Individual,individual,Vernonia,OR,10410,1,2026-08-25,2026-08-25
orestar-20250101-20260928-787cf45dc908,19050,Christine Drazan,record:a286d18da8fedc11005a1583,Elmer Rasmussen,Individual,individual,Salem,OR,10410,1,2026-08-13,2026-08-13
orestar-20250101-20260928-787cf45dc908,19050,Christine Drazan,record:bed5fc96d94c3d36843c1bf4,Elsa Durante,Individual,individual,Wes Linn,OR,10410,1,2026-05-04,2026-05-04
orestar-20250101-20260928-787cf45dc908,19050,Christine Drazan,record:4e8e1a5b07f2503c6550fb53,Eric Clever,Individual,individual,Oregon City,OR,10410,1,2026-09-24,2026-09-24
orestar-20250101-20260928-787cf45dc908,19050,Christine Drazan,record:30cb0da5ea29a3c00d581a5f,Eric Mauss,Individual,individual,Bend,OR,10410,1,2026-09-15,2026-09-15
orestar-20250101-20260928-787cf45dc908,19050,Christine Drazan,record:5153ee39026d2f8e29a662e7,Eric White,Individual,individual,Bend,OR,10410,1,2026-09-08,2026-09-08
orestar-20250101-20260928-787cf45dc908,19050,Christine Drazan,record:04a42e5c35233fc090787e39,Erik Barkey,Individual,individual,Aloha,OR,10410,1,2026-09-14,2026-09-14
orestar-20250101-20260928-787cf45dc908,19050,Christine Drazan,record:bf733524ed37ffb4a6c0ce6f,Evan Gremillion,Individual,individual,West Linn,OR,10410,1,2026-09-23,2026-09-23
orestar-20250101-20260928-787cf45dc908,19050,Christine Drazan,record:39ab0cdb961b0e55f8feb813,Gary Reese,Individual,individual,Lowell,OR,10410,1,2025-12-29,2025-12-29
orestar-20250101-20260928-787cf45dc908,19050,Christine Drazan,record:6923edf9f5b878b4640512f7,Gaylene Barber,Individual,individual,Portland,OR,10410,1,2026-09-14,2026-09-14
orestar-20250101-20260928-787cf45dc908,19050,Christine Drazan,record:36a9f9d581899707156bb6f9,George Desbrisay,Individual,individual,Hermiston,OR,10410,1,2026-09-02,2026-09-02
orestar-20250101-20260928-787cf45dc908,19050,Christine Drazan,record:655da52ed053dc39a8ba67a5,George Detrick,Individual,individual,West Linn,OR,10410,1,2026-09-09,2026-09-09
orestar-20250101-20260928-787cf45dc908,19050,Christine Drazan,record:c212c1109bf32479df0ac0d6,George McLean,Individual,individual,Salem,OR,10410,1,2026-08-12,2026-08-12
orestar-20250101-20260928-787cf45dc908,19050,Christine Drazan,record:e9da95bb74604e3b3d241390,Glade Diviney,Individual,individual,Albany,OR,10410,1,2026-05-25,2026-05-25
orestar-20250101-20260928-787cf45dc908,19050,Christine Drazan,record:29d302c3fbab54da68963a99,Goedon King,Individual,individual,Salem,OR,10410,1,2026-07-02,2026-07-02
orestar-20250101-20260928-787cf45dc908,19050,Christine Drazan,record:6a155fe00423ec075c4a5508,Greg Schar,Individual,individual,Salem,OR,10410,1,2026-09-23,2026-09-23
orestar-20250101-20260928-787cf45dc908,19050,Christine Drazan,record:e18980785dbadef554ddb887,Hilda Jones,Individual,individual,Portland,OR,10410,1,2026-09-02,2026-09-02
orestar-20250101-20260928-787cf45dc908,19050,Christine Drazan,record:4e830c655c3821edfc1dd5bc,Jack Culwell,Individual,individual,Grants Pass,OR,10410,1,2026-09-02,2026-09-02
orestar-20250101-20260928-787cf45dc908,19050,Christine Drazan,record:74cd2067e745f6dfb1a53c93,Jack Long,Individual,individual,Dallas,OR,10410,1,2025-12-23,2025-12-23
orestar-20250101-20260928-787cf45dc908,19050,Christine Drazan,record:38430c9d00272f213003786f,James Goos,Individual,individual,Portland,OR,10410,1,2026-09-09,2026-09-09
orestar-20250101-20260928-787cf45dc908,19050,Christine Drazan,record:6cd2b5bdc10669ed16b45c2d,James Graeper,Individual,individual,Beaverton,OR,10410,1,2026-08-12,2026-08-12
orestar-20250101-20260928-787cf45dc908,19050,Christine Drazan,record:60798daf7cd2661605b01ae3,James Tiano,Individual,individual,Newberg,OR,10410,1,2026-09-01,2026-09-01
orestar-20250101-20260928-787cf45dc908,19050,Christine Drazan,record:a67fc137810fea4fb94fef41,Janet McFetridge,Individual,individual,Lebanon,OR,10410,1,2026-09-15,2026-09-15
orestar-20250101-20260928-787cf45dc908,19050,Christine Drazan,record:3c807391c5f01c7bee1e7f76,Jayson Criswell,Individual,individual,Portland,OR,10410,1,2026-09-03,2026-09-03
orestar-20250101-20260928-787cf45dc908,19050,Christine Drazan,record:9d9c5734826c539149359f7b,Jebin Ginet,Individual,individual,Williams,OR,10410,1,2026-08-04,2026-08-04
orestar-20250101-20260928-787cf45dc908,19050,Christine Drazan,record:2bad0789d7c817f21acbef41,Jeremy Orcutt,Individual,individual,Florence,OR,10410,1,2026-08-05,2026-08-05
orestar-20250101-20260928-787cf45dc908,19050,Christine Drazan,record:d838ce5450957cfd41caf20a,Jerome Arnold,Individual,individual,Fairview,OR,10410,1,2026-09-17,2026-09-17
orestar-20250101-20260928-787cf45dc908,19050,Christine Drazan,record:ad6fa9f5edef8f1de6be0698,Jim Dorman,Individual,individual,Portland,OR,10410,1,2026-08-27,2026-08-27
orestar-20250101-20260928-787cf45dc908,19050,Christine Drazan,record:118ea8a746d4c4f92ef3ed25,Jim McCreight,Individual,individual,Beaverton,OR,10410,1,2026-07-28,2026-07-28
orestar-20250101-20260928-787cf45dc908,19050,Christine Drazan,record:f51c68bbd839c145ad6f49a9,Jim Paterson,Individual,individual,North Bend,OR,10410,1,2026-04-13,2026-04-13
orestar-20250101-20260928-787cf45dc908,19050,Christine Drazan,record:de1af62197fa8d0ebc23a38e,Jimmy Maxon,Individual,individual,Eugene,OR,10410,1,2026-08-02,2026-08-02
orestar-20250101-20260928-787cf45dc908,19050,Christine Drazan,record:973119d7c6265929b787c869,Joe McDonald,Individual,individual,Beaverton,OR,10410,1,2026-08-03,2026-08-03
orestar-20250101-20260928-787cf45dc908,19050,Christine Drazan,record:75ccf799411008992816f134,Joel Miller,Individual,individual,Portland,OR,10410,1,2026-08-11,2026-08-11
orestar-20250101-20260928-787cf45dc908,19050,Christine Drazan,record:0b79952efc4fec8f9a7497f6,John Evans,Individual,individual,Depoe Bay,OR,10410,1,2026-05-25,2026-05-25
orestar-20250101-20260928-787cf45dc908,19050,Christine Drazan,record:0620198e364ad1620112e481,John Hoffman,Individual,individual,Redmond,OR,10410,1,2025-12-29,2025-12-29
orestar-20250101-20260928-787cf45dc908,19050,Christine Drazan,record:a015cbd88b54be9865a1dbf7,John Hudson,Individual,individual,Eugene,OR,10410,1,2026-09-02,2026-09-02
orestar-20250101-20260928-787cf45dc908,19050,Christine Drazan,record:29cefdd9bdb2e7ea1b17bcf9,John McCall,Individual,individual,Cottage Grove,OR,10410,1,2026-09-01,2026-09-01
orestar-20250101-20260928-787cf45dc908,19050,Christine Drazan,record:cb7aba40672e6cd19137c4dd,John Mhoon,Individual,individual,Salem,OR,10410,1,2026-08-30,2026-08-30
orestar-20250101-20260928-787cf45dc908,19050,Christine Drazan,record:f0ae2c9c93ebaf87bce233d6,John Patel,Individual,individual,Vancouver,WA,10410,1,2026-09-13,2026-09-13
orestar-20250101-20260928-787cf45dc908,19050,Christine Drazan,record:8cbe15d0b649a803ad5f93b1,John Reding,Individual,individual,Hillsboro,OR,10410,1,2026-09-03,2026-09-03
orestar-20250101-20260928-787cf45dc908,19050,Christine Drazan,record:f3458421d81a7ee9ab5f03c6,John Rohal,Individual,individual,Beaverton,OR,10410,1,2026-05-12,2026-05-12
orestar-20250101-20260928-787cf45dc908,19050,Christine Drazan,record:84792fb273e11137a46fe953,Jolene Cox,Individual,individual,Joseph,OR,10410,1,2026-05-31,2026-05-31
orestar-20250101-20260928-787cf45dc908,19050,Christine Drazan,record:236c669c9e36797deb8d2300,Joseph Rohleder,Individual,individual,Waldport,OR,10410,1,2026-04-14,2026-04-14
orestar-20250101-20260928-787cf45dc908,19050,Christine Drazan,record:0fff8dc76e51abfe333c711b,Josh Greason,Individual,individual,Molalla,OR,10410,1,2026-09-08,2026-09-08
orestar-20250101-20260928-787cf45dc908,19050,Christine Drazan,record:21333ef0e9da995e49fa6a17,Judy Hromyko,Individual,individual,Mcminnville,OR,10410,1,2026-04-07,2026-04-07
orestar-20250101-20260928-787cf45dc908,19050,Christine Drazan,record:7c7206f2599d27e6cc62d5c3,Julie Postlewait,Individual,individual,Canby,OR,10410,1,2026-07-28,2026-07-28
orestar-20250101-20260928-787cf45dc908,19050,Christine Drazan,record:741bf8071b27242f10a9f63a,Kaden Kinser,Individual,individual,Corvallis,OR,10410,1,2026-05-25,2026-05-25
orestar-20250101-20260928-787cf45dc908,19050,Christine Drazan,record:05a8a8a849648348d496a3d8,Karen DeVore,Individual,individual,Klamath Falls,OR,10410,1,2026-08-02,2026-08-02
orestar-20250101-20260928-787cf45dc908,19050,Christine Drazan,record:900b422b0c06b72ddb973e57,Karen Sullivan,Individual,individual,Hood River,OR,10410,1,2026-08-11,2026-08-11
orestar-20250101-20260928-787cf45dc908,19050,Christine Drazan,record:afc4ee14422d5d7aa4670d74,Karen Vanderplatt,Individual,individual,Pendleton,OR,10410,1,2026-07-02,2026-07-02
orestar-20250101-20260928-787cf45dc908,19050,Christine Drazan,record:0d6cd73e0aeaa505d899c73e,Kathi Park,Individual,individual,El Nido,CA,10410,1,2026-09-23,2026-09-23
orestar-20250101-20260928-787cf45dc908,19050,Christine Drazan,record:72482996e0552fd58f74f95b,Kathryn Hansen,Individual,individual,Lake Oswego,OR,10410,1,2026-08-26,2026-08-26
orestar-20250101-20260928-787cf45dc908,19050,Christine Drazan,record:00170961ad6d38b85700dacd,Kent Dibble,Individual,individual,Portland,OR,10410,1,2026-09-07,2026-09-07
orestar-20250101-20260928-787cf45dc908,19050,Christine Drazan,record:46115ba31c3687bec14b8f3e,Kim Nichols,Individual,individual,Albany,OR,10410,1,2026-09-09,2026-09-09
orestar-20250101-20260928-787cf45dc908,19050,Christine Drazan,record:de9ef1aeb208081551bd5f2c,Kody Kinser,Individual,individual,Corvallis,OR,10410,1,2026-09-14,2026-09-14
orestar-20250101-20260928-787cf45dc908,19050,Christine Drazan,record:4682e695ea7371e5ea0b9b1d,Larry Lake,Individual,individual,Hillsboro,OR,10410,1,2026-04-14,2026-04-14
orestar-20250101-20260928-787cf45dc908,19050,Christine Drazan,record:f96cde31dc731dc87ee600c5,Laura Parker,Individual,individual,Portland,OR,10410,1,2026-07-26,2026-07-26
orestar-20250101-20260928-787cf45dc908,19050,Christine Drazan,record:c9f774f30b308602f7a0462a,Lauree Ortman,Individual,individual,Damascus,OR,10410,1,2026-09-13,2026-09-13
orestar-20250101-20260928-787cf45dc908,19050,Christine Drazan,record:e9e4c4f73b4a57a3f48e9df3,Leonard Hackendahl,Individual,individual,Grants Pass,OR,10410,1,2026-09-02,2026-09-02
orestar-20250101-20260928-787cf45dc908,19050,Christine Drazan,record:0a71a9a77f60fbc0f063f6a8,Leslie Crum,Individual,individual,Roseburg,OR,10410,1,2026-09-22,2026-09-22
orestar-20250101-20260928-787cf45dc908,19050,Christine Drazan,record:b1a111406546e6a75119e454,Leslie Marchant,Individual,individual,Portland,OR,10410,1,2026-08-17,2026-08-17
orestar-20250101-20260928-787cf45dc908,19050,Christine Drazan,record:0eed9e106113f9235917177a,Linda Flynn,Individual,individual,Lake Oswego,OR,10410,1,2026-03-08,2026-03-08
orestar-20250101-20260928-787cf45dc908,19050,Christine Drazan,record:2e22ae0fb70618538a046bb0,Linda Partridge,Individual,individual,Walterville,OR,10410,1,2025-11-01,2025-11-01
orestar-20250101-20260928-787cf45dc908,19050,Christine Drazan,record:bc7e573368bb054316acd1b9,Lorna Hudson,Individual,individual,Eugene,OR,10410,1,2026-09-27,2026-09-27
orestar-20250101-20260928-787cf45dc908,19050,Christine Drazan,record:5f16bc684f835cff8a6a1e7f,Lynne Schefstrom,Individual,individual,Medford,OR,10410,1,2026-09-08,2026-09-08
orestar-20250101-20260928-787cf45dc908,19050,Christine Drazan,record:db4a6721a9b1f74b30a318b8,Marilyn Mayfield,Individual,individual,Newberg,OR,10410,1,2026-08-10,2026-08-10
orestar-20250101-20260928-787cf45dc908,19050,Christine Drazan,record:972046f242ab49da033b4a8a,Mark Buckbee,Individual,individual,Roseburg,OR,10410,1,2026-08-20,2026-08-20
orestar-20250101-20260928-787cf45dc908,19050,Christine Drazan,record:adb74fb7831c3e96598bc479,Mark Peterman,Individual,individual,Stayton,OR,10410,1,2026-09-02,2026-09-02
orestar-20250101-20260928-787cf45dc908,19050,Christine Drazan,record:2a40af7a78df28d0a46efbdb,Michael Carlson,Individual,individual,Portland,OR,10410,1,2026-08-26,2026-08-26
orestar-20250101-20260928-787cf45dc908,19050,Christine Drazan,record:74f5b87ae454009db7319769,Michael W R Dugan,Individual,individual,Coos Bay,OR,10410,1,2026-05-05,2026-05-05
orestar-20250101-20260928-787cf45dc908,19050,Christine Drazan,record:5218c65cdc89e89fac187e43,Micheal Johnson,Individual,individual,Portland,OR,10410,1,2026-08-24,2026-08-24
orestar-20250101-20260928-787cf45dc908,19050,Christine Drazan,record:6922c7568e84fdde20429941,Mike Heverly,Individual,individual,Medford,OR,10410,1,2026-08-11,2026-08-11
orestar-20250101-20260928-787cf45dc908,19050,Christine Drazan,record:999f298e0d89f0229b650805,Mike Maher,Individual,individual,Sequim,WA,10410,1,2026-05-13,2026-05-13
orestar-20250101-20260928-787cf45dc908,19050,Christine Drazan,record:748d70ea9fd125e34a7e55d6,Mikiko Lomax,Individual,individual,Salem,OR,10410,1,2026-09-22,2026-09-22
orestar-20250101-20260928-787cf45dc908,19050,Christine Drazan,record:caa20c26c9b542fa093941fc,Molly Salazar,Individual,individual,Portland,OR,10410,1,2025-11-04,2025-11-04
orestar-20250101-20260928-787cf45dc908,19050,Christine Drazan,record:a9479678dd6668bf1fd94df7,Myrle Gorsline,Individual,individual,Perry,MI,10410,1,2026-09-01,2026-09-01
orestar-20250101-20260928-787cf45dc908,19050,Christine Drazan,record:3dd59b5567965f1a34b1c21d,Natalie Gilless,Individual,individual,Vernonia,OR,10410,1,2026-08-16,2026-08-16
orestar-20250101-20260928-787cf45dc908,19050,Christine Drazan,record:98e6a3504493c4a0243bb1ef,Neil Hennelly,Individual,individual,West Linn,OR,10410,1,2026-08-17,2026-08-17
orestar-20250101-20260928-787cf45dc908,19050,Christine Drazan,record:b343090a6a02d13f090d9573,Nicholas Durbetaki,Individual,individual,Gaston,OR,10410,1,2026-08-10,2026-08-10
orestar-20250101-20260928-787cf45dc908,19050,Christine Drazan,record:98b621c6d39ba36057a16645,Pam Amborn,Individual,individual,Salem,OR,10410,1,2026-08-18,2026-08-18
orestar-20250101-20260928-787cf45dc908,19050,Christine Drazan,record:25855cc4e9ecc841a8839482,Pat Birmingham,Individual,individual,West Linn,OR,10410,1,2026-07-09,2026-07-09
orestar-20250101-20260928-787cf45dc908,19050,Christine Drazan,record:aa1a0641d5a248355671fdc6,Patrick Rueter,Individual,individual,Sutherlin,OR,10410,1,2026-09-01,2026-09-01
orestar-20250101-20260928-787cf45dc908,19050,Christine Drazan,record:be4d7caa5d03f74ed38fd69e,Paul Deatherage,Individual,individual,Lebanon,OR,10410,1,2026-09-01,2026-09-01
orestar-20250101-20260928-787cf45dc908,19050,Christine Drazan,record:5576b658084a4f3af3c30e50,Paul Radu,Individual,individual,Astoria,OR,10410,1,2026-09-09,2026-09-09
orestar-20250101-20260928-787cf45dc908,19050,Christine Drazan,record:fd0d92e41cd16acbff28ab5c,Paul Wulf,Individual,individual,Salem,OR,10410,1,2026-09-01,2026-09-01
orestar-20250101-20260928-787cf45dc908,19050,Christine Drazan,record:4c3458d3b2add2033f9afcb9,Paula Wick,Individual,individual,Grants Pass,OR,10410,1,2026-08-26,2026-08-26
orestar-20250101-20260928-787cf45dc908,19050,Christine Drazan,record:6e35a27cca8e3b2228f2f5c2,Ralph Stromberger,Individual,individual,Wilsonville,OR,10410,1,2026-04-27,2026-04-27
orestar-20250101-20260928-787cf45dc908,19050,Christine Drazan,record:a8ceb10d553d4d1e95cb2f43,Ramie Snodgrass,Individual,individual,Tualatin,OR,10410,1,2026-05-13,2026-05-13
orestar-20250101-20260928-787cf45dc908,19050,Christine Drazan,record:421ab243b847b8a90a23e8e8,Ray Rose,Individual,individual,Bend,OR,10410,1,2026-09-23,2026-09-23
orestar-20250101-20260928-787cf45dc908,19050,Christine Drazan,record:91aa40d962bf9c389cfb828c,Reza Najafian,Individual,individual,Eugene,OR,10410,1,2026-09-24,2026-09-24
orestar-20250101-20260928-787cf45dc908,19050,Christine Drazan,record:e6be9592a2d85b2ea004d2ad,Richard Bell,Individual,individual,Mcminville,OR,10410,1,2026-08-09,2026-08-09
orestar-20250101-20260928-787cf45dc908,19050,Christine Drazan,record:3709a1399d8821ce97c98056,Richard Jansen,Individual,individual,Newberg,OR,10410,1,2026-08-31,2026-08-31
orestar-20250101-20260928-787cf45dc908,19050,Christine Drazan,record:d5a6d9dd1fc5dc50f41ff760,Richard Powell,Individual,individual,Worcester,MA,10410,1,2026-09-22,2026-09-22
orestar-20250101-20260928-787cf45dc908,19050,Christine Drazan,record:2cd9c2c5a27bed9eb3172f1b,Robert Charles Warner,Individual,individual,Portland,OR,10410,1,2026-08-17,2026-08-17
orestar-20250101-20260928-787cf45dc908,19050,Christine Drazan,record:e79a0a3a228c5b918b845e77,Robert Da Prato,Individual,individual,Portland,OR,10410,1,2026-09-01,2026-09-01
orestar-20250101-20260928-787cf45dc908,19050,Christine Drazan,record:cadff95106f0e5347e9949db,Robert Jossy,Individual,individual,Hillsboro,OR,10410,1,2026-09-01,2026-09-01
orestar-20250101-20260928-787cf45dc908,19050,Christine Drazan,record:9af5cb5dd06dbde48df35fd0,Robert Lieske,Individual,individual,Albany,OR,10410,1,2026-09-21,2026-09-21
orestar-20250101-20260928-787cf45dc908,19050,Christine Drazan,record:ddd429d3df54245de17efe9a,Robert Weir,Individual,individual,The Dalles,OR,10410,1,2026-08-18,2026-08-18
orestar-20250101-20260928-787cf45dc908,19050,Christine Drazan,record:4f1705671a13ebfaa01c6341,Robert Wilkerson,Individual,individual,Klamath Falls,OR,10410,1,2026-09-01,2026-09-01
orestar-20250101-20260928-787cf45dc908,19050,Christine Drazan,record:fe7980b96de276a1deeb1dff,Robert Willis,Individual,individual,Portland,OR,10410,1,2026-08-31,2026-08-31
orestar-20250101-20260928-787cf45dc908,19050,Christine Drazan,record:d0239fbfcaf6147f477a80fb,Roberta Tullis,Individual,individual,Pendleton,OR,10410,1,2025-10-30,2025-10-30
orestar-20250101-20260928-787cf45dc908,19050,Christine Drazan,record:1b08cb321514dbd9d0fda3c1,Robin Price,Individual,individual,Beaverton,OR,10410,1,2026-01-26,2026-01-26
orestar-20250101-20260928-787cf45dc908,19050,Christine Drazan,record:65b141b059b6cc48a5203cca,Rodney Jennings,Individual,individual,Portland,OR,10410,1,2026-09-23,2026-09-23
orestar-20250101-20260928-787cf45dc908,19050,Christine Drazan,record:d15f15463e46acb22d076883,Roger Kenley,Individual,individual,Fairview,OR,10410,1,2026-02-08,2026-02-08
orestar-20250101-20260928-787cf45dc908,19050,Christine Drazan,record:4bbea85f2397a28a2ba58b60,Roger Rivero,Individual,individual,Beaverton,OR,10410,1,2026-08-27,2026-08-27
orestar-20250101-20260928-787cf45dc908,19050,Christine Drazan,record:190745f4936257b6e06f9d27,Ron Snodgrass,Individual,individual,West Linn,OR,10410,2,2026-07-01,2026-09-23
orestar-20250101-20260928-787cf45dc908,19050,Christine Drazan,record:fde524f8d484daa9c57e9b90,Ronald Christian,Individual,individual,Aloha,OR,10410,1,2026-07-08,2026-07-08
orestar-20250101-20260928-787cf45dc908,19050,Christine Drazan,record:59df893b656d7e7dd751f957,Ronald Haworth,Individual,individual,Portland,OR,10410,1,2026-08-17,2026-08-17
orestar-20250101-20260928-787cf45dc908,19050,Christine Drazan,record:f0abbef2dc7fb34eeb152acb,Roy Socia,Individual,individual,Lakeside,OR,10410,1,2026-04-29,2026-04-29
orestar-20250101-20260928-787cf45dc908,19050,Christine Drazan,record:2504c472b68cbd879e45f597,Russell Wilkinnson,Individual,individual,Portland,OR,10410,1,2026-09-09,2026-09-09
orestar-20250101-20260928-787cf45dc908,19050,Christine Drazan,record:f15743dc456220941af7bb73,Ryan Martin,Individual,individual,Pleasant Hill,OR,10410,1,2025-12-17,2025-12-17
orestar-20250101-20260928-787cf45dc908,19050,Christine Drazan,record:3e5e22eb8e8b47e3cfbc81d1,Sandra Twigg,Individual,individual,Cornelius,OR,10410,1,2026-09-22,2026-09-22
orestar-20250101-20260928-787cf45dc908,19050,Christine Drazan,record:ecbdba428abc954d0ab2245e,Scott Etzel,Individual,individual,Portland,OR,10410,1,2026-07-28,2026-07-28
orestar-20250101-20260928-787cf45dc908,19050,Christine Drazan,record:cedccec0d0e88d0caad33060,Scott Simmons,Individual,individual,Beaverton,OR,10410,1,2026-07-30,2026-07-30
orestar-20250101-20260928-787cf45dc908,19050,Christine Drazan,record:7ef8428d7aecb69f6e0c28e6,Sharon Selby,Individual,individual,Portland,OR,10410,1,2026-08-09,2026-08-09
orestar-20250101-20260928-787cf45dc908,19050,Christine Drazan,record:24f5a8287df87426af3f77f5,Stephen Caputo,Individual,individual,Medford,OR,10410,1,2026-01-06,2026-01-06
orestar-20250101-20260928-787cf45dc908,19050,Christine Drazan,record:96ce9011fa53ba16fa976715,Steve Gabel,Individual,individual,Lake Oswego,OR,10410,1,2026-08-18,2026-08-18
orestar-20250101-20260928-787cf45dc908,19050,Christine Drazan,record:2172b0e8f479e1487dc5510d,Steven Little,Individual,individual,Milwaukie,OR,10410,1,2026-04-20,2026-04-20
orestar-20250101-20260928-787cf45dc908,19050,Christine Drazan,record:a26d62d11e27e20509b660bf,Steven Ramsey,Individual,individual,Oregon City,OR,10410,1,2026-09-01,2026-09-01
orestar-20250101-20260928-787cf45dc908,19050,Christine Drazan,record:51e9a491d6d322768df9b4e9,Sue Ozdemir,Individual,individual,Junction City,OR,10410,2,2026-06-09,2026-06-09
orestar-20250101-20260928-787cf45dc908,19050,Christine Drazan,record:ebe51355b08314678f1c2c07,Susan Hayes,Individual,individual,Cornelius,OR,10410,1,2026-09-14,2026-09-14
orestar-20250101-20260928-787cf45dc908,19050,Christine Drazan,record:954b1288d702699b335f7e89,Susann Spratt,Individual,individual,Kalamath Falls,OR,10410,1,2026-08-05,2026-08-05
orestar-20250101-20260928-787cf45dc908,19050,Christine Drazan,record:ac919263ad23c4d18de31bd4,Susanna Stewart,Individual,individual,Portland,OR,10410,1,2025-11-03,2025-11-03
orestar-20250101-20260928-787cf45dc908,19050,Christine Drazan,record:3d3c9bab43e2c98d43adc589,Susanne Luse,Individual,individual,West Linn,OR,10410,1,2026-08-27,2026-08-27
orestar-20250101-20260928-787cf45dc908,19050,Christine Drazan,record:89fe5d3a435270f8900ae010,Tanya DeHart,Individual,individual,Salem,OR,10410,1,2026-06-22,2026-06-22
orestar-20250101-20260928-787cf45dc908,19050,Christine Drazan,record:f83860c8de0cfb4ca5420854,Ted Foster,Individual,individual,Salem,OR,10410,1,2026-08-05,2026-08-05
orestar-20250101-20260928-787cf45dc908,19050,Christine Drazan,record:42c4cc7ff9cad4a53c617c5c,Terri Strom,Individual,individual,Toledo,OR,10410,1,2026-09-02,2026-09-02
orestar-20250101-20260928-787cf45dc908,19050,Christine Drazan,record:4ee0e05c7a86537791580791,The Raymond L Seim Living Trust,Other,other,Bend,OR,10410,1,2026-09-22,2026-09-22
orestar-20250101-20260928-787cf45dc908,19050,Christine Drazan,record:01188a1f2c721c2a3228bf27,Thomas Hammerle,Individual,individual,Roseburg,OR,10410,1,2026-09-22,2026-09-22
orestar-20250101-20260928-787cf45dc908,19050,Christine Drazan,record:3d0e45c28fedd9133d68fefa,Thomas Soderling,Individual,individual,Portland,OR,10410,1,2026-09-03,2026-09-03
orestar-20250101-20260928-787cf45dc908,19050,Christine Drazan,record:598653016be678e27e7fe9b0,Tim Doran,Individual,individual,Sisters,OR,10410,1,2026-08-17,2026-08-17
orestar-20250101-20260928-787cf45dc908,19050,Christine Drazan,record:7ef5e779a15e3babdb1d56b3,Tim Englet,Individual,individual,Stayton,OR,10410,1,2026-09-27,2026-09-27
orestar-20250101-20260928-787cf45dc908,19050,Christine Drazan,record:0372391b20f697c81ef41437,Timothy Kuzma,Individual,individual,Portland,OR,10410,1,2026-08-27,2026-08-27
orestar-20250101-20260928-787cf45dc908,19050,Christine Drazan,record:ecbd9cc2d9e4748e69cbe3d1,Timothy Shiel,Individual,individual,Gaston,OR,10410,1,2026-08-06,2026-08-06
orestar-20250101-20260928-787cf45dc908,19050,Christine Drazan,record:049f9b4561ebe1f785ba34a2,Trudy Gronmark,Individual,individual,Seaside,OR,10410,1,2026-09-24,2026-09-24
orestar-20250101-20260928-787cf45dc908,19050,Christine Drazan,record:4a30f556678fe560790b1f27,Victoria Johnson,Individual,individual,Forest Grove,OR,10410,1,2026-01-24,2026-01-24
orestar-20250101-20260928-787cf45dc908,19050,Christine Drazan,record:4aade066e26cfe47ac19ffe2,Virginia Offenbacher,Individual,individual,Springfield,OR,10410,1,2025-12-26,2025-12-26
orestar-20250101-20260928-787cf45dc908,19050,Christine Drazan,record:20b67ab104c136624aaf3918,Wayne Medley,Individual,individual,Roseburg,OR,10410,1,2026-08-26,2026-08-26
orestar-20250101-20260928-787cf45dc908,19050,Christine Drazan,record:be5583aeb7f16e0deade1d7f,Wendy Flint,Individual,individual,Dundee,OR,10410,1,2026-08-02,2026-08-02
orestar-20250101-20260928-787cf45dc908,19050,Christine Drazan,record:e970c64fb3d62817cdb5f0c3,William Adams,Individual,individual,Hillsboro,OR,10410,1,2026-09-15,2026-09-15
orestar-20250101-20260928-787cf45dc908,19050,Christine Drazan,record:968532c69b54140d69f275fd,William Dewitt,Individual,individual,Kingston,MA,10410,1,2026-09-01,2026-09-01
orestar-20250101-20260928-787cf45dc908,19050,Christine Drazan,record:39dab9016dfe9b8a6fdbb2f6,William Ripley,Individual,individual,Medford,OR,10410,1,2026-08-25,2026-08-25
orestar-20250101-20260928-787cf45dc908,19050,Christine Drazan,record:6ae2d014d0e8ddb05068eb0d,Doshia Burton,Individual,individual,Portland,OR,10205,2,2026-09-17,2026-09-17
orestar-20250101-20260928-787cf45dc908,19050,Christine Drazan,record:1d73120bc85a39f8467f15be,Michelle Milla,Individual,individual,Portland,OR,10205,2,2026-09-01,2026-09-21
orestar-20250101-20260928-787cf45dc908,19050,Christine Drazan,record:6f034c3475a90ec357191804,Ben McKay,Individual,individual,Oregon City,OR,10200,1,2026-09-22,2026-09-22
orestar-20250101-20260928-787cf45dc908,19050,Christine Drazan,record:f3403e15cd98b3e08bd6b8b5,James Hieb,Individual,individual,Canby,OR,10100,1,2025-07-01,2025-07-01
orestar-20250101-20260928-787cf45dc908,19050,Christine Drazan,record:1b48796f32d20474088d2b4a,James Totten,Individual,individual,St. Paul,OR,10100,4,2026-06-02,2026-09-24
orestar-20250101-20260928-787cf45dc908,19050,Christine Drazan,record:95d7962ea46b4d9706c8b721,Nancy Boyd,Individual,individual,Klamath Falls,OR,10008,5,2026-07-02,2026-09-01
orestar-20250101-20260928-787cf45dc908,19050,Christine Drazan,record:c487568b7f19716d68644429,Adam French,Individual,individual,Beaverton,OR,10000,2,2026-08-02,2026-09-01
orestar-20250101-20260928-787cf45dc908,19050,Christine Drazan,record:ffd067db64effa08e2d7d81c,Andrew Burnett,Individual,individual,Portland,OR,10000,1,2026-08-11,2026-08-11
orestar-20250101-20260928-787cf45dc908,19050,Christine Drazan,record:52d25acdb57c4baa0f2b4a7a,Angel Gonzales,Individual,individual,Portland,OR,10000,2,2026-07-01,2026-07-01
orestar-20250101-20260928-787cf45dc908,19050,Christine Drazan,record:d5f7178f0f7933c0e306e1ab,Aron Swerdlin,Individual,individual,Portland,OR,10000,2,2026-06-08,2026-08-04
orestar-20250101-20260928-787cf45dc908,19050,Christine Drazan,record:9d43839f89a36690d4ed09e4,Barbara Hills,Individual,individual,La Grand,OR,10000,1,2026-04-20,2026-04-20
orestar-20250101-20260928-787cf45dc908,19050,Christine Drazan,record:a338b88549f977955adbd44d,Bernie Jueden,Individual,individual,Jefferson,OR,10000,1,2026-09-11,2026-09-11
orestar-20250101-20260928-787cf45dc908,19050,Christine Drazan,record:2445fbbee55a88aed4c98d17,Bill Duncan,Individual,individual,Corvallis,OR,10000,1,2026-09-24,2026-09-24
orestar-20250101-20260928-787cf45dc908,19050,Christine Drazan,record:8c87efc9df694ee23401b7e0,Bob Palmer,Individual,individual,Portland,OR,10000,1,2026-09-24,2026-09-24
orestar-20250101-20260928-787cf45dc908,19050,Christine Drazan,record:ffe7c91d29ec1df00052c2e1,Bob Thomas,Individual,individual,Condon,OR,10000,1,2026-09-02,2026-09-02
orestar-20250101-20260928-787cf45dc908,19050,Christine Drazan,record:d545eb88546358374bebd244,Brian Girsberger,Individual,individual,Portland,OR,10000,1,2026-09-08,2026-09-08
orestar-20250101-20260928-787cf45dc908,19050,Christine Drazan,record:ac3501ad6eb65606fe21710c,Calvin Buyserie,Individual,individual,Silverton,OR,10000,1,2026-08-20,2026-08-20
orestar-20250101-20260928-787cf45dc908,19050,Christine Drazan,record:a09a58e239118a0200d8873d,Carl Miller,Individual,individual,Dallas,OR,10000,1,2026-09-03,2026-09-03
orestar-20250101-20260928-787cf45dc908,19050,Christine Drazan,record:46d162ee23f04ec6c0a074cb,Charles Boddy,Individual,individual,Central Point,OR,10000,1,2025-10-27,2025-10-27
orestar-20250101-20260928-787cf45dc908,19050,Christine Drazan,record:abba74b56c2558d3bb45d24d,Charles Felton,Individual,individual,Hillsboro,OR,10000,1,2026-08-10,2026-08-10
orestar-20250101-20260928-787cf45dc908,19050,Christine Drazan,record:d2d1929a6bc9c771149e50b1,Clifton Eldred,Individual,individual,Salem,OR,10000,2,2026-07-28,2026-08-12
orestar-20250101-20260928-787cf45dc908,19050,Christine Drazan,record:77afc7ae9063bbc588dafb11,Dale Evers,Individual,individual,Banks,OR,10000,1,2026-08-13,2026-08-13
orestar-20250101-20260928-787cf45dc908,19050,Christine Drazan,record:ab54496c253efb7dc17e1bbe,Dan Davids,Individual,individual,Grants Pass,OR,10000,1,2026-09-21,2026-09-21
orestar-20250101-20260928-787cf45dc908,19050,Christine Drazan,record:c5f9b949e56cfb2b507fd64e,Dani Owre,Individual,individual,Dallas,OR,10000,1,2026-09-09,2026-09-09
orestar-20250101-20260928-787cf45dc908,19050,Christine Drazan,record:0f8a9d290caf710fb6fc9978,Daniel (Dan) Shaw,Individual,individual,Forest Grove,OR,10000,1,2025-12-02,2025-12-02
orestar-20250101-20260928-787cf45dc908,19050,Christine Drazan,record:6f42b04350704ec6d6d62cbb,Daniel Berger,Individual,individual,Sioux Falls,SD,10000,4,2026-07-29,2026-09-17
orestar-20250101-20260928-787cf45dc908,19050,Christine Drazan,record:b929e8a04dbdffe70fe0ab4a,Daniel Berger,Individual,individual,Independence,OR,10000,2,2026-08-02,2026-09-01
orestar-20250101-20260928-787cf45dc908,19050,Christine Drazan,record:a647f1993a1b47c7eb884392,Daniel Golden,Individual,individual,Klamath Falls,OR,10000,1,2026-04-24,2026-04-24
orestar-20250101-20260928-787cf45dc908,19050,Christine Drazan,record:21db0ac35d6b9fdb9d9e6707,Daniel J Heinrich,Individual,individual,North Plains,OR,10000,1,2026-09-21,2026-09-21
orestar-20250101-20260928-787cf45dc908,19050,Christine Drazan,record:bb69b0a6cdf9b8a25dd1feb8,David (Dave) Morgan,Individual,individual,Roseburg,OR,10000,1,2026-07-15,2026-07-15
orestar-20250101-20260928-787cf45dc908,19050,Christine Drazan,record:a5b5a01a95423aef0e322be4,David Field,Individual,individual,Milwaukie,OR,10000,1,2026-04-10,2026-04-10
orestar-20250101-20260928-787cf45dc908,19050,Christine Drazan,record:8108023cfd7a69a09fecf30c,David Grebil,Individual,individual,Hillsboro,OR,10000,2,2026-08-25,2026-09-24
orestar-20250101-20260928-787cf45dc908,19050,Christine Drazan,record:e444220999be7eb45248e1b8,David Kuperstein,Individual,individual,Prineville,OR,10000,1,2026-09-18,2026-09-18
orestar-20250101-20260928-787cf45dc908,19050,Christine Drazan,record:68274a1499d907c32f183fe2,David Marleau,Individual,individual,Gresham,OR,10000,4,2026-05-19,2026-08-18
orestar-20250101-20260928-787cf45dc908,19050,Christine Drazan,record:7e7283618af457274077978b,David McLaren,Individual,individual,Lake Oswego,OR,10000,1,2026-09-24,2026-09-24
orestar-20250101-20260928-787cf45dc908,19050,Christine Drazan,record:283e723f7254f02182d79f65,David Quashnick,Individual,individual,Astoria,OR,10000,1,2026-09-24,2026-09-24
orestar-20250101-20260928-787cf45dc908,19050,Christine Drazan,record:2a3384e2f33202976ca87b02,David Roche,Individual,individual,Lake Oswego,OR,10000,1,2026-03-10,2026-03-10
orestar-20250101-20260928-787cf45dc908,19050,Christine Drazan,record:cb3d332c8e56a593e12b87de,David York,Individual,individual,Portland,OR,10000,1,2025-10-31,2025-10-31
orestar-20250101-20260928-787cf45dc908,19050,Christine Drazan,record:784dc53a4feb8687471d51e6,Deanna Fuller,Individual,individual,Salem,OR,10000,1,2026-08-20,2026-08-20
orestar-20250101-20260928-787cf45dc908,19050,Christine Drazan,record:d72cabbffa7a90a113c5e0ee,Debbie Stephens,Individual,individual,Grants Pass,OR,10000,4,2026-05-31,2026-08-31
orestar-20250101-20260928-787cf45dc908,19050,Christine Drazan,record:97b879c9bb21125fd7292919,Debra Royal,Individual,individual,Central Point,OR,10000,2,2026-08-25,2026-09-27
orestar-20250101-20260928-787cf45dc908,19050,Christine Drazan,record:078f3892a68da8fddef3ffc5,Diana Olinger,Individual,individual,Newberg,OR,10000,1,2026-09-08,2026-09-08
orestar-20250101-20260928-787cf45dc908,19050,Christine Drazan,record:86b110a780fb247f7bd5372f,Dianna Thomas,Individual,individual,Brookings,OR,10000,2,2026-04-19,2026-05-19
orestar-20250101-20260928-787cf45dc908,19050,Christine Drazan,record:7050739bad1d7c0d5fa3c567,Don Cummings,Individual,individual,Mcminnville,OR,10000,1,2025-11-30,2025-11-30
orestar-20250101-20260928-787cf45dc908,19050,Christine Drazan,record:0bc4f3f9715d7a4ff512baf4,Don Gingell,Individual,individual,Estacada,OR,10000,1,2025-10-24,2025-10-24
orestar-20250101-20260928-787cf45dc908,19050,Christine Drazan,record:91769d9695e7925895348946,Donald M Olson,Individual,individual,Ashland,OR,10000,1,2026-07-28,2026-07-28
orestar-20250101-20260928-787cf45dc908,19050,Christine Drazan,record:e481a6dca455d67cedc27c7b,Donald Mott,Individual,individual,Medford,OR,10000,2,2026-04-02,2026-08-09
orestar-20250101-20260928-787cf45dc908,19050,Christine Drazan,record:01e9def0dc07eb7b6f799458,Donald Powell,Individual,individual,North Plains,OR,10000,1,2026-09-08,2026-09-08
orestar-20250101-20260928-787cf45dc908,19050,Christine Drazan,record:089e411eebcaff1761b40024,Donna Pompe,Individual,individual,Albany,OR,10000,1,2026-09-15,2026-09-15
orestar-20250101-20260928-787cf45dc908,19050,Christine Drazan,record:9c4b98b78ba7bf44ccd9bc47,Dorothy Holm,Individual,individual,Lake Oswego,OR,10000,1,2026-08-10,2026-08-10
orestar-20250101-20260928-787cf45dc908,19050,Christine Drazan,record:7424f8b9d869efb07ca4d05c,Duane Younger,Individual,individual,Oregon City,OR,10000,2,2026-07-23,2026-08-24
orestar-20250101-20260928-787cf45dc908,19050,Christine Drazan,record:1a104f11b88f55ae5d8f0c94,Ed Martin,Individual,individual,Portland,OR,10000,1,2026-09-22,2026-09-22
orestar-20250101-20260928-787cf45dc908,19050,Christine Drazan,record:c868cb3c454f2544bf66f6b8,Edna Komning,Individual,individual,John Day,OR,10000,1,2026-04-16,2026-04-16
orestar-20250101-20260928-787cf45dc908,19050,Christine Drazan,record:e975df635caca9bc8ebf0e8c,Edward Gray,Individual,individual,Eugene,OR,10000,1,2026-09-04,2026-09-04
orestar-20250101-20260928-787cf45dc908,19050,Christine Drazan,record:213bf8b93d77e5587747416c,Edwin Thompson,Individual,individual,Lake Oswego,OR,10000,1,2026-08-20,2026-08-20
orestar-20250101-20260928-787cf45dc908,19050,Christine Drazan,record:c5c19aa05257696b6ee08607,Elizabeth Madsen Richards,Individual,individual,Dallas,OR,10000,4,2026-05-25,2026-08-31
orestar-20250101-20260928-787cf45dc908,19050,Christine Drazan,record:c31c78562f76024efd92d8f6,Elma Friend,Individual,individual,Damascus,OR,10000,1,2026-09-14,2026-09-14
orestar-20250101-20260928-787cf45dc908,19050,Christine Drazan,record:65cbe8273848915cf5fb2f52,Elsa Durante,Individual,individual,West Linn,OR,10000,1,2026-06-04,2026-06-04
orestar-20250101-20260928-787cf45dc908,19050,Christine Drazan,record:4021feb774a21f5497d0301f,Eugene Waibel,Individual,individual,Corneilus,OR,10000,1,2026-08-11,2026-08-11
orestar-20250101-20260928-787cf45dc908,19050,Christine Drazan,record:fcced3157f565a2b8c8332aa,Frank Horn,Individual,individual,Shedd,OR,10000,3,2026-08-02,2026-09-02
orestar-20250101-20260928-787cf45dc908,19050,Christine Drazan,record:d70c988175a3daa98ab436cf,Franklin Rhee,Individual,individual,Hillsboro,OR,10000,1,2026-08-10,2026-08-10
orestar-20250101-20260928-787cf45dc908,19050,Christine Drazan,record:cfb04b647d8b327fbcbab8d6,Fred Hasse,Individual,individual,Eugene,OR,10000,1,2026-08-30,2026-08-30
orestar-20250101-20260928-787cf45dc908,19050,Christine Drazan,record:a1b5f0a3956f6584059d7bda,Gabriela Leija,Individual,individual,Beaverton,OR,10000,2,2026-08-02,2026-09-01
orestar-20250101-20260928-787cf45dc908,19050,Christine Drazan,record:37a23a7114e9cc014645e6b7,Gail Fridstein,Individual,individual,Bend,OR,10000,1,2026-07-15,2026-07-15
orestar-20250101-20260928-787cf45dc908,19050,Christine Drazan,record:d2e8a698684a74c6d824fcc3,Garry Laine,Individual,individual,Hillsboro,OR,10000,1,2026-09-04,2026-09-04
orestar-20250101-20260928-787cf45dc908,19050,Christine Drazan,record:f06883faf6bba98de945a50f,Garry Platefield,Individual,individual,Happy Valley,OR,10000,1,2026-08-13,2026-08-13
orestar-20250101-20260928-787cf45dc908,19050,Christine Drazan,record:7295c5794c8b88f156aebcef,George Hudson,Individual,individual,Mcminnville,OR,10000,1,2026-09-11,2026-09-11
orestar-20250101-20260928-787cf45dc908,19050,Christine Drazan,record:c4a7d6a469c414a6139241f7,Gerald Honea,Individual,individual,Eugene,OR,10000,3,2026-08-27,2026-09-14
orestar-20250101-20260928-787cf45dc908,19050,Christine Drazan,record:07bde37ceb16e4f91e15a01b,Gwen Niles,Individual,individual,Cottage Grove,OR,10000,4,2026-06-02,2026-09-02
orestar-20250101-20260928-787cf45dc908,19050,Christine Drazan,record:98b22bf1fc925149da8f940d,Ivana Bambusch,Individual,individual,Milwaukie,OR,10000,3,2026-08-13,2026-09-15
orestar-20250101-20260928-787cf45dc908,19050,Christine Drazan,record:2c7fc4696af11c29c8a24c16,Jack Norton,Individual,individual,Shedd,OR,10000,1,2026-09-01,2026-09-01
orestar-20250101-20260928-787cf45dc908,19050,Christine Drazan,record:e3935c1c72aeec0ef84deadc,James Ampe,Individual,individual,Scappoose,OR,10000,2,2026-08-09,2026-09-09
orestar-20250101-20260928-787cf45dc908,19050,Christine Drazan,record:26941714daeef6ddd508b457,James McLaughlin,Individual,individual,Bandon,OR,10000,1,2026-04-20,2026-04-20
orestar-20250101-20260928-787cf45dc908,19050,Christine Drazan,record:9437c06b06b762d42b609969,Jan Nordmo,Individual,individual,Powell Butte,OR,10000,1,2026-09-22,2026-09-22
orestar-20250101-20260928-787cf45dc908,19050,Christine Drazan,record:8c097979b912866db43fb5ab,Janet Carlson,Individual,individual,King City,OR,10000,2,2026-08-04,2026-09-03
orestar-20250101-20260928-787cf45dc908,19050,Christine Drazan,record:6a153400d87091e0a4b51f5e,Janis Vandecoevering,Individual,individual,Woodburn,OR,10000,1,2026-08-14,2026-08-14
orestar-20250101-20260928-787cf45dc908,19050,Christine Drazan,record:c731e505bcf7f2a57b1e3e42,Jean Kughn,Individual,individual,Monroe,OR,10000,1,2026-09-13,2026-09-13
orestar-20250101-20260928-787cf45dc908,19050,Christine Drazan,record:cd1ad3358616185e07e4ef9e,Jeffrey Gray,Individual,individual,Grants Pass,OR,10000,1,2026-09-07,2026-09-07
orestar-20250101-20260928-787cf45dc908,19050,Christine Drazan,record:485524d9fdecaf82eda99a49,Jeraldine Mulkey,Individual,individual,Monmouth,OR,10000,1,2026-04-16,2026-04-16
orestar-20250101-20260928-787cf45dc908,19050,Christine Drazan,record:6431cbc46810ef20ddacbcd2,Jesse Morey,Individual,individual,Portland,OR,10000,1,2026-08-04,2026-08-04
orestar-20250101-20260928-787cf45dc908,19050,Christine Drazan,record:d13fb376c1a4e7798a9d2fc5,Joe Kincaid,Individual,individual,Wilsonville,OR,10000,1,2026-09-02,2026-09-02
orestar-20250101-20260928-787cf45dc908,19050,Christine Drazan,record:7551b6ae506bcea4624ae1eb,Joe Levesque,Individual,individual,Bend,OR,10000,4,2026-06-29,2026-09-13
orestar-20250101-20260928-787cf45dc908,19050,Christine Drazan,record:9fc854bcc3d1ae814ba6f921,Joel Dietzman,Individual,individual,Portland,OR,10000,4,2026-05-31,2026-08-31
orestar-20250101-20260928-787cf45dc908,19050,Christine Drazan,record:ed23ddfb8aef43aa42f5eca6,John Duncan,Individual,individual,Portland,OR,10000,1,2026-09-15,2026-09-15
orestar-20250101-20260928-787cf45dc908,19050,Christine Drazan,record:efab27d2364447ee00e605c7,John Edmundson,Individual,individual,Hermistron,OR,10000,1,2026-04-24,2026-04-24
orestar-20250101-20260928-787cf45dc908,19050,Christine Drazan,record:c1026b1b8c4a3fca94a83dc5,John Hajny,Individual,individual,Tillamook,OR,10000,1,2026-09-02,2026-09-02
orestar-20250101-20260928-787cf45dc908,19050,Christine Drazan,record:281b6c5f93f1ec77ec55e768,John Ritchie,Individual,individual,Sherwood,OR,10000,1,2026-08-14,2026-08-14
orestar-20250101-20260928-787cf45dc908,19050,Christine Drazan,record:2060ffd074bcde6270da2391,John Sullivan,Individual,individual,Canby,OR,10000,1,2026-08-30,2026-08-30
orestar-20250101-20260928-787cf45dc908,19050,Christine Drazan,record:d0b2fa2d0f09e32b982daf46,Judy Steel,Individual,individual,Albany,OR,10000,2,2026-08-13,2026-09-15
orestar-20250101-20260928-787cf45dc908,19050,Christine Drazan,record:06f62ae30541b66e38b32c28,Keith Henagin,Individual,individual,Eagle Point,OR,10000,2,2026-08-11,2026-08-11
orestar-20250101-20260928-787cf45dc908,19050,Christine Drazan,record:cdcf3605e6e208cc72b593e1,Kenneth Alexander,Individual,individual,Unity,OR,10000,1,2026-09-08,2026-09-08
orestar-20250101-20260928-787cf45dc908,19050,Christine Drazan,record:4fe74ecd4274579bbcecc6fb,Kent Purdy,Individual,individual,Sublimity,OR,10000,1,2026-09-08,2026-09-08
orestar-20250101-20260928-787cf45dc908,19050,Christine Drazan,record:956ae7b1eefccaba7a771c39,Kevin Rife,Individual,individual,Eugene,OR,10000,1,2026-08-30,2026-08-30
orestar-20250101-20260928-787cf45dc908,19050,Christine Drazan,record:3814e24daad6b9e7a657f69f,Kimble Clark,Individual,individual,Bend,OR,10000,2,2026-08-31,2026-09-11
orestar-20250101-20260928-787cf45dc908,19050,Christine Drazan,record:c73e80fdf04809015a797365,Kris Eblen,Individual,individual,Fairview,OR,10000,7,2026-05-14,2026-09-09
orestar-20250101-20260928-787cf45dc908,19050,Christine Drazan,record:18af271394dc7c7ff9f7439d,Ladd Henderson,Individual,individual,Pacific City,OR,10000,1,2026-09-08,2026-09-08
orestar-20250101-20260928-787cf45dc908,19050,Christine Drazan,record:0068d1db0e9cddf3f35efb7d,Larry Bennett,Individual,individual,Oregon City,OR,10000,1,2026-08-30,2026-08-30
orestar-20250101-20260928-787cf45dc908,19050,Christine Drazan,record:de84ebe61b3fe35ab35ad7e4,Larry Carter,Individual,individual,Salem,OR,10000,2,2025-10-24,2026-09-24
orestar-20250101-20260928-787cf45dc908,19050,Christine Drazan,record:29bd367b61b69b79cc6a3132,Larry Houchin,Individual,individual,Lebanon,OR,10000,1,2026-04-14,2026-04-14
orestar-20250101-20260928-787cf45dc908,19050,Christine Drazan,record:d8ec84d75a26ee9f4a116e19,Lauries Pilot Service LLC,Business Entity,business,Lebanon,OR,10000,1,2026-08-24,2026-08-24
orestar-20250101-20260928-787cf45dc908,19050,Christine Drazan,record:eff8fe010a15aa722811639c,Lawrence Lear,Individual,individual,Condon,OR,10000,4,2026-07-26,2026-09-02
orestar-20250101-20260928-787cf45dc908,19050,Christine Drazan,record:162d31b735980ffc91b26794,Lewis Prange,Individual,individual,Estacada,OR,10000,1,2026-09-16,2026-09-16
orestar-20250101-20260928-787cf45dc908,19050,Christine Drazan,record:e31103426e0496617193e50e,Maralea Peacore,Individual,individual,Klamath Falls,OR,10000,1,2026-05-11,2026-05-11
orestar-20250101-20260928-787cf45dc908,19050,Christine Drazan,record:1541bbb27326465b302e803b,Margaret Gibson,Individual,individual,Astoria,OR,10000,1,2025-12-28,2025-12-28
orestar-20250101-20260928-787cf45dc908,19050,Christine Drazan,record:83fb2ae053ae3fa1cc501b2e,Margo Bachhuber,Individual,individual,Gresham,OR,10000,1,2025-12-31,2025-12-31
orestar-20250101-20260928-787cf45dc908,19050,Christine Drazan,record:4af85b34ce3c2cabf716334f,Mark Estes,Individual,individual,Beaverton,OR,10000,1,2026-08-11,2026-08-11
orestar-20250101-20260928-787cf45dc908,19050,Christine Drazan,record:3c8583537d900f83513330de,Mark Olson,Individual,individual,Banks,OR,10000,2,2026-06-10,2026-08-20
orestar-20250101-20260928-787cf45dc908,19050,Christine Drazan,record:8658e15b6cd11c4e211ed359,Mark Rosier,Individual,individual,Eugene,OR,10000,1,2026-03-03,2026-03-03
orestar-20250101-20260928-787cf45dc908,19050,Christine Drazan,record:ab98fa0820a5d48774e94e51,Martin Becker,Individual,individual,Portland,OR,10000,1,2026-09-11,2026-09-11
orestar-20250101-20260928-787cf45dc908,19050,Christine Drazan,record:af4aca0c579db348ac631912,Mary Betts,Individual,individual,Foster,OR,10000,1,2026-09-02,2026-09-02
orestar-20250101-20260928-787cf45dc908,19050,Christine Drazan,record:a254d608c2a646ead4126da6,Mary Rose Brandt,Individual,individual,Silverton,OR,10000,1,2026-05-11,2026-05-11
orestar-20250101-20260928-787cf45dc908,19050,Christine Drazan,record:c1396b8372f2878d770b2498,Megan Cook,Individual,individual,Ontario,OR,10000,1,2025-11-28,2025-11-28
orestar-20250101-20260928-787cf45dc908,19050,Christine Drazan,record:30f46796fa8133e89ea014ee,Michael (Mike) Grubbe,Individual,individual,Sherwood,OR,10000,1,2026-09-15,2026-09-15
orestar-20250101-20260928-787cf45dc908,19050,Christine Drazan,record:b4cd8bf2c425f4a1d7b9d919,Michael (Mike) Mosee,Individual,individual,Eagle Point,OR,10000,1,2025-10-30,2025-10-30
orestar-20250101-20260928-787cf45dc908,19050,Christine Drazan,record:67e51c73f93e57e73d1dae8b,Michael Allehoff,Individual,individual,Columbia City,OR,10000,1,2026-09-11,2026-09-11
orestar-20250101-20260928-787cf45dc908,19050,Christine Drazan,record:9e98d24e2efb93e084accc68,Michael Johnson,Individual,individual,Portland,OR,10000,1,2026-09-01,2026-09-01
orestar-20250101-20260928-787cf45dc908,19050,Christine Drazan,record:4087f81fb14876da96c69383,Michael Miller,Individual,individual,Damascus,OR,10000,1,2026-07-15,2026-07-15
orestar-20250101-20260928-787cf45dc908,19050,Christine Drazan,record:285ebf2f0ac37de1a0b9cfed,Michael Pallotta,Individual,individual,Jacksonville,OR,10000,1,2026-09-07,2026-09-07
orestar-20250101-20260928-787cf45dc908,19050,Christine Drazan,record:befe03549f1cfc4cb0e9ec46,Michelle Lyman,Individual,individual,Oregon City,OR,10000,1,2026-09-14,2026-09-14
orestar-20250101-20260928-787cf45dc908,19050,Christine Drazan,record:2f20b245bec7fa26be60e3c0,Mila Shaw,Individual,individual,Portland,OR,10000,1,2026-09-08,2026-09-08
orestar-20250101-20260928-787cf45dc908,19050,Christine Drazan,record:9684b73c69b054ea1ecfc575,Noel Peirce,Individual,individual,Keizer,OR,10000,1,2025-12-31,2025-12-31
orestar-20250101-20260928-787cf45dc908,19050,Christine Drazan,record:5bb3e6f168cef98a2322b019,Patrick Birmingham,Individual,individual,West Linn,OR,10000,1,2026-08-14,2026-08-14
orestar-20250101-20260928-787cf45dc908,19050,Christine Drazan,record:97e5e61b8636cd8314492c42,Paul A Rowan,Individual,individual,Klamath Falls,OR,10000,1,2026-09-11,2026-09-11
orestar-20250101-20260928-787cf45dc908,19050,Christine Drazan,record:abf07c60cafadd7e7a0a2d24,Paul Golden,Individual,individual,Bend,OR,10000,1,2026-08-11,2026-08-11
orestar-20250101-20260928-787cf45dc908,19050,Christine Drazan,record:1d18a235e34baff1e88fb494,Paul Hauer,Individual,individual,Oregon City,OR,10000,1,2025-10-23,2025-10-23
orestar-20250101-20260928-787cf45dc908,19050,Christine Drazan,record:47c89e34dc472e4c9e87b669,Pete Dumont,Individual,individual,Bend,OR,10000,4,2026-05-31,2026-08-31
orestar-20250101-20260928-787cf45dc908,19050,Christine Drazan,record:95ebea823f0639c6ca0772d7,Philip H Smith,Individual,individual,Springfield,OR,10000,1,2026-09-21,2026-09-21
orestar-20250101-20260928-787cf45dc908,19050,Christine Drazan,record:f4ffe45ceaea35ab2028a2a7,R Thomas Butler,Individual,individual,Star,ID,10000,1,2026-09-24,2026-09-24
orestar-20250101-20260928-787cf45dc908,19050,Christine Drazan,record:90b7aaffc22426cdcaab3587,Ray Clack,Individual,individual,Oregon City,OR,10000,4,2026-05-31,2026-08-31
orestar-20250101-20260928-787cf45dc908,19050,Christine Drazan,record:d1004ada3ac10567c41ad0ba,Raymond M Socia,Individual,individual,Lakeside,OR,10000,2,2026-08-14,2026-09-08
orestar-20250101-20260928-787cf45dc908,19050,Christine Drazan,record:2becf175405ec26f31eab51d,Reiling Revocable Trust,Other,other,Lake Oswego,OR,10000,1,2026-09-08,2026-09-08
orestar-20250101-20260928-787cf45dc908,19050,Christine Drazan,record:dc1ecb401e34bf73857eba63,Richard Bell,Individual,individual,Mcminnville,OR,10000,1,2026-09-04,2026-09-04
orestar-20250101-20260928-787cf45dc908,19050,Christine Drazan,record:685a0c1bd2b26d78c689e4da,Richard Card,Individual,individual,Klamath Falls,OR,10000,2,2026-08-02,2026-09-01
orestar-20250101-20260928-787cf45dc908,19050,Christine Drazan,record:4e6de402a2b308f22aa6d5fb,Richard Hobbie,Individual,individual,Bend,OR,10000,2,2026-08-02,2026-09-01
orestar-20250101-20260928-787cf45dc908,19050,Christine Drazan,record:aa1fad1b168403074a1d11dd,Richard L Meier,Individual,individual,Milton-Freewater,OR,10000,1,2026-08-14,2026-08-14
orestar-20250101-20260928-787cf45dc908,19050,Christine Drazan,record:900c88d031585834946def94,Rick Robinson,Individual,individual,Philomath,OR,10000,1,2026-09-03,2026-09-03
orestar-20250101-20260928-787cf45dc908,19050,Christine Drazan,record:518792d3168159a7d0073d87,Robert Cegon,Individual,individual,Salem,OR,10000,1,2026-07-01,2026-07-01
orestar-20250101-20260928-787cf45dc908,19050,Christine Drazan,record:16ed939c0bfea2f60bf383c0,Robert E Imboden,Individual,individual,Mcminnville,OR,10000,1,2026-08-17,2026-08-17
orestar-20250101-20260928-787cf45dc908,19050,Christine Drazan,record:c1628f1182de5ae30bc28584,"Robert Ellingson, III",Individual,individual,Baker City,OR,10000,1,2026-09-08,2026-09-08
orestar-20250101-20260928-787cf45dc908,19050,Christine Drazan,record:813ac18e46c24773b845f79b,Robert Hall,Individual,individual,Beavercreek,OR,10000,1,2025-12-08,2025-12-08
orestar-20250101-20260928-787cf45dc908,19050,Christine Drazan,record:460d08ff84f48738085b4805,Robert McLyman,Individual,individual,Madras,OR,10000,1,2026-09-01,2026-09-01
orestar-20250101-20260928-787cf45dc908,19050,Christine Drazan,record:0db66b1c3c10baaeee1e5286,Robert Schroeder,Individual,individual,Corvallis,OR,10000,1,2025-12-30,2025-12-30
orestar-20250101-20260928-787cf45dc908,19050,Christine Drazan,record:58cb9252b36ec1ad146a3b18,Rodney Wenz,Individual,individual,Happy Valley,OR,10000,4,2026-04-20,2026-09-24
orestar-20250101-20260928-787cf45dc908,19050,Christine Drazan,record:d2dd2adf140a6f45418bce39,Roland Olinger,Individual,individual,Newberg,OR,10000,1,2026-09-08,2026-09-08
orestar-20250101-20260928-787cf45dc908,19050,Christine Drazan,record:63cd6ca21b231397a5909b7e,Russell Little,Individual,individual,Tualatin,OR,10000,1,2026-09-24,2026-09-24
orestar-20250101-20260928-787cf45dc908,19050,Christine Drazan,record:afaf3162ecd3adc0b7c3caad,Sam McKillip,Individual,individual,Donald,OR,10000,1,2026-03-03,2026-03-03
orestar-20250101-20260928-787cf45dc908,19050,Christine Drazan,record:9fff5501a33b4ab1e82e295f,Samuel Kelder,Individual,individual,Cottage Grove,OR,10000,1,2026-05-06,2026-05-06
orestar-20250101-20260928-787cf45dc908,19050,Christine Drazan,record:2bd824273dc73693b23f0c6b,Scott Kelso,Individual,individual,Vale,OR,10000,4,2026-06-23,2026-09-22
orestar-20250101-20260928-787cf45dc908,19050,Christine Drazan,record:514441e482e47ab8cfa48a01,Scott Leadham,Individual,individual,Gresham,OR,10000,1,2025-07-30,2025-07-30
orestar-20250101-20260928-787cf45dc908,19050,Christine Drazan,record:edcef3d25946a9178da20358,Scott Zagarino,Individual,individual,Hood River,OR,10000,4,2026-06-02,2026-09-01
orestar-20250101-20260928-787cf45dc908,19050,Christine Drazan,record:7a6019fc4093568bda0a7d87,Shannon Richards,Individual,individual,Estacada,OR,10000,4,2026-06-01,2026-09-01
orestar-20250101-20260928-787cf45dc908,19050,Christine Drazan,record:abdf64abdbf8ddc18ed7015e,Shelly Heim,Individual,individual,Newport,OR,10000,1,2026-08-13,2026-08-13
orestar-20250101-20260928-787cf45dc908,19050,Christine Drazan,record:1bcf3d8e57911d53b3e2d493,Stephanie Fine,Individual,individual,Portland,OR,10000,4,2026-05-31,2026-08-31
orestar-20250101-20260928-787cf45dc908,19050,Christine Drazan,record:3a64dcbcbd5434158966244b,Stephen Stover,Individual,individual,Salem,OR,10000,1,2026-08-20,2026-08-20
orestar-20250101-20260928-787cf45dc908,19050,Christine Drazan,record:9371f6aacb387b2a1aa19310,Steve Freeberg,Individual,individual,Keizer,OR,10000,2,2026-09-08,2026-09-24
orestar-20250101-20260928-787cf45dc908,19050,Christine Drazan,record:ccaa37734e32090be3b3cbe9,Steven Potts,Individual,individual,Hermiston,OR,10000,1,2026-09-01,2026-09-01
orestar-20250101-20260928-787cf45dc908,19050,Christine Drazan,record:e2a30d548e8fcc6e2117cd7a,Stiles Jewett,Individual,individual,Wilsonville,OR,10000,1,2026-09-02,2026-09-02
orestar-20250101-20260928-787cf45dc908,19050,Christine Drazan,record:566bfc173fc67432517996b0,Sue Carol Durham,Individual,individual,Portland,OR,10000,1,2026-08-24,2026-08-24
orestar-20250101-20260928-787cf45dc908,19050,Christine Drazan,record:028b9ac2eb5a819a06017652,Suzanne Penegor,Individual,individual,Eugene,OR,10000,1,2026-09-02,2026-09-02
orestar-20250101-20260928-787cf45dc908,19050,Christine Drazan,record:bcad44044b2815adff1ebce2,Thomas A Walker,Individual,individual,Bend,OR,10000,1,2026-09-21,2026-09-21
orestar-20250101-20260928-787cf45dc908,19050,Christine Drazan,record:19680bd263cac3eb54d9cff8,"Thomas Downes, Jr.",Individual,individual,Tigard,OR,10000,1,2026-08-10,2026-08-10
orestar-20250101-20260928-787cf45dc908,19050,Christine Drazan,record:403107590c8d730a6da318e1,Timothy Keady,Individual,individual,Gresham,OR,10000,1,2026-03-24,2026-03-24
orestar-20250101-20260928-787cf45dc908,19050,Christine Drazan,record:02f1f379fd608939ca0c0d87,Troy Acott,Individual,individual,Beaverton,OR,10000,1,2026-08-04,2026-08-04
orestar-20250101-20260928-787cf45dc908,19050,Christine Drazan,record:551231696444c2320ccc6b21,Walter Joned,Individual,individual,St Helens,OR,10000,2,2026-08-16,2026-09-15
orestar-20250101-20260928-787cf45dc908,19050,Christine Drazan,record:56067022cc93b119b8ad4029,Walter Oakley,Individual,individual,Damascus,OR,10000,1,2026-07-01,2026-07-01
orestar-20250101-20260928-787cf45dc908,19050,Christine Drazan,record:45a63defe147a55758a5ef04,William Lioio,Individual,individual,Springfield,OR,10000,1,2026-08-09,2026-08-09
orestar-20250101-20260928-787cf45dc908,19050,Christine Drazan,record:e30538ffb3d158c2710af517,William Wilber,Individual,individual,Hines,OR,10000,1,2026-05-11,2026-05-11
orestar-20250101-20260928-787cf45dc908,19050,Christine Drazan,record:a9a05d889c9f6d8bca6e284d,Zack Nolan,Individual,individual,Oregon City,OR,10000,1,2026-07-13,2026-07-13
orestar-20250101-20260928-787cf45dc908,19050,Christine Drazan,record:4a94ac98a43da97b6d8f31a2,John Godon,Individual,individual,Eugene,OR,9900,17,2026-06-30,2026-09-22
orestar-20250101-20260928-787cf45dc908,19050,Christine Drazan,record:9e409b28a27068228bcf852f,Lynn Wilson,Individual,individual,Roseburg,OR,9500,7,2026-04-21,2026-09-01
orestar-20250101-20260928-787cf45dc908,19050,Christine Drazan,record:d2c4fb940078d72042cd1106,Randy Panek,Individual,individual,Culver,OR,9300,4,2026-08-11,2026-09-09
orestar-20250101-20260928-787cf45dc908,19050,Christine Drazan,record:39f900acb62c9099baa5b164,Jami Walkins,Individual,individual,Medford,OR,8000,6,2026-05-19,2026-09-14
orestar-20250101-20260928-787cf45dc908,19050,Christine Drazan,record:5758e3d728cd1e2067a8e0ea,Neil Ripsch,Individual,individual,Bend,OR,8000,5,2026-03-31,2026-09-21
orestar-20250101-20260928-787cf45dc908,19050,Christine Drazan,record:96045025f8d0f2e93e9c0cc2,Robert Best,Individual,individual,Eugene,OR,8000,4,2026-06-23,2026-09-22
orestar-20250101-20260928-787cf45dc908,19050,Christine Drazan,record:2f5b1fca32c73a82cef65b4b,John Harding,Individual,individual,O'Brien,OR,7808,1,2026-09-22,2026-09-22
orestar-20250101-20260928-787cf45dc908,19050,Christine Drazan,record:ba38917cc704cc02ddd64aa8,Brian Erland,Individual,individual,Keizer,OR,7705,2,2026-08-04,2026-08-25
orestar-20250101-20260928-787cf45dc908,19050,Christine Drazan,record:d03aa1c22709af2ea76f87f0,Eva Subais,Individual,individual,Grants Pass,OR,7600,2,2026-09-02,2026-09-24
orestar-20250101-20260928-787cf45dc908,19050,Christine Drazan,record:2996ac8aa273986acfbf3dce,Bruce Erickson,Individual,individual,Sandy,OR,7500,3,2026-07-22,2026-09-22
orestar-20250101-20260928-787cf45dc908,19050,Christine Drazan,record:d79a9042af5eaa4e6e190e4d,Carroll Newcomb,Individual,individual,Prospect,OR,7500,3,2026-05-19,2026-07-19
orestar-20250101-20260928-787cf45dc908,19050,Christine Drazan,record:007a54f584c4bb423101fe3e,Daniel Berger,Individual,individual,Independence,OR,7500,2,2026-07-01,2026-07-19
orestar-20250101-20260928-787cf45dc908,19050,Christine Drazan,record:b341ee3e594eab0bb11fc704,David Hauer,Individual,individual,Gresham,OR,7500,3,2026-06-29,2026-08-27
orestar-20250101-20260928-787cf45dc908,19050,Christine Drazan,record:f58375b53cb95b8009bd3acc,Elizabeth Gomez,Individual,individual,Grants Pass,OR,7500,3,2026-04-20,2026-06-21
orestar-20250101-20260928-787cf45dc908,19050,Christine Drazan,record:7dce6f1b913c392c41407cb3,James Williams,Individual,individual,Mcminnville,OR,7500,3,2026-07-02,2026-09-02
orestar-20250101-20260928-787cf45dc908,19050,Christine Drazan,record:24b8bb11b8d58eaf4b49ae5b,Jeff Whitener,Individual,individual,Salem,OR,7500,3,2026-07-14,2026-09-15
orestar-20250101-20260928-787cf45dc908,19050,Christine Drazan,record:f0e0f32e78831115d1af8fa7,Judith Ridenour,Individual,individual,Baker City,OR,7500,3,2026-05-19,2026-07-19
orestar-20250101-20260928-787cf45dc908,19050,Christine Drazan,record:fe4702f643fe06241f10d4a7,Mark Farstvedt,Individual,individual,Bend,OR,7500,3,2026-08-24,2026-09-22
orestar-20250101-20260928-787cf45dc908,19050,Christine Drazan,record:c988052e9ad7b010a1580728,Michael Koontz,Individual,individual,Baker City,OR,7500,2,2026-09-22,2026-09-24
orestar-20250101-20260928-787cf45dc908,19050,Christine Drazan,record:b8c46a5397859f0bba5bc666,Patricia Godfrey,Individual,individual,Garibaldi,OR,7500,2,2026-05-11,2026-08-07
orestar-20250101-20260928-787cf45dc908,19050,Christine Drazan,record:be794e902db314e9f57d5dd1,Paul Meeker,Individual,individual,Florence,OR,7500,3,2026-07-15,2026-09-15
orestar-20250101-20260928-787cf45dc908,19050,Christine Drazan,record:975d72d825f16da97a56d6c0,Paula Black,Individual,individual,Portland,OR,7500,3,2026-08-24,2026-09-22
orestar-20250101-20260928-787cf45dc908,19050,Christine Drazan,record:9f02bac904ce5d32ccf8bb44,Rick Bailey,Individual,individual,Florence,OR,7500,3,2026-08-02,2026-09-01
orestar-20250101-20260928-787cf45dc908,19050,Christine Drazan,record:31d14302a8c01317fdab73c5,Stephen Allison,Individual,individual,Hillsboro,OR,7500,1,2026-08-31,2026-08-31
orestar-20250101-20260928-787cf45dc908,19050,Christine Drazan,record:f534e1d01ba14d2abc94290c,Susan Smith,Individual,individual,Bend,OR,7500,2,2025-12-02,2026-09-24
orestar-20250101-20260928-787cf45dc908,19050,Christine Drazan,record:689fbb328c72f1de2c72393b,Troy Meyer,Individual,individual,Canyonville,OR,7500,3,2025-10-31,2025-12-28
orestar-20250101-20260928-787cf45dc908,19050,Christine Drazan,record:ac54eb0ea6d6b54b25c2f8cf,Keith Moore,Individual,individual,Gresham,OR,7300,4,2026-06-22,2026-09-13
orestar-20250101-20260928-787cf45dc908,19050,Christine Drazan,record:dbd8bc23e9a33d851984507b,Barry Green,Individual,individual,Umpqua,OR,7000,4,2026-07-15,2026-08-17
orestar-20250101-20260928-787cf45dc908,19050,Christine Drazan,record:17f44ef9543b4d1a093d3e5d,Jennifer Gillette,Individual,individual,Lake Oswego,OR,7000,2,2026-08-19,2026-09-21
orestar-20250101-20260928-787cf45dc908,19050,Christine Drazan,record:9c0499be7e2dda4b4a21599e,Lauranne Irion,Individual,individual,Salem,OR,7000,2,2026-08-19,2026-09-21
orestar-20250101-20260928-787cf45dc908,19050,Christine Drazan,record:940e66c321fa706ee2e27da9,James Emery,Individual,individual,Clatskanie,OR,6800,2,2026-08-25,2026-08-30
orestar-20250101-20260928-787cf45dc908,19050,Christine Drazan,record:77689e2faaa3af0d5ca040f0,Mark Rhoden,Individual,individual,Prineville,OR,6800,3,2026-08-18,2026-09-16
orestar-20250101-20260928-787cf45dc908,19050,Christine Drazan,record:94490d5093bbda9cdf5b0587,Sue Miller,Individual,individual,West Linn,OR,6800,3,2026-08-25,2026-09-23
orestar-20250101-20260928-787cf45dc908,19050,Christine Drazan,record:dfc12d35d51a13611cb0ce88,Fred Hauer,Individual,individual,Bend,OR,6500,2,2026-05-18,2026-09-24
orestar-20250101-20260928-787cf45dc908,19050,Christine Drazan,record:08a736ad3632b111180d8e03,Michael Powell,Individual,individual,Rainier,OR,6500,5,2026-08-12,2026-09-21
orestar-20250101-20260928-787cf45dc908,19050,Christine Drazan,record:3f7f9c535b73e75a54c15c2b,Remijio Broviak,Individual,individual,North Bend,OR,6400,1,2025-11-14,2025-11-14
orestar-20250101-20260928-787cf45dc908,19050,Christine Drazan,record:bf2e3082c9e9f9eaef683fc4,Cliff Stephens,Individual,individual,Portland,OR,6103,3,2026-07-15,2026-09-01
orestar-20250101-20260928-787cf45dc908,19050,Christine Drazan,record:086727173379cb4854b709fe,Elaine Maxey,Individual,individual,Portland,OR,6016,1,2026-07-01,2026-07-01
orestar-20250101-20260928-787cf45dc908,19050,Christine Drazan,record:d6d6560befe62d28b1bd318c,Robert Mathers,Individual,individual,Portland,OR,6008,2,2026-09-01,2026-09-01
orestar-20250101-20260928-787cf45dc908,19050,Christine Drazan,record:db03b6635d4e676c4b02504f,Cynthia Kolb,Individual,individual,Beaverton,OR,6000,1,2025-11-14,2025-11-14
orestar-20250101-20260928-787cf45dc908,19050,Christine Drazan,record:36e06785f07779a5d5a6d30a,Tricia Bramson,Individual,individual,Canby,OR,5700,1,2025-11-13,2025-11-13
orestar-20250101-20260928-787cf45dc908,19050,Christine Drazan,record:fa7618f80f16935805ed9a3d,Brad Flowers,Individual,individual,Happy Valley,OR,5521,5,2026-07-21,2026-08-31
orestar-20250101-20260928-787cf45dc908,19050,Christine Drazan,record:2a8083434b749730f59bf63a,Rhonda Medlock,Individual,individual,Eugene,OR,5300,2,2026-06-22,2026-07-12
orestar-20250101-20260928-787cf45dc908,19050,Christine Drazan,record:a3743aaa28b742e381750c83,Criss Cartmill,Individual,individual,Damascas,OR,5205,1,2026-09-01,2026-09-01
orestar-20250101-20260928-787cf45dc908,19050,Christine Drazan,record:89784653f9cf174c2336a7f1,Dennis Phillips,Individual,individual,Portland,OR,5205,1,2026-05-03,2026-05-03
orestar-20250101-20260928-787cf45dc908,19050,Christine Drazan,record:c25119c159ace3f33b878151,Duane Younger,Individual,individual,Oregon City,OR,5205,1,2026-09-22,2026-09-22
orestar-20250101-20260928-787cf45dc908,19050,Christine Drazan,record:46b173ef983db1ce71ab06f1,Jan Murphy,Individual,individual,Paisley,OR,5205,1,2025-10-31,2025-10-31
orestar-20250101-20260928-787cf45dc908,19050,Christine Drazan,record:4feb23ba97ce30c70f518f0b,Janet Frazier,Individual,individual,Portland,OR,5205,1,2026-09-22,2026-09-22
orestar-20250101-20260928-787cf45dc908,19050,Christine Drazan,record:4d7ba6ca49ea1081025da817,Joel Williamson,Individual,individual,Dayton,OR,5205,1,2026-09-23,2026-09-23
orestar-20250101-20260928-787cf45dc908,19050,Christine Drazan,record:acd004b6ab3b861786e7d1ff,Lynette Nickel,Individual,individual,Klamath Falls,OR,5205,1,2026-08-25,2026-08-25
orestar-20250101-20260928-787cf45dc908,19050,Christine Drazan,record:ae7bd3afafd34bfbc81c044e,Patrick McLaughlin,Individual,individual,Brookings,OR,5205,1,2026-08-18,2026-08-18
orestar-20250101-20260928-787cf45dc908,19050,Christine Drazan,record:f6bd7a26fb6e37737e99e0b2,Tom R Milby,Individual,individual,North Bend,OR,5205,1,2026-08-12,2026-08-12
orestar-20250101-20260928-787cf45dc908,19050,Christine Drazan,record:26c59144d1ab0b924c3f219a,Torin Dixon,Individual,individual,Candby,OR,5205,1,2026-09-02,2026-09-02
orestar-20250101-20260928-787cf45dc908,19050,Christine Drazan,record:10a9c85341ae1cb446b3e158,Barry Tevis,Individual,individual,Sweet Home,OR,5000,2,2026-08-04,2026-09-02
orestar-20250101-20260928-787cf45dc908,19050,Christine Drazan,record:94fe17befc58406919097592,Bob Stringham,Individual,individual,Bend,OR,5000,2,2026-09-03,2026-09-07
orestar-20250101-20260928-787cf45dc908,19050,Christine Drazan,record:eaccad903dfc704a87385a3c,Bret Daline,Individual,individual,Salem,OR,5000,1,2026-09-22,2026-09-22
orestar-20250101-20260928-787cf45dc908,19050,Christine Drazan,record:39733816f95ded3c74612c9c,Brian D Stone,Individual,individual,Portland,OR,5000,1,2026-09-24,2026-09-24
orestar-20250101-20260928-787cf45dc908,19050,Christine Drazan,record:5bfab70eb136fc418ebcd99d,Bruce Lee,Individual,individual,Cottage Grove,OR,5000,2,2026-08-10,2026-08-19
orestar-20250101-20260928-787cf45dc908,19050,Christine Drazan,record:895ee60e4f69f452bf666a63,Burt Danielle,Individual,individual,Brightwood,OR,5000,2,2026-08-04,2026-09-02
orestar-20250101-20260928-787cf45dc908,19050,Christine Drazan,record:8f823cd79b768bca2b45bf4c,Carl Exner,Individual,individual,Sandy,OR,5000,1,2025-12-31,2025-12-31
orestar-20250101-20260928-787cf45dc908,19050,Christine Drazan,record:6f2a5aa63db847f4cdcedd73,Charles McCoy,Individual,individual,Bend,OR,5000,1,2025-12-02,2025-12-02
orestar-20250101-20260928-787cf45dc908,19050,Christine Drazan,record:95ce1916999e4e57749de0ba,Cheryl Bauman,Individual,individual,Springfield,OR,5000,1,2025-12-30,2025-12-30
orestar-20250101-20260928-787cf45dc908,19050,Christine Drazan,record:104ac1f49952fc08fc6571c3,Clifford Baker,Individual,individual,Terrebonne,OR,5000,1,2026-08-13,2026-08-13
orestar-20250101-20260928-787cf45dc908,19050,Christine Drazan,record:4a3d89d92a30b0db91f8da20,Daniel Shaw,Individual,individual,Forest Grove,OR,5000,1,2026-09-02,2026-09-02
orestar-20250101-20260928-787cf45dc908,19050,Christine Drazan,record:b68ecbd4894ded5258775a54,David Anderson,Individual,individual,Springfield,OR,5000,1,2025-12-30,2025-12-30
orestar-20250101-20260928-787cf45dc908,19050,Christine Drazan,record:e988af2875a2424be63a3cb4,David Evans,Individual,individual,Bend,OR,5000,1,2025-12-27,2025-12-27
orestar-20250101-20260928-787cf45dc908,19050,Christine Drazan,record:448f8e9ff449ead69b3e36e5,David Yax,Individual,individual,Keizer,OR,5000,2,2026-06-09,2026-08-18
orestar-20250101-20260928-787cf45dc908,19050,Christine Drazan,record:7e28b832c30ff70545654b10,Debra Rogers,Individual,individual,Forest Grove,OR,5000,1,2026-05-04,2026-05-04
orestar-20250101-20260928-787cf45dc908,19050,Christine Drazan,record:28c32533037ba9608f5d55ed,Diana Sponable,Individual,individual,Salem,OR,5000,1,2026-09-01,2026-09-01
orestar-20250101-20260928-787cf45dc908,19050,Christine Drazan,record:bc2c90c6993482a343b91032,Earl Meeuwsen,Individual,individual,Forest Grove,OR,5000,2,2026-09-16,2026-09-16
orestar-20250101-20260928-787cf45dc908,19050,Christine Drazan,record:654853efdd2ffd928453ddec,Elizabeth GolstonMoeller,Individual,individual,Gladstone,OR,5000,2,2026-08-11,2026-09-09
orestar-20250101-20260928-787cf45dc908,19050,Christine Drazan,record:82cf9fd1103727228c69de1b,Fox Fire Family Trust,Other,other,Bend,OR,5000,1,2026-09-11,2026-09-11
orestar-20250101-20260928-787cf45dc908,19050,Christine Drazan,record:e856698e60ca76305e9700a8,Gail LaMontagne,Individual,individual,Portland,OR,5000,1,2026-06-02,2026-06-02
orestar-20250101-20260928-787cf45dc908,19050,Christine Drazan,record:c8455bf0b03f6d00c37952b4,Garla Isaacson,Individual,individual,Portland,OR,5000,1,2026-07-21,2026-07-21
orestar-20250101-20260928-787cf45dc908,19050,Christine Drazan,record:878cf1ba52d4871ae05aba0b,"George W Wilber, Jr.",Individual,individual,Burns,OR,5000,1,2026-09-08,2026-09-08
orestar-20250101-20260928-787cf45dc908,19050,Christine Drazan,record:d87c720a724df81b776bc66c,"George Young, III",Individual,individual,Salem,OR,5000,1,2026-07-14,2026-07-14
orestar-20250101-20260928-787cf45dc908,19050,Christine Drazan,record:651cf0203b454fd79c0e87e2,Gloria Schrock,Individual,individual,Wilsonville,OR,5000,1,2025-12-28,2025-12-28
orestar-20250101-20260928-787cf45dc908,19050,Christine Drazan,record:fc8ebc81993f4a14f1326ee6,Gordon himes,Individual,individual,La Pine,OR,5000,1,2026-09-02,2026-09-02
orestar-20250101-20260928-787cf45dc908,19050,Christine Drazan,record:db76be40322fd9001c25832f,Grace Reichen,Individual,individual,Portland,OR,5000,1,2026-04-24,2026-04-24
orestar-20250101-20260928-787cf45dc908,19050,Christine Drazan,record:f60dbc08c9f61759f5172b64,Grant McAllister,Individual,individual,Wood Village,OR,5000,1,2026-04-02,2026-04-02
orestar-20250101-20260928-787cf45dc908,19050,Christine Drazan,record:4c9e5f62f0fe6e1773b5e87d,Hal Merrill,Individual,individual,Dallas,OR,5000,1,2026-07-28,2026-07-28
orestar-20250101-20260928-787cf45dc908,19050,Christine Drazan,record:c50f02f1cbf891d4b084c05e,James (Jim) Graham,Individual,individual,Sherwood,OR,5000,1,2026-09-16,2026-09-16
orestar-20250101-20260928-787cf45dc908,19050,Christine Drazan,record:18520d82506e50ce541d9eea,James Heltzel,Individual,individual,Ashland,OR,5000,1,2026-08-20,2026-08-20
orestar-20250101-20260928-787cf45dc908,19050,Christine Drazan,record:4145d5b0f8a1a494dd70d436,James Killinger,Individual,individual,Gresham,OR,5000,5,2026-07-07,2026-09-09
orestar-20250101-20260928-787cf45dc908,19050,Christine Drazan,record:ccf278a61d7c36fe135e3944,James McDonald,Individual,individual,Imbler,OR,5000,1,2026-09-09,2026-09-09
orestar-20250101-20260928-787cf45dc908,19050,Christine Drazan,record:86b2720b3567067177b29aeb,James Stedman,Individual,individual,Eugene,OR,5000,1,2026-09-22,2026-09-22
orestar-20250101-20260928-787cf45dc908,19050,Christine Drazan,record:443e2b1a39429fb8532bb122,James Teel,Individual,individual,Bend,OR,5000,1,2025-12-24,2025-12-24
orestar-20250101-20260928-787cf45dc908,19050,Christine Drazan,record:9c29b94ee05570b256a90cc4,Jason Lifshutz,Individual,individual,Oregon City,OR,5000,1,2026-08-30,2026-08-30
orestar-20250101-20260928-787cf45dc908,19050,Christine Drazan,record:c587203d8d866644837cc933,Jeff Morrow,Individual,individual,Lake Oswego,OR,5000,1,2026-09-03,2026-09-03
orestar-20250101-20260928-787cf45dc908,19050,Christine Drazan,record:719a7b135d6f2863dc6f5024,Jeff Van Pevenage,Individual,individual,Portland,OR,5000,1,2026-09-01,2026-09-01
orestar-20250101-20260928-787cf45dc908,19050,Christine Drazan,record:7f7c6068089ef5ccdd2de263,Jeffrey Krueger,Individual,individual,Grants Pass,OR,5000,1,2025-11-28,2025-11-28
orestar-20250101-20260928-787cf45dc908,19050,Christine Drazan,record:3c18de2f616bc5355581053b,Jerry Klein,Individual,individual,Rogue River,OR,5000,2,2026-08-02,2026-09-01
orestar-20250101-20260928-787cf45dc908,19050,Christine Drazan,record:d0432eb847c60ff0a9aea50e,John Grant,Individual,individual,Beaverton,OR,5000,1,2026-08-14,2026-08-14
orestar-20250101-20260928-787cf45dc908,19050,Christine Drazan,record:c42014e76e0f9a73768b3fe5,John Lynch,Individual,individual,Salem,OR,5000,2,2026-09-02,2026-09-02
orestar-20250101-20260928-787cf45dc908,19050,Christine Drazan,record:64a40f766c4cedd3d3b6a589,John Spetter,Individual,individual,Grants Pass,OR,5000,1,2026-08-02,2026-08-02
orestar-20250101-20260928-787cf45dc908,19050,Christine Drazan,record:1cb78727a27656f217838c5d,Julia Mikulic,Individual,individual,Aurora,OR,5000,2,2026-09-15,2026-09-16
orestar-20250101-20260928-787cf45dc908,19050,Christine Drazan,record:2cb6ea7ccba829d568aafbd1,Kay VanNatta,Individual,individual,Rainier,OR,5000,1,2026-04-24,2026-04-24
orestar-20250101-20260928-787cf45dc908,19050,Christine Drazan,record:f8f28b222b94ee71454bcf47,Larry L Lake,Individual,individual,Hillsboro,OR,5000,1,2026-08-17,2026-08-17
orestar-20250101-20260928-787cf45dc908,19050,Christine Drazan,record:4c3f706f1ef84c9560305636,Larry Paul,Individual,individual,Bandon,OR,5000,2,2026-05-31,2026-06-30
orestar-20250101-20260928-787cf45dc908,19050,Christine Drazan,record:89562c58e4bc0738d320b2b7,Laura L Longan,Individual,individual,Medford,OR,5000,1,2026-08-17,2026-08-17
orestar-20250101-20260928-787cf45dc908,19050,Christine Drazan,record:651f1c5a731d4c25490b0309,Libby McLain,Individual,individual,Beaverton,OR,5000,1,2026-09-21,2026-09-21
orestar-20250101-20260928-787cf45dc908,19050,Christine Drazan,record:0b2883c90dbee4733792f75f,Linda Morrison,Individual,individual,Brownsville,OR,5000,1,2026-08-24,2026-08-24
orestar-20250101-20260928-787cf45dc908,19050,Christine Drazan,record:10c5c9658b64fe7da9864f47,Lisa Stewart,Individual,individual,Salem,OR,5000,1,2026-08-04,2026-08-04
orestar-20250101-20260928-787cf45dc908,19050,Christine Drazan,record:f700a81dcc2fde51fee7c96b,Loren Ross,Individual,individual,Corvallis,OR,5000,1,2026-09-08,2026-09-08
orestar-20250101-20260928-787cf45dc908,19050,Christine Drazan,record:a7fa0cb28911bf20f01980b6,Lucas Young,Individual,individual,Clatskanie,OR,5000,1,2026-09-01,2026-09-01
orestar-20250101-20260928-787cf45dc908,19050,Christine Drazan,record:b34c0ef0e7361e9e9a06c8c0,Mark Gomolski,Individual,individual,Hermiston,OR,5000,1,2026-04-20,2026-04-20
orestar-20250101-20260928-787cf45dc908,19050,Christine Drazan,record:ad71621c5fd7304cb725792f,Pamela Cuevas,Individual,individual,Hillsboro,OR,5000,5,2026-08-04,2026-09-16
orestar-20250101-20260928-787cf45dc908,19050,Christine Drazan,record:4ea9382fc19a11e0187cb1b8,Patricia Donaca,Individual,individual,Lake Oswego,OR,5000,1,2026-09-18,2026-09-18
orestar-20250101-20260928-787cf45dc908,19050,Christine Drazan,record:ccd31d03a1345fa7e2d7935d,Pete Aldrich,Individual,individual,Mulino,OR,5000,1,2025-12-30,2025-12-30
orestar-20250101-20260928-787cf45dc908,19050,Christine Drazan,record:1fdc3707f035082cd3134775,Ray Schnickels,Individual,individual,Canby,OR,5000,2,2026-07-14,2026-09-15
orestar-20250101-20260928-787cf45dc908,19050,Christine Drazan,record:612c834f68fdc4c319454f8a,Renate M Horton,Individual,individual,Creswell,OR,5000,1,2026-08-14,2026-08-14
orestar-20250101-20260928-787cf45dc908,19050,Christine Drazan,record:b6d72cd6bf9bb7f055569109,Robert Oblack,Individual,individual,Salem,OR,5000,1,2026-09-15,2026-09-15
orestar-20250101-20260928-787cf45dc908,19050,Christine Drazan,record:c93cf3d4995c805343d26641,Robin Clement,Individual,individual,Eugene,OR,5000,1,2026-09-01,2026-09-01
orestar-20250101-20260928-787cf45dc908,19050,Christine Drazan,record:ec967f4b04efbcde6cb762bb,Scott Falconer,Individual,individual,Clatskanie,OR,5000,1,2025-10-20,2025-10-20
orestar-20250101-20260928-787cf45dc908,19050,Christine Drazan,record:e19a03251ea505fb58e7cb0c,Scott Farrar,Individual,individual,Klamath Falls,OR,5000,2,2026-07-22,2026-08-24
orestar-20250101-20260928-787cf45dc908,19050,Christine Drazan,record:d8e9878d844b6ae380d6036b,Scott Steiner,Individual,individual,Portland,OR,5000,1,2026-03-17,2026-03-17
orestar-20250101-20260928-787cf45dc908,19050,Christine Drazan,record:2a72f49868f05676d38d224a,Scott Wetzler,Individual,individual,Portland,OR,5000,1,2026-09-10,2026-09-10
orestar-20250101-20260928-787cf45dc908,19050,Christine Drazan,record:e30b8b892e01f07b5507f63b,Scott Wilson,Individual,individual,Canby,OR,5000,2,2026-08-25,2026-09-23
orestar-20250101-20260928-787cf45dc908,19050,Christine Drazan,record:5fb09ab0e7a70003a5eadfe9,Sherry Kirkpatrick,Individual,individual,Portland,OR,5000,1,2026-09-24,2026-09-24
orestar-20250101-20260928-787cf45dc908,19050,Christine Drazan,record:69f08aa6290a5adf4e6883b6,Sieglinde Daack,Individual,individual,Portland,OR,5000,1,2026-09-08,2026-09-08
orestar-20250101-20260928-787cf45dc908,19050,Christine Drazan,record:117b0c64154999f9ac7ac172,Steve Nelson,Individual,individual,Canby,OR,5000,2,2026-05-31,2026-09-21
orestar-20250101-20260928-787cf45dc908,19050,Christine Drazan,record:2f861dbf04d87fd6ebf26231,Susan Grigsby,Individual,individual,Springfield,OR,5000,1,2026-09-13,2026-09-13
orestar-20250101-20260928-787cf45dc908,19050,Christine Drazan,record:12bb022d321ed67f38cc0f0d,Susan Tedisch,Individual,individual,Albany,OR,5000,2,2026-05-04,2026-06-02
orestar-20250101-20260928-787cf45dc908,19050,Christine Drazan,record:e30a36b8d8a61c4482a43019,Ted Good,Individual,individual,Aurora,OR,5000,1,2026-07-19,2026-07-19
orestar-20250101-20260928-787cf45dc908,19050,Christine Drazan,record:6dda1cf5b8cc43b3fa6aaaa5,Tim Troxell,Individual,individual,Medford,OR,5000,1,2026-04-02,2026-04-02
orestar-20250101-20260928-787cf45dc908,19050,Christine Drazan,record:f4cc7847a61a0f1192dd2bfd,Tracy Fisher,Individual,individual,Portland,OR,5000,2,2026-08-18,2026-09-20
orestar-20250101-20260928-787cf45dc908,19050,Christine Drazan,record:3b793d2b5e4eb86a120c77bf,Trudy L Martisak,Individual,individual,Klamath Falls,OR,5000,1,2026-04-24,2026-04-24
orestar-20250101-20260928-787cf45dc908,19050,Christine Drazan,record:25cb6fd8a8f4f9b76e4ecd13,Valerie Meeuwsen,Individual,individual,Manning,OR,5000,2,2026-09-23,2026-09-23
orestar-20250101-20260928-787cf45dc908,19050,Christine Drazan,record:4c759b60712ac8c976fcc8aa,Virginia Grieve,Individual,individual,Estacada,OR,5000,1,2026-09-02,2026-09-02
orestar-20250101-20260928-787cf45dc908,19050,Christine Drazan,record:af9e86b6a4d646d1be4f4193,Voss Bigonovich,Individual,individual,Portland,OR,5000,1,2026-08-02,2026-08-02
orestar-20250101-20260928-787cf45dc908,19050,Christine Drazan,record:5bacb6ec115a5afd6c0bc64d,Wendy Stanton,Individual,individual,Eugene,OR,5000,1,2026-05-05,2026-05-05
orestar-20250101-20260928-787cf45dc908,19050,Christine Drazan,record:3df2191beb878c8882e3951e,William Bloomstrom,Individual,individual,Dallas,OR,5000,1,2026-04-28,2026-04-28
orestar-20250101-20260928-787cf45dc908,19050,Christine Drazan,record:b8514ea3336373b398dd3ac5,William Hayes,Individual,individual,Lakeview,OR,5000,1,2026-03-31,2026-03-31
orestar-20250101-20260928-787cf45dc908,19050,Christine Drazan,record:881765128b966beb611b327b,Larry Smith,Individual,individual,Beaverton,OR,4038,1,2026-09-15,2026-09-15
orestar-20250101-20260928-787cf45dc908,19050,Christine Drazan,record:828020d85d7e2d9248cd3a7f,Todd Fennell,Individual,individual,Beaverton,OR,4008,2,2026-09-01,2026-09-01
orestar-20250101-20260928-787cf45dc908,19050,Christine Drazan,record:7d74c86b33fd1117e185a474,Daniel A Padilla,Individual,individual,Gresham,OR,4000,1,2026-09-11,2026-09-11
orestar-20250101-20260928-787cf45dc908,19050,Christine Drazan,record:c60071d4e1f6422a916f040e,John Brenneman,Individual,individual,Bend,OR,4000,2,2026-06-30,2026-07-28
orestar-20250101-20260928-787cf45dc908,19050,Christine Drazan,record:7e0177ca68b7ea568f9a6f12,Steven Mathers,Individual,individual,Bend,OR,4000,2,2026-08-16,2026-09-15
orestar-20250101-20260928-787cf45dc908,19050,Christine Drazan,record:6bd52d0e92727e89d06d0349,Stanley Hubert,Individual,individual,Lake Oswego,OR,3600,2,2026-08-25,2026-08-25
orestar-20250101-20260928-787cf45dc908,19050,Christine Drazan,record:b4374806d4457e7c63fcfa6a,Lisa Brown,Individual,individual,Salem,OR,3500,1,2026-08-19,2026-08-19
orestar-20250101-20260928-787cf45dc908,19050,Christine Drazan,record:07a8c81db13fe809d1bf8b7b,Patricia Friel,Individual,individual,Florence,OR,3500,1,2026-09-02,2026-09-02
orestar-20250101-20260928-787cf45dc908,19050,Christine Drazan,record:573ee84190b03162b67a23c1,Ron Bowles,Individual,individual,Sutherlin,OR,3500,1,2026-09-21,2026-09-21
orestar-20250101-20260928-787cf45dc908,19050,Christine Drazan,record:8bd7cea205417e17af653692,Nicole Kielsmeier,Individual,individual,Salem,OR,3400,1,2026-08-18,2026-08-18
orestar-20250101-20260928-787cf45dc908,19050,Christine Drazan,record:6f4fd6229c9f29501856985f,B.C. Sales Associates,Business Entity,business,West Linn,OR,3000,1,2026-09-08,2026-09-08
orestar-20250101-20260928-787cf45dc908,19050,Christine Drazan,record:c19eceef83ff087b38f5be70,Kathleen White,Individual,individual,Portland,OR,3000,3,2026-08-04,2026-09-02
orestar-20250101-20260928-787cf45dc908,19050,Christine Drazan,record:7c9af75378c2fc9fa405e9d7,Keith Minor,Individual,individual,Lake Oswego,OR,3000,1,2026-09-04,2026-09-04
orestar-20250101-20260928-787cf45dc908,19050,Christine Drazan,record:cd1539885db2e1e8c9044abc,Marne Wilson,Individual,individual,Mcminnville,OR,3000,2,2026-08-12,2026-09-14
orestar-20250101-20260928-787cf45dc908,19050,Christine Drazan,record:8c7aa4d4346cd8f685bbc130,Robin Eklund,Individual,individual,Klamath Falls,OR,3000,3,2026-06-04,2026-08-04
orestar-20250101-20260928-787cf45dc908,19050,Christine Drazan,record:0a843e81d7642064af64107d,Sandi Duenas,Individual,individual,North Plains,OR,2700,1,2026-09-01,2026-09-01
orestar-20250101-20260928-787cf45dc908,19050,Christine Drazan,record:b3057dba60d50af5f3d26c15,Mark Henderson,Individual,individual,Stayton,OR,2603,1,2026-09-09,2026-09-09
orestar-20250101-20260928-787cf45dc908,19050,Christine Drazan,record:b31b4d7c6c4853876d156512,Sandra Sumner,Individual,individual,Molalla,OR,2603,1,2026-09-24,2026-09-24
orestar-20250101-20260928-787cf45dc908,19050,Christine Drazan,record:1a7463f78f30fbae757edc4e,Barbara Fate Cuthbert,Individual,individual,La Grande,OR,2600,1,2026-09-24,2026-09-24
orestar-20250101-20260928-787cf45dc908,19050,Christine Drazan,record:88a0e6c647a4e8f11807f313,Dean Smith,Individual,individual,Eugene,OR,2600,1,2026-09-24,2026-09-24
orestar-20250101-20260928-787cf45dc908,19050,Christine Drazan,record:019dd9823b1951e9ad6ca7ca,Donna Talley,Individual,individual,Klamath Falls,OR,2600,1,2026-09-24,2026-09-24
orestar-20250101-20260928-787cf45dc908,19050,Christine Drazan,record:30c639075da130da96321cfd,Linda E Sandeen,Individual,individual,Grants Pass,OR,2600,1,2026-09-24,2026-09-24
orestar-20250101-20260928-787cf45dc908,19050,Christine Drazan,record:dd7243f0b896bbb5925980fa,Linda Harris,Individual,individual,Beaverton,OR,2600,1,2026-09-27,2026-09-27
orestar-20250101-20260928-787cf45dc908,19050,Christine Drazan,record:5f14b7ca903eeae7b01737e2,Paul Heatherman,Individual,individual,Bend,OR,2600,1,2026-09-27,2026-09-27
orestar-20250101-20260928-787cf45dc908,19050,Christine Drazan,record:c0d28952b5f2de27b5aa32e1,Steven Osborne,Individual,individual,Central Point,OR,2600,1,2026-09-24,2026-09-24
orestar-20250101-20260928-787cf45dc908,19050,Christine Drazan,record:53dfd012a111c48324fbfcb8,Amy Herd,Individual,individual,Brownsville,OR,2500,1,2026-09-16,2026-09-16
orestar-20250101-20260928-787cf45dc908,19050,Christine Drazan,record:ee077aa1e1398ada805b97b4,Barry Burnsides,Individual,individual,Grants Pass,OR,2500,1,2026-09-07,2026-09-07
orestar-20250101-20260928-787cf45dc908,19050,Christine Drazan,record:5fe3505dc4d5583238355ff1,Bill Howard,Individual,individual,Oregon City,OR,2500,1,2026-08-24,2026-08-24
orestar-20250101-20260928-787cf45dc908,19050,Christine Drazan,record:bdbfb64cf41b6c7d44f120b4,Brian Erland,Individual,individual,Salem,OR,2500,1,2026-09-27,2026-09-27
orestar-20250101-20260928-787cf45dc908,19050,Christine Drazan,record:3f253d60d9c81f87e98044e7,Bruce Milligan,Individual,individual,Albany,OR,2500,1,2025-10-31,2025-10-31
orestar-20250101-20260928-787cf45dc908,19050,Christine Drazan,record:6c48f6830b7cbba2121ea356,Cameron Bauer,Individual,individual,Wilsonville,OR,2500,1,2026-08-27,2026-08-27
orestar-20250101-20260928-787cf45dc908,19050,Christine Drazan,record:c6ae76b6424a32ced284e69b,Carla Moberg,Individual,individual,Salem,OR,2500,1,2026-03-31,2026-03-31
orestar-20250101-20260928-787cf45dc908,19050,Christine Drazan,record:1e7664a1f7ffdac491e08571,Carolyn Stutzman,Individual,individual,Albany,OR,2500,1,2026-09-22,2026-09-22
orestar-20250101-20260928-787cf45dc908,19050,Christine Drazan,record:81ee5122e8a6d0e58a9863f5,Daniel Applegate,Individual,individual,Lakeside,OR,2500,1,2026-08-24,2026-08-24
orestar-20250101-20260928-787cf45dc908,19050,Christine Drazan,record:5543bc9d07730c776024ea8e,Daniel Mummey,Individual,individual,Waldport,OR,2500,1,2026-08-24,2026-08-24
orestar-20250101-20260928-787cf45dc908,19050,Christine Drazan,record:8a7e713ef977c355bbb11fa3,Daniel Mummey,Individual,individual,Waldport,OR,2500,1,2026-09-22,2026-09-22
orestar-20250101-20260928-787cf45dc908,19050,Christine Drazan,record:181150af483c5348ff10e199,Diana Nadal,Individual,individual,Portland,OR,2500,1,2026-08-09,2026-08-09
orestar-20250101-20260928-787cf45dc908,19050,Christine Drazan,record:6a01e51e6179f8995f7ef013,Donald Claeys,Individual,individual,Portland,OR,2500,1,2025-06-30,2025-06-30
orestar-20250101-20260928-787cf45dc908,19050,Christine Drazan,record:0e86869e3d9b980745ddb120,Jeanette Kersten,Individual,individual,Wilsonville,OR,2500,1,2026-09-02,2026-09-02
orestar-20250101-20260928-787cf45dc908,19050,Christine Drazan,record:e932801db65ca0a3a658367f,Joanne J Daniels,Individual,individual,Aurora,OR,2500,1,2026-05-11,2026-05-11
orestar-20250101-20260928-787cf45dc908,19050,Christine Drazan,record:2c60be9ddb2d5e2db54ef867,Kevin Rife,Individual,individual,Eugene,OR,2500,1,2026-09-22,2026-09-22
orestar-20250101-20260928-787cf45dc908,19050,Christine Drazan,record:aa0aa395464aff2cdef089a9,Larry Cleveland,Individual,individual,White City,OR,2500,1,2026-07-01,2026-07-01
orestar-20250101-20260928-787cf45dc908,19050,Christine Drazan,record:a6ceee47dc1d7092d14d281f,Laurie Radmacher,Individual,individual,Portland,OR,2500,1,2026-05-04,2026-05-04
orestar-20250101-20260928-787cf45dc908,19050,Christine Drazan,record:6c15df1e10ca976e46cdd96f,Mary Olander,Individual,individual,Eugene,OR,2500,1,2026-09-02,2026-09-02
orestar-20250101-20260928-787cf45dc908,19050,Christine Drazan,record:32e4d4dde0c7bb61cfb0b0d3,Patricia Walter,Individual,individual,Boring,OR,2500,1,2026-05-21,2026-05-21
orestar-20250101-20260928-787cf45dc908,19050,Christine Drazan,record:f19490397f37e03a76be8668,Paul Avallone,Individual,individual,Eugene,OR,2500,1,2026-09-16,2026-09-16
orestar-20250101-20260928-787cf45dc908,19050,Christine Drazan,record:cf5f587099ccf6d465b41a85,Priscilla Phelps,Individual,individual,Milwaukie,OR,2500,1,2026-09-11,2026-09-11
orestar-20250101-20260928-787cf45dc908,19050,Christine Drazan,record:00c68bba2e9c4323c7d57b9e,Sarah Chick,Individual,individual,Terrebonne,OR,2500,1,2026-09-01,2026-09-01
orestar-20250101-20260928-787cf45dc908,19050,Christine Drazan,record:6259560dd9832b0a3cc99f2c,Stephen N Vaught,Individual,individual,Salem,OR,2500,1,2026-08-14,2026-08-14
orestar-20250101-20260928-787cf45dc908,19050,Christine Drazan,record:13a1ff54fb4f35df3b6f9eb5,Steve Rice,Individual,individual,West Linn,OR,2500,1,2026-08-23,2026-08-23
orestar-20250101-20260928-787cf45dc908,19050,Christine Drazan,record:429cd1b08261208a9e8efaae,Suzanne Driver,Individual,individual,Albany,OR,2500,1,2026-06-01,2026-06-01
orestar-20250101-20260928-787cf45dc908,19050,Christine Drazan,record:d034e9948bc3d7d345d4fbaf,Eloise Lyster,Individual,individual,Bend,OR,2000,1,2026-09-20,2026-09-20
orestar-20250101-20260928-787cf45dc908,19050,Christine Drazan,record:7027d68ed25b148625827052,Gary Barrett,Individual,individual,Canby,OR,2000,1,2026-08-10,2026-08-10
orestar-20250101-20260928-787cf45dc908,19050,Christine Drazan,record:f7f9cf13d325923da37c52d7,John Brenneman,Individual,individual,Bend,OR,2000,1,2026-08-30,2026-08-30
orestar-20250101-20260928-787cf45dc908,19050,Christine Drazan,record:1ac4e44e701f15276861d8bc,Linda Peaslee,Individual,individual,Salem,OR,2000,2,2026-08-12,2026-09-14
orestar-20250101-20260928-787cf45dc908,19050,Christine Drazan,record:d6b76c6c7fba154c7a7bfd3e,Louis Bowers,Individual,individual,Eugene,OR,2000,1,2026-08-05,2026-08-05
orestar-20250101-20260928-787cf45dc908,19050,Christine Drazan,record:87298433ab33dff87cb3fffc,Ron Garcia,Individual,individual,Portland,OR,2000,1,2026-09-07,2026-09-07
orestar-20250101-20260928-787cf45dc908,19050,Christine Drazan,record:47adf8b98bb1f26140bd3d6d,Vic Simonian,Individual,individual,Laguna Niguel,CA,1500,1,2026-08-18,2026-08-18
orestar-20250101-20260928-787cf45dc908,19050,Christine Drazan,record:9a0205ad816c38e93babc387,Brad Flowers,Individual,individual,Glendale,AZ,1041,1,2026-09-17,2026-09-17
orestar-20250101-20260928-787cf45dc908,19050,Christine Drazan,record:f5c0f17d331d59f31ab74bee,Candelario Constante,Individual,individual,Yamhill,OR,1000,1,2026-09-24,2026-09-24
orestar-20250101-20260928-787cf45dc908,19050,Christine Drazan,record:afccb3813b8a2f6780ab4786,Dana Schefstrom,Individual,individual,Medford,OR,1000,1,2026-09-14,2026-09-14
orestar-20250101-20260928-787cf45dc908,19050,Christine Drazan,record:6675f743afa16ee158cf96d4,David Davidson,Individual,individual,Myrtle Creek,OR,1000,1,2025-12-04,2025-12-04
orestar-20250101-20260928-787cf45dc908,19050,Christine Drazan,record:6b69a7ef4a3dfb4247b223ed,Donna Wallington,Individual,individual,Silverton,OR,1000,1,2026-09-21,2026-09-21
orestar-20250101-20260928-787cf45dc908,19050,Christine Drazan,record:263baa42695f81e445e4b1db,Ezekiel Hill,Individual,individual,Myrtle Creek,OR,1000,1,2026-09-10,2026-09-10
orestar-20250101-20260928-787cf45dc908,19050,Christine Drazan,record:ba78d19f04aed9f688926b5c,Jake D Huff,Individual,individual,Eugene,OR,1000,1,2026-09-22,2026-09-22
orestar-20250101-20260928-787cf45dc908,19050,Christine Drazan,record:0a5f24bad2dfb2730a9c7070,Steve Larrea,Individual,individual,Lebanon,OR,1000,1,2026-08-20,2026-08-20
orestar-20250101-20260928-787cf45dc908,19050,Christine Drazan,,Miscellaneous Cash Contributions $100 and under (combined entries),Unspecified,small,,,30784840,354,,
